step,episode_return
200,2.0
200,2.0
200,2.0
200,2.0
200,2.0
200,2.0
200,2.0
200,2.0
200,2.0
200,2.0
200,2.0
200,2.0
200,2.0
200,2.0
200,2.0
200,2.0
200,2.0
200,2.0
200,2.0
200,2.0
300,3.0
300,3.0
300,3.0
300,3.0
300,3.0
300,3.0
300,3.0
300,3.0
300,3.0
300,3.0
300,3.0
300,3.0
300,3.0
300,3.0
300,3.0
300,3.0
300,3.0
300,3.0
300,3.0
300,3.0
300,3.0
300,3.0
300,3.0
400,4.0
400,4.0
400,4.0
400,4.0
400,4.0
400,4.0
400,4.0
400,4.0
400,4.0
400,4.0
400,4.0
400,4.0
400,4.0
400,4.0
500,5.0
500,5.0
500,5.0
500,5.0
500,5.0
500,5.0
500,5.0
500,5.0
600,6.0
600,2.0
600,6.0
600,6.0
600,6.0
600,2.0
600,2.0
600,6.0
600,2.0
600,6.0
600,6.0
600,2.0
700,3.0
700,2.0
700,2.0
700,7.0
700,7.0
700,7.0
700,7.0
700,7.0
700,3.0
700,7.0
700,7.0
700,2.0
700,2.0
700,7.0
700,7.0
700,7.0
700,7.0
700,2.0
800,3.0
800,4.0
800,4.0
800,2.0
800,3.0
800,8.0
800,4.0
800,3.0
800,3.0
800,3.0
800,3.0
800,8.0
800,8.0
800,8.0
800,4.0
800,2.0
800,8.0
800,8.0
800,2.0
800,2.0
800,8.0
800,3.0
800,8.0
900,4.0
900,5.0
900,4.0
900,9.0
900,9.0
900,9.0
900,4.0
900,3.0
900,4.0
900,9.0
900,5.0
1000,6.0
1000,4.0
1000,3.0
1000,2.0
1000,4.0
1000,10.0
1000,3.0
1000,3.0
1100,3.0
1100,6.0
1100,2.0
1100,2.0
1100,6.0
1100,5.0
1100,2.0
1100,5.0
1100,4.0
1100,3.0
1100,2.0
1200,2.0
1200,2.0
1200,6.0
1200,12.0
1200,5.0
1200,2.0
1200,4.0
1200,2.0
1200,4.0
1200,8.0
1200,4.0
1200,7.0
1200,2.0
1200,12.0
1200,4.0
1300,3.0
1300,4.0
1300,4.0
1300,4.0
1300,2.0
1300,7.0
1300,7.0
1300,3.0
1300,2.0
1300,3.0
1300,13.0
1300,5.0
1300,3.0
1300,9.0
1300,13.0
1300,4.0
1300,9.0
1400,6.0
1400,3.0
1400,4.0
1400,9.0
1400,3.0
1400,6.0
1400,3.0
1400,5.0
1400,9.0
1400,6.0
1400,5.0
1400,5.0
1400,4.0
1500,6.0
1500,5.0
1500,4.0
1500,5.0
1500,6.0
1500,6.0
1500,2.0
1500,3.0
1500,3.0
1500,3.0
1500,4.0
1500,6.0
1500,3.0
1600,2.0
1600,6.0
1600,11.0
1600,3.0
1600,3.0
1600,3.0
1600,3.0
1600,5.0
1600,3.0
1700,2.0
1700,2.0
1700,13.0
1700,7.0
1700,3.0
1700,7.0
1700,3.0
1700,3.0
1700,3.0
1700,3.0
1700,11.0
1700,4.0
1700,8.0
1700,3.0
1700,10.0
1700,2.0
1700,3.0
1700,3.0
1800,2.0
1800,4.0
1800,3.0
1800,14.0
1800,5.0
1800,4.0
1800,3.0
1800,3.0
1800,6.0
1800,14.0
1800,10.0
1800,2.0
1800,7.0
1800,7.0
1800,2.0
1800,3.0
1800,11.0
1800,4.0
1800,9.0
1800,3.0
1900,2.0
1900,7.0
1900,2.0
1900,6.0
1900,12.0
1900,9.0
1900,5.0
1900,2.0
1900,7.0
1900,9.0
1900,2.0
1900,6.0
1900,3.0
1900,2.0
2000,3.0
2000,4.0
2000,15.0
2000,4.0
2000,4.0
2000,10.0
2000,4.0
2000,3.0
2000,9.0
2000,4.0
2000,10.0
2000,7.0
2000,3.0
2000,11.0
2100,4.0
2100,5.0
2100,3.0
2100,7.0
2100,2.0
2100,2.0
2100,6.0
2100,2.0
2100,3.0
2100,2.0
2100,3.0
2100,4.0
2100,2.0
2100,6.0
2100,5.0
2100,6.0
2200,3.0
2200,7.0
2200,2.0
2200,2.0
2200,3.0
2200,2.0
2200,4.0
2200,2.0
2200,3.0
2200,3.0
2200,6.0
2200,8.0
2300,2.0
2300,3.0
2300,4.0
2300,3.0
2300,2.0
2300,4.0
2300,2.0
2300,2.0
2300,6.0
2300,4.0
2300,3.0
2300,4.0
2300,6.0
2300,3.0
2400,5.0
2400,6.0
2400,5.0
2400,4.0
2400,2.0
2400,2.0
2400,5.0
2400,3.0
2400,12.0
2400,4.0
2400,7.0
2400,14.0
2400,4.0
2400,2.0
2500,3.0
2500,5.0
2500,4.0
2500,2.0
2500,2.0
2500,15.0
2500,4.0
2500,2.0
2500,5.0
2500,2.0
2500,4.0
2500,7.0
2500,3.0
2500,5.0
2500,3.0
2500,10.0
2500,3.0
2500,2.0
2500,5.0
2600,4.0
2600,2.0
2600,7.0
2600,6.0
2600,16.0
2600,6.0
2600,3.0
2600,20.0
2600,2.0
2600,2.0
2600,8.0
2600,5.0
2600,2.0
2600,3.0
2600,11.0
2600,3.0
2600,4.0
2600,3.0
2600,8.0
2600,4.0
2600,3.0
2600,8.0
2600,10.0
2700,4.0
2700,3.0
2700,12.0
2700,8.0
2700,2.0
2700,7.0
2700,5.0
2700,2.0
2700,6.0
2700,3.0
2700,5.0
2700,2.0
2800,5.0
2800,3.0
2800,7.0
2800,2.0
2800,5.0
2800,2.0
2800,2.0
2800,2.0
2800,3.0
2800,3.0
2800,3.0
2800,13.0
2800,3.0
2800,3.0
2900,4.0
2900,14.0
2900,3.0
2900,5.0
2900,4.0
2900,9.0
2900,2.0
2900,6.0
2900,3.0
2900,3.0
2900,3.0
2900,9.0
2900,5.0
2900,2.0
2900,3.0
2900,5.0
2900,6.0
3000,8.0
3000,3.0
3000,5.0
3000,8.0
3000,9.0
3000,6.0
3000,2.0
3000,6.0
3000,2.0
3000,3.0
3000,3.0
3000,3.0
3100,4.0
3100,3.0
3100,3.0
3100,10.0
3100,3.0
3100,2.0
3100,4.0
3100,6.0
3100,3.0
3100,3.0
3100,2.0
3100,2.0
3100,2.0
3200,4.0
3200,6.0
3200,5.0
3200,3.0
3200,2.0
3200,4.0
3200,3.0
3200,7.0
3200,4.0
3200,3.0
3200,4.0
3200,2.0
3200,4.0
3200,2.0
3200,4.0
3300,3.0
3300,2.0
3300,5.0
3300,3.0
3300,2.0
3300,5.0
3300,4.0
3300,5.0
3300,2.0
3400,8.0
3400,7.0
3400,6.0
3400,7.0
3400,6.0
3400,6.0
3400,3.0
3400,5.0
3400,2.0
3400,2.0
3400,7.0
3400,2.0
3400,2.0
3400,8.0
3400,5.0
3500,2.0
3500,2.0
3500,6.0
3500,9.0
3500,5.0
3500,4.0
3500,2.0
3500,4.0
3500,2.0
3500,5.0
3500,4.0
3500,7.0
3500,2.0
3500,4.0
3600,6.0
3600,8.0
3600,9.0
3600,9.0
3600,9.0
3600,2.0
3600,4.0
3600,13.0
3600,5.0
3600,3.0
3600,2.0
3600,3.0
3600,9.0
3600,9.0
3600,4.0
3600,9.0
3600,4.0
3600,6.0
3600,2.0
3600,4.0
3600,8.0
3700,6.0
3700,3.0
3700,4.0
3700,5.0
3700,5.0
3700,11.0
3700,2.0
3700,4.0
3700,16.0
3700,3.0
3700,2.0
3700,3.0
3700,6.0
3700,2.0
3700,6.0
3800,2.0
3800,2.0
3800,2.0
3800,3.0
3800,14.0
3800,2.0
3800,10.0
3800,4.0
3800,8.0
3800,11.0
3800,8.0
3800,8.0
3800,5.0
3800,2.0
3900,8.0
3900,4.0
3900,3.0
3900,5.0
3900,2.0
3900,2.0
3900,9.0
3900,8.0
3900,2.0
3900,8.0
3900,3.0
3900,4.0
3900,3.0
3900,5.0
3900,8.0
3900,5.0
3900,2.0
4000,3.0
4000,3.0
4000,2.0
4000,3.0
4000,8.0
4000,2.0
4000,2.0
4000,2.0
4000,4.0
4000,3.0
4000,4.0
4000,7.0
4000,3.0
4000,9.0
4000,2.0
4100,3.0
4100,4.0
4100,3.0
4100,4.0
4100,2.0
4100,2.0
4100,4.0
4100,5.0
4100,8.0
4200,9.0
4200,7.0
4200,2.0
4200,10.0
4200,2.0
4200,3.0
4200,3.0
4200,8.0
4200,4.0
4200,8.0
4300,9.0
4300,3.0
4300,3.0
4300,6.0
4300,2.0
4300,2.0
4300,2.0
4300,5.0
4300,3.0
4300,4.0
4300,7.0
4300,4.0
4300,2.0
4300,4.0
4300,4.0
4300,14.0
4300,5.0
4300,4.0
4400,8.0
4400,8.0
4400,6.0
4400,6.0
4400,2.0
4400,4.0
4400,3.0
4400,3.0
4400,4.0
4400,9.0
4400,7.0
4400,6.0
4400,9.0
4400,3.0
4400,4.0
4500,2.0
4500,6.0
4500,3.0
4500,2.0
4500,5.0
4500,3.0
4500,4.0
4500,2.0
4500,2.0
4500,15.0
4500,3.0
4600,4.0
4600,5.0
4600,2.0
4600,8.0
4600,5.0
4600,8.0
4600,3.0
4600,5.0
4600,2.0
4600,2.0
4600,5.0
4600,7.0
4600,8.0
4600,5.0
4600,7.0
4700,9.0
4700,2.0
4700,7.0
4700,8.0
4700,3.0
4700,7.0
4700,5.0
4700,2.0
4700,5.0
4700,4.0
4700,6.0
4700,5.0
4700,13.0
4700,8.0
4700,7.0
4700,2.0
4700,2.0
4700,2.0
4800,2.0
4800,8.0
4800,3.0
4800,5.0
4800,10.0
4800,4.0
4800,3.0
4800,14.0
4800,6.0
4800,3.0
4800,2.0
4900,4.0
4900,3.0
4900,7.0
4900,4.0
4900,3.0
4900,2.0
4900,3.0
4900,11.0
4900,7.0
4900,13.0
4900,7.0
5000,4.0
5000,2.0
5000,5.0
5000,3.0
5000,9.0
5000,5.0
5000,2.0
5000,12.0
5000,2.0
5000,3.0
5000,4.0
5000,3.0
5000,7.0
5000,2.0
5000,2.0
5000,4.0
5000,9.0
5000,3.0
5000,5.0
5100,7.0
5100,4.0
5100,2.0
5100,2.0
5100,3.0
5100,8.0
5100,4.0
5100,5.0
5100,3.0
5100,3.0
5100,2.0
5100,5.0
5100,3.0
5100,4.0
5100,4.0
5100,9.0
5200,14.0
5200,8.0
5200,4.0
5200,3.0
5200,3.0
5200,3.0
5200,7.0
5200,3.0
5200,6.0
5200,3.0
5300,4.0
5300,8.0
5300,4.0
5300,5.0
5400,12.0
5400,13.0
5400,5.0
5400,8.0
5500,9.0
5500,6.0
5500,7.0
5500,10.0
5500,6.0
5500,11.0
5600,8.0
5600,7.0
5600,16.0
5600,8.0
5700,11.0
5700,8.0
5700,9.0
5800,11.0
5800,9.0
5900,8.0
5900,9.0
5900,9.0
5900,10.0
5900,9.0
5900,9.0
5900,17.0
6000,10.0
6000,10.0
6000,10.0
6000,21.0
6000,8.0
6000,10.0
6000,9.0
6000,9.0
6100,10.0
6100,9.0
6100,11.0
6100,10.0
6100,10.0
6100,17.0
6100,15.0
6100,10.0
6100,10.0
6200,17.0
6200,11.0
6200,8.0
6200,10.0
6200,10.0
6200,10.0
6200,12.0
6200,11.0
6200,10.0
6200,12.0
6300,10.0
6300,19.0
6300,11.0
6300,10.0
6300,10.0
6300,10.0
6300,10.0
6300,10.0
6300,9.0
6300,11.0
6300,9.0
6300,10.0
6300,11.0
6400,11.0
6400,8.0
6400,11.0
6400,12.0
6400,9.0
6400,12.0
6400,11.0
6400,11.0
6400,10.0
6400,11.0
6400,10.0
6400,11.0
6400,10.0
6400,12.0
6400,10.0
6400,8.0
6500,11.0
6500,14.0
6500,13.0
6500,13.0
6500,12.0
6500,13.0
6500,10.0
6500,11.0
6500,9.0
6500,13.0
6500,12.0
6500,13.0
6500,16.0
6500,10.0
6600,9.0
6600,9.0
6600,13.0
6600,9.0
6600,10.0
6700,10.0
6800,16.0
6800,10.0
6800,9.0
6800,14.0
6900,11.0
6900,22.0
6900,11.0
6900,17.0
6900,12.0
6900,8.0
6900,9.0
6900,11.0
7000,8.0
7000,10.0
7000,13.0
7000,9.0
7100,10.0
7100,8.0
7100,16.0
7100,9.0
7100,10.0
7200,10.0
7200,9.0
7200,9.0
7200,8.0
7200,10.0
7300,14.0
7300,10.0
7300,11.0
7300,10.0
7300,9.0
7300,12.0
7300,9.0
7400,9.0
7400,11.0
7400,11.0
7400,9.0
7400,11.0
7400,10.0
7400,12.0
7400,11.0
7400,10.0
7500,13.0
7500,9.0
7500,8.0
7500,11.0
7500,10.0
7500,11.0
7500,9.0
7500,10.0
7500,14.0
7500,16.0
7500,10.0
7500,10.0
7600,10.0
7600,11.0
7600,12.0
7600,9.0
7600,9.0
7600,12.0
7700,12.0
7700,11.0
7700,10.0
7700,12.0
7700,9.0
7700,11.0
7700,11.0
7700,12.0
7700,10.0
7700,13.0
7700,11.0
7800,11.0
7800,8.0
7800,11.0
7800,12.0
7800,12.0
7800,11.0
7800,13.0
7800,11.0
7800,10.0
7800,12.0
7800,11.0
7800,12.0
7800,16.0
7800,13.0
7800,12.0
7900,11.0
7900,18.0
7900,13.0
7900,12.0
7900,11.0
7900,12.0
7900,13.0
7900,8.0
7900,12.0
7900,13.0
7900,12.0
8000,9.0
8000,10.0
8000,9.0
8000,12.0
8100,10.0
8100,10.0
8100,15.0
8100,11.0
8200,11.0
8200,9.0
8200,8.0
8200,12.0
8200,11.0
8300,11.0
8400,15.0
8400,9.0
8400,11.0
8400,10.0
8400,9.0
8400,12.0
8400,11.0
8400,12.0
8400,12.0
8500,11.0
8500,9.0
8500,40.0
8500,10.0
8500,9.0
8600,10.0
8600,10.0
8600,15.0
8600,8.0
8600,10.0
8600,10.0
8600,9.0
8600,10.0
8600,13.0
8600,10.0
8600,11.0
8600,13.0
8700,13.0
8700,10.0
8700,12.0
8700,12.0
8800,10.0
8800,14.0
8800,11.0
8800,9.0
8800,11.0
8800,11.0
8800,9.0
8800,12.0
8800,9.0
8800,13.0
8800,10.0
8800,9.0
8800,8.0
8900,12.0
8900,9.0
8900,12.0
8900,12.0
8900,12.0
8900,10.0
8900,9.0
8900,10.0
9000,12.0
9000,9.0
9000,10.0
9000,11.0
9000,12.0
9000,10.0
9000,10.0
9000,8.0
9000,10.0
9100,9.0
9100,11.0
9100,10.0
9100,14.0
9100,11.0
9100,14.0
9100,12.0
9100,11.0
9100,11.0
9200,11.0
9200,11.0
9200,11.0
9200,12.0
9200,11.0
9200,8.0
9200,12.0
9200,11.0
9200,11.0
9200,14.0
9200,15.0
9200,13.0
9200,11.0
9200,13.0
9200,9.0
9200,11.0
9300,10.0
9300,12.0
9300,9.0
9300,9.0
9300,28.0
9400,11.0
9400,15.0
9500,9.0
9500,11.0
9500,11.0
9500,12.0
9500,9.0
9500,9.0
9500,15.0
9600,9.0
9600,10.0
9600,8.0
9600,10.0
9600,10.0
9600,11.0
9700,11.0
9700,9.0
9700,9.0
9700,17.0
9700,11.0
9700,10.0
9700,11.0
9700,8.0
9800,10.0
9800,10.0
9800,11.0
9800,11.0
9900,11.0
9900,10.0
9900,10.0
9900,9.0
9900,11.0
9900,17.0
9900,11.0
9900,11.0
9900,9.0
9900,11.0
10000,10.0
10000,10.0
10000,10.0
10000,12.0
10000,13.0
10000,9.0
10000,9.0
10000,10.0
10000,10.0
10000,8.0
10100,10.0
10100,9.0
10100,11.0
10100,9.0
10100,11.0
10100,10.0
10100,9.0
10100,11.0
10100,11.0
10100,9.0
10100,8.0
10100,12.0
10100,11.0
10100,10.0
10100,8.0
10100,9.0
10100,9.0
10200,20.0
10200,9.0
10200,5.0
10200,10.0
10200,9.0
10200,8.0
10200,8.0
10200,8.0
10200,8.0
10200,7.0
10200,8.0
10200,8.0
10200,8.0
10200,8.0
10200,8.0
10200,8.0
10200,9.0
10200,9.0
10200,7.0
10200,9.0
10200,12.0
10200,5.0
10200,8.0
10200,9.0
10200,11.0
10200,8.0
10200,11.0
10200,8.0
10200,9.0
10200,6.0
10200,14.0
10200,7.0
10200,11.0
10200,8.0
10200,10.0
10300,8.0
10300,4.0
10300,2.0
10300,6.0
10300,6.0
10300,2.0
10300,5.0
10300,2.0
10300,4.0
10300,5.0
10300,4.0
10300,2.0
10300,9.0
10300,3.0
10300,2.0
10300,8.0
10300,5.0
10300,2.0
10300,4.0
10300,2.0
10300,3.0
10300,9.0
10300,6.0
10300,7.0
10300,2.0
10300,3.0
10300,2.0
10300,4.0
10300,6.0
10300,6.0
10300,4.0
10300,5.0
10300,5.0
10300,5.0
10300,3.0
10300,4.0
10400,2.0
10400,2.0
10400,5.0
10400,2.0
10400,2.0
10400,2.0
10400,2.0
10400,2.0
10400,2.0
10400,2.0
10400,3.0
10400,2.0
10500,2.0
10500,2.0
10500,2.0
10500,2.0
10500,2.0
10500,2.0
10500,2.0
10500,2.0
10500,2.0
10500,2.0
10500,2.0
10500,2.0
10500,2.0
10500,2.0
10500,2.0
10500,2.0
10500,2.0
10600,2.0
10600,2.0
10600,2.0
10600,2.0
10600,2.0
10600,2.0
10600,2.0
10600,2.0
10600,2.0
10600,2.0
10600,2.0
10600,2.0
10600,2.0
10600,2.0
10600,2.0
10600,2.0
10600,2.0
10600,2.0
10600,2.0
10600,2.0
10600,2.0
10600,2.0
10600,2.0
10600,2.0
10600,2.0
10600,2.0
10600,2.0
10600,2.0
10600,2.0
10600,2.0
10600,2.0
10600,2.0
10600,2.0
10600,2.0
10600,2.0
10700,2.0
10700,2.0
10700,2.0
10700,2.0
10700,2.0
10700,2.0
10700,2.0
10700,2.0
10700,2.0
10700,2.0
10700,2.0
10700,2.0
10700,2.0
10700,2.0
10700,2.0
10700,2.0
10700,2.0
10700,2.0
10700,2.0
10700,2.0
10700,2.0
10700,2.0
10700,2.0
10700,2.0
10700,2.0
10700,2.0
10700,2.0
10700,2.0
10700,2.0
10700,2.0
10700,2.0
10700,2.0
10700,2.0
10700,2.0
10700,2.0
10700,2.0
10800,2.0
10800,2.0
10800,2.0
10800,2.0
10800,2.0
10800,2.0
10800,2.0
10800,2.0
10800,2.0
10800,2.0
10800,2.0
10800,2.0
10900,2.0
10900,2.0
10900,2.0
10900,2.0
10900,2.0
10900,2.0
10900,2.0
10900,2.0
10900,2.0
10900,2.0
10900,2.0
10900,2.0
10900,2.0
10900,2.0
10900,2.0
10900,2.0
10900,2.0
11000,2.0
11000,2.0
11000,2.0
11000,2.0
11000,2.0
11000,2.0
11000,2.0
11000,2.0
11000,2.0
11000,2.0
11000,2.0
11000,2.0
11000,2.0
11000,2.0
11000,2.0
11000,2.0
11000,2.0
11000,2.0
11000,2.0
11000,2.0
11000,2.0
11000,2.0
11000,2.0
11000,2.0
11000,2.0
11000,2.0
11000,2.0
11000,2.0
11000,2.0
11000,2.0
11000,2.0
11000,2.0
11000,2.0
11000,2.0
11000,2.0
11100,2.0
11100,2.0
11100,2.0
11100,2.0
11100,2.0
11100,2.0
11100,2.0
11100,2.0
11100,2.0
11100,2.0
11100,2.0
11100,2.0
11100,2.0
11100,2.0
11100,2.0
11100,2.0
11100,2.0
11100,2.0
11100,2.0
11100,2.0
11100,2.0
11100,2.0
11100,2.0
11100,2.0
11100,2.0
11100,2.0
11100,2.0
11100,2.0
11100,2.0
11100,2.0
11100,2.0
11100,2.0
11100,2.0
11100,2.0
11100,2.0
11100,2.0
11200,2.0
11200,2.0
11200,2.0
11200,2.0
11200,2.0
11200,2.0
11200,2.0
11200,2.0
11200,2.0
11200,2.0
11200,2.0
11300,2.0
11300,2.0
11300,2.0
11300,2.0
11300,2.0
11300,2.0
11300,2.0
11300,2.0
11300,2.0
11300,2.0
11300,2.0
11300,2.0
11300,2.0
11300,2.0
11300,2.0
11300,2.0
11300,3.0
11300,2.0
11400,2.0
11400,2.0
11400,2.0
11400,2.0
11400,2.0
11400,2.0
11400,2.0
11400,2.0
11400,2.0
11400,2.0
11400,2.0
11400,2.0
11400,2.0
11400,2.0
11400,2.0
11400,2.0
11400,2.0
11400,2.0
11400,2.0
11400,2.0
11400,2.0
11400,2.0
11400,2.0
11400,2.0
11400,2.0
11400,2.0
11400,2.0
11400,2.0
11400,2.0
11400,2.0
11400,2.0
11400,2.0
11400,2.0
11500,2.0
11500,2.0
11500,2.0
11500,2.0
11500,2.0
11500,2.0
11500,2.0
11500,2.0
11500,2.0
11500,2.0
11500,2.0
11500,3.0
11500,2.0
11500,2.0
11500,2.0
11500,2.0
11500,2.0
11500,2.0
11500,2.0
11500,2.0
11500,2.0
11500,3.0
11500,2.0
11500,2.0
11500,2.0
11500,2.0
11500,2.0
11500,2.0
11500,2.0
11500,2.0
11500,2.0
11500,2.0
11500,2.0
11500,2.0
11500,2.0
11500,2.0
11500,2.0
11600,2.0
11600,2.0
11600,2.0
11600,2.0
11600,2.0
11600,2.0
11600,2.0
11600,2.0
11600,2.0
11600,3.0
11600,2.0
11600,2.0
11700,2.0
11700,2.0
11700,2.0
11700,2.0
11700,2.0
11700,2.0
11700,2.0
11700,2.0
11700,2.0
11700,2.0
11700,2.0
11700,2.0
11700,2.0
11700,2.0
11700,2.0
11700,2.0
11700,2.0
11700,2.0
11800,2.0
11800,2.0
11800,2.0
11800,2.0
11800,2.0
11800,2.0
11800,2.0
11800,2.0
11800,2.0
11800,2.0
11800,2.0
11800,2.0
11800,2.0
11800,2.0
11800,2.0
11800,2.0
11800,2.0
11800,2.0
11800,2.0
11800,2.0
11800,2.0
11800,2.0
11800,2.0
11800,2.0
11800,2.0
11800,2.0
11800,2.0
11800,2.0
11800,2.0
11800,2.0
11800,2.0
11800,2.0
11800,2.0
11900,2.0
11900,2.0
11900,2.0
11900,2.0
11900,2.0
11900,2.0
11900,2.0
11900,2.0
11900,2.0
11900,2.0
11900,2.0
11900,2.0
11900,2.0
11900,2.0
11900,2.0
11900,2.0
11900,2.0
11900,2.0
11900,2.0
11900,2.0
11900,2.0
11900,2.0
11900,2.0
11900,2.0
11900,2.0
11900,2.0
11900,2.0
11900,2.0
11900,2.0
11900,2.0
11900,2.0
11900,2.0
11900,2.0
11900,2.0
11900,2.0
12000,3.0
12000,2.0
12000,2.0
12000,2.0
12000,2.0
12000,2.0
12000,2.0
12000,2.0
12000,2.0
12000,3.0
12000,2.0
12000,2.0
12000,2.0
12000,2.0
12100,2.0
12100,2.0
12100,2.0
12100,2.0
12100,2.0
12100,2.0
12100,2.0
12100,2.0
12100,2.0
12100,2.0
12100,2.0
12100,2.0
12100,2.0
12100,2.0
12100,2.0
12100,2.0
12100,2.0
12200,2.0
12200,2.0
12200,2.0
12200,2.0
12200,2.0
12200,2.0
12200,2.0
12200,2.0
12200,2.0
12200,3.0
12200,2.0
12200,2.0
12200,2.0
12200,2.0
12200,2.0
12200,2.0
12200,2.0
12200,2.0
12200,2.0
12200,2.0
12200,2.0
12200,2.0
12200,2.0
12200,2.0
12200,2.0
12200,2.0
12200,2.0
12200,2.0
12200,2.0
12200,2.0
12200,2.0
12200,2.0
12200,2.0
12300,2.0
12300,2.0
12300,2.0
12300,2.0
12300,2.0
12300,2.0
12300,2.0
12300,2.0
12300,2.0
12300,2.0
12300,2.0
12300,2.0
12300,2.0
12300,2.0
12300,2.0
12300,2.0
12300,2.0
12300,2.0
12300,2.0
12300,2.0
12300,2.0
12300,2.0
12300,2.0
12300,2.0
12300,3.0
12300,2.0
12300,2.0
12300,2.0
12300,2.0
12300,2.0
12300,2.0
12300,2.0
12300,2.0
12300,2.0
12400,2.0
12400,3.0
12400,2.0
12400,2.0
12400,3.0
12400,2.0
12400,2.0
12400,2.0
12400,2.0
12400,2.0
12400,2.0
12400,2.0
12400,2.0
12400,2.0
12400,2.0
12400,2.0
12500,2.0
12500,2.0
12500,2.0
12500,2.0
12500,2.0
12500,2.0
12500,2.0
12500,2.0
12500,2.0
12500,2.0
12500,2.0
12500,2.0
12500,2.0
12500,2.0
12500,2.0
12500,2.0
12500,2.0
12600,2.0
12600,2.0
12600,2.0
12600,2.0
12600,2.0
12600,2.0
12600,2.0
12600,2.0
12600,2.0
12600,2.0
12600,2.0
12600,2.0
12600,2.0
12600,2.0
12600,2.0
12600,2.0
12600,2.0
12600,2.0
12600,2.0
12600,2.0
12600,2.0
12600,2.0
12600,2.0
12600,2.0
12600,2.0
12600,2.0
12600,2.0
12600,2.0
12600,2.0
12600,2.0
12600,2.0
12600,2.0
12600,2.0
12700,2.0
12700,2.0
12700,2.0
12700,2.0
12700,2.0
12700,2.0
12700,2.0
12700,2.0
12700,2.0
12700,2.0
12700,2.0
12700,2.0
12700,2.0
12700,2.0
12700,2.0
12700,2.0
12700,2.0
12700,2.0
12700,2.0
12700,2.0
12700,2.0
12700,2.0
12700,2.0
12700,2.0
12700,2.0
12700,2.0
12700,2.0
12700,2.0
12700,2.0
12700,2.0
12700,2.0
12700,2.0
12700,2.0
12700,2.0
12800,2.0
12800,2.0
12800,2.0
12800,2.0
12800,2.0
12800,2.0
12800,2.0
12800,2.0
12800,2.0
12800,2.0
12800,2.0
12800,2.0
12800,2.0
12800,2.0
12800,2.0
12900,2.0
12900,2.0
12900,3.0
12900,2.0
12900,2.0
12900,2.0
12900,2.0
12900,2.0
12900,2.0
12900,2.0
12900,2.0
12900,2.0
12900,2.0
12900,2.0
12900,2.0
12900,2.0
12900,2.0
12900,2.0
13000,2.0
13000,2.0
13000,2.0
13000,2.0
13000,2.0
13000,2.0
13000,2.0
13000,2.0
13000,2.0
13000,2.0
13000,2.0
13000,2.0
13000,2.0
13000,2.0
13000,2.0
13000,2.0
13000,2.0
13000,2.0
13000,2.0
13000,2.0
13000,2.0
13000,2.0
13000,2.0
13000,2.0
13000,2.0
13000,2.0
13000,2.0
13000,2.0
13000,2.0
13000,2.0
13000,2.0
13000,2.0
13000,2.0
13100,2.0
13100,2.0
13100,2.0
13100,2.0
13100,2.0
13100,2.0
13100,2.0
13100,2.0
13100,2.0
13100,2.0
13100,2.0
13100,2.0
13100,2.0
13100,2.0
13100,2.0
13100,2.0
13100,2.0
13100,2.0
13100,2.0
13100,2.0
13100,2.0
13100,2.0
13100,2.0
13100,2.0
13100,2.0
13100,2.0
13100,2.0
13100,2.0
13100,2.0
13100,2.0
13100,2.0
13100,2.0
13100,2.0
13100,2.0
13200,2.0
13200,2.0
13200,2.0
13200,2.0
13200,2.0
13200,2.0
13200,2.0
13200,2.0
13200,2.0
13200,2.0
13200,2.0
13200,2.0
13200,2.0
13200,2.0
13200,2.0
13300,2.0
13300,2.0
13300,2.0
13300,2.0
13300,2.0
13300,2.0
13300,2.0
13300,2.0
13300,2.0
13300,2.0
13300,2.0
13300,2.0
13300,2.0
13300,2.0
13300,2.0
13300,2.0
13300,2.0
13300,2.0
13400,2.0
13400,2.0
13400,2.0
13400,2.0
13400,2.0
13400,2.0
13400,2.0
13400,2.0
13400,2.0
13400,2.0
13400,2.0
13400,2.0
13400,2.0
13400,2.0
13400,2.0
13400,2.0
13400,2.0
13400,2.0
13400,2.0
13400,2.0
13400,2.0
13400,2.0
13400,2.0
13400,2.0
13400,2.0
13400,2.0
13400,2.0
13400,2.0
13400,2.0
13400,2.0
13400,2.0
13400,2.0
13500,2.0
13500,2.0
13500,2.0
13500,2.0
13500,2.0
13500,2.0
13500,2.0
13500,2.0
13500,2.0
13500,2.0
13500,2.0
13500,2.0
13500,3.0
13500,2.0
13500,2.0
13500,2.0
13500,2.0
13500,2.0
13500,2.0
13500,2.0
13500,2.0
13500,2.0
13500,2.0
13500,2.0
13500,2.0
13500,2.0
13500,2.0
13500,2.0
13500,2.0
13500,2.0
13500,2.0
13500,2.0
13500,2.0
13500,2.0
13600,2.0
13600,2.0
13600,2.0
13600,2.0
13600,2.0
13600,2.0
13600,3.0
13600,2.0
13600,2.0
13600,2.0
13600,2.0
13600,2.0
13600,2.0
13600,2.0
13600,2.0
13700,3.0
13700,2.0
13700,2.0
13700,2.0
13700,2.0
13700,2.0
13700,2.0
13700,2.0
13700,2.0
13700,2.0
13700,2.0
13700,2.0
13700,2.0
13700,2.0
13700,2.0
13700,2.0
13700,2.0
13700,2.0
13700,2.0
13800,2.0
13800,2.0
13800,2.0
13800,2.0
13800,2.0
13800,2.0
13800,2.0
13800,2.0
13800,2.0
13800,2.0
13800,2.0
13800,2.0
13800,2.0
13800,2.0
13800,2.0
13800,2.0
13800,2.0
13800,2.0
13800,2.0
13800,2.0
13800,2.0
13800,2.0
13800,2.0
13800,2.0
13800,2.0
13800,2.0
13800,2.0
13800,2.0
13800,2.0
13800,2.0
13800,2.0
13900,2.0
13900,2.0
13900,2.0
13900,2.0
13900,2.0
13900,2.0
13900,2.0
13900,2.0
13900,2.0
13900,2.0
13900,2.0
13900,2.0
13900,2.0
13900,2.0
13900,2.0
13900,2.0
13900,2.0
13900,2.0
13900,2.0
13900,2.0
13900,2.0
13900,2.0
13900,2.0
13900,2.0
13900,2.0
13900,3.0
13900,2.0
13900,2.0
13900,2.0
13900,2.0
13900,2.0
13900,2.0
13900,2.0
13900,2.0
13900,2.0
14000,2.0
14000,2.0
14000,2.0
14000,2.0
14000,2.0
14000,2.0
14000,2.0
14000,2.0
14000,2.0
14000,2.0
14000,2.0
14000,2.0
14000,2.0
14000,2.0
14000,2.0
14100,2.0
14100,2.0
14100,2.0
14100,2.0
14100,2.0
14100,2.0
14100,2.0
14100,2.0
14100,2.0
14100,2.0
14100,2.0
14100,2.0
14100,2.0
14100,2.0
14100,2.0
14100,2.0
14100,2.0
14100,2.0
14100,2.0
14200,2.0
14200,2.0
14200,2.0
14200,2.0
14200,2.0
14200,2.0
14200,2.0
14200,2.0
14200,2.0
14200,2.0
14200,2.0
14200,2.0
14200,2.0
14200,2.0
14200,2.0
14200,2.0
14200,2.0
14200,2.0
14200,2.0
14200,2.0
14200,2.0
14200,2.0
14200,2.0
14200,2.0
14200,2.0
14200,2.0
14200,2.0
14200,2.0
14200,2.0
14200,2.0
14200,2.0
14300,2.0
14300,2.0
14300,2.0
14300,2.0
14300,2.0
14300,2.0
14300,2.0
14300,2.0
14300,2.0
14300,2.0
14300,2.0
14300,2.0
14300,2.0
14300,2.0
14300,2.0
14300,2.0
14300,2.0
14300,2.0
14300,2.0
14300,2.0
14300,2.0
14300,2.0
14300,2.0
14300,2.0
14300,2.0
14300,2.0
14300,2.0
14300,2.0
14300,2.0
14300,2.0
14300,2.0
14300,2.0
14300,2.0
14300,2.0
14400,2.0
14400,2.0
14400,2.0
14400,2.0
14400,2.0
14400,2.0
14400,2.0
14400,2.0
14400,2.0
14400,3.0
14400,2.0
14400,2.0
14400,2.0
14400,2.0
14400,2.0
14400,2.0
14500,2.0
14500,2.0
14500,2.0
14500,2.0
14500,2.0
14500,2.0
14500,2.0
14500,2.0
14500,2.0
14500,2.0
14500,2.0
14500,2.0
14500,2.0
14500,2.0
14500,2.0
14500,2.0
14500,2.0
14500,2.0
14500,2.0
14600,2.0
14600,2.0
14600,2.0
14600,2.0
14600,2.0
14600,2.0
14600,2.0
14600,2.0
14600,2.0
14600,2.0
14600,2.0
14600,2.0
14600,2.0
14600,2.0
14600,2.0
14600,2.0
14600,2.0
14600,2.0
14600,2.0
14600,2.0
14600,2.0
14600,2.0
14600,2.0
14600,2.0
14600,2.0
14600,2.0
14600,2.0
14600,2.0
14600,2.0
14600,2.0
14600,2.0
14700,2.0
14700,2.0
14700,2.0
14700,2.0
14700,2.0
14700,2.0
14700,2.0
14700,2.0
14700,2.0
14700,2.0
14700,2.0
14700,2.0
14700,2.0
14700,2.0
14700,2.0
14700,2.0
14700,2.0
14700,2.0
14700,2.0
14700,2.0
14700,2.0
14700,2.0
14700,2.0
14700,2.0
14700,2.0
14700,2.0
14700,2.0
14700,2.0
14700,2.0
14700,2.0
14700,2.0
14700,2.0
14700,2.0
14700,2.0
14800,2.0
14800,2.0
14800,2.0
14800,2.0
14800,2.0
14800,2.0
14800,2.0
14800,2.0
14800,2.0
14800,2.0
14800,2.0
14800,2.0
14800,2.0
14800,2.0
14800,2.0
14800,2.0
14900,2.0
14900,2.0
14900,2.0
14900,2.0
14900,2.0
14900,2.0
14900,2.0
14900,2.0
14900,2.0
14900,2.0
14900,2.0
14900,2.0
14900,2.0
14900,2.0
14900,2.0
14900,2.0
14900,2.0
14900,2.0
15000,2.0
15000,2.0
15000,2.0
15000,2.0
15000,2.0
15000,2.0
15000,2.0
15000,2.0
15000,2.0
15000,2.0
15000,2.0
15000,2.0
15000,2.0
15000,2.0
15000,2.0
15000,2.0
15000,2.0
15000,2.0
15000,2.0
15000,2.0
15000,2.0
15000,2.0
15000,2.0
15000,2.0
15000,2.0
15000,3.0
15000,2.0
15000,2.0
15000,2.0
15000,2.0
15000,2.0
15000,2.0
15100,2.0
15100,2.0
15100,2.0
15100,2.0
15100,2.0
15100,2.0
15100,2.0
15100,2.0
15100,2.0
15100,2.0
15100,2.0
15100,2.0
15100,2.0
15100,2.0
15100,2.0
15100,2.0
15100,2.0
15100,2.0
15100,2.0
15100,2.0
15100,2.0
15100,2.0
15100,2.0
15100,2.0
15100,2.0
15100,2.0
15100,2.0
15100,2.0
15100,2.0
15100,2.0
15100,2.0
15100,2.0
15100,2.0
15200,2.0
15200,2.0
15200,2.0
15200,2.0
15200,2.0
15200,2.0
15200,2.0
15200,2.0
15200,2.0
15200,2.0
15200,2.0
15200,2.0
15200,2.0
15200,2.0
15200,2.0
15200,3.0
15200,2.0
15300,2.0
15300,2.0
15300,2.0
15300,2.0
15300,2.0
15300,2.0
15300,2.0
15300,2.0
15300,2.0
15300,2.0
15300,2.0
15300,2.0
15300,2.0
15300,2.0
15300,2.0
15300,2.0
15300,2.0
15300,2.0
15400,2.0
15400,2.0
15400,2.0
15400,2.0
15400,2.0
15400,2.0
15400,2.0
15400,2.0
15400,2.0
15400,2.0
15400,2.0
15400,2.0
15400,2.0
15400,2.0
15400,2.0
15400,2.0
15400,2.0
15400,2.0
15400,2.0
15400,2.0
15400,2.0
15400,2.0
15400,2.0
15400,2.0
15400,2.0
15400,2.0
15400,2.0
15400,2.0
15400,2.0
15400,2.0
15400,2.0
15400,2.0
15500,2.0
15500,2.0
15500,2.0
15500,2.0
15500,2.0
15500,2.0
15500,2.0
15500,2.0
15500,2.0
15500,2.0
15500,2.0
15500,2.0
15500,2.0
15500,2.0
15500,2.0
15500,2.0
15500,2.0
15500,2.0
15500,2.0
15500,2.0
15500,2.0
15500,2.0
15500,2.0
15500,2.0
15500,2.0
15500,2.0
15500,2.0
15500,2.0
15500,2.0
15500,2.0
15500,2.0
15500,2.0
15500,2.0
15600,2.0
15600,2.0
15600,2.0
15600,2.0
15600,2.0
15600,2.0
15600,2.0
15600,2.0
15600,2.0
15600,2.0
15600,2.0
15600,2.0
15600,2.0
15600,2.0
15600,2.0
15600,2.0
15600,2.0
15700,2.0
15700,2.0
15700,2.0
15700,2.0
15700,2.0
15700,2.0
15700,2.0
15700,2.0
15700,2.0
15700,2.0
15700,2.0
15700,2.0
15700,2.0
15700,2.0
15700,2.0
15700,2.0
15700,2.0
15700,2.0
15800,2.0
15800,2.0
15800,2.0
15800,2.0
15800,2.0
15800,2.0
15800,2.0
15800,2.0
15800,2.0
15800,2.0
15800,2.0
15800,2.0
15800,2.0
15800,2.0
15800,2.0
15800,2.0
15800,2.0
15800,2.0
15800,2.0
15800,2.0
15800,2.0
15800,2.0
15800,2.0
15800,2.0
15800,2.0
15800,2.0
15800,2.0
15800,2.0
15800,2.0
15800,2.0
15800,2.0
15800,2.0
15900,2.0
15900,2.0
15900,2.0
15900,2.0
15900,2.0
15900,2.0
15900,2.0
15900,2.0
15900,2.0
15900,2.0
15900,2.0
15900,2.0
15900,2.0
15900,2.0
15900,2.0
15900,2.0
15900,2.0
15900,2.0
15900,2.0
15900,2.0
15900,2.0
15900,2.0
15900,2.0
15900,2.0
15900,2.0
15900,2.0
15900,2.0
15900,2.0
15900,2.0
15900,2.0
15900,2.0
15900,2.0
15900,2.0
16000,2.0
16000,2.0
16000,2.0
16000,2.0
16000,2.0
16000,2.0
16000,2.0
16000,2.0
16000,2.0
16000,2.0
16000,2.0
16000,2.0
16000,2.0
16000,2.0
16000,2.0
16000,2.0
16000,2.0
16100,2.0
16100,2.0
16100,2.0
16100,2.0
16100,2.0
16100,2.0
16100,2.0
16100,2.0
16100,2.0
16100,2.0
16100,2.0
16100,2.0
16100,2.0
16100,2.0
16100,2.0
16100,2.0
16100,2.0
16100,2.0
16200,2.0
16200,2.0
16200,2.0
16200,2.0
16200,2.0
16200,2.0
16200,2.0
16200,2.0
16200,2.0
16200,2.0
16200,2.0
16200,2.0
16200,2.0
16200,2.0
16200,2.0
16200,2.0
16200,2.0
16200,2.0
16200,2.0
16200,2.0
16200,2.0
16200,2.0
16200,2.0
16200,2.0
16200,2.0
16200,2.0
16200,2.0
16200,2.0
16200,2.0
16200,2.0
16200,2.0
16200,2.0
16300,2.0
16300,2.0
16300,2.0
16300,2.0
16300,2.0
16300,2.0
16300,2.0
16300,2.0
16300,2.0
16300,2.0
16300,2.0
16300,2.0
16300,2.0
16300,2.0
16300,2.0
16300,2.0
16300,2.0
16300,2.0
16300,2.0
16300,2.0
16300,2.0
16300,2.0
16300,2.0
16300,2.0
16300,2.0
16300,2.0
16300,2.0
16300,2.0
16300,2.0
16300,2.0
16300,2.0
16300,2.0
16300,2.0
16400,2.0
16400,2.0
16400,2.0
16400,2.0
16400,2.0
16400,2.0
16400,2.0
16400,2.0
16400,2.0
16400,2.0
16400,2.0
16400,2.0
16400,2.0
16400,2.0
16400,2.0
16400,2.0
16400,2.0
16500,2.0
16500,2.0
16500,2.0
16500,2.0
16500,2.0
16500,2.0
16500,2.0
16500,2.0
16500,2.0
16500,2.0
16500,2.0
16500,2.0
16500,2.0
16500,2.0
16500,2.0
16500,2.0
16500,2.0
16500,2.0
16600,2.0
16600,2.0
16600,2.0
16600,2.0
16600,2.0
16600,2.0
16600,2.0
16600,2.0
16600,2.0
16600,2.0
16600,2.0
16600,2.0
16600,2.0
16600,2.0
16600,2.0
16600,2.0
16600,2.0
16600,2.0
16600,2.0
16600,2.0
16600,2.0
16600,2.0
16600,2.0
16600,2.0
16600,2.0
16600,2.0
16600,2.0
16600,2.0
16600,2.0
16600,2.0
16600,2.0
16600,2.0
16700,2.0
16700,2.0
16700,2.0
16700,2.0
16700,2.0
16700,2.0
16700,2.0
16700,2.0
16700,2.0
16700,2.0
16700,2.0
16700,2.0
16700,2.0
16700,2.0
16700,2.0
16700,2.0
16700,2.0
16700,2.0
16700,2.0
16700,2.0
16700,2.0
16700,2.0
16700,2.0
16700,2.0
16700,2.0
16700,2.0
16700,2.0
16700,2.0
16700,2.0
16700,2.0
16700,2.0
16700,2.0
16700,2.0
16800,2.0
16800,2.0
16800,2.0
16800,2.0
16800,2.0
16800,2.0
16800,2.0
16800,2.0
16800,2.0
16800,2.0
16800,2.0
16800,2.0
16800,2.0
16800,2.0
16800,2.0
16800,2.0
16800,2.0
16900,2.0
16900,2.0
16900,2.0
16900,2.0
16900,2.0
16900,2.0
16900,2.0
16900,2.0
16900,2.0
16900,2.0
16900,2.0
16900,2.0
16900,2.0
16900,2.0
16900,2.0
16900,2.0
16900,2.0
16900,2.0
17000,2.0
17000,2.0
17000,2.0
17000,2.0
17000,2.0
17000,2.0
17000,2.0
17000,2.0
17000,2.0
17000,2.0
17000,2.0
17000,2.0
17000,2.0
17000,2.0
17000,2.0
17000,2.0
17000,2.0
17000,2.0
17000,2.0
17000,2.0
17000,2.0
17000,2.0
17000,2.0
17000,2.0
17000,2.0
17000,2.0
17000,2.0
17000,2.0
17000,2.0
17000,2.0
17000,2.0
17000,2.0
17100,2.0
17100,2.0
17100,2.0
17100,2.0
17100,2.0
17100,2.0
17100,2.0
17100,2.0
17100,2.0
17100,2.0
17100,2.0
17100,2.0
17100,2.0
17100,2.0
17100,2.0
17100,2.0
17100,2.0
17100,2.0
17100,2.0
17100,2.0
17100,2.0
17100,2.0
17100,2.0
17100,2.0
17100,2.0
17100,2.0
17100,2.0
17100,2.0
17100,2.0
17100,2.0
17100,2.0
17100,2.0
17100,2.0
17200,2.0
17200,2.0
17200,2.0
17200,2.0
17200,2.0
17200,2.0
17200,2.0
17200,2.0
17200,2.0
17200,2.0
17200,2.0
17200,2.0
17200,2.0
17200,2.0
17200,2.0
17200,2.0
17200,2.0
17300,2.0
17300,2.0
17300,2.0
17300,2.0
17300,2.0
17300,2.0
17300,2.0
17300,2.0
17300,2.0
17300,2.0
17300,2.0
17300,2.0
17300,2.0
17300,2.0
17300,2.0
17300,2.0
17300,2.0
17300,2.0
17400,2.0
17400,2.0
17400,2.0
17400,2.0
17400,2.0
17400,2.0
17400,2.0
17400,2.0
17400,2.0
17400,2.0
17400,2.0
17400,2.0
17400,2.0
17400,2.0
17400,2.0
17400,2.0
17400,2.0
17400,2.0
17400,2.0
17400,2.0
17400,2.0
17400,2.0
17400,2.0
17400,2.0
17400,2.0
17400,2.0
17400,2.0
17400,2.0
17400,2.0
17400,2.0
17400,2.0
17400,2.0
17500,2.0
17500,2.0
17500,2.0
17500,2.0
17500,2.0
17500,2.0
17500,2.0
17500,2.0
17500,2.0
17500,2.0
17500,2.0
17500,2.0
17500,2.0
17500,2.0
17500,2.0
17500,2.0
17500,2.0
17500,2.0
17500,2.0
17500,2.0
17500,2.0
17500,2.0
17500,2.0
17500,2.0
17500,2.0
17500,2.0
17500,2.0
17500,2.0
17500,2.0
17500,2.0
17500,2.0
17500,2.0
17500,2.0
17600,2.0
17600,2.0
17600,2.0
17600,2.0
17600,2.0
17600,2.0
17600,2.0
17600,2.0
17600,2.0
17600,2.0
17600,2.0
17600,2.0
17600,2.0
17600,2.0
17600,2.0
17600,2.0
17600,2.0
17700,2.0
17700,2.0
17700,2.0
17700,2.0
17700,2.0
17700,2.0
17700,2.0
17700,2.0
17700,2.0
17700,2.0
17700,2.0
17700,2.0
17700,2.0
17700,2.0
17700,2.0
17700,2.0
17700,2.0
17700,2.0
17800,2.0
17800,2.0
17800,2.0
17800,2.0
17800,2.0
17800,2.0
17800,2.0
17800,2.0
17800,2.0
17800,2.0
17800,2.0
17800,2.0
17800,2.0
17800,2.0
17800,2.0
17800,2.0
17800,2.0
17800,2.0
17800,2.0
17800,2.0
17800,2.0
17800,2.0
17800,2.0
17800,2.0
17800,2.0
17800,2.0
17800,2.0
17800,2.0
17800,2.0
17800,2.0
17800,2.0
17800,2.0
17900,2.0
17900,2.0
17900,2.0
17900,2.0
17900,2.0
17900,2.0
17900,2.0
17900,2.0
17900,2.0
17900,2.0
17900,2.0
17900,2.0
17900,2.0
17900,2.0
17900,2.0
17900,2.0
17900,2.0
17900,2.0
17900,2.0
17900,2.0
17900,2.0
17900,2.0
17900,2.0
17900,2.0
17900,2.0
17900,2.0
17900,2.0
17900,2.0
17900,2.0
17900,2.0
17900,2.0
17900,2.0
17900,2.0
18000,2.0
18000,2.0
18000,2.0
18000,2.0
18000,2.0
18000,2.0
18000,2.0
18000,2.0
18000,2.0
18000,2.0
18000,2.0
18000,2.0
18000,2.0
18000,2.0
18000,2.0
18000,2.0
18000,2.0
18100,2.0
18100,2.0
18100,2.0
18100,2.0
18100,2.0
18100,2.0
18100,2.0
18100,2.0
18100,2.0
18100,2.0
18100,2.0
18100,2.0
18100,2.0
18100,2.0
18100,2.0
18100,2.0
18100,2.0
18100,2.0
18200,2.0
18200,2.0
18200,2.0
18200,2.0
18200,2.0
18200,2.0
18200,2.0
18200,2.0
18200,2.0
18200,2.0
18200,2.0
18200,2.0
18200,2.0
18200,2.0
18200,2.0
18200,2.0
18200,2.0
18200,2.0
18200,2.0
18200,2.0
18200,2.0
18200,2.0
18200,2.0
18200,2.0
18200,2.0
18200,2.0
18200,2.0
18200,2.0
18200,2.0
18200,2.0
18200,2.0
18200,2.0
18300,2.0
18300,2.0
18300,2.0
18300,2.0
18300,2.0
18300,2.0
18300,2.0
18300,2.0
18300,2.0
18300,2.0
18300,2.0
18300,2.0
18300,2.0
18300,2.0
18300,2.0
18300,2.0
18300,2.0
18300,2.0
18300,2.0
18300,2.0
18300,2.0
18300,2.0
18300,2.0
18300,2.0
18300,2.0
18300,2.0
18300,2.0
18300,2.0
18300,2.0
18300,2.0
18300,2.0
18300,2.0
18300,2.0
18400,2.0
18400,2.0
18400,2.0
18400,2.0
18400,2.0
18400,2.0
18400,2.0
18400,2.0
18400,2.0
18400,2.0
18400,2.0
18400,2.0
18400,2.0
18400,2.0
18400,2.0
18400,2.0
18400,2.0
18500,2.0
18500,2.0
18500,2.0
18500,2.0
18500,2.0
18500,2.0
18500,2.0
18500,2.0
18500,2.0
18500,2.0
18500,2.0
18500,2.0
18500,2.0
18500,2.0
18500,2.0
18500,2.0
18500,2.0
18500,2.0
18600,2.0
18600,2.0
18600,2.0
18600,2.0
18600,2.0
18600,2.0
18600,2.0
18600,2.0
18600,2.0
18600,2.0
18600,2.0
18600,2.0
18600,2.0
18600,2.0
18600,2.0
18600,2.0
18600,2.0
18600,2.0
18600,2.0
18600,2.0
18600,2.0
18600,2.0
18600,2.0
18600,2.0
18600,2.0
18600,2.0
18600,2.0
18600,2.0
18600,2.0
18600,2.0
18600,2.0
18600,2.0
18700,2.0
18700,2.0
18700,2.0
18700,2.0
18700,2.0
18700,2.0
18700,2.0
18700,2.0
18700,2.0
18700,2.0
18700,2.0
18700,2.0
18700,2.0
18700,2.0
18700,2.0
18700,2.0
18700,2.0
18700,2.0
18700,2.0
18700,2.0
18700,2.0
18700,2.0
18700,2.0
18700,2.0
18700,2.0
18700,2.0
18700,2.0
18700,2.0
18700,2.0
18700,2.0
18700,2.0
18700,2.0
18700,2.0
18800,2.0
18800,2.0
18800,2.0
18800,2.0
18800,2.0
18800,2.0
18800,2.0
18800,2.0
18800,2.0
18800,2.0
18800,2.0
18800,2.0
18800,2.0
18800,2.0
18800,2.0
18800,2.0
18800,2.0
18900,2.0
18900,2.0
18900,2.0
18900,2.0
18900,2.0
18900,2.0
18900,2.0
18900,2.0
18900,2.0
18900,2.0
18900,2.0
18900,2.0
18900,2.0
18900,2.0
18900,2.0
18900,2.0
18900,2.0
18900,2.0
19000,2.0
19000,2.0
19000,2.0
19000,2.0
19000,2.0
19000,2.0
19000,2.0
19000,2.0
19000,2.0
19000,2.0
19000,2.0
19000,2.0
19000,2.0
19000,2.0
19000,2.0
19000,2.0
19000,2.0
19000,2.0
19000,2.0
19000,2.0
19000,2.0
19000,2.0
19000,2.0
19000,2.0
19000,2.0
19000,2.0
19000,2.0
19000,2.0
19000,2.0
19000,2.0
19000,2.0
19000,2.0
19100,2.0
19100,2.0
19100,2.0
19100,2.0
19100,2.0
19100,2.0
19100,2.0
19100,2.0
19100,2.0
19100,2.0
19100,2.0
19100,2.0
19100,2.0
19100,2.0
19100,2.0
19100,2.0
19100,2.0
19100,2.0
19100,2.0
19100,2.0
19100,2.0
19100,2.0
19100,2.0
19100,2.0
19100,2.0
19100,2.0
19100,2.0
19100,2.0
19100,2.0
19100,2.0
19100,2.0
19100,2.0
19100,2.0
19200,2.0
19200,2.0
19200,2.0
19200,2.0
19200,2.0
19200,2.0
19200,2.0
19200,2.0
19200,2.0
19200,2.0
19200,2.0
19200,2.0
19200,2.0
19200,2.0
19200,2.0
19200,2.0
19200,2.0
19300,2.0
19300,2.0
19300,2.0
19300,2.0
19300,2.0
19300,2.0
19300,2.0
19300,2.0
19300,2.0
19300,2.0
19300,2.0
19300,2.0
19300,2.0
19300,2.0
19300,2.0
19300,2.0
19300,2.0
19300,2.0
19400,2.0
19400,2.0
19400,2.0
19400,2.0
19400,2.0
19400,2.0
19400,2.0
19400,2.0
19400,2.0
19400,2.0
19400,2.0
19400,2.0
19400,2.0
19400,2.0
19400,2.0
19400,2.0
19400,2.0
19400,2.0
19400,2.0
19400,2.0
19400,2.0
19400,2.0
19400,2.0
19400,2.0
19400,2.0
19400,2.0
19400,2.0
19400,2.0
19400,2.0
19400,2.0
19400,2.0
19400,2.0
19500,2.0
19500,2.0
19500,2.0
19500,2.0
19500,2.0
19500,2.0
19500,2.0
19500,2.0
19500,2.0
19500,2.0
19500,2.0
19500,2.0
19500,2.0
19500,2.0
19500,2.0
19500,2.0
19500,2.0
19500,2.0
19500,2.0
19500,2.0
19500,2.0
19500,2.0
19500,2.0
19500,2.0
19500,2.0
19500,2.0
19500,2.0
19500,2.0
19500,2.0
19500,2.0
19500,2.0
19500,2.0
19500,2.0
19600,2.0
19600,2.0
19600,2.0
19600,2.0
19600,2.0
19600,2.0
19600,2.0
19600,2.0
19600,2.0
19600,2.0
19600,2.0
19600,2.0
19600,2.0
19600,2.0
19600,2.0
19600,2.0
19600,2.0
19700,2.0
19700,2.0
19700,2.0
19700,2.0
19700,2.0
19700,2.0
19700,2.0
19700,2.0
19700,2.0
19700,2.0
19700,2.0
19700,2.0
19700,2.0
19700,2.0
19700,2.0
19700,2.0
19700,2.0
19700,2.0
19800,2.0
19800,2.0
19800,2.0
19800,2.0
19800,2.0
19800,2.0
19800,2.0
19800,2.0
19800,2.0
19800,2.0
19800,2.0
19800,2.0
19800,2.0
19800,2.0
19800,2.0
19800,2.0
19800,2.0
19800,2.0
19800,2.0
19800,2.0
19800,2.0
19800,2.0
19800,2.0
19800,2.0
19800,2.0
19800,2.0
19800,2.0
19800,2.0
19800,2.0
19800,2.0
19800,2.0
19800,2.0
19900,2.0
19900,2.0
19900,2.0
19900,2.0
19900,2.0
19900,2.0
19900,2.0
19900,2.0
19900,2.0
19900,2.0
19900,2.0
19900,2.0
19900,2.0
19900,2.0
19900,2.0
19900,2.0
19900,2.0
19900,2.0
19900,2.0
19900,2.0
19900,2.0
19900,2.0
19900,2.0
19900,2.0
19900,2.0
19900,2.0
19900,2.0
19900,2.0
19900,2.0
19900,2.0
19900,2.0
19900,2.0
19900,2.0
20000,2.0
20000,2.0
20000,2.0
20000,2.0
20000,2.0
20000,2.0
20000,2.0
20000,2.0
20000,2.0
20000,2.0
20000,2.0
20000,2.0
20000,2.0
20000,2.0
20000,2.0
20000,2.0
20000,2.0
20100,2.0
20100,2.0
20100,2.0
20100,2.0
20100,2.0
20100,2.0
20100,2.0
20100,2.0
20100,2.0
20100,2.0
20100,2.0
20100,2.0
20100,2.0
20100,2.0
20100,2.0
20100,2.0
20100,2.0
20100,2.0
20200,2.0
20200,2.0
20200,2.0
20200,2.0
20200,2.0
20200,2.0
20200,2.0
20200,2.0
20200,2.0
20200,2.0
20200,2.0
20200,2.0
20200,2.0
20200,2.0
20200,2.0
20200,2.0
20200,2.0
20200,2.0
20200,2.0
20200,2.0
20200,2.0
20200,2.0
20200,2.0
20200,2.0
20200,2.0
20200,2.0
20200,2.0
20200,2.0
20200,2.0
20200,2.0
20200,2.0
20200,2.0
20300,2.0
20300,2.0
20300,2.0
20300,2.0
20300,2.0
20300,2.0
20300,2.0
20300,2.0
20300,2.0
20300,2.0
20300,2.0
20300,2.0
20300,2.0
20300,2.0
20300,2.0
20300,2.0
20300,2.0
20300,2.0
20300,2.0
20300,2.0
20300,2.0
20300,2.0
20300,2.0
20300,2.0
20300,2.0
20300,2.0
20300,2.0
20300,2.0
20300,2.0
20300,2.0
20300,2.0
20300,2.0
20300,2.0
20400,2.0
20400,2.0
20400,2.0
20400,2.0
20400,2.0
20400,2.0
20400,2.0
20400,2.0
20400,2.0
20400,2.0
20400,2.0
20400,2.0
20400,2.0
20400,2.0
20400,2.0
20400,2.0
20400,2.0
20500,2.0
20500,2.0
20500,2.0
20500,2.0
20500,2.0
20500,2.0
20500,2.0
20500,2.0
20500,2.0
20500,2.0
20500,2.0
20500,2.0
20500,2.0
20500,2.0
20500,2.0
20500,2.0
20500,2.0
20500,2.0
20600,2.0
20600,2.0
20600,2.0
20600,2.0
20600,2.0
20600,2.0
20600,2.0
20600,2.0
20600,2.0
20600,2.0
20600,2.0
20600,2.0
20600,2.0
20600,2.0
20600,2.0
20600,2.0
20600,2.0
20600,2.0
20600,2.0
20600,2.0
20600,2.0
20600,2.0
20600,2.0
20600,2.0
20600,2.0
20600,2.0
20600,2.0
20600,2.0
20600,2.0
20600,2.0
20600,2.0
20600,2.0
20700,2.0
20700,2.0
20700,2.0
20700,2.0
20700,2.0
20700,2.0
20700,2.0
20700,2.0
20700,2.0
20700,2.0
20700,2.0
20700,2.0
20700,2.0
20700,2.0
20700,2.0
20700,2.0
20700,2.0
20700,2.0
20700,2.0
20700,2.0
20700,2.0
20700,2.0
20700,2.0
20700,2.0
20700,2.0
20700,2.0
20700,2.0
20700,2.0
20700,2.0
20700,2.0
20700,2.0
20700,2.0
20700,2.0
20800,2.0
20800,2.0
20800,2.0
20800,2.0
20800,2.0
20800,2.0
20800,2.0
20800,2.0
20800,2.0
20800,2.0
20800,2.0
20800,2.0
20800,2.0
20800,2.0
20800,2.0
20800,2.0
20800,2.0
20900,2.0
20900,2.0
20900,2.0
20900,2.0
20900,2.0
20900,2.0
20900,2.0
20900,2.0
20900,2.0
20900,2.0
20900,2.0
20900,2.0
20900,2.0
20900,2.0
20900,2.0
20900,2.0
20900,2.0
20900,2.0
21000,2.0
21000,2.0
21000,2.0
21000,2.0
21000,2.0
21000,2.0
21000,2.0
21000,2.0
21000,2.0
21000,2.0
21000,2.0
21000,2.0
21000,2.0
21000,2.0
21000,2.0
21000,2.0
21000,2.0
21000,2.0
21000,2.0
21000,2.0
21000,2.0
21000,2.0
21000,2.0
21000,2.0
21000,2.0
21000,2.0
21000,2.0
21000,2.0
21000,2.0
21000,2.0
21000,2.0
21000,2.0
21100,2.0
21100,2.0
21100,2.0
21100,2.0
21100,2.0
21100,2.0
21100,2.0
21100,2.0
21100,2.0
21100,2.0
21100,2.0
21100,2.0
21100,2.0
21100,2.0
21100,2.0
21100,2.0
21100,2.0
21100,2.0
21100,2.0
21100,2.0
21100,2.0
21100,2.0
21100,2.0
21100,2.0
21100,2.0
21100,2.0
21100,2.0
21100,2.0
21100,2.0
21100,2.0
21100,2.0
21100,2.0
21100,2.0
21200,2.0
21200,2.0
21200,2.0
21200,2.0
21200,2.0
21200,2.0
21200,2.0
21200,2.0
21200,2.0
21200,2.0
21200,2.0
21200,2.0
21200,2.0
21200,2.0
21200,2.0
21200,2.0
21200,2.0
21300,2.0
21300,2.0
21300,2.0
21300,2.0
21300,2.0
21300,2.0
21300,2.0
21300,2.0
21300,2.0
21300,2.0
21300,2.0
21300,2.0
21300,2.0
21300,2.0
21300,2.0
21300,2.0
21300,2.0
21300,2.0
21400,2.0
21400,2.0
21400,2.0
21400,2.0
21400,2.0
21400,2.0
21400,2.0
21400,2.0
21400,2.0
21400,2.0
21400,2.0
21400,2.0
21400,2.0
21400,2.0
21400,2.0
21400,2.0
21400,2.0
21400,2.0
21400,2.0
21400,2.0
21400,2.0
21400,2.0
21400,2.0
21400,2.0
21400,2.0
21400,2.0
21400,2.0
21400,2.0
21400,2.0
21400,2.0
21400,2.0
21400,2.0
21500,2.0
21500,2.0
21500,2.0
21500,2.0
21500,2.0
21500,2.0
21500,2.0
21500,2.0
21500,2.0
21500,2.0
21500,2.0
21500,2.0
21500,2.0
21500,2.0
21500,2.0
21500,2.0
21500,2.0
21500,2.0
21500,2.0
21500,2.0
21500,2.0
21500,2.0
21500,2.0
21500,2.0
21500,2.0
21500,2.0
21500,2.0
21500,2.0
21500,2.0
21500,2.0
21500,2.0
21500,2.0
21500,2.0
21600,2.0
21600,2.0
21600,2.0
21600,2.0
21600,2.0
21600,2.0
21600,2.0
21600,2.0
21600,2.0
21600,2.0
21600,2.0
21600,2.0
21600,2.0
21600,2.0
21600,2.0
21600,2.0
21600,2.0
21700,2.0
21700,2.0
21700,2.0
21700,2.0
21700,2.0
21700,2.0
21700,2.0
21700,2.0
21700,2.0
21700,2.0
21700,2.0
21700,2.0
21700,2.0
21700,2.0
21700,2.0
21700,2.0
21700,2.0
21700,2.0
21800,2.0
21800,2.0
21800,2.0
21800,2.0
21800,2.0
21800,2.0
21800,2.0
21800,2.0
21800,2.0
21800,2.0
21800,2.0
21800,2.0
21800,2.0
21800,2.0
21800,2.0
21800,2.0
21800,2.0
21800,2.0
21800,2.0
21800,2.0
21800,2.0
21800,2.0
21800,2.0
21800,2.0
21800,2.0
21800,2.0
21800,2.0
21800,2.0
21800,2.0
21800,2.0
21800,2.0
21800,2.0
21900,2.0
21900,2.0
21900,2.0
21900,2.0
21900,2.0
21900,2.0
21900,2.0
21900,2.0
21900,2.0
21900,2.0
21900,2.0
21900,2.0
21900,2.0
21900,2.0
21900,2.0
21900,2.0
21900,2.0
21900,2.0
21900,2.0
21900,2.0
21900,2.0
21900,2.0
21900,2.0
21900,2.0
21900,2.0
21900,2.0
21900,2.0
21900,2.0
21900,2.0
21900,2.0
21900,2.0
21900,2.0
21900,2.0
22000,2.0
22000,2.0
22000,2.0
22000,2.0
22000,2.0
22000,2.0
22000,2.0
22000,2.0
22000,2.0
22000,2.0
22000,2.0
22000,2.0
22000,2.0
22000,2.0
22000,2.0
22000,2.0
22000,2.0
22100,2.0
22100,2.0
22100,2.0
22100,2.0
22100,2.0
22100,2.0
22100,2.0
22100,2.0
22100,2.0
22100,2.0
22100,2.0
22100,2.0
22100,2.0
22100,2.0
22100,2.0
22100,2.0
22100,2.0
22100,2.0
22200,2.0
22200,2.0
22200,2.0
22200,2.0
22200,2.0
22200,2.0
22200,2.0
22200,2.0
22200,2.0
22200,2.0
22200,2.0
22200,2.0
22200,2.0
22200,2.0
22200,2.0
22200,2.0
22200,2.0
22200,2.0
22200,2.0
22200,2.0
22200,2.0
22200,2.0
22200,2.0
22200,2.0
22200,2.0
22200,2.0
22200,2.0
22200,2.0
22200,2.0
22200,2.0
22200,2.0
22200,2.0
22300,2.0
22300,2.0
22300,2.0
22300,2.0
22300,2.0
22300,2.0
22300,2.0
22300,2.0
22300,2.0
22300,2.0
22300,2.0
22300,2.0
22300,2.0
22300,2.0
22300,2.0
22300,2.0
22300,2.0
22300,2.0
22300,2.0
22300,2.0
22300,2.0
22300,2.0
22300,2.0
22300,2.0
22300,2.0
22300,2.0
22300,2.0
22300,2.0
22300,2.0
22300,2.0
22300,2.0
22300,2.0
22300,2.0
22400,2.0
22400,2.0
22400,2.0
22400,2.0
22400,2.0
22400,2.0
22400,2.0
22400,2.0
22400,2.0
22400,2.0
22400,2.0
22400,2.0
22400,2.0
22400,2.0
22400,2.0
22400,2.0
22400,2.0
22500,2.0
22500,2.0
22500,2.0
22500,2.0
22500,2.0
22500,2.0
22500,2.0
22500,2.0
22500,2.0
22500,2.0
22500,2.0
22500,2.0
22500,2.0
22500,2.0
22500,2.0
22500,2.0
22500,2.0
22500,2.0
22600,2.0
22600,2.0
22600,2.0
22600,2.0
22600,2.0
22600,2.0
22600,2.0
22600,2.0
22600,2.0
22600,2.0
22600,2.0
22600,2.0
22600,2.0
22600,2.0
22600,2.0
22600,2.0
22600,2.0
22600,2.0
22600,2.0
22600,2.0
22600,2.0
22600,2.0
22600,2.0
22600,2.0
22600,2.0
22600,2.0
22600,2.0
22600,2.0
22600,2.0
22600,2.0
22600,2.0
22600,2.0
22700,2.0
22700,2.0
22700,2.0
22700,2.0
22700,2.0
22700,2.0
22700,2.0
22700,2.0
22700,2.0
22700,2.0
22700,2.0
22700,2.0
22700,2.0
22700,2.0
22700,2.0
22700,2.0
22700,2.0
22700,2.0
22700,2.0
22700,2.0
22700,2.0
22700,2.0
22700,2.0
22700,2.0
22700,2.0
22700,2.0
22700,2.0
22700,2.0
22700,2.0
22700,2.0
22700,2.0
22700,2.0
22700,2.0
22800,2.0
22800,2.0
22800,2.0
22800,2.0
22800,2.0
22800,2.0
22800,2.0
22800,2.0
22800,2.0
22800,2.0
22800,2.0
22800,2.0
22800,2.0
22800,2.0
22800,2.0
22800,2.0
22800,2.0
22900,2.0
22900,2.0
22900,2.0
22900,2.0
22900,2.0
22900,2.0
22900,2.0
22900,2.0
22900,2.0
22900,2.0
22900,2.0
22900,2.0
22900,2.0
22900,2.0
22900,2.0
22900,2.0
22900,2.0
22900,2.0
23000,2.0
23000,2.0
23000,2.0
23000,2.0
23000,2.0
23000,2.0
23000,2.0
23000,2.0
23000,2.0
23000,2.0
23000,2.0
23000,2.0
23000,2.0
23000,2.0
23000,2.0
23000,2.0
23000,2.0
23000,2.0
23000,2.0
23000,2.0
23000,2.0
23000,2.0
23000,2.0
23000,2.0
23000,2.0
23000,2.0
23000,2.0
23000,2.0
23000,2.0
23000,2.0
23000,2.0
23000,2.0
23100,2.0
23100,2.0
23100,2.0
23100,2.0
23100,2.0
23100,2.0
23100,2.0
23100,2.0
23100,2.0
23100,2.0
23100,2.0
23100,2.0
23100,2.0
23100,2.0
23100,2.0
23100,2.0
23100,2.0
23100,2.0
23100,2.0
23100,2.0
23100,2.0
23100,2.0
23100,2.0
23100,2.0
23100,2.0
23100,2.0
23100,2.0
23100,2.0
23100,2.0
23100,2.0
23100,2.0
23100,2.0
23100,2.0
23200,2.0
23200,2.0
23200,2.0
23200,2.0
23200,2.0
23200,2.0
23200,2.0
23200,2.0
23200,2.0
23200,2.0
23200,2.0
23200,2.0
23200,2.0
23200,2.0
23200,2.0
23200,2.0
23200,2.0
23300,2.0
23300,2.0
23300,2.0
23300,2.0
23300,2.0
23300,2.0
23300,2.0
23300,2.0
23300,2.0
23300,2.0
23300,2.0
23300,2.0
23300,2.0
23300,2.0
23300,2.0
23300,2.0
23300,2.0
23300,2.0
23400,2.0
23400,2.0
23400,2.0
23400,2.0
23400,2.0
23400,2.0
23400,2.0
23400,2.0
23400,2.0
23400,2.0
23400,2.0
23400,2.0
23400,2.0
23400,2.0
23400,2.0
23400,2.0
23400,2.0
23400,2.0
23400,2.0
23400,2.0
23400,2.0
23400,2.0
23400,2.0
23400,2.0
23400,2.0
23400,2.0
23400,2.0
23400,2.0
23400,2.0
23400,2.0
23400,2.0
23400,2.0
23500,2.0
23500,2.0
23500,2.0
23500,2.0
23500,2.0
23500,2.0
23500,2.0
23500,2.0
23500,2.0
23500,2.0
23500,2.0
23500,2.0
23500,2.0
23500,2.0
23500,2.0
23500,2.0
23500,2.0
23500,2.0
23500,2.0
23500,2.0
23500,2.0
23500,2.0
23500,2.0
23500,2.0
23500,2.0
23500,2.0
23500,2.0
23500,2.0
23500,2.0
23500,2.0
23500,2.0
23500,2.0
23500,2.0
23600,2.0
23600,2.0
23600,2.0
23600,2.0
23600,2.0
23600,2.0
23600,2.0
23600,2.0
23600,2.0
23600,2.0
23600,2.0
23600,2.0
23600,2.0
23600,2.0
23600,2.0
23600,2.0
23600,2.0
23700,2.0
23700,2.0
23700,2.0
23700,2.0
23700,2.0
23700,2.0
23700,2.0
23700,2.0
23700,2.0
23700,2.0
23700,2.0
23700,2.0
23700,2.0
23700,2.0
23700,2.0
23700,2.0
23700,2.0
23700,2.0
23800,2.0
23800,2.0
23800,2.0
23800,2.0
23800,2.0
23800,2.0
23800,2.0
23800,2.0
23800,2.0
23800,2.0
23800,2.0
23800,2.0
23800,2.0
23800,2.0
23800,2.0
23800,2.0
23800,2.0
23800,2.0
23800,2.0
23800,2.0
23800,2.0
23800,2.0
23800,2.0
23800,2.0
23800,2.0
23800,2.0
23800,2.0
23800,2.0
23800,2.0
23800,2.0
23800,2.0
23800,2.0
23900,2.0
23900,2.0
23900,2.0
23900,2.0
23900,2.0
23900,2.0
23900,2.0
23900,2.0
23900,2.0
23900,2.0
23900,2.0
23900,2.0
23900,2.0
23900,2.0
23900,2.0
23900,2.0
23900,2.0
23900,2.0
23900,2.0
23900,2.0
23900,2.0
23900,2.0
23900,2.0
23900,2.0
23900,2.0
23900,2.0
23900,2.0
23900,2.0
23900,2.0
23900,2.0
23900,2.0
23900,2.0
23900,2.0
24000,2.0
24000,2.0
24000,2.0
24000,2.0
24000,2.0
24000,2.0
24000,2.0
24000,2.0
24000,2.0
24000,2.0
24000,2.0
24000,2.0
24000,2.0
24000,2.0
24000,2.0
24000,2.0
24000,2.0
24100,2.0
24100,2.0
24100,2.0
24100,2.0
24100,2.0
24100,2.0
24100,2.0
24100,2.0
24100,2.0
24100,2.0
24100,2.0
24100,2.0
24100,2.0
24100,2.0
24100,2.0
24100,2.0
24100,2.0
24100,2.0
24200,2.0
24200,2.0
24200,2.0
24200,2.0
24200,2.0
24200,2.0
24200,2.0
24200,2.0
24200,2.0
24200,2.0
24200,2.0
24200,2.0
24200,2.0
24200,2.0
24200,2.0
24200,2.0
24200,2.0
24200,2.0
24200,2.0
24200,2.0
24200,2.0
24200,2.0
24200,2.0
24200,2.0
24200,2.0
24200,2.0
24200,2.0
24200,2.0
24200,2.0
24200,2.0
24200,2.0
24200,2.0
24300,2.0
24300,2.0
24300,2.0
24300,2.0
24300,2.0
24300,2.0
24300,2.0
24300,2.0
24300,2.0
24300,2.0
24300,2.0
24300,2.0
24300,2.0
24300,2.0
24300,2.0
24300,2.0
24300,2.0
24300,2.0
24300,2.0
24300,2.0
24300,2.0
24300,2.0
24300,2.0
24300,2.0
24300,2.0
24300,2.0
24300,2.0
24300,2.0
24300,2.0
24300,2.0
24300,2.0
24300,2.0
24300,2.0
24400,2.0
24400,2.0
24400,2.0
24400,2.0
24400,2.0
24400,2.0
24400,2.0
24400,2.0
24400,2.0
24400,2.0
24400,2.0
24400,2.0
24400,2.0
24400,2.0
24400,2.0
24400,2.0
24400,2.0
24500,2.0
24500,2.0
24500,2.0
24500,2.0
24500,2.0
24500,2.0
24500,2.0
24500,2.0
24500,2.0
24500,2.0
24500,2.0
24500,2.0
24500,2.0
24500,2.0
24500,2.0
24500,2.0
24500,2.0
24500,2.0
24600,2.0
24600,2.0
24600,2.0
24600,2.0
24600,2.0
24600,2.0
24600,2.0
24600,2.0
24600,2.0
24600,2.0
24600,2.0
24600,2.0
24600,2.0
24600,2.0
24600,2.0
24600,2.0
24600,2.0
24600,2.0
24600,2.0
24600,2.0
24600,2.0
24600,2.0
24600,2.0
24600,2.0
24600,2.0
24600,2.0
24600,2.0
24600,2.0
24600,2.0
24600,2.0
24600,2.0
24600,2.0
24700,2.0
24700,2.0
24700,2.0
24700,2.0
24700,2.0
24700,2.0
24700,2.0
24700,2.0
24700,2.0
24700,2.0
24700,2.0
24700,2.0
24700,2.0
24700,2.0
24700,2.0
24700,2.0
24700,2.0
24700,2.0
24700,2.0
24700,2.0
24700,2.0
24700,2.0
24700,2.0
24700,2.0
24700,2.0
24700,2.0
24700,2.0
24700,2.0
24700,2.0
24700,2.0
24700,2.0
24700,2.0
24700,2.0
24800,2.0
24800,2.0
24800,2.0
24800,2.0
24800,2.0
24800,2.0
24800,2.0
24800,2.0
24800,2.0
24800,2.0
24800,2.0
24800,2.0
24800,2.0
24800,2.0
24800,2.0
24800,2.0
24800,2.0
24900,2.0
24900,2.0
24900,2.0
24900,2.0
24900,2.0
24900,2.0
24900,2.0
24900,2.0
24900,2.0
24900,2.0
24900,2.0
24900,2.0
24900,2.0
24900,2.0
24900,2.0
24900,2.0
24900,2.0
24900,2.0
25000,2.0
25000,2.0
25000,2.0
25000,2.0
25000,2.0
25000,2.0
25000,2.0
25000,2.0
25000,2.0
25000,2.0
25000,2.0
25000,2.0
25000,2.0
25000,2.0
25000,2.0
25000,2.0
25000,2.0
25000,2.0
25000,2.0
25000,2.0
25000,2.0
25000,2.0
25000,2.0
25000,2.0
25000,2.0
25000,2.0
25000,2.0
25000,2.0
25000,2.0
25000,2.0
25000,2.0
25000,2.0
25100,2.0
25100,2.0
25100,2.0
25100,2.0
25100,2.0
25100,2.0
25100,2.0
25100,2.0
25100,2.0
25100,2.0
25100,2.0
25100,2.0
25100,2.0
25100,2.0
25100,2.0
25100,2.0
25100,2.0
25100,2.0
25100,2.0
25100,2.0
25100,2.0
25100,2.0
25100,2.0
25100,2.0
25100,2.0
25100,2.0
25100,2.0
25100,2.0
25100,2.0
25100,2.0
25100,2.0
25100,2.0
25100,2.0
25200,2.0
25200,2.0
25200,2.0
25200,2.0
25200,2.0
25200,2.0
25200,2.0
25200,2.0
25200,2.0
25200,2.0
25200,2.0
25200,2.0
25200,2.0
25200,2.0
25200,2.0
25200,2.0
25200,2.0
25300,2.0
25300,2.0
25300,2.0
25300,2.0
25300,2.0
25300,2.0
25300,2.0
25300,2.0
25300,2.0
25300,2.0
25300,2.0
25300,2.0
25300,2.0
25300,2.0
25300,2.0
25300,2.0
25300,2.0
25300,2.0
25400,2.0
25400,2.0
25400,2.0
25400,2.0
25400,2.0
25400,2.0
25400,2.0
25400,2.0
25400,2.0
25400,2.0
25400,2.0
25400,2.0
25400,2.0
25400,2.0
25400,2.0
25400,2.0
25400,2.0
25400,2.0
25400,2.0
25400,2.0
25400,2.0
25400,2.0
25400,2.0
25400,2.0
25400,2.0
25400,2.0
25400,2.0
25400,2.0
25400,2.0
25400,2.0
25400,2.0
25400,2.0
25500,2.0
25500,2.0
25500,2.0
25500,2.0
25500,2.0
25500,2.0
25500,2.0
25500,2.0
25500,2.0
25500,2.0
25500,2.0
25500,2.0
25500,2.0
25500,2.0
25500,2.0
25500,2.0
25500,2.0
25500,2.0
25500,2.0
25500,2.0
25500,2.0
25500,2.0
25500,2.0
25500,2.0
25500,2.0
25500,2.0
25500,2.0
25500,2.0
25500,2.0
25500,2.0
25500,2.0
25500,2.0
25500,2.0
25600,2.0
25600,2.0
25600,2.0
25600,2.0
25600,2.0
25600,2.0
25600,2.0
25600,2.0
25600,2.0
25600,2.0
25600,2.0
25600,2.0
25600,2.0
25600,2.0
25600,2.0
25600,2.0
25600,2.0
25700,2.0
25700,2.0
25700,2.0
25700,2.0
25700,2.0
25700,2.0
25700,2.0
25700,2.0
25700,2.0
25700,2.0
25700,2.0
25700,2.0
25700,2.0
25700,2.0
25700,2.0
25700,2.0
25700,2.0
25700,2.0
25800,2.0
25800,2.0
25800,2.0
25800,2.0
25800,2.0
25800,2.0
25800,2.0
25800,2.0
25800,2.0
25800,2.0
25800,2.0
25800,2.0
25800,2.0
25800,2.0
25800,2.0
25800,2.0
25800,2.0
25800,2.0
25800,2.0
25800,2.0
25800,2.0
25800,2.0
25800,2.0
25800,2.0
25800,2.0
25800,2.0
25800,2.0
25800,2.0
25800,2.0
25800,2.0
25800,2.0
25800,2.0
25900,2.0
25900,2.0
25900,2.0
25900,2.0
25900,2.0
25900,2.0
25900,2.0
25900,2.0
25900,2.0
25900,2.0
25900,2.0
25900,2.0
25900,2.0
25900,2.0
25900,2.0
25900,2.0
25900,2.0
25900,2.0
25900,2.0
25900,2.0
25900,2.0
25900,2.0
25900,2.0
25900,2.0
25900,2.0
25900,2.0
25900,2.0
25900,2.0
25900,2.0
25900,2.0
25900,2.0
25900,2.0
25900,2.0
26000,2.0
26000,2.0
26000,2.0
26000,2.0
26000,2.0
26000,2.0
26000,2.0
26000,2.0
26000,2.0
26000,2.0
26000,2.0
26000,2.0
26000,2.0
26000,2.0
26000,2.0
26000,2.0
26000,2.0
26100,2.0
26100,2.0
26100,2.0
26100,2.0
26100,2.0
26100,2.0
26100,2.0
26100,2.0
26100,2.0
26100,2.0
26100,2.0
26100,2.0
26100,2.0
26100,2.0
26100,2.0
26100,2.0
26100,2.0
26100,2.0
26200,2.0
26200,2.0
26200,2.0
26200,2.0
26200,2.0
26200,2.0
26200,2.0
26200,2.0
26200,2.0
26200,2.0
26200,2.0
26200,2.0
26200,2.0
26200,2.0
26200,2.0
26200,2.0
26200,2.0
26200,2.0
26200,2.0
26200,2.0
26200,2.0
26200,2.0
26200,2.0
26200,2.0
26200,2.0
26200,2.0
26200,2.0
26200,2.0
26200,2.0
26200,2.0
26200,2.0
26200,2.0
26300,2.0
26300,2.0
26300,2.0
26300,2.0
26300,2.0
26300,2.0
26300,2.0
26300,2.0
26300,2.0
26300,2.0
26300,2.0
26300,2.0
26300,2.0
26300,2.0
26300,2.0
26300,2.0
26300,2.0
26300,2.0
26300,2.0
26300,2.0
26300,2.0
26300,2.0
26300,2.0
26300,2.0
26300,2.0
26300,2.0
26300,2.0
26300,2.0
26300,2.0
26300,2.0
26300,2.0
26300,2.0
26300,2.0
26400,2.0
26400,2.0
26400,2.0
26400,2.0
26400,2.0
26400,2.0
26400,2.0
26400,2.0
26400,2.0
26400,2.0
26400,2.0
26400,2.0
26400,2.0
26400,2.0
26400,2.0
26400,2.0
26400,2.0
26500,2.0
26500,2.0
26500,2.0
26500,2.0
26500,2.0
26500,2.0
26500,2.0
26500,2.0
26500,2.0
26500,2.0
26500,2.0
26500,2.0
26500,2.0
26500,2.0
26500,2.0
26500,2.0
26500,2.0
26500,2.0
26600,2.0
26600,2.0
26600,2.0
26600,2.0
26600,2.0
26600,2.0
26600,2.0
26600,2.0
26600,2.0
26600,2.0
26600,2.0
26600,2.0
26600,2.0
26600,2.0
26600,2.0
26600,2.0
26600,2.0
26600,2.0
26600,2.0
26600,2.0
26600,2.0
26600,2.0
26600,2.0
26600,2.0
26600,2.0
26600,2.0
26600,2.0
26600,2.0
26600,2.0
26600,2.0
26600,2.0
26600,2.0
26700,2.0
26700,2.0
26700,2.0
26700,2.0
26700,2.0
26700,2.0
26700,2.0
26700,2.0
26700,2.0
26700,2.0
26700,2.0
26700,2.0
26700,2.0
26700,2.0
26700,2.0
26700,2.0
26700,2.0
26700,2.0
26700,2.0
26700,2.0
26700,2.0
26700,2.0
26700,2.0
26700,2.0
26700,2.0
26700,2.0
26700,2.0
26700,2.0
26700,2.0
26700,2.0
26700,2.0
26700,2.0
26700,2.0
26800,2.0
26800,2.0
26800,2.0
26800,2.0
26800,2.0
26800,2.0
26800,2.0
26800,2.0
26800,2.0
26800,2.0
26800,2.0
26800,2.0
26800,2.0
26800,2.0
26800,2.0
26800,2.0
26800,2.0
26900,2.0
26900,2.0
26900,2.0
26900,2.0
26900,2.0
26900,2.0
26900,2.0
26900,2.0
26900,2.0
26900,2.0
26900,2.0
26900,2.0
26900,2.0
26900,2.0
26900,2.0
26900,2.0
26900,2.0
26900,2.0
27000,2.0
27000,2.0
27000,2.0
27000,2.0
27000,2.0
27000,2.0
27000,2.0
27000,2.0
27000,2.0
27000,2.0
27000,2.0
27000,2.0
27000,2.0
27000,2.0
27000,2.0
27000,2.0
27000,2.0
27000,2.0
27000,2.0
27000,2.0
27000,2.0
27000,2.0
27000,2.0
27000,2.0
27000,2.0
27000,2.0
27000,2.0
27000,2.0
27000,2.0
27000,2.0
27000,2.0
27000,2.0
27100,2.0
27100,2.0
27100,2.0
27100,2.0
27100,2.0
27100,2.0
27100,2.0
27100,2.0
27100,2.0
27100,2.0
27100,2.0
27100,2.0
27100,2.0
27100,2.0
27100,2.0
27100,2.0
27100,2.0
27100,2.0
27100,2.0
27100,2.0
27100,2.0
27100,2.0
27100,2.0
27100,2.0
27100,2.0
27100,2.0
27100,2.0
27100,2.0
27100,2.0
27100,2.0
27100,2.0
27100,2.0
27100,2.0
27200,2.0
27200,2.0
27200,2.0
27200,2.0
27200,2.0
27200,2.0
27200,2.0
27200,2.0
27200,2.0
27200,2.0
27200,2.0
27200,2.0
27200,2.0
27200,2.0
27200,2.0
27200,2.0
27200,2.0
27300,2.0
27300,2.0
27300,2.0
27300,2.0
27300,2.0
27300,2.0
27300,2.0
27300,2.0
27300,2.0
27300,2.0
27300,2.0
27300,2.0
27300,2.0
27300,2.0
27300,2.0
27300,2.0
27300,2.0
27300,2.0
27400,2.0
27400,2.0
27400,2.0
27400,2.0
27400,2.0
27400,2.0
27400,2.0
27400,2.0
27400,2.0
27400,2.0
27400,2.0
27400,2.0
27400,2.0
27400,2.0
27400,2.0
27400,2.0
27400,2.0
27400,2.0
27400,2.0
27400,2.0
27400,2.0
27400,2.0
27400,2.0
27400,2.0
27400,2.0
27400,2.0
27400,2.0
27400,2.0
27400,2.0
27400,2.0
27400,2.0
27400,2.0
27500,2.0
27500,2.0
27500,2.0
27500,2.0
27500,2.0
27500,2.0
27500,2.0
27500,2.0
27500,2.0
27500,2.0
27500,2.0
27500,2.0
27500,2.0
27500,2.0
27500,2.0
27500,2.0
27500,2.0
27500,2.0
27500,2.0
27500,2.0
27500,2.0
27500,2.0
27500,2.0
27500,2.0
27500,2.0
27500,2.0
27500,2.0
27500,2.0
27500,2.0
27500,2.0
27500,2.0
27500,2.0
27500,2.0
27600,2.0
27600,2.0
27600,2.0
27600,2.0
27600,2.0
27600,2.0
27600,2.0
27600,2.0
27600,2.0
27600,2.0
27600,2.0
27600,2.0
27600,2.0
27600,2.0
27600,2.0
27600,2.0
27600,2.0
27700,2.0
27700,2.0
27700,2.0
27700,2.0
27700,2.0
27700,2.0
27700,2.0
27700,2.0
27700,2.0
27700,2.0
27700,2.0
27700,2.0
27700,2.0
27700,2.0
27700,2.0
27700,2.0
27700,2.0
27700,2.0
27800,2.0
27800,2.0
27800,2.0
27800,2.0
27800,2.0
27800,2.0
27800,2.0
27800,2.0
27800,2.0
27800,2.0
27800,2.0
27800,2.0
27800,2.0
27800,2.0
27800,2.0
27800,2.0
27800,2.0
27800,2.0
27800,2.0
27800,2.0
27800,2.0
27800,2.0
27800,2.0
27800,2.0
27800,2.0
27800,2.0
27800,2.0
27800,2.0
27800,2.0
27800,2.0
27800,2.0
27800,2.0
27900,2.0
27900,2.0
27900,2.0
27900,2.0
27900,2.0
27900,2.0
27900,2.0
27900,2.0
27900,2.0
27900,2.0
27900,2.0
27900,2.0
27900,2.0
27900,2.0
27900,2.0
27900,2.0
27900,2.0
27900,2.0
27900,2.0
27900,2.0
27900,2.0
27900,2.0
27900,2.0
27900,2.0
27900,2.0
27900,2.0
27900,2.0
27900,2.0
27900,2.0
27900,2.0
27900,2.0
27900,2.0
27900,2.0
28000,2.0
28000,2.0
28000,2.0
28000,2.0
28000,2.0
28000,2.0
28000,2.0
28000,2.0
28000,2.0
28000,2.0
28000,2.0
28000,2.0
28000,2.0
28000,2.0
28000,2.0
28000,2.0
28000,2.0
28100,2.0
28100,2.0
28100,2.0
28100,2.0
28100,2.0
28100,2.0
28100,2.0
28100,2.0
28100,2.0
28100,2.0
28100,2.0
28100,2.0
28100,2.0
28100,2.0
28100,2.0
28100,2.0
28100,2.0
28100,2.0
28200,2.0
28200,2.0
28200,2.0
28200,2.0
28200,2.0
28200,2.0
28200,2.0
28200,2.0
28200,2.0
28200,2.0
28200,2.0
28200,2.0
28200,2.0
28200,2.0
28200,2.0
28200,2.0
28200,2.0
28200,2.0
28200,2.0
28200,2.0
28200,2.0
28200,2.0
28200,2.0
28200,2.0
28200,2.0
28200,2.0
28200,2.0
28200,2.0
28200,2.0
28200,2.0
28200,2.0
28200,2.0
28300,2.0
28300,2.0
28300,2.0
28300,2.0
28300,2.0
28300,2.0
28300,2.0
28300,2.0
28300,2.0
28300,2.0
28300,2.0
28300,2.0
28300,2.0
28300,2.0
28300,2.0
28300,2.0
28300,2.0
28300,2.0
28300,2.0
28300,2.0
28300,2.0
28300,2.0
28300,2.0
28300,2.0
28300,2.0
28300,2.0
28300,2.0
28300,2.0
28300,2.0
28300,2.0
28300,2.0
28300,2.0
28300,2.0
28400,2.0
28400,2.0
28400,2.0
28400,2.0
28400,2.0
28400,2.0
28400,2.0
28400,2.0
28400,2.0
28400,2.0
28400,2.0
28400,2.0
28400,2.0
28400,2.0
28400,2.0
28400,2.0
28400,2.0
28500,2.0
28500,2.0
28500,2.0
28500,2.0
28500,2.0
28500,2.0
28500,2.0
28500,2.0
28500,2.0
28500,2.0
28500,2.0
28500,2.0
28500,2.0
28500,2.0
28500,2.0
28500,2.0
28500,2.0
28500,2.0
28600,2.0
28600,2.0
28600,2.0
28600,2.0
28600,2.0
28600,2.0
28600,2.0
28600,2.0
28600,2.0
28600,2.0
28600,2.0
28600,2.0
28600,2.0
28600,2.0
28600,2.0
28600,2.0
28600,2.0
28600,2.0
28600,2.0
28600,2.0
28600,2.0
28600,2.0
28600,2.0
28600,2.0
28600,2.0
28600,2.0
28600,2.0
28600,2.0
28600,2.0
28600,2.0
28600,2.0
28600,2.0
28700,2.0
28700,2.0
28700,2.0
28700,2.0
28700,2.0
28700,2.0
28700,2.0
28700,2.0
28700,2.0
28700,2.0
28700,2.0
28700,2.0
28700,2.0
28700,2.0
28700,2.0
28700,2.0
28700,2.0
28700,2.0
28700,2.0
28700,2.0
28700,2.0
28700,2.0
28700,2.0
28700,2.0
28700,2.0
28700,2.0
28700,2.0
28700,2.0
28700,2.0
28700,2.0
28700,2.0
28700,2.0
28700,2.0
28800,2.0
28800,2.0
28800,2.0
28800,2.0
28800,2.0
28800,2.0
28800,2.0
28800,2.0
28800,2.0
28800,2.0
28800,2.0
28800,2.0
28800,2.0
28800,2.0
28800,2.0
28800,2.0
28800,2.0
28900,2.0
28900,2.0
28900,2.0
28900,2.0
28900,2.0
28900,2.0
28900,2.0
28900,2.0
28900,2.0
28900,2.0
28900,2.0
28900,2.0
28900,2.0
28900,2.0
28900,2.0
28900,2.0
28900,2.0
28900,2.0
29000,2.0
29000,2.0
29000,2.0
29000,2.0
29000,2.0
29000,2.0
29000,2.0
29000,2.0
29000,2.0
29000,2.0
29000,2.0
29000,2.0
29000,2.0
29000,2.0
29000,2.0
29000,2.0
29000,2.0
29000,2.0
29000,2.0
29000,2.0
29000,2.0
29000,2.0
29000,2.0
29000,2.0
29000,2.0
29000,2.0
29000,2.0
29000,2.0
29000,2.0
29000,2.0
29000,2.0
29000,2.0
29100,2.0
29100,2.0
29100,2.0
29100,2.0
29100,2.0
29100,2.0
29100,2.0
29100,2.0
29100,2.0
29100,2.0
29100,2.0
29100,2.0
29100,2.0
29100,2.0
29100,2.0
29100,2.0
29100,2.0
29100,2.0
29100,2.0
29100,2.0
29100,2.0
29100,2.0
29100,2.0
29100,2.0
29100,2.0
29100,2.0
29100,2.0
29100,2.0
29100,2.0
29100,2.0
29100,2.0
29100,2.0
29100,2.0
29200,2.0
29200,2.0
29200,2.0
29200,2.0
29200,2.0
29200,2.0
29200,2.0
29200,2.0
29200,2.0
29200,2.0
29200,2.0
29200,2.0
29200,2.0
29200,2.0
29200,2.0
29200,2.0
29200,2.0
29300,2.0
29300,2.0
29300,2.0
29300,2.0
29300,2.0
29300,2.0
29300,2.0
29300,2.0
29300,2.0
29300,2.0
29300,2.0
29300,2.0
29300,2.0
29300,2.0
29300,2.0
29300,2.0
29300,2.0
29300,2.0
29400,2.0
29400,2.0
29400,2.0
29400,2.0
29400,2.0
29400,2.0
29400,2.0
29400,2.0
29400,2.0
29400,2.0
29400,2.0
29400,2.0
29400,2.0
29400,2.0
29400,2.0
29400,2.0
29400,2.0
29400,2.0
29400,2.0
29400,2.0
29400,2.0
29400,2.0
29400,2.0
29400,2.0
29400,2.0
29400,2.0
29400,2.0
29400,2.0
29400,2.0
29400,2.0
29400,2.0
29400,2.0
29500,2.0
29500,2.0
29500,2.0
29500,2.0
29500,2.0
29500,2.0
29500,2.0
29500,2.0
29500,2.0
29500,2.0
29500,2.0
29500,2.0
29500,2.0
29500,2.0
29500,2.0
29500,2.0
29500,2.0
29500,2.0
29500,2.0
29500,2.0
29500,2.0
29500,2.0
29500,2.0
29500,2.0
29500,2.0
29500,2.0
29500,2.0
29500,2.0
29500,2.0
29500,2.0
29500,2.0
29500,2.0
29500,2.0
29600,2.0
29600,2.0
29600,2.0
29600,2.0
29600,2.0
29600,2.0
29600,2.0
29600,2.0
29600,2.0
29600,2.0
29600,2.0
29600,2.0
29600,2.0
29600,2.0
29600,2.0
29600,2.0
29600,2.0
29700,2.0
29700,2.0
29700,2.0
29700,2.0
29700,2.0
29700,2.0
29700,2.0
29700,2.0
29700,2.0
29700,2.0
29700,2.0
29700,2.0
29700,2.0
29700,2.0
29700,2.0
29700,2.0
29700,2.0
29700,2.0
29800,2.0
29800,2.0
29800,2.0
29800,2.0
29800,2.0
29800,2.0
29800,2.0
29800,2.0
29800,2.0
29800,2.0
29800,2.0
29800,2.0
29800,2.0
29800,2.0
29800,2.0
29800,2.0
29800,2.0
29800,2.0
29800,2.0
29800,2.0
29800,2.0
29800,2.0
29800,2.0
29800,2.0
29800,2.0
29800,2.0
29800,2.0
29800,2.0
29800,2.0
29800,2.0
29800,2.0
29800,2.0
29900,2.0
29900,2.0
29900,2.0
29900,2.0
29900,2.0
29900,2.0
29900,2.0
29900,2.0
29900,2.0
29900,2.0
29900,2.0
29900,2.0
29900,2.0
29900,2.0
29900,2.0
29900,2.0
29900,2.0
29900,2.0
29900,2.0
29900,2.0
29900,2.0
29900,2.0
29900,2.0
29900,2.0
29900,2.0
29900,2.0
29900,2.0
29900,2.0
29900,2.0
29900,2.0
29900,2.0
29900,2.0
29900,2.0
30000,2.0
30000,2.0
30000,2.0
30000,2.0
30000,2.0
30000,2.0
30000,2.0
30000,2.0
30000,2.0
30000,2.0
30000,2.0
30000,2.0
30000,2.0
30000,2.0
30000,2.0
30000,2.0
30000,2.0
30100,2.0
30100,2.0
30100,2.0
30100,2.0
30100,2.0
30100,2.0
30100,2.0
30100,2.0
30100,2.0
30100,2.0
30100,2.0
30100,2.0
30100,2.0
30100,2.0
30100,2.0
30100,2.0
30100,2.0
30100,2.0
30200,2.0
30200,2.0
30200,2.0
30200,2.0
30200,2.0
30200,2.0
30200,2.0
30200,2.0
30200,2.0
30200,2.0
30200,2.0
30200,2.0
30200,2.0
30200,2.0
30200,2.0
30200,2.0
30200,2.0
30200,2.0
30200,2.0
30200,2.0
30200,2.0
30200,2.0
30200,2.0
30200,2.0
30200,2.0
30200,2.0
30200,2.0
30200,2.0
30200,2.0
30200,2.0
30200,2.0
30200,2.0
30300,2.0
30300,2.0
30300,2.0
30300,2.0
30300,2.0
30300,2.0
30300,2.0
30300,2.0
30300,2.0
30300,2.0
30300,2.0
30300,2.0
30300,2.0
30300,2.0
30300,2.0
30300,2.0
30300,2.0
30300,2.0
30300,2.0
30300,2.0
30300,2.0
30300,2.0
30300,2.0
30300,2.0
30300,2.0
30300,2.0
30300,2.0
30300,2.0
30300,2.0
30300,2.0
30300,2.0
30300,2.0
30300,2.0
30400,2.0
30400,2.0
30400,2.0
30400,2.0
30400,2.0
30400,2.0
30400,2.0
30400,2.0
30400,2.0
30400,2.0
30400,2.0
30400,2.0
30400,2.0
30400,2.0
30400,2.0
30400,2.0
30400,2.0
30500,2.0
30500,2.0
30500,2.0
30500,2.0
30500,2.0
30500,2.0
30500,2.0
30500,2.0
30500,2.0
30500,2.0
30500,2.0
30500,2.0
30500,2.0
30500,2.0
30500,2.0
30500,2.0
30500,2.0
30500,2.0
30600,2.0
30600,2.0
30600,2.0
30600,2.0
30600,2.0
30600,2.0
30600,2.0
30600,2.0
30600,2.0
30600,2.0
30600,2.0
30600,2.0
30600,2.0
30600,2.0
30600,2.0
30600,2.0
30600,2.0
30600,2.0
30600,2.0
30600,2.0
30600,2.0
30600,2.0
30600,2.0
30600,2.0
30600,2.0
30600,2.0
30600,2.0
30600,2.0
30600,2.0
30600,2.0
30600,2.0
30600,2.0
30700,2.0
30700,2.0
30700,2.0
30700,2.0
30700,2.0
30700,2.0
30700,2.0
30700,2.0
30700,2.0
30700,2.0
30700,2.0
30700,2.0
30700,2.0
30700,2.0
30700,2.0
30700,2.0
30700,2.0
30700,2.0
30700,2.0
30700,2.0
30700,2.0
30700,2.0
30700,2.0
30700,2.0
30700,2.0
30700,2.0
30700,2.0
30700,2.0
30700,2.0
30700,2.0
30700,2.0
30700,2.0
30700,2.0
30800,2.0
30800,2.0
30800,2.0
30800,2.0
30800,2.0
30800,2.0
30800,2.0
30800,2.0
30800,2.0
30800,2.0
30800,2.0
30800,2.0
30800,2.0
30800,2.0
30800,2.0
30800,2.0
30800,2.0
30900,2.0
30900,2.0
30900,2.0
30900,2.0
30900,2.0
30900,2.0
30900,2.0
30900,2.0
30900,2.0
30900,2.0
30900,2.0
30900,2.0
30900,2.0
30900,2.0
30900,2.0
30900,2.0
30900,2.0
30900,2.0
31000,2.0
31000,2.0
31000,2.0
31000,2.0
31000,2.0
31000,2.0
31000,2.0
31000,2.0
31000,2.0
31000,2.0
31000,2.0
31000,2.0
31000,2.0
31000,2.0
31000,2.0
31000,2.0
31000,2.0
31000,2.0
31000,2.0
31000,2.0
31000,2.0
31000,2.0
31000,2.0
31000,2.0
31000,2.0
31000,2.0
31000,2.0
31000,2.0
31000,2.0
31000,2.0
31000,2.0
31000,2.0
31100,2.0
31100,2.0
31100,2.0
31100,2.0
31100,2.0
31100,2.0
31100,2.0
31100,2.0
31100,2.0
31100,2.0
31100,2.0
31100,2.0
31100,2.0
31100,2.0
31100,2.0
31100,2.0
31100,2.0
31100,2.0
31100,2.0
31100,2.0
31100,2.0
31100,2.0
31100,2.0
31100,2.0
31100,2.0
31100,2.0
31100,2.0
31100,2.0
31100,2.0
31100,2.0
31100,2.0
31100,2.0
31100,2.0
31200,2.0
31200,2.0
31200,2.0
31200,2.0
31200,2.0
31200,2.0
31200,2.0
31200,2.0
31200,2.0
31200,2.0
31200,2.0
31200,2.0
31200,2.0
31200,2.0
31200,2.0
31200,2.0
31200,2.0
31300,2.0
31300,2.0
31300,2.0
31300,2.0
31300,2.0
31300,2.0
31300,2.0
31300,2.0
31300,2.0
31300,2.0
31300,2.0
31300,2.0
31300,2.0
31300,2.0
31300,2.0
31300,2.0
31300,2.0
31300,2.0
31400,2.0
31400,2.0
31400,2.0
31400,2.0
31400,2.0
31400,2.0
31400,2.0
31400,2.0
31400,2.0
31400,2.0
31400,2.0
31400,2.0
31400,2.0
31400,2.0
31400,2.0
31400,2.0
31400,2.0
31400,2.0
31400,2.0
31400,2.0
31400,2.0
31400,2.0
31400,2.0
31400,2.0
31400,2.0
31400,2.0
31400,2.0
31400,2.0
31400,2.0
31400,2.0
31400,2.0
31400,2.0
31500,2.0
31500,2.0
31500,2.0
31500,2.0
31500,2.0
31500,2.0
31500,2.0
31500,2.0
31500,2.0
31500,2.0
31500,2.0
31500,2.0
31500,2.0
31500,2.0
31500,2.0
31500,2.0
31500,2.0
31500,2.0
31500,2.0
31500,2.0
31500,2.0
31500,2.0
31500,2.0
31500,2.0
31500,2.0
31500,2.0
31500,2.0
31500,2.0
31500,2.0
31500,2.0
31500,2.0
31500,2.0
31500,2.0
31600,2.0
31600,2.0
31600,2.0
31600,2.0
31600,2.0
31600,2.0
31600,2.0
31600,2.0
31600,2.0
31600,2.0
31600,2.0
31600,2.0
31600,2.0
31600,2.0
31600,2.0
31600,2.0
31600,2.0
31700,2.0
31700,2.0
31700,2.0
31700,2.0
31700,2.0
31700,2.0
31700,2.0
31700,2.0
31700,2.0
31700,2.0
31700,2.0
31700,2.0
31700,2.0
31700,2.0
31700,2.0
31700,2.0
31700,2.0
31700,2.0
31800,2.0
31800,2.0
31800,2.0
31800,2.0
31800,2.0
31800,2.0
31800,2.0
31800,2.0
31800,2.0
31800,2.0
31800,2.0
31800,2.0
31800,2.0
31800,2.0
31800,2.0
31800,2.0
31800,2.0
31800,2.0
31800,2.0
31800,2.0
31800,2.0
31800,2.0
31800,2.0
31800,2.0
31800,2.0
31800,2.0
31800,2.0
31800,2.0
31800,2.0
31800,2.0
31800,2.0
31800,2.0
31900,2.0
31900,2.0
31900,2.0
31900,2.0
31900,2.0
31900,2.0
31900,2.0
31900,2.0
31900,2.0
31900,2.0
31900,2.0
31900,2.0
31900,2.0
31900,2.0
31900,2.0
31900,2.0
31900,2.0
31900,2.0
31900,2.0
31900,2.0
31900,2.0
31900,2.0
31900,2.0
31900,2.0
31900,2.0
31900,2.0
31900,2.0
31900,2.0
31900,2.0
31900,2.0
31900,2.0
31900,2.0
31900,2.0
32000,2.0
32000,2.0
32000,2.0
32000,2.0
32000,2.0
32000,2.0
32000,2.0
32000,2.0
32000,2.0
32000,2.0
32000,2.0
32000,2.0
32000,2.0
32000,2.0
32000,2.0
32000,2.0
32000,2.0
32100,2.0
32100,2.0
32100,2.0
32100,2.0
32100,2.0
32100,2.0
32100,2.0
32100,2.0
32100,2.0
32100,2.0
32100,2.0
32100,2.0
32100,2.0
32100,2.0
32100,2.0
32100,2.0
32100,2.0
32100,2.0
32200,2.0
32200,2.0
32200,2.0
32200,2.0
32200,2.0
32200,2.0
32200,2.0
32200,2.0
32200,2.0
32200,2.0
32200,2.0
32200,2.0
32200,2.0
32200,2.0
32200,2.0
32200,2.0
32200,2.0
32200,2.0
32200,2.0
32200,2.0
32200,2.0
32200,2.0
32200,2.0
32200,2.0
32200,2.0
32200,2.0
32200,2.0
32200,2.0
32200,2.0
32200,2.0
32200,2.0
32200,2.0
32300,2.0
32300,2.0
32300,2.0
32300,2.0
32300,2.0
32300,2.0
32300,2.0
32300,2.0
32300,2.0
32300,2.0
32300,2.0
32300,2.0
32300,2.0
32300,2.0
32300,2.0
32300,2.0
32300,2.0
32300,2.0
32300,2.0
32300,2.0
32300,2.0
32300,2.0
32300,2.0
32300,2.0
32300,2.0
32300,2.0
32300,2.0
32300,2.0
32300,2.0
32300,2.0
32300,2.0
32300,2.0
32300,2.0
32400,2.0
32400,2.0
32400,2.0
32400,2.0
32400,2.0
32400,2.0
32400,2.0
32400,2.0
32400,2.0
32400,2.0
32400,2.0
32400,2.0
32400,2.0
32400,2.0
32400,2.0
32400,2.0
32400,2.0
32500,2.0
32500,2.0
32500,2.0
32500,2.0
32500,2.0
32500,2.0
32500,2.0
32500,2.0
32500,2.0
32500,2.0
32500,2.0
32500,2.0
32500,2.0
32500,2.0
32500,2.0
32500,2.0
32500,2.0
32500,2.0
32600,2.0
32600,2.0
32600,2.0
32600,2.0
32600,2.0
32600,2.0
32600,2.0
32600,2.0
32600,2.0
32600,2.0
32600,2.0
32600,2.0
32600,2.0
32600,2.0
32600,2.0
32600,2.0
32600,2.0
32600,2.0
32600,2.0
32600,2.0
32600,2.0
32600,2.0
32600,2.0
32600,2.0
32600,2.0
32600,2.0
32600,2.0
32600,2.0
32600,2.0
32600,2.0
32600,2.0
32600,2.0
32700,2.0
32700,2.0
32700,2.0
32700,2.0
32700,2.0
32700,2.0
32700,2.0
32700,2.0
32700,2.0
32700,2.0
32700,2.0
32700,2.0
32700,2.0
32700,2.0
32700,2.0
32700,2.0
32700,2.0
32700,2.0
32700,2.0
32700,2.0
32700,2.0
32700,2.0
32700,2.0
32700,2.0
32700,2.0
32700,2.0
32700,2.0
32700,2.0
32700,2.0
32700,2.0
32700,2.0
32700,2.0
32700,2.0
32800,2.0
32800,2.0
32800,2.0
32800,2.0
32800,2.0
32800,2.0
32800,2.0
32800,2.0
32800,2.0
32800,2.0
32800,2.0
32800,2.0
32800,2.0
32800,2.0
32800,2.0
32800,2.0
32800,2.0
32900,2.0
32900,2.0
32900,2.0
32900,2.0
32900,2.0
32900,2.0
32900,2.0
32900,2.0
32900,2.0
32900,2.0
32900,2.0
32900,2.0
32900,2.0
32900,2.0
32900,2.0
32900,2.0
32900,2.0
32900,2.0
33000,2.0
33000,2.0
33000,2.0
33000,2.0
33000,2.0
33000,2.0
33000,2.0
33000,2.0
33000,2.0
33000,2.0
33000,2.0
33000,2.0
33000,2.0
33000,2.0
33000,2.0
33000,2.0
33000,2.0
33000,2.0
33000,2.0
33000,2.0
33000,2.0
33000,2.0
33000,2.0
33000,2.0
33000,2.0
33000,2.0
33000,2.0
33000,2.0
33000,2.0
33000,2.0
33000,2.0
33000,2.0
33100,2.0
33100,2.0
33100,2.0
33100,2.0
33100,2.0
33100,2.0
33100,2.0
33100,2.0
33100,2.0
33100,2.0
33100,2.0
33100,2.0
33100,2.0
33100,2.0
33100,2.0
33100,2.0
33100,2.0
33100,2.0
33100,2.0
33100,2.0
33100,2.0
33100,2.0
33100,2.0
33100,2.0
33100,2.0
33100,2.0
33100,2.0
33100,2.0
33100,2.0
33100,2.0
33100,2.0
33100,2.0
33100,2.0
33200,2.0
33200,2.0
33200,2.0
33200,2.0
33200,2.0
33200,2.0
33200,2.0
33200,2.0
33200,2.0
33200,2.0
33200,2.0
33200,2.0
33200,2.0
33200,2.0
33200,2.0
33200,2.0
33200,2.0
33300,2.0
33300,2.0
33300,2.0
33300,2.0
33300,2.0
33300,2.0
33300,2.0
33300,2.0
33300,2.0
33300,2.0
33300,2.0
33300,2.0
33300,2.0
33300,2.0
33300,2.0
33300,2.0
33300,2.0
33300,2.0
33400,2.0
33400,2.0
33400,2.0
33400,2.0
33400,2.0
33400,2.0
33400,2.0
33400,2.0
33400,2.0
33400,2.0
33400,2.0
33400,2.0
33400,2.0
33400,2.0
33400,2.0
33400,2.0
33400,2.0
33400,2.0
33400,2.0
33400,2.0
33400,2.0
33400,2.0
33400,2.0
33400,2.0
33400,2.0
33400,2.0
33400,2.0
33400,2.0
33400,2.0
33400,2.0
33400,2.0
33400,2.0
33500,2.0
33500,2.0
33500,2.0
33500,2.0
33500,2.0
33500,2.0
33500,2.0
33500,2.0
33500,2.0
33500,2.0
33500,2.0
33500,2.0
33500,2.0
33500,2.0
33500,2.0
33500,2.0
33500,2.0
33500,2.0
33500,2.0
33500,2.0
33500,2.0
33500,2.0
33500,2.0
33500,2.0
33500,2.0
33500,2.0
33500,2.0
33500,2.0
33500,2.0
33500,2.0
33500,2.0
33500,2.0
33500,2.0
33600,2.0
33600,2.0
33600,2.0
33600,2.0
33600,2.0
33600,2.0
33600,2.0
33600,2.0
33600,2.0
33600,2.0
33600,2.0
33600,2.0
33600,2.0
33600,2.0
33600,2.0
33600,2.0
33600,2.0
33700,2.0
33700,2.0
33700,2.0
33700,2.0
33700,2.0
33700,2.0
33700,2.0
33700,2.0
33700,2.0
33700,2.0
33700,2.0
33700,2.0
33700,2.0
33700,2.0
33700,2.0
33700,2.0
33700,2.0
33700,2.0
33800,2.0
33800,2.0
33800,2.0
33800,2.0
33800,2.0
33800,2.0
33800,2.0
33800,2.0
33800,2.0
33800,2.0
33800,2.0
33800,2.0
33800,2.0
33800,2.0
33800,2.0
33800,2.0
33800,2.0
33800,2.0
33800,2.0
33800,2.0
33800,2.0
33800,2.0
33800,2.0
33800,2.0
33800,2.0
33800,2.0
33800,2.0
33800,2.0
33800,2.0
33800,2.0
33800,2.0
33800,2.0
33900,2.0
33900,2.0
33900,2.0
33900,2.0
33900,2.0
33900,2.0
33900,2.0
33900,2.0
33900,2.0
33900,2.0
33900,2.0
33900,2.0
33900,2.0
33900,2.0
33900,2.0
33900,2.0
33900,2.0
33900,2.0
33900,2.0
33900,2.0
33900,2.0
33900,2.0
33900,2.0
33900,2.0
33900,2.0
33900,2.0
33900,2.0
33900,2.0
33900,2.0
33900,2.0
33900,2.0
33900,2.0
33900,2.0
34000,2.0
34000,2.0
34000,2.0
34000,2.0
34000,2.0
34000,2.0
34000,2.0
34000,2.0
34000,2.0
34000,2.0
34000,2.0
34000,2.0
34000,2.0
34000,2.0
34000,2.0
34000,2.0
34000,2.0
34100,2.0
34100,2.0
34100,2.0
34100,2.0
34100,2.0
34100,2.0
34100,2.0
34100,2.0
34100,2.0
34100,2.0
34100,2.0
34100,2.0
34100,2.0
34100,2.0
34100,2.0
34100,2.0
34100,2.0
34100,2.0
34200,2.0
34200,2.0
34200,2.0
34200,2.0
34200,2.0
34200,2.0
34200,2.0
34200,2.0
34200,2.0
34200,2.0
34200,2.0
34200,2.0
34200,2.0
34200,2.0
34200,2.0
34200,2.0
34200,2.0
34200,2.0
34200,2.0
34200,2.0
34200,2.0
34200,2.0
34200,2.0
34200,2.0
34200,2.0
34200,2.0
34200,2.0
34200,2.0
34200,2.0
34200,2.0
34200,2.0
34200,2.0
34300,2.0
34300,2.0
34300,2.0
34300,2.0
34300,2.0
34300,2.0
34300,2.0
34300,2.0
34300,2.0
34300,2.0
34300,2.0
34300,2.0
34300,2.0
34300,2.0
34300,2.0
34300,2.0
34300,2.0
34300,2.0
34300,2.0
34300,2.0
34300,2.0
34300,2.0
34300,2.0
34300,2.0
34300,2.0
34300,2.0
34300,2.0
34300,2.0
34300,2.0
34300,2.0
34300,2.0
34300,2.0
34300,2.0
34400,2.0
34400,2.0
34400,2.0
34400,2.0
34400,2.0
34400,2.0
34400,2.0
34400,2.0
34400,2.0
34400,2.0
34400,2.0
34400,2.0
34400,2.0
34400,2.0
34400,2.0
34400,2.0
34400,2.0
34500,2.0
34500,2.0
34500,2.0
34500,2.0
34500,2.0
34500,2.0
34500,2.0
34500,2.0
34500,2.0
34500,2.0
34500,2.0
34500,2.0
34500,2.0
34500,2.0
34500,2.0
34500,2.0
34500,2.0
34500,2.0
34600,2.0
34600,2.0
34600,2.0
34600,2.0
34600,2.0
34600,2.0
34600,2.0
34600,2.0
34600,2.0
34600,2.0
34600,2.0
34600,2.0
34600,2.0
34600,2.0
34600,2.0
34600,2.0
34600,2.0
34600,2.0
34600,2.0
34600,2.0
34600,2.0
34600,2.0
34600,2.0
34600,2.0
34600,2.0
34600,2.0
34600,2.0
34600,2.0
34600,2.0
34600,2.0
34600,2.0
34600,2.0
34700,2.0
34700,2.0
34700,2.0
34700,2.0
34700,2.0
34700,2.0
34700,2.0
34700,2.0
34700,2.0
34700,2.0
34700,2.0
34700,2.0
34700,2.0
34700,2.0
34700,2.0
34700,2.0
34700,2.0
34700,2.0
34700,2.0
34700,2.0
34700,2.0
34700,2.0
34700,2.0
34700,2.0
34700,2.0
34700,2.0
34700,2.0
34700,2.0
34700,2.0
34700,2.0
34700,2.0
34700,2.0
34700,2.0
34800,2.0
34800,2.0
34800,2.0
34800,2.0
34800,2.0
34800,2.0
34800,2.0
34800,2.0
34800,2.0
34800,2.0
34800,2.0
34800,2.0
34800,2.0
34800,2.0
34800,2.0
34800,2.0
34800,2.0
34900,2.0
34900,2.0
34900,2.0
34900,2.0
34900,2.0
34900,2.0
34900,2.0
34900,2.0
34900,2.0
34900,2.0
34900,2.0
34900,2.0
34900,2.0
34900,2.0
34900,2.0
34900,2.0
34900,2.0
34900,2.0
35000,2.0
35000,2.0
35000,2.0
35000,2.0
35000,2.0
35000,2.0
35000,2.0
35000,2.0
35000,2.0
35000,2.0
35000,2.0
35000,2.0
35000,2.0
35000,2.0
35000,2.0
35000,2.0
35000,2.0
35000,2.0
35000,2.0
35000,2.0
35000,2.0
35000,2.0
35000,2.0
35000,2.0
35000,2.0
35000,2.0
35000,2.0
35000,2.0
35000,2.0
35000,2.0
35000,2.0
35000,2.0
35100,2.0
35100,2.0
35100,2.0
35100,2.0
35100,2.0
35100,2.0
35100,2.0
35100,2.0
35100,2.0
35100,2.0
35100,2.0
35100,2.0
35100,2.0
35100,2.0
35100,2.0
35100,2.0
35100,2.0
35100,2.0
35100,2.0
35100,2.0
35100,2.0
35100,2.0
35100,2.0
35100,2.0
35100,2.0
35100,2.0
35100,2.0
35100,2.0
35100,2.0
35100,2.0
35100,2.0
35100,2.0
35100,2.0
35200,2.0
35200,2.0
35200,2.0
35200,2.0
35200,2.0
35200,2.0
35200,2.0
35200,2.0
35200,2.0
35200,2.0
35200,2.0
35200,2.0
35200,2.0
35200,2.0
35200,2.0
35200,2.0
35200,2.0
35300,2.0
35300,2.0
35300,2.0
35300,2.0
35300,2.0
35300,2.0
35300,2.0
35300,2.0
35300,2.0
35300,2.0
35300,2.0
35300,2.0
35300,2.0
35300,2.0
35300,2.0
35300,2.0
35300,2.0
35300,2.0
35400,2.0
35400,2.0
35400,2.0
35400,2.0
35400,2.0
35400,2.0
35400,2.0
35400,2.0
35400,2.0
35400,2.0
35400,2.0
35400,2.0
35400,2.0
35400,2.0
35400,2.0
35400,2.0
35400,2.0
35400,2.0
35400,2.0
35400,2.0
35400,2.0
35400,2.0
35400,2.0
35400,2.0
35400,2.0
35400,2.0
35400,2.0
35400,2.0
35400,2.0
35400,2.0
35400,2.0
35400,2.0
35500,2.0
35500,2.0
35500,2.0
35500,2.0
35500,2.0
35500,2.0
35500,2.0
35500,2.0
35500,2.0
35500,2.0
35500,2.0
35500,2.0
35500,2.0
35500,2.0
35500,2.0
35500,2.0
35500,2.0
35500,2.0
35500,2.0
35500,2.0
35500,2.0
35500,2.0
35500,2.0
35500,2.0
35500,2.0
35500,2.0
35500,2.0
35500,2.0
35500,2.0
35500,2.0
35500,2.0
35500,2.0
35500,2.0
35600,2.0
35600,2.0
35600,2.0
35600,2.0
35600,2.0
35600,2.0
35600,2.0
35600,2.0
35600,2.0
35600,2.0
35600,2.0
35600,2.0
35600,2.0
35600,2.0
35600,2.0
35600,2.0
35600,2.0
35700,2.0
35700,2.0
35700,2.0
35700,2.0
35700,2.0
35700,2.0
35700,2.0
35700,2.0
35700,2.0
35700,2.0
35700,2.0
35700,2.0
35700,2.0
35700,2.0
35700,2.0
35700,2.0
35700,2.0
35700,2.0
35800,2.0
35800,2.0
35800,2.0
35800,2.0
35800,2.0
35800,2.0
35800,2.0
35800,2.0
35800,2.0
35800,2.0
35800,2.0
35800,2.0
35800,2.0
35800,2.0
35800,2.0
35800,2.0
35800,2.0
35800,2.0
35800,2.0
35800,2.0
35800,2.0
35800,2.0
35800,2.0
35800,2.0
35800,2.0
35800,2.0
35800,2.0
35800,2.0
35800,2.0
35800,2.0
35800,2.0
35800,2.0
35900,2.0
35900,2.0
35900,2.0
35900,2.0
35900,2.0
35900,2.0
35900,2.0
35900,2.0
35900,2.0
35900,2.0
35900,2.0
35900,2.0
35900,2.0
35900,2.0
35900,2.0
35900,2.0
35900,2.0
35900,2.0
35900,2.0
35900,2.0
35900,2.0
35900,2.0
35900,2.0
35900,2.0
35900,2.0
35900,2.0
35900,2.0
35900,2.0
35900,2.0
35900,2.0
35900,2.0
35900,2.0
35900,2.0
36000,2.0
36000,2.0
36000,2.0
36000,2.0
36000,2.0
36000,2.0
36000,2.0
36000,2.0
36000,2.0
36000,2.0
36000,2.0
36000,2.0
36000,2.0
36000,2.0
36000,2.0
36000,2.0
36000,2.0
36100,2.0
36100,2.0
36100,2.0
36100,2.0
36100,2.0
36100,2.0
36100,2.0
36100,2.0
36100,2.0
36100,2.0
36100,2.0
36100,2.0
36100,2.0
36100,2.0
36100,2.0
36100,2.0
36100,2.0
36100,2.0
36200,2.0
36200,2.0
36200,2.0
36200,2.0
36200,2.0
36200,2.0
36200,2.0
36200,2.0
36200,2.0
36200,2.0
36200,2.0
36200,2.0
36200,2.0
36200,2.0
36200,2.0
36200,2.0
36200,2.0
36200,2.0
36200,2.0
36200,2.0
36200,2.0
36200,2.0
36200,2.0
36200,2.0
36200,2.0
36200,2.0
36200,2.0
36200,2.0
36200,2.0
36200,2.0
36200,2.0
36200,2.0
36300,2.0
36300,2.0
36300,2.0
36300,2.0
36300,2.0
36300,2.0
36300,2.0
36300,2.0
36300,2.0
36300,2.0
36300,2.0
36300,2.0
36300,2.0
36300,2.0
36300,2.0
36300,2.0
36300,2.0
36300,2.0
36300,2.0
36300,2.0
36300,2.0
36300,2.0
36300,2.0
36300,2.0
36300,2.0
36300,2.0
36300,2.0
36300,2.0
36300,2.0
36300,2.0
36300,2.0
36300,2.0
36300,2.0
36400,2.0
36400,2.0
36400,2.0
36400,2.0
36400,2.0
36400,2.0
36400,2.0
36400,2.0
36400,2.0
36400,2.0
36400,2.0
36400,2.0
36400,2.0
36400,2.0
36400,2.0
36400,2.0
36400,2.0
36500,2.0
36500,2.0
36500,2.0
36500,2.0
36500,2.0
36500,2.0
36500,2.0
36500,2.0
36500,2.0
36500,2.0
36500,2.0
36500,2.0
36500,2.0
36500,2.0
36500,2.0
36500,2.0
36500,2.0
36500,2.0
36600,2.0
36600,2.0
36600,2.0
36600,2.0
36600,2.0
36600,2.0
36600,2.0
36600,2.0
36600,2.0
36600,2.0
36600,2.0
36600,2.0
36600,2.0
36600,2.0
36600,2.0
36600,2.0
36600,2.0
36600,2.0
36600,2.0
36600,2.0
36600,2.0
36600,2.0
36600,2.0
36600,2.0
36600,2.0
36600,2.0
36600,2.0
36600,2.0
36600,2.0
36600,2.0
36600,2.0
36600,2.0
36700,2.0
36700,2.0
36700,2.0
36700,2.0
36700,2.0
36700,2.0
36700,2.0
36700,2.0
36700,2.0
36700,2.0
36700,2.0
36700,2.0
36700,2.0
36700,2.0
36700,2.0
36700,2.0
36700,2.0
36700,2.0
36700,2.0
36700,2.0
36700,2.0
36700,2.0
36700,2.0
36700,2.0
36700,2.0
36700,2.0
36700,2.0
36700,2.0
36700,2.0
36700,2.0
36700,2.0
36700,2.0
36700,2.0
36800,2.0
36800,2.0
36800,2.0
36800,2.0
36800,2.0
36800,2.0
36800,2.0
36800,2.0
36800,2.0
36800,2.0
36800,2.0
36800,2.0
36800,2.0
36800,2.0
36800,2.0
36800,2.0
36800,2.0
36900,2.0
36900,2.0
36900,2.0
36900,2.0
36900,2.0
36900,2.0
36900,2.0
36900,2.0
36900,2.0
36900,2.0
36900,2.0
36900,2.0
36900,2.0
36900,2.0
36900,2.0
36900,2.0
36900,2.0
36900,2.0
37000,2.0
37000,2.0
37000,2.0
37000,2.0
37000,2.0
37000,2.0
37000,2.0
37000,2.0
37000,2.0
37000,2.0
37000,2.0
37000,2.0
37000,2.0
37000,2.0
37000,2.0
37000,2.0
37000,2.0
37000,2.0
37000,2.0
37000,2.0
37000,2.0
37000,2.0
37000,2.0
37000,2.0
37000,2.0
37000,2.0
37000,2.0
37000,2.0
37000,2.0
37000,2.0
37000,2.0
37000,2.0
37100,2.0
37100,2.0
37100,2.0
37100,2.0
37100,2.0
37100,2.0
37100,2.0
37100,2.0
37100,2.0
37100,2.0
37100,2.0
37100,2.0
37100,2.0
37100,2.0
37100,2.0
37100,2.0
37100,2.0
37100,2.0
37100,2.0
37100,2.0
37100,2.0
37100,2.0
37100,2.0
37100,2.0
37100,2.0
37100,2.0
37100,2.0
37100,2.0
37100,2.0
37100,2.0
37100,2.0
37100,2.0
37100,2.0
37200,2.0
37200,2.0
37200,2.0
37200,2.0
37200,2.0
37200,2.0
37200,2.0
37200,2.0
37200,2.0
37200,2.0
37200,2.0
37200,2.0
37200,2.0
37200,2.0
37200,2.0
37200,2.0
37200,2.0
37300,2.0
37300,2.0
37300,2.0
37300,2.0
37300,2.0
37300,2.0
37300,2.0
37300,2.0
37300,2.0
37300,2.0
37300,2.0
37300,2.0
37300,2.0
37300,2.0
37300,2.0
37300,2.0
37300,2.0
37300,2.0
37400,2.0
37400,2.0
37400,2.0
37400,2.0
37400,2.0
37400,2.0
37400,2.0
37400,2.0
37400,2.0
37400,2.0
37400,2.0
37400,2.0
37400,2.0
37400,2.0
37400,2.0
37400,2.0
37400,2.0
37400,2.0
37400,2.0
37400,2.0
37400,2.0
37400,2.0
37400,2.0
37400,2.0
37400,2.0
37400,2.0
37400,2.0
37400,2.0
37400,2.0
37400,2.0
37400,2.0
37400,2.0
37500,2.0
37500,2.0
37500,2.0
37500,2.0
37500,2.0
37500,2.0
37500,2.0
37500,2.0
37500,2.0
37500,2.0
37500,2.0
37500,2.0
37500,2.0
37500,2.0
37500,2.0
37500,2.0
37500,2.0
37500,2.0
37500,2.0
37500,2.0
37500,2.0
37500,2.0
37500,2.0
37500,2.0
37500,2.0
37500,2.0
37500,2.0
37500,2.0
37500,2.0
37500,2.0
37500,2.0
37500,2.0
37500,2.0
37600,2.0
37600,2.0
37600,2.0
37600,2.0
37600,2.0
37600,2.0
37600,2.0
37600,2.0
37600,2.0
37600,2.0
37600,2.0
37600,2.0
37600,2.0
37600,2.0
37600,2.0
37600,2.0
37600,2.0
37700,2.0
37700,2.0
37700,2.0
37700,2.0
37700,2.0
37700,2.0
37700,2.0
37700,2.0
37700,2.0
37700,2.0
37700,2.0
37700,2.0
37700,2.0
37700,2.0
37700,2.0
37700,2.0
37700,2.0
37700,2.0
37800,2.0
37800,2.0
37800,2.0
37800,2.0
37800,2.0
37800,2.0
37800,2.0
37800,2.0
37800,2.0
37800,2.0
37800,2.0
37800,2.0
37800,2.0
37800,2.0
37800,2.0
37800,2.0
37800,2.0
37800,2.0
37800,2.0
37800,2.0
37800,2.0
37800,2.0
37800,2.0
37800,2.0
37800,2.0
37800,2.0
37800,2.0
37800,2.0
37800,2.0
37800,2.0
37800,2.0
37800,2.0
37900,2.0
37900,2.0
37900,2.0
37900,2.0
37900,2.0
37900,2.0
37900,2.0
37900,2.0
37900,2.0
37900,2.0
37900,2.0
37900,2.0
37900,2.0
37900,2.0
37900,2.0
37900,2.0
37900,2.0
37900,2.0
37900,2.0
37900,2.0
37900,2.0
37900,2.0
37900,2.0
37900,2.0
37900,2.0
37900,2.0
37900,2.0
37900,2.0
37900,2.0
37900,2.0
37900,2.0
37900,2.0
37900,2.0
38000,2.0
38000,2.0
38000,2.0
38000,2.0
38000,2.0
38000,2.0
38000,2.0
38000,2.0
38000,2.0
38000,2.0
38000,2.0
38000,2.0
38000,2.0
38000,2.0
38000,2.0
38000,2.0
38000,2.0
38100,2.0
38100,2.0
38100,2.0
38100,2.0
38100,2.0
38100,2.0
38100,2.0
38100,2.0
38100,2.0
38100,2.0
38100,2.0
38100,2.0
38100,2.0
38100,2.0
38100,2.0
38100,2.0
38100,2.0
38100,2.0
38200,2.0
38200,2.0
38200,2.0
38200,2.0
38200,2.0
38200,2.0
38200,2.0
38200,2.0
38200,2.0
38200,2.0
38200,2.0
38200,2.0
38200,2.0
38200,2.0
38200,2.0
38200,2.0
38200,2.0
38200,2.0
38200,2.0
38200,2.0
38200,2.0
38200,2.0
38200,2.0
38200,2.0
38200,2.0
38200,2.0
38200,2.0
38200,2.0
38200,2.0
38200,2.0
38200,2.0
38200,2.0
38300,2.0
38300,2.0
38300,2.0
38300,2.0
38300,2.0
38300,2.0
38300,2.0
38300,2.0
38300,2.0
38300,2.0
38300,2.0
38300,2.0
38300,2.0
38300,2.0
38300,2.0
38300,2.0
38300,2.0
38300,2.0
38300,2.0
38300,2.0
38300,2.0
38300,2.0
38300,2.0
38300,2.0
38300,2.0
38300,2.0
38300,2.0
38300,2.0
38300,2.0
38300,2.0
38300,2.0
38300,2.0
38300,2.0
38400,2.0
38400,2.0
38400,2.0
38400,2.0
38400,2.0
38400,2.0
38400,2.0
38400,2.0
38400,2.0
38400,2.0
38400,2.0
38400,2.0
38400,2.0
38400,2.0
38400,2.0
38400,2.0
38400,2.0
38500,2.0
38500,2.0
38500,2.0
38500,2.0
38500,2.0
38500,2.0
38500,2.0
38500,2.0
38500,2.0
38500,2.0
38500,2.0
38500,2.0
38500,2.0
38500,2.0
38500,2.0
38500,2.0
38500,2.0
38500,2.0
38600,2.0
38600,2.0
38600,2.0
38600,2.0
38600,2.0
38600,2.0
38600,2.0
38600,2.0
38600,2.0
38600,2.0
38600,2.0
38600,2.0
38600,2.0
38600,2.0
38600,2.0
38600,2.0
38600,2.0
38600,2.0
38600,2.0
38600,2.0
38600,2.0
38600,2.0
38600,2.0
38600,2.0
38600,2.0
38600,2.0
38600,2.0
38600,2.0
38600,2.0
38600,2.0
38600,2.0
38600,2.0
38700,2.0
38700,2.0
38700,2.0
38700,2.0
38700,2.0
38700,2.0
38700,2.0
38700,2.0
38700,2.0
38700,2.0
38700,2.0
38700,2.0
38700,2.0
38700,2.0
38700,2.0
38700,2.0
38700,2.0
38700,2.0
38700,2.0
38700,2.0
38700,2.0
38700,2.0
38700,2.0
38700,2.0
38700,2.0
38700,2.0
38700,2.0
38700,2.0
38700,2.0
38700,2.0
38700,2.0
38700,2.0
38700,2.0
38800,2.0
38800,2.0
38800,2.0
38800,2.0
38800,2.0
38800,2.0
38800,2.0
38800,2.0
38800,2.0
38800,2.0
38800,2.0
38800,2.0
38800,2.0
38800,2.0
38800,2.0
38800,2.0
38800,2.0
38900,2.0
38900,2.0
38900,2.0
38900,2.0
38900,2.0
38900,2.0
38900,2.0
38900,2.0
38900,2.0
38900,2.0
38900,2.0
38900,2.0
38900,2.0
38900,2.0
38900,2.0
38900,2.0
38900,2.0
38900,2.0
39000,2.0
39000,2.0
39000,2.0
39000,2.0
39000,2.0
39000,2.0
39000,2.0
39000,2.0
39000,2.0
39000,2.0
39000,2.0
39000,2.0
39000,2.0
39000,2.0
39000,2.0
39000,2.0
39000,2.0
39000,2.0
39000,2.0
39000,2.0
39000,2.0
39000,2.0
39000,2.0
39000,2.0
39000,2.0
39000,2.0
39000,2.0
39000,2.0
39000,2.0
39000,2.0
39000,2.0
39000,2.0
39100,2.0
39100,2.0
39100,2.0
39100,2.0
39100,2.0
39100,2.0
39100,2.0
39100,2.0
39100,2.0
39100,2.0
39100,2.0
39100,2.0
39100,2.0
39100,2.0
39100,2.0
39100,2.0
39100,2.0
39100,2.0
39100,2.0
39100,2.0
39100,2.0
39100,2.0
39100,2.0
39100,2.0
39100,2.0
39100,2.0
39100,2.0
39100,2.0
39100,2.0
39100,2.0
39100,2.0
39100,2.0
39100,2.0
39200,2.0
39200,2.0
39200,2.0
39200,2.0
39200,2.0
39200,2.0
39200,2.0
39200,2.0
39200,2.0
39200,2.0
39200,2.0
39200,2.0
39200,2.0
39200,2.0
39200,2.0
39200,2.0
39200,2.0
39300,2.0
39300,2.0
39300,2.0
39300,2.0
39300,2.0
39300,2.0
39300,2.0
39300,2.0
39300,2.0
39300,2.0
39300,2.0
39300,2.0
39300,2.0
39300,2.0
39300,2.0
39300,2.0
39300,2.0
39300,2.0
39400,2.0
39400,2.0
39400,2.0
39400,2.0
39400,2.0
39400,2.0
39400,2.0
39400,2.0
39400,2.0
39400,2.0
39400,2.0
39400,2.0
39400,2.0
39400,2.0
39400,2.0
39400,2.0
39400,2.0
39400,2.0
39400,2.0
39400,2.0
39400,2.0
39400,2.0
39400,2.0
39400,2.0
39400,2.0
39400,2.0
39400,2.0
39400,2.0
39400,2.0
39400,2.0
39400,2.0
39400,2.0
39500,2.0
39500,2.0
39500,2.0
39500,2.0
39500,2.0
39500,2.0
39500,2.0
39500,2.0
39500,2.0
39500,2.0
39500,2.0
39500,2.0
39500,2.0
39500,2.0
39500,2.0
39500,2.0
39500,2.0
39500,2.0
39500,2.0
39500,2.0
39500,2.0
39500,2.0
39500,2.0
39500,2.0
39500,2.0
39500,2.0
39500,2.0
39500,2.0
39500,2.0
39500,2.0
39500,2.0
39500,2.0
39500,2.0
39600,2.0
39600,2.0
39600,2.0
39600,2.0
39600,2.0
39600,2.0
39600,2.0
39600,2.0
39600,2.0
39600,2.0
39600,2.0
39600,2.0
39600,2.0
39600,2.0
39600,2.0
39600,2.0
39600,2.0
39700,2.0
39700,2.0
39700,2.0
39700,2.0
39700,2.0
39700,2.0
39700,2.0
39700,2.0
39700,2.0
39700,2.0
39700,2.0
39700,2.0
39700,2.0
39700,2.0
39700,2.0
39700,2.0
39700,2.0
39700,2.0
39800,2.0
39800,2.0
39800,2.0
39800,2.0
39800,2.0
39800,2.0
39800,2.0
39800,2.0
39800,2.0
39800,2.0
39800,2.0
39800,2.0
39800,2.0
39800,2.0
39800,2.0
39800,2.0
39800,2.0
39800,2.0
39800,2.0
39800,2.0
39800,2.0
39800,2.0
39800,2.0
39800,2.0
39800,2.0
39800,2.0
39800,2.0
39800,2.0
39800,2.0
39800,2.0
39800,2.0
39800,2.0
39900,2.0
39900,2.0
39900,2.0
39900,2.0
39900,2.0
39900,2.0
39900,2.0
39900,2.0
39900,2.0
39900,2.0
39900,2.0
39900,2.0
39900,2.0
39900,2.0
39900,2.0
39900,2.0
39900,2.0
39900,2.0
39900,2.0
39900,2.0
39900,2.0
39900,2.0
39900,2.0
39900,2.0
39900,2.0
39900,2.0
39900,2.0
39900,2.0
39900,2.0
39900,2.0
39900,2.0
39900,2.0
39900,2.0
40000,2.0
40000,2.0
40000,2.0
40000,2.0
40000,2.0
40000,2.0
40000,2.0
40000,2.0
40000,2.0
40000,2.0
40000,2.0
40000,2.0
40000,2.0
40000,2.0
40000,2.0
40000,2.0
40000,2.0
40100,2.0
40100,2.0
40100,2.0
40100,2.0
40100,2.0
40100,2.0
40100,2.0
40100,2.0
40100,2.0
40100,2.0
40100,2.0
40100,2.0
40100,2.0
40100,2.0
40100,2.0
40100,2.0
40100,2.0
40100,2.0
40200,2.0
40200,2.0
40200,2.0
40200,2.0
40200,2.0
40200,2.0
40200,2.0
40200,2.0
40200,2.0
40200,2.0
40200,2.0
40200,2.0
40200,2.0
40200,2.0
40200,2.0
40200,2.0
40200,2.0
40200,2.0
40200,2.0
40200,2.0
40200,2.0
40200,2.0
40200,2.0
40200,2.0
40200,2.0
40200,2.0
40200,2.0
40200,2.0
40200,2.0
40200,2.0
40200,2.0
40200,2.0
40300,2.0
40300,2.0
40300,2.0
40300,2.0
40300,2.0
40300,2.0
40300,2.0
40300,2.0
40300,2.0
40300,2.0
40300,2.0
40300,2.0
40300,2.0
40300,2.0
40300,2.0
40300,2.0
40300,2.0
40300,2.0
40300,2.0
40300,2.0
40300,2.0
40300,2.0
40300,2.0
40300,2.0
40300,2.0
40300,2.0
40300,2.0
40300,2.0
40300,2.0
40300,2.0
40300,2.0
40300,2.0
40300,2.0
40400,2.0
40400,2.0
40400,2.0
40400,2.0
40400,2.0
40400,2.0
40400,2.0
40400,2.0
40400,2.0
40400,2.0
40400,2.0
40400,2.0
40400,2.0
40400,2.0
40400,2.0
40400,2.0
40400,2.0
40500,2.0
40500,2.0
40500,2.0
40500,2.0
40500,2.0
40500,2.0
40500,2.0
40500,2.0
40500,2.0
40500,2.0
40500,2.0
40500,2.0
40500,2.0
40500,2.0
40500,2.0
40500,2.0
40500,2.0
40500,2.0
40600,2.0
40600,2.0
40600,2.0
40600,2.0
40600,2.0
40600,2.0
40600,2.0
40600,2.0
40600,2.0
40600,2.0
40600,2.0
40600,2.0
40600,2.0
40600,2.0
40600,2.0
40600,2.0
40600,2.0
40600,2.0
40600,2.0
40600,2.0
40600,2.0
40600,2.0
40600,2.0
40600,2.0
40600,2.0
40600,2.0
40600,2.0
40600,2.0
40600,2.0
40600,2.0
40600,2.0
40600,2.0
40700,2.0
40700,2.0
40700,2.0
40700,2.0
40700,2.0
40700,2.0
40700,2.0
40700,2.0
40700,2.0
40700,2.0
40700,2.0
40700,2.0
40700,2.0
40700,2.0
40700,2.0
40700,2.0
40700,2.0
40700,2.0
40700,2.0
40700,2.0
40700,2.0
40700,2.0
40700,2.0
40700,2.0
40700,2.0
40700,2.0
40700,2.0
40700,2.0
40700,2.0
40700,2.0
40700,2.0
40700,2.0
40700,2.0
40800,2.0
40800,2.0
40800,2.0
40800,2.0
40800,2.0
40800,2.0
40800,2.0
40800,2.0
40800,2.0
40800,2.0
40800,2.0
40800,2.0
40800,2.0
40800,2.0
40800,2.0
40800,2.0
40800,2.0
40900,2.0
40900,2.0
40900,2.0
40900,2.0
40900,2.0
40900,2.0
40900,2.0
40900,2.0
40900,2.0
40900,2.0
40900,2.0
40900,2.0
40900,2.0
40900,2.0
40900,2.0
40900,2.0
40900,2.0
40900,2.0
41000,2.0
41000,2.0
41000,2.0
41000,2.0
41000,2.0
41000,2.0
41000,2.0
41000,2.0
41000,2.0
41000,2.0
41000,2.0
41000,2.0
41000,2.0
41000,2.0
41000,2.0
41000,2.0
41000,2.0
41000,2.0
41000,2.0
41000,2.0
41000,2.0
41000,2.0
41000,2.0
41000,2.0
41000,2.0
41000,2.0
41000,2.0
41000,2.0
41000,2.0
41000,2.0
41000,2.0
41000,2.0
41100,2.0
41100,2.0
41100,2.0
41100,2.0
41100,2.0
41100,2.0
41100,2.0
41100,2.0
41100,2.0
41100,2.0
41100,2.0
41100,2.0
41100,2.0
41100,2.0
41100,2.0
41100,2.0
41100,2.0
41100,2.0
41100,2.0
41100,2.0
41100,2.0
41100,2.0
41100,2.0
41100,2.0
41100,2.0
41100,2.0
41100,2.0
41100,2.0
41100,2.0
41100,2.0
41100,2.0
41100,2.0
41100,2.0
41200,2.0
41200,2.0
41200,2.0
41200,2.0
41200,2.0
41200,2.0
41200,2.0
41200,2.0
41200,2.0
41200,2.0
41200,2.0
41200,2.0
41200,2.0
41200,2.0
41200,2.0
41200,2.0
41200,2.0
41300,2.0
41300,2.0
41300,2.0
41300,2.0
41300,2.0
41300,2.0
41300,2.0
41300,2.0
41300,2.0
41300,2.0
41300,2.0
41300,2.0
41300,2.0
41300,2.0
41300,2.0
41300,2.0
41300,2.0
41300,2.0
41400,2.0
41400,2.0
41400,2.0
41400,2.0
41400,2.0
41400,2.0
41400,2.0
41400,2.0
41400,2.0
41400,2.0
41400,2.0
41400,2.0
41400,2.0
41400,2.0
41400,2.0
41400,2.0
41400,2.0
41400,2.0
41400,2.0
41400,2.0
41400,2.0
41400,2.0
41400,2.0
41400,2.0
41400,2.0
41400,2.0
41400,2.0
41400,2.0
41400,2.0
41400,2.0
41400,2.0
41400,2.0
41500,2.0
41500,2.0
41500,2.0
41500,2.0
41500,2.0
41500,2.0
41500,2.0
41500,2.0
41500,2.0
41500,2.0
41500,2.0
41500,2.0
41500,2.0
41500,2.0
41500,2.0
41500,2.0
41500,2.0
41500,2.0
41500,2.0
41500,2.0
41500,2.0
41500,2.0
41500,2.0
41500,2.0
41500,2.0
41500,2.0
41500,2.0
41500,2.0
41500,2.0
41500,2.0
41500,2.0
41500,2.0
41500,2.0
41600,2.0
41600,2.0
41600,2.0
41600,2.0
41600,2.0
41600,2.0
41600,2.0
41600,2.0
41600,2.0
41600,2.0
41600,2.0
41600,2.0
41600,2.0
41600,2.0
41600,2.0
41600,2.0
41600,2.0
41700,2.0
41700,2.0
41700,2.0
41700,2.0
41700,2.0
41700,2.0
41700,2.0
41700,2.0
41700,2.0
41700,2.0
41700,2.0
41700,2.0
41700,2.0
41700,2.0
41700,2.0
41700,2.0
41700,2.0
41700,2.0
41800,2.0
41800,2.0
41800,2.0
41800,2.0
41800,2.0
41800,2.0
41800,2.0
41800,2.0
41800,2.0
41800,2.0
41800,2.0
41800,2.0
41800,2.0
41800,2.0
41800,2.0
41800,2.0
41800,2.0
41800,2.0
41800,2.0
41800,2.0
41800,2.0
41800,2.0
41800,2.0
41800,2.0
41800,2.0
41800,2.0
41800,2.0
41800,2.0
41800,2.0
41800,2.0
41800,2.0
41800,2.0
41900,2.0
41900,2.0
41900,2.0
41900,2.0
41900,2.0
41900,2.0
41900,2.0
41900,2.0
41900,2.0
41900,2.0
41900,2.0
41900,2.0
41900,2.0
41900,2.0
41900,2.0
41900,2.0
41900,2.0
41900,2.0
41900,2.0
41900,2.0
41900,2.0
41900,2.0
41900,2.0
41900,2.0
41900,2.0
41900,2.0
41900,2.0
41900,2.0
41900,2.0
41900,2.0
41900,2.0
41900,2.0
41900,2.0
42000,2.0
42000,2.0
42000,2.0
42000,2.0
42000,2.0
42000,2.0
42000,2.0
42000,2.0
42000,2.0
42000,2.0
42000,2.0
42000,2.0
42000,2.0
42000,2.0
42000,2.0
42000,2.0
42000,2.0
42100,2.0
42100,2.0
42100,2.0
42100,2.0
42100,2.0
42100,2.0
42100,2.0
42100,2.0
42100,2.0
42100,2.0
42100,2.0
42100,2.0
42100,2.0
42100,2.0
42100,2.0
42100,2.0
42100,2.0
42100,2.0
42200,2.0
42200,2.0
42200,2.0
42200,2.0
42200,2.0
42200,2.0
42200,2.0
42200,2.0
42200,2.0
42200,2.0
42200,2.0
42200,2.0
42200,2.0
42200,2.0
42200,2.0
42200,2.0
42200,2.0
42200,2.0
42200,2.0
42200,2.0
42200,2.0
42200,2.0
42200,2.0
42200,2.0
42200,2.0
42200,2.0
42200,2.0
42200,2.0
42200,2.0
42200,2.0
42200,2.0
42200,2.0
42300,2.0
42300,2.0
42300,2.0
42300,2.0
42300,2.0
42300,2.0
42300,2.0
42300,2.0
42300,2.0
42300,2.0
42300,2.0
42300,2.0
42300,2.0
42300,2.0
42300,2.0
42300,2.0
42300,2.0
42300,2.0
42300,2.0
42300,2.0
42300,2.0
42300,2.0
42300,2.0
42300,2.0
42300,2.0
42300,2.0
42300,2.0
42300,2.0
42300,2.0
42300,2.0
42300,2.0
42300,2.0
42300,2.0
42400,2.0
42400,2.0
42400,2.0
42400,2.0
42400,2.0
42400,2.0
42400,2.0
42400,2.0
42400,2.0
42400,2.0
42400,2.0
42400,2.0
42400,2.0
42400,2.0
42400,2.0
42400,2.0
42400,2.0
42500,2.0
42500,2.0
42500,2.0
42500,2.0
42500,2.0
42500,2.0
42500,2.0
42500,2.0
42500,2.0
42500,2.0
42500,2.0
42500,2.0
42500,2.0
42500,2.0
42500,2.0
42500,2.0
42500,2.0
42500,2.0
42600,2.0
42600,2.0
42600,2.0
42600,2.0
42600,2.0
42600,2.0
42600,2.0
42600,2.0
42600,2.0
42600,2.0
42600,2.0
42600,2.0
42600,2.0
42600,2.0
42600,2.0
42600,2.0
42600,2.0
42600,2.0
42600,2.0
42600,2.0
42600,2.0
42600,2.0
42600,2.0
42600,2.0
42600,2.0
42600,2.0
42600,2.0
42600,2.0
42600,2.0
42600,2.0
42600,2.0
42600,2.0
42700,2.0
42700,2.0
42700,2.0
42700,2.0
42700,2.0
42700,2.0
42700,2.0
42700,2.0
42700,2.0
42700,2.0
42700,2.0
42700,2.0
42700,2.0
42700,2.0
42700,2.0
42700,2.0
42700,2.0
42700,2.0
42700,2.0
42700,2.0
42700,2.0
42700,2.0
42700,2.0
42700,2.0
42700,2.0
42700,2.0
42700,2.0
42700,2.0
42700,2.0
42700,2.0
42700,2.0
42700,2.0
42700,2.0
42800,2.0
42800,2.0
42800,2.0
42800,2.0
42800,2.0
42800,2.0
42800,2.0
42800,2.0
42800,2.0
42800,2.0
42800,2.0
42800,2.0
42800,2.0
42800,2.0
42800,2.0
42800,2.0
42800,2.0
42900,2.0
42900,2.0
42900,2.0
42900,2.0
42900,2.0
42900,2.0
42900,2.0
42900,2.0
42900,2.0
42900,2.0
42900,2.0
42900,2.0
42900,2.0
42900,2.0
42900,2.0
42900,2.0
42900,2.0
42900,2.0
43000,2.0
43000,2.0
43000,2.0
43000,2.0
43000,2.0
43000,2.0
43000,2.0
43000,2.0
43000,2.0
43000,2.0
43000,2.0
43000,2.0
43000,2.0
43000,2.0
43000,2.0
43000,2.0
43000,2.0
43000,2.0
43000,2.0
43000,2.0
43000,2.0
43000,2.0
43000,2.0
43000,2.0
43000,2.0
43000,2.0
43000,2.0
43000,2.0
43000,2.0
43000,2.0
43000,2.0
43000,2.0
43100,2.0
43100,2.0
43100,2.0
43100,2.0
43100,2.0
43100,2.0
43100,2.0
43100,2.0
43100,2.0
43100,2.0
43100,2.0
43100,2.0
43100,2.0
43100,2.0
43100,2.0
43100,2.0
43100,2.0
43100,2.0
43100,2.0
43100,2.0
43100,2.0
43100,2.0
43100,2.0
43100,2.0
43100,2.0
43100,2.0
43100,2.0
43100,2.0
43100,2.0
43100,2.0
43100,2.0
43100,2.0
43100,2.0
43200,2.0
43200,2.0
43200,2.0
43200,2.0
43200,2.0
43200,2.0
43200,2.0
43200,2.0
43200,2.0
43200,2.0
43200,2.0
43200,2.0
43200,2.0
43200,2.0
43200,2.0
43200,2.0
43200,2.0
43300,2.0
43300,2.0
43300,2.0
43300,2.0
43300,2.0
43300,2.0
43300,2.0
43300,2.0
43300,2.0
43300,2.0
43300,2.0
43300,2.0
43300,2.0
43300,2.0
43300,2.0
43300,2.0
43300,2.0
43300,2.0
43400,2.0
43400,2.0
43400,2.0
43400,2.0
43400,2.0
43400,2.0
43400,2.0
43400,2.0
43400,2.0
43400,2.0
43400,2.0
43400,2.0
43400,2.0
43400,2.0
43400,2.0
43400,2.0
43400,2.0
43400,2.0
43400,2.0
43400,2.0
43400,2.0
43400,2.0
43400,2.0
43400,2.0
43400,2.0
43400,2.0
43400,2.0
43400,2.0
43400,2.0
43400,2.0
43400,2.0
43400,2.0
43500,2.0
43500,2.0
43500,2.0
43500,2.0
43500,2.0
43500,2.0
43500,2.0
43500,2.0
43500,2.0
43500,2.0
43500,2.0
43500,2.0
43500,2.0
43500,2.0
43500,2.0
43500,2.0
43500,2.0
43500,2.0
43500,2.0
43500,2.0
43500,2.0
43500,2.0
43500,2.0
43500,2.0
43500,2.0
43500,2.0
43500,2.0
43500,2.0
43500,2.0
43500,2.0
43500,2.0
43500,2.0
43500,2.0
43600,2.0
43600,2.0
43600,2.0
43600,2.0
43600,2.0
43600,2.0
43600,2.0
43600,2.0
43600,2.0
43600,2.0
43600,2.0
43600,2.0
43600,2.0
43600,2.0
43600,2.0
43600,2.0
43600,2.0
43700,2.0
43700,2.0
43700,2.0
43700,2.0
43700,2.0
43700,2.0
43700,2.0
43700,2.0
43700,2.0
43700,2.0
43700,2.0
43700,2.0
43700,2.0
43700,2.0
43700,2.0
43700,2.0
43700,2.0
43700,2.0
43800,2.0
43800,2.0
43800,2.0
43800,2.0
43800,2.0
43800,2.0
43800,2.0
43800,2.0
43800,2.0
43800,2.0
43800,2.0
43800,2.0
43800,2.0
43800,2.0
43800,2.0
43800,2.0
43800,2.0
43800,2.0
43800,2.0
43800,2.0
43800,2.0
43800,2.0
43800,2.0
43800,2.0
43800,2.0
43800,2.0
43800,2.0
43800,2.0
43800,2.0
43800,2.0
43800,2.0
43800,2.0
43900,2.0
43900,2.0
43900,2.0
43900,2.0
43900,2.0
43900,2.0
43900,2.0
43900,2.0
43900,2.0
43900,2.0
43900,2.0
43900,2.0
43900,2.0
43900,2.0
43900,2.0
43900,2.0
43900,2.0
43900,2.0
43900,2.0
43900,2.0
43900,2.0
43900,2.0
43900,2.0
43900,2.0
43900,2.0
43900,2.0
43900,2.0
43900,2.0
43900,2.0
43900,2.0
43900,2.0
43900,2.0
43900,2.0
44000,2.0
44000,2.0
44000,2.0
44000,2.0
44000,2.0
44000,2.0
44000,2.0
44000,2.0
44000,2.0
44000,2.0
44000,2.0
44000,2.0
44000,2.0
44000,2.0
44000,2.0
44000,2.0
44000,2.0
44100,2.0
44100,2.0
44100,2.0
44100,2.0
44100,2.0
44100,2.0
44100,2.0
44100,2.0
44100,2.0
44100,2.0
44100,2.0
44100,2.0
44100,2.0
44100,2.0
44100,2.0
44100,2.0
44100,2.0
44100,2.0
44200,2.0
44200,2.0
44200,2.0
44200,2.0
44200,2.0
44200,2.0
44200,2.0
44200,2.0
44200,2.0
44200,2.0
44200,2.0
44200,2.0
44200,2.0
44200,2.0
44200,2.0
44200,2.0
44200,2.0
44200,2.0
44200,2.0
44200,2.0
44200,2.0
44200,2.0
44200,2.0
44200,2.0
44200,2.0
44200,2.0
44200,2.0
44200,2.0
44200,2.0
44200,2.0
44200,2.0
44200,2.0
44300,2.0
44300,2.0
44300,2.0
44300,2.0
44300,2.0
44300,2.0
44300,2.0
44300,2.0
44300,2.0
44300,2.0
44300,2.0
44300,2.0
44300,2.0
44300,2.0
44300,2.0
44300,2.0
44300,2.0
44300,2.0
44300,2.0
44300,2.0
44300,2.0
44300,2.0
44300,2.0
44300,2.0
44300,2.0
44300,2.0
44300,2.0
44300,2.0
44300,2.0
44300,2.0
44300,2.0
44300,2.0
44300,2.0
44400,2.0
44400,2.0
44400,2.0
44400,2.0
44400,2.0
44400,2.0
44400,2.0
44400,2.0
44400,2.0
44400,2.0
44400,2.0
44400,2.0
44400,2.0
44400,2.0
44400,2.0
44400,2.0
44400,2.0
44500,2.0
44500,2.0
44500,2.0
44500,2.0
44500,2.0
44500,2.0
44500,2.0
44500,2.0
44500,2.0
44500,2.0
44500,2.0
44500,2.0
44500,2.0
44500,2.0
44500,2.0
44500,2.0
44500,2.0
44500,2.0
44600,2.0
44600,2.0
44600,2.0
44600,2.0
44600,2.0
44600,2.0
44600,2.0
44600,2.0
44600,2.0
44600,2.0
44600,2.0
44600,2.0
44600,2.0
44600,2.0
44600,2.0
44600,2.0
44600,2.0
44600,2.0
44600,2.0
44600,2.0
44600,2.0
44600,2.0
44600,2.0
44600,2.0
44600,2.0
44600,2.0
44600,2.0
44600,2.0
44600,2.0
44600,2.0
44600,2.0
44600,2.0
44700,2.0
44700,2.0
44700,2.0
44700,2.0
44700,2.0
44700,2.0
44700,2.0
44700,2.0
44700,2.0
44700,2.0
44700,2.0
44700,2.0
44700,2.0
44700,2.0
44700,2.0
44700,2.0
44700,2.0
44700,2.0
44700,2.0
44700,2.0
44700,2.0
44700,2.0
44700,2.0
44700,2.0
44700,2.0
44700,2.0
44700,2.0
44700,2.0
44700,2.0
44700,2.0
44700,2.0
44700,2.0
44700,2.0
44800,2.0
44800,2.0
44800,2.0
44800,2.0
44800,2.0
44800,2.0
44800,2.0
44800,2.0
44800,2.0
44800,2.0
44800,2.0
44800,2.0
44800,2.0
44800,2.0
44800,2.0
44800,2.0
44800,2.0
44900,2.0
44900,2.0
44900,2.0
44900,2.0
44900,2.0
44900,2.0
44900,2.0
44900,2.0
44900,2.0
44900,2.0
44900,2.0
44900,2.0
44900,2.0
44900,2.0
44900,2.0
44900,2.0
44900,2.0
44900,2.0
45000,2.0
45000,2.0
45000,2.0
45000,2.0
45000,2.0
45000,2.0
45000,2.0
45000,2.0
45000,2.0
45000,2.0
45000,2.0
45000,2.0
45000,2.0
45000,2.0
45000,2.0
45000,2.0
45000,2.0
45000,2.0
45000,2.0
45000,2.0
45000,2.0
45000,2.0
45000,2.0
45000,2.0
45000,2.0
45000,2.0
45000,2.0
45000,2.0
45000,2.0
45000,2.0
45000,2.0
45000,2.0
45100,2.0
45100,2.0
45100,2.0
45100,2.0
45100,2.0
45100,2.0
45100,2.0
45100,2.0
45100,2.0
45100,2.0
45100,2.0
45100,2.0
45100,2.0
45100,2.0
45100,2.0
45100,2.0
45100,2.0
45100,2.0
45100,2.0
45100,2.0
45100,2.0
45100,2.0
45100,2.0
45100,2.0
45100,2.0
45100,2.0
45100,2.0
45100,2.0
45100,2.0
45100,2.0
45100,2.0
45100,2.0
45100,2.0
45200,2.0
45200,2.0
45200,2.0
45200,2.0
45200,2.0
45200,2.0
45200,2.0
45200,2.0
45200,2.0
45200,2.0
45200,2.0
45200,2.0
45200,2.0
45200,2.0
45200,2.0
45200,2.0
45200,2.0
45300,2.0
45300,2.0
45300,2.0
45300,2.0
45300,2.0
45300,2.0
45300,2.0
45300,2.0
45300,2.0
45300,2.0
45300,2.0
45300,2.0
45300,2.0
45300,2.0
45300,2.0
45300,2.0
45300,2.0
45300,2.0
45400,2.0
45400,2.0
45400,2.0
45400,2.0
45400,2.0
45400,2.0
45400,2.0
45400,2.0
45400,2.0
45400,2.0
45400,2.0
45400,2.0
45400,2.0
45400,2.0
45400,2.0
45400,2.0
45400,2.0
45400,2.0
45400,2.0
45400,2.0
45400,2.0
45400,2.0
45400,2.0
45400,2.0
45400,2.0
45400,2.0
45400,2.0
45400,2.0
45400,2.0
45400,2.0
45400,2.0
45400,2.0
45500,2.0
45500,2.0
45500,2.0
45500,2.0
45500,2.0
45500,2.0
45500,2.0
45500,2.0
45500,2.0
45500,2.0
45500,2.0
45500,2.0
45500,2.0
45500,2.0
45500,2.0
45500,2.0
45500,2.0
45500,2.0
45500,2.0
45500,2.0
45500,2.0
45500,2.0
45500,2.0
45500,2.0
45500,2.0
45500,2.0
45500,2.0
45500,2.0
45500,2.0
45500,2.0
45500,2.0
45500,2.0
45500,2.0
45600,2.0
45600,2.0
45600,2.0
45600,2.0
45600,2.0
45600,2.0
45600,2.0
45600,2.0
45600,2.0
45600,2.0
45600,2.0
45600,2.0
45600,2.0
45600,2.0
45600,2.0
45600,2.0
45600,2.0
45700,2.0
45700,2.0
45700,2.0
45700,2.0
45700,2.0
45700,2.0
45700,2.0
45700,2.0
45700,2.0
45700,2.0
45700,2.0
45700,2.0
45700,2.0
45700,2.0
45700,2.0
45700,2.0
45700,2.0
45700,2.0
45800,2.0
45800,2.0
45800,2.0
45800,2.0
45800,2.0
45800,2.0
45800,2.0
45800,2.0
45800,2.0
45800,2.0
45800,2.0
45800,2.0
45800,2.0
45800,2.0
45800,2.0
45800,2.0
45800,2.0
45800,2.0
45800,2.0
45800,2.0
45800,2.0
45800,2.0
45800,2.0
45800,2.0
45800,2.0
45800,2.0
45800,2.0
45800,2.0
45800,2.0
45800,2.0
45800,2.0
45800,2.0
45900,2.0
45900,2.0
45900,2.0
45900,2.0
45900,2.0
45900,2.0
45900,2.0
45900,2.0
45900,2.0
45900,2.0
45900,2.0
45900,2.0
45900,2.0
45900,2.0
45900,2.0
45900,2.0
45900,2.0
45900,2.0
45900,2.0
45900,2.0
45900,2.0
45900,2.0
45900,2.0
45900,2.0
45900,2.0
45900,2.0
45900,2.0
45900,2.0
45900,2.0
45900,2.0
45900,2.0
45900,2.0
45900,2.0
46000,2.0
46000,2.0
46000,2.0
46000,2.0
46000,2.0
46000,2.0
46000,2.0
46000,2.0
46000,2.0
46000,2.0
46000,2.0
46000,2.0
46000,2.0
46000,2.0
46000,2.0
46000,2.0
46000,2.0
46100,2.0
46100,2.0
46100,2.0
46100,2.0
46100,2.0
46100,2.0
46100,2.0
46100,2.0
46100,2.0
46100,2.0
46100,2.0
46100,2.0
46100,2.0
46100,2.0
46100,2.0
46100,2.0
46100,2.0
46100,2.0
46200,2.0
46200,2.0
46200,2.0
46200,2.0
46200,2.0
46200,2.0
46200,2.0
46200,2.0
46200,2.0
46200,2.0
46200,2.0
46200,2.0
46200,2.0
46200,2.0
46200,2.0
46200,2.0
46200,2.0
46200,2.0
46200,2.0
46200,2.0
46200,2.0
46200,2.0
46200,2.0
46200,2.0
46200,2.0
46200,2.0
46200,2.0
46200,2.0
46200,2.0
46200,2.0
46200,2.0
46200,2.0
46300,2.0
46300,2.0
46300,2.0
46300,2.0
46300,2.0
46300,2.0
46300,2.0
46300,2.0
46300,2.0
46300,2.0
46300,2.0
46300,2.0
46300,2.0
46300,2.0
46300,2.0
46300,2.0
46300,2.0
46300,2.0
46300,2.0
46300,2.0
46300,2.0
46300,2.0
46300,2.0
46300,2.0
46300,2.0
46300,2.0
46300,2.0
46300,2.0
46300,2.0
46300,2.0
46300,2.0
46300,2.0
46300,2.0
46400,2.0
46400,2.0
46400,2.0
46400,2.0
46400,2.0
46400,2.0
46400,2.0
46400,2.0
46400,2.0
46400,2.0
46400,2.0
46400,2.0
46400,2.0
46400,2.0
46400,2.0
46400,2.0
46400,2.0
46500,2.0
46500,2.0
46500,2.0
46500,2.0
46500,2.0
46500,2.0
46500,2.0
46500,2.0
46500,2.0
46500,2.0
46500,2.0
46500,2.0
46500,2.0
46500,2.0
46500,2.0
46500,2.0
46500,2.0
46500,2.0
46600,2.0
46600,2.0
46600,2.0
46600,2.0
46600,2.0
46600,2.0
46600,2.0
46600,2.0
46600,2.0
46600,2.0
46600,2.0
46600,2.0
46600,2.0
46600,2.0
46600,2.0
46600,2.0
46600,2.0
46600,2.0
46600,2.0
46600,2.0
46600,2.0
46600,2.0
46600,2.0
46600,2.0
46600,2.0
46600,2.0
46600,2.0
46600,2.0
46600,2.0
46600,2.0
46600,2.0
46600,2.0
46700,2.0
46700,2.0
46700,2.0
46700,2.0
46700,2.0
46700,2.0
46700,2.0
46700,2.0
46700,2.0
46700,2.0
46700,2.0
46700,2.0
46700,2.0
46700,2.0
46700,2.0
46700,2.0
46700,2.0
46700,2.0
46700,2.0
46700,2.0
46700,2.0
46700,2.0
46700,2.0
46700,2.0
46700,2.0
46700,2.0
46700,2.0
46700,2.0
46700,2.0
46700,2.0
46700,2.0
46700,2.0
46700,2.0
46800,2.0
46800,2.0
46800,2.0
46800,2.0
46800,2.0
46800,2.0
46800,2.0
46800,2.0
46800,2.0
46800,2.0
46800,2.0
46800,2.0
46800,2.0
46800,2.0
46800,2.0
46800,2.0
46800,2.0
46900,2.0
46900,2.0
46900,2.0
46900,2.0
46900,2.0
46900,2.0
46900,2.0
46900,2.0
46900,2.0
46900,2.0
46900,2.0
46900,2.0
46900,2.0
46900,2.0
46900,2.0
46900,2.0
46900,2.0
46900,2.0
47000,2.0
47000,2.0
47000,2.0
47000,2.0
47000,2.0
47000,2.0
47000,2.0
47000,2.0
47000,2.0
47000,2.0
47000,2.0
47000,2.0
47000,2.0
47000,2.0
47000,2.0
47000,2.0
47000,2.0
47000,2.0
47000,2.0
47000,2.0
47000,2.0
47000,2.0
47000,2.0
47000,2.0
47000,2.0
47000,2.0
47000,2.0
47000,2.0
47000,2.0
47000,2.0
47000,2.0
47000,2.0
47100,2.0
47100,2.0
47100,2.0
47100,2.0
47100,2.0
47100,2.0
47100,2.0
47100,2.0
47100,2.0
47100,2.0
47100,2.0
47100,2.0
47100,2.0
47100,2.0
47100,2.0
47100,2.0
47100,2.0
47100,2.0
47100,2.0
47100,2.0
47100,2.0
47100,2.0
47100,2.0
47100,2.0
47100,2.0
47100,2.0
47100,2.0
47100,2.0
47100,2.0
47100,2.0
47100,2.0
47100,2.0
47100,2.0
47200,2.0
47200,2.0
47200,2.0
47200,2.0
47200,2.0
47200,2.0
47200,2.0
47200,2.0
47200,2.0
47200,2.0
47200,2.0
47200,2.0
47200,2.0
47200,2.0
47200,2.0
47200,2.0
47200,2.0
47300,2.0
47300,2.0
47300,2.0
47300,2.0
47300,2.0
47300,2.0
47300,2.0
47300,2.0
47300,2.0
47300,2.0
47300,2.0
47300,2.0
47300,2.0
47300,2.0
47300,2.0
47300,2.0
47300,2.0
47300,2.0
47400,2.0
47400,2.0
47400,2.0
47400,2.0
47400,2.0
47400,2.0
47400,2.0
47400,2.0
47400,2.0
47400,2.0
47400,2.0
47400,2.0
47400,2.0
47400,2.0
47400,2.0
47400,2.0
47400,2.0
47400,2.0
47400,2.0
47400,2.0
47400,2.0
47400,2.0
47400,2.0
47400,2.0
47400,2.0
47400,2.0
47400,2.0
47400,2.0
47400,2.0
47400,2.0
47400,2.0
47400,2.0
47500,2.0
47500,2.0
47500,2.0
47500,2.0
47500,2.0
47500,2.0
47500,2.0
47500,2.0
47500,2.0
47500,2.0
47500,2.0
47500,2.0
47500,2.0
47500,2.0
47500,2.0
47500,2.0
47500,2.0
47500,2.0
47500,2.0
47500,2.0
47500,2.0
47500,2.0
47500,2.0
47500,2.0
47500,2.0
47500,2.0
47500,2.0
47500,2.0
47500,2.0
47500,2.0
47500,2.0
47500,2.0
47500,2.0
47600,2.0
47600,2.0
47600,2.0
47600,2.0
47600,2.0
47600,2.0
47600,2.0
47600,2.0
47600,2.0
47600,2.0
47600,2.0
47600,2.0
47600,2.0
47600,2.0
47600,2.0
47600,2.0
47600,2.0
47700,2.0
47700,2.0
47700,2.0
47700,2.0
47700,2.0
47700,2.0
47700,2.0
47700,2.0
47700,2.0
47700,2.0
47700,2.0
47700,2.0
47700,2.0
47700,2.0
47700,2.0
47700,2.0
47700,2.0
47700,2.0
47800,2.0
47800,2.0
47800,2.0
47800,2.0
47800,2.0
47800,2.0
47800,2.0
47800,2.0
47800,2.0
47800,2.0
47800,2.0
47800,2.0
47800,2.0
47800,2.0
47800,2.0
47800,2.0
47800,2.0
47800,2.0
47800,2.0
47800,2.0
47800,2.0
47800,2.0
47800,2.0
47800,2.0
47800,2.0
47800,2.0
47800,2.0
47800,2.0
47800,2.0
47800,2.0
47800,2.0
47800,2.0
47900,2.0
47900,2.0
47900,2.0
47900,2.0
47900,2.0
47900,2.0
47900,2.0
47900,2.0
47900,2.0
47900,2.0
47900,2.0
47900,2.0
47900,2.0
47900,2.0
47900,2.0
47900,2.0
47900,2.0
47900,2.0
47900,2.0
47900,2.0
47900,2.0
47900,2.0
47900,2.0
47900,2.0
47900,2.0
47900,2.0
47900,2.0
47900,2.0
47900,2.0
47900,2.0
47900,2.0
47900,2.0
47900,2.0
48000,2.0
48000,2.0
48000,2.0
48000,2.0
48000,2.0
48000,2.0
48000,2.0
48000,2.0
48000,2.0
48000,2.0
48000,2.0
48000,2.0
48000,2.0
48000,2.0
48000,2.0
48000,2.0
48000,2.0
48100,2.0
48100,2.0
48100,2.0
48100,2.0
48100,2.0
48100,2.0
48100,2.0
48100,2.0
48100,2.0
48100,2.0
48100,2.0
48100,2.0
48100,2.0
48100,2.0
48100,2.0
48100,2.0
48100,2.0
48100,2.0
48200,2.0
48200,2.0
48200,2.0
48200,2.0
48200,2.0
48200,2.0
48200,2.0
48200,2.0
48200,2.0
48200,2.0
48200,2.0
48200,2.0
48200,2.0
48200,2.0
48200,2.0
48200,2.0
48200,2.0
48200,2.0
48200,2.0
48200,2.0
48200,2.0
48200,2.0
48200,2.0
48200,2.0
48200,2.0
48200,2.0
48200,2.0
48200,2.0
48200,2.0
48200,2.0
48200,2.0
48200,2.0
48300,2.0
48300,2.0
48300,2.0
48300,2.0
48300,2.0
48300,2.0
48300,2.0
48300,2.0
48300,2.0
48300,2.0
48300,2.0
48300,2.0
48300,2.0
48300,2.0
48300,2.0
48300,2.0
48300,2.0
48300,2.0
48300,2.0
48300,2.0
48300,2.0
48300,2.0
48300,2.0
48300,2.0
48300,2.0
48300,2.0
48300,2.0
48300,2.0
48300,2.0
48300,2.0
48300,2.0
48300,2.0
48300,2.0
48400,2.0
48400,2.0
48400,2.0
48400,2.0
48400,2.0
48400,2.0
48400,2.0
48400,2.0
48400,2.0
48400,2.0
48400,2.0
48400,2.0
48400,2.0
48400,2.0
48400,2.0
48400,2.0
48400,2.0
48500,2.0
48500,2.0
48500,2.0
48500,2.0
48500,2.0
48500,2.0
48500,2.0
48500,2.0
48500,2.0
48500,2.0
48500,2.0
48500,2.0
48500,2.0
48500,2.0
48500,2.0
48500,2.0
48500,2.0
48500,2.0
48600,2.0
48600,2.0
48600,2.0
48600,2.0
48600,2.0
48600,2.0
48600,2.0
48600,2.0
48600,2.0
48600,2.0
48600,2.0
48600,2.0
48600,2.0
48600,2.0
48600,2.0
48600,2.0
48600,2.0
48600,2.0
48600,2.0
48600,2.0
48600,2.0
48600,2.0
48600,2.0
48600,2.0
48600,2.0
48600,2.0
48600,2.0
48600,2.0
48600,2.0
48600,2.0
48600,2.0
48600,2.0
48700,2.0
48700,2.0
48700,2.0
48700,2.0
48700,2.0
48700,2.0
48700,2.0
48700,2.0
48700,2.0
48700,2.0
48700,2.0
48700,2.0
48700,2.0
48700,2.0
48700,2.0
48700,2.0
48700,2.0
48700,2.0
48700,2.0
48700,2.0
48700,2.0
48700,2.0
48700,2.0
48700,2.0
48700,2.0
48700,2.0
48700,2.0
48700,2.0
48700,2.0
48700,2.0
48700,2.0
48700,2.0
48700,2.0
48800,2.0
48800,2.0
48800,2.0
48800,2.0
48800,2.0
48800,2.0
48800,2.0
48800,2.0
48800,2.0
48800,2.0
48800,2.0
48800,2.0
48800,2.0
48800,2.0
48800,2.0
48800,2.0
48800,2.0
48900,2.0
48900,2.0
48900,2.0
48900,2.0
48900,2.0
48900,2.0
48900,2.0
48900,2.0
48900,2.0
48900,2.0
48900,2.0
48900,2.0
48900,2.0
48900,2.0
48900,2.0
48900,2.0
48900,2.0
48900,2.0
49000,2.0
49000,2.0
49000,2.0
49000,2.0
49000,2.0
49000,2.0
49000,2.0
49000,2.0
49000,2.0
49000,2.0
49000,2.0
49000,2.0
49000,2.0
49000,2.0
49000,2.0
49000,2.0
49000,2.0
49000,2.0
49000,2.0
49000,2.0
49000,2.0
49000,2.0
49000,2.0
49000,2.0
49000,2.0
49000,2.0
49000,2.0
49000,2.0
49000,2.0
49000,2.0
49000,2.0
49000,2.0
49100,2.0
49100,2.0
49100,2.0
49100,2.0
49100,2.0
49100,2.0
49100,2.0
49100,2.0
49100,2.0
49100,2.0
49100,2.0
49100,2.0
49100,2.0
49100,2.0
49100,2.0
49100,2.0
49100,2.0
49100,2.0
49100,2.0
49100,2.0
49100,2.0
49100,2.0
49100,2.0
49100,2.0
49100,2.0
49100,2.0
49100,2.0
49100,2.0
49100,2.0
49100,2.0
49100,2.0
49100,2.0
49100,2.0
49200,2.0
49200,2.0
49200,2.0
49200,2.0
49200,2.0
49200,2.0
49200,2.0
49200,2.0
49200,2.0
49200,2.0
49200,2.0
49200,2.0
49200,2.0
49200,2.0
49200,2.0
49200,2.0
49200,2.0
49300,2.0
49300,2.0
49300,2.0
49300,2.0
49300,2.0
49300,2.0
49300,2.0
49300,2.0
49300,2.0
49300,2.0
49300,2.0
49300,2.0
49300,2.0
49300,2.0
49300,2.0
49300,2.0
49300,2.0
49300,2.0
49400,2.0
49400,2.0
49400,2.0
49400,2.0
49400,2.0
49400,2.0
49400,2.0
49400,2.0
49400,2.0
49400,2.0
49400,2.0
49400,2.0
49400,2.0
49400,2.0
49400,2.0
49400,2.0
49400,2.0
49400,2.0
49400,2.0
49400,2.0
49400,2.0
49400,2.0
49400,2.0
49400,2.0
49400,2.0
49400,2.0
49400,2.0
49400,2.0
49400,2.0
49400,2.0
49400,2.0
49400,2.0
49500,2.0
49500,2.0
49500,2.0
49500,2.0
49500,2.0
49500,2.0
49500,2.0
49500,2.0
49500,2.0
49500,2.0
49500,2.0
49500,2.0
49500,2.0
49500,2.0
49500,2.0
49500,2.0
49500,2.0
49500,2.0
49500,2.0
49500,2.0
49500,2.0
49500,2.0
49500,2.0
49500,2.0
49500,2.0
49500,2.0
49500,2.0
49500,2.0
49500,2.0
49500,2.0
49500,2.0
49500,2.0
49500,2.0
49600,2.0
49600,2.0
49600,2.0
49600,2.0
49600,2.0
49600,2.0
49600,2.0
49600,2.0
49600,2.0
49600,2.0
49600,2.0
49600,2.0
49600,2.0
49600,2.0
49600,2.0
49600,2.0
49600,2.0
49700,2.0
49700,2.0
49700,2.0
49700,2.0
49700,2.0
49700,2.0
49700,2.0
49700,2.0
49700,2.0
49700,2.0
49700,2.0
49700,2.0
49700,2.0
49700,2.0
49700,2.0
49700,2.0
49700,2.0
49700,2.0
49800,2.0
49800,2.0
49800,2.0
49800,2.0
49800,2.0
49800,2.0
49800,2.0
49800,2.0
49800,2.0
49800,2.0
49800,2.0
49800,2.0
49800,2.0
49800,2.0
49800,2.0
49800,2.0
49800,2.0
49800,2.0
49800,2.0
49800,2.0
49800,2.0
49800,2.0
49800,2.0
49800,2.0
49800,2.0
49800,2.0
49800,2.0
49800,2.0
49800,2.0
49800,2.0
49800,2.0
49800,2.0
49900,2.0
49900,2.0
49900,2.0
49900,2.0
49900,2.0
49900,2.0
49900,2.0
49900,2.0
49900,2.0
49900,2.0
49900,2.0
49900,2.0
49900,2.0
49900,2.0
49900,2.0
49900,2.0
49900,2.0
49900,2.0
49900,2.0
49900,2.0
49900,2.0
49900,2.0
49900,2.0
49900,2.0
49900,2.0
49900,2.0
49900,2.0
49900,2.0
49900,2.0
49900,2.0
49900,2.0
49900,2.0
49900,2.0
50000,2.0
50000,2.0
50000,2.0
50000,2.0
50000,2.0
50000,2.0
50000,2.0
50000,2.0
50000,2.0
50000,2.0
50000,2.0
50000,2.0
50000,2.0
50000,2.0
50000,2.0
50000,2.0
50000,2.0
50100,2.0
50100,2.0
50100,2.0
50100,2.0
50100,2.0
50100,2.0
50100,2.0
50100,2.0
50100,2.0
50100,2.0
50100,2.0
50100,2.0
50100,2.0
50100,2.0
50100,2.0
50100,2.0
50100,2.0
50100,2.0
50200,2.0
50200,2.0
50200,2.0
50200,2.0
50200,2.0
50200,2.0
50200,2.0
50200,2.0
50200,2.0
50200,2.0
50200,2.0
50200,2.0
50200,2.0
50200,2.0
50200,2.0
50200,2.0
50200,2.0
50200,2.0
50200,2.0
50200,2.0
50200,2.0
50200,2.0
50200,2.0
50200,2.0
50200,2.0
50200,2.0
50200,2.0
50200,2.0
50200,2.0
50200,2.0
50200,2.0
50200,2.0
50300,2.0
50300,2.0
50300,2.0
50300,2.0
50300,2.0
50300,2.0
50300,2.0
50300,2.0
50300,2.0
50300,2.0
50300,2.0
50300,2.0
50300,2.0
50300,2.0
50300,2.0
50300,2.0
50300,2.0
50300,2.0
50300,2.0
50300,2.0
50300,2.0
50300,2.0
50300,2.0
50300,2.0
50300,2.0
50300,2.0
50300,2.0
50300,2.0
50300,2.0
50300,2.0
50300,2.0
50300,2.0
50300,2.0
50400,2.0
50400,2.0
50400,2.0
50400,2.0
50400,2.0
50400,2.0
50400,2.0
50400,2.0
50400,2.0
50400,2.0
50400,2.0
50400,2.0
50400,2.0
50400,2.0
50400,2.0
50400,2.0
50400,2.0
50500,2.0
50500,2.0
50500,2.0
50500,2.0
50500,2.0
50500,2.0
50500,2.0
50500,2.0
50500,2.0
50500,2.0
50500,2.0
50500,2.0
50500,2.0
50500,2.0
50500,2.0
50500,2.0
50500,2.0
50500,2.0
50600,2.0
50600,2.0
50600,2.0
50600,2.0
50600,2.0
50600,2.0
50600,2.0
50600,2.0
50600,2.0
50600,2.0
50600,2.0
50600,2.0
50600,2.0
50600,2.0
50600,2.0
50600,2.0
50600,2.0
50600,2.0
50600,2.0
50600,2.0
50600,2.0
50600,2.0
50600,2.0
50600,2.0
50600,2.0
50600,2.0
50600,2.0
50600,2.0
50600,2.0
50600,2.0
50600,2.0
50600,2.0
50700,2.0
50700,2.0
50700,2.0
50700,2.0
50700,2.0
50700,2.0
50700,2.0
50700,2.0
50700,2.0
50700,2.0
50700,2.0
50700,2.0
50700,2.0
50700,2.0
50700,2.0
50700,2.0
50700,2.0
50700,2.0
50700,2.0
50700,2.0
50700,2.0
50700,2.0
50700,2.0
50700,2.0
50700,2.0
50700,2.0
50700,2.0
50700,2.0
50700,2.0
50700,2.0
50700,2.0
50700,2.0
50700,2.0
50800,2.0
50800,2.0
50800,2.0
50800,2.0
50800,2.0
50800,2.0
50800,2.0
50800,2.0
50800,2.0
50800,2.0
50800,2.0
50800,2.0
50800,2.0
50800,2.0
50800,2.0
50800,2.0
50800,2.0
50900,2.0
50900,2.0
50900,2.0
50900,2.0
50900,2.0
50900,2.0
50900,2.0
50900,2.0
50900,2.0
50900,2.0
50900,2.0
50900,2.0
50900,2.0
50900,2.0
50900,2.0
50900,2.0
50900,2.0
50900,2.0
51000,2.0
51000,2.0
51000,2.0
51000,2.0
51000,2.0
51000,2.0
51000,2.0
51000,2.0
51000,2.0
51000,2.0
51000,2.0
51000,2.0
51000,2.0
51000,2.0
51000,2.0
51000,2.0
51000,2.0
51000,2.0
51000,2.0
51000,2.0
51000,2.0
51000,2.0
51000,2.0
51000,2.0
51000,2.0
51000,2.0
51000,2.0
51000,2.0
51000,2.0
51000,2.0
51000,2.0
51000,2.0
51100,2.0
51100,2.0
51100,2.0
51100,2.0
51100,2.0
51100,2.0
51100,2.0
51100,2.0
51100,2.0
51100,2.0
51100,2.0
51100,2.0
51100,2.0
51100,2.0
51100,2.0
51100,2.0
51100,2.0
51100,2.0
51100,2.0
51100,2.0
51100,2.0
51100,2.0
51100,2.0
51100,2.0
51100,2.0
51100,2.0
51100,2.0
51100,2.0
51100,2.0
51100,2.0
51100,2.0
51100,2.0
51100,2.0
51200,2.0
51200,2.0
51200,2.0
51200,2.0
51200,2.0
51200,2.0
51200,2.0
51200,2.0
51200,2.0
51200,2.0
51200,2.0
51200,2.0
51200,2.0
51200,2.0
51200,2.0
51200,2.0
51200,2.0
51300,2.0
51300,2.0
51300,2.0
51300,2.0
51300,2.0
51300,2.0
51300,2.0
51300,2.0
51300,2.0
51300,2.0
51300,2.0
51300,2.0
51300,2.0
51300,2.0
51300,2.0
51300,2.0
51300,2.0
51300,2.0
51400,2.0
51400,2.0
51400,2.0
51400,2.0
51400,2.0
51400,2.0
51400,2.0
51400,2.0
51400,2.0
51400,2.0
51400,2.0
51400,2.0
51400,2.0
51400,2.0
51400,2.0
51400,2.0
51400,2.0
51400,2.0
51400,2.0
51400,2.0
51400,2.0
51400,2.0
51400,2.0
51400,2.0
51400,2.0
51400,2.0
51400,2.0
51400,2.0
51400,2.0
51400,2.0
51400,2.0
51400,2.0
51500,2.0
51500,2.0
51500,2.0
51500,2.0
51500,2.0
51500,2.0
51500,2.0
51500,2.0
51500,2.0
51500,2.0
51500,2.0
51500,2.0
51500,2.0
51500,2.0
51500,2.0
51500,2.0
51500,2.0
51500,2.0
51500,2.0
51500,2.0
51500,2.0
51500,2.0
51500,2.0
51500,2.0
51500,2.0
51500,2.0
51500,2.0
51500,2.0
51500,2.0
51500,2.0
51500,2.0
51500,2.0
51500,2.0
51600,2.0
51600,2.0
51600,2.0
51600,2.0
51600,2.0
51600,2.0
51600,2.0
51600,2.0
51600,2.0
51600,2.0
51600,2.0
51600,2.0
51600,2.0
51600,2.0
51600,2.0
51600,2.0
51600,2.0
51700,2.0
51700,2.0
51700,2.0
51700,2.0
51700,2.0
51700,2.0
51700,2.0
51700,2.0
51700,2.0
51700,2.0
51700,2.0
51700,2.0
51700,2.0
51700,2.0
51700,2.0
51700,2.0
51700,2.0
51700,2.0
51800,2.0
51800,2.0
51800,2.0
51800,2.0
51800,2.0
51800,2.0
51800,2.0
51800,2.0
51800,2.0
51800,2.0
51800,2.0
51800,2.0
51800,2.0
51800,2.0
51800,2.0
51800,2.0
51800,2.0
51800,2.0
51800,2.0
51800,2.0
51800,2.0
51800,2.0
51800,2.0
51800,2.0
51800,2.0
51800,2.0
51800,2.0
51800,2.0
51800,2.0
51800,2.0
51800,2.0
51800,2.0
51900,2.0
51900,2.0
51900,2.0
51900,2.0
51900,2.0
51900,2.0
51900,2.0
51900,2.0
51900,2.0
51900,2.0
51900,2.0
51900,2.0
51900,2.0
51900,2.0
51900,2.0
51900,2.0
51900,2.0
51900,2.0
51900,2.0
51900,2.0
51900,2.0
51900,2.0
51900,2.0
51900,2.0
51900,2.0
51900,2.0
51900,2.0
51900,2.0
51900,2.0
51900,2.0
51900,2.0
51900,2.0
51900,2.0
52000,2.0
52000,2.0
52000,2.0
52000,2.0
52000,2.0
52000,2.0
52000,2.0
52000,2.0
52000,2.0
52000,2.0
52000,2.0
52000,2.0
52000,2.0
52000,2.0
52000,2.0
52000,2.0
52000,2.0
52100,2.0
52100,2.0
52100,2.0
52100,2.0
52100,2.0
52100,2.0
52100,2.0
52100,2.0
52100,2.0
52100,2.0
52100,2.0
52100,2.0
52100,2.0
52100,2.0
52100,2.0
52100,2.0
52100,2.0
52100,2.0
52200,2.0
52200,2.0
52200,2.0
52200,2.0
52200,2.0
52200,2.0
52200,2.0
52200,2.0
52200,2.0
52200,2.0
52200,2.0
52200,2.0
52200,2.0
52200,2.0
52200,2.0
52200,2.0
52200,2.0
52200,2.0
52200,2.0
52200,2.0
52200,2.0
52200,2.0
52200,2.0
52200,2.0
52200,2.0
52200,2.0
52200,2.0
52200,2.0
52200,2.0
52200,2.0
52200,2.0
52200,2.0
52300,2.0
52300,2.0
52300,2.0
52300,2.0
52300,2.0
52300,2.0
52300,2.0
52300,2.0
52300,2.0
52300,2.0
52300,2.0
52300,2.0
52300,2.0
52300,2.0
52300,2.0
52300,2.0
52300,2.0
52300,2.0
52300,2.0
52300,2.0
52300,2.0
52300,2.0
52300,2.0
52300,2.0
52300,2.0
52300,2.0
52300,2.0
52300,2.0
52300,2.0
52300,2.0
52300,2.0
52300,2.0
52300,2.0
52400,2.0
52400,2.0
52400,2.0
52400,2.0
52400,2.0
52400,2.0
52400,2.0
52400,2.0
52400,2.0
52400,2.0
52400,2.0
52400,2.0
52400,2.0
52400,2.0
52400,2.0
52400,2.0
52400,2.0
52500,2.0
52500,2.0
52500,2.0
52500,2.0
52500,2.0
52500,2.0
52500,2.0
52500,2.0
52500,2.0
52500,2.0
52500,2.0
52500,2.0
52500,2.0
52500,2.0
52500,2.0
52500,2.0
52500,2.0
52500,2.0
52600,2.0
52600,2.0
52600,2.0
52600,2.0
52600,2.0
52600,2.0
52600,2.0
52600,2.0
52600,2.0
52600,2.0
52600,2.0
52600,2.0
52600,2.0
52600,2.0
52600,2.0
52600,2.0
52600,2.0
52600,2.0
52600,2.0
52600,2.0
52600,2.0
52600,2.0
52600,2.0
52600,2.0
52600,2.0
52600,2.0
52600,2.0
52600,2.0
52600,2.0
52600,2.0
52600,2.0
52600,2.0
52700,2.0
52700,2.0
52700,2.0
52700,2.0
52700,2.0
52700,2.0
52700,2.0
52700,2.0
52700,2.0
52700,2.0
52700,2.0
52700,2.0
52700,2.0
52700,2.0
52700,2.0
52700,2.0
52700,2.0
52700,2.0
52700,2.0
52700,2.0
52700,2.0
52700,2.0
52700,2.0
52700,2.0
52700,2.0
52700,2.0
52700,2.0
52700,2.0
52700,2.0
52700,2.0
52700,2.0
52700,2.0
52700,2.0
52800,2.0
52800,2.0
52800,2.0
52800,2.0
52800,2.0
52800,2.0
52800,2.0
52800,2.0
52800,2.0
52800,2.0
52800,2.0
52800,2.0
52800,2.0
52800,2.0
52800,2.0
52800,2.0
52800,2.0
52900,2.0
52900,2.0
52900,2.0
52900,2.0
52900,2.0
52900,2.0
52900,2.0
52900,2.0
52900,2.0
52900,2.0
52900,2.0
52900,2.0
52900,2.0
52900,2.0
52900,2.0
52900,2.0
52900,2.0
52900,2.0
53000,2.0
53000,2.0
53000,2.0
53000,2.0
53000,2.0
53000,2.0
53000,2.0
53000,2.0
53000,2.0
53000,2.0
53000,2.0
53000,2.0
53000,2.0
53000,2.0
53000,2.0
53000,2.0
53000,2.0
53000,2.0
53000,2.0
53000,2.0
53000,2.0
53000,2.0
53000,2.0
53000,2.0
53000,2.0
53000,2.0
53000,2.0
53000,2.0
53000,2.0
53000,2.0
53000,2.0
53000,2.0
53100,2.0
53100,2.0
53100,2.0
53100,2.0
53100,2.0
53100,2.0
53100,2.0
53100,2.0
53100,2.0
53100,2.0
53100,2.0
53100,2.0
53100,2.0
53100,2.0
53100,2.0
53100,2.0
53100,2.0
53100,2.0
53100,2.0
53100,2.0
53100,2.0
53100,2.0
53100,2.0
53100,2.0
53100,2.0
53100,2.0
53100,2.0
53100,2.0
53100,2.0
53100,2.0
53100,2.0
53100,2.0
53100,2.0
53200,2.0
53200,2.0
53200,2.0
53200,2.0
53200,2.0
53200,2.0
53200,2.0
53200,2.0
53200,2.0
53200,2.0
53200,2.0
53200,2.0
53200,2.0
53200,2.0
53200,2.0
53200,2.0
53200,2.0
53300,2.0
53300,2.0
53300,2.0
53300,2.0
53300,2.0
53300,2.0
53300,2.0
53300,2.0
53300,2.0
53300,2.0
53300,2.0
53300,2.0
53300,2.0
53300,2.0
53300,2.0
53300,2.0
53300,2.0
53300,2.0
53400,2.0
53400,2.0
53400,2.0
53400,2.0
53400,2.0
53400,2.0
53400,2.0
53400,2.0
53400,2.0
53400,2.0
53400,2.0
53400,2.0
53400,2.0
53400,2.0
53400,2.0
53400,2.0
53400,2.0
53400,2.0
53400,2.0
53400,2.0
53400,2.0
53400,2.0
53400,2.0
53400,2.0
53400,2.0
53400,2.0
53400,2.0
53400,2.0
53400,2.0
53400,2.0
53400,2.0
53400,2.0
53500,2.0
53500,2.0
53500,2.0
53500,2.0
53500,2.0
53500,2.0
53500,2.0
53500,2.0
53500,2.0
53500,2.0
53500,2.0
53500,2.0
53500,2.0
53500,2.0
53500,2.0
53500,2.0
53500,2.0
53500,2.0
53500,2.0
53500,2.0
53500,2.0
53500,2.0
53500,2.0
53500,2.0
53500,2.0
53500,2.0
53500,2.0
53500,2.0
53500,2.0
53500,2.0
53500,2.0
53500,2.0
53500,2.0
53600,2.0
53600,2.0
53600,2.0
53600,2.0
53600,2.0
53600,2.0
53600,2.0
53600,2.0
53600,2.0
53600,2.0
53600,2.0
53600,2.0
53600,2.0
53600,2.0
53600,2.0
53600,2.0
53600,2.0
53700,2.0
53700,2.0
53700,2.0
53700,2.0
53700,2.0
53700,2.0
53700,2.0
53700,2.0
53700,2.0
53700,2.0
53700,2.0
53700,2.0
53700,2.0
53700,2.0
53700,2.0
53700,2.0
53700,2.0
53700,2.0
53800,2.0
53800,2.0
53800,2.0
53800,2.0
53800,2.0
53800,2.0
53800,2.0
53800,2.0
53800,2.0
53800,2.0
53800,2.0
53800,2.0
53800,2.0
53800,2.0
53800,2.0
53800,2.0
53800,2.0
53800,2.0
53800,2.0
53800,2.0
53800,2.0
53800,2.0
53800,2.0
53800,2.0
53800,2.0
53800,2.0
53800,2.0
53800,2.0
53800,2.0
53800,2.0
53800,2.0
53800,2.0
53900,2.0
53900,2.0
53900,2.0
53900,2.0
53900,2.0
53900,2.0
53900,2.0
53900,2.0
53900,2.0
53900,2.0
53900,2.0
53900,2.0
53900,2.0
53900,2.0
53900,2.0
53900,2.0
53900,2.0
53900,2.0
53900,2.0
53900,2.0
53900,2.0
53900,2.0
53900,2.0
53900,2.0
53900,2.0
53900,2.0
53900,2.0
53900,2.0
53900,2.0
53900,2.0
53900,2.0
53900,2.0
53900,2.0
54000,2.0
54000,2.0
54000,2.0
54000,2.0
54000,2.0
54000,2.0
54000,2.0
54000,2.0
54000,2.0
54000,2.0
54000,2.0
54000,2.0
54000,2.0
54000,2.0
54000,2.0
54000,2.0
54000,2.0
54100,2.0
54100,2.0
54100,2.0
54100,2.0
54100,2.0
54100,2.0
54100,2.0
54100,2.0
54100,2.0
54100,2.0
54100,2.0
54100,2.0
54100,2.0
54100,2.0
54100,2.0
54100,2.0
54100,2.0
54100,2.0
54200,2.0
54200,2.0
54200,2.0
54200,2.0
54200,2.0
54200,2.0
54200,2.0
54200,2.0
54200,2.0
54200,2.0
54200,2.0
54200,2.0
54200,2.0
54200,2.0
54200,2.0
54200,2.0
54200,2.0
54200,2.0
54200,2.0
54200,2.0
54200,2.0
54200,2.0
54200,2.0
54200,2.0
54200,2.0
54200,2.0
54200,2.0
54200,2.0
54200,2.0
54200,2.0
54200,2.0
54200,2.0
54300,2.0
54300,2.0
54300,2.0
54300,2.0
54300,2.0
54300,2.0
54300,2.0
54300,2.0
54300,2.0
54300,2.0
54300,2.0
54300,2.0
54300,2.0
54300,2.0
54300,2.0
54300,2.0
54300,2.0
54300,2.0
54300,2.0
54300,2.0
54300,2.0
54300,2.0
54300,2.0
54300,2.0
54300,2.0
54300,2.0
54300,2.0
54300,2.0
54300,2.0
54300,2.0
54300,2.0
54300,2.0
54300,2.0
54400,2.0
54400,2.0
54400,2.0
54400,2.0
54400,2.0
54400,2.0
54400,2.0
54400,2.0
54400,2.0
54400,2.0
54400,2.0
54400,2.0
54400,2.0
54400,2.0
54400,2.0
54400,2.0
54400,2.0
54500,2.0
54500,2.0
54500,2.0
54500,2.0
54500,2.0
54500,2.0
54500,2.0
54500,2.0
54500,2.0
54500,2.0
54500,2.0
54500,2.0
54500,2.0
54500,2.0
54500,2.0
54500,2.0
54500,2.0
54500,2.0
54600,2.0
54600,2.0
54600,2.0
54600,2.0
54600,2.0
54600,2.0
54600,2.0
54600,2.0
54600,2.0
54600,2.0
54600,2.0
54600,2.0
54600,2.0
54600,2.0
54600,2.0
54600,2.0
54600,2.0
54600,2.0
54600,2.0
54600,2.0
54600,2.0
54600,2.0
54600,2.0
54600,2.0
54600,2.0
54600,2.0
54600,2.0
54600,2.0
54600,2.0
54600,2.0
54600,2.0
54600,2.0
54700,2.0
54700,2.0
54700,2.0
54700,2.0
54700,2.0
54700,2.0
54700,2.0
54700,2.0
54700,2.0
54700,2.0
54700,2.0
54700,2.0
54700,2.0
54700,2.0
54700,2.0
54700,2.0
54700,2.0
54700,2.0
54700,2.0
54700,2.0
54700,2.0
54700,2.0
54700,2.0
54700,2.0
54700,2.0
54700,2.0
54700,2.0
54700,2.0
54700,2.0
54700,2.0
54700,2.0
54700,2.0
54700,2.0
54800,2.0
54800,2.0
54800,2.0
54800,2.0
54800,2.0
54800,2.0
54800,2.0
54800,2.0
54800,2.0
54800,2.0
54800,2.0
54800,2.0
54800,2.0
54800,2.0
54800,2.0
54800,2.0
54800,2.0
54900,2.0
54900,2.0
54900,2.0
54900,2.0
54900,2.0
54900,2.0
54900,2.0
54900,2.0
54900,2.0
54900,2.0
54900,2.0
54900,2.0
54900,2.0
54900,2.0
54900,2.0
54900,2.0
54900,2.0
54900,2.0
55000,2.0
55000,2.0
55000,2.0
55000,2.0
55000,2.0
55000,2.0
55000,2.0
55000,2.0
55000,2.0
55000,2.0
55000,2.0
55000,2.0
55000,2.0
55000,2.0
55000,2.0
55000,2.0
55000,2.0
55000,2.0
55000,2.0
55000,2.0
55000,2.0
55000,2.0
55000,2.0
55000,2.0
55000,2.0
55000,2.0
55000,2.0
55000,2.0
55000,2.0
55000,2.0
55000,2.0
55000,2.0
55100,2.0
55100,2.0
55100,2.0
55100,2.0
55100,2.0
55100,2.0
55100,2.0
55100,2.0
55100,2.0
55100,2.0
55100,2.0
55100,2.0
55100,2.0
55100,2.0
55100,2.0
55100,2.0
55100,2.0
55100,2.0
55100,2.0
55100,2.0
55100,2.0
55100,2.0
55100,2.0
55100,2.0
55100,2.0
55100,2.0
55100,2.0
55100,2.0
55100,2.0
55100,2.0
55100,2.0
55100,2.0
55100,2.0
55200,2.0
55200,2.0
55200,2.0
55200,2.0
55200,2.0
55200,2.0
55200,2.0
55200,2.0
55200,2.0
55200,2.0
55200,2.0
55200,2.0
55200,2.0
55200,2.0
55200,2.0
55200,2.0
55200,2.0
55400,3.0
55400,3.0
55500,4.0
55500,4.0
55500,4.0
55500,3.0
55500,4.0
55500,4.0
55500,4.0
55500,4.0
55500,4.0
55500,3.0
55500,4.0
55500,4.0
55500,3.0
55500,4.0
55500,4.0
55500,4.0
55500,4.0
55600,4.0
55600,4.0
55600,4.0
55600,4.0
55600,4.0
55600,4.0
55600,4.0
55600,4.0
55600,3.0
55600,4.0
55600,4.0
55600,4.0
55600,4.0
55600,5.0
55600,4.0
55600,4.0
55600,4.0
55600,4.0
55600,4.0
55600,4.0
55600,4.0
55600,4.0
55600,4.0
55600,4.0
55600,5.0
55600,4.0
55600,4.0
55600,4.0
55600,4.0
55600,4.0
55600,4.0
55700,4.0
55700,4.0
55700,4.0
55700,4.0
55700,4.0
55700,3.0
55700,4.0
55700,4.0
55700,4.0
55700,4.0
55700,4.0
55700,4.0
55700,4.0
55700,4.0
55700,4.0
55700,4.0
55700,4.0
55700,4.0
55700,5.0
55700,4.0
55700,4.0
55700,4.0
55700,4.0
55700,4.0
55700,3.0
55700,4.0
55700,4.0
55700,4.0
55700,4.0
55700,4.0
55700,4.0
55700,4.0
55700,4.0
55700,4.0
55800,4.0
55800,4.0
55800,4.0
55800,4.0
55800,4.0
55800,4.0
55800,4.0
55800,4.0
55800,4.0
55800,4.0
55800,4.0
55800,4.0
55800,5.0
55800,4.0
55900,5.0
56000,6.0
56000,3.0
56000,3.0
56000,4.0
56000,4.0
56100,4.0
56100,4.0
56100,4.0
56100,4.0
56100,4.0
56100,4.0
56100,3.0
56100,4.0
56100,4.0
56100,3.0
56100,4.0
56100,4.0
56100,4.0
56100,4.0
56100,4.0
56100,4.0
56100,4.0
56200,4.0
56200,4.0
56200,4.0
56200,4.0
56200,4.0
56200,4.0
56200,4.0
56200,4.0
56200,4.0
56200,4.0
56200,4.0
56200,4.0
56200,4.0
56200,4.0
56200,4.0
56200,3.0
56200,4.0
56200,4.0
56200,4.0
56200,4.0
56200,4.0
56200,4.0
56200,4.0
56200,4.0
56200,4.0
56200,3.0
56200,4.0
56200,4.0
56200,3.0
56200,4.0
56200,4.0
56200,4.0
56200,3.0
56300,4.0
56300,4.0
56300,4.0
56300,4.0
56300,4.0
56300,4.0
56300,4.0
56300,4.0
56300,4.0
56300,4.0
56300,4.0
56300,4.0
56300,4.0
56300,3.0
56300,4.0
56300,3.0
56300,4.0
56300,4.0
56300,4.0
56300,4.0
56300,3.0
56300,4.0
56300,4.0
56300,4.0
56300,4.0
56300,4.0
56300,4.0
56300,4.0
56400,5.0
56400,4.0
56400,5.0
56400,4.0
56400,4.0
56400,4.0
56400,5.0
56400,4.0
56400,4.0
56400,4.0
56400,4.0
56400,5.0
56400,4.0
56400,5.0
56400,4.0
56400,4.0
56500,3.0
56500,4.0
56600,4.0
56600,4.0
56600,4.0
56600,3.0
56600,3.0
56700,4.0
56700,5.0
56700,4.0
56700,4.0
56700,4.0
56700,4.0
56700,4.0
56700,4.0
56700,4.0
56700,4.0
56700,4.0
56700,3.0
56700,3.0
56700,4.0
56700,4.0
56700,4.0
56700,4.0
56800,4.0
56800,4.0
56800,4.0
56800,4.0
56800,4.0
56800,3.0
56800,3.0
56800,4.0
56800,5.0
56800,4.0
56800,4.0
56800,4.0
56800,4.0
56800,4.0
56800,4.0
56800,4.0
56800,4.0
56800,4.0
56800,4.0
56800,4.0
56800,4.0
56800,4.0
56800,4.0
56800,4.0
56800,4.0
56800,4.0
56800,4.0
56800,4.0
56800,4.0
56800,4.0
56800,3.0
56800,4.0
56800,4.0
56900,4.0
56900,4.0
56900,4.0
56900,3.0
56900,4.0
56900,3.0
56900,5.0
56900,4.0
56900,4.0
56900,4.0
56900,4.0
56900,4.0
56900,4.0
56900,4.0
56900,4.0
56900,4.0
56900,4.0
56900,4.0
56900,4.0
56900,4.0
56900,4.0
56900,4.0
56900,4.0
56900,4.0
56900,5.0
56900,4.0
57000,5.0
57000,5.0
57000,4.0
57000,4.0
57000,5.0
57000,4.0
57000,4.0
57000,4.0
57000,4.0
57000,4.0
57000,4.0
57000,4.0
57000,4.0
57000,4.0
57000,4.0
57000,4.0
57000,4.0
57100,4.0
57100,4.0
57200,4.0
57200,4.0
57200,4.0
57200,4.0
57300,4.0
57300,4.0
57300,4.0
57300,4.0
57300,4.0
57300,4.0
57300,4.0
57300,3.0
57300,4.0
57300,4.0
57300,4.0
57300,4.0
57300,4.0
57300,4.0
57300,5.0
57300,3.0
57300,3.0
57300,4.0
57300,4.0
57300,4.0
57300,3.0
57300,3.0
57400,4.0
57400,4.0
57400,4.0
57400,3.0
57400,3.0
57400,4.0
57400,4.0
57400,3.0
57400,4.0
57400,3.0
57400,5.0
57400,4.0
57400,4.0
57400,4.0
57400,4.0
57400,4.0
57400,4.0
57400,4.0
57400,4.0
57400,4.0
57400,3.0
57400,4.0
57400,4.0
57400,3.0
57400,4.0
57400,4.0
57400,4.0
57400,3.0
57400,4.0
57400,4.0
57400,4.0
57400,4.0
57400,4.0
57400,4.0
57400,4.0
57500,4.0
57500,4.0
57500,4.0
57500,4.0
57500,4.0
57500,5.0
57500,4.0
57500,4.0
57500,4.0
57500,4.0
57500,4.0
57500,3.0
57500,4.0
57500,4.0
57500,4.0
57500,4.0
57500,4.0
57500,4.0
57500,4.0
57500,4.0
57600,4.0
57600,4.0
57600,4.0
57600,4.0
57600,4.0
57600,4.0
57600,5.0
57600,4.0
57600,4.0
57600,4.0
57600,4.0
57600,4.0
57600,4.0
57600,4.0
57600,4.0
57600,4.0
57600,4.0
57700,4.0
57800,4.0
57800,4.0
57800,4.0
57800,5.0
57800,4.0
57900,4.0
57900,4.0
57900,4.0
57900,4.0
57900,4.0
57900,4.0
57900,4.0
57900,4.0
57900,4.0
57900,4.0
57900,4.0
57900,4.0
57900,4.0
57900,4.0
57900,4.0
57900,4.0
57900,4.0
57900,4.0
57900,4.0
57900,4.0
58000,4.0
58000,4.0
58000,4.0
58000,4.0
58000,4.0
58000,4.0
58000,4.0
58000,4.0
58000,4.0
58000,4.0
58000,4.0
58000,5.0
58000,4.0
58000,3.0
58000,4.0
58000,4.0
58000,4.0
58000,4.0
58000,4.0
58000,4.0
58000,4.0
58000,3.0
58000,4.0
58000,4.0
58000,4.0
58000,4.0
58000,5.0
58000,4.0
58000,4.0
58000,4.0
58000,4.0
58000,4.0
58000,4.0
58000,4.0
58000,4.0
58000,4.0
58000,4.0
58100,4.0
58100,4.0
58100,3.0
58100,4.0
58100,4.0
58100,4.0
58100,4.0
58100,4.0
58100,5.0
58100,4.0
58100,4.0
58100,3.0
58100,5.0
58100,4.0
58100,4.0
58100,4.0
58100,4.0
58100,4.0
58100,4.0
58100,4.0
58100,4.0
58200,4.0
58200,4.0
58200,4.0
58200,4.0
58200,4.0
58200,4.0
58200,4.0
58200,4.0
58200,4.0
58200,5.0
58200,4.0
58200,4.0
58200,4.0
58200,4.0
58200,4.0
58200,4.0
58300,3.0
58400,4.0
58400,3.0
58400,5.0
58400,4.0
58400,3.0
58400,3.0
58400,4.0
58400,4.0
58500,4.0
58500,4.0
58500,4.0
58500,4.0
58500,4.0
58500,4.0
58500,4.0
58500,3.0
58500,4.0
58500,4.0
58500,4.0
58500,4.0
58500,3.0
58500,4.0
58500,4.0
58500,4.0
58500,3.0
58500,4.0
58500,4.0
58600,4.0
58600,4.0
58600,4.0
58600,4.0
58600,4.0
58600,4.0
58600,4.0
58600,4.0
58600,4.0
58600,4.0
58600,4.0
58600,4.0
58600,4.0
58600,4.0
58600,4.0
58600,4.0
58600,4.0
58600,4.0
58600,4.0
58600,4.0
58600,4.0
58600,4.0
58600,4.0
58600,4.0
58600,4.0
58600,4.0
58600,4.0
58600,4.0
58600,4.0
58600,4.0
58600,4.0
58600,5.0
58700,4.0
58700,5.0
58700,3.0
58700,5.0
58700,4.0
58700,4.0
58700,4.0
58700,4.0
58700,4.0
58700,3.0
58700,4.0
58700,4.0
58700,5.0
58700,4.0
58700,4.0
58700,3.0
58700,4.0
58700,4.0
58700,4.0
58700,4.0
58700,4.0
58700,4.0
58700,4.0
58700,4.0
58700,4.0
58800,5.0
58800,4.0
58800,4.0
58800,5.0
58800,4.0
58800,4.0
58800,4.0
58800,4.0
58800,4.0
58800,4.0
58800,4.0
58800,4.0
58800,4.0
58800,4.0
58800,4.0
58900,3.0
58900,4.0
58900,3.0
59000,4.0
59000,4.0
59000,4.0
59000,3.0
59000,4.0
59000,4.0
59000,4.0
59100,4.0
59100,4.0
59100,4.0
59100,4.0
59100,4.0
59100,3.0
59100,3.0
59100,4.0
59100,3.0
59100,4.0
59100,4.0
59100,3.0
59100,4.0
59100,4.0
59100,4.0
59100,3.0
59100,3.0
59100,4.0
59100,4.0
59100,4.0
59100,4.0
59100,4.0
59100,4.0
59100,4.0
59200,4.0
59200,4.0
59200,4.0
59200,4.0
59200,4.0
59200,4.0
59200,3.0
59200,4.0
59200,4.0
59200,4.0
59200,4.0
59200,4.0
59200,4.0
59200,4.0
59200,4.0
59200,4.0
59200,4.0
59200,4.0
59200,4.0
59200,4.0
59200,4.0
59200,4.0
59200,4.0
59200,4.0
59200,4.0
59200,4.0
59300,4.0
59300,4.0
59300,4.0
59300,4.0
59300,4.0
59300,4.0
59300,4.0
59300,4.0
59300,4.0
59300,4.0
59300,4.0
59300,4.0
59300,4.0
59300,4.0
59300,4.0
59300,3.0
59300,4.0
59300,4.0
59300,4.0
59300,4.0
59300,4.0
59300,5.0
59300,4.0
59400,5.0
59400,4.0
59400,5.0
59400,4.0
59400,4.0
59400,4.0
59400,4.0
59400,4.0
59400,4.0
59400,4.0
59400,4.0
59400,4.0
59400,4.0
59400,3.0
59400,5.0
59400,4.0
59400,4.0
59500,4.0
59500,4.0
59500,5.0
59600,4.0
59600,4.0
59600,4.0
59600,4.0
59600,4.0
59600,3.0
59600,4.0
59600,3.0
59600,3.0
59600,3.0
59600,4.0
59700,4.0
59700,4.0
59700,4.0
59700,4.0
59700,4.0
59700,4.0
59700,4.0
59700,3.0
59700,4.0
59700,4.0
59700,4.0
59700,4.0
59700,4.0
59700,4.0
59700,4.0
59700,4.0
59700,4.0
59700,4.0
59700,4.0
59700,4.0
59700,4.0
59800,4.0
59800,4.0
59800,4.0
59800,4.0
59800,4.0
59800,4.0
59800,4.0
59800,3.0
59800,4.0
59800,4.0
59800,4.0
59800,4.0
59800,4.0
59800,4.0
59800,4.0
59800,4.0
59800,4.0
59800,4.0
59800,4.0
59800,4.0
59800,4.0
59800,4.0
59800,4.0
59900,4.0
59900,4.0
59900,4.0
59900,4.0
59900,4.0
59900,4.0
59900,4.0
59900,5.0
59900,4.0
59900,4.0
59900,4.0
59900,4.0
59900,4.0
59900,4.0
59900,4.0
59900,4.0
59900,4.0
59900,5.0
59900,4.0
59900,4.0
59900,5.0
59900,4.0
59900,4.0
60000,4.0
60000,4.0
60000,4.0
60000,4.0
60000,4.0
60000,4.0
60000,4.0
60000,4.0
60000,4.0
60000,4.0
60000,4.0
60000,4.0
60000,5.0
60000,4.0
60000,5.0
60000,4.0
60000,4.0
60100,5.0
60100,5.0
60100,4.0
60100,4.0
60100,4.0
60200,4.0
60200,4.0
60200,4.0
60200,4.0
60200,4.0
60200,4.0
60200,4.0
60200,4.0
60200,4.0
60300,4.0
60300,4.0
60300,4.0
60300,4.0
60300,5.0
60300,4.0
60300,4.0
60300,4.0
60300,4.0
60300,4.0
60300,4.0
60300,4.0
60300,4.0
60400,6.0
60400,4.0
60400,5.0
60400,4.0
60400,5.0
60400,5.0
60400,5.0
60400,5.0
60400,5.0
60400,4.0
60400,5.0
60400,5.0
60400,5.0
60500,5.0
60500,5.0
60500,5.0
60500,4.0
60500,5.0
60500,5.0
60500,5.0
60500,4.0
60500,5.0
60500,4.0
60500,5.0
60500,5.0
60500,5.0
60500,5.0
60500,5.0
60500,5.0
60500,5.0
60500,5.0
60500,5.0
60500,5.0
60500,5.0
60600,5.0
60600,4.0
60600,5.0
60600,5.0
60600,5.0
60600,5.0
60600,5.0
60600,5.0
60600,4.0
60600,6.0
60600,5.0
60600,6.0
60600,5.0
60600,5.0
60600,5.0
60600,5.0
60600,5.0
60600,5.0
60600,5.0
60600,4.0
60600,5.0
60600,4.0
60600,4.0
60600,5.0
60600,5.0
60600,5.0
60700,5.0
60700,6.0
60700,5.0
60700,5.0
60700,5.0
60700,5.0
60700,5.0
60700,5.0
60700,5.0
60700,5.0
60700,4.0
60700,5.0
60800,5.0
60800,5.0
60800,4.0
60800,5.0
60800,6.0
60800,6.0
60900,6.0
60900,5.0
60900,5.0
60900,5.0
60900,4.0
60900,5.0
60900,4.0
60900,4.0
60900,5.0
60900,5.0
61000,5.0
61000,4.0
61000,5.0
61000,4.0
61000,6.0
61000,5.0
61000,5.0
61000,5.0
61000,5.0
61000,5.0
61000,4.0
61000,4.0
61000,5.0
61000,6.0
61100,5.0
61100,5.0
61100,5.0
61100,5.0
61100,4.0
61100,5.0
61100,4.0
61100,4.0
61100,5.0
61100,5.0
61100,4.0
61100,4.0
61100,4.0
61100,4.0
61100,6.0
61100,6.0
61100,4.0
61200,5.0
61200,5.0
61200,5.0
61200,4.0
61200,6.0
61200,4.0
61200,5.0
61200,5.0
61200,4.0
61200,5.0
61200,4.0
61200,6.0
61200,5.0
61200,4.0
61200,5.0
61200,5.0
61200,4.0
61200,5.0
61200,4.0
61200,5.0
61200,5.0
61300,5.0
61300,5.0
61300,5.0
61300,5.0
61300,5.0
61300,5.0
61300,5.0
61300,5.0
61300,5.0
61300,5.0
61300,5.0
61300,5.0
61300,5.0
61300,5.0
61300,4.0
61300,6.0
61300,4.0
61300,5.0
61300,5.0
61300,5.0
61400,5.0
61400,6.0
61400,5.0
61400,5.0
61400,5.0
61400,5.0
61400,5.0
61400,5.0
61400,5.0
61400,6.0
61400,4.0
61400,5.0
61500,6.0
61500,5.0
61500,5.0
61500,5.0
61500,5.0
61500,5.0
61600,4.0
61600,5.0
61600,5.0
61600,5.0
61600,5.0
61600,5.0
61600,5.0
61600,5.0
61600,5.0
61600,4.0
61700,4.0
61700,4.0
61700,5.0
61700,5.0
61700,5.0
61700,5.0
61700,5.0
61700,4.0
61700,4.0
61700,5.0
61700,4.0
61700,5.0
61700,5.0
61700,6.0
61700,5.0
61700,5.0
61700,6.0
61700,5.0
61800,5.0
61800,4.0
61800,4.0
61800,6.0
61800,5.0
61800,5.0
61800,4.0
61800,5.0
61800,5.0
61800,5.0
61800,5.0
61800,5.0
61800,5.0
61800,5.0
61800,5.0
61900,4.0
61900,5.0
61900,4.0
61900,4.0
61900,5.0
61900,5.0
61900,6.0
61900,4.0
61900,5.0
61900,5.0
61900,5.0
61900,5.0
61900,5.0
61900,5.0
61900,4.0
61900,5.0
61900,5.0
61900,5.0
61900,5.0
61900,5.0
61900,5.0
61900,5.0
62000,5.0
62000,5.0
62000,5.0
62000,4.0
62000,5.0
62000,5.0
62000,5.0
62000,6.0
62000,5.0
62000,5.0
62000,5.0
62000,5.0
62000,5.0
62000,4.0
62000,5.0
62000,4.0
62000,6.0
62000,5.0
62100,6.0
62100,5.0
62100,5.0
62100,5.0
62100,6.0
62100,5.0
62100,5.0
62200,5.0
62200,6.0
62200,5.0
62200,6.0
62200,5.0
62200,5.0
62200,6.0
62200,5.0
62300,5.0
62300,5.0
62300,4.0
62300,5.0
62300,5.0
62300,7.0
62300,4.0
62300,5.0
62300,5.0
62300,5.0
62300,4.0
62300,5.0
62300,5.0
62300,4.0
62300,4.0
62300,6.0
62300,5.0
62300,4.0
62400,5.0
62400,5.0
62400,5.0
62400,5.0
62400,5.0
62400,4.0
62400,4.0
62400,5.0
62400,5.0
62400,5.0
62400,5.0
62400,5.0
62500,4.0
62500,5.0
62500,5.0
62500,5.0
62500,5.0
62500,4.0
62500,5.0
62500,4.0
62500,5.0
62500,6.0
62500,6.0
62500,5.0
62500,5.0
62500,5.0
62500,5.0
62600,5.0
62600,5.0
62600,5.0
62600,5.0
62600,5.0
62600,5.0
62600,6.0
62600,5.0
62600,5.0
62600,5.0
62600,5.0
62600,6.0
62600,5.0
62600,4.0
62600,5.0
62600,5.0
62600,6.0
62600,5.0
62600,5.0
62600,5.0
62600,5.0
62600,5.0
62600,5.0
62600,4.0
62700,5.0
62700,5.0
62700,5.0
62700,5.0
62700,5.0
62700,5.0
62700,5.0
62700,5.0
62700,5.0
62700,5.0
62700,5.0
62700,5.0
62700,5.0
62700,4.0
62700,5.0
62700,5.0
62700,4.0
62800,5.0
62800,6.0
62800,5.0
62800,5.0
62800,4.0
62900,5.0
62900,6.0
62900,4.0
62900,4.0
62900,6.0
62900,5.0
62900,5.0
62900,5.0
63000,5.0
63000,4.0
63000,4.0
63000,4.0
63000,6.0
63000,5.0
63000,5.0
63000,5.0
63000,5.0
63000,5.0
63000,5.0
63000,5.0
63000,6.0
63000,5.0
63000,5.0
63000,6.0
63000,5.0
63000,5.0
63000,4.0
63000,5.0
63000,5.0
63000,4.0
63100,5.0
63100,4.0
63100,4.0
63100,5.0
63100,4.0
63100,5.0
63100,5.0
63100,5.0
63100,4.0
63100,4.0
63100,4.0
63100,5.0
63100,6.0
63100,6.0
63200,5.0
63200,5.0
63200,4.0
63200,5.0
63200,5.0
63200,5.0
63200,4.0
63200,6.0
63200,5.0
63200,5.0
63200,5.0
63300,5.0
63300,4.0
63300,5.0
63300,5.0
63300,5.0
63300,4.0
63300,6.0
63300,5.0
63300,5.0
63300,5.0
63300,5.0
63300,5.0
63300,5.0
63300,5.0
63300,4.0
63300,5.0
63300,5.0
63300,5.0
63300,5.0
63300,4.0
63300,5.0
63300,5.0
63300,5.0
63300,5.0
63300,4.0
63300,4.0
63400,5.0
63400,4.0
63400,5.0
63400,5.0
63400,5.0
63400,6.0
63400,5.0
63400,6.0
63400,4.0
63400,5.0
63400,5.0
63400,5.0
63400,5.0
63500,5.0
63500,6.0
63500,7.0
63500,5.0
63500,4.0
63500,6.0
63500,5.0
63600,5.0
63600,4.0
63600,4.0
63600,5.0
63600,4.0
63600,4.0
63600,4.0
63600,5.0
63600,4.0
63600,5.0
63600,4.0
63600,5.0
63600,5.0
63700,5.0
63700,5.0
63700,6.0
63700,4.0
63700,5.0
63700,4.0
63700,5.0
63700,5.0
63700,5.0
63700,4.0
63700,5.0
63700,5.0
63700,4.0
63700,5.0
63700,5.0
63700,4.0
63800,6.0
63800,4.0
63800,6.0
63800,5.0
63800,4.0
63800,6.0
63800,5.0
63800,6.0
63800,4.0
63800,6.0
63800,5.0
63800,5.0
63800,5.0
63900,5.0
63900,5.0
63900,6.0
63900,5.0
63900,4.0
63900,6.0
63900,5.0
63900,4.0
63900,5.0
63900,4.0
63900,5.0
63900,4.0
63900,4.0
63900,4.0
63900,4.0
63900,6.0
63900,4.0
63900,6.0
64000,5.0
64000,5.0
64000,5.0
64000,6.0
64000,4.0
64000,5.0
64000,5.0
64000,5.0
64000,6.0
64000,5.0
64000,5.0
64000,5.0
64000,5.0
64000,5.0
64000,5.0
64000,5.0
64000,5.0
64000,5.0
64100,6.0
64100,4.0
64100,5.0
64100,5.0
64100,6.0
64100,5.0
64100,5.0
64100,5.0
64100,5.0
64100,5.0
64100,5.0
64100,5.0
64100,6.0
64100,5.0
64100,5.0
64100,5.0
64200,5.0
64200,5.0
64200,5.0
64200,4.0
64200,4.0
64200,4.0
64200,5.0
64200,5.0
64200,5.0
64300,5.0
64300,5.0
64300,5.0
64300,5.0
64300,5.0
64300,5.0
64300,5.0
64300,4.0
64300,5.0
64400,6.0
64400,4.0
64400,5.0
64400,5.0
64400,5.0
64400,5.0
64400,5.0
64400,5.0
64400,4.0
64400,5.0
64400,6.0
64400,5.0
64400,5.0
64400,5.0
64400,5.0
64400,5.0
64400,5.0
64500,5.0
64500,5.0
64500,5.0
64500,5.0
64500,4.0
64500,6.0
64500,4.0
64500,5.0
64500,5.0
64500,4.0
64500,6.0
64500,5.0
64500,4.0
64600,5.0
64600,6.0
64600,5.0
64600,5.0
64600,6.0
64600,5.0
64600,5.0
64600,5.0
64600,5.0
64600,5.0
64600,5.0
64600,5.0
64600,5.0
64600,5.0
64600,6.0
64600,6.0
64600,5.0
64600,4.0
64600,5.0
64700,5.0
64700,5.0
64700,5.0
64700,5.0
64700,5.0
64700,5.0
64700,5.0
64700,5.0
64700,5.0
64700,4.0
64700,5.0
64700,5.0
64700,5.0
64700,5.0
64700,5.0
64800,5.0
64800,5.0
64800,5.0
64800,5.0
64800,4.0
64800,6.0
64800,6.0
64800,4.0
64800,5.0
64800,6.0
64800,5.0
64800,5.0
64800,5.0
64800,5.0
64800,5.0
64800,5.0
64900,5.0
64900,4.0
64900,5.0
64900,6.0
64900,5.0
64900,5.0
64900,4.0
64900,4.0
64900,6.0
64900,5.0
65000,6.0
65000,5.0
65000,5.0
65000,4.0
65000,5.0
65000,7.0
65000,4.0
65000,4.0
65000,5.0
65000,4.0
65000,5.0
65000,6.0
65000,7.0
65100,5.0
65100,5.0
65100,6.0
65100,5.0
65100,4.0
65100,5.0
65100,5.0
65100,5.0
65100,5.0
65100,5.0
65100,5.0
65100,5.0
65100,5.0
65100,5.0
65100,4.0
65100,5.0
65200,5.0
65200,4.0
65200,4.0
65200,5.0
65200,5.0
65200,5.0
65200,5.0
65200,5.0
65200,5.0
65300,5.0
65300,5.0
65300,5.0
65300,6.0
65300,6.0
65300,5.0
65300,6.0
65300,5.0
65400,5.0
65400,7.0
65400,6.0
65400,6.0
65400,6.0
65400,5.0
65400,6.0
65400,6.0
65400,6.0
65400,6.0
65500,6.0
65500,6.0
65500,7.0
65500,7.0
65500,6.0
65500,7.0
65500,7.0
65500,7.0
65500,6.0
65600,7.0
65600,7.0
65600,7.0
65600,7.0
65700,7.0
65700,6.0
65700,8.0
65700,7.0
65700,7.0
65700,7.0
65700,8.0
65700,7.0
65700,8.0
65700,8.0
65700,7.0
65800,8.0
65800,7.0
65800,8.0
65800,7.0
65800,8.0
65800,6.0
65800,8.0
65800,8.0
65800,6.0
65800,6.0
65800,8.0
65800,7.0
65800,7.0
65800,8.0
65800,9.0
65800,8.0
65900,7.0
65900,8.0
65900,7.0
65900,6.0
65900,7.0
65900,6.0
65900,8.0
65900,9.0
65900,7.0
65900,9.0
65900,8.0
66000,6.0
66000,7.0
66000,7.0
66000,8.0
66000,7.0
66000,5.0
66000,7.0
66000,9.0
66000,9.0
66000,7.0
66000,8.0
66000,7.0
66000,7.0
66000,8.0
66100,8.0
66100,7.0
66100,9.0
66100,7.0
66100,8.0
66100,7.0
66100,9.0
66100,8.0
66100,9.0
66100,7.0
66100,8.0
66100,6.0
66100,7.0
66200,7.0
66200,7.0
66200,8.0
66200,8.0
66200,7.0
66200,8.0
66200,9.0
66200,6.0
66200,6.0
66300,6.0
66300,7.0
66300,7.0
66300,7.0
66300,8.0
66300,10.0
66300,7.0
66300,7.0
66300,8.0
66400,9.0
66400,7.0
66400,8.0
66400,11.0
66400,7.0
66400,6.0
66400,8.0
66400,7.0
66500,8.0
66500,6.0
66500,7.0
66500,7.0
66500,5.0
66500,8.0
66500,7.0
66500,9.0
66500,6.0
66500,8.0
66600,7.0
66600,6.0
66600,9.0
66600,7.0
66600,9.0
66600,7.0
66600,6.0
66600,6.0
66600,7.0
66700,7.0
66700,6.0
66700,7.0
66700,7.0
66700,7.0
66700,7.0
66700,7.0
66700,8.0
66700,7.0
66700,7.0
66800,6.0
66800,6.0
66800,9.0
66800,8.0
66800,9.0
66800,8.0
66800,8.0
66800,7.0
66800,7.0
66800,9.0
66800,9.0
66800,8.0
66800,7.0
66900,8.0
66900,7.0
66900,7.0
66900,8.0
66900,8.0
66900,7.0
66900,6.0
66900,7.0
66900,7.0
66900,6.0
66900,8.0
66900,6.0
66900,7.0
66900,7.0
66900,7.0
66900,7.0
66900,8.0
67000,7.0
67000,7.0
67000,6.0
67000,6.0
67000,6.0
67000,8.0
67000,8.0
67000,9.0
67000,8.0
67000,7.0
67000,9.0
67000,7.0
67100,6.0
67100,8.0
67100,8.0
67100,8.0
67100,8.0
67100,8.0
67100,6.0
67200,7.0
67200,8.0
67200,7.0
67200,7.0
67200,6.0
67200,8.0
67200,7.0
67200,5.0
67200,6.0
67200,6.0
67200,6.0
67200,7.0
67200,8.0
67200,8.0
67200,9.0
67300,7.0
67300,9.0
67300,8.0
67300,7.0
67300,8.0
67300,9.0
67400,6.0
67400,7.0
67400,6.0
67400,7.0
67400,8.0
67400,7.0
67400,7.0
67400,8.0
67500,8.0
67500,8.0
67500,8.0
67500,6.0
67500,6.0
67500,8.0
67500,8.0
67600,7.0
67600,6.0
67600,7.0
67600,8.0
67600,8.0
67600,8.0
67600,6.0
67600,7.0
67600,8.0
67600,8.0
67600,8.0
67700,8.0
67700,7.0
67700,6.0
67700,6.0
67700,8.0
67700,7.0
67700,6.0
67700,9.0
67700,7.0
67700,6.0
67800,8.0
67800,8.0
67800,7.0
67800,7.0
67800,7.0
67800,9.0
67800,7.0
67800,9.0
67800,6.0
67800,8.0
67800,8.0
67800,7.0
67800,9.0
67800,7.0
67800,7.0
67800,6.0
67900,9.0
67900,8.0
67900,7.0
67900,7.0
67900,8.0
67900,8.0
67900,9.0
67900,9.0
67900,7.0
67900,8.0
67900,8.0
67900,6.0
68000,8.0
68000,9.0
68000,6.0
68000,8.0
68000,8.0
68000,6.0
68000,8.0
68000,10.0
68000,8.0
68000,8.0
68100,8.0
68100,6.0
68100,7.0
68100,6.0
68100,6.0
68100,8.0
68100,6.0
68100,8.0
68100,8.0
68100,9.0
68100,8.0
68100,7.0
68100,7.0
68100,8.0
68200,7.0
68200,8.0
68200,8.0
68200,8.0
68200,8.0
68200,8.0
68200,8.0
68200,8.0
68200,8.0
68200,8.0
68200,6.0
68300,7.0
68300,6.0
68300,8.0
68300,9.0
68300,7.0
68400,8.0
68400,7.0
68400,8.0
68400,7.0
68400,8.0
68400,6.0
68400,8.0
68400,6.0
68500,7.0
68500,7.0
68500,6.0
68500,7.0
68500,7.0
68500,8.0
68500,9.0
68500,8.0
68600,8.0
68600,7.0
68600,9.0
68600,7.0
68600,9.0
68600,6.0
68600,7.0
68600,8.0
68600,8.0
68600,6.0
68600,7.0
68600,7.0
68700,7.0
68700,7.0
68700,8.0
68700,6.0
68700,7.0
68700,8.0
68700,7.0
68700,7.0
68700,9.0
68700,8.0
68700,7.0
68700,7.0
68700,9.0
68700,7.0
68800,5.0
68800,7.0
68800,7.0
68800,5.0
68800,7.0
68800,7.0
68800,7.0
68800,7.0
68800,8.0
68800,6.0
68800,8.0
68800,7.0
68800,8.0
68900,7.0
68900,7.0
68900,10.0
68900,7.0
68900,8.0
68900,8.0
68900,7.0
68900,7.0
68900,8.0
68900,9.0
68900,9.0
68900,9.0
69000,7.0
69000,7.0
69000,7.0
69000,6.0
69000,7.0
69000,7.0
69000,8.0
69000,8.0
69000,8.0
69100,7.0
69100,6.0
69100,8.0
69100,7.0
69100,8.0
69100,7.0
69100,9.0
69100,8.0
69100,10.0
69100,7.0
69100,8.0
69100,7.0
69200,9.0
69200,8.0
69200,8.0
69200,9.0
69200,7.0
69200,7.0
69200,8.0
69200,7.0
69200,7.0
69200,8.0
69200,9.0
69300,6.0
69300,6.0
69300,6.0
69300,7.0
69300,7.0
69300,7.0
69300,9.0
69400,8.0
69400,7.0
69400,7.0
69400,8.0
69400,7.0
69400,8.0
69400,6.0
69400,6.0
69400,8.0
69400,6.0
69500,7.0
69500,7.0
69500,9.0
69500,6.0
69500,7.0
69500,7.0
69500,8.0
69600,7.0
69600,7.0
69600,8.0
69600,6.0
69600,8.0
69600,8.0
69600,6.0
69600,7.0
69600,7.0
69600,7.0
69600,8.0
69600,7.0
69600,7.0
69600,9.0
69600,6.0
69700,8.0
69700,7.0
69700,8.0
69700,8.0
69700,7.0
69700,8.0
69700,6.0
69700,8.0
69700,7.0
69700,6.0
69700,7.0
69700,8.0
69800,8.0
69800,6.0
69800,7.0
69800,10.0
69800,8.0
69800,7.0
69800,6.0
69800,7.0
69800,7.0
69800,8.0
69800,8.0
69900,8.0
69900,7.0
69900,8.0
69900,8.0
69900,9.0
69900,8.0
69900,7.0
69900,9.0
69900,7.0
70000,9.0
70000,9.0
70000,8.0
70000,7.0
70000,7.0
70000,7.0
70000,7.0
70000,8.0
70000,8.0
70000,7.0
70000,7.0
70000,8.0
70000,6.0
70000,7.0
70000,6.0
70100,7.0
70100,8.0
70100,7.0
70100,7.0
70100,8.0
70100,6.0
70100,8.0
70100,8.0
70100,8.0
70200,8.0
70200,8.0
70200,7.0
70200,7.0
70200,7.0
70200,6.0
70200,6.0
70200,8.0
70300,8.0
70300,8.0
70300,8.0
70300,7.0
70300,9.0
70300,7.0
70400,10.0
70400,7.0
70400,7.0
70400,7.0
70400,7.0
70400,8.0
70400,8.0
70400,8.0
70500,9.0
70500,9.0
70500,7.0
70500,7.0
70500,7.0
70500,8.0
70500,9.0
70500,7.0
70600,7.0
70600,8.0
70600,8.0
70600,9.0
70600,8.0
70600,8.0
70600,9.0
70600,8.0
70700,8.0
70700,9.0
70700,9.0
70700,9.0
70700,13.0
70700,9.0
70700,8.0
70800,9.0
70800,9.0
70800,10.0
70800,9.0
70800,10.0
70900,10.0
70900,10.0
70900,10.0
71000,8.0
71000,10.0
71000,11.0
71100,12.0
71100,11.0
71100,10.0
71100,10.0
71200,10.0
71200,12.0
71200,12.0
71200,11.0
71200,12.0
71200,9.0
71200,10.0
71200,11.0
71200,12.0
71300,12.0
71300,14.0
71300,13.0
71300,10.0
71300,13.0
71300,9.0
71400,9.0
71400,12.0
71400,12.0
71400,12.0
71400,10.0
71400,10.0
71400,12.0
71400,14.0
71400,13.0
71400,11.0
71400,13.0
71400,12.0
71500,11.0
71500,11.0
71500,13.0
71500,11.0
71500,13.0
71500,14.0
71500,15.0
71500,10.0
71600,14.0
71600,10.0
71600,14.0
71600,12.0
71600,13.0
71600,14.0
71600,16.0
71600,13.0
71600,13.0
71700,12.0
71700,14.0
71700,8.0
71700,10.0
71700,12.0
71800,12.0
71800,15.0
71800,16.0
71800,17.0
71800,12.0
71800,13.0
71800,11.0
71900,13.0
71900,12.0
71900,13.0
71900,11.0
71900,12.0
71900,17.0
71900,11.0
71900,10.0
72000,17.0
72000,14.0
72000,15.0
72000,10.0
72000,12.0
72000,11.0
72000,14.0
72000,13.0
72000,13.0
72000,13.0
72000,9.0
72100,13.0
72100,13.0
72100,15.0
72100,12.0
72200,15.0
72200,14.0
72200,12.0
72200,14.0
72200,13.0
72200,13.0
72200,12.0
72300,11.0
72300,11.0
72300,13.0
72300,15.0
72300,8.0
72400,20.0
72400,10.0
72400,10.0
72400,14.0
72400,10.0
72500,10.0
72500,11.0
72600,12.0
72600,12.0
72600,17.0
72600,10.0
72600,12.0
72600,15.0
72700,10.0
72700,12.0
72700,11.0
72700,9.0
72700,11.0
72700,15.0
72700,13.0
72700,11.0
72700,14.0
72800,17.0
72800,12.0
72800,11.0
72800,9.0
72800,15.0
72800,14.0
72900,13.0
72900,8.0
72900,10.0
72900,14.0
72900,11.0
72900,11.0
72900,12.0
72900,9.0
72900,12.0
72900,16.0
72900,13.0
72900,11.0
72900,11.0
72900,12.0
72900,16.0
72900,11.0
72900,12.0
72900,14.0
73000,14.0
73000,14.0
73000,14.0
73000,15.0
73100,15.0
73100,11.0
73100,14.0
73100,13.0
73100,12.0
73200,11.0
73200,14.0
73200,15.0
73200,12.0
73200,16.0
73300,10.0
73300,13.0
73300,12.0
73300,14.0
73300,11.0
73400,13.0
73400,13.0
73400,12.0
73400,13.0
73400,12.0
73400,10.0
73400,12.0
73400,16.0
73400,15.0
73500,13.0
73500,15.0
73500,12.0
73500,11.0
73500,12.0
73500,13.0
73600,10.0
73600,16.0
73600,16.0
73600,14.0
73600,12.0
73600,12.0
73600,15.0
73600,12.0
73600,14.0
73600,15.0
73700,12.0
73700,15.0
73700,9.0
73700,15.0
73700,12.0
73700,12.0
73700,13.0
73800,13.0
73800,16.0
73800,12.0
73800,13.0
73800,15.0
73900,10.0
73900,13.0
73900,11.0
73900,9.0
73900,12.0
73900,13.0
74000,16.0
74000,11.0
74000,12.0
74000,11.0
74000,11.0
74000,11.0
74000,9.0
74100,14.0
74100,12.0
74100,13.0
74100,11.0
74100,15.0
74200,12.0
74200,7.0
74200,11.0
74200,12.0
74200,13.0
74200,13.0
74200,11.0
74200,14.0
74300,11.0
74300,12.0
74300,15.0
74300,12.0
74300,12.0
74300,13.0
74300,12.0
74300,12.0
74300,12.0
74300,14.0
74300,11.0
74400,13.0
74400,13.0
74400,14.0
74400,8.0
74400,13.0
74400,13.0
74500,12.0
74500,14.0
74500,11.0
74500,10.0
74500,14.0
74500,13.0
74500,14.0
74600,12.0
74600,11.0
74600,13.0
74600,15.0
74600,12.0
74600,13.0
74600,14.0
74700,14.0
74700,11.0
74700,13.0
74700,11.0
74700,16.0
74700,13.0
74700,11.0
74800,12.0
74800,13.0
74800,11.0
74800,10.0
74900,11.0
74900,11.0
74900,13.0
74900,13.0
74900,12.0
74900,9.0
75000,12.0
75000,13.0
75000,12.0
75000,14.0
75000,10.0
75000,14.0
75000,12.0
75100,18.0
75100,12.0
75100,12.0
75100,9.0
75100,12.0
75100,13.0
75100,12.0
75100,12.0
75100,14.0
75100,10.0
75100,16.0
75100,11.0
75100,12.0
75100,13.0
75200,14.0
75200,11.0
75200,15.0
75200,13.0
75200,11.0
75300,12.0
75300,16.0
75400,12.0
75400,12.0
75400,9.0
75400,14.0
75400,14.0
75400,16.0
75500,11.0
75800,12.0
75800,15.0
75800,15.0
75800,13.0
75800,13.0
75900,18.0
75900,18.0
76000,15.0
76000,18.0
76000,16.0
76000,17.0
76100,17.0
76100,19.0
76300,19.0
76300,18.0
76400,21.0
76400,20.0
76500,22.0
76900,23.0
76900,25.0
76900,20.0
77000,23.0
77000,28.0
77100,27.0
77200,26.0
77300,20.0
77300,29.0
77300,22.0
77300,22.0
77400,21.0
77400,24.0
77400,23.0
77400,22.0
77500,26.0
77500,27.0
77500,27.0
77500,22.0
77500,21.0
77500,22.0
77500,30.0
77600,22.0
77600,23.0
77600,27.0
77600,26.0
77600,24.0
77700,21.0
77700,24.0
77700,24.0
77700,24.0
77700,24.0
77700,21.0
77700,25.0
77700,26.0
77800,30.0
77800,22.0
77800,22.0
77800,22.0
77800,26.0
77800,29.0
77800,24.0
77800,28.0
77800,24.0
77900,26.0
77900,29.0
77900,23.0
77900,26.0
77900,34.0
77900,37.0
77900,26.0
77900,26.0
77900,34.0
77900,28.0
77900,28.0
78000,23.0
78000,25.0
78000,26.0
78000,28.0
78000,28.0
78000,35.0
78100,36.0
78100,21.0
78100,26.0
78100,21.0
78100,34.0
78200,34.0
78200,29.0
78200,33.0
78200,33.0
78200,22.0
78400,23.0
78400,22.0
78400,21.0
78400,24.0
78400,22.0
78400,36.0
78400,36.0
78500,38.0
78500,25.0
78500,40.0
78500,36.0
78600,21.0
78600,25.0
78600,20.0
78600,23.0
78700,25.0
78700,41.0
78800,41.0
78800,26.0
79000,43.0
79000,25.0
79100,44.0
79300,27.0
79300,41.0
79400,22.0
79400,46.0
79400,23.0
79500,19.0
79500,21.0
79500,28.0
79600,21.0
79600,25.0
79600,23.0
79700,26.0
79800,23.0
79900,21.0
79900,23.0
79900,23.0
79900,27.0
79900,24.0
79900,22.0
79900,20.0
80000,53.0
80100,24.0
80100,22.0
80100,21.0
80100,23.0
80200,20.0
80200,21.0
80200,25.0
80200,22.0
80200,22.0
80200,21.0
80200,22.0
80200,21.0
80300,26.0
80300,24.0
80300,22.0
80300,22.0
80300,22.0
80300,23.0
80300,19.0
80300,20.0
80300,20.0
80300,24.0
80300,25.0
80300,24.0
80300,25.0
80300,24.0
80400,21.0
80400,28.0
80400,22.0
80400,24.0
80400,24.0
80400,29.0
80400,25.0
80400,22.0
80400,25.0
80400,24.0
80400,27.0
80400,23.0
80400,26.0
80400,23.0
80400,27.0
80400,21.0
80500,19.0
80500,28.0
80500,21.0
80500,18.0
80500,22.0
80500,23.0
80500,24.0
80500,23.0
80600,25.0
80600,22.0
80600,19.0
80600,25.0
80600,20.0
80600,20.0
80600,20.0
80600,22.0
80600,26.0
80600,24.0
80700,19.0
80700,21.0
80700,20.0
80700,23.0
80800,22.0
80800,22.0
80800,20.0
80800,19.0
80900,19.0
80900,19.0
80900,20.0
80900,17.0
80900,22.0
81000,22.0
81000,64.0
81000,22.0
81100,19.0
81200,17.0
81200,16.0
81200,14.0
81200,15.0
81200,14.0
81300,13.0
81300,15.0
81300,17.0
81300,12.0
81300,17.0
81300,16.0
81300,20.0
81300,12.0
81300,12.0
81400,13.0
81400,17.0
81400,13.0
81400,19.0
81400,13.0
81500,12.0
81500,12.0
81500,12.0
81500,14.0
81500,13.0
81600,13.0
81600,12.0
81600,17.0
81600,12.0
81700,13.0
81700,12.0
81700,13.0
81700,13.0
81700,13.0
81800,13.0
81800,12.0
81800,12.0
81800,12.0
81800,13.0
81800,13.0
81800,14.0
81800,13.0
81800,13.0
81800,13.0
81800,13.0
81800,13.0
81800,14.0
81800,13.0
81800,12.0
81900,13.0
81900,13.0
81900,12.0
81900,13.0
81900,14.0
81900,14.0
81900,13.0
81900,14.0
81900,14.0
81900,12.0
81900,12.0
81900,12.0
81900,13.0
82000,14.0
82000,14.0
82000,14.0
82000,14.0
82000,14.0
82000,13.0
82000,14.0
82100,12.0
82100,13.0
82100,13.0
82100,13.0
82100,13.0
82100,13.0
82100,13.0
82100,15.0
82100,14.0
82100,13.0
82100,14.0
82100,14.0
82100,13.0
82200,12.0
82200,13.0
82200,14.0
82200,14.0
82200,13.0
82300,14.0
82300,13.0
82300,13.0
82400,13.0
82400,13.0
82400,78.0
82400,14.0
82400,13.0
82400,13.0
82500,13.0
82500,14.0
82500,13.0
82500,13.0
82600,13.0
82600,11.0
82700,12.0
82700,13.0
82700,13.0
82700,13.0
82800,12.0
82800,14.0
82800,14.0
82800,13.0
82800,13.0
82800,13.0
82800,13.0
82800,13.0
82900,13.0
82900,13.0
82900,14.0
82900,12.0
82900,14.0
82900,13.0
82900,12.0
82900,13.0
83000,12.0
83000,12.0
83000,13.0
83000,13.0
83100,13.0
83100,14.0
83200,14.0
83200,12.0
83200,13.0
83200,12.0
83200,12.0
83200,12.0
83300,12.0
83300,13.0
83300,13.0
83300,14.0
83300,13.0
83300,14.0
83300,13.0
83300,14.0
83300,12.0
83300,12.0
83300,13.0
83300,14.0
83300,12.0
83300,12.0
83300,13.0
83300,13.0
83400,12.0
83400,13.0
83400,13.0
83400,13.0
83400,13.0
83400,14.0
83400,14.0
83400,13.0
83400,13.0
83400,14.0
83400,13.0
83500,12.0
83500,12.0
83500,12.0
83500,13.0
83500,13.0
83500,13.0
83500,12.0
83500,14.0
83500,15.0
83500,12.0
83600,13.0
83600,13.0
83600,14.0
83600,14.0
83600,13.0
83600,12.0
83600,13.0
83600,12.0
83600,14.0
83700,14.0
83700,14.0
83700,14.0
83700,13.0
83800,12.0
83800,12.0
83800,13.0
83800,14.0
83800,15.0
83800,13.0
83800,14.0
83900,12.0
83900,13.0
83900,13.0
83900,13.0
83900,14.0
84000,14.0
84000,13.0
84000,13.0
84100,13.0
84100,13.0
84200,13.0
84200,13.0
84200,15.0
84200,13.0
84300,13.0
84300,13.0
84300,13.0
84300,14.0
84300,13.0
84300,13.0
84400,14.0
84400,13.0
84400,13.0
84400,14.0
84400,12.0
84400,14.0
84400,13.0
84400,12.0
84400,12.0
84500,14.0
84500,14.0
84500,14.0
84500,14.0
84500,12.0
84600,15.0
84600,12.0
84600,13.0
84700,12.0
84700,13.0
84700,15.0
84700,13.0
84800,13.0
84800,13.0
84800,14.0
84800,13.0
84800,13.0
84800,13.0
84800,12.0
84800,12.0
84800,13.0
84800,13.0
84800,13.0
84800,14.0
84800,13.0
84800,12.0
84800,12.0
84800,12.0
84800,14.0
84900,14.0
84900,13.0
84900,14.0
84900,13.0
84900,14.0
84900,14.0
84900,12.0
84900,14.0
84900,14.0
85000,14.0
85000,13.0
85000,13.0
85000,13.0
85000,13.0
85000,14.0
85000,14.0
85000,13.0
85000,13.0
85000,11.0
85000,13.0
85000,14.0
85100,13.0
85100,14.0
85100,13.0
85100,14.0
85300,13.0
85400,16.0
85400,16.0
85500,17.0
85600,16.0
85800,17.0
85800,18.0
85800,20.0
85800,20.0
86200,24.0
86300,24.0
86400,24.0
86400,25.0
86500,25.0
86500,27.0
86600,27.0
86700,26.0
86700,27.0
86800,25.0
86800,28.0
86800,27.0
86900,28.0
86900,28.0
86900,27.0
86900,27.0
87100,27.0
87100,29.0
87100,27.0
87100,27.0
87100,28.0
87200,27.0
87200,25.0
87300,28.0
87300,27.0
87300,28.0
87300,28.0
87400,28.0
87400,28.0
87400,28.0
87400,27.0
87400,28.0
87400,30.0
87400,29.0
87400,29.0
87500,29.0
87500,29.0
87500,29.0
87500,28.0
87600,30.0
87700,29.0
87700,30.0
87700,29.0
87800,30.0
87900,30.0
87900,32.0
87900,30.0
88000,30.0
88000,30.0
88000,30.0
88100,31.0
88100,31.0
88100,31.0
88200,32.0
88200,30.0
88200,32.0
88200,31.0
88200,33.0
88200,31.0
88200,32.0
88200,31.0
88200,32.0
88200,31.0
88200,33.0
88200,32.0
88200,32.0
88300,33.0
88300,31.0
88300,33.0
88300,33.0
88300,32.0
88300,32.0
88300,31.0
88300,32.0
88400,32.0
88400,32.0
88400,32.0
88400,32.0
88400,32.0
88400,31.0
88400,31.0
88400,32.0
88400,33.0
88500,33.0
88500,33.0
88500,34.0
88500,35.0
88600,33.0
88600,33.0
88700,30.0
88700,35.0
88700,32.0
88700,37.0
88900,33.0
88900,33.0
89000,32.0
89200,32.0
89300,33.0
89400,34.0
89400,34.0
89700,32.0
89700,33.0
89800,32.0
89800,30.0
89900,32.0
90000,31.0
90000,30.0
90000,34.0
90100,34.0
90200,31.0
90200,31.0
90300,30.0
90300,33.0
90300,32.0
90300,34.0
90400,33.0
90400,31.0
90400,34.0
90400,31.0
90400,31.0
90500,30.0
90500,30.0
90500,29.0
90500,29.0
90500,31.0
90500,31.0
90500,29.0
90500,30.0
90500,29.0
90500,32.0
90500,28.0
90600,27.0
90600,29.0
90600,30.0
90600,30.0
90700,27.0
90700,31.0
90800,31.0
90800,32.0
90800,29.0
90800,30.0
91000,35.0
91000,25.0
91100,34.0
91100,29.0
91200,28.0
91300,29.0
91300,29.0
91400,35.0
91400,30.0
91500,33.0
91500,34.0
91500,30.0
91600,32.0
91600,35.0
91600,31.0
91600,33.0
91600,30.0
91600,33.0
91700,31.0
91700,33.0
91700,33.0
91700,32.0
91700,32.0
91800,36.0
91900,36.0
91900,35.0
91900,35.0
91900,33.0
92000,36.0
92100,35.0
92100,37.0
92200,41.0
92200,36.0
92200,35.0
92300,36.0
92300,34.0
92300,39.0
92400,38.0
92400,38.0
92400,39.0
92500,36.0
92500,37.0
92500,40.0
92600,35.0
92600,40.0
92700,42.0
92800,39.0
92900,41.0
93000,43.0
93100,42.0
93300,38.0
93800,54.0
93800,42.0
93900,40.0
94100,55.0
94100,34.0
94200,42.0
94300,56.0
94500,45.0
94500,40.0
94700,46.0
94700,42.0
94800,41.0
94800,42.0
94800,41.0
94900,41.0
94900,42.0
94900,47.0
95100,46.0
95100,43.0
95300,61.0
95400,60.0
96400,60.0
96500,63.0
96500,56.0
96500,69.0
96600,59.0
96600,67.0
96600,61.0
96700,63.0
96700,61.0
96700,60.0
96700,61.0
96800,54.0
96800,66.0
96800,61.0
96900,59.0
96900,62.0
96900,50.0
97000,64.0
97000,63.0
97000,58.0
97000,52.0
97100,56.0
97100,68.0
97100,63.0
97100,53.0
97100,62.0
97200,81.0
97200,62.0
97300,55.0
97300,55.0
97300,56.0
97300,58.0
97300,63.0
97400,67.0
97400,61.0
97400,58.0
97500,55.0
97500,57.0
97500,57.0
97500,65.0
97500,68.0
97500,56.0
97600,57.0
97600,68.0
97600,70.0
97600,59.0
97600,63.0
97700,52.0
97700,54.0
97800,55.0
97900,63.0
97900,67.0
97900,58.0
97900,58.0
98000,58.0
98100,54.0
98100,55.0
98200,65.0
98200,61.0
98300,58.0
98400,55.0
98400,60.0
98400,60.0
98400,57.0
98500,59.0
98500,61.0
98600,54.0
98600,60.0
98600,67.0
98600,67.0
98700,62.0
98700,52.0
98700,66.0
98700,59.0
98900,59.0
99400,66.0
99500,64.0
99600,63.0
99700,57.0
99700,70.0
99900,59.0
99900,58.0
100000,57.0
100100,56.0
100500,58.0
100700,63.0
100700,64.0
101100,61.0
101300,64.0
101400,59.0
101400,67.0
101400,63.0
101400,65.0
101500,62.0
101800,62.0
102000,67.0
102000,70.0
102400,74.0
102600,75.0
102700,61.0
102900,56.0
102900,62.0
102900,58.0
103000,63.0
103000,63.0
103000,60.0
103000,59.0
103000,61.0
103000,79.0
103100,61.0
103200,62.0
103200,59.0
103200,60.0
103400,59.0
103400,62.0
103500,59.0
103500,60.0
103800,70.0
103900,62.0
103900,68.0
104000,66.0
104100,66.0
104100,58.0
104100,73.0
104200,62.0
104200,69.0
104200,67.0
104300,66.0
104400,69.0
104400,76.0
104400,68.0
104400,71.0
104400,72.0
104500,67.0
104600,45.0
104600,69.0
104700,78.0
104700,63.0
104800,39.0
104900,53.0
104900,68.0
105000,72.0
105000,81.0
105000,53.0
105100,72.0
105200,80.0
105200,76.0
105300,52.0
105300,72.0
105600,54.0
105600,47.0
105700,80.0
105700,79.0
105700,44.0
105700,71.0
105800,81.0
105800,51.0
105800,89.0
105900,85.0
105900,72.0
105900,60.0
106000,82.0
106000,62.0
106000,44.0
106100,75.0
106100,75.0
106100,73.0
106300,74.0
106500,87.0
106500,83.0
106600,89.0
106600,50.0
106600,79.0
106700,47.0
106800,77.0
106900,53.0
106900,96.0
107000,54.0
107000,53.0
107100,87.0
107100,72.0
107200,69.0
107300,84.0
107400,93.0
107400,86.0
107500,60.0
107500,49.0
107700,88.0
107800,56.0
107800,46.0
107800,56.0
107900,91.0
108000,91.0
108000,48.0
108100,102.0
108100,53.0
108200,99.0
108500,51.0
108500,49.0
108600,57.0
108700,55.0
108800,57.0
108900,45.0
108900,57.0
108900,58.0
109000,104.0
109000,53.0
109100,49.0
109100,50.0
109200,104.0
109200,58.0
109200,59.0
109300,59.0
109300,56.0
109300,52.0
109300,57.0
109400,62.0
109400,63.0
109400,49.0
109400,50.0
109400,54.0
109500,63.0
109500,51.0
109800,52.0
109900,52.0
110100,53.0
110200,53.0
110200,59.0
110300,60.0
110300,51.0
110300,53.0
110400,58.0
110400,51.0
110400,55.0
110500,54.0
110500,59.0
110500,53.0
110500,44.0
110500,46.0
110500,51.0
110500,59.0
110500,62.0
110600,60.0
110600,46.0
110700,52.0
110700,48.0
110800,46.0
110800,46.0
110800,50.0
110800,127.0
110900,44.0
110900,48.0
111000,52.0
111000,55.0
111000,47.0
111000,51.0
111000,56.0
111100,50.0
111100,63.0
111100,38.0
111100,51.0
111100,60.0
111300,46.0
111300,51.0
111300,42.0
111400,54.0
111400,51.0
111500,130.0
111500,42.0
111700,58.0
111800,55.0
111900,44.0
111900,51.0
111900,49.0
111900,51.0
111900,52.0
111900,45.0
112000,48.0
112000,40.0
112000,37.0
112000,68.0
112000,43.0
112200,46.0
112200,46.0
112200,53.0
112300,41.0
112300,43.0
112300,39.0
112400,45.0
112400,52.0
112500,44.0
112500,48.0
112500,45.0
112600,55.0
112600,34.0
112700,59.0
112700,44.0
112900,35.0
112900,34.0
113000,37.0
113000,39.0
113000,35.0
113100,39.0
113100,37.0
113100,38.0
113100,35.0
113300,36.0
113300,45.0
113300,38.0
113300,46.0
113400,38.0
113500,46.0
113500,39.0
113600,41.0
113600,35.0
113600,45.0
113700,47.0
113700,46.0
113700,43.0
113900,39.0
113900,34.0
114000,44.0
114000,35.0
114000,34.0
114000,53.0
114100,34.0
114100,32.0
114100,36.0
114100,37.0
114200,32.0
114200,45.0
114200,46.0
114200,39.0
114200,36.0
114200,60.0
114300,35.0
114300,33.0
114400,34.0
114400,37.0
114500,41.0
114500,33.0
114500,38.0
114600,35.0
114600,40.0
114600,34.0
114600,36.0
114600,39.0
114600,39.0
114600,38.0
114600,39.0
114700,40.0
114700,36.0
114700,38.0
114800,35.0
114800,36.0
114800,33.0
114900,36.0
114900,42.0
115100,38.0
115100,39.0
115100,36.0
115300,40.0
115300,36.0
115400,38.0
115500,40.0
115700,41.0
115700,44.0
115800,37.0
115900,42.0
115900,38.0
116000,35.0
116000,39.0
116100,49.0
116100,42.0
116100,39.0
116100,37.0
116100,39.0
116200,41.0
116300,43.0
116300,41.0
116400,39.0
116500,44.0
116500,39.0
116500,41.0
116600,44.0
116600,44.0
116600,45.0
116700,39.0
116800,41.0
116800,43.0
117100,40.0
117100,44.0
117100,45.0
117100,40.0
117200,48.0
117400,45.0
117400,41.0
117400,42.0
117400,42.0
117500,40.0
117500,47.0
117500,43.0
117600,43.0
117700,42.0
117700,42.0
117700,48.0
117800,45.0
117900,46.0
117900,42.0
118100,54.0
118100,45.0
118200,39.0
118200,44.0
118200,43.0
118200,44.0
118300,41.0
118300,44.0
118400,42.0
118400,43.0
118400,47.0
118400,41.0
118500,42.0
118500,43.0
118600,42.0
118700,43.0
118700,42.0
118700,43.0
118700,52.0
118700,48.0
118800,44.0
118800,47.0
118900,43.0
118900,47.0
119000,43.0
119000,42.0
119000,46.0
119100,53.0
119100,46.0
119100,43.0
119100,47.0
119100,43.0
119200,44.0
119300,44.0
119300,40.0
119300,45.0
119300,47.0
119300,46.0
119400,47.0
119400,45.0
119400,46.0
119400,46.0
119500,42.0
119500,40.0
119500,44.0
119500,52.0
119600,46.0
119700,46.0
119700,47.0
119800,48.0
119900,50.0
120000,47.0
120000,44.0
120800,47.0
120900,61.0
121200,47.0
121300,49.0
121300,56.0
121300,58.0
121400,54.0
121500,53.0
121500,52.0
121600,53.0
121900,52.0
121900,56.0
121900,56.0
122000,61.0
122000,59.0
122100,59.0
122100,56.0
122100,62.0
122200,55.0
122200,55.0
122300,53.0
122400,56.0
122500,55.0
122600,58.0
122600,60.0
122600,53.0
122700,54.0
122900,66.0
123000,61.0
123100,63.0
123100,58.0
123100,57.0
123300,56.0
123300,54.0
123400,61.0
123400,58.0
123500,58.0
123500,59.0
123500,59.0
123900,58.0
123900,63.0
123900,55.0
123900,60.0
124000,62.0
124000,63.0
124100,62.0
124200,56.0
124300,57.0
124300,58.0
124400,59.0
124400,60.0
124400,60.0
124400,57.0
124400,61.0
124400,58.0
124500,59.0
124600,56.0
124700,57.0
124700,58.0
124700,59.0
124800,64.0
124800,55.0
124900,66.0
124900,60.0
124900,56.0
125000,57.0
125000,70.0
125000,58.0
125000,56.0
125100,58.0
125100,70.0
125100,64.0
125100,62.0
125100,55.0
125100,60.0
125200,63.0
125200,59.0
125200,60.0
125300,64.0
125300,56.0
125300,56.0
125300,61.0
125300,57.0
125400,57.0
125400,63.0
125500,60.0
125500,60.0
125500,59.0
125600,57.0
125600,60.0
125600,58.0
125600,56.0
125800,56.0
125800,63.0
125800,63.0
125900,64.0
125900,57.0
126000,59.0
126000,61.0
126500,68.0
126600,56.0
127000,59.0
127000,56.0
127700,60.0
127800,60.0
127900,64.0
128000,65.0
128200,67.0
128300,66.0
128400,68.0
128500,64.0
129000,68.0
129000,69.0
129200,71.0
129200,67.0
129300,69.0
129300,67.0
129300,70.0
129500,73.0
129500,72.0
129500,72.0
129600,68.0
129800,74.0
130000,72.0
130000,73.0
130000,72.0
130000,67.0
130200,69.0
130300,74.0
130300,72.0
130500,72.0
130500,73.0
130500,69.0
130600,69.0
130600,70.0
130700,72.0
130800,71.0
130800,73.0
131000,67.0
131000,66.0
131100,74.0
131100,70.0
131200,71.0
131200,70.0
131400,69.0
131400,73.0
131400,72.0
131500,68.0
131500,74.0
131500,69.0
131500,69.0
131500,69.0
131600,67.0
131600,71.0
131700,67.0
131700,69.0
131700,71.0
131800,66.0
131800,65.0
131900,73.0
131900,73.0
132000,69.0
132000,70.0
132000,66.0
132000,67.0
132100,65.0
132100,69.0
132100,68.0
132100,72.0
132200,69.0
132200,71.0
132200,67.0
132200,65.0
132200,70.0
132200,67.0
132200,71.0
132300,70.0
132300,68.0
132300,70.0
132300,65.0
132400,75.0
132500,70.0
132500,70.0
132600,68.0
132600,74.0
132600,72.0
132700,66.0
132700,67.0
132700,69.0
132800,74.0
132900,72.0
132900,73.0
133000,68.0
133000,69.0
133100,71.0
133100,74.0
133200,70.0
133200,74.0
133300,66.0
133500,75.0
133600,68.0
134000,68.0
134400,72.0
134800,68.0
135200,71.0
135200,70.0
135200,73.0
135800,73.0
135900,73.0
136100,77.0
136200,75.0
136300,68.0
136400,72.0
136400,70.0
136500,70.0
136800,71.0
136800,71.0
136900,74.0
137000,78.0
137000,76.0
137100,73.0
137200,70.0
137200,72.0
137200,75.0
137300,71.0
137300,71.0
137500,73.0
137500,68.0
137500,71.0
137600,71.0
137700,69.0
137700,72.0
137800,71.0
137800,69.0
138000,73.0
138000,70.0
138000,72.0
138100,71.0
138200,69.0
138200,70.0
138400,72.0
138400,67.0
138500,71.0
138600,72.0
138600,70.0
138600,68.0
138700,71.0
138800,68.0
138800,72.0
138800,68.0
138800,66.0
138900,70.0
138900,72.0
138900,70.0
138900,67.0
138900,76.0
139000,73.0
139000,68.0
139100,70.0
139100,73.0
139100,67.0
139100,74.0
139100,68.0
139100,68.0
139200,69.0
139200,70.0
139200,73.0
139200,75.0
139200,71.0
139300,70.0
139500,71.0
139500,70.0
139500,71.0
139600,71.0
139700,72.0
139700,69.0
139800,74.0
139800,74.0
139800,74.0
139900,71.0
139900,72.0
139900,68.0
140000,70.0
140000,72.0
140000,73.0
140100,75.0
140100,72.0
140100,72.0
140100,69.0
140200,77.0
140200,78.0
140200,70.0
140200,73.0
140500,71.0
140500,72.0
140700,74.0
140700,76.0
140700,73.0
140900,72.0
141000,75.0
141800,80.0
142000,78.0
142500,79.0
142800,74.0
142900,79.0
143200,78.0
143400,80.0
143500,75.0
143600,75.0
143900,75.0
144300,80.0
144400,79.0
144500,75.0
144600,80.0
144700,77.0
144800,82.0
144900,77.0
145100,80.0
145100,79.0
145200,85.0
145600,81.0
145700,82.0
145800,84.0
145800,81.0
145800,85.0
145900,81.0
146000,80.0
146200,83.0
146200,88.0
146200,85.0
146400,87.0
146500,86.0
146500,83.0
146600,92.0
146700,85.0
147000,79.0
147000,86.0
147000,88.0
147100,82.0
147100,85.0
147100,91.0
147100,88.0
147100,78.0
147200,82.0
147200,88.0
147200,82.0
147300,82.0
147300,86.0
147300,81.0
147300,85.0
147500,83.0
147500,82.0
147600,88.0
147600,90.0
147600,88.0
147600,85.0
147600,85.0
147800,88.0
147800,81.0
147800,85.0
147800,84.0
147800,84.0
147900,85.0
147900,85.0
148000,90.0
148100,87.0
148100,86.0
148200,89.0
148300,92.0
148300,90.0
148400,84.0
148400,91.0
148400,87.0
148500,86.0
148500,84.0
148500,81.0
148500,82.0
148700,85.0
148700,85.0
148700,87.0
148700,89.0
148800,81.0
148800,86.0
148900,88.0
148900,86.0
148900,92.0
149100,84.0
149100,91.0
149100,90.0
149200,83.0
149200,88.0
149400,83.0
149400,90.0
149400,85.0
149400,91.0
149500,91.0
149500,92.0
149500,96.0
149600,84.0
149800,89.0
149900,77.0
150300,83.0
150500,78.0
150800,77.0
151100,81.0
151400,80.0
151400,77.0
151800,82.0
152000,79.0
152300,78.0
152400,77.0
152400,86.0
152600,80.0
152700,79.0
152700,77.0
152700,76.0
152900,76.0
153100,78.0
153200,78.0
153400,75.0
153400,74.0
153400,73.0
153500,86.0
153700,79.0
153700,75.0
153800,78.0
153900,79.0
154000,71.0
154200,78.0
154200,78.0
154200,78.0
154300,76.0
154300,76.0
154600,80.0
154600,74.0
154700,74.0
154700,73.0
154700,70.0
154700,73.0
154800,73.0
154800,75.0
154800,76.0
154900,71.0
155000,70.0
155000,82.0
155000,70.0
155000,72.0
155000,76.0
155000,72.0
155100,73.0
155100,79.0
155100,78.0
155100,76.0
155100,73.0
155100,78.0
155200,69.0
155200,71.0
155200,79.0
155300,78.0
155300,73.0
155300,78.0
155300,73.0
155300,73.0
155400,71.0
155400,77.0
155500,73.0
155500,74.0
155600,67.0
155600,70.0
155600,66.0
155600,70.0
155700,72.0
155700,73.0
155800,65.0
155900,73.0
155900,72.0
156000,70.0
156000,71.0
156000,71.0
156000,69.0
156000,73.0
156100,70.0
156100,74.0
156200,71.0
156200,77.0
156300,74.0
156400,70.0
156400,77.0
156400,71.0
156500,71.0
156500,68.0
156500,68.0
156600,70.0
156600,70.0
156600,73.0
156800,67.0
156800,72.0
156800,71.0
156900,71.0
157200,76.0
157400,69.0
157400,74.0
158000,70.0
158000,73.0
158400,68.0
158400,71.0
158600,70.0
158600,66.0
159400,68.0
159500,73.0
159500,70.0
159600,70.0
159700,69.0
159800,69.0
160000,71.0
160100,72.0
160100,64.0
160200,71.0
160200,69.0
160200,66.0
160400,68.0
160500,69.0
160700,66.0
160700,73.0
160800,69.0
160800,68.0
160900,67.0
161000,66.0
161200,67.0
161300,74.0
161300,69.0
161300,65.0
161400,65.0
161700,72.0
161700,73.0
161700,67.0
161800,69.0
161800,68.0
161800,70.0
161800,66.0
161800,65.0
161800,69.0
161900,66.0
161900,66.0
162000,65.0
162000,68.0
162000,68.0
162000,70.0
162100,69.0
162100,69.0
162200,73.0
162200,69.0
162200,67.0
162200,71.0
162300,67.0
162300,69.0
162400,69.0
162400,72.0
162500,72.0
162500,69.0
162500,71.0
162500,70.0
162500,68.0
162500,70.0
162600,68.0
162600,73.0
162600,67.0
162600,68.0
162700,70.0
162800,69.0
162800,67.0
162800,68.0
162900,75.0
162900,71.0
163100,69.0
163100,69.0
163100,69.0
163200,70.0
163200,67.0
163300,71.0
163300,70.0
163400,76.0
163500,68.0
163500,71.0
163500,72.0
163500,69.0
163600,69.0
163600,70.0
163700,71.0
163700,69.0
163800,74.0
163800,70.0
163800,68.0
163800,77.0
163800,71.0
163800,68.0
164000,72.0
164300,72.0
164300,69.0
164500,69.0
164500,75.0
164700,71.0
164900,67.0
165300,65.0
165300,71.0
165400,68.0
165600,68.0
165700,71.0
166300,67.0
166500,68.0
166600,68.0
166700,65.0
166700,67.0
166900,65.0
167000,71.0
167100,68.0
167100,74.0
167200,68.0
167400,68.0
167400,71.0
167500,68.0
167600,67.0
167600,72.0
167700,67.0
167900,69.0
167900,70.0
167900,67.0
168000,69.0
168300,68.0
168400,70.0
168500,70.0
168500,69.0
168500,70.0
168600,66.0
168600,67.0
168600,66.0
168600,67.0
168600,66.0
168700,68.0
168800,65.0
168800,66.0
168800,68.0
168900,68.0
168900,66.0
168900,67.0
168900,65.0
169000,68.0
169000,70.0
169000,68.0
169100,66.0
169100,67.0
169200,72.0
169200,66.0
169200,68.0
169300,66.0
169300,72.0
169300,66.0
169300,69.0
169300,66.0
169500,67.0
169500,65.0
169500,67.0
169500,67.0
169500,70.0
169600,70.0
169600,69.0
169700,70.0
169700,66.0
169700,69.0
169800,71.0
169800,67.0
169900,69.0
169900,69.0
169900,66.0
170000,67.0
170000,66.0
170100,67.0
170100,72.0
170200,65.0
170200,69.0
170300,67.0
170300,66.0
170300,63.0
170300,66.0
170400,66.0
170400,69.0
170400,69.0
170500,66.0
170600,66.0
170600,68.0
170600,66.0
170600,67.0
170700,67.0
170800,68.0
170800,71.0
170800,66.0
171100,66.0
171100,66.0
171100,71.0
171300,66.0
171400,67.0
172100,72.0
172200,67.0
172200,71.0
172200,66.0
172500,67.0
172500,66.0
172700,72.0
173500,66.0
173600,68.0
173700,72.0
173700,68.0
173900,68.0
174000,73.0
174000,67.0
174100,67.0
174200,70.0
174400,68.0
174500,68.0
174500,72.0
174700,69.0
174700,69.0
174700,71.0
175000,71.0
175000,69.0
175100,70.0
175100,69.0
175400,68.0
175400,69.0
175400,73.0
175900,71.0
175900,72.0
175900,69.0
176000,73.0
176000,70.0
176000,73.0
176100,73.0
176200,74.0
176200,72.0
176200,74.0
176200,73.0
176300,69.0
176300,68.0
176300,75.0
176400,71.0
176400,71.0
176400,73.0
176400,72.0
176400,69.0
176500,74.0
176500,74.0
176500,74.0
176600,74.0
176600,67.0
176600,74.0
176700,72.0
176700,73.0
176800,71.0
176800,68.0
176800,73.0
176800,74.0
176900,71.0
176900,74.0
177000,73.0
177000,72.0
177000,73.0
177000,70.0
177000,73.0
177100,72.0
177100,72.0
177300,71.0
177300,72.0
177300,76.0
177300,72.0
177400,71.0
177400,72.0
177400,70.0
177500,72.0
177500,71.0
177500,74.0
177700,71.0
177700,72.0
177700,72.0
177700,67.0
177800,69.0
177800,71.0
177800,73.0
177900,71.0
177900,71.0
177900,71.0
177900,73.0
178000,72.0
178100,71.0
178100,75.0
178100,76.0
178200,72.0
178400,71.0
178500,72.0
178600,73.0
178900,73.0
178900,74.0
179600,72.0
179700,73.0
179700,73.0
179700,70.0
179800,75.0
180000,71.0
180000,73.0
181000,72.0
181000,71.0
181100,74.0
181300,70.0
181400,75.0
181400,72.0
181500,74.0
181600,74.0
181600,72.0
181900,73.0
182100,74.0
182100,72.0
182100,74.0
182200,70.0
182400,71.0
182400,75.0
182400,75.0
182500,73.0
182600,73.0
182800,72.0
183000,68.0
183300,77.0
183300,77.0
183300,72.0
183300,72.0
183400,70.0
183500,73.0
183600,70.0
183600,70.0
183700,75.0
183700,76.0
183700,74.0
183800,72.0
183800,71.0
183900,74.0
183900,71.0
183900,71.0
183900,70.0
183900,72.0
183900,75.0
184000,72.0
184000,76.0
184000,75.0
184000,74.0
184000,73.0
184100,76.0
184100,77.0
184100,71.0
184200,70.0
184200,73.0
184300,73.0
184300,72.0
184300,71.0
184300,71.0
184300,77.0
184400,74.0
184400,71.0
184500,74.0
184500,75.0
184500,72.0
184500,69.0
184600,67.0
184600,74.0
184600,74.0
184700,72.0
184800,73.0
184800,69.0
184800,69.0
184900,73.0
184900,74.0
185000,73.0
185000,75.0
185000,73.0
185000,69.0
185100,74.0
185100,71.0
185100,70.0
185100,75.0
185100,72.0
185200,72.0
185200,68.0
185300,71.0
185300,73.0
185300,72.0
185400,71.0
185500,72.0
185700,76.0
185800,72.0
185800,75.0
185800,71.0
185900,68.0
186300,75.0
186500,74.0
186900,70.0
186900,69.0
187000,72.0
187000,71.0
187100,72.0
187500,73.0
187500,73.0
188700,72.0
189000,74.0
189000,78.0
189100,78.0
189100,79.0
189200,74.0
189200,76.0
189400,77.0
189600,78.0
189700,73.0
189900,78.0
190000,77.0
190000,77.0
190200,76.0
190300,73.0
190300,76.0
190300,80.0
190400,78.0
190600,78.0
190600,80.0
191000,78.0
191200,77.0
191200,77.0
191300,78.0
191500,79.0
191700,78.0
191800,83.0
191900,80.0
191900,80.0
192000,80.0
192000,80.0
192100,80.0
192100,84.0
192200,84.0
192200,84.0
192200,81.0
192300,81.0
192300,81.0
192300,80.0
192300,82.0
192400,83.0
192400,82.0
192500,83.0
192500,82.0
192500,83.0
192600,81.0
192700,82.0
192700,80.0
192700,86.0
192700,81.0
192800,87.0
192800,83.0
192800,83.0
192800,84.0
193000,84.0
193000,83.0
193000,87.0
193100,83.0
193100,83.0
193200,84.0
193200,85.0
193200,80.0
193200,82.0
193200,83.0
193200,88.0
193300,81.0
193300,81.0
193400,84.0
193400,87.0
193400,81.0
193500,80.0
193500,83.0
193600,83.0
193700,87.0
193700,92.0
193800,87.0
193900,80.0
193900,86.0
193900,88.0
193900,86.0
193900,85.0
194000,84.0
194000,85.0
194000,83.0
194100,86.0
194200,89.0
194200,88.0
194200,82.0
194300,83.0
194300,82.0
194400,84.0
194700,80.0
195300,81.0
195300,88.0
195400,82.0
195500,84.0
195700,86.0
196000,87.0
196100,84.0
196500,88.0
196700,78.0
197300,80.0
197400,82.0
197500,79.0
197500,83.0
197700,84.0
197700,83.0
197800,84.0
198000,82.0
198000,79.0
198200,83.0
198300,78.0
198400,80.0
198500,83.0
198600,84.0
198600,80.0
198700,82.0
198800,83.0
199000,82.0
199200,80.0
199400,86.0
199600,81.0
199600,82.0
199900,82.0
200100,87.0
200200,81.0
200300,81.0
200300,84.0
200400,81.0
200500,80.0
200500,83.0
200600,86.0
200600,85.0
200600,77.0
200600,81.0
200700,81.0
200700,79.0
200800,81.0
200800,81.0
200800,76.0
200800,85.0
200900,84.0
200900,82.0
200900,79.0
200900,85.0
201000,76.0
201000,77.0
201000,84.0
201000,85.0
201100,82.0
201100,87.0
201100,82.0
201100,77.0
201200,88.0
201200,80.0
201200,82.0
201300,78.0
201300,83.0
201300,77.0
201300,79.0
201300,80.0
201400,80.0
201400,82.0
201400,85.0
201400,76.0
201400,84.0
201500,76.0
201500,81.0
201700,83.0
201800,82.0
201800,79.0
201800,82.0
201900,84.0
201900,82.0
201900,82.0
201900,78.0
202000,79.0
202000,78.0
202000,79.0
202100,77.0
202100,80.0
202100,80.0
202200,78.0
202200,80.0
202300,78.0
202400,78.0
202400,80.0
202500,83.0
202500,82.0
202500,85.0
202700,82.0
202700,78.0
202900,74.0
203000,74.0
203300,76.0
203400,79.0
203600,74.0
203600,77.0
204300,80.0
204700,80.0
204700,78.0
204900,74.0
205200,75.0
205200,72.0
205400,75.0
205400,72.0
205500,78.0
205500,73.0
205600,80.0
205600,77.0
205800,74.0
205900,74.0
206100,74.0
206100,72.0
206200,74.0
206400,78.0
206600,74.0
206700,79.0
206900,73.0
206900,75.0
207100,81.0
207400,76.0
207400,76.0
207500,71.0
207500,74.0
207700,71.0
207800,75.0
208000,75.0
208100,76.0
208200,75.0
208200,73.0
208200,73.0
208400,76.0
208400,73.0
208400,77.0
208500,77.0
208500,75.0
208600,75.0
208600,74.0
208600,78.0
208700,72.0
208700,74.0
208700,75.0
208700,76.0
208700,77.0
208700,77.0
208800,76.0
208800,80.0
208800,75.0
208900,74.0
208900,78.0
208900,73.0
208900,79.0
208900,74.0
209000,76.0
209000,75.0
209100,74.0
209100,79.0
209100,76.0
209100,77.0
209200,79.0
209200,79.0
209200,76.0
209200,73.0
209300,76.0
209400,80.0
209400,78.0
209500,79.0
209500,75.0
209600,75.0
209700,75.0
209800,77.0
209800,77.0
209800,78.0
209900,79.0
210000,73.0
210000,79.0
210000,77.0
210100,75.0
210100,79.0
210200,79.0
210200,76.0
210200,78.0
210200,78.0
210200,86.0
210400,81.0
210400,79.0
210600,79.0
210600,84.0
210600,79.0
210800,77.0
210900,77.0
210900,80.0
211100,75.0
211200,83.0
211600,78.0
211600,81.0
212100,83.0
212400,79.0
212600,77.0
212900,80.0
213200,81.0
213300,75.0
213300,77.0
213600,73.0
213600,78.0
213600,82.0
213600,75.0
213800,75.0
213800,81.0
213900,85.0
214100,85.0
214100,81.0
214300,86.0
214400,80.0
214700,79.0
214900,76.0
214900,83.0
215000,81.0
215200,81.0
215400,83.0
215700,78.0
215700,81.0
215700,80.0
215800,78.0
215900,83.0
216000,76.0
216100,84.0
216200,79.0
216300,79.0
216400,80.0
216500,77.0
216500,83.0
216700,81.0
216700,78.0
216800,79.0
216800,81.0
216900,83.0
216900,82.0
216900,83.0
217000,77.0
217000,81.0
217100,80.0
217100,80.0
217100,80.0
217200,84.0
217200,79.0
217200,81.0
217300,84.0
217300,80.0
217300,83.0
217300,83.0
217300,84.0
217400,83.0
217400,81.0
217500,85.0
217500,87.0
217500,86.0
217500,80.0
217600,82.0
217700,85.0
217700,85.0
217700,81.0
217700,83.0
217800,84.0
217900,85.0
217900,81.0
218000,78.0
218100,84.0
218100,85.0
218200,79.0
218300,79.0
218300,86.0
218400,84.0
218400,84.0
218500,81.0
218600,86.0
218600,84.0
218700,81.0
218700,88.0
218800,84.0
219000,84.0
219000,87.0
219000,89.0
219100,89.0
219200,88.0
219300,83.0
219300,85.0
219400,86.0
219500,84.0
219500,91.0
219700,89.0
220100,83.0
220100,88.0
220700,93.0
220800,97.0
221000,92.0
221600,93.0
221900,91.0
222400,98.0
222500,91.0
222600,95.0
222800,93.0
223200,91.0
223500,100.0
223800,100.0
224000,102.0
224100,103.0
224300,103.0
224400,104.0
224900,111.0
224900,103.0
225100,108.0
225400,105.0
225500,104.0
225500,99.0
225500,112.0
226000,109.0
226800,109.0
226800,123.0
227000,118.0
227300,114.0
227300,106.0
227400,113.0
227500,105.0
227800,124.0
227900,119.0
228000,109.0
228400,110.0
228500,110.0
228500,115.0
228500,113.0
228600,117.0
228700,113.0
228800,121.0
229000,125.0
229000,119.0
229200,115.0
229300,113.0
229300,116.0
229400,122.0
229500,118.0
229500,120.0
229600,134.0
229700,121.0
229800,132.0
229900,140.0
230000,119.0
230000,127.0
230000,131.0
230100,113.0
230100,127.0
230300,128.0
230300,128.0
230400,127.0
230400,125.0
230400,131.0
230500,142.0
230700,143.0
230900,124.0
231000,135.0
231100,130.0
231200,134.0
231300,128.0
231500,131.0
231500,136.0
231600,124.0
231700,134.0
231800,135.0
231900,137.0
231900,133.0
231900,148.0
232000,132.0
232200,143.0
232200,136.0
232200,149.0
232300,131.0
232400,127.0
232400,135.0
232900,137.0
233700,142.0
233900,136.0
234000,141.0
234100,151.0
234300,148.0
234400,165.0
234700,150.0
235400,142.0
235600,180.0
236200,175.0
236500,139.0
237400,181.0
237700,167.0
238000,127.0
238400,150.0
238500,182.0
238600,177.0
238800,167.0
238900,161.0
239000,196.0
239200,147.0
239600,178.0
239600,101.0
239700,151.0
240200,112.0
240300,146.0
240400,103.0
240600,119.0
240600,155.0
240800,127.0
240800,108.0
240900,112.0
240900,129.0
240900,213.0
240900,132.0
241200,106.0
241300,125.0
241400,177.0
241400,111.0
241600,104.0
241600,127.0
241600,119.0
241700,115.0
241700,123.0
241800,97.0
242000,150.0
242000,121.0
242100,146.0
242100,164.0
242200,101.0
242200,109.0
242200,140.0
242300,167.0
242400,181.0
242400,235.0
242800,122.0
242900,118.0
243200,140.0
243200,129.0
243400,132.0
243400,114.0
243700,180.0
243800,133.0
243900,134.0
244200,120.0
244200,202.0
244200,155.0
244500,130.0
244700,145.0
244700,161.0
244900,140.0
244900,187.0
245100,145.0
245100,144.0
245200,182.0
245300,136.0
245400,133.0
245500,114.0
245500,131.0
245500,131.0
245500,179.0
245700,159.0
245800,171.0
245900,133.0
245900,128.0
246000,121.0
246000,185.0
246100,169.0
246100,116.0
246200,145.0
246300,121.0
246400,145.0
246600,215.0
246700,153.0
246900,197.0
247000,152.0
247200,129.0
247200,230.0
247800,182.0
247800,120.0
247900,249.0
248600,110.0
248700,162.0
248800,89.0
249100,109.0
249200,113.0
249400,96.0
249500,107.0
249600,90.0
249600,106.0
249900,112.0
250000,108.0
250100,175.0
250200,156.0
250200,146.0
250300,276.0
250400,93.0
250800,98.0
250900,99.0
251100,106.0
251100,97.0
251100,147.0
251500,104.0
251600,192.0
251600,98.0
251600,130.0
251600,105.0
251700,119.0
252000,129.0
252300,107.0
252300,100.0
252300,115.0
252400,116.0
252500,121.0
252500,114.0
252500,107.0
252600,111.0
252900,105.0
253000,106.0
253200,110.0
253200,116.0
253300,107.0
253300,97.0
253400,111.0
253600,112.0
253800,119.0
254000,146.0
254300,117.0
254400,114.0
254400,110.0
254400,126.0
254500,123.0
255400,107.0
255600,131.0
256000,107.0
256500,109.0
256500,114.0
256600,104.0
256800,106.0
256900,112.0
256900,120.0
256900,110.0
257200,115.0
257300,108.0
257300,120.0
257400,138.0
257400,125.0
257500,121.0
257600,145.0
257600,137.0
257700,126.0
257700,111.0
258300,128.0
258300,119.0
258400,104.0
258400,96.0
258600,126.0
258600,114.0
258600,105.0
258700,119.0
258800,144.0
259000,133.0
259300,132.0
259400,133.0
259600,152.0
259600,162.0
259800,101.0
259800,124.0
259900,232.0
259900,130.0
260000,137.0
260200,108.0
260300,114.0
260800,118.0
260900,138.0
261200,155.0
261200,168.0
261200,192.0
261900,270.0
262100,181.0
262100,141.0
262200,120.0
262200,203.0
262300,127.0
262400,329.0
262600,121.0
262700,109.0
263200,128.0
263300,130.0
263500,122.0
263600,162.0
263700,110.0
263700,136.0
263800,120.0
263800,125.0
263900,112.0
264100,200.0
264100,114.0
264200,120.0
264300,118.0
264400,125.0
265100,153.0
265100,116.0
265100,138.0
265200,134.0
265200,120.0
265300,128.0
265400,148.0
266000,114.0
266100,151.0
266200,158.0
266700,150.0
266800,112.0
267200,126.0
267300,180.0
267500,177.0
267900,168.0
268000,149.0
268200,164.0
268400,146.0
268500,151.0
268600,144.0
268600,151.0
268700,110.0
268800,120.0
269000,162.0
269200,156.0
269300,230.0
269300,105.0
269700,152.0
269800,128.0
269900,153.0
270000,102.0
270100,134.0
270200,177.0
270600,120.0
270900,123.0
271000,139.0
271000,114.0
271100,177.0
271200,111.0
271200,137.0
271300,146.0
271600,128.0
271700,107.0
271700,141.0
271700,125.0
271700,142.0
271800,130.0
271900,140.0
272100,131.0
272200,108.0
272200,164.0
272200,137.0
272400,184.0
272500,146.0
272600,137.0
272600,125.0
272900,153.0
273000,109.0
273000,130.0
273100,129.0
273200,134.0
273400,208.0
273600,112.0
273600,122.0
273600,189.0
273600,125.0
273700,159.0
273800,153.0
273800,164.0
273800,167.0
273900,177.0
274000,145.0
274200,137.0
274200,107.0
274200,138.0
274200,108.0
274400,116.0
274900,126.0
275200,126.0
275400,140.0
275600,185.0
275800,180.0
275800,135.0
275800,113.0
276400,110.0
277400,135.0
278300,144.0
278400,184.0
278500,132.0
278600,140.0
278700,150.0
278800,144.0
279200,136.0
279300,155.0
279400,165.0
279600,156.0
279900,146.0
280100,102.0
280200,159.0
280300,126.0
280500,141.0
280500,131.0
280800,107.0
280900,121.0
281000,157.0
281100,116.0
281100,142.0
281100,168.0
281100,127.0
281200,150.0
281500,174.0
281500,112.0
281700,103.0
281700,130.0
281900,107.0
282000,125.0
282000,145.0
282100,166.0
282200,122.0
282300,99.0
282300,183.0
282400,110.0
282600,113.0
282600,114.0
282600,105.0
282700,141.0
282700,123.0
282700,116.0
282800,158.0
282900,148.0
283000,111.0
283200,138.0
283700,113.0
283700,135.0
283900,106.0
283900,150.0
284000,148.0
284100,97.0
284100,216.0
284200,98.0
284400,105.0
284400,93.0
284500,126.0
284700,121.0
284700,93.0
284800,106.0
284800,120.0
284800,104.0
284800,110.0
284900,161.0
284900,130.0
285000,110.0
285200,106.0
285200,120.0
285300,135.0
285300,113.0
285300,115.0
285500,117.0
285700,138.0
285800,150.0
285900,205.0
286000,136.0
286100,129.0
286200,121.0
286300,119.0
286500,125.0
286600,146.0
286700,107.0
286700,101.0
286800,108.0
287500,115.0
287700,187.0
287900,123.0
287900,197.0
287900,152.0
288200,167.0
288400,150.0
288500,100.0
288800,112.0
288900,131.0
289000,102.0
289000,104.0
289100,102.0
289200,102.0
289600,101.0
289600,98.0
289600,102.0
289700,110.0
289700,96.0
289800,94.0
290000,164.0
290300,96.0
290600,95.0
290900,96.0
290900,171.0
291000,105.0
291100,287.0
291100,248.0
291300,100.0
291400,111.0
291700,121.0
291700,107.0
291800,104.0
291800,101.0
291900,100.0
292000,107.0
292000,197.0
292300,98.0
292600,103.0
292700,120.0
292900,117.0
292900,110.0
293400,110.0
293800,107.0
293800,110.0
294200,214.0
294300,113.0
294300,114.0
294400,118.0
294500,120.0
294500,116.0
295000,111.0
295100,138.0
295200,123.0
295300,104.0
295400,99.0
295400,132.0
295500,133.0
295600,139.0
296000,139.0
296100,107.0
296200,121.0
296500,133.0
296700,139.0
296900,135.0
296900,114.0
297000,128.0
297000,120.0
297400,114.0
297600,129.0
298000,249.0
298300,155.0
298300,134.0
298400,127.0
298600,127.0
298600,140.0
298700,143.0
298900,139.0
298900,148.0
299300,131.0
299600,153.0
299700,129.0
299900,160.0
300000,149.0
300100,158.0
300200,147.0
300300,122.0
300300,105.0
300600,155.0
300600,125.0
300600,112.0
300700,120.0
300800,124.0
301300,152.0
301400,144.0
301600,152.0
301600,103.0
301800,137.0
302200,122.0
302400,145.0
302700,136.0
302800,163.0
303000,128.0
303100,185.0
303300,141.0
303300,122.0
303300,135.0
303300,170.0
303400,121.0
303700,92.0
303900,187.0
304000,132.0
304200,123.0
304500,116.0
304600,141.0
304700,155.0
304800,179.0
304900,130.0
305000,125.0
305200,131.0
305200,137.0
305300,176.0
305500,108.0
305500,100.0
305500,186.0
305600,145.0
305700,207.0
305700,95.0
305800,159.0
305800,146.0
305900,92.0
305900,119.0
306100,105.0
306200,118.0
306300,110.0
306400,117.0
306500,111.0
306700,111.0
306700,147.0
306800,96.0
306900,93.0
307100,113.0
307300,187.0
307500,112.0
307600,186.0
307700,113.0
307700,210.0
307700,155.0
307900,108.0
308000,187.0
308100,165.0
308400,164.0
308400,185.0
308500,157.0
308500,140.0
308600,140.0
308700,99.0
308800,102.0
308900,120.0
309000,118.0
309400,154.0
309400,142.0
309400,172.0
309800,200.0
309900,168.0
309900,108.0
310200,252.0
310400,115.0
310900,178.0
311000,125.0
311200,114.0
311300,156.0
311500,107.0
311700,139.0
311700,126.0
311800,133.0
312000,266.0
312100,113.0
312200,186.0
312400,136.0
312600,144.0
312800,127.0
312900,109.0
313000,112.0
313100,96.0
313500,164.0
313500,132.0
313700,129.0
313800,112.0
314000,101.0
314200,140.0
314300,125.0
314400,149.0
314600,102.0
314600,131.0
315300,137.0
315300,121.0
315500,151.0
315800,104.0
316000,127.0
316100,119.0
316200,121.0
316200,127.0
316400,155.0
316500,115.0
317000,134.0
317000,165.0
317100,166.0
317300,138.0
317300,104.0
317300,118.0
317500,116.0
317600,152.0
317600,177.0
317800,118.0
318100,95.0
318700,110.0
319100,142.0
319200,127.0
319300,97.0
319300,105.0
319300,114.0
319300,127.0
319400,143.0
319400,164.0
319400,108.0
319400,134.0
319500,117.0
319500,103.0
319600,107.0
319800,139.0
319900,130.0
320100,100.0
320300,139.0
320400,125.0
320500,123.0
320500,114.0
320600,102.0
320700,106.0
320800,173.0
320900,122.0
320900,157.0
321000,140.0
321100,150.0
321100,115.0
321300,184.0
321300,155.0
321300,138.0
321400,167.0
321400,135.0
321700,163.0
321900,123.0
322100,158.0
322200,99.0
322300,156.0
322400,113.0
322600,126.0
322700,108.0
322700,121.0
322800,147.0
322900,112.0
322900,181.0
323100,111.0
323400,147.0
324100,184.0
324100,231.0
324200,118.0
324200,169.0
325000,160.0
325000,193.0
325300,138.0
325300,98.0
325300,170.0
325300,93.0
325300,134.0
325400,140.0
325400,106.0
325600,195.0
325700,115.0
325900,111.0
325900,129.0
325900,113.0
326000,105.0
326000,94.0
326000,128.0
326000,129.0
326100,104.0
326200,205.0
326500,103.0
326600,99.0
326800,197.0
327000,133.0
327000,137.0
327100,159.0
327200,108.0
327400,110.0
328400,144.0
328700,112.0
328800,113.0
329000,168.0
329100,113.0
329300,98.0
329300,98.0
329400,168.0
329400,98.0
329800,109.0
329800,95.0
329900,102.0
330100,156.0
330400,103.0
330400,109.0
330500,111.0
330500,108.0
330500,161.0
330600,133.0
330600,110.0
330700,112.0
330700,92.0
330700,99.0
330900,97.0
330900,170.0
331000,89.0
331000,97.0
331100,118.0
331100,131.0
331300,102.0
331400,95.0
331400,131.0
331600,120.0
331600,144.0
331600,179.0
331700,154.0
331700,102.0
331800,102.0
331800,111.0
332000,142.0
332100,125.0
332100,114.0
332400,99.0
332800,128.0
333000,125.0
333500,137.0
333600,108.0
333700,114.0
333700,209.0
333800,132.0
334000,163.0
334000,114.0
334100,112.0
334100,98.0
334200,118.0
334800,93.0
335000,114.0
335100,121.0
335600,104.0
335600,123.0
335700,182.0
335700,185.0
336000,105.0
336300,152.0
336300,120.0
336400,102.0
336600,105.0
336600,110.0
336600,114.0
336800,152.0
336800,137.0
337100,127.0
337200,109.0
337400,112.0
337700,122.0
337800,123.0
338100,122.0
338100,120.0
338300,174.0
338400,129.0
338600,142.0
338600,124.0
339300,121.0
339500,125.0
339600,165.0
339600,181.0
339700,123.0
339800,136.0
339900,189.0
340600,193.0
340700,131.0
340800,97.0
341500,186.0
341800,123.0
341900,101.0
342200,161.0
342300,117.0
342400,128.0
342400,138.0
342500,152.0
342700,171.0
343200,114.0
343300,121.0
343500,127.0
343500,128.0
343600,136.0
343600,120.0
343600,116.0
343700,130.0
344000,137.0
344100,122.0
344100,148.0
344100,121.0
344200,178.0
344300,135.0
344400,176.0
344400,152.0
344600,137.0
344600,123.0
344600,146.0
344600,156.0
344700,104.0
344700,180.0
344800,135.0
344800,139.0
344900,153.0
345000,111.0
345200,139.0
345200,141.0
345300,114.0
345300,158.0
345600,138.0
345600,141.0
345700,148.0
345800,136.0
346000,110.0
346200,150.0
346300,137.0
346600,128.0
346600,208.0
346700,161.0
347000,147.0
347000,126.0
347000,133.0
347000,151.0
347000,100.0
347200,129.0
347500,143.0
348600,128.0
348600,197.0
348800,126.0
348900,131.0
348900,147.0
349000,160.0
349800,145.0
350100,194.0
350200,160.0
350400,203.0
350400,152.0
350400,121.0
350500,165.0
350800,128.0
350800,236.0
350900,121.0
350900,130.0
351000,127.0
351200,147.0
351200,139.0
351400,149.0
351900,121.0
352100,162.0
352200,125.0
352500,155.0
352600,128.0
352700,161.0
352800,82.0
352900,161.0
353000,104.0
353000,105.0
353100,93.0
353200,112.0
353400,175.0
353500,136.0
353700,99.0
353700,103.0
353900,102.0
353900,223.0
353900,110.0
354100,93.0
354100,103.0
354100,87.0
354200,92.0
354300,148.0
354300,104.0
354300,85.0
354400,95.0
354500,118.0
354500,90.0
354500,102.0
354600,98.0
354600,109.0
354800,180.0
354800,140.0
354800,86.0
354900,163.0
355100,108.0
355100,100.0
355100,102.0
355200,104.0
355300,85.0
355300,103.0
355300,152.0
355300,165.0
355500,100.0
355500,83.0
355600,96.0
355600,92.0
355600,98.0
355700,113.0
355700,89.0
355800,115.0
355800,132.0
356000,114.0
356000,95.0
356200,90.0
356400,147.0
356400,116.0
356400,105.0
356500,189.0
356600,121.0
356600,112.0
356800,96.0
356800,168.0
356900,92.0
356900,100.0
357300,152.0
357700,135.0
357800,126.0
357800,104.0
357900,89.0
358100,90.0
358200,173.0
358400,96.0
358500,175.0
358700,96.0
358800,96.0
359500,89.0
359700,125.0
360100,95.0
360600,95.0
360600,103.0
360600,85.0
361100,139.0
361100,243.0
361400,81.0
361500,230.0
361600,109.0
361600,102.0
361600,105.0
361700,117.0
362100,105.0
362200,187.0
362200,112.0
362300,111.0
362400,101.0
362500,97.0
362600,112.0
363100,127.0
363400,124.0
363500,108.0
363600,107.0
363700,113.0
364400,98.0
364600,140.0
364600,114.0
364600,112.0
364700,110.0
364800,105.0
364900,161.0
365300,123.0
365400,230.0
365400,115.0
365700,125.0
365800,115.0
366100,120.0
366300,132.0
366400,119.0
366400,128.0
366800,101.0
366800,110.0
367000,123.0
367100,116.0
367200,119.0
367200,127.0
367300,126.0
367600,106.0
367600,121.0
367600,135.0
367600,129.0
367700,115.0
368100,126.0
368200,118.0
368200,125.0
368400,136.0
368500,127.0
368700,112.0
368700,148.0
368800,129.0
368900,108.0
369000,131.0
369000,130.0
369100,102.0
369300,152.0
369400,144.0
369500,115.0
369500,144.0
369700,143.0
369700,142.0
369800,324.0
369900,149.0
370000,97.0
370000,129.0
370300,141.0
370500,137.0
370600,153.0
370600,107.0
370600,116.0
370700,147.0
370900,123.0
371000,165.0
371000,144.0
371100,132.0
371100,153.0
371200,129.0
371200,104.0
371600,99.0
371700,109.0
371800,100.0
371900,151.0
372300,105.0
372400,174.0
372500,177.0
372500,154.0
372600,101.0
372800,112.0
373100,188.0
373300,120.0
373400,121.0
373500,116.0
373600,152.0
373800,130.0
373900,113.0
374100,123.0
374200,96.0
374300,107.0
374400,120.0
374700,98.0
374700,190.0
375000,180.0
375200,104.0
375300,98.0
375500,107.0
375600,100.0
375600,96.0
376100,123.0
376100,102.0
376100,122.0
376200,106.0
376200,196.0
376300,93.0
376700,139.0
376700,144.0
376800,117.0
376800,202.0
376800,141.0
376900,189.0
376900,136.0
377000,217.0
377400,109.0
377400,99.0
377500,105.0
377600,104.0
377700,111.0
378100,97.0
378400,110.0
378400,147.0
378500,107.0
378500,198.0
378500,90.0
378500,112.0
378600,102.0
378700,101.0
378800,244.0
378900,192.0
379000,166.0
379300,143.0
379400,95.0
379600,104.0
379700,108.0
379800,119.0
380000,110.0
380500,104.0
380600,94.0
380600,140.0
380700,105.0
380700,95.0
381000,111.0
381000,117.0
381200,123.0
381200,93.0
381300,165.0
381300,126.0
381300,111.0
381600,116.0
381600,95.0
381600,108.0
381700,109.0
381900,105.0
381900,108.0
382100,125.0
382200,131.0
382500,118.0
382600,93.0
382700,119.0
382900,102.0
382900,155.0
383100,134.0
383200,112.0
383200,127.0
383400,121.0
383400,85.0
383500,152.0
383500,172.0
383500,97.0
383600,139.0
383800,160.0
383900,147.0
383900,87.0
384200,99.0
384200,98.0
384500,117.0
384800,121.0
384800,84.0
384800,94.0
385100,137.0
385200,143.0
385300,90.0
385400,90.0
385400,99.0
385500,90.0
385600,115.0
385600,93.0
385700,88.0
385800,128.0
385800,100.0
385800,112.0
385900,101.0
386000,147.0
386000,90.0
386300,93.0
386400,95.0
386400,138.0
386500,130.0
386500,125.0
386600,89.0
386600,90.0
386800,190.0
386800,131.0
386800,132.0
387300,102.0
387400,91.0
387400,156.0
387500,88.0
387500,84.0
387600,198.0
387600,98.0
387600,90.0
387700,101.0
387700,152.0
387800,88.0
387900,108.0
388200,96.0
388200,70.0
388500,98.0
388500,113.0
388600,99.0
388800,101.0
388800,89.0
389000,83.0
389200,104.0
389200,129.0
389400,85.0
389500,93.0
389600,139.0
390000,102.0
390000,82.0
390100,106.0
390200,84.0
390300,88.0
390300,103.0
390400,89.0
390500,93.0
390600,110.0
390600,85.0
390700,88.0
390800,138.0
391000,74.0
391100,132.0
391200,98.0
391300,92.0
391300,90.0
391400,87.0
391500,107.0
391900,88.0
392100,103.0
392200,98.0
392500,91.0
392500,88.0
392700,91.0
392700,138.0
392900,85.0
392900,121.0
392900,88.0
393000,96.0
393100,116.0
393600,122.0
393600,89.0
393700,106.0
393800,105.0
393800,110.0
394100,103.0
394300,93.0
394600,96.0
394700,198.0
394700,94.0
394700,118.0
394900,105.0
394900,112.0
395000,91.0
395000,93.0
395100,159.0
395300,97.0
395500,97.0
395500,115.0
395600,86.0
395700,96.0
395900,99.0
396000,100.0
396200,153.0
396200,121.0
396300,87.0
396400,99.0
396400,97.0
396500,128.0
396700,117.0
396700,89.0
396700,90.0
396800,106.0
396800,92.0
396900,114.0
396900,91.0
397200,227.0
397200,112.0
397300,93.0
397600,89.0
397800,112.0
398200,92.0
398200,126.0
398300,104.0
398400,106.0
398400,103.0
398400,118.0
398600,99.0
398700,93.0
398900,95.0
398900,99.0
399000,128.0
399000,123.0
399700,113.0
399700,129.0
399700,122.0
399900,120.0
400000,112.0
400100,109.0
400400,95.0
400500,95.0
400600,94.0
401000,140.0
401100,103.0
401100,109.0
401300,100.0
401300,117.0
401500,145.0
401500,101.0
401600,110.0
401800,116.0
402000,152.0
402100,104.0
402300,99.0
402400,103.0
402500,120.0
402600,97.0
402900,126.0
402900,124.0
402900,131.0
403000,101.0
403000,107.0
403300,156.0
403500,95.0
403600,152.0
403700,110.0
403800,122.0
404200,134.0
404400,190.0
404600,95.0
404900,100.0
405000,153.0
405000,105.0
405000,112.0
405100,144.0
405200,101.0
405200,119.0
405300,101.0
405400,88.0
405600,107.0
405700,98.0
405700,199.0
405700,126.0
405700,93.0
405900,101.0
405900,97.0
405900,102.0
406000,156.0
406000,122.0
406100,129.0
406600,127.0
406600,139.0
406700,96.0
406800,116.0
407000,104.0
407100,110.0
407100,116.0
407200,103.0
407200,81.0
407300,125.0
407400,134.0
407500,106.0
407700,107.0
407700,113.0
407700,146.0
407800,125.0
407800,108.0
407900,94.0
408000,123.0
408100,89.0
408100,116.0
408200,133.0
408200,111.0
408300,108.0
408300,97.0
408300,140.0
408300,84.0
408400,104.0
408400,169.0
408600,97.0
408700,88.0
408800,85.0
408900,98.0
408900,103.0
409100,76.0
409200,118.0
409200,118.0
409300,86.0
409300,115.0
409400,86.0
409400,95.0
409500,111.0
409500,82.0
409500,107.0
409900,115.0
409900,168.0
409900,113.0
410100,89.0
410200,80.0
410200,89.0
410400,112.0
410500,87.0
410600,81.0
410600,91.0
410800,91.0
410900,78.0
411100,83.0
411200,106.0
411200,80.0
411200,95.0
411200,92.0
411200,81.0
411300,87.0
411300,111.0
411500,88.0
411500,77.0
411700,78.0
411900,79.0
411900,204.0
412000,88.0
412100,77.0
412300,75.0
412300,92.0
412600,74.0
412600,74.0
412700,76.0
412700,92.0
412800,82.0
413000,76.0
413000,93.0
413100,79.0
413200,78.0
413200,76.0
413300,164.0
413700,79.0
413700,74.0
413800,83.0
413900,78.0
413900,69.0
414000,81.0
414000,139.0
414100,82.0
414100,80.0
414100,88.0
414200,74.0
414600,84.0
414700,124.0
414700,78.0
414800,181.0
415100,92.0
415100,89.0
415200,75.0
415200,93.0
415300,92.0
415400,86.0
415500,81.0
415500,79.0
415600,83.0
415900,79.0
416000,78.0
416000,75.0
416000,79.0
416000,88.0
416400,80.0
416400,85.0
416600,87.0
416600,77.0
416600,86.0
416800,80.0
416900,86.0
417100,86.0
417200,87.0
417300,82.0
417400,90.0
417700,104.0
417700,82.0
417800,92.0
417900,96.0
418000,94.0
418100,90.0
418100,102.0
418100,88.0
418200,97.0
418500,91.0
418700,93.0
418700,112.0
418700,77.0
418800,114.0
418800,87.0
418900,92.0
418900,88.0
419200,95.0
419200,96.0
419300,89.0
419700,102.0
419700,101.0
420000,103.0
420200,98.0
420400,103.0
420500,99.0
420500,83.0
420800,94.0
421000,120.0
421300,100.0
421300,106.0
421500,101.0
421500,101.0
421600,108.0
421700,109.0
421900,104.0
421900,104.0
422000,99.0
422000,117.0
422200,111.0
422700,95.0
422800,100.0
422800,114.0
422900,112.0
423300,114.0
423300,112.0
423400,102.0
423500,105.0
423700,109.0
423800,121.0
423900,114.0
424000,111.0
424200,103.0
424200,101.0
424500,106.0
424600,105.0
424700,118.0
425000,96.0
425100,103.0
425100,108.0
425200,129.0
425300,119.0
425400,129.0
425600,114.0
425700,124.0
425700,104.0
425700,114.0
425800,105.0
425900,110.0
426100,104.0
426500,122.0
426700,112.0
426800,106.0
426900,127.0
426900,155.0
427100,109.0
427200,114.0
427300,82.0
427400,95.0
427400,112.0
427800,89.0
427900,118.0
428000,97.0
428100,141.0
428200,128.0
428200,109.0
428300,133.0
428300,93.0
428400,101.0
428400,82.0
428500,115.0
428600,105.0
428700,80.0
428700,104.0
428800,94.0
428800,82.0
428800,120.0
428900,74.0
428900,79.0
429100,123.0
429100,129.0
429100,97.0
429100,102.0
429300,94.0
429400,103.0
429400,126.0
429400,119.0
429400,87.0
429600,122.0
429600,107.0
429700,107.0
429700,118.0
429800,86.0
429800,77.0
429900,143.0
429900,104.0
430000,78.0
430000,124.0
430000,83.0
430000,129.0
430000,82.0
430100,84.0
430200,80.0
430300,123.0
430500,106.0
430600,102.0
430700,92.0
430700,141.0
430800,126.0
430800,87.0
431000,176.0
431100,176.0
431200,82.0
431300,77.0
431400,85.0
431500,73.0
431500,96.0
431600,86.0
431600,76.0
431700,78.0
431800,87.0
432100,134.0
432200,87.0
432300,88.0
432600,85.0
432800,79.0
432900,71.0
433000,83.0
433100,83.0
433100,94.0
433200,80.0
433300,74.0
433300,109.0
433400,81.0
433500,76.0
433500,80.0
433500,91.0
433600,82.0
433600,76.0
433600,92.0
433700,78.0
433800,85.0
433900,83.0
434400,200.0
434400,77.0
434500,75.0
434500,76.0
434600,75.0
434600,83.0
434600,72.0
434700,76.0
435100,90.0
435500,79.0
435500,71.0
435600,75.0
435700,208.0
435800,85.0
436000,69.0
436000,85.0
436100,177.0
436100,75.0
436200,86.0
436200,75.0
436200,78.0
436200,196.0
436300,77.0
436300,81.0
436400,84.0
436500,82.0
436500,77.0
436700,74.0
436800,211.0
437000,80.0
437000,80.0
437100,78.0
437200,73.0
437200,76.0
437200,83.0
437400,78.0
437400,81.0
437400,83.0
437600,91.0
437600,76.0
437700,87.0
437800,83.0
437800,78.0
437900,71.0
437900,83.0
437900,81.0
438000,82.0
438000,78.0
438100,96.0
438200,80.0
438200,86.0
438300,84.0
438400,91.0
438500,84.0
438500,96.0
438500,83.0
438900,76.0
438900,87.0
438900,77.0
438900,86.0
439000,76.0
439000,75.0
439200,83.0
439200,85.0
439400,84.0
439400,89.0
439600,92.0
439700,81.0
439700,88.0
439700,73.0
439800,88.0
439900,97.0
440200,77.0
440300,85.0
440400,73.0
440600,89.0
440800,85.0
441100,110.0
441300,95.0
441300,93.0
441400,81.0
441400,79.0
441500,82.0
441600,99.0
441800,78.0
441800,81.0
442200,85.0
442200,86.0
442700,89.0
442800,90.0
442900,110.0
443000,102.0
443200,102.0
443200,86.0
443200,97.0
443200,98.0
443300,86.0
443400,95.0
443600,77.0
443700,88.0
443700,105.0
443700,89.0
444000,103.0
444200,94.0
444600,98.0
444900,102.0
444900,111.0
445000,87.0
445000,76.0
445000,86.0
445100,87.0
445200,111.0
445200,99.0
445200,79.0
445200,80.0
445300,95.0
445300,89.0
445300,96.0
445700,93.0
445700,95.0
445900,92.0
445900,89.0
446000,88.0
446000,91.0
446000,95.0
446100,83.0
446200,105.0
446200,78.0
446200,100.0
446300,117.0
446400,81.0
446400,104.0
446400,65.0
446400,85.0
446400,84.0
446400,90.0
446400,90.0
446500,83.0
446600,90.0
446700,89.0
446700,91.0
446800,77.0
446800,72.0
446900,103.0
446900,93.0
447000,85.0
447000,105.0
447100,108.0
447100,77.0
447100,77.0
447200,91.0
447200,71.0
447300,81.0
447400,83.0
447400,93.0
447400,70.0
447500,83.0
447600,90.0
447800,96.0
447900,92.0
448000,93.0
448100,90.0
448200,95.0
448400,85.0
448600,105.0
448700,88.0
448700,107.0
448800,83.0
448900,98.0
448900,91.0
449100,78.0
449200,86.0
449200,92.0
449400,78.0
449400,84.0
449500,111.0
449600,129.0
449800,102.0
449900,84.0
450100,84.0
450300,85.0
450400,96.0
450500,89.0
450500,81.0
450600,82.0
450700,87.0
451000,95.0
451700,97.0
451900,84.0
451900,88.0
452100,91.0
452100,85.0
452300,94.0
452400,90.0
452500,91.0
452500,87.0
452500,83.0
452800,76.0
452800,89.0
453100,97.0
453300,94.0
453400,95.0
453500,101.0
453600,104.0
453700,84.0
453900,85.0
454100,77.0
454200,90.0
454400,100.0
454500,91.0
454600,91.0
454600,85.0
454700,81.0
454700,81.0
454800,96.0
454800,97.0
454800,80.0
454900,77.0
455000,77.0
455000,83.0
455000,61.0
455100,85.0
455100,79.0
455200,93.0
455200,83.0
455300,89.0
455300,83.0
455400,92.0
455400,78.0
455400,93.0
455400,95.0
455400,92.0
455400,71.0
455500,79.0
455600,90.0
455600,108.0
455600,101.0
455700,84.0
455800,80.0
455900,71.0
455900,93.0
456000,90.0
456000,106.0
456000,78.0
456000,94.0
456000,86.0
456000,98.0
456000,67.0
456100,84.0
456100,87.0
456100,95.0
456100,96.0
456200,91.0
456300,82.0
456400,78.0
456500,71.0
456500,62.0
456600,115.0
456600,90.0
456600,75.0
456600,77.0
456600,97.0
456700,71.0
456700,67.0
456700,70.0
456800,93.0
456900,71.0
456900,68.0
456900,115.0
457000,76.0
457300,82.0
457300,77.0
457300,65.0
457500,112.0
457500,104.0
457500,85.0
457500,91.0
457800,71.0
457900,74.0
458300,74.0
458500,73.0
458600,131.0
458800,81.0
458900,83.0
459000,67.0
459300,74.0
459400,73.0
459700,117.0
459700,133.0
459900,76.0
460000,73.0
460200,77.0
460400,77.0
460400,69.0
460400,78.0
460400,77.0
460600,133.0
460600,76.0
460800,67.0
460800,87.0
461000,80.0
461200,69.0
461300,74.0
461400,67.0
461600,83.0
461600,68.0
461900,83.0
462000,76.0
462200,84.0
462300,73.0
462300,86.0
462300,73.0
462400,78.0
462800,72.0
462800,79.0
462800,80.0
462900,73.0
463000,77.0
463100,77.0
463200,82.0
463200,80.0
463300,77.0
463400,81.0
463400,78.0
463500,84.0
463600,78.0
463600,78.0
463600,82.0
463700,75.0
463800,83.0
463800,89.0
463800,83.0
463900,80.0
463900,77.0
463900,83.0
464000,75.0
464000,82.0
464200,82.0
464200,74.0
464400,76.0
464400,81.0
464400,83.0
464400,92.0
464500,89.0
464500,93.0
464600,75.0
464600,77.0
464600,78.0
464600,82.0
464600,84.0
464600,84.0
464800,86.0
464800,86.0
464800,81.0
464900,81.0
465000,93.0
465100,88.0
465200,80.0
465200,77.0
465200,82.0
465300,78.0
465400,91.0
465500,92.0
465500,88.0
465600,71.0
465800,92.0
465800,87.0
465800,97.0
465800,89.0
465800,78.0
465900,97.0
466000,79.0
466000,83.0
466100,84.0
466100,84.0
466100,92.0
466200,87.0
466200,85.0
466200,94.0
466500,94.0
466600,74.0
467000,80.0
467000,79.0
467100,84.0
467400,75.0
467400,79.0
467500,76.0
467700,75.0
467900,91.0
467900,75.0
468100,71.0
468300,75.0
468400,78.0
468500,77.0
469000,94.0
469200,86.0
469300,77.0
469400,79.0
469600,82.0
469700,96.0
469700,91.0
469900,81.0
470000,94.0
470200,72.0
470300,93.0
470400,72.0
470400,79.0
470500,80.0
470700,89.0
470800,83.0
470900,85.0
471000,89.0
471000,76.0
471100,76.0
471100,89.0
471300,71.0
471300,79.0
471400,88.0
471500,84.0
471500,82.0
471500,85.0
471700,87.0
471900,79.0
471900,77.0
472000,79.0
472300,83.0
472300,82.0
472400,78.0
472500,77.0
472500,84.0
472600,86.0
472700,88.0
472700,89.0
472800,81.0
472800,82.0
473000,92.0
473000,92.0
473200,84.0
473300,89.0
473400,86.0
473400,97.0
473500,87.0
473600,100.0
473600,83.0
473600,100.0
473600,85.0
473700,89.0
473800,92.0
474000,96.0
474000,92.0
474100,89.0
474200,96.0
474300,93.0
474300,80.0
474500,95.0
474700,84.0
474700,100.0
474800,91.0
474900,89.0
474900,82.0
475000,86.0
475000,96.0
475100,91.0
475100,97.0
475100,89.0
475200,98.0
475300,93.0
475300,77.0
475300,93.0
475400,90.0
475600,92.0
475600,96.0
475700,85.0
475700,107.0
475800,100.0
475800,101.0
475800,77.0
475800,102.0
475900,96.0
476000,87.0
476100,93.0
476200,107.0
476200,101.0
476400,87.0
476400,83.0
476400,77.0
476400,78.0
476400,79.0
476500,89.0
476900,86.0
477100,69.0
477100,79.0
477100,109.0
477300,74.0
477400,80.0
477600,67.0
477600,75.0
477600,72.0
478000,75.0
478100,109.0
478200,87.0
478200,75.0
478200,103.0
478400,71.0
478400,72.0
478600,90.0
478700,62.0
478800,78.0
478900,77.0
479000,178.0
479100,80.0
479500,78.0
479500,82.0
479500,96.0
479500,74.0
479600,77.0
479600,74.0
479700,68.0
479800,83.0
479800,92.0
479800,100.0
479800,82.0
479900,82.0
479900,72.0
480100,72.0
480200,66.0
480200,76.0
480200,75.0
480200,87.0
480300,82.0
480400,79.0
480400,87.0
480500,68.0
480600,78.0
480600,64.0
480600,76.0
480900,77.0
481100,72.0
481200,68.0
481300,81.0
481300,107.0
481300,68.0
481400,71.0
481500,63.0
481700,82.0
481700,79.0
481700,64.0
481800,71.0
481900,77.0
481900,64.0
481900,66.0
481900,83.0
482000,82.0
482000,69.0
482100,66.0
482200,73.0
482300,83.0
482300,89.0
482300,85.0
482400,70.0
482500,95.0
482500,76.0
482500,75.0
482600,73.0
482700,71.0
482800,90.0
482800,64.0
483000,70.0
483000,85.0
483200,73.0
483200,73.0
483300,73.0
483300,72.0
483400,82.0
483600,76.0
483700,79.0
483800,74.0
484000,85.0
484100,75.0
484100,79.0
484100,90.0
484400,78.0
484400,78.0
484600,83.0
484700,81.0
484800,75.0
484900,83.0
485000,72.0
485000,90.0
485100,76.0
485300,80.0
485500,97.0
485600,78.0
485600,83.0
485800,91.0
486100,77.0
486200,91.0
486200,86.0
486200,84.0
486400,82.0
486500,81.0
486500,81.0
486500,79.0
486600,77.0
486700,81.0
486800,78.0
487000,79.0
487100,79.0
487300,90.0
487500,75.0
487600,83.0
487800,77.0
487800,78.0
487800,90.0
488500,87.0
488700,89.0
488700,90.0
488700,76.0
488800,81.0
488800,91.0
489000,90.0
489000,93.0
489000,82.0
489200,89.0
489300,85.0
489300,89.0
489400,90.0
489500,80.0
489700,96.0
489700,93.0
489800,98.0
489900,71.0
490000,101.0
490000,84.0
490100,80.0
490100,87.0
490100,79.0
490200,80.0
490200,97.0
490300,88.0
490400,79.0
490400,83.0
490400,85.0
490400,77.0
490500,84.0
490500,108.0
490600,93.0
490600,87.0
490600,86.0
490700,73.0
490800,83.0
490800,87.0
490800,82.0
490900,82.0
491000,70.0
491000,104.0
491000,83.0
491000,93.0
491200,82.0
491200,93.0
491300,90.0
491300,77.0
491400,62.0
491400,79.0
491400,90.0
491700,83.0
491700,113.0
491700,92.0
491700,71.0
491700,74.0
491700,74.0
491800,83.0
491900,76.0
491900,80.0
492000,90.0
492000,78.0
492100,69.0
492300,91.0
492300,115.0
492400,92.0
492400,76.0
492400,73.0
492600,76.0
492600,77.0
492800,70.0
492800,122.0
492900,76.0
493000,92.0
493100,73.0
493100,76.0
493100,85.0
493100,74.0
493200,68.0
493500,65.0
493600,73.0
493700,73.0
493700,70.0
494200,67.0
494400,67.0
494400,80.0
494500,76.0
494500,78.0
494500,78.0
494600,86.0
494600,78.0
494900,76.0
494900,83.0
495000,70.0
495100,136.0
495200,123.0
495500,77.0
496100,89.0
496200,82.0
496300,73.0
496400,75.0
496400,75.0
496600,74.0
496600,77.0
496600,74.0
496700,77.0
496900,74.0
496900,73.0
497000,83.0
497200,78.0
497300,71.0
497300,72.0
497400,82.0
498000,74.0
498100,101.0
498200,82.0
498200,75.0
498200,83.0
498400,87.0
498500,74.0
498500,78.0
498600,74.0
498600,76.0
498600,84.0
498600,72.0
498700,83.0
498800,78.0
498800,89.0
498900,94.0
499000,78.0
499100,76.0
499100,83.0
499300,73.0
499300,81.0
499400,90.0
499400,91.0
499500,65.0
499500,76.0
499500,92.0
499600,77.0
499600,81.0
499600,90.0
499600,77.0
499900,89.0
500000,69.0
500100,96.0
500200,77.0
500200,96.0
500200,93.0
500200,88.0
500200,69.0
500300,81.0
500300,82.0
500300,95.0
500300,95.0
500400,98.0
500400,79.0
500400,88.0
500500,77.0
500500,86.0
500600,73.0
500700,79.0
500800,85.0
500800,74.0
500800,89.0
500900,83.0
500900,72.0
501000,107.0
501000,72.0
501000,80.0
501000,94.0
501000,78.0
501100,95.0
501100,78.0
501100,99.0
501200,86.0
501200,73.0
501300,65.0
501300,91.0
501400,93.0
501400,81.0
501400,88.0
501600,97.0
501700,65.0
501700,71.0
501800,71.0
501800,74.0
502000,69.0
502000,72.0
502100,82.0
502100,74.0
502100,74.0
502100,70.0
502300,69.0
502700,70.0
502700,64.0
502700,81.0
503000,64.0
503200,63.0
503200,79.0
503500,67.0
503500,64.0
503600,70.0
503600,72.0
503700,69.0
504000,72.0
504000,69.0
504000,68.0
504000,66.0
504100,66.0
504100,65.0
504300,78.0
504700,63.0
504700,59.0
505100,68.0
505100,76.0
505200,65.0
505400,66.0
505400,61.0
505600,72.0
505600,69.0
505800,70.0
505900,70.0
505900,64.0
505900,61.0
505900,77.0
506100,77.0
506100,73.0
506100,69.0
506200,71.0
506200,67.0
506400,67.0
506400,68.0
506500,72.0
506600,70.0
506800,71.0
506900,71.0
506900,71.0
506900,71.0
506900,72.0
507000,84.0
507000,63.0
507300,66.0
507400,70.0
507400,70.0
507500,71.0
507600,86.0
507600,66.0
507600,66.0
507600,70.0
507800,65.0
507800,74.0
507800,74.0
507800,77.0
507900,73.0
507900,65.0
507900,74.0
508000,90.0
508100,67.0
508300,77.0
508300,71.0
508300,78.0
508300,68.0
508400,73.0
508400,79.0
508600,76.0
508600,68.0
508700,64.0
508700,75.0
508700,82.0
508800,76.0
508800,76.0
508900,87.0
509000,71.0
509000,74.0
509000,82.0
509200,83.0
509300,70.0
509300,73.0
509400,91.0
509400,75.0
509400,81.0
509400,83.0
509500,79.0
509500,83.0
509500,79.0
509600,83.0
509600,67.0
509800,66.0
509800,75.0
509800,76.0
509900,79.0
509900,76.0
509900,74.0
510100,79.0
510100,72.0
510200,65.0
510200,64.0
510500,90.0
510500,63.0
510800,74.0
510800,65.0
511300,79.0
511300,71.0
511400,85.0
511500,77.0
511600,74.0
511600,74.0
511700,72.0
511700,74.0
511800,62.0
512100,58.0
512200,69.0
512200,83.0
512200,61.0
512400,75.0
512500,88.0
512600,72.0
512700,61.0
512800,70.0
513000,74.0
513000,66.0
513100,71.0
513300,72.0
513400,71.0
513400,73.0
513400,67.0
513500,72.0
513600,78.0
513700,84.0
513800,66.0
513900,71.0
513900,90.0
513900,78.0
513900,68.0
514100,75.0
514100,63.0
514200,71.0
514300,73.0
514600,65.0
514600,66.0
514700,67.0
514700,83.0
514800,66.0
514800,77.0
514800,72.0
515000,70.0
515100,80.0
515100,71.0
515200,67.0
515300,70.0
515400,79.0
515400,69.0
515400,76.0
515500,74.0
515500,77.0
515600,78.0
515600,84.0
515600,71.0
515700,80.0
515800,68.0
515800,69.0
515800,70.0
516000,71.0
516100,71.0
516100,76.0
516100,75.0
516200,68.0
516300,71.0
516300,87.0
516400,72.0
516500,79.0
516500,76.0
516500,70.0
516900,81.0
517000,70.0
517000,74.0
517100,74.0
517200,62.0
517200,68.0
517200,76.0
517200,81.0
517300,78.0
517300,72.0
517400,78.0
517400,78.0
517400,74.0
517500,94.0
517500,78.0
517500,77.0
517600,76.0
517700,74.0
517900,87.0
517900,75.0
517900,82.0
518200,75.0
518200,75.0
518200,72.0
518300,82.0
518300,85.0
518400,67.0
518400,68.0
518500,82.0
518600,85.0
518700,72.0
518900,65.0
519000,72.0
519000,70.0
519300,78.0
519300,67.0
519300,70.0
519300,74.0
519300,63.0
519500,77.0
519600,68.0
519600,69.0
519600,67.0
519800,66.0
520000,76.0
520100,82.0
520200,67.0
520400,61.0
520500,64.0
520500,81.0
520600,70.0
520600,70.0
520800,76.0
520800,69.0
521200,71.0
521300,80.0
521500,78.0
521600,75.0
521600,71.0
521700,68.0
521700,67.0
521800,68.0
521800,66.0
521900,75.0
521900,65.0
521900,62.0
522000,70.0
522100,83.0
522200,66.0
522200,79.0
522200,82.0
522200,64.0
522300,64.0
522300,75.0
522500,68.0
522500,84.0
522500,77.0
522600,73.0
522800,73.0
522800,68.0
522900,76.0
522900,80.0
523000,67.0
523000,74.0
523100,73.0
523300,73.0
523300,75.0
523400,69.0
523400,78.0
523500,69.0
523600,65.0
523600,73.0
523600,100.0
523700,65.0
523700,73.0
523800,76.0
523900,65.0
524000,59.0
524100,64.0
524100,74.0
524200,64.0
524200,66.0
524200,77.0
524200,67.0
524300,80.0
524400,71.0
524600,65.0
524600,70.0
524600,86.0
524700,63.0
524700,75.0
524800,71.0
524900,70.0
525000,73.0
525100,77.0
525100,75.0
525100,84.0
525200,66.0
525200,78.0
525300,64.0
525300,72.0
525400,67.0
525500,63.0
525500,60.0
525500,88.0
525600,70.0
525700,83.0
525700,72.0
525700,73.0
525800,70.0
525900,62.0
526000,75.0
526100,66.0
526200,67.0
526200,87.0
526200,67.0
526300,68.0
526400,80.0
526400,57.0
526700,76.0
526900,71.0
526900,77.0
527000,70.0
527200,64.0
527300,75.0
527500,68.0
527500,71.0
527700,69.0
527900,64.0
527900,81.0
528000,78.0
528100,61.0
528200,72.0
528400,67.0
528800,74.0
528900,86.0
528900,69.0
529000,66.0
529000,62.0
529200,68.0
529200,71.0
529400,67.0
529400,84.0
529500,76.0
529500,89.0
529600,71.0
529600,78.0
529700,76.0
529800,68.0
529800,75.0
530000,81.0
530200,78.0
530300,78.0
530300,68.0
530300,68.0
530400,72.0
530400,80.0
530400,86.0
530500,83.0
530700,74.0
531000,74.0
531100,80.0
531100,71.0
531200,91.0
531200,82.0
531500,88.0
531600,78.0
531700,69.0
531700,80.0
531900,88.0
531900,80.0
531900,71.0
532000,88.0
532000,81.0
532200,84.0
532200,81.0
532200,77.0
532300,80.0
532300,96.0
532300,72.0
532500,76.0
532500,79.0
532600,71.0
532800,74.0
532800,85.0
533000,77.0
533200,88.0
533300,76.0
533300,74.0
533300,73.0
533400,92.0
533400,78.0
533400,98.0
533500,80.0
533600,84.0
533700,99.0
533700,78.0
533700,93.0
533700,80.0
533800,79.0
533800,72.0
533800,80.0
533900,75.0
533900,65.0
533900,70.0
534000,96.0
534000,69.0
534100,76.0
534400,78.0
534500,96.0
534700,85.0
534800,94.0
534900,105.0
535000,87.0
535100,98.0
535100,72.0
535400,62.0
535400,106.0
535500,94.0
535500,78.0
535500,84.0
535500,98.0
535600,72.0
535600,81.0
535800,94.0
535800,76.0
535800,72.0
535800,94.0
535900,78.0
536100,61.0
536200,64.0
536200,79.0
536200,70.0
536300,91.0
536300,86.0
536300,61.0
536300,82.0
536400,60.0
536500,74.0
536600,75.0
536600,61.0
536900,72.0
536900,79.0
536900,75.0
537000,70.0
537100,65.0
537100,74.0
537200,67.0
537200,66.0
537300,77.0
537400,62.0
537400,78.0
537600,77.0
537700,72.0
537800,71.0
537800,65.0
538000,66.0
538000,86.0
538000,82.0
538000,67.0
538100,75.0
538300,69.0
538500,68.0
538600,61.0
538700,68.0
538800,67.0
538900,71.0
538900,139.0
539000,65.0
539000,81.0
539000,69.0
539100,64.0
539100,72.0
539500,65.0
539500,74.0
539700,75.0
539800,63.0
539900,74.0
539900,65.0
540000,76.0
540100,79.0
540200,63.0
540300,67.0
540400,80.0
540400,69.0
540400,72.0
540400,69.0
540500,78.0
540600,66.0
540600,153.0
540700,68.0
540700,79.0
540800,72.0
540800,67.0
540800,78.0
540800,71.0
540900,68.0
540900,69.0
541000,70.0
541000,86.0
541100,70.0
541200,74.0
541300,70.0
541300,71.0
541300,77.0
541400,68.0
541400,65.0
541500,76.0
541600,74.0
541600,63.0
541700,78.0
541700,60.0
541800,67.0
541800,71.0
541900,62.0
542000,67.0
542000,70.0
542000,60.0
542100,57.0
542300,71.0
542300,67.0
542400,64.0
542600,69.0
542800,70.0
542800,63.0
542900,64.0
543000,62.0
543000,66.0
543000,62.0
543100,73.0
543100,71.0
543100,74.0
543200,71.0
543400,74.0
543600,71.0
543600,73.0
543600,72.0
543600,80.0
543700,63.0
543700,70.0
543800,73.0
544000,68.0
544000,66.0
544000,74.0
544000,67.0
544000,62.0
544000,64.0
544000,67.0
544100,70.0
544100,59.0
544100,70.0
544200,67.0
544200,66.0
544300,72.0
544400,64.0
544700,62.0
544700,64.0
544800,66.0
544800,68.0
544800,66.0
545000,68.0
545100,62.0
545300,61.0
545300,60.0
545500,68.0
545500,63.0
545600,68.0
545700,67.0
545800,61.0
545800,79.0
545900,68.0
545900,58.0
545900,62.0
546000,67.0
546100,62.0
546300,62.0
546400,72.0
546600,63.0
546700,62.0
546900,63.0
547000,64.0
547100,61.0
547100,80.0
547200,68.0
547300,62.0
547300,64.0
547400,72.0
547600,70.0
547700,65.0
547800,68.0
547900,69.0
548000,65.0
548000,70.0
548000,72.0
548000,64.0
548000,71.0
548100,74.0
548200,74.0
548200,82.0
548300,69.0
548300,65.0
548300,68.0
548400,78.0
548400,67.0
548400,73.0
548400,72.0
548500,70.0
548600,73.0
548700,64.0
548700,66.0
548800,69.0
548800,70.0
548800,62.0
548900,70.0
548900,59.0
548900,67.0
549100,66.0
549100,69.0
549200,72.0
549200,76.0
549500,64.0
549600,76.0
549600,74.0
549600,66.0
549600,68.0
549700,72.0
549800,66.0
550000,68.0
550100,69.0
550200,69.0
550300,70.0
550300,65.0
550300,70.0
550400,70.0
550600,63.0
550700,67.0
550900,67.0
550900,73.0
550900,71.0
551000,68.0
551200,73.0
551300,70.0
551300,71.0
551300,74.0
551300,69.0
551400,71.0
551400,70.0
551400,76.0
551400,76.0
551500,73.0
551600,70.0
551700,75.0
552000,71.0
552000,71.0
552100,76.0
552200,72.0
552200,80.0
552300,71.0
552300,68.0
552400,74.0
552700,68.0
552700,85.0
552700,72.0
552700,70.0
552700,74.0
552800,68.0
552800,66.0
553000,69.0
553100,74.0
553200,59.0
553200,69.0
553200,66.0
553400,84.0
553400,74.0
553500,77.0
553600,71.0
553700,76.0
553800,62.0
553900,65.0
554100,73.0
554500,67.0
554500,74.0
554500,70.0
554500,84.0
554600,64.0
554700,72.0
554700,62.0
554800,76.0
554800,66.0
555000,81.0
555000,65.0
555100,72.0
555100,69.0
555100,65.0
555100,67.0
555100,67.0
555100,78.0
555300,71.0
555300,73.0
555300,60.0
555400,71.0
555500,64.0
555600,68.0
555600,67.0
555700,68.0
555700,71.0
555700,75.0
555800,67.0
555800,64.0
555900,69.0
555900,60.0
555900,66.0
556000,70.0
556100,63.0
556200,62.0
556200,68.0
556300,66.0
556300,73.0
556300,65.0
556400,66.0
556400,77.0
556400,83.0
556400,66.0
556500,59.0
556500,60.0
556500,74.0
556600,61.0
556900,61.0
556900,64.0
557000,68.0
557000,59.0
557100,85.0
557100,62.0
557200,56.0
557300,58.0
557300,70.0
557400,89.0
557500,71.0
557500,89.0
557600,60.0
557600,65.0
557600,64.0
557800,62.0
557800,59.0
558000,65.0
558100,59.0
558200,65.0
558200,68.0
558200,67.0
558300,67.0
558400,69.0
558500,67.0
558600,63.0
558600,75.0
558700,62.0
558800,66.0
558800,64.0
558800,64.0
558900,60.0
559000,61.0
559100,58.0
559300,64.0
559400,68.0
559400,58.0
559400,69.0
559500,65.0
559500,66.0
559700,68.0
559700,67.0
559700,63.0
559800,64.0
559800,61.0
559900,59.0
560000,62.0
560100,69.0
560100,67.0
560300,67.0
560800,65.0
560900,68.0
561100,72.0
561100,58.0
561200,65.0
561300,64.0
561300,65.0
561400,64.0
561500,59.0
561600,67.0
561600,66.0
561700,70.0
561700,70.0
561700,70.0
561900,67.0
562000,65.0
562100,68.0
562100,68.0
562200,62.0
562200,63.0
562200,69.0
562300,71.0
562500,62.0
562500,66.0
562500,67.0
562500,65.0
562600,67.0
562600,62.0
562600,73.0
562600,65.0
562700,72.0
562900,67.0
562900,68.0
563000,77.0
563000,72.0
563000,57.0
563100,64.0
563100,76.0
563100,65.0
563100,74.0
563100,70.0
563200,66.0
563200,59.0
563200,67.0
563500,64.0
563500,68.0
563600,72.0
563600,64.0
563600,68.0
563700,65.0
563800,61.0
563800,67.0
563800,73.0
564000,74.0
564000,74.0
564000,62.0
564000,65.0
564100,67.0
564300,68.0
564400,66.0
564500,80.0
564500,61.0
564600,69.0
564600,64.0
564600,68.0
564600,79.0
564700,63.0
564900,64.0
564900,63.0
565000,61.0
565000,62.0
565100,63.0
565100,71.0
565100,71.0
565200,62.0
565300,57.0
565300,66.0
565300,70.0
565400,78.0
565500,58.0
565500,62.0
565500,71.0
565500,65.0
565500,63.0
565600,66.0
565700,57.0
565800,67.0
565800,59.0
565900,58.0
566000,58.0
566000,64.0
566100,62.0
566200,63.0
566300,67.0
566300,68.0
566300,60.0
566300,66.0
566400,61.0
566500,60.0
566500,55.0
566600,66.0
567000,59.0
567100,58.0
567200,57.0
567600,60.0
567600,59.0
567700,63.0
567800,65.0
567900,60.0
567900,56.0
568000,62.0
568100,59.0
568100,63.0
568300,64.0
568400,57.0
568400,57.0
568400,69.0
568500,60.0
568500,62.0
568700,59.0
568700,66.0
568700,63.0
568800,64.0
568900,65.0
568900,70.0
569000,53.0
569000,63.0
569000,62.0
569000,57.0
569100,64.0
569100,62.0
569100,63.0
569200,64.0
569200,59.0
569200,59.0
569200,60.0
569400,60.0
569400,62.0
569400,60.0
569400,55.0
569500,61.0
569600,64.0
569600,65.0
569700,57.0
569900,68.0
569900,62.0
569900,57.0
570000,62.0
570000,67.0
570000,60.0
570300,65.0
570300,60.0
570500,72.0
570500,63.0
570600,66.0
570600,60.0
570600,64.0
570600,68.0
570800,61.0
570800,60.0
570800,63.0
570900,67.0
571100,54.0
571200,61.0
571200,57.0
571200,60.0
571200,64.0
571300,62.0
571400,66.0
571400,59.0
571400,66.0
571500,60.0
571600,67.0
571700,64.0
571700,60.0
571800,60.0
571800,61.0
571800,61.0
571900,59.0
572000,66.0
572100,69.0
572100,62.0
572100,68.0
572100,74.0
572200,65.0
572200,69.0
572300,67.0
572300,62.0
572400,62.0
572500,59.0
572500,60.0
572500,65.0
572500,61.0
572600,64.0
572600,63.0
572600,61.0
572700,62.0
572700,62.0
573100,57.0
573300,61.0
573300,65.0
573500,57.0
573500,68.0
573700,70.0
573800,65.0
573900,56.0
574000,61.0
574100,60.0
574100,61.0
574100,63.0
574300,62.0
574300,57.0
574400,57.0
574600,61.0
574700,61.0
574700,64.0
574900,57.0
574900,67.0
575000,61.0
575000,63.0
575000,61.0
575100,62.0
575100,57.0
575100,60.0
575200,58.0
575200,58.0
575200,59.0
575200,60.0
575300,56.0
575300,60.0
575400,58.0
575400,61.0
575400,63.0
575500,65.0
575500,61.0
575600,64.0
575600,70.0
575700,61.0
575700,61.0
575700,65.0
575700,56.0
575700,59.0
575900,61.0
575900,58.0
575900,57.0
576300,67.0
576400,59.0
576400,62.0
576400,56.0
576500,64.0
576500,57.0
576600,67.0
576700,60.0
576700,59.0
576800,66.0
576800,54.0
576900,62.0
577000,60.0
577000,62.0
577000,57.0
577100,61.0
577100,57.0
577200,57.0
577200,67.0
577200,58.0
577400,58.0
577400,57.0
577400,64.0
577500,61.0
577500,64.0
577600,56.0
577700,61.0
577700,59.0
577800,59.0
578000,58.0
578000,59.0
578100,65.0
578200,62.0
578300,60.0
578300,60.0
578300,59.0
578400,65.0
578400,58.0
578500,62.0
578500,65.0
578500,56.0
578600,61.0
578600,58.0
578600,63.0
578700,58.0
578700,60.0
578800,63.0
578900,61.0
579000,63.0
579000,62.0
579000,57.0
579100,64.0
579100,64.0
579400,59.0
579400,57.0
579600,61.0
579700,56.0
579800,61.0
579800,55.0
579900,75.0
580000,60.0
580100,59.0
580200,59.0
580200,57.0
580400,59.0
580400,61.0
580500,57.0
580600,57.0
580600,60.0
580700,53.0
580800,56.0
580800,55.0
580800,69.0
580900,57.0
580900,58.0
580900,58.0
581000,57.0
581000,56.0
581000,56.0
581000,55.0
581200,59.0
581200,57.0
581300,64.0
581300,57.0
581400,56.0
581500,59.0
581600,58.0
581700,60.0
581700,63.0
581800,66.0
581900,58.0
582000,59.0
582000,61.0
582100,62.0
582100,62.0
582100,62.0
582200,61.0
582300,56.0
582300,67.0
582400,67.0
582500,66.0
582500,59.0
582700,62.0
582900,63.0
583000,56.0
583000,63.0
583000,61.0
583100,61.0
583100,57.0
583200,60.0
583200,63.0
583300,59.0
583300,60.0
583400,58.0
583500,64.0
583500,58.0
583500,67.0
583600,58.0
583700,71.0
583700,64.0
583800,62.0
583800,62.0
584000,70.0
584100,62.0
584200,70.0
584200,63.0
584300,63.0
584400,59.0
584500,73.0
584500,62.0
584500,59.0
584600,64.0
584700,60.0
584700,55.0
584700,57.0
584700,60.0
584800,59.0
584800,71.0
584900,63.0
584900,64.0
584900,65.0
584900,67.0
585000,65.0
585000,63.0
585000,62.0
585000,62.0
585100,62.0
585200,61.0
585200,64.0
585400,61.0
585400,62.0
585400,62.0
585500,62.0
585500,56.0
585600,60.0
585800,62.0
586000,58.0
586200,62.0
586200,64.0
586300,63.0
586400,61.0
586500,61.0
586500,61.0
586600,56.0
586600,65.0
586800,58.0
586800,60.0
586800,58.0
586900,58.0
587000,64.0
587100,59.0
587100,59.0
587100,65.0
587100,59.0
587100,56.0
587100,60.0
587200,61.0
587200,64.0
587200,63.0
587300,59.0
587400,67.0
587400,57.0
587500,61.0
587700,65.0
587700,61.0
587800,59.0
587900,56.0
587900,56.0
587900,64.0
588000,55.0
588000,58.0
588000,59.0
588100,63.0
588100,62.0
588100,61.0
588200,53.0
588400,59.0
588400,58.0
588500,58.0
588500,62.0
588500,58.0
588600,53.0
588600,62.0
588700,56.0
588900,57.0
588900,54.0
588900,54.0
589000,56.0
589100,69.0
589200,59.0
589300,59.0
589300,61.0
589400,57.0
589500,57.0
589600,64.0
589600,57.0
589700,60.0
589700,60.0
589800,59.0
589900,63.0
589900,59.0
589900,55.0
590100,59.0
590100,54.0
590100,58.0
590100,57.0
590200,57.0
590200,55.0
590300,57.0
590300,63.0
590300,56.0
590500,55.0
590500,55.0
590600,55.0
590700,56.0
590700,56.0
590700,59.0
590800,59.0
590900,57.0
590900,60.0
591000,59.0
591000,61.0
591000,58.0
591000,58.0
591100,59.0
591100,58.0
591200,58.0
591200,63.0
591500,59.0
591600,60.0
591600,59.0
591700,60.0
591800,60.0
591800,58.0
592000,66.0
592100,56.0
592100,57.0
592200,66.0
592200,55.0
592200,58.0
592300,61.0
592600,58.0
592600,60.0
592700,57.0
592700,57.0
592800,55.0
592800,60.0
593000,54.0
593100,61.0
593100,57.0
593100,64.0
593100,58.0
593100,60.0
593200,57.0
593200,59.0
593200,58.0
593300,59.0
593300,54.0
593300,61.0
593400,57.0
593400,61.0
593500,62.0
593600,53.0
593600,63.0
593600,57.0
593700,57.0
593700,61.0
593800,57.0
594000,59.0
594100,59.0
594100,60.0
594100,59.0
594200,60.0
594300,60.0
594400,61.0
594400,58.0
594500,58.0
594500,57.0
594500,57.0
594500,59.0
594600,59.0
594700,60.0
594800,57.0
594900,65.0
594900,54.0
595100,60.0
595300,62.0
595400,61.0
595400,62.0
595500,66.0
595600,60.0
595600,62.0
595700,58.0
595700,62.0
595700,59.0
595800,55.0
595900,58.0
595900,61.0
596000,60.0
596000,59.0
596100,64.0
596200,63.0
596200,61.0
596200,57.0
596400,57.0
596400,61.0
596400,61.0
596500,60.0
596500,61.0
596500,56.0
596600,62.0
596600,63.0
596700,55.0
596700,56.0
596800,57.0
596800,59.0
596800,58.0
596800,63.0
596800,60.0
596900,57.0
596900,57.0
596900,62.0
597200,60.0
597300,59.0
597400,57.0
597400,65.0
597400,60.0
597500,55.0
597700,59.0
597800,65.0
597900,60.0
597900,55.0
598000,67.0
598100,57.0
598200,62.0
598300,61.0
598300,59.0
598600,68.0
598700,64.0
598700,59.0
598800,55.0
598800,60.0
598800,59.0
598800,65.0
598800,58.0
598900,59.0
599000,65.0
599100,57.0
599100,58.0
599100,58.0
599100,55.0
599300,60.0
599300,61.0
599400,58.0
599400,65.0
599600,61.0
599700,63.0
599700,58.0
599800,65.0
599900,61.0
599900,65.0
600000,65.0
600000,61.0
600000,63.0
600100,61.0
600200,64.0
600200,55.0
600200,67.0
600400,61.0
600400,66.0
600400,56.0
600500,61.0
600500,62.0
600500,58.0
600500,62.0
600600,61.0
600700,61.0
600800,62.0
600800,61.0
600900,67.0
601000,57.0
601100,64.0
601100,56.0
601200,63.0
601200,61.0
601300,62.0
601400,64.0
601600,60.0
601600,60.0
601600,54.0
601700,57.0
601900,61.0
602100,62.0
602100,64.0
602100,62.0
602200,60.0
602300,65.0
602300,62.0
602300,60.0
602400,57.0
602400,58.0
602400,54.0
602400,65.0
602500,57.0
602600,60.0
602600,65.0
602600,59.0
602600,56.0
602600,62.0
602700,61.0
602700,60.0
602700,57.0
602800,64.0
602800,57.0
602800,59.0
602900,61.0
602900,59.0
602900,58.0
602900,65.0
602900,60.0
603000,60.0
603000,56.0
603200,61.0
603200,56.0
603300,56.0
603700,54.0
603700,61.0
603700,62.0
603900,63.0
604100,59.0
604200,58.0
604200,63.0
604200,57.0
604200,61.0
604300,58.0
604400,63.0
604500,55.0
604600,66.0
604600,58.0
604600,56.0
604600,56.0
604700,58.0
604700,54.0
604800,55.0
604800,56.0
604800,58.0
604900,53.0
605100,61.0
605100,62.0
605200,53.0
605200,61.0
605200,53.0
605200,59.0
605300,60.0
605300,58.0
605400,59.0
605600,60.0
605700,56.0
605800,58.0
605800,55.0
605900,58.0
605900,52.0
605900,57.0
606000,58.0
606100,54.0
606100,57.0
606100,57.0
606200,60.0
606400,66.0
606500,59.0
606500,58.0
606600,59.0
606600,62.0
606700,61.0
606700,58.0
606800,60.0
606900,56.0
606900,59.0
606900,59.0
607100,58.0
607200,60.0
607200,57.0
607300,67.0
607300,59.0
607300,62.0
607400,60.0
607400,58.0
607500,57.0
607600,58.0
607600,58.0
607700,58.0
607900,56.0
608000,56.0
608200,52.0
608300,58.0
608300,60.0
608300,55.0
608400,59.0
608500,62.0
608500,57.0
608500,58.0
608500,59.0
608600,60.0
608600,55.0
608600,56.0
608600,61.0
608600,65.0
608700,58.0
608700,59.0
608700,58.0
608800,57.0
608800,62.0
608900,57.0
608900,63.0
608900,58.0
609000,61.0
609200,64.0
609200,61.0
609300,65.0
609300,62.0
609300,58.0
609400,60.0
609500,56.0
609700,63.0
609700,67.0
609800,55.0
609800,54.0
609900,67.0
610100,56.0
610100,62.0
610100,54.0
610300,59.0
610300,62.0
610300,64.0
610300,59.0
610400,58.0
610400,60.0
610500,56.0
610600,58.0
610600,58.0
610700,57.0
610800,53.0
610800,58.0
610800,59.0
610900,61.0
610900,55.0
611000,62.0
611100,58.0
611100,60.0
611200,58.0
611200,57.0
611200,58.0
611300,55.0
611300,57.0
611300,63.0
611400,61.0
611600,57.0
611700,57.0
611700,63.0
611800,57.0
611900,58.0
611900,56.0
612000,57.0
612100,61.0
612200,58.0
612200,59.0
612200,61.0
612300,57.0
612300,61.0
612400,57.0
612400,55.0
612700,57.0
612800,61.0
613000,56.0
613100,62.0
613100,60.0
613200,64.0
613300,60.0
613400,63.0
613400,66.0
613400,58.0
613600,61.0
613700,61.0
613700,66.0
613700,62.0
613700,62.0
613900,61.0
613900,58.0
613900,65.0
614000,55.0
614100,64.0
614200,64.0
614300,61.0
614400,60.0
614400,65.0
614500,60.0
614700,62.0
614700,61.0
614700,58.0
614900,60.0
614900,62.0
614900,62.0
614900,62.0
615000,59.0
615000,60.0
615100,63.0
615300,63.0
615300,65.0
615400,62.0
615400,58.0
615500,60.0
615500,67.0
615500,66.0
615500,61.0
615600,65.0
615600,69.0
615600,68.0
615700,69.0
615800,67.0
615900,59.0
615900,64.0
616000,66.0
616200,59.0
616200,59.0
616200,57.0
616400,65.0
616500,70.0
616600,61.0
616700,68.0
616700,56.0
616800,63.0
616800,67.0
616800,65.0
616900,72.0
617000,64.0
617000,59.0
617000,60.0
617000,65.0
617100,63.0
617200,66.0
617200,60.0
617200,63.0
617300,59.0
617300,66.0
617400,64.0
617400,74.0
617400,60.0
617400,64.0
617500,62.0
617600,61.0
617600,57.0
617700,62.0
617700,69.0
617800,65.0
617800,64.0
618000,62.0
618000,64.0
618100,60.0
618100,59.0
618300,63.0
618300,64.0
618300,59.0
618300,58.0
618400,69.0
618400,60.0
618600,65.0
618700,61.0
618900,65.0
618900,66.0
618900,59.0
619100,55.0
619200,63.0
619300,60.0
619300,67.0
619500,70.0
619700,64.0
619700,61.0
619700,65.0
619800,62.0
619800,60.0
619800,63.0
619900,58.0
619900,60.0
620000,66.0
620000,61.0
620100,60.0
620100,62.0
620200,57.0
620200,60.0
620200,56.0
620200,63.0
620500,62.0
620500,64.0
620500,61.0
620600,57.0
620600,57.0
620600,60.0
620700,58.0
620900,58.0
621000,59.0
621100,59.0
621200,54.0
621200,65.0
621300,62.0
621300,62.0
621300,61.0
621400,58.0
621400,57.0
621500,58.0
621600,60.0
621600,58.0
621700,62.0
621700,56.0
621700,64.0
621800,56.0
621800,63.0
622000,63.0
622100,57.0
622100,64.0
622100,63.0
622100,57.0
622200,63.0
622300,59.0
622300,63.0
622400,63.0
622500,57.0
622500,59.0
622600,56.0
622600,54.0
622700,58.0
622800,59.0
622800,56.0
622900,56.0
622900,62.0
623000,58.0
623000,56.0
623100,57.0
623100,61.0
623100,55.0
623200,62.0
623200,61.0
623200,60.0
623300,57.0
623300,58.0
623400,58.0
623400,57.0
623400,60.0
623400,58.0
623500,56.0
623600,56.0
623700,62.0
623800,59.0
623900,61.0
623900,61.0
624100,61.0
624100,59.0
624100,59.0
624200,57.0
624200,59.0
624300,58.0
624300,60.0
624400,59.0
624500,59.0
624500,56.0
624500,60.0
624800,53.0
624900,56.0
624900,61.0
624900,58.0
625100,57.0
625100,60.0
625200,55.0
625200,57.0
625200,66.0
625300,54.0
625300,62.0
625500,56.0
625700,57.0
625700,54.0
625800,56.0
625800,59.0
625900,58.0
625900,55.0
625900,58.0
626000,53.0
626000,57.0
626100,61.0
626100,57.0
626100,59.0
626300,54.0
626300,59.0
626300,63.0
626300,55.0
626400,60.0
626400,57.0
626500,57.0
626500,58.0
626500,52.0
626600,55.0
626600,51.0
626600,58.0
626700,55.0
626900,55.0
627000,55.0
627000,54.0
627100,56.0
627100,53.0
627200,58.0
627300,54.0
627300,53.0
627400,52.0
627400,58.0
627400,55.0
627500,58.0
627500,52.0
627700,51.0
627700,58.0
627900,61.0
627900,55.0
627900,56.0
627900,56.0
628000,53.0
628100,61.0
628200,57.0
628200,57.0
628300,55.0
628400,54.0
628400,55.0
628400,61.0
628500,58.0
628500,57.0
628700,51.0
628700,55.0
628700,52.0
628700,57.0
628800,57.0
628900,58.0
628900,52.0
629000,56.0
629000,54.0
629000,54.0
629100,58.0
629100,58.0
629100,57.0
629200,54.0
629300,61.0
629300,58.0
629400,60.0
629400,58.0
629400,61.0
629400,51.0
629600,55.0
629600,51.0
629600,53.0
629600,57.0
629600,55.0
629700,57.0
629700,54.0
629800,54.0
629900,55.0
630100,54.0
630100,56.0
630200,51.0
630300,57.0
630300,56.0
630300,56.0
630400,54.0
630400,53.0
630600,51.0
630600,52.0
630700,54.0
630900,55.0
630900,56.0
631100,57.0
631200,53.0
631200,57.0
631300,51.0
631300,62.0
631400,49.0
631500,55.0
631500,54.0
631600,55.0
631600,59.0
631700,54.0
631700,57.0
631700,56.0
631700,54.0
631800,59.0
631900,54.0
632000,57.0
632000,58.0
632000,53.0
632100,49.0
632100,56.0
632200,54.0
632300,58.0
632400,56.0
632400,53.0
632500,59.0
632500,58.0
632500,59.0
632500,56.0
632500,58.0
632600,58.0
632600,54.0
632600,53.0
632700,52.0
632900,54.0
633100,55.0
633200,59.0
633200,55.0
633200,53.0
633200,58.0
633300,54.0
633300,52.0
633300,56.0
633400,53.0
633400,58.0
633500,52.0
633500,54.0
633500,59.0
633600,54.0
633600,52.0
633700,53.0
633700,56.0
633800,53.0
633800,52.0
634000,54.0
634100,54.0
634300,53.0
634300,56.0
634300,52.0
634400,58.0
634400,55.0
634500,56.0
634500,56.0
634600,54.0
634600,57.0
634600,55.0
634700,54.0
634700,54.0
634700,55.0
634800,50.0
634800,55.0
634900,57.0
634900,54.0
635000,56.0
635000,55.0
635100,55.0
635200,56.0
635200,54.0
635300,55.0
635300,57.0
635400,58.0
635400,55.0
635500,54.0
635600,58.0
635600,57.0
635700,59.0
635700,54.0
635800,55.0
635800,58.0
635800,53.0
635900,54.0
636000,54.0
636000,56.0
636200,57.0
636300,57.0
636700,58.0
636700,59.0
636700,59.0
636900,55.0
636900,58.0
637100,57.0
637200,53.0
637200,59.0
637200,57.0
637300,54.0
637300,53.0
637300,55.0
637400,59.0
637500,58.0
637500,64.0
637500,56.0
637600,59.0
637600,54.0
637600,60.0
637700,58.0
637700,56.0
637800,55.0
637800,60.0
637800,52.0
637900,55.0
638100,59.0
638400,61.0
638400,62.0
638400,57.0
638500,60.0
638500,57.0
638600,52.0
638600,59.0
638600,59.0
638600,58.0
638700,60.0
638700,61.0
638700,59.0
638700,53.0
638700,60.0
638900,55.0
638900,54.0
639000,59.0
639000,61.0
639100,57.0
639100,56.0
639200,55.0
639200,59.0
639300,56.0
639300,57.0
639400,56.0
639400,57.0
639500,60.0
639500,59.0
639600,56.0
639600,57.0
639700,58.0
639800,58.0
639900,56.0
640100,56.0
640100,63.0
640200,60.0
640300,58.0
640300,57.0
640400,57.0
640400,59.0
640400,51.0
640500,59.0
640500,56.0
640500,57.0
640600,58.0
640600,56.0
640700,60.0
640700,55.0
640700,59.0
640800,56.0
640800,59.0
640900,58.0
641000,55.0
641000,59.0
641100,61.0
641200,58.0
641300,64.0
641300,53.0
641300,59.0
641300,57.0
641300,56.0
641600,56.0
641600,58.0
641700,55.0
641700,58.0
641700,61.0
641800,60.0
641800,56.0
641900,58.0
641900,59.0
641900,64.0
641900,60.0
641900,55.0
642400,55.0
642500,54.0
642600,53.0
642600,52.0
642600,61.0
642900,60.0
643000,56.0
643000,61.0
643100,54.0
643100,56.0
643200,61.0
643200,56.0
643200,54.0
643300,55.0
643300,53.0
643300,56.0
643300,58.0
643400,55.0
643500,56.0
643600,59.0
643600,53.0
643600,61.0
643600,58.0
643700,57.0
643700,56.0
643800,58.0
643800,64.0
644100,55.0
644100,55.0
644200,54.0
644200,49.0
644200,53.0
644200,53.0
644200,53.0
644300,55.0
644400,55.0
644500,56.0
644500,57.0
644600,54.0
644600,60.0
644600,59.0
644600,55.0
644800,61.0
644800,54.0
644800,51.0
644800,53.0
644900,58.0
644900,61.0
644900,56.0
645000,58.0
645100,57.0
645200,54.0
645300,57.0
645300,58.0
645300,56.0
645400,54.0
645500,57.0
645600,53.0
645700,61.0
645700,58.0
645700,50.0
645700,54.0
645700,52.0
645900,54.0
646100,57.0
646100,53.0
646200,56.0
646200,56.0
646300,54.0
646300,62.0
646300,55.0
646300,53.0
646300,57.0
646400,57.0
646400,55.0
646400,55.0
646400,54.0
646600,54.0
646700,52.0
646800,61.0
646800,57.0
647000,58.0
647100,56.0
647200,57.0
647300,60.0
647300,52.0
647300,59.0
647400,59.0
647400,55.0
647500,54.0
647600,61.0
647600,56.0
647600,57.0
647600,58.0
647800,57.0
647900,61.0
647900,58.0
648000,59.0
648000,60.0
648200,63.0
648400,58.0
648500,58.0
648500,57.0
648500,52.0
648600,54.0
648700,56.0
648700,54.0
648800,60.0
648900,54.0
649000,56.0
649000,52.0
649000,62.0
649000,55.0
649100,56.0
649100,59.0
649200,53.0
649200,58.0
649300,57.0
649300,58.0
649400,56.0
649400,54.0
649500,61.0
649600,58.0
649600,58.0
649600,57.0
649600,56.0
649700,54.0
649800,54.0
649900,55.0
649900,55.0
650000,63.0
650000,56.0
650200,59.0
650300,57.0
650300,59.0
650400,59.0
650400,56.0
650400,57.0
650600,56.0
650600,55.0
650600,58.0
650600,58.0
650600,51.0
650700,59.0
650700,57.0
650800,55.0
650800,54.0
650800,61.0
650800,58.0
651000,59.0
651000,60.0
651000,59.0
651000,53.0
651000,58.0
651100,55.0
651100,56.0
651200,57.0
651200,53.0
651400,55.0
651400,55.0
651500,57.0
651500,52.0
651700,53.0
651700,58.0
651700,58.0
651900,53.0
651900,58.0
652000,55.0
652100,58.0
652200,57.0
652300,58.0
652300,57.0
652300,57.0
652300,57.0
652300,59.0
652400,56.0
652500,56.0
652600,61.0
652600,61.0
652800,58.0
652900,57.0
652900,53.0
652900,55.0
652900,59.0
652900,51.0
653100,56.0
653100,58.0
653100,55.0
653200,55.0
653300,55.0
653300,58.0
653300,58.0
653500,57.0
653600,58.0
653600,54.0
653700,55.0
653700,57.0
653900,52.0
653900,58.0
654100,60.0
654100,57.0
654200,55.0
654200,54.0
654200,55.0
654400,54.0
654400,55.0
654400,58.0
654500,53.0
654500,53.0
654600,52.0
654600,54.0
654600,57.0
654600,53.0
654700,55.0
654900,53.0
654900,55.0
655000,55.0
655000,54.0
655000,55.0
655100,52.0
655200,54.0
655200,52.0
655200,61.0
655200,59.0
655300,55.0
655300,55.0
655300,56.0
655400,56.0
655500,50.0
655700,56.0
655700,51.0
655700,55.0
656000,52.0
656000,59.0
656100,53.0
656100,51.0
656100,57.0
656200,56.0
656300,55.0
656300,61.0
656300,55.0
656300,53.0
656400,55.0
656400,55.0
656500,57.0
656500,59.0
656600,54.0
656600,61.0
656700,55.0
656700,57.0
656700,54.0
656700,55.0
656800,56.0
656800,55.0
656900,52.0
656900,59.0
656900,57.0
657000,54.0
657100,57.0
657100,55.0
657100,57.0
657200,53.0
657300,51.0
657300,56.0
657400,53.0
657400,55.0
657400,53.0
657500,56.0
657600,53.0
657800,53.0
657900,54.0
657900,54.0
657900,54.0
658000,52.0
658200,54.0
658200,56.0
658200,55.0
658200,58.0
658200,51.0
658300,53.0
658300,50.0
658300,58.0
658400,53.0
658600,55.0
658600,53.0
658700,56.0
658800,57.0
658900,54.0
658900,55.0
658900,54.0
658900,51.0
659000,57.0
659100,52.0
659100,54.0
659200,57.0
659200,51.0
659300,55.0
659500,54.0
659600,52.0
659600,53.0
659600,57.0
659600,52.0
659700,48.0
659700,54.0
659800,52.0
659900,55.0
659900,53.0
660000,52.0
660100,54.0
660100,55.0
660200,54.0
660300,56.0
660300,52.0
660400,56.0
660400,52.0
660500,50.0
660500,54.0
660500,57.0
660600,52.0
660700,55.0
660700,50.0
660800,54.0
660800,54.0
660800,56.0
660800,54.0
660900,54.0
661000,55.0
661000,54.0
661200,59.0
661300,54.0
661300,54.0
661400,51.0
661400,52.0
661500,56.0
661500,52.0
661600,51.0
661600,51.0
661800,52.0
661800,55.0
661900,55.0
661900,51.0
661900,57.0
662000,51.0
662000,53.0
662000,55.0
662100,55.0
662100,52.0
662200,52.0
662200,57.0
662200,53.0
662200,51.0
662200,53.0
662300,52.0
662300,56.0
662300,52.0
662400,54.0
662400,48.0
662500,52.0
662500,57.0
662600,54.0
662600,50.0
662600,53.0
662600,52.0
662700,54.0
662700,52.0
663000,55.0
663100,49.0
663100,55.0
663100,53.0
663400,57.0
663400,53.0
663400,53.0
663600,55.0
663600,52.0
663600,51.0
663600,51.0
663600,56.0
663600,52.0
663700,53.0
663700,53.0
663900,49.0
663900,50.0
664000,56.0
664100,50.0
664100,56.0
664100,55.0
664200,54.0
664300,52.0
664400,53.0
664400,56.0
664600,52.0
664600,54.0
664600,53.0
664700,53.0
664800,50.0
664800,51.0
664800,50.0
664800,57.0
664900,50.0
664900,54.0
665000,52.0
665200,51.0
665200,54.0
665200,59.0
665200,51.0
665400,50.0
665400,51.0
665400,52.0
665500,56.0
665700,51.0
665700,57.0
665700,49.0
665700,54.0
665900,54.0
665900,53.0
665900,54.0
665900,52.0
666000,53.0
666000,50.0
666200,52.0
666200,53.0
666200,55.0
666200,52.0
666200,53.0
666400,52.0
666400,52.0
666500,51.0
666500,50.0
666600,55.0
666600,51.0
666700,51.0
666700,57.0
666800,52.0
666800,50.0
666900,52.0
666900,51.0
667000,48.0
667100,51.0
667100,54.0
667200,51.0
667200,51.0
667200,49.0
667300,49.0
667300,52.0
667400,52.0
667400,50.0
667400,52.0
667400,51.0
667500,47.0
667600,52.0
667700,52.0
667700,57.0
667800,52.0
667800,52.0
667800,54.0
667800,53.0
667800,53.0
667900,51.0
667900,55.0
668000,52.0
668100,52.0
668100,52.0
668200,55.0
668300,55.0
668300,56.0
668400,51.0
668400,52.0
668400,51.0
668600,48.0
668600,50.0
668600,53.0
668700,51.0
668800,50.0
668900,53.0
668900,51.0
669000,52.0
669000,52.0
669000,51.0
669200,54.0
669300,51.0
669400,51.0
669500,54.0
669500,54.0
669500,52.0
669500,56.0
669600,52.0
669800,52.0
669800,55.0
669800,52.0
669800,53.0
670000,51.0
670000,52.0
670000,52.0
670100,53.0
670200,51.0
670200,52.0
670200,51.0
670300,53.0
670300,53.0
670400,52.0
670400,54.0
670500,51.0
670500,51.0
670600,47.0
670700,53.0
670800,52.0
670800,54.0
670800,51.0
671000,54.0
671000,54.0
671100,50.0
671100,52.0
671200,48.0
671200,51.0
671200,53.0
671300,54.0
671300,52.0
671400,52.0
671400,50.0
671400,52.0
671500,54.0
671700,51.0
671700,53.0
671800,50.0
671800,54.0
671900,52.0
671900,55.0
671900,53.0
672100,51.0
672100,50.0
672100,52.0
672200,52.0
672300,54.0
672300,56.0
672400,51.0
672400,52.0
672400,56.0
672400,53.0
672400,50.0
672700,50.0
672800,54.0
672800,52.0
672800,49.0
672800,54.0
672800,49.0
672800,53.0
672900,53.0
672900,53.0
672900,56.0
673000,52.0
673000,55.0
673000,54.0
673100,51.0
673200,52.0
673200,52.0
673200,52.0
673400,51.0
673400,52.0
673400,53.0
673500,54.0
673500,55.0
673600,50.0
673800,55.0
673800,53.0
673900,55.0
673900,53.0
674000,54.0
674000,55.0
674100,53.0
674100,53.0
674200,54.0
674300,52.0
674400,52.0
674400,52.0
674400,52.0
674400,53.0
674400,55.0
674600,56.0
674700,53.0
674700,50.0
674900,53.0
674900,54.0
675000,53.0
675000,53.0
675100,53.0
675200,52.0
675300,53.0
675400,54.0
675600,51.0
675600,54.0
675600,52.0
675600,56.0
675700,55.0
675700,52.0
675700,60.0
675800,56.0
675900,56.0
675900,55.0
676000,54.0
676100,52.0
676100,54.0
676200,52.0
676200,49.0
676300,59.0
676400,58.0
676500,58.0
676500,53.0
676500,55.0
676600,58.0
676600,50.0
676600,54.0
676600,56.0
676700,53.0
676700,53.0
676700,54.0
676700,53.0
676800,53.0
676900,54.0
677000,54.0
677000,51.0
677100,54.0
677300,54.0
677300,57.0
677300,50.0
677400,53.0
677400,54.0
677600,55.0
677600,55.0
677700,52.0
677800,52.0
677800,58.0
677800,55.0
677800,53.0
677900,53.0
677900,55.0
678000,57.0
678100,52.0
678100,55.0
678200,52.0
678200,52.0
678200,56.0
678200,56.0
678200,52.0
678300,53.0
678300,52.0
678400,53.0
678400,52.0
678400,50.0
678400,53.0
678400,54.0
678500,51.0
678600,50.0
678600,56.0
678600,53.0
678600,54.0
678800,51.0
678800,47.0
678900,55.0
678900,51.0
679000,53.0
679000,58.0
679000,54.0
679100,50.0
679100,51.0
679100,55.0
679300,50.0
679500,53.0
679600,56.0
679600,54.0
679700,51.0
679700,51.0
679700,51.0
679800,55.0
679800,54.0
679900,53.0
679900,53.0
680000,49.0
680100,56.0
680100,53.0
680100,52.0
680200,48.0
680200,49.0
680200,50.0
680200,53.0
680300,52.0
680500,50.0
680500,53.0
680700,49.0
680800,52.0
680800,50.0
680900,51.0
681000,52.0
681000,51.0
681100,50.0
681100,52.0
681100,52.0
681200,51.0
681200,52.0
681300,50.0
681500,53.0
681500,51.0
681600,49.0
681600,51.0
681600,53.0
681600,52.0
681700,50.0
681800,50.0
681800,51.0
681800,52.0
681800,49.0
681900,51.0
682000,51.0
682000,52.0
682100,53.0
682100,52.0
682100,52.0
682200,51.0
682300,53.0
682400,52.0
682400,52.0
682600,50.0
682600,51.0
682600,50.0
682700,54.0
682900,51.0
683000,55.0
683000,50.0
683000,51.0
683000,49.0
683100,56.0
683100,53.0
683200,49.0
683300,53.0
683400,50.0
683400,53.0
683400,51.0
683400,54.0
683500,49.0
683500,49.0
683600,52.0
683600,54.0
683700,51.0
683700,53.0
683700,57.0
683700,52.0
683800,50.0
683800,51.0
683800,50.0
683800,53.0
683800,54.0
683900,53.0
684000,56.0
684000,49.0
684200,51.0
684200,52.0
684200,56.0
684200,54.0
684200,54.0
684300,51.0
684300,51.0
684400,51.0
684500,50.0
684500,52.0
684500,55.0
684700,49.0
684700,54.0
684900,57.0
684900,51.0
685200,50.0
685300,50.0
685300,50.0
685300,56.0
685300,54.0
685300,53.0
685400,55.0
685400,51.0
685400,55.0
685500,50.0
685500,55.0
685600,52.0
685700,56.0
685700,53.0
685800,54.0
685900,52.0
685900,58.0
685900,55.0
686100,49.0
686100,51.0
686200,51.0
686200,53.0
686200,49.0
686200,55.0
686200,52.0
686300,49.0
686300,50.0
686500,53.0
686700,52.0
686700,53.0
686700,54.0
686800,51.0
686800,50.0
686800,51.0
686900,49.0
687000,52.0
687100,52.0
687100,49.0
687100,53.0
687200,52.0
687200,54.0
687300,52.0
687300,53.0
687500,55.0
687600,53.0
687600,51.0
687600,54.0
687600,53.0
687700,49.0
687800,52.0
687800,55.0
687900,48.0
687900,55.0
687900,53.0
687900,50.0
688000,52.0
688100,53.0
688200,50.0
688300,51.0
688400,52.0
688600,54.0
688700,51.0
688800,54.0
688900,52.0
688900,54.0
688900,56.0
688900,56.0
688900,53.0
689000,50.0
689000,50.0
689100,52.0
689100,54.0
689100,52.0
689100,53.0
689200,56.0
689200,56.0
689200,52.0
689200,52.0
689300,51.0
689300,55.0
689400,52.0
689400,53.0
689400,55.0
689400,54.0
689400,50.0
689500,56.0
689500,51.0
689600,49.0
689700,53.0
689700,52.0
689800,51.0
689800,54.0
690000,49.0
690000,56.0
690000,55.0
690100,55.0
690200,53.0
690200,53.0
690200,51.0
690300,56.0
690600,51.0
690600,50.0
690700,50.0
690700,52.0
690700,53.0
690800,52.0
690900,52.0
690900,53.0
690900,50.0
690900,54.0
690900,49.0
691000,55.0
691100,56.0
691100,53.0
691200,53.0
691300,52.0
691300,52.0
691500,51.0
691600,53.0
691600,52.0
691700,56.0
691800,54.0
691800,54.0
691800,48.0
691800,53.0
691800,55.0
691900,50.0
691900,52.0
692000,51.0
692100,56.0
692100,57.0
692300,53.0
692300,53.0
692500,52.0
692500,51.0
692500,53.0
692500,56.0
692700,54.0
692700,53.0
692800,53.0
692800,57.0
692800,55.0
692900,52.0
693000,55.0
693100,53.0
693200,51.0
693200,51.0
693300,51.0
693300,55.0
693400,55.0
693400,56.0
693400,56.0
693400,54.0
693400,53.0
693500,55.0
693600,55.0
693600,51.0
693800,54.0
693800,52.0
693900,56.0
694100,50.0
694200,50.0
694200,54.0
694300,54.0
694300,53.0
694300,52.0
694300,52.0
694500,53.0
694500,54.0
694500,52.0
694500,52.0
694600,52.0
694600,55.0
694600,52.0
694700,51.0
694700,54.0
694800,53.0
694900,53.0
694900,56.0
694900,55.0
695000,51.0
695000,54.0
695000,54.0
695000,53.0
695000,56.0
695000,55.0
695100,55.0
695100,51.0
695100,54.0
695200,53.0
695200,52.0
695200,50.0
695200,54.0
695300,51.0
695300,50.0
695300,51.0
695400,50.0
695400,50.0
695500,50.0
695900,51.0
695900,55.0
696100,53.0
696200,51.0
696300,52.0
696300,54.0
696400,54.0
696400,53.0
696500,54.0
696500,56.0
696500,56.0
696600,51.0
696600,55.0
696600,53.0
696800,56.0
696800,54.0
696800,55.0
697000,55.0
697100,54.0
697100,52.0
697200,54.0
697200,54.0
697200,52.0
697200,52.0
697300,51.0
697300,53.0
697300,53.0
697300,50.0
697400,53.0
697400,51.0
697400,53.0
697500,55.0
697700,52.0
697700,50.0
697900,54.0
697900,49.0
697900,52.0
698000,51.0
698100,54.0
698200,52.0
698300,56.0
698300,50.0
698400,53.0
698400,52.0
698500,55.0
698500,51.0
698500,56.0
698500,50.0
698700,51.0
698700,52.0
698700,51.0
698700,50.0
698700,53.0
698700,51.0
698900,51.0
698900,53.0
699000,54.0
699000,52.0
699200,49.0
699400,53.0
699400,54.0
699600,52.0
699600,56.0
699600,51.0
699600,52.0
699700,52.0
699800,51.0
699900,54.0
700000,55.0
700000,53.0
700000,52.0
700100,52.0
700200,54.0
700200,55.0
700200,54.0
700200,52.0
700200,50.0
700200,50.0
700300,52.0
700300,54.0
700300,49.0
700400,57.0
700400,52.0
700400,52.0
700400,51.0
700500,54.0
700500,54.0
700500,53.0
700600,51.0
700700,52.0
700700,54.0
700700,51.0
700800,56.0
700800,54.0
700800,53.0
700800,55.0
700900,53.0
700900,55.0
700900,55.0
701000,53.0
701200,51.0
701500,54.0
701600,52.0
701600,51.0
701600,51.0
701700,50.0
701800,52.0
701800,52.0
701900,56.0
701900,52.0
701900,51.0
701900,51.0
702000,50.0
702000,50.0
702000,52.0
702100,54.0
702200,50.0
702300,49.0
702400,50.0
702400,54.0
702500,52.0
702500,52.0
702500,50.0
702600,51.0
702700,53.0
702700,51.0
702800,52.0
702800,53.0
702900,55.0
703000,54.0
703000,53.0
703100,56.0
703100,50.0
703200,51.0
703200,51.0
703200,53.0
703200,53.0
703500,52.0
703500,53.0
703500,50.0
703700,50.0
703700,52.0
703700,48.0
703700,51.0
703800,54.0
703800,49.0
703800,51.0
703900,47.0
703900,53.0
703900,52.0
703900,50.0
704000,51.0
704000,53.0
704000,51.0
704200,50.0
704200,53.0
704300,52.0
704400,50.0
704500,54.0
704600,50.0
704700,51.0
704700,49.0
704800,50.0
705000,52.0
705000,52.0
705000,50.0
705100,52.0
705100,49.0
705200,50.0
705300,49.0
705400,48.0
705400,50.0
705400,49.0
705400,50.0
705400,47.0
705500,51.0
705500,48.0
705500,51.0
705500,54.0
705500,52.0
705600,50.0
705600,54.0
705600,51.0
705700,53.0
705800,52.0
705900,47.0
705900,50.0
705900,50.0
705900,50.0
705900,51.0
706000,54.0
706000,55.0
706100,54.0
706200,52.0
706300,49.0
706300,52.0
706300,53.0
706300,52.0
706400,54.0
706400,54.0
706400,53.0
706500,48.0
706800,50.0
706900,51.0
706900,51.0
707000,51.0
707100,51.0
707100,49.0
707200,51.0
707200,49.0
707200,52.0
707200,50.0
707300,52.0
707400,53.0
707400,52.0
707400,53.0
707500,51.0
707600,51.0
707800,52.0
707800,51.0
707900,52.0
707900,52.0
707900,47.0
708000,50.0
708000,52.0
708100,49.0
708100,51.0
708100,52.0
708100,47.0
708200,53.0
708300,49.0
708300,57.0
708500,54.0
708500,51.0
708500,51.0
708500,52.0
708500,52.0
708800,51.0
708800,48.0
708900,50.0
708900,52.0
708900,52.0
709000,51.0
709000,49.0
709000,51.0
709000,49.0
709100,52.0
709200,52.0
709200,50.0
709200,48.0
709200,52.0
709300,52.0
709300,51.0
709300,51.0
709400,53.0
709500,51.0
709600,50.0
709600,51.0
709600,49.0
709800,49.0
709900,51.0
710100,51.0
710300,54.0
710300,50.0
710400,51.0
710400,52.0
710400,48.0
710500,49.0
710500,53.0
710500,49.0
710600,49.0
710600,51.0
710700,53.0
710700,50.0
710700,51.0
710800,48.0
710800,51.0
710900,50.0
710900,57.0
710900,51.0
711000,53.0
711000,52.0
711100,48.0
711100,50.0
711100,55.0
711100,54.0
711300,55.0
711300,52.0
711400,52.0
711400,53.0
711400,53.0
711500,48.0
711500,54.0
711500,50.0
711600,50.0
711600,54.0
711600,51.0
711600,51.0
711700,52.0
711800,54.0
711800,52.0
711900,53.0
711900,49.0
712000,48.0
712100,48.0
712300,49.0
712400,53.0
712400,53.0
712500,49.0
712500,51.0
712500,52.0
712600,52.0
712600,49.0
712600,52.0
712600,48.0
712700,51.0
712700,52.0
712900,53.0
712900,49.0
713000,48.0
713200,51.0
713200,51.0
713200,51.0
713300,53.0
713400,51.0
713400,51.0
713400,51.0
713500,50.0
713600,54.0
713600,53.0
713600,49.0
713800,51.0
713800,54.0
713900,54.0
713900,52.0
714000,53.0
714000,53.0
714200,51.0
714200,52.0
714200,52.0
714300,51.0
714300,52.0
714400,53.0
714400,51.0
714400,52.0
714500,50.0
714500,51.0
714500,50.0
714500,53.0
714500,51.0
714600,52.0
714800,56.0
714800,50.0
714900,55.0
714900,54.0
715100,55.0
715100,53.0
715100,54.0
715100,51.0
715100,50.0
715100,53.0
715600,51.0
715600,50.0
715600,53.0
715700,50.0
715700,52.0
715800,51.0
715900,52.0
715900,51.0
715900,50.0
716000,51.0
716000,54.0
716100,52.0
716200,54.0
716200,56.0
716200,52.0
716300,52.0
716400,52.0
716400,53.0
716400,51.0
716500,52.0
716500,55.0
716500,50.0
716500,50.0
716600,55.0
716600,54.0
716600,49.0
716700,54.0
716700,51.0
716700,51.0
716700,49.0
716800,51.0
716800,55.0
717000,53.0
717000,54.0
717100,53.0
717100,50.0
717100,51.0
717100,53.0
717100,53.0
717200,52.0
717300,50.0
717400,53.0
717400,55.0
717700,55.0
717700,50.0
717800,51.0
717800,53.0
717900,51.0
718000,52.0
718000,52.0
718100,52.0
718100,53.0
718100,55.0
718200,55.0
718200,50.0
718200,56.0
718400,55.0
718500,54.0
718500,54.0
718600,52.0
718600,50.0
718700,52.0
718700,53.0
718800,52.0
718900,55.0
719000,54.0
719000,52.0
719000,49.0
719100,54.0
719200,54.0
719300,55.0
719400,54.0
719500,54.0
719600,54.0
719600,50.0
719600,52.0
719600,51.0
719700,55.0
719700,57.0
719800,53.0
719800,51.0
719800,54.0
719900,53.0
719900,52.0
719900,52.0
720000,53.0
720000,54.0
720000,52.0
720000,56.0
720200,55.0
720300,52.0
720500,55.0
720500,54.0
720600,53.0
720600,53.0
720600,53.0
720700,54.0
720900,59.0
721000,52.0
721000,57.0
721000,57.0
721100,52.0
721200,50.0
721300,55.0
721300,55.0
721300,54.0
721400,53.0
721400,53.0
721500,55.0
721500,54.0
721600,54.0
721600,50.0
721700,53.0
721700,52.0
721800,55.0
721800,54.0
721800,51.0
721800,52.0
721800,54.0
721900,52.0
721900,53.0
722000,53.0
722100,52.0
722100,52.0
722100,51.0
722200,50.0
722200,53.0
722200,55.0
722300,54.0
722300,55.0
722300,55.0
722300,50.0
722300,50.0
722300,55.0
722400,51.0
722400,50.0
722400,52.0
722500,52.0
722600,56.0
722700,48.0
722700,54.0
722800,52.0
722900,54.0
723000,51.0
723000,54.0
723100,48.0
723200,51.0
723300,51.0
723300,51.0
723400,54.0
723400,50.0
723500,52.0
723500,55.0
723500,51.0
723600,53.0
723700,50.0
723700,50.0
723800,52.0
723800,54.0
723900,50.0
723900,49.0
723900,51.0
724000,52.0
724100,52.0
724100,49.0
724100,49.0
724200,51.0
724400,51.0
724400,50.0
724400,52.0
724500,50.0
724600,48.0
724600,49.0
724700,51.0
724700,47.0
724700,48.0
724700,49.0
724700,46.0
724800,48.0
724800,50.0
724900,47.0
724900,51.0
724900,50.0
725000,49.0
725100,49.0
725100,49.0
725200,48.0
725300,53.0
725300,45.0
725300,52.0
725300,51.0
725400,47.0
725500,48.0
725600,48.0
725700,48.0
725700,52.0
725800,50.0
725900,47.0
726000,44.0
726000,49.0
726100,49.0
726100,49.0
726300,49.0
726300,48.0
726400,48.0
726500,52.0
726500,50.0
726600,48.0
726600,51.0
726600,49.0
726700,48.0
726700,50.0
726900,49.0
726900,49.0
726900,49.0
726900,50.0
727000,50.0
727100,50.0
727100,47.0
727100,49.0
727100,51.0
727100,48.0
727200,51.0
727200,54.0
727200,48.0
727300,48.0
727300,48.0
727400,45.0
727400,51.0
727400,49.0
727500,49.0
727500,49.0
727500,51.0
727600,51.0
727600,51.0
727700,54.0
727700,51.0
727800,50.0
727900,49.0
727900,50.0
727900,54.0
728000,49.0
728000,53.0
728300,46.0
728300,50.0
728400,52.0
728500,49.0
728500,53.0
728500,50.0
728500,51.0
728600,47.0
728600,49.0
728700,50.0
728800,53.0
728800,52.0
728900,49.0
729000,49.0
729000,48.0
729000,49.0
729100,51.0
729100,52.0
729100,48.0
729200,54.0
729200,49.0
729400,50.0
729400,53.0
729400,51.0
729400,47.0
729600,48.0
729600,50.0
729700,48.0
729700,51.0
729700,46.0
729700,51.0
729800,48.0
729900,50.0
729900,51.0
729900,50.0
730100,52.0
730100,52.0
730100,49.0
730100,51.0
730100,50.0
730200,48.0
730200,49.0
730300,50.0
730400,49.0
730400,53.0
730500,49.0
730500,50.0
730500,50.0
730700,52.0
730700,50.0
730800,50.0
730800,49.0
731000,47.0
731000,51.0
731100,48.0
731100,50.0
731100,51.0
731300,51.0
731300,48.0
731300,51.0
731500,49.0
731600,49.0
731800,53.0
731900,51.0
731900,52.0
731900,51.0
732000,51.0
732100,50.0
732100,50.0
732100,53.0
732200,49.0
732200,49.0
732200,53.0
732200,51.0
732300,50.0
732400,52.0
732400,48.0
732500,54.0
732500,51.0
732600,51.0
732600,53.0
732600,48.0
732600,49.0
732700,51.0
732700,52.0
732700,53.0
732700,50.0
732700,54.0
732800,49.0
732800,51.0
732900,53.0
732900,55.0
733000,50.0
733000,49.0
733100,49.0
733100,50.0
733100,53.0
733200,53.0
733200,51.0
733600,54.0
733600,49.0
733600,49.0
733600,49.0
733600,50.0
733700,50.0
733700,49.0
733700,49.0
733800,53.0
733900,49.0
734000,55.0
734100,52.0
734200,49.0
734300,52.0
734300,53.0
734400,52.0
734400,52.0
734400,52.0
734500,52.0
734500,52.0
734500,51.0
734600,52.0
734700,51.0
734700,51.0
734800,50.0
734900,51.0
734900,53.0
734900,48.0
735100,52.0
735100,55.0
735100,52.0
735100,52.0
735100,51.0
735200,51.0
735200,53.0
735300,50.0
735400,51.0
735400,51.0
735400,49.0
735500,52.0
735500,48.0
735500,54.0
735700,50.0
735700,51.0
735700,53.0
735700,53.0
735800,55.0
735900,50.0
736000,53.0
736000,54.0
736200,50.0
736200,53.0
736300,50.0
736300,51.0
736400,54.0
736400,49.0
736400,54.0
736400,49.0
736400,51.0
736600,53.0
736700,50.0
736800,53.0
737000,50.0
737000,52.0
737100,50.0
737100,49.0
737200,49.0
737300,52.0
737400,51.0
737500,52.0
737600,55.0
737600,51.0
737600,52.0
737600,52.0
737700,50.0
737700,53.0
737800,52.0
737800,50.0
737900,55.0
738000,51.0
738000,53.0
738000,51.0
738000,54.0
738000,51.0
738100,53.0
738100,52.0
738100,53.0
738100,52.0
738300,52.0
738400,53.0
738400,54.0
738400,50.0
738400,56.0
738500,52.0
738500,52.0
738600,56.0
738600,54.0
738700,55.0
738700,54.0
738800,54.0
738800,50.0
738900,47.0
738900,51.0
739000,51.0
739000,52.0
739100,53.0
739100,52.0
739200,54.0
739400,49.0
739400,54.0
739400,50.0
739400,53.0
739500,50.0
739500,56.0
739500,52.0
739700,50.0
739700,51.0
739900,51.0
739900,53.0
739900,52.0
740100,54.0
740100,52.0
740100,55.0
740300,50.0
740400,54.0
740400,53.0
740400,55.0
740400,47.0
740400,53.0
740500,51.0
740500,52.0
740500,52.0
740600,50.0
740700,54.0
740700,56.0
740700,53.0
740800,52.0
740800,55.0
740900,52.0
740900,52.0
740900,54.0
741000,54.0
741100,52.0
741200,53.0
741200,53.0
741200,51.0
741300,53.0
741300,51.0
741300,51.0
741300,54.0
741600,50.0
741600,51.0
741600,52.0
741700,53.0
741700,52.0
741800,52.0
741800,52.0
741900,53.0
741900,53.0
741900,51.0
742200,49.0
742300,54.0
742300,53.0
742400,52.0
742500,51.0
742600,53.0
742600,50.0
742600,51.0
742600,54.0
742700,49.0
742800,49.0
742900,51.0
742900,51.0
743000,52.0
743000,48.0
743100,54.0
743100,49.0
743200,52.0
743300,51.0
743300,52.0
743300,50.0
743400,52.0
743400,54.0
743400,49.0
743400,55.0
743400,52.0
743400,51.0
743500,52.0
743500,52.0
743600,50.0
743600,50.0
743700,47.0
743700,51.0
743800,50.0
743900,49.0
743900,52.0
743900,48.0
744000,51.0
744100,54.0
744100,53.0
744100,55.0
744100,52.0
744200,51.0
744200,50.0
744300,47.0
744300,49.0
744300,50.0
744300,50.0
744400,52.0
744500,49.0
744600,50.0
744700,48.0
744700,51.0
744800,51.0
745000,53.0
745100,54.0
745200,53.0
745200,49.0
745200,51.0
745300,52.0
745300,52.0
745400,51.0
745500,46.0
745600,53.0
745700,51.0
745800,51.0
745800,53.0
745800,50.0
745900,48.0
745900,52.0
745900,53.0
745900,52.0
746000,54.0
746000,49.0
746000,46.0
746000,50.0
746000,54.0
746100,51.0
746100,48.0
746200,56.0
746200,53.0
746400,53.0
746400,55.0
746400,46.0
746400,50.0
746500,53.0
746600,51.0
746600,52.0
746700,52.0
746700,49.0
746800,48.0
746800,49.0
746800,53.0
746800,53.0
746900,50.0
746900,51.0
747100,51.0
747100,50.0
747100,50.0
747300,52.0
747500,49.0
747500,50.0
747500,51.0
747500,50.0
747600,49.0
747700,49.0
747700,49.0
747800,47.0
747800,50.0
747800,50.0
748000,51.0
748100,51.0
748200,51.0
748200,49.0
748400,48.0
748400,49.0
748400,52.0
748400,49.0
748400,52.0
748500,49.0
748500,49.0
748500,52.0
748600,50.0
748600,50.0
748600,49.0
748600,50.0
748600,51.0
748600,52.0
748700,47.0
748800,50.0
748800,47.0
748900,52.0
748900,50.0
749000,52.0
749100,49.0
749100,48.0
749200,51.0
749200,53.0
749200,51.0
749300,50.0
749300,48.0
749300,48.0
749400,47.0
749400,48.0
749400,51.0
749500,50.0
749500,46.0
749500,51.0
749600,52.0
749600,53.0
749700,52.0
749800,48.0
749900,50.0
750000,52.0
750100,48.0
750100,49.0
750200,48.0
750200,48.0
750300,48.0
750300,49.0
750500,50.0
750700,50.0
750700,48.0
750800,50.0
750800,48.0
750800,52.0
750900,48.0
750900,48.0
750900,49.0
751000,47.0
751000,49.0
751000,50.0
751000,48.0
751000,48.0
751100,49.0
751100,48.0
751200,50.0
751300,51.0
751300,52.0
751400,48.0
751400,50.0
751500,49.0
751500,51.0
751500,48.0
751500,49.0
751600,48.0
751600,50.0
751700,46.0
751800,49.0
751900,49.0
751900,50.0
752000,52.0
752000,49.0
752100,51.0
752100,51.0
752200,49.0
752300,50.0
752400,51.0
752400,54.0
752500,48.0
752600,49.0
752600,51.0
752700,50.0
752800,50.0
752900,50.0
752900,52.0
752900,50.0
753000,50.0
753100,51.0
753200,52.0
753200,50.0
753300,49.0
753400,50.0
753500,48.0
753600,50.0
753600,53.0
753600,48.0
753700,51.0
753700,51.0
753700,49.0
753700,51.0
753800,51.0
753800,50.0
753900,51.0
753900,48.0
754000,51.0
754000,54.0
754000,52.0
754000,50.0
754000,52.0
754000,50.0
754100,48.0
754100,54.0
754400,50.0
754400,53.0
754500,50.0
754500,50.0
754500,48.0
754500,53.0
754600,50.0
754600,51.0
754700,53.0
754700,53.0
754800,51.0
754900,52.0
754900,53.0
754900,56.0
754900,53.0
754900,51.0
755000,50.0
755100,53.0
755200,51.0
755300,54.0
755500,51.0
755500,52.0
755600,52.0
755600,54.0
755600,53.0
755700,52.0
755700,50.0
755800,53.0
755900,49.0
756000,50.0
756100,52.0
756100,50.0
756200,50.0
756200,51.0
756200,51.0
756200,50.0
756300,54.0
756400,49.0
756400,49.0
756400,52.0
756400,54.0
756400,52.0
756500,52.0
756600,50.0
756600,49.0
756700,50.0
756700,54.0
756700,51.0
756700,50.0
756700,53.0
756800,50.0
756800,51.0
756900,57.0
756900,51.0
757100,52.0
757200,52.0
757200,51.0
757200,50.0
757200,51.0
757300,48.0
757300,51.0
757400,51.0
757500,51.0
757600,50.0
757600,48.0
757700,54.0
757700,51.0
757800,47.0
757900,52.0
758000,51.0
758000,52.0
758000,50.0
758100,47.0
758100,48.0
758100,50.0
758200,51.0
758300,51.0
758600,52.0
758600,48.0
758600,51.0
758600,48.0
758600,47.0
758700,50.0
758700,51.0
758800,49.0
758800,48.0
758800,46.0
758900,49.0
758900,50.0
758900,47.0
758900,50.0
759100,49.0
759100,50.0
759100,53.0
759200,50.0
759200,50.0
759200,51.0
759200,50.0
759300,50.0
759400,46.0
759400,51.0
759500,49.0
759600,49.0
759600,49.0
759600,49.0
759700,50.0
759700,51.0
759700,48.0
759900,51.0
759900,48.0
760000,48.0
760000,49.0
760000,49.0
760000,46.0
760100,50.0
760100,52.0
760200,49.0
760200,52.0
760200,51.0
760300,48.0
760400,47.0
760500,47.0
760600,48.0
760600,47.0
760600,49.0
760800,47.0
760900,49.0
760900,51.0
760900,50.0
761100,49.0
761100,48.0
761100,48.0
761200,48.0
761300,49.0
761300,47.0
761300,49.0
761300,49.0
761400,46.0
761400,48.0
761400,48.0
761500,49.0
761600,47.0
761600,51.0
761600,47.0
761600,48.0
761600,45.0
761700,48.0
761700,51.0
761700,48.0
761800,48.0
761800,49.0
761900,48.0
762000,50.0
762000,53.0
762000,46.0
762100,46.0
762200,49.0
762200,48.0
762300,49.0
762300,48.0
762300,45.0
762400,50.0
762500,46.0
762600,47.0
762600,50.0
762700,50.0
762800,46.0
762900,51.0
762900,49.0
763000,48.0
763000,47.0
763000,49.0
763000,47.0
763100,48.0
763300,48.0
763300,51.0
763400,50.0
763500,47.0
763600,48.0
763600,48.0
763600,48.0
763700,47.0
763800,49.0
763900,46.0
763900,50.0
763900,49.0
763900,48.0
763900,48.0
764000,49.0
764000,47.0
764000,52.0
764000,50.0
764100,47.0
764100,50.0
764200,48.0
764200,48.0
764300,50.0
764400,48.0
764400,49.0
764400,48.0
764400,50.0
764600,48.0
764600,48.0
764700,48.0
764700,48.0
764700,48.0
764800,51.0
764900,47.0
764900,48.0
765000,48.0
765000,49.0
765000,52.0
765000,46.0
765100,48.0
765100,49.0
765100,47.0
765200,50.0
765300,50.0
765400,46.0
765600,50.0
765600,49.0
765600,48.0
765600,52.0
765600,51.0
765700,49.0
765900,48.0
766000,45.0
766000,50.0
766000,49.0
766100,50.0
766200,49.0
766200,47.0
766300,48.0
766400,51.0
766500,52.0
766600,52.0
766600,51.0
766600,49.0
766700,49.0
766700,49.0
766700,51.0
766700,49.0
766700,51.0
766800,50.0
766800,47.0
766900,50.0
766900,50.0
766900,53.0
766900,50.0
767000,48.0
767100,51.0
767100,49.0
767100,51.0
767200,54.0
767200,49.0
767400,52.0
767500,50.0
767500,50.0
767500,51.0
767600,50.0
767700,52.0
767700,53.0
767700,49.0
767800,51.0
768000,50.0
768000,52.0
768000,51.0
768000,49.0
768100,49.0
768300,52.0
768300,51.0
768500,48.0
768500,53.0
768500,52.0
768600,54.0
768600,51.0
768700,51.0
768700,49.0
768700,49.0
768800,53.0
768900,49.0
768900,48.0
769000,52.0
769000,51.0
769100,50.0
769200,50.0
769300,51.0
769300,51.0
769300,52.0
769400,52.0
769400,50.0
769400,51.0
769500,54.0
769500,51.0
769500,52.0
769600,55.0
769600,50.0
769700,52.0
769800,49.0
769800,52.0
769800,52.0
769900,53.0
770000,52.0
770100,52.0
770100,52.0
770100,53.0
770200,51.0
770200,52.0
770200,50.0
770300,52.0
770400,52.0
770500,52.0
770500,51.0
770600,48.0
770600,54.0
770600,53.0
770600,48.0
770700,55.0
770700,49.0
770700,54.0
770700,49.0
770800,53.0
770800,50.0
770800,52.0
770900,48.0
771000,51.0
771200,50.0
771300,50.0
771300,48.0
771300,51.0
771500,51.0
771500,51.0
771600,50.0
771700,55.0
771700,50.0
771700,48.0
771700,49.0
771800,50.0
771800,50.0
771800,49.0
771900,50.0
772000,50.0
772000,49.0
772100,51.0
772100,50.0
772100,50.0
772200,53.0
772300,51.0
772300,50.0
772400,51.0
772400,51.0
772500,56.0
772500,54.0
772500,48.0
772600,52.0
772700,51.0
772800,51.0
772800,49.0
772800,54.0
772800,49.0
772900,52.0
773000,50.0
773000,51.0
773100,49.0
773200,50.0
773200,50.0
773200,54.0
773200,49.0
773400,52.0
773500,48.0
773500,50.0
773700,50.0
773800,50.0
773900,51.0
773900,50.0
773900,52.0
773900,54.0
774000,51.0
774100,50.0
774200,47.0
774200,53.0
774200,52.0
774300,48.0
774300,51.0
774400,53.0
774400,52.0
774400,51.0
774500,47.0
774600,51.0
774700,50.0
774700,53.0
774800,51.0
774800,50.0
774800,52.0
774800,49.0
774800,52.0
774900,49.0
774900,53.0
774900,49.0
775000,49.0
775100,54.0
775200,48.0
775200,50.0
775200,49.0
775300,53.0
775400,50.0
775400,50.0
775400,48.0
775500,47.0
775500,52.0
775500,50.0
775500,52.0
775700,50.0
775800,51.0
775800,49.0
775800,49.0
775800,49.0
775900,50.0
775900,49.0
776000,52.0
776100,50.0
776100,53.0
776200,52.0
776200,54.0
776200,52.0
776200,50.0
776400,50.0
776500,50.0
776600,51.0
776600,49.0
776600,49.0
776700,48.0
776700,52.0
776900,50.0
776900,51.0
777000,50.0
777100,51.0
777100,49.0
777100,52.0
777100,52.0
777100,51.0
777400,49.0
777400,51.0
777400,48.0
777400,47.0
777400,52.0
777500,50.0
777500,52.0
777500,51.0
777500,52.0
777600,55.0
777600,49.0
777600,48.0
777700,51.0
777700,50.0
777800,49.0
777900,49.0
778000,50.0
778100,49.0
778200,48.0
778200,48.0
778200,52.0
778300,53.0
778300,52.0
778300,50.0
778500,49.0
778500,46.0
778600,52.0
778600,52.0
778600,49.0
778700,50.0
778700,55.0
779000,49.0
779100,51.0
779100,50.0
779200,48.0
779200,48.0
779200,49.0
779200,51.0
779300,48.0
779300,52.0
779300,51.0
779400,49.0
779400,50.0
779500,49.0
779500,49.0
779600,50.0
779600,49.0
779700,48.0
779900,48.0
779900,50.0
779900,49.0
779900,51.0
780000,50.0
780000,50.0
780000,47.0
780100,51.0
780200,51.0
780200,51.0
780200,50.0
780300,53.0
780300,46.0
780400,48.0
780400,50.0
780400,49.0
780400,50.0
780400,48.0
780500,51.0
780700,51.0
780700,47.0
780800,51.0
780800,51.0
780800,47.0
780900,48.0
780900,47.0
780900,49.0
781000,46.0
781000,53.0
781000,51.0
781200,52.0
781200,52.0
781300,50.0
781300,49.0
781300,49.0
781300,50.0
781400,50.0
781700,51.0
781800,50.0
781800,50.0
781900,52.0
782000,48.0
782000,51.0
782100,53.0
782200,51.0
782200,49.0
782200,53.0
782300,50.0
782300,50.0
782300,47.0
782300,47.0
782400,53.0
782400,51.0
782500,52.0
782500,49.0
782600,50.0
782600,49.0
782700,51.0
782700,50.0
782800,50.0
782800,50.0
782900,50.0
782900,52.0
783000,52.0
783000,51.0
783100,49.0
783100,48.0
783200,51.0
783200,55.0
783300,53.0
783500,50.0
783500,51.0
783600,51.0
783600,48.0
783600,52.0
783700,50.0
783900,50.0
783900,51.0
783900,54.0
783900,55.0
783900,50.0
784000,53.0
784300,50.0
784400,50.0
784500,51.0
784500,57.0
784600,52.0
784600,51.0
784600,51.0
784600,49.0
784600,53.0
784700,51.0
784700,51.0
784700,53.0
784700,52.0
784800,56.0
784900,52.0
785000,52.0
785000,51.0
785100,50.0
785100,53.0
785100,50.0
785200,50.0
785200,51.0
785200,48.0
785300,48.0
785300,49.0
785300,51.0
785300,49.0
785400,53.0
785400,51.0
785500,50.0
785500,49.0
785600,54.0
785600,50.0
785600,50.0
785700,51.0
785700,50.0
785900,50.0
785900,50.0
786000,50.0
786100,51.0
786100,51.0
786100,49.0
786300,52.0
786300,57.0
786300,52.0
786300,52.0
786300,51.0
786400,52.0
786500,51.0
786500,51.0
786600,50.0
786700,52.0
786700,52.0
786800,53.0
786900,54.0
787100,51.0
787200,53.0
787200,50.0
787300,48.0
787300,52.0
787400,50.0
787400,52.0
787400,51.0
787400,49.0
787500,51.0
787600,51.0
787600,56.0
787700,53.0
787700,50.0
787800,53.0
787900,53.0
787900,50.0
788100,51.0
788100,55.0
788100,54.0
788100,53.0
788200,50.0
788200,54.0
788200,48.0
788200,52.0
788300,54.0
788300,49.0
788300,48.0
788400,51.0
788400,53.0
788500,54.0
788700,54.0
788700,55.0
788700,50.0
788700,49.0
788900,51.0
788900,51.0
788900,52.0
789100,49.0
789100,50.0
789200,53.0
789200,51.0
789200,51.0
789300,52.0
789600,55.0
789700,50.0
789700,49.0
789700,51.0
789800,50.0
789800,51.0
789900,51.0
789900,51.0
789900,54.0
790100,53.0
790100,52.0
790100,49.0
790200,52.0
790200,53.0
790200,50.0
790200,53.0
790300,48.0
790300,50.0
790300,48.0
790300,50.0
790300,54.0
790300,49.0
790400,51.0
790500,51.0
790500,54.0
790500,51.0
790500,49.0
790600,51.0
790700,50.0
790700,50.0
790700,49.0
790700,52.0
790800,47.0
790800,50.0
790800,52.0
790900,51.0
791000,48.0
791000,51.0
791100,52.0
791200,49.0
791400,51.0
791400,49.0
791400,53.0
791400,48.0
791500,50.0
791600,51.0
791600,53.0
791600,51.0
791600,51.0
791700,50.0
791800,48.0
791800,51.0
792000,51.0
792000,52.0
792200,53.0
792400,51.0
792400,49.0
792400,53.0
792500,47.0
792500,51.0
792600,51.0
792600,50.0
792700,53.0
792700,51.0
792700,51.0
792700,49.0
792800,51.0
792900,50.0
792900,53.0
793000,49.0
793000,50.0
793000,51.0
793000,47.0
793100,47.0
793200,51.0
793200,49.0
793200,49.0
793300,49.0
793300,48.0
793400,47.0
793400,49.0
793400,50.0
793400,51.0
793500,51.0
793500,50.0
793600,47.0
793700,51.0
793700,51.0
793800,49.0
793900,48.0
793900,50.0
794000,51.0
794000,49.0
794200,51.0
794200,48.0
794300,50.0
794400,51.0
794500,51.0
794500,51.0
794600,51.0
794800,50.0
794900,49.0
794900,50.0
794900,49.0
794900,50.0
795100,52.0
795100,50.0
795200,49.0
795200,48.0
795300,48.0
795300,52.0
795300,49.0
795400,50.0
795500,54.0
795500,52.0
795500,50.0
795500,50.0
795500,47.0
795600,51.0
795600,52.0
795600,50.0
795700,50.0
795700,54.0
795700,50.0
795800,53.0
795800,51.0
795800,53.0
795900,50.0
795900,50.0
795900,50.0
795900,49.0
795900,52.0
796000,47.0
796000,50.0
796000,50.0
796100,52.0
796100,50.0
796300,51.0
796300,51.0
796400,50.0
796500,48.0
796700,51.0
796700,51.0
796700,51.0
796800,50.0
796900,51.0
796900,51.0
796900,49.0
797000,50.0
797000,52.0
797100,55.0
797100,52.0
797200,50.0
797300,51.0
797500,51.0
797600,50.0
797600,49.0
797700,51.0
797700,51.0
797900,50.0
797900,50.0
797900,52.0
797900,50.0
797900,48.0
797900,50.0
798100,53.0
798100,49.0
798200,52.0
798200,50.0
798200,54.0
798300,51.0
798300,47.0
798400,50.0
798400,50.0
798400,53.0
798400,49.0
798500,51.0
798500,49.0
798500,50.0
798600,49.0
798600,53.0
798700,50.0
798700,51.0
798700,55.0
798700,51.0
798800,50.0
798900,50.0
799000,50.0
799000,49.0
799100,49.0
799100,50.0
799200,53.0
799400,49.0
799500,51.0
799500,53.0
799600,52.0
799600,48.0
799700,51.0
799900,52.0
800000,53.0
800200,52.0
800200,48.0
800200,51.0
800200,51.0
800400,50.0
800400,51.0
800400,53.0
800400,49.0
800500,52.0
800500,54.0
800600,51.0
800600,51.0
800600,49.0
800700,50.0
800700,51.0
800700,50.0
800800,49.0
800800,50.0
800900,50.0
801000,51.0
801000,52.0
801000,49.0
801000,49.0
801000,53.0
801000,53.0
801100,49.0
801100,51.0
801100,53.0
801100,51.0
801200,51.0
801300,53.0
801300,51.0
801300,52.0
801300,51.0
801400,48.0
801400,53.0
801500,50.0
801500,52.0
801700,54.0
801700,52.0
801800,49.0
802000,51.0
802000,53.0
802000,51.0
802100,49.0
802100,51.0
802200,51.0
802300,52.0
802300,49.0
802300,50.0
802300,51.0
802400,51.0
802400,53.0
802600,49.0
802700,52.0
802900,51.0
802900,51.0
803300,54.0
803300,49.0
803300,52.0
803300,54.0
803400,53.0
803400,53.0
803400,51.0
803500,54.0
803600,50.0
803600,55.0
803600,52.0
803600,50.0
803600,55.0
803700,48.0
803700,53.0
803700,49.0
803700,54.0
803800,52.0
803800,53.0
803800,50.0
803800,51.0
803900,50.0
803900,54.0
804000,51.0
804000,53.0
804000,53.0
804100,52.0
804100,55.0
804200,51.0
804400,54.0
804400,52.0
804500,52.0
804500,53.0
804600,52.0
804600,50.0
804600,53.0
804900,51.0
805000,49.0
805000,53.0
805100,52.0
805200,55.0
805200,48.0
805200,54.0
805400,50.0
805400,50.0
805500,49.0
805600,52.0
805600,54.0
805700,51.0
805700,48.0
805700,51.0
805900,53.0
805900,49.0
806000,53.0
806000,52.0
806000,50.0
806000,52.0
806100,54.0
806100,52.0
806100,52.0
806200,54.0
806200,50.0
806300,51.0
806300,51.0
806400,51.0
806400,51.0
806400,53.0
806500,52.0
806500,53.0
806500,53.0
806600,51.0
806600,51.0
806700,53.0
806700,50.0
806700,48.0
806700,54.0
806700,51.0
806700,52.0
806700,55.0
806700,51.0
806800,51.0
806800,53.0
806900,50.0
806900,49.0
807200,50.0
807200,46.0
807300,49.0
807300,50.0
807300,51.0
807300,48.0
807400,51.0
807400,49.0
807400,52.0
807500,49.0
807500,50.0
807500,50.0
807600,48.0
807700,48.0
807800,47.0
808000,49.0
808200,47.0
808200,47.0
808300,47.0
808300,48.0
808300,48.0
808400,47.0
808500,49.0
808500,46.0
808500,47.0
808600,50.0
808700,49.0
808700,48.0
808700,48.0
808700,49.0
808700,47.0
808700,49.0
808800,44.0
808800,50.0
808800,48.0
808800,48.0
808800,48.0
808800,46.0
808900,48.0
808900,47.0
808900,50.0
809000,49.0
809100,49.0
809100,48.0
809100,45.0
809200,44.0
809300,50.0
809400,47.0
809400,46.0
809500,48.0
809500,47.0
809600,50.0
809700,45.0
809800,46.0
809900,46.0
809900,48.0
809900,45.0
810000,46.0
810100,47.0
810100,45.0
810300,46.0
810300,47.0
810400,45.0
810400,46.0
810500,47.0
810600,47.0
810700,48.0
810700,46.0
810700,46.0
810700,45.0
810700,44.0
810800,46.0
810900,44.0
811000,47.0
811000,46.0
811000,48.0
811100,49.0
811100,48.0
811200,47.0
811200,48.0
811300,46.0
811300,47.0
811400,47.0
811400,44.0
811500,46.0
811500,46.0
811500,49.0
811500,46.0
811500,47.0
811500,47.0
811600,47.0
811600,50.0
811600,47.0
811700,48.0
811700,50.0
811700,47.0
811800,47.0
811800,49.0
811900,48.0
811900,50.0
812100,47.0
812200,47.0
812200,48.0
812300,47.0
812300,46.0
812400,49.0
812400,48.0
812400,49.0
812400,49.0
812500,49.0
812500,48.0
812600,47.0
812600,49.0
812800,50.0
812900,49.0
813000,48.0
813300,49.0
813400,46.0
813400,49.0
813500,50.0
813500,50.0
813500,49.0
813500,51.0
813600,46.0
813600,49.0
813700,50.0
813800,49.0
813800,51.0
813800,49.0
813800,49.0
813900,50.0
813900,50.0
813900,49.0
814100,49.0
814100,51.0
814100,50.0
814100,51.0
814100,52.0
814200,51.0
814200,52.0
814200,48.0
814200,49.0
814300,53.0
814300,52.0
814400,51.0
814700,50.0
814700,54.0
814700,51.0
814700,52.0
814700,51.0
814800,50.0
814900,52.0
815000,51.0
815200,51.0
815200,52.0
815300,52.0
815400,51.0
815400,53.0
815400,51.0
815500,53.0
815500,49.0
815500,48.0
815500,50.0
815700,51.0
815800,49.0
815900,49.0
816000,51.0
816200,50.0
816200,54.0
816200,57.0
816200,48.0
816200,53.0
816300,52.0
816300,54.0
816300,48.0
816400,52.0
816400,55.0
816400,51.0
816500,52.0
816500,48.0
816500,53.0
816600,51.0
816700,49.0
816700,48.0
816700,53.0
816800,48.0
816800,51.0
816800,51.0
816800,52.0
816800,48.0
816900,53.0
816900,52.0
816900,52.0
817000,51.0
817000,51.0
817000,52.0
817000,52.0
817200,55.0
817200,51.0
817300,50.0
817500,49.0
817500,50.0
817500,51.0
817500,54.0
817600,50.0
817600,51.0
817700,51.0
817800,51.0
817800,52.0
817800,54.0
817800,51.0
817800,50.0
818000,49.0
818100,51.0
818200,54.0
818200,50.0
818500,49.0
818500,48.0
818600,49.0
818600,50.0
818600,51.0
818700,50.0
818900,51.0
818900,51.0
818900,49.0
818900,50.0
819000,46.0
819000,49.0
819000,50.0
819000,53.0
819000,50.0
819100,47.0
819100,47.0
819100,50.0
819200,52.0
819200,51.0
819300,50.0
819300,50.0
819400,51.0
819400,51.0
819500,52.0
819500,50.0
819600,50.0
819600,47.0
819600,47.0
819700,52.0
819700,53.0
819800,49.0
819800,49.0
819900,49.0
820000,48.0
820000,51.0
820100,50.0
820300,48.0
820400,48.0
820400,50.0
820400,50.0
820500,49.0
820500,48.0
820600,49.0
820600,49.0
820600,49.0
820800,52.0
820800,49.0
820800,48.0
821000,48.0
821100,50.0
821200,48.0
821300,49.0
821500,51.0
821500,50.0
821500,50.0
821500,49.0
821500,51.0
821500,51.0
821500,49.0
821600,47.0
821600,49.0
821700,49.0
821700,52.0
821700,50.0
821700,51.0
821800,49.0
821800,51.0
821900,49.0
821900,49.0
821900,50.0
821900,49.0
822000,49.0
822000,50.0
822100,50.0
822100,51.0
822200,50.0
822300,49.0
822400,52.0
822400,52.0
822400,53.0
822400,52.0
822400,50.0
822600,49.0
822600,49.0
822600,51.0
822700,49.0
822800,51.0
822900,49.0
823000,51.0
823000,50.0
823100,53.0
823100,54.0
823100,51.0
823100,51.0
823100,49.0
823100,47.0
823200,52.0
823300,50.0
823400,46.0
823500,48.0
823500,48.0
823700,53.0
823700,49.0
823800,47.0
823800,50.0
823900,47.0
824000,48.0
824000,51.0
824100,50.0
824100,50.0
824100,49.0
824200,49.0
824200,46.0
824200,50.0
824300,50.0
824300,51.0
824300,50.0
824400,53.0
824400,49.0
824500,50.0
824600,52.0
824600,49.0
824600,48.0
824600,50.0
824700,53.0
824800,50.0
824800,51.0
824800,48.0
824900,51.0
825000,51.0
825100,49.0
825100,51.0
825100,50.0
825100,52.0
825200,47.0
825300,51.0
825300,50.0
825400,48.0
825500,49.0
825600,50.0
825600,49.0
825700,49.0
825700,50.0
825900,49.0
825900,51.0
825900,49.0
826000,52.0
826100,51.0
826300,51.0
826300,50.0
826400,49.0
826500,48.0
826500,51.0
826500,48.0
826600,48.0
826600,49.0
826700,50.0
826800,51.0
826800,49.0
826800,46.0
826900,52.0
826900,49.0
826900,48.0
826900,46.0
826900,48.0
826900,51.0
827000,51.0
827000,49.0
827000,48.0
827000,49.0
827000,53.0
827000,51.0
827000,50.0
827000,51.0
827200,49.0
827300,47.0
827400,50.0
827400,48.0
827500,49.0
827600,48.0
827600,51.0
827600,50.0
827600,48.0
827800,47.0
827800,50.0
827800,52.0
827800,49.0
827900,49.0
827900,47.0
828100,48.0
828100,48.0
828200,47.0
828200,49.0
828200,50.0
828300,49.0
828300,50.0
828300,50.0
828400,51.0
828400,47.0
828500,49.0
828600,47.0
828600,49.0
828700,48.0
828800,48.0
828900,46.0
828900,47.0
829000,47.0
829100,50.0
829100,51.0
829200,49.0
829300,49.0
829300,48.0
829300,49.0
829400,49.0
829400,50.0
829500,49.0
829500,47.0
829500,53.0
829500,49.0
829600,48.0
829600,51.0
829700,50.0
829700,49.0
829700,47.0
829800,48.0
829800,50.0
829800,49.0
829900,46.0
829900,48.0
830000,50.0
830000,47.0
830100,48.0
830100,49.0
830300,48.0
830400,49.0
830400,48.0
830400,45.0
830400,50.0
830400,51.0
830500,46.0
830600,49.0
830700,49.0
831000,52.0
831100,50.0
831200,50.0
831200,51.0
831200,51.0
831200,49.0
831200,47.0
831300,46.0
831300,48.0
831400,47.0
831600,49.0
831700,46.0
831700,51.0
831700,48.0
831800,47.0
831800,50.0
831800,47.0
831900,49.0
831900,51.0
831900,47.0
832000,50.0
832000,48.0
832000,48.0
832000,49.0
832100,50.0
832100,49.0
832100,51.0
832100,47.0
832200,50.0
832200,51.0
832200,46.0
832300,47.0
832300,51.0
832300,51.0
832400,49.0
832600,54.0
832600,49.0
832700,49.0
832700,47.0
832800,47.0
832800,50.0
832800,50.0
832800,48.0
832900,49.0
832900,51.0
833100,50.0
833100,51.0
833200,48.0
833200,49.0
833300,50.0
833400,48.0
833400,50.0
833400,49.0
833500,50.0
833500,51.0
833600,49.0
833600,45.0
833600,51.0
833700,49.0
833800,49.0
833900,51.0
833900,53.0
833900,48.0
834000,45.0
834100,51.0
834200,46.0
834200,47.0
834300,46.0
834400,52.0
834400,51.0
834400,51.0
834600,52.0
834600,51.0
834600,49.0
834700,49.0
834800,49.0
834800,52.0
835000,49.0
835000,52.0
835000,50.0
835000,51.0
835000,51.0
835000,49.0
835100,51.0
835100,49.0
835100,54.0
835200,55.0
835200,52.0
835300,51.0
835400,51.0
835500,49.0
835600,53.0
835700,51.0
835700,52.0
835800,50.0
835800,52.0
835800,52.0
835800,51.0
835800,49.0
835900,53.0
836100,47.0
836200,48.0
836300,48.0
836300,51.0
836300,49.0
836400,45.0
836400,49.0
836400,48.0
836500,51.0
836600,52.0
836600,48.0
836700,54.0
836800,48.0
836900,49.0
837000,51.0
837000,49.0
837100,49.0
837100,51.0
837100,50.0
837100,46.0
837200,53.0
837200,51.0
837200,50.0
837200,50.0
837200,50.0
837300,48.0
837400,50.0
837400,51.0
837400,51.0
837400,51.0
837500,50.0
837500,51.0
837600,53.0
837600,52.0
837600,50.0
837800,50.0
837900,49.0
838000,49.0
838000,50.0
838000,51.0
838100,50.0
838100,52.0
838100,53.0
838300,50.0
838400,48.0
838400,54.0
838500,55.0
838500,49.0
838500,50.0
838500,52.0
838600,52.0
838600,52.0
838700,49.0
838800,51.0
838900,52.0
839000,54.0
839100,53.0
839100,52.0
839100,49.0
839100,53.0
839300,53.0
839300,52.0
839300,52.0
839400,50.0
839400,53.0
839500,50.0
839500,51.0
839600,50.0
839800,55.0
839900,51.0
839900,53.0
839900,51.0
839900,53.0
840100,53.0
840200,50.0
840200,48.0
840300,54.0
840300,51.0
840400,52.0
840500,52.0
840500,55.0
840500,55.0
840500,53.0
840500,51.0
840600,54.0
840600,53.0
840700,55.0
840700,54.0
840800,51.0
840800,53.0
840900,53.0
841000,52.0
841000,50.0
841000,51.0
841100,51.0
841100,50.0
841300,54.0
841300,53.0
841400,51.0
841500,55.0
841500,55.0
841600,50.0
841600,52.0
841600,51.0
841700,52.0
841800,52.0
841800,52.0
841900,54.0
841900,50.0
841900,51.0
842000,52.0
842000,53.0
842100,48.0
842200,50.0
842300,50.0
842300,53.0
842300,52.0
842400,47.0
842400,52.0
842400,50.0
842500,51.0
842500,49.0
842500,52.0
842600,52.0
842600,52.0
842600,52.0
842600,51.0
842600,53.0
842700,49.0
842700,51.0
842700,51.0
842700,51.0
842800,50.0
842900,47.0
842900,49.0
842900,52.0
843100,53.0
843200,50.0
843200,49.0
843300,50.0
843300,51.0
843300,52.0
843500,52.0
843600,50.0
843600,49.0
843600,51.0
843700,49.0
843800,51.0
843900,52.0
843900,53.0
843900,50.0
844000,53.0
844100,49.0
844100,50.0
844100,51.0
844300,55.0
844400,51.0
844400,51.0
844400,48.0
844400,49.0
844500,52.0
844500,52.0
844600,51.0
844600,51.0
844700,51.0
844800,50.0
844800,51.0
844900,48.0
845000,50.0
845000,53.0
845000,49.0
845100,50.0
845200,51.0
845200,47.0
845200,47.0
845400,51.0
845400,50.0
845500,48.0
845600,49.0
845600,50.0
845600,48.0
845700,50.0
845700,53.0
845800,50.0
845800,51.0
845800,51.0
845900,49.0
845900,47.0
845900,50.0
846000,50.0
846100,52.0
846200,50.0
846200,51.0
846200,50.0
846400,51.0
846500,49.0
846500,52.0
846500,50.0
846600,51.0
846600,49.0
846700,49.0
846800,50.0
846800,51.0
846900,51.0
847000,50.0
847000,49.0
847000,50.0
847000,47.0
847100,49.0
847200,48.0
847200,51.0
847200,46.0
847200,53.0
847400,48.0
847500,49.0
847500,53.0
847500,50.0
847600,48.0
847600,47.0
847700,50.0
847700,49.0
847800,53.0
847800,47.0
847800,50.0
847800,51.0
847800,57.0
847800,50.0
847800,51.0
847900,54.0
848000,50.0
848000,52.0
848000,51.0
848000,51.0
848000,49.0
848100,46.0
848200,51.0
848200,53.0
848200,48.0
848200,48.0
848200,49.0
848400,49.0
848400,46.0
848400,49.0
848700,50.0
848800,50.0
848800,50.0
848900,50.0
849000,48.0
849000,49.0
849000,47.0
849200,46.0
849200,49.0
849200,49.0
849200,51.0
849300,52.0
849400,54.0
849400,47.0
849500,49.0
849600,49.0
849600,48.0
849700,48.0
849700,52.0
849700,49.0
849700,51.0
849800,52.0
849800,48.0
849900,49.0
850000,49.0
850100,48.0
850100,49.0
850100,49.0
850200,50.0
850200,48.0
850400,48.0
850400,50.0
850400,48.0
850600,52.0
850600,47.0
850600,49.0
850800,48.0
850800,50.0
850800,48.0
850900,50.0
850900,49.0
850900,48.0
850900,51.0
851000,52.0
851100,47.0
851200,48.0
851300,49.0
851300,52.0
851300,52.0
851300,46.0
851400,47.0
851500,53.0
851500,49.0
851500,52.0
851700,49.0
851700,50.0
851800,44.0
851800,49.0
851800,48.0
851900,47.0
851900,49.0
852100,53.0
852100,49.0
852100,49.0
852100,50.0
852100,49.0
852200,48.0
852200,48.0
852300,50.0
852400,48.0
852500,48.0
852500,51.0
852600,49.0
852700,49.0
852700,47.0
852700,48.0
852800,46.0
852800,48.0
852800,51.0
852900,49.0
852900,49.0
852900,46.0
852900,51.0
853000,50.0
853000,51.0
853000,50.0
853000,49.0
853000,50.0
853100,47.0
853100,49.0
853200,50.0
853200,50.0
853200,48.0
853300,51.0
853300,47.0
853300,49.0
853400,50.0
853500,51.0
853600,46.0
853600,50.0
853700,48.0
853700,51.0
854000,50.0
854100,47.0
854100,47.0
854200,48.0
854200,50.0
854200,50.0
854200,50.0
854300,47.0
854300,52.0
854300,49.0
854400,49.0
854500,46.0
854500,49.0
854600,47.0
854600,48.0
854700,47.0
854800,49.0
854800,50.0
854800,47.0
854800,51.0
854900,46.0
854900,49.0
855000,47.0
855100,47.0
855100,52.0
855100,48.0
855300,51.0
855400,46.0
855400,48.0
855500,51.0
855500,49.0
855700,51.0
855700,47.0
855800,48.0
855800,47.0
855800,48.0
855900,47.0
855900,51.0
856000,49.0
856000,52.0
856200,49.0
856300,52.0
856400,53.0
856400,50.0
856400,45.0
856500,50.0
856600,51.0
856600,49.0
856600,51.0
856700,52.0
856800,52.0
856800,49.0
856800,51.0
856900,52.0
856900,48.0
857000,50.0
857100,51.0
857100,48.0
857200,51.0
857200,49.0
857200,52.0
857200,48.0
857300,49.0
857300,48.0
857300,50.0
857300,50.0
857400,51.0
857500,49.0
857600,47.0
857600,49.0
857600,48.0
857600,49.0
857700,46.0
857700,48.0
857800,47.0
857800,46.0
857900,48.0
857900,47.0
858000,48.0
858000,46.0
858000,50.0
858000,45.0
858000,49.0
858100,52.0
858100,48.0
858100,51.0
858100,49.0
858100,51.0
858200,47.0
858200,48.0
858200,47.0
858300,51.0
858300,49.0
858400,51.0
858500,49.0
858600,49.0
858700,49.0
858700,48.0
858900,50.0
859000,46.0
859100,47.0
859200,48.0
859200,54.0
859300,50.0
859300,49.0
859400,51.0
859400,47.0
859400,48.0
859500,50.0
859500,48.0
859500,53.0
859600,51.0
859600,47.0
859600,51.0
859700,47.0
859800,50.0
859900,48.0
859900,49.0
860100,51.0
860100,48.0
860100,48.0
860200,46.0
860200,49.0
860200,52.0
860300,48.0
860300,55.0
860400,53.0
860500,53.0
860700,47.0
860700,51.0
860700,50.0
860800,48.0
860800,49.0
860800,47.0
860900,52.0
860900,50.0
861000,49.0
861100,51.0
861200,47.0
861200,50.0
861300,51.0
861300,49.0
861500,49.0
861500,49.0
861500,49.0
861600,48.0
861600,49.0
861800,49.0
861800,50.0
861800,48.0
861900,49.0
861900,48.0
862000,52.0
862200,52.0
862200,50.0
862300,50.0
862300,52.0
862300,50.0
862400,49.0
862400,46.0
862400,49.0
862400,46.0
862400,50.0
862500,51.0
862500,51.0
862500,50.0
862500,49.0
862600,52.0
862600,51.0
862700,48.0
862700,47.0
862700,48.0
862700,50.0
862800,46.0
862800,47.0
862800,46.0
862900,48.0
862900,51.0
862900,49.0
863000,48.0
863000,47.0
863000,48.0
863000,46.0
863000,52.0
863100,48.0
863100,49.0
863200,48.0
863200,49.0
863300,50.0
863300,49.0
863300,50.0
863300,47.0
863500,48.0
863500,50.0
863600,47.0
863600,47.0
863600,51.0
863700,49.0
863900,48.0
864000,46.0
864200,49.0
864200,50.0
864300,48.0
864400,48.0
864400,50.0
864400,49.0
864500,48.0
864500,48.0
864600,48.0
864600,50.0
864600,50.0
864700,47.0
864700,48.0
864700,50.0
864800,47.0
864800,50.0
864800,50.0
864900,48.0
865000,46.0
865000,47.0
865000,47.0
865100,47.0
865300,49.0
865300,44.0
865400,47.0
865400,51.0
865500,49.0
865500,46.0
865500,50.0
865500,50.0
865600,47.0
865700,47.0
865900,49.0
865900,49.0
866100,50.0
866100,49.0
866100,50.0
866200,45.0
866200,48.0
866200,49.0
866300,46.0
866300,49.0
866300,48.0
866400,49.0
866400,47.0
866400,46.0
866500,47.0
866700,47.0
866800,48.0
866900,48.0
867100,49.0
867100,51.0
867100,50.0
867100,46.0
867200,48.0
867300,48.0
867300,47.0
867400,48.0
867400,48.0
867500,51.0
867500,48.0
867500,49.0
867500,46.0
867600,48.0
867600,49.0
867600,49.0
867600,46.0
867600,50.0
867600,47.0
867700,48.0
867700,52.0
867700,46.0
867700,45.0
867700,50.0
867800,48.0
867800,50.0
867900,46.0
868000,51.0
868000,48.0
868100,49.0
868100,49.0
868100,46.0
868100,51.0
868100,47.0
868100,50.0
868200,48.0
868200,51.0
868300,48.0
868400,49.0
868400,49.0
868400,52.0
868500,47.0
868500,52.0
868600,47.0
868700,50.0
868700,49.0
868900,51.0
868900,52.0
869000,49.0
869200,48.0
869400,52.0
869400,49.0
869500,51.0
869500,49.0
869600,50.0
869700,51.0
869700,50.0
869700,50.0
870000,51.0
870000,50.0
870100,52.0
870100,51.0
870100,53.0
870100,53.0
870100,53.0
870100,49.0
870100,50.0
870100,52.0
870200,46.0
870200,50.0
870200,49.0
870400,49.0
870400,54.0
870400,52.0
870400,48.0
870400,47.0
870600,47.0
870700,50.0
870800,53.0
870800,50.0
870800,51.0
870900,52.0
871100,50.0
871200,49.0
871200,49.0
871300,48.0
871300,50.0
871300,47.0
871300,52.0
871400,49.0
871400,49.0
871500,51.0
871500,51.0
871500,51.0
871600,50.0
871700,46.0
871700,50.0
871700,51.0
871700,47.0
871900,50.0
872000,47.0
872100,48.0
872300,50.0
872300,47.0
872300,50.0
872400,46.0
872400,49.0
872400,46.0
872400,50.0
872500,49.0
872500,46.0
872500,48.0
872500,46.0
872500,50.0
872500,48.0
872700,47.0
872700,46.0
872700,48.0
872700,48.0
872700,49.0
872800,50.0
872800,46.0
872900,45.0
872900,52.0
872900,50.0
873000,50.0
873000,52.0
873000,46.0
873000,53.0
873000,47.0
873100,53.0
873100,49.0
873200,49.0
873200,49.0
873300,50.0
873400,46.0
873400,51.0
873400,48.0
873400,51.0
873500,50.0
873500,44.0
873500,48.0
873600,47.0
873600,50.0
873600,49.0
873600,50.0
873800,46.0
873800,49.0
873900,45.0
874000,49.0
874300,46.0
874300,45.0
874300,47.0
874600,49.0
874700,48.0
874700,48.0
874700,44.0
874800,44.0
874800,45.0
874800,52.0
874800,46.0
874900,46.0
875000,46.0
875000,47.0
875000,51.0
875000,46.0
875000,47.0
875100,48.0
875100,48.0
875100,48.0
875100,45.0
875200,46.0
875200,50.0
875300,47.0
875400,46.0
875400,48.0
875500,49.0
875500,45.0
875700,48.0
875800,47.0
875800,48.0
875900,49.0
876000,47.0
876000,45.0
876100,47.0
876100,46.0
876100,45.0
876100,44.0
876200,45.0
876200,48.0
876200,47.0
876300,46.0
876500,46.0
876500,49.0
876500,46.0
876600,51.0
876600,47.0
876600,47.0
876700,49.0
876800,47.0
876800,43.0
877000,48.0
877000,44.0
877100,45.0
877200,46.0
877200,49.0
877300,47.0
877300,48.0
877300,46.0
877400,49.0
877400,47.0
877500,48.0
877500,45.0
877600,47.0
877600,49.0
877600,47.0
877700,50.0
877700,48.0
877700,48.0
877800,49.0
877800,51.0
877800,45.0
877800,47.0
877900,49.0
877900,47.0
878000,49.0
878000,49.0
878000,48.0
878100,49.0
878100,47.0
878100,49.0
878100,47.0
878200,50.0
878200,46.0
878400,49.0
878400,48.0
878500,49.0
878500,48.0
878500,49.0
878500,48.0
878500,47.0
878600,46.0
878600,48.0
878600,45.0
878600,49.0
878600,48.0
878600,46.0
878700,54.0
878900,47.0
878900,51.0
879100,46.0
879300,48.0
879600,47.0
879600,48.0
879600,47.0
879600,51.0
879700,47.0
879700,45.0
879700,47.0
879800,48.0
879800,48.0
879800,46.0
879900,46.0
879900,47.0
880000,47.0
880000,51.0
880100,50.0
880100,49.0
880200,49.0
880200,48.0
880200,50.0
880300,50.0
880300,47.0
880300,48.0
880400,47.0
880400,47.0
880600,52.0
880600,47.0
880700,47.0
880700,47.0
880800,45.0
880800,45.0
880900,53.0
880900,47.0
881100,50.0
881100,47.0
881100,48.0
881200,50.0
881200,48.0
881300,50.0
881400,47.0
881500,48.0
881500,51.0
881500,50.0
881600,48.0
881600,48.0
881600,47.0
881600,48.0
881700,50.0
881800,48.0
881800,48.0
882000,47.0
882100,49.0
882100,47.0
882200,46.0
882200,48.0
882300,43.0
882300,48.0
882300,51.0
882300,48.0
882400,48.0
882400,49.0
882400,44.0
882600,49.0
882600,49.0
882600,48.0
882600,45.0
882700,49.0
882700,44.0
882800,50.0
882900,49.0
882900,47.0
882900,50.0
882900,50.0
882900,48.0
883000,51.0
883000,46.0
883000,47.0
883000,47.0
883100,47.0
883100,51.0
883200,50.0
883400,52.0
883400,48.0
883400,47.0
883400,47.0
883400,48.0
883600,47.0
883600,49.0
883600,49.0
883600,48.0
883700,49.0
883700,54.0
883800,51.0
883800,47.0
883900,51.0
883900,51.0
883900,46.0
883900,51.0
884000,52.0
884000,49.0
884100,46.0
884500,47.0
884600,47.0
884700,48.0
884700,49.0
884700,48.0
884800,48.0
884800,50.0
884800,50.0
884900,49.0
884900,48.0
884900,48.0
885000,50.0
885200,49.0
885200,48.0
885200,47.0
885200,48.0
885300,49.0
885300,50.0
885400,52.0
885400,48.0
885400,49.0
885400,49.0
885500,53.0
885600,48.0
885600,50.0
885700,47.0
885800,48.0
885800,50.0
885900,50.0
885900,50.0
886000,49.0
886100,48.0
886300,49.0
886400,47.0
886500,54.0
886500,52.0
886600,53.0
886600,52.0
886600,51.0
886700,47.0
886800,50.0
886800,49.0
886800,51.0
886800,50.0
886800,52.0
886800,50.0
886900,52.0
886900,51.0
887000,50.0
887000,45.0
887200,49.0
887300,48.0
887300,49.0
887300,51.0
887300,50.0
887400,49.0
887400,49.0
887400,48.0
887500,51.0
887600,50.0
887700,46.0
887700,51.0
887800,47.0
887800,50.0
887800,48.0
887800,50.0
887800,50.0
887900,50.0
888000,48.0
888000,51.0
888000,52.0
888100,49.0
888100,50.0
888100,45.0
888100,50.0
888200,51.0
888300,51.0
888400,50.0
888400,52.0
888400,48.0
888400,51.0
888500,52.0
888600,50.0
888600,45.0
888700,51.0
888700,49.0
888800,50.0
888800,50.0
888900,51.0
889000,50.0
889000,54.0
889000,51.0
889100,52.0
889100,49.0
889100,49.0
889200,51.0
889200,51.0
889300,52.0
889400,51.0
889600,56.0
889700,47.0
889800,49.0
889800,48.0
889900,48.0
889900,51.0
890000,49.0
890000,51.0
890100,50.0
890100,45.0
890200,55.0
890300,53.0
890300,48.0
890400,50.0
890400,55.0
890500,51.0
890500,50.0
890500,53.0
890500,51.0
890600,50.0
890700,49.0
890700,53.0
890700,49.0
890800,49.0
890800,51.0
890900,53.0
890900,53.0
890900,48.0
891000,50.0
891000,49.0
891100,51.0
891100,49.0
891200,49.0
891500,48.0
891500,47.0
891700,52.0
891800,49.0
891800,50.0
891800,52.0
891900,49.0
891900,48.0
891900,52.0
891900,49.0
892000,50.0
892100,49.0
892100,53.0
892100,51.0
892200,51.0
892200,52.0
892200,47.0
892300,48.0
892300,53.0
892500,49.0
892500,50.0
892600,52.0
892600,50.0
892600,49.0
892700,55.0
892800,49.0
892800,52.0
892900,47.0
892900,54.0
892900,51.0
892900,49.0
893000,47.0
893000,49.0
893000,51.0
893000,50.0
893000,50.0
893100,48.0
893200,49.0
893300,51.0
893300,53.0
893400,48.0
893400,54.0
893400,48.0
893500,49.0
893500,47.0
893500,51.0
893500,53.0
893500,49.0
893500,48.0
893600,53.0
893700,52.0
893800,50.0
893800,46.0
894000,50.0
894000,51.0
894100,52.0
894200,49.0
894300,52.0
894400,51.0
894500,51.0
894500,49.0
894500,52.0
894500,53.0
894600,52.0
894600,48.0
894700,55.0
894700,52.0
894700,57.0
894800,47.0
894900,49.0
895000,49.0
895100,49.0
895100,52.0
895200,49.0
895200,50.0
895300,49.0
895300,53.0
895500,50.0
895500,48.0
895600,50.0
895600,51.0
895600,53.0
895700,48.0
895700,50.0
895800,47.0
895800,51.0
895800,51.0
895800,50.0
895900,50.0
895900,46.0
896000,54.0
896100,50.0
896100,51.0
896100,48.0
896100,50.0
896200,53.0
896200,52.0
896200,50.0
896500,46.0
896600,46.0
896600,52.0
896600,49.0
896700,55.0
896800,48.0
896900,52.0
896900,49.0
897000,49.0
897100,48.0
897100,47.0
897200,51.0
897300,51.0
897300,50.0
897400,50.0
897400,47.0
897400,53.0
897400,53.0
897500,50.0
897500,51.0
897500,52.0
897600,49.0
897600,47.0
897600,51.0
897700,47.0
897700,47.0
897700,46.0
897700,49.0
897900,48.0
897900,48.0
897900,51.0
897900,51.0
897900,47.0
898000,47.0
898000,48.0
898100,50.0
898100,49.0
898200,48.0
898200,50.0
898200,50.0
898300,48.0
898300,46.0
898400,47.0
898400,48.0
898500,48.0
898600,48.0
898600,49.0
898600,46.0
898600,49.0
898600,50.0
898700,52.0
898800,48.0
898800,51.0
898900,50.0
898900,53.0
898900,47.0
898900,47.0
899200,49.0
899200,48.0
899300,48.0
899400,47.0
899600,48.0
899700,49.0
899700,50.0
899700,48.0
899700,51.0
899800,51.0
899900,50.0
899900,52.0
899900,47.0
899900,49.0
900100,46.0
900100,52.0
900100,47.0
900100,48.0
900200,51.0
900300,50.0
900400,47.0
900500,46.0
900500,50.0
900500,51.0
900600,49.0
900700,49.0
900800,48.0
900800,50.0
900900,50.0
900900,48.0
900900,51.0
900900,49.0
900900,49.0
901000,46.0
901100,48.0
901200,49.0
901200,49.0
901200,52.0
901200,50.0
901300,52.0
901400,46.0
901400,46.0
901500,52.0
901500,51.0
901600,52.0
901600,48.0
901700,48.0
901700,50.0
901900,49.0
901900,47.0
902000,46.0
902100,50.0
902100,48.0
902100,48.0
902100,50.0
902300,48.0
902400,48.0
902400,47.0
902400,48.0
902400,49.0
902400,46.0
902500,46.0
902500,49.0
902500,48.0
902500,49.0
902500,48.0
902700,49.0
902700,49.0
902700,48.0
902700,46.0
902700,48.0
902800,47.0
902900,48.0
902900,48.0
902900,46.0
903000,48.0
903000,46.0
903100,49.0
903100,52.0
903100,48.0
903200,47.0
903300,49.0
903300,52.0
903400,46.0
903400,48.0
903500,47.0
903600,49.0
903600,51.0
903600,52.0
903600,50.0
903700,47.0
903700,49.0
903700,49.0
903800,48.0
903900,51.0
903900,50.0
903900,48.0
904000,49.0
904000,49.0
904200,48.0
904200,51.0
904300,48.0
904300,47.0
904400,46.0
904500,46.0
904600,52.0
904600,47.0
904600,45.0
904700,48.0
904700,46.0
904800,47.0
904800,49.0
904900,49.0
904900,46.0
904900,48.0
905000,45.0
905200,45.0
905200,49.0
905200,49.0
905200,49.0
905400,48.0
905400,50.0
905500,48.0
905600,46.0
905600,48.0
905600,49.0
905600,47.0
905700,46.0
905800,44.0
905800,46.0
905800,44.0
905900,48.0
905900,49.0
905900,48.0
905900,48.0
905900,45.0
906000,49.0
906100,47.0
906200,49.0
906300,48.0
906300,47.0
906400,47.0
906400,48.0
906400,46.0
906500,48.0
906500,46.0
906600,47.0
906700,44.0
906700,46.0
906800,47.0
906900,51.0
906900,46.0
907100,48.0
907100,46.0
907100,48.0
907200,45.0
907200,45.0
907200,50.0
907300,47.0
907300,47.0
907300,47.0
907400,48.0
907500,46.0
907500,48.0
907500,49.0
907600,46.0
907600,49.0
907600,47.0
907700,50.0
907700,48.0
907800,47.0
907800,49.0
907800,47.0
907800,47.0
907900,50.0
908000,47.0
908000,45.0
908000,48.0
908100,49.0
908100,46.0
908100,47.0
908100,48.0
908200,49.0
908200,44.0
908300,44.0
908400,47.0
908400,48.0
908400,48.0
908500,47.0
908600,45.0
908700,49.0
908800,49.0
908800,49.0
908800,47.0
908800,46.0
908900,48.0
908900,47.0
908900,51.0
908900,44.0
909000,45.0
909200,52.0
909300,49.0
909300,46.0
909300,49.0
909400,45.0
909500,49.0
909500,47.0
909500,47.0
909600,46.0
909700,49.0
909700,48.0
909700,47.0
909800,47.0
910000,49.0
910000,49.0
910200,48.0
910200,50.0
910300,49.0
910300,47.0
910300,46.0
910300,49.0
910400,48.0
910400,50.0
910500,47.0
910500,45.0
910500,47.0
910600,47.0
910700,49.0
910800,47.0
910800,48.0
910900,48.0
910900,48.0
911000,50.0
911000,52.0
911000,49.0
911000,49.0
911000,48.0
911000,46.0
911200,45.0
911200,49.0
911300,48.0
911300,48.0
911500,49.0
911500,49.0
911500,44.0
911600,43.0
911700,48.0
911700,49.0
911700,47.0
911800,51.0
911800,52.0
911800,45.0
911900,45.0
911900,45.0
912000,49.0
912100,46.0
912100,46.0
912100,47.0
912200,45.0
912200,46.0
912200,49.0
912200,47.0
912200,53.0
912400,46.0
912500,46.0
912600,49.0
912600,46.0
912700,50.0
912700,49.0
912700,46.0
912700,47.0
912700,49.0
912800,46.0
912800,49.0
912900,44.0
912900,49.0
912900,45.0
912900,46.0
913000,48.0
913000,43.0
913100,49.0
913100,48.0
913100,51.0
913100,45.0
913200,49.0
913200,48.0
913300,43.0
913300,50.0
913300,43.0
913400,48.0
913400,48.0
913500,47.0
913600,46.0
913600,45.0
913600,45.0
913700,48.0
913800,48.0
913900,47.0
913900,48.0
913900,48.0
914000,46.0
914100,44.0
914200,47.0
914300,48.0
914400,48.0
914400,47.0
914400,49.0
914500,46.0
914600,48.0
914700,48.0
914700,47.0
914700,50.0
914800,49.0
914800,46.0
914900,47.0
915000,45.0
915000,46.0
915200,47.0
915200,45.0
915300,48.0
915300,49.0
915300,47.0
915400,46.0
915400,47.0
915400,49.0
915500,45.0
915500,48.0
915600,46.0
915600,45.0
915600,50.0
915700,46.0
915700,48.0
915700,45.0
915800,46.0
915800,46.0
915800,46.0
916000,48.0
916100,47.0
916100,44.0
916200,50.0
916200,45.0
916300,49.0
916400,49.0
916400,45.0
916400,44.0
916500,48.0
916600,47.0
916600,48.0
916600,46.0
916600,45.0
916600,51.0
916700,46.0
916700,48.0
916700,47.0
916800,45.0
916900,45.0
917000,48.0
917100,48.0
917100,47.0
917200,49.0
917200,46.0
917300,49.0
917400,50.0
917400,50.0
917500,46.0
917500,47.0
917600,48.0
917600,45.0
917700,48.0
917700,46.0
917700,50.0
917800,48.0
917800,49.0
917800,49.0
917800,46.0
917800,49.0
917900,49.0
918000,47.0
918000,48.0
918000,47.0
918100,50.0
918100,48.0
918100,50.0
918100,47.0
918200,47.0
918200,46.0
918200,49.0
918300,49.0
918400,49.0
918400,49.0
918400,48.0
918400,46.0
918600,47.0
918800,48.0
918800,51.0
918800,50.0
918800,47.0
918900,46.0
918900,51.0
919000,49.0
919200,50.0
919300,49.0
919300,52.0
919500,49.0
919600,46.0
919600,48.0
919600,51.0
919800,51.0
919800,52.0
919800,49.0
919900,53.0
919900,50.0
919900,48.0
919900,50.0
920100,51.0
920100,49.0
920200,50.0
920200,47.0
920300,48.0
920300,49.0
920300,45.0
920400,50.0
920500,50.0
920500,48.0
920500,48.0
920600,47.0
920600,50.0
920700,49.0
920700,51.0
920700,51.0
920700,49.0
921000,50.0
921000,46.0
921000,47.0
921000,51.0
921100,52.0
921100,51.0
921200,52.0
921200,48.0
921300,50.0
921300,47.0
921400,48.0
921400,49.0
921500,47.0
921600,50.0
921600,48.0
921600,54.0
921700,49.0
921700,49.0
921800,49.0
921800,49.0
921800,49.0
921800,51.0
921900,51.0
922000,50.0
922000,46.0
922100,50.0
922100,46.0
922200,49.0
922300,50.0
922300,51.0
922300,49.0
922500,48.0
922600,50.0
922600,50.0
922700,49.0
922800,49.0
922800,46.0
922800,51.0
922800,50.0
922900,49.0
922900,49.0
922900,45.0
923000,51.0
923000,47.0
923000,51.0
923000,47.0
923000,50.0
923100,50.0
923100,49.0
923100,51.0
923200,47.0
923200,52.0
923200,50.0
923200,48.0
923300,50.0
923300,47.0
923400,50.0
923400,48.0
923500,45.0
923500,49.0
923500,45.0
923500,49.0
923700,47.0
923800,55.0
923900,48.0
923900,48.0
924000,46.0
924000,50.0
924100,49.0
924100,46.0
924100,53.0
924300,48.0
924500,47.0
924500,47.0
924500,48.0
924800,47.0
924900,49.0
924900,51.0
924900,48.0
925100,47.0
925100,47.0
925100,50.0
925200,52.0
925200,49.0
925200,52.0
925300,46.0
925300,50.0
925300,44.0
925400,53.0
925500,46.0
925500,47.0
925500,48.0
925600,48.0
925600,51.0
925600,51.0
925700,50.0
925700,48.0
925700,48.0
925700,52.0
925900,53.0
925900,47.0
926000,48.0
926200,45.0
926200,49.0
926200,50.0
926200,48.0
926300,50.0
926300,47.0
926300,51.0
926400,49.0
926400,46.0
926400,50.0
926500,45.0
926500,50.0
926600,47.0
926700,47.0
926700,48.0
926800,50.0
926800,52.0
926800,48.0
926800,50.0
927000,47.0
927100,49.0
927100,49.0
927100,51.0
927200,51.0
927300,48.0
927400,49.0
927400,51.0
927500,50.0
927500,51.0
927500,45.0
927600,49.0
927600,48.0
927700,49.0
927800,46.0
927800,48.0
927800,49.0
927800,45.0
927800,47.0
927900,48.0
927900,47.0
928000,49.0
928000,48.0
928000,48.0
928000,45.0
928100,47.0
928100,47.0
928100,51.0
928200,52.0
928200,50.0
928200,49.0
928300,47.0
928300,49.0
928300,46.0
928300,48.0
928400,47.0
928400,48.0
928400,51.0
928400,50.0
928500,45.0
928600,43.0
928600,45.0
928800,51.0
928800,51.0
928900,46.0
929000,48.0
929000,49.0
929000,51.0
929200,49.0
929200,50.0
929200,45.0
929400,49.0
929500,48.0
929800,51.0
929800,48.0
929800,47.0
929900,46.0
929900,48.0
930000,47.0
930000,47.0
930100,45.0
930200,51.0
930200,48.0
930200,48.0
930300,49.0
930400,49.0
930400,46.0
930500,50.0
930500,47.0
930500,50.0
930500,48.0
930600,49.0
930600,47.0
930700,49.0
930800,51.0
930800,49.0
930900,48.0
930900,50.0
931000,49.0
931000,51.0
931100,47.0
931200,48.0
931200,48.0
931300,47.0
931400,52.0
931400,49.0
931400,49.0
931400,50.0
931500,49.0
931600,51.0
931600,47.0
931700,50.0
931700,50.0
931700,51.0
931700,47.0
931900,50.0
931900,49.0
932000,52.0
932000,46.0
932100,48.0
932200,49.0
932300,53.0
932300,53.0
932300,51.0
932600,48.0
932700,51.0
932800,53.0
933000,53.0
933000,53.0
933100,52.0
933100,49.0
933100,50.0
933100,51.0
933200,52.0
933200,52.0
933200,51.0
933200,52.0
933300,49.0
933300,51.0
933300,48.0
933300,50.0
933300,53.0
933400,49.0
933400,61.0
933500,58.0
933600,51.0
933600,60.0
933700,55.0
933700,55.0
933800,52.0
933800,53.0
933800,50.0
933800,55.0
933900,53.0
934000,57.0
934100,55.0
934200,56.0
934200,54.0
934300,65.0
934400,52.0
934400,54.0
934400,52.0
934500,61.0
934500,58.0
934500,53.0
934700,51.0
934800,54.0
934800,57.0
934900,59.0
935000,56.0
935100,67.0
935200,55.0
935300,53.0
935400,52.0
935400,54.0
935500,55.0
935500,52.0
935500,51.0
935500,53.0
935600,62.0
935700,53.0
935700,50.0
935700,50.0
935800,52.0
935800,52.0
935900,55.0
935900,58.0
935900,54.0
935900,58.0
936000,49.0
936000,53.0
936000,50.0
936100,49.0
936100,53.0
936300,52.0
936300,53.0
936300,46.0
936300,56.0
936300,55.0
936400,50.0
936500,53.0
936500,50.0
936600,52.0
936700,48.0
936700,51.0
936700,51.0
936800,59.0
936800,47.0
936800,52.0
936900,53.0
936900,51.0
936900,47.0
936900,50.0
937000,52.0
937000,57.0
937100,50.0
937100,52.0
937300,51.0
937400,49.0
937400,55.0
937600,51.0
937600,53.0
937600,51.0
937800,54.0
937800,49.0
937900,51.0
937900,46.0
938100,48.0
938100,49.0
938100,48.0
938100,47.0
938100,49.0
938200,52.0
938200,47.0
938300,45.0
938300,48.0
938300,48.0
938300,48.0
938300,49.0
938300,50.0
938300,47.0
938400,49.0
938400,50.0
938400,50.0
938400,48.0
938500,48.0
938500,45.0
938500,47.0
938600,46.0
938600,47.0
938800,46.0
939000,41.0
939000,50.0
939100,45.0
939100,48.0
939100,45.0
939200,53.0
939200,51.0
939300,53.0
939300,49.0
939400,44.0
939400,47.0
939500,45.0
939500,49.0
939500,50.0
939600,49.0
939700,53.0
939800,46.0
939900,46.0
940000,46.0
940000,53.0
940100,45.0
940200,51.0
940300,48.0
940400,48.0
940400,47.0
940500,48.0
940600,49.0
940600,45.0
940600,46.0
940700,45.0
940700,46.0
940700,46.0
940700,49.0
940700,50.0
940800,49.0
940800,46.0
940900,50.0
940900,50.0
941000,50.0
941000,45.0
941000,47.0
941100,48.0
941100,49.0
941300,48.0
941300,48.0
941400,48.0
941400,53.0
941500,48.0
941600,51.0
941600,49.0
941600,47.0
941600,46.0
941600,47.0
941600,51.0
941700,49.0
941700,46.0
941700,47.0
941800,47.0
941900,49.0
941900,48.0
942000,49.0
942100,48.0
942100,52.0
942100,49.0
942200,47.0
942200,50.0
942300,50.0
942400,48.0
942400,48.0
942800,50.0
942800,48.0
942800,50.0
942800,48.0
942900,48.0
942900,51.0
943000,45.0
943000,45.0
943000,46.0
943100,47.0
943100,48.0
943200,49.0
943200,51.0
943200,49.0
943200,47.0
943200,49.0
943200,49.0
943400,47.0
943400,48.0
943400,49.0
943400,47.0
943400,49.0
943400,48.0
943500,49.0
943500,50.0
943600,50.0
943600,51.0
943600,48.0
943800,51.0
944000,46.0
944000,52.0
944100,51.0
944100,49.0
944100,48.0
944200,49.0
944300,51.0
944300,50.0
944400,50.0
944400,47.0
944400,49.0
944600,49.0
944600,50.0
944700,50.0
944700,49.0
944700,52.0
944800,52.0
944900,48.0
944900,50.0
945000,44.0
945000,50.0
945000,46.0
945100,49.0
945100,46.0
945100,49.0
945200,49.0
945400,46.0
945500,48.0
945500,47.0
945500,49.0
945600,47.0
945600,47.0
945600,47.0
945600,47.0
945700,47.0
945800,49.0
945800,50.0
945800,48.0
945900,47.0
945900,47.0
945900,48.0
945900,48.0
946100,48.0
946200,47.0
946200,50.0
946300,45.0
946300,48.0
946300,44.0
946400,48.0
946400,46.0
946400,45.0
946400,51.0
946500,47.0
946600,48.0
946700,44.0
946700,51.0
946800,45.0
946800,50.0
946800,43.0
946900,49.0
946900,52.0
946900,50.0
946900,51.0
946900,48.0
947000,49.0
947100,49.0
947200,49.0
947200,48.0
947200,48.0
947400,48.0
947500,49.0
947600,46.0
947700,47.0
947800,45.0
947900,49.0
947900,48.0
948000,46.0
948000,50.0
948100,47.0
948100,48.0
948100,45.0
948100,49.0
948100,49.0
948200,45.0
948200,51.0
948200,50.0
948300,49.0
948300,45.0
948300,49.0
948400,50.0
948400,48.0
948400,48.0
948500,51.0
948500,48.0
948500,49.0
948600,50.0
948600,48.0
948600,48.0
948700,47.0
948700,45.0
948700,43.0
948800,52.0
948900,44.0
949100,48.0
949100,48.0
949200,49.0
949200,46.0
949300,47.0
949300,44.0
949400,46.0
949400,52.0
949400,49.0
949500,45.0
949500,47.0
949500,41.0
949500,49.0
949800,47.0
949800,49.0
949800,45.0
950100,48.0
950100,49.0
950100,50.0
950100,52.0
950100,41.0
950200,50.0
950300,51.0
950400,51.0
950400,47.0
950500,47.0
950500,46.0
950500,48.0
950600,48.0
950600,46.0
950600,48.0
950700,47.0
950700,49.0
950700,50.0
950700,46.0
950700,51.0
950900,44.0
950900,48.0
951000,49.0
951000,46.0
951100,46.0
951100,50.0
951200,45.0
951200,48.0
951200,47.0
951200,43.0
951300,50.0
951300,47.0
951300,47.0
951500,44.0
951500,45.0
951600,45.0
951600,50.0
951700,46.0
951700,48.0
951700,51.0
951700,45.0
951800,48.0
951900,48.0
951900,45.0
951900,45.0
951900,51.0
952100,50.0
952100,44.0
952300,49.0
952400,51.0
952400,54.0
952500,49.0
952700,49.0
952800,49.0
952800,45.0
952800,48.0
952800,46.0
952900,46.0
952900,46.0
952900,46.0
952900,48.0
952900,48.0
953000,44.0
953000,46.0
953000,47.0
953100,49.0
953100,47.0
953300,45.0
953300,46.0
953300,46.0
953300,47.0
953300,49.0
953300,48.0
953300,47.0
953400,45.0
953400,47.0
953400,49.0
953600,45.0
953600,51.0
953700,48.0
953700,49.0
953700,49.0
953800,42.0
954000,50.0
954000,51.0
954200,49.0
954200,48.0
954300,48.0
954300,49.0
954500,48.0
954600,49.0
954600,51.0
954600,50.0
954600,53.0
954700,50.0
954800,51.0
954900,49.0
955000,54.0
955000,47.0
955200,46.0
955200,45.0
955200,47.0
955200,48.0
955200,52.0
955300,47.0
955400,51.0
955400,46.0
955400,45.0
955400,54.0
955500,52.0
955500,52.0
955500,48.0
955600,47.0
955600,45.0
955700,49.0
955800,46.0
955800,50.0
955800,55.0
955800,49.0
955900,50.0
955900,52.0
956000,51.0
956100,48.0
956100,50.0
956200,43.0
956200,49.0
956200,48.0
956200,50.0
956200,47.0
956300,45.0
956300,48.0
956300,44.0
956300,46.0
956300,48.0
956400,50.0
956500,51.0
956600,49.0
956600,52.0
956600,45.0
956600,45.0
956700,49.0
956700,46.0
956900,50.0
956900,50.0
957000,47.0
957000,50.0
957100,50.0
957100,45.0
957300,43.0
957400,42.0
957500,50.0
957600,45.0
957700,51.0
957700,47.0
957700,54.0
957700,50.0
957800,46.0
957800,49.0
957900,48.0
957900,44.0
957900,49.0
957900,48.0
958000,44.0
958000,49.0
958100,48.0
958100,46.0
958100,50.0
958100,46.0
958100,48.0
958200,43.0
958200,47.0
958200,52.0
958200,47.0
958300,44.0
958300,47.0
958300,47.0
958400,46.0
958400,44.0
958400,49.0
958500,50.0
958500,53.0
958800,49.0
958900,51.0
958900,47.0
959200,48.0
959300,45.0
959400,45.0
959500,48.0
959500,50.0
959600,52.0
959600,42.0
959600,54.0
959700,49.0
959700,45.0
959700,49.0
959800,50.0
959800,47.0
959800,53.0
959900,45.0
960000,48.0
960100,46.0
960200,44.0
960300,53.0
960300,47.0
960400,47.0
960400,48.0
960400,50.0
960500,51.0
960600,49.0
960600,46.0
960600,42.0
960700,53.0
960700,47.0
960700,47.0
960700,51.0
960800,47.0
960800,49.0
960900,49.0
960900,53.0
960900,51.0
960900,47.0
960900,46.0
961100,48.0
961100,50.0
961100,46.0
961100,54.0
961100,46.0
961200,48.0
961300,49.0
961500,50.0
961600,51.0
961600,50.0
961600,52.0
961600,48.0
961700,50.0
961700,53.0
961800,50.0
961800,46.0
961800,49.0
961900,54.0
961900,47.0
961900,51.0
962000,49.0
962000,47.0
962000,52.0
962100,44.0
962100,45.0
962100,50.0
962200,53.0
962200,49.0
962300,48.0
962400,45.0
962400,45.0
962600,46.0
962800,47.0
962800,49.0
962800,47.0
962900,51.0
962900,47.0
963000,49.0
963100,50.0
963100,45.0
963100,52.0
963100,49.0
963100,48.0
963200,47.0
963200,48.0
963200,49.0
963200,49.0
963400,47.0
963400,50.0
963500,50.0
963500,49.0
963500,52.0
963500,49.0
963700,54.0
963700,53.0
963700,53.0
963800,58.0
963800,47.0
963900,52.0
964000,55.0
964300,52.0
964300,53.0
964500,47.0
964500,48.0
964600,52.0
964700,50.0
964900,53.0
964900,51.0
964900,50.0
964900,51.0
965000,51.0
965000,48.0
965000,51.0
965000,55.0
965000,47.0
965100,51.0
965100,50.0
965300,53.0
965300,47.0
965400,54.0
965400,49.0
965400,45.0
965400,48.0
965500,50.0
965500,49.0
965500,51.0
965600,48.0
965600,48.0
965700,50.0
965800,47.0
965800,47.0
965900,50.0
965900,46.0
966000,52.0
966000,51.0
966000,50.0
966100,48.0
966200,51.0
966200,51.0
966200,51.0
966200,49.0
966300,50.0
966300,46.0
966300,54.0
966300,45.0
966400,51.0
966400,46.0
966400,46.0
966500,55.0
966600,52.0
966700,52.0
966800,48.0
966800,49.0
966900,47.0
966900,48.0
967000,48.0
967000,51.0
967000,47.0
967200,52.0
967200,51.0
967300,49.0
967300,55.0
967300,53.0
967300,47.0
967400,51.0
967400,44.0
967500,53.0
967500,51.0
967500,50.0
967600,53.0
967600,43.0
967700,51.0
967800,48.0
967800,57.0
967800,46.0
967900,48.0
967900,51.0
968000,50.0
968100,48.0
968200,45.0
968200,49.0
968200,48.0
968200,48.0
968300,49.0
968300,52.0
968400,45.0
968400,51.0
968400,47.0
968500,51.0
968600,49.0
968600,50.0
968600,53.0
968700,48.0
968800,49.0
968800,51.0
969000,45.0
969000,50.0
969100,49.0
969200,45.0
969200,56.0
969500,54.0
969500,50.0
969600,56.0
969700,49.0
969700,46.0
969700,46.0
969700,50.0
969900,50.0
969900,47.0
970000,48.0
970000,49.0
970100,48.0
970200,50.0
970200,50.0
970400,48.0
970400,53.0
970500,53.0
970500,48.0
970500,50.0
970600,53.0
970600,51.0
970600,49.0
970600,50.0
970800,49.0
970800,52.0
970800,52.0
970900,49.0
971000,45.0
971000,45.0
971100,51.0
971100,48.0
971100,49.0
971100,53.0
971100,53.0
971200,51.0
971200,51.0
971300,56.0
971300,48.0
971400,52.0
971400,48.0
971400,48.0
971500,51.0
971600,52.0
971600,48.0
971600,52.0
971600,52.0
971700,55.0
971800,49.0
971800,52.0
971800,48.0
971900,43.0
972000,53.0
972000,55.0
972000,48.0
972100,50.0
972100,51.0
972100,50.0
972300,51.0
972300,51.0
972400,50.0
972400,50.0
972600,49.0
972600,51.0
972600,50.0
972600,51.0
972700,50.0
972700,49.0
972800,53.0
972900,52.0
972900,50.0
972900,51.0
973100,51.0
973100,56.0
973100,47.0
973100,46.0
973200,51.0
973300,53.0
973300,52.0
973400,47.0
973500,51.0
973500,52.0
973500,47.0
973500,51.0
973600,48.0
973600,50.0
973600,50.0
973600,50.0
973700,52.0
973700,55.0
973800,54.0
973800,50.0
973800,46.0
973900,59.0
974000,50.0
974300,53.0
974500,51.0
974600,57.0
974600,49.0
974700,49.0
974800,56.0
974800,45.0
974800,49.0
974800,51.0
974900,56.0
974900,55.0
974900,48.0
975100,52.0
975100,52.0
975100,50.0
975200,50.0
975200,50.0
975300,49.0
975300,47.0
975500,47.0
975600,49.0
975700,49.0
975700,58.0
975800,51.0
975900,55.0
975900,47.0
976000,53.0
976000,50.0
976100,55.0
976100,48.0
976100,49.0
976100,48.0
976100,51.0
976200,54.0
976200,46.0
976200,48.0
976300,47.0
976400,54.0
976500,50.0
976500,57.0
976500,51.0
976500,47.0
976600,53.0
976600,50.0
976600,48.0
976600,53.0
976600,48.0
976700,50.0
976700,47.0
976700,54.0
976900,48.0
976900,58.0
976900,54.0
977000,48.0
977100,52.0
977100,51.0
977100,48.0
977200,47.0
977300,55.0
977400,54.0
977400,46.0
977400,51.0
977400,52.0
977700,52.0
977700,54.0
977700,49.0
977700,51.0
977700,46.0
977800,50.0
977900,49.0
977900,57.0
978000,52.0
978000,49.0
978300,48.0
978300,50.0
978300,57.0
978300,52.0
978400,51.0
978400,50.0
978400,49.0
978600,57.0
978600,53.0
978600,57.0
978700,50.0
978700,54.0
978700,51.0
978800,51.0
978800,48.0
978800,51.0
978900,51.0
979000,53.0
979000,52.0
979100,49.0
979100,51.0
979100,52.0
979100,53.0
979100,53.0
979200,53.0
979400,53.0
979400,54.0
979400,46.0
979600,51.0
979600,48.0
979600,45.0
979600,46.0
979800,48.0
979900,45.0
979900,50.0
979900,49.0
980000,50.0
980200,51.0
980200,43.0
980400,53.0
980400,51.0
980400,50.0
980400,51.0
980600,51.0
980600,51.0
980600,53.0
980700,60.0
980800,49.0
980900,48.0
981000,52.0
981000,46.0
981000,53.0
981100,48.0
981100,47.0
981200,52.0
981200,49.0
981300,45.0
981400,51.0
981600,54.0
981600,49.0
981600,49.0
981600,55.0
981600,45.0
981700,54.0
981700,49.0
981700,55.0
981700,46.0
981800,50.0
981800,50.0
981800,52.0
981800,50.0
981900,55.0
981900,54.0
981900,50.0
981900,50.0
982000,57.0
982000,53.0
982100,48.0
982100,45.0
982100,54.0
982300,47.0
982400,51.0
982400,55.0
982400,50.0
982500,49.0
982600,47.0
982700,52.0
982800,55.0
982900,50.0
982900,53.0
982900,57.0
983000,50.0
983000,51.0
983000,49.0
983100,52.0
983200,53.0
983300,51.0
983300,62.0
983400,45.0
983500,47.0
983500,50.0
983500,53.0
983600,55.0
983600,47.0
983700,51.0
983700,52.0
983800,48.0
983800,52.0
984000,52.0
984000,50.0
984000,55.0
984200,57.0
984200,53.0
984200,54.0
984200,50.0
984300,53.0
984400,51.0
984400,51.0
984500,53.0
984600,53.0
984900,63.0
984900,56.0
984900,53.0
985000,57.0
985000,56.0
985000,52.0
985000,52.0
985200,54.0
985300,57.0
985300,62.0
985400,52.0
985400,53.0
985500,59.0
985500,57.0
985800,57.0
986000,56.0
986000,60.0
986000,54.0
986100,60.0
986200,56.0
986400,58.0
986400,52.0
986500,52.0
986500,52.0
986500,55.0
986700,53.0
986700,55.0
986700,56.0
986700,63.0
986700,58.0
986800,60.0
986900,51.0
986900,63.0
987000,62.0
987000,52.0
987000,51.0
987100,52.0
987100,63.0
987100,51.0
987100,57.0
987100,55.0
987300,55.0
987400,56.0
987500,63.0
987500,56.0
987500,60.0
987700,57.0
987700,56.0
987700,58.0
987700,59.0
987900,53.0
987900,49.0
987900,59.0
988000,54.0
988000,59.0
988100,58.0
988100,61.0
988200,60.0
988200,55.0
988400,61.0
988400,62.0
988600,65.0
988600,57.0
988600,55.0
988600,51.0
988700,59.0
988800,56.0
988900,55.0
988900,64.0
988900,66.0
989000,50.0
989000,59.0
989100,59.0
989200,57.0
989200,56.0
989200,53.0
989300,62.0
989300,72.0
989300,56.0
989300,61.0
989300,67.0
989400,52.0
989500,53.0
989600,59.0
989600,63.0
989700,55.0
989900,55.0
990000,61.0
990100,64.0
990100,57.0
990200,58.0
990200,64.0
990300,63.0
990300,59.0
990400,53.0
990400,58.0
990500,53.0
990600,68.0
990600,54.0
990900,63.0
991000,59.0
991000,63.0
991000,65.0
991000,62.0
991100,59.0
991200,61.0
991300,58.0
991300,59.0
991300,56.0
991300,53.0
991400,52.0
991400,62.0
991500,59.0
991500,58.0
991600,52.0
991600,60.0
991600,54.0
991700,55.0
991800,51.0
991800,49.0
991900,56.0
991900,53.0
992000,54.0
992100,54.0
992100,52.0
992200,53.0
992200,67.0
992300,53.0
992300,51.0
992400,57.0
992500,54.0
992500,56.0
992600,53.0
992600,54.0
992600,54.0
992700,54.0
992800,55.0
992800,51.0
992800,47.0
992900,48.0
992900,60.0
993000,57.0
993100,54.0
993300,54.0
993300,62.0
993300,56.0
993300,57.0
993500,62.0
993500,56.0
993600,61.0
993600,53.0
993600,50.0
993600,53.0
993700,58.0
993700,58.0
993800,56.0
993900,58.0
993900,51.0
993900,51.0
994000,56.0
994100,55.0
994200,58.0
994200,51.0
994200,54.0
994200,54.0
994200,51.0
994400,55.0
994400,50.0
994400,62.0
994700,52.0
994700,54.0
994700,56.0
994800,56.0
994800,54.0
995000,60.0
995000,58.0
995400,60.0
995600,61.0
995700,59.0
995700,62.0
995900,64.0
996100,65.0
996100,64.0
996100,58.0
996200,61.0
996200,67.0
996200,56.0
996300,59.0
996300,65.0
996400,56.0
996400,57.0
996400,65.0
996400,58.0
996600,63.0
996600,54.0
996800,55.0
996900,53.0
996900,54.0
996900,54.0
997000,53.0
997100,66.0
997100,63.0
997200,55.0
997200,67.0
997200,61.0
997300,69.0
997300,53.0
997300,61.0
997300,55.0
997400,55.0
997400,72.0
997500,54.0
997500,60.0
997600,56.0
997600,60.0
997600,58.0
998000,53.0
998100,67.0
998100,69.0
998200,64.0
998200,57.0
998200,57.0
998300,60.0
998300,56.0
998400,60.0
998400,60.0
998500,73.0
998800,73.0
998900,68.0
999000,67.0
999000,68.0
999200,59.0
999200,61.0
999300,50.0
999300,67.0
999300,61.0
999400,64.0
999600,65.0
999600,58.0
999600,68.0
999600,67.0
999600,58.0
999600,68.0
999700,62.0
999700,62.0
999700,62.0
999900,60.0
200,2.0
200,2.0
200,2.0
200,2.0
200,2.0
200,2.0
200,2.0
200,2.0
200,2.0
200,2.0
200,2.0
200,2.0
200,2.0
200,2.0
200,2.0
200,2.0
200,2.0
200,2.0
200,2.0
300,3.0
300,3.0
300,3.0
300,3.0
300,3.0
300,3.0
300,3.0
300,3.0
300,3.0
300,3.0
300,3.0
300,3.0
300,3.0
300,3.0
300,3.0
300,3.0
300,3.0
300,3.0
300,3.0
400,4.0
400,4.0
400,4.0
400,4.0
400,4.0
400,4.0
400,4.0
400,4.0
400,4.0
400,4.0
400,4.0
500,5.0
500,5.0
500,5.0
500,5.0
500,5.0
500,5.0
500,5.0
500,5.0
500,5.0
500,5.0
500,5.0
500,5.0
500,5.0
500,5.0
500,5.0
600,6.0
600,6.0
600,6.0
600,2.0
600,6.0
600,6.0
600,6.0
600,6.0
600,2.0
700,7.0
700,7.0
700,3.0
700,3.0
700,3.0
700,2.0
700,3.0
700,7.0
700,7.0
700,2.0
700,7.0
700,7.0
700,2.0
700,3.0
700,7.0
700,3.0
700,7.0
700,2.0
800,8.0
800,4.0
800,8.0
800,8.0
800,4.0
800,8.0
800,3.0
800,4.0
800,3.0
800,8.0
800,3.0
800,3.0
800,8.0
800,3.0
800,3.0
800,3.0
900,5.0
900,5.0
900,9.0
900,3.0
900,3.0
900,2.0
900,3.0
900,9.0
900,9.0
900,2.0
900,2.0
900,9.0
900,4.0
900,3.0
900,2.0
900,9.0
1000,3.0
1000,3.0
1000,10.0
1000,2.0
1000,3.0
1000,10.0
1000,3.0
1000,10.0
1000,4.0
1000,3.0
1000,10.0
1000,5.0
1000,3.0
1000,2.0
1000,4.0
1100,2.0
1100,6.0
1100,2.0
1100,11.0
1100,6.0
1100,5.0
1100,3.0
1100,11.0
1100,3.0
1100,2.0
1100,3.0
1200,4.0
1200,8.0
1200,7.0
1200,6.0
1200,3.0
1200,3.0
1200,8.0
1200,5.0
1200,2.0
1200,3.0
1200,4.0
1300,2.0
1300,6.0
1300,13.0
1300,3.0
1300,3.0
1300,4.0
1300,2.0
1300,6.0
1300,2.0
1300,9.0
1300,7.0
1300,3.0
1300,5.0
1300,7.0
1300,3.0
1300,8.0
1400,2.0
1400,4.0
1400,4.0
1400,14.0
1400,3.0
1400,5.0
1400,2.0
1400,3.0
1400,3.0
1400,9.0
1400,5.0
1400,3.0
1400,3.0
1400,5.0
1400,2.0
1400,7.0
1400,10.0
1400,4.0
1400,3.0
1400,7.0
1400,2.0
1400,3.0
1500,10.0
1500,5.0
1500,11.0
1500,11.0
1500,2.0
1500,6.0
1500,4.0
1500,6.0
1500,15.0
1500,6.0
1500,7.0
1500,3.0
1500,2.0
1500,5.0
1500,3.0
1500,5.0
1600,2.0
1600,2.0
1600,4.0
1600,6.0
1600,2.0
1600,5.0
1600,7.0
1600,5.0
1600,4.0
1600,4.0
1600,4.0
1600,3.0
1600,5.0
1600,3.0
1600,3.0
1600,4.0
1700,2.0
1700,4.0
1700,5.0
1700,8.0
1700,3.0
1700,4.0
1700,3.0
1700,17.0
1700,2.0
1700,3.0
1700,2.0
1800,2.0
1800,3.0
1800,7.0
1800,4.0
1800,3.0
1800,3.0
1800,2.0
1800,2.0
1800,2.0
1800,2.0
1900,4.0
1900,4.0
1900,3.0
1900,6.0
1900,5.0
1900,2.0
1900,3.0
1900,7.0
1900,3.0
1900,3.0
1900,3.0
1900,3.0
1900,2.0
1900,4.0
1900,3.0
1900,9.0
2000,4.0
2000,3.0
2000,5.0
2000,4.0
2000,3.0
2000,5.0
2000,4.0
2000,2.0
2000,3.0
2000,2.0
2000,4.0
2000,9.0
2000,11.0
2000,3.0
2000,5.0
2000,5.0
2000,6.0
2000,5.0
2100,4.0
2100,11.0
2100,5.0
2100,4.0
2100,5.0
2100,4.0
2100,15.0
2100,2.0
2100,8.0
2100,3.0
2100,3.0
2100,3.0
2100,11.0
2100,4.0
2200,7.0
2200,4.0
2200,4.0
2200,9.0
2200,5.0
2200,9.0
2200,5.0
2200,3.0
2200,10.0
2200,3.0
2200,5.0
2300,2.0
2300,4.0
2300,6.0
2300,5.0
2300,3.0
2300,5.0
2300,2.0
2300,13.0
2300,3.0
2300,7.0
2300,3.0
2300,4.0
2400,7.0
2400,6.0
2400,2.0
2400,4.0
2400,3.0
2400,6.0
2400,3.0
2400,10.0
2400,4.0
2400,2.0
2400,8.0
2400,2.0
2500,7.0
2500,2.0
2500,3.0
2500,3.0
2500,6.0
2500,6.0
2500,2.0
2500,2.0
2500,3.0
2500,2.0
2500,3.0
2500,3.0
2500,3.0
2500,4.0
2500,4.0
2500,11.0
2500,13.0
2600,3.0
2600,4.0
2600,5.0
2600,7.0
2600,3.0
2600,8.0
2600,4.0
2600,5.0
2600,5.0
2600,7.0
2600,2.0
2600,3.0
2600,2.0
2600,6.0
2600,10.0
2700,10.0
2700,4.0
2700,4.0
2700,9.0
2700,2.0
2700,4.0
2700,5.0
2700,2.0
2700,3.0
2700,2.0
2700,3.0
2700,3.0
2700,6.0
2800,6.0
2800,3.0
2800,2.0
2800,2.0
2800,2.0
2800,3.0
2800,2.0
2800,2.0
2800,3.0
2800,7.0
2800,5.0
2800,3.0
2900,3.0
2900,2.0
2900,7.0
2900,10.0
2900,4.0
2900,5.0
2900,10.0
2900,20.0
2900,5.0
2900,9.0
2900,5.0
2900,2.0
2900,2.0
2900,4.0
2900,2.0
2900,3.0
3000,8.0
3000,4.0
3000,7.0
3000,9.0
3000,15.0
3000,21.0
3000,6.0
3000,3.0
3000,3.0
3000,5.0
3100,6.0
3100,3.0
3100,7.0
3100,2.0
3100,3.0
3100,4.0
3100,2.0
3100,4.0
3100,4.0
3100,10.0
3100,10.0
3100,3.0
3100,4.0
3100,3.0
3100,13.0
3100,9.0
3100,3.0
3100,3.0
3100,5.0
3200,3.0
3200,16.0
3200,6.0
3200,3.0
3200,3.0
3200,5.0
3200,12.0
3200,3.0
3200,5.0
3200,11.0
3200,3.0
3200,2.0
3200,2.0
3200,10.0
3200,3.0
3200,10.0
3200,4.0
3200,4.0
3300,13.0
3300,6.0
3300,13.0
3300,10.0
3300,4.0
3300,6.0
3300,2.0
3300,5.0
3300,4.0
3300,2.0
3300,2.0
3300,2.0
3300,15.0
3300,2.0
3300,5.0
3400,4.0
3400,2.0
3400,3.0
3400,2.0
3400,6.0
3400,2.0
3400,3.0
3400,7.0
3400,2.0
3400,2.0
3400,3.0
3400,8.0
3500,2.0
3500,2.0
3500,7.0
3500,2.0
3500,4.0
3500,2.0
3500,2.0
3500,3.0
3600,5.0
3600,3.0
3600,2.0
3600,3.0
3600,6.0
3600,7.0
3600,4.0
3600,4.0
3600,2.0
3600,5.0
3600,3.0
3700,16.0
3700,2.0
3700,5.0
3700,3.0
3700,2.0
3700,8.0
3700,3.0
3700,2.0
3700,4.0
3700,10.0
3700,3.0
3700,2.0
3700,7.0
3700,3.0
3800,4.0
3800,2.0
3800,4.0
3800,8.0
3800,8.0
3800,10.0
3800,7.0
3800,15.0
3800,3.0
3800,5.0
3800,3.0
3800,4.0
3800,7.0
3800,3.0
3800,3.0
3800,3.0
3900,6.0
3900,10.0
3900,5.0
3900,5.0
3900,6.0
3900,6.0
3900,3.0
3900,7.0
3900,3.0
3900,4.0
3900,9.0
3900,6.0
3900,4.0
3900,9.0
3900,3.0
3900,15.0
3900,5.0
3900,13.0
3900,4.0
4000,12.0
4000,2.0
4000,5.0
4000,5.0
4000,3.0
4000,4.0
4000,2.0
4000,3.0
4000,3.0
4000,2.0
4100,2.0
4100,8.0
4100,11.0
4100,5.0
4100,8.0
4100,4.0
4100,2.0
4100,3.0
4100,7.0
4100,3.0
4100,8.0
4100,2.0
4200,4.0
4200,5.0
4200,4.0
4200,12.0
4200,17.0
4200,3.0
4200,6.0
4200,6.0
4200,2.0
4200,3.0
4200,3.0
4200,2.0
4300,5.0
4300,3.0
4300,9.0
4300,2.0
4300,4.0
4300,3.0
4300,12.0
4300,6.0
4300,2.0
4300,10.0
4300,3.0
4300,3.0
4300,2.0
4300,2.0
4300,2.0
4300,9.0
4400,2.0
4400,10.0
4400,4.0
4400,13.0
4400,5.0
4400,2.0
4400,17.0
4400,3.0
4400,3.0
4400,2.0
4400,4.0
4400,2.0
4400,2.0
4400,3.0
4500,9.0
4500,4.0
4500,3.0
4500,2.0
4500,5.0
4500,5.0
4500,2.0
4500,6.0
4500,3.0
4500,4.0
4500,17.0
4600,9.0
4600,5.0
4600,10.0
4600,2.0
4600,7.0
4600,3.0
4600,6.0
4600,2.0
4600,3.0
4600,5.0
4600,7.0
4600,2.0
4600,5.0
4600,11.0
4600,16.0
4600,3.0
4700,2.0
4700,7.0
4700,7.0
4700,8.0
4700,3.0
4700,7.0
4700,3.0
4700,2.0
4700,13.0
4700,5.0
4700,4.0
4700,4.0
4700,11.0
4800,7.0
4800,5.0
4800,2.0
4800,14.0
4800,11.0
4800,7.0
4800,17.0
4800,4.0
4800,15.0
4900,4.0
4900,6.0
4900,4.0
4900,5.0
4900,8.0
4900,11.0
4900,6.0
4900,4.0
4900,2.0
4900,3.0
4900,4.0
4900,3.0
4900,8.0
4900,10.0
4900,4.0
5000,5.0
5000,2.0
5000,4.0
5000,2.0
5000,3.0
5000,3.0
5000,5.0
5000,2.0
5000,4.0
5000,3.0
5000,11.0
5000,5.0
5100,6.0
5100,3.0
5100,4.0
5100,4.0
5100,2.0
5100,2.0
5100,5.0
5100,9.0
5100,8.0
5100,10.0
5100,4.0
5200,3.0
5200,3.0
5200,3.0
5200,3.0
5200,16.0
5200,4.0
5200,5.0
5200,5.0
5200,6.0
5200,8.0
5200,8.0
5200,3.0
5200,7.0
5200,4.0
5300,7.0
5300,5.0
5300,5.0
5300,5.0
5300,7.0
5300,4.0
5300,6.0
5300,13.0
5400,5.0
5400,8.0
5400,7.0
5400,5.0
5400,6.0
5500,10.0
5500,11.0
5500,9.0
5500,6.0
5600,7.0
5600,13.0
5600,8.0
5600,8.0
5700,9.0
5700,11.0
5700,11.0
5700,12.0
5800,8.0
5800,13.0
5800,10.0
5900,8.0
5900,21.0
5900,8.0
5900,9.0
5900,10.0
6000,14.0
6000,10.0
6000,8.0
6000,10.0
6100,9.0
6100,9.0
6100,9.0
6100,10.0
6100,11.0
6100,11.0
6100,10.0
6100,13.0
6100,10.0
6100,11.0
6200,11.0
6200,11.0
6200,9.0
6200,10.0
6200,11.0
6200,14.0
6200,11.0
6200,21.0
6200,11.0
6200,11.0
6200,10.0
6200,12.0
6200,10.0
6200,9.0
6200,18.0
6200,8.0
6200,12.0
6300,9.0
6300,11.0
6300,10.0
6300,10.0
6300,9.0
6300,10.0
6300,8.0
6300,12.0
6300,10.0
6300,19.0
6300,10.0
6300,9.0
6400,10.0
6400,12.0
6400,9.0
6400,11.0
6400,13.0
6400,12.0
6400,12.0
6400,10.0
6400,11.0
6400,9.0
6500,11.0
6500,27.0
6500,9.0
6500,20.0
6500,12.0
6500,9.0
6500,10.0
6500,23.0
6500,9.0
6500,12.0
6500,11.0
6600,12.0
6600,9.0
6600,12.0
6600,12.0
6600,12.0
6700,12.0
6700,10.0
6700,12.0
6700,16.0
6700,11.0
6700,13.0
6700,11.0
6800,13.0
6800,16.0
6800,11.0
6800,10.0
6800,11.0
6800,13.0
6900,11.0
6900,9.0
6900,10.0
6900,9.0
7000,10.0
7000,9.0
7000,9.0
7000,9.0
7000,16.0
7000,12.0
7100,12.0
7100,9.0
7200,9.0
7200,13.0
7200,9.0
7200,21.0
7200,10.0
7200,13.0
7200,9.0
7300,12.0
7300,15.0
7300,9.0
7300,9.0
7300,11.0
7300,9.0
7400,11.0
7400,10.0
7400,10.0
7400,10.0
7400,9.0
7400,11.0
7400,10.0
7400,13.0
7500,11.0
7500,11.0
7500,9.0
7500,9.0
7500,10.0
7500,10.0
7500,11.0
7500,13.0
7500,11.0
7500,11.0
7500,10.0
7500,11.0
7500,10.0
7500,10.0
7500,10.0
7500,12.0
7600,11.0
7600,13.0
7600,10.0
7600,10.0
7600,11.0
7600,13.0
7600,7.0
7600,13.0
7600,12.0
7600,11.0
7700,10.0
7700,9.0
7700,9.0
7700,13.0
7700,13.0
7700,11.0
7700,10.0
7700,14.0
7700,8.0
7700,12.0
7700,10.0
7700,10.0
7700,11.0
7800,11.0
7800,14.0
7800,12.0
7800,11.0
7800,12.0
7900,12.0
7900,39.0
7900,11.0
7900,10.0
7900,11.0
7900,14.0
7900,11.0
8000,14.0
8000,13.0
8000,11.0
8000,13.0
8000,11.0
8100,9.0
8100,12.0
8100,8.0
8100,11.0
8100,11.0
8100,10.0
8100,10.0
8100,11.0
8100,14.0
8200,11.0
8200,12.0
8200,15.0
8200,10.0
8200,12.0
8300,10.0
8300,11.0
8300,8.0
8300,9.0
8400,12.0
8400,10.0
8400,10.0
8400,15.0
8500,11.0
8500,11.0
8500,8.0
8500,10.0
8500,13.0
8500,11.0
8500,10.0
8500,8.0
8500,8.0
8500,10.0
8600,10.0
8600,16.0
8600,10.0
8600,10.0
8600,10.0
8600,15.0
8600,14.0
8700,9.0
8700,10.0
8700,12.0
8700,10.0
8700,11.0
8700,10.0
8700,9.0
8700,10.0
8700,11.0
8700,10.0
8800,11.0
8800,12.0
8800,10.0
8800,9.0
8800,9.0
8800,11.0
8800,11.0
8800,9.0
8800,22.0
8800,10.0
8900,9.0
8900,10.0
8900,10.0
8900,15.0
8900,12.0
8900,11.0
8900,11.0
8900,10.0
8900,11.0
8900,8.0
8900,10.0
8900,10.0
8900,13.0
9000,11.0
9000,15.0
9000,10.0
9000,13.0
9000,13.0
9000,12.0
9000,8.0
9000,11.0
9000,10.0
9100,10.0
9100,10.0
9100,10.0
9100,14.0
9100,11.0
9200,11.0
9200,11.0
9200,13.0
9200,10.0
9200,7.0
9200,11.0
9300,9.0
9300,11.0
9300,15.0
9300,16.0
9400,11.0
9400,12.0
9400,10.0
9400,10.0
9400,11.0
9400,12.0
9400,11.0
9400,11.0
9400,11.0
9400,16.0
9500,11.0
9500,11.0
9500,12.0
9500,9.0
9500,12.0
9500,15.0
9500,12.0
9500,9.0
9500,9.0
9600,17.0
9600,9.0
9600,17.0
9600,9.0
9600,10.0
9600,13.0
9700,12.0
9700,10.0
9700,12.0
9700,10.0
9700,10.0
9700,10.0
9700,9.0
9700,10.0
9800,10.0
9800,9.0
9800,10.0
9800,13.0
9800,10.0
9800,11.0
9900,10.0
9900,9.0
9900,11.0
9900,10.0
9900,12.0
9900,10.0
9900,12.0
9900,10.0
10000,12.0
10000,11.0
10000,10.0
10000,10.0
10000,11.0
10000,11.0
10000,10.0
10000,9.0
10000,10.0
10000,9.0
10000,9.0
10000,9.0
10100,11.0
12600,36.0
12700,36.0
12700,35.0
12800,38.0
12900,38.0
13000,38.0
13000,37.0
13000,38.0
13100,39.0
13100,40.0
13200,40.0
13200,43.0
13200,41.0
13300,40.0
13300,43.0
13300,42.0
13400,39.0
13400,42.0
13400,43.0
13400,42.0
13500,44.0
13500,42.0
13500,45.0
13600,47.0
13600,48.0
13600,42.0
13600,45.0
13700,45.0
13700,39.0
13800,42.0
13800,44.0
13800,47.0
13800,44.0
13900,43.0
13900,47.0
13900,43.0
13900,43.0
13900,45.0
13900,42.0
13900,46.0
14000,45.0
14000,42.0
14000,44.0
14100,43.0
14100,48.0
14100,45.0
14100,45.0
14100,44.0
14100,44.0
14100,44.0
14200,46.0
14200,45.0
14200,44.0
14200,45.0
14200,46.0
14200,47.0
14300,44.0
14300,43.0
14300,49.0
14300,49.0
14300,46.0
14300,44.0
14300,46.0
14400,45.0
14400,44.0
14400,45.0
14400,46.0
14400,45.0
14400,42.0
14400,45.0
14400,45.0
14400,43.0
14500,44.0
14500,48.0
14500,44.0
14500,44.0
14500,45.0
14500,44.0
14500,49.0
14500,45.0
14600,48.0
14600,51.0
14600,46.0
14600,47.0
14600,44.0
14600,44.0
14600,46.0
14700,45.0
14700,45.0
14700,46.0
14700,44.0
14700,45.0
14700,46.0
14800,47.0
14800,46.0
14800,46.0
14800,46.0
14900,47.0
14900,47.0
14900,47.0
16600,38.0
16700,38.0
16800,36.0
16800,35.0
16800,37.0
16900,40.0
16900,39.0
16900,36.0
16900,35.0
17000,38.0
17000,35.0
17100,37.0
17200,36.0
17300,41.0
17400,40.0
17500,40.0
17700,41.0
17700,39.0
17900,44.0
18000,43.0
18000,43.0
18000,42.0
18200,46.0
18500,49.0
18500,47.0
18700,47.0
19000,50.0
19000,49.0
19100,53.0
19100,50.0
19100,52.0
19100,45.0
19200,50.0
19200,48.0
19200,48.0
19200,53.0
19300,45.0
19300,56.0
19300,52.0
19300,48.0
19400,51.0
19400,48.0
19400,47.0
19400,48.0
19400,51.0
19400,53.0
19400,52.0
19400,51.0
19400,53.0
19400,50.0
19500,50.0
19500,51.0
19500,54.0
19500,50.0
19500,50.0
19500,55.0
19600,56.0
19600,51.0
19600,53.0
19600,54.0
19700,50.0
19700,54.0
19700,56.0
19800,54.0
19800,50.0
19800,55.0
19800,51.0
19900,55.0
19900,52.0
19900,50.0
20000,57.0
20000,52.0
20000,54.0
20000,54.0
20000,50.0
20000,51.0
20100,55.0
20100,56.0
20400,58.0
20400,57.0
20400,56.0
20600,58.0
20600,58.0
20700,60.0
20700,62.0
20700,60.0
20800,58.0
20800,61.0
20800,62.0
20900,60.0
20900,60.0
20900,60.0
20900,58.0
20900,60.0
21000,60.0
21000,62.0
21000,64.0
21100,60.0
21300,63.0
21500,64.0
22800,56.0
22800,57.0
23000,59.0
23000,62.0
23100,61.0
23200,62.0
23500,64.0
23700,61.0
23900,67.0
24000,71.0
24200,65.0
24200,68.0
24200,72.0
24400,69.0
24500,72.0
24700,68.0
24700,65.0
24800,66.0
25000,68.0
25100,72.0
25800,71.0
25800,87.0
25800,71.0
26200,81.0
26400,80.0
26500,76.0
26800,73.0
27100,77.0
27200,76.0
27300,79.0
27400,82.0
27400,81.0
27500,77.0
27500,77.0
27500,79.0
27500,80.0
27500,79.0
27500,80.0
27700,78.0
27800,81.0
27900,83.0
27900,87.0
27900,82.0
28000,84.0
28000,84.0
28100,79.0
28100,88.0
28100,81.0
28200,83.0
28200,73.0
28200,87.0
28300,90.0
28300,87.0
28400,90.0
28400,84.0
28400,88.0
28500,92.0
28500,85.0
28600,84.0
28600,76.0
28600,80.0
28800,91.0
28800,82.0
28800,94.0
28800,91.0
28800,78.0
28900,83.0
28900,81.0
29000,82.0
29000,94.0
29000,88.0
29100,91.0
29100,88.0
29100,94.0
29200,91.0
29200,82.0
29200,90.0
29200,91.0
29200,94.0
29200,81.0
29300,81.0
29300,92.0
29300,84.0
29300,94.0
29400,92.0
29400,82.0
29400,85.0
29500,78.0
29600,85.0
29700,86.0
29700,94.0
29800,102.0
29800,100.0
30000,98.0
30100,90.0
30200,87.0
30200,105.0
30500,94.0
30700,77.0
30800,76.0
30900,97.0
31000,78.0
31100,98.0
31700,84.0
31700,78.0
31700,87.0
31800,77.0
31900,82.0
31900,85.0
32700,85.0
32800,84.0
33300,84.0
33500,85.0
33600,87.0
33700,91.0
33800,78.0
33900,92.0
34000,80.0
34100,88.0
34200,98.0
34400,92.0
34500,85.0
34600,82.0
34900,73.0
34900,83.0
35100,74.0
35600,89.0
35700,82.0
35700,74.0
35800,71.0
35900,82.0
35900,82.0
36000,87.0
36000,86.0
36100,71.0
36100,76.0
36100,73.0
36200,69.0
36200,83.0
36300,119.0
36400,87.0
36400,74.0
36500,75.0
36500,77.0
36500,89.0
36500,81.0
36600,80.0
36600,67.0
36600,96.0
36600,76.0
36600,80.0
36700,75.0
36700,84.0
36700,72.0
36800,86.0
36800,75.0
36800,85.0
36800,91.0
36800,74.0
36800,87.0
36900,87.0
36900,88.0
37000,78.0
37000,86.0
37100,90.0
37100,71.0
37100,77.0
37100,77.0
37100,87.0
37100,80.0
37100,75.0
37200,73.0
37200,77.0
37200,95.0
37200,82.0
37300,78.0
37300,76.0
37300,78.0
37300,85.0
37300,75.0
37400,87.0
37400,78.0
37400,83.0
37400,70.0
37400,70.0
37400,78.0
37400,80.0
37400,71.0
37700,77.0
37900,85.0
37900,70.0
37900,67.0
37900,85.0
38000,69.0
38100,88.0
38100,79.0
38200,102.0
38300,73.0
38300,97.0
38300,70.0
38500,78.0
38500,93.0
38600,65.0
38900,68.0
39600,76.0
39700,78.0
39700,60.0
39800,79.0
39800,69.0
39900,80.0
39900,64.0
40000,70.0
40300,65.0
40600,121.0
40600,67.0
40800,62.0
40800,68.0
40900,67.0
41000,66.0
41200,69.0
41500,74.0
41900,71.0
42300,63.0
42500,78.0
42500,74.0
42500,62.0
42500,62.0
42600,75.0
42700,64.0
42800,66.0
42800,75.0
42800,60.0
42900,70.0
42900,61.0
43000,68.0
43000,65.0
43100,61.0
43200,71.0
43200,68.0
43300,66.0
43300,57.0
43300,58.0
43300,63.0
43400,61.0
43400,65.0
43400,58.0
43400,65.0
43400,76.0
43500,64.0
43500,62.0
43500,61.0
43500,76.0
43500,67.0
43500,65.0
43500,74.0
43500,67.0
43600,68.0
43600,63.0
43600,70.0
43700,64.0
43700,64.0
43700,64.0
43700,61.0
43700,68.0
43800,68.0
43900,69.0
43900,64.0
44000,68.0
44100,67.0
44100,75.0
44100,69.0
44100,66.0
44100,74.0
44100,65.0
44200,68.0
44300,76.0
44400,80.0
44500,70.0
44500,64.0
44600,61.0
44800,67.0
44800,73.0
44900,73.0
44900,68.0
45000,63.0
45000,74.0
45200,54.0
45300,51.0
45400,49.0
45400,87.0
45400,69.0
45500,68.0
45600,85.0
45600,86.0
45600,77.0
45600,73.0
45700,56.0
45700,83.0
45800,85.0
45800,73.0
45800,57.0
45800,59.0
45800,50.0
45900,60.0
46000,78.0
46100,85.0
46100,53.0
46200,79.0
46200,48.0
46300,53.0
46700,67.0
46800,51.0
46800,84.0
46900,69.0
47100,60.0
47300,61.0
47300,82.0
47300,46.0
47400,47.0
47500,37.0
47500,38.0
47600,55.0
47600,47.0
47700,49.0
47700,45.0
47800,48.0
47800,42.0
47800,42.0
47800,42.0
47900,49.0
47900,44.0
47900,54.0
47900,45.0
48000,49.0
48000,70.0
48000,53.0
48100,42.0
48100,49.0
48100,51.0
48100,44.0
48100,42.0
48200,48.0
48200,39.0
48200,51.0
48300,43.0
48300,50.0
48300,44.0
48400,41.0
48400,47.0
48400,47.0
48400,48.0
48500,47.0
48500,50.0
48600,49.0
48600,59.0
48700,50.0
48700,44.0
48700,32.0
48700,44.0
48700,51.0
48700,46.0
48800,46.0
48800,51.0
48800,47.0
48800,49.0
48900,113.0
48900,46.0
49000,55.0
49000,39.0
49100,44.0
49100,32.0
49100,35.0
49100,56.0
49100,39.0
49200,42.0
49300,42.0
49300,41.0
49300,39.0
49300,37.0
49400,57.0
49400,38.0
49400,37.0
49400,46.0
49500,48.0
49500,51.0
49500,34.0
49600,38.0
49600,50.0
49700,47.0
49700,38.0
49700,37.0
49800,40.0
49800,53.0
49800,38.0
49900,41.0
49900,37.0
50100,41.0
50300,43.0
50500,66.0
50500,62.0
50500,42.0
50600,41.0
50700,47.0
50700,36.0
50700,69.0
50700,37.0
50800,50.0
50800,44.0
51000,47.0
51200,39.0
51400,39.0
51400,45.0
51600,52.0
51600,38.0
51700,47.0
51800,43.0
51900,44.0
51900,43.0
52000,39.0
52100,42.0
52100,38.0
52100,40.0
52200,45.0
52200,45.0
52200,42.0
52200,44.0
52200,42.0
52400,45.0
52400,41.0
52500,42.0
52500,39.0
52600,42.0
52600,45.0
52600,42.0
52600,43.0
52600,44.0
52700,45.0
52800,41.0
52800,48.0
52800,48.0
52900,38.0
52900,47.0
53000,142.0
53000,44.0
53100,45.0
53100,43.0
53100,46.0
53100,46.0
53100,42.0
53200,43.0
53200,51.0
53200,46.0
53200,48.0
53300,46.0
53300,48.0
53300,44.0
53300,43.0
53400,45.0
53500,40.0
53500,46.0
53500,46.0
53600,46.0
53600,45.0
53700,45.0
53700,47.0
53700,44.0
53800,48.0
53800,50.0
53800,43.0
53800,42.0
53800,45.0
53900,46.0
53900,44.0
53900,42.0
53900,47.0
53900,46.0
54000,159.0
54000,40.0
54000,44.0
54100,48.0
54100,43.0
54100,46.0
54100,45.0
54100,43.0
54200,46.0
54300,46.0
54700,50.0
54700,47.0
54900,55.0
54900,50.0
54900,48.0
54900,66.0
55100,51.0
55400,45.0
55500,54.0
55600,57.0
55900,52.0
55900,43.0
56100,62.0
56200,55.0
56300,58.0
56300,53.0
56400,46.0
56400,38.0
56600,57.0
56600,52.0
56700,55.0
56700,60.0
56700,49.0
56800,44.0
57000,61.0
57000,47.0
57000,61.0
57000,62.0
57100,43.0
57100,41.0
57200,44.0
57200,39.0
57300,45.0
57400,51.0
57400,58.0
57500,46.0
57500,51.0
57500,55.0
57600,46.0
57700,50.0
57700,47.0
57800,50.0
57800,45.0
57800,51.0
57900,46.0
57900,45.0
57900,51.0
57900,55.0
58000,61.0
58100,71.0
58100,58.0
58100,47.0
58200,48.0
58200,47.0
58200,50.0
58300,45.0
58300,52.0
58300,48.0
58400,51.0
58500,61.0
58600,54.0
58600,64.0
58600,83.0
58700,46.0
58700,56.0
58700,63.0
58700,51.0
58700,50.0
58800,47.0
58800,54.0
58800,62.0
58900,54.0
58900,54.0
59000,51.0
59100,70.0
59100,54.0
59200,49.0
59300,52.0
59300,60.0
59400,56.0
59400,51.0
59400,54.0
59400,55.0
59500,54.0
59500,56.0
59600,54.0
59600,54.0
59600,47.0
59600,53.0
59600,53.0
59600,56.0
59600,56.0
59700,55.0
59700,54.0
59800,47.0
59900,78.0
60000,51.0
60000,49.0
60700,51.0
61000,59.0
61000,66.0
61000,70.0
61100,50.0
61300,62.0
61400,74.0
61400,61.0
61600,53.0
61600,79.0
61800,52.0
61900,62.0
62000,79.0
62000,54.0
62100,52.0
62100,56.0
62100,57.0
62200,53.0
62200,52.0
62400,55.0
62500,57.0
62500,53.0
62500,64.0
62700,55.0
62700,51.0
62800,63.0
62900,71.0
62900,56.0
63000,85.0
63000,54.0
63100,54.0
63300,56.0
63300,53.0
63400,54.0
63500,51.0
63500,55.0
63600,51.0
63600,55.0
63700,54.0
63700,60.0
63700,65.0
63800,66.0
63800,49.0
63900,53.0
64000,58.0
64000,61.0
64100,63.0
64100,58.0
64100,54.0
64100,58.0
64100,51.0
64100,73.0
64200,57.0
64200,61.0
64200,57.0
64300,54.0
64300,59.0
64300,54.0
64300,69.0
64400,53.0
64400,69.0
64500,66.0
64500,55.0
64500,61.0
64500,57.0
64500,64.0
64700,57.0
64700,51.0
64700,54.0
64900,54.0
64900,60.0
65000,59.0
65000,52.0
65000,55.0
65000,52.0
65100,62.0
65200,54.0
65200,56.0
65300,53.0
65500,61.0
65500,67.0
65500,59.0
65500,56.0
65600,58.0
65600,58.0
65600,68.0
65600,59.0
65600,63.0
65700,84.0
65700,83.0
65700,55.0
66000,59.0
66100,63.0
66200,70.0
66200,65.0
66300,65.0
66500,49.0
66600,50.0
66800,59.0
66800,72.0
66800,69.0
67100,59.0
67200,54.0
67200,70.0
67200,60.0
67200,60.0
67400,51.0
67400,59.0
67400,61.0
67500,53.0
67800,56.0
67800,51.0
68200,56.0
68200,62.0
68200,58.0
68400,53.0
68500,55.0
68500,61.0
68700,69.0
68900,49.0
68900,60.0
68900,62.0
68900,60.0
69000,49.0
69000,67.0
69000,51.0
69100,56.0
69100,70.0
69200,46.0
69200,60.0
69300,57.0
69400,51.0
69500,50.0
69500,56.0
69700,57.0
69700,55.0
69800,117.0
69800,51.0
69800,55.0
69800,55.0
69900,56.0
69900,55.0
70000,53.0
70000,53.0
70000,53.0
70100,55.0
70100,63.0
70100,58.0
70200,67.0
70200,71.0
70300,54.0
70300,64.0
70300,71.0
70500,54.0
70600,63.0
70600,69.0
70600,61.0
70700,63.0
70700,52.0
70800,66.0
70800,64.0
70800,56.0
70900,52.0
70900,55.0
70900,56.0
71000,61.0
71100,88.0
71200,67.0
71300,75.0
71300,56.0
71400,62.0
71500,68.0
71500,78.0
71600,59.0
71700,90.0
71700,55.0
71700,58.0
71800,60.0
71800,61.0
71800,64.0
71900,86.0
71900,51.0
71900,54.0
71900,55.0
71900,61.0
72100,69.0
72100,62.0
72100,69.0
72100,63.0
72400,66.0
72700,63.0
72800,58.0
72800,65.0
72900,59.0
72900,59.0
72900,62.0
73100,72.0
73100,57.0
73300,53.0
73400,58.0
73400,61.0
73500,61.0
73600,60.0
73800,61.0
73800,54.0
73900,94.0
73900,65.0
74000,56.0
74100,67.0
74100,65.0
74100,54.0
74300,85.0
74600,52.0
74800,48.0
74800,56.0
75000,61.0
75000,56.0
75100,51.0
75200,72.0
75200,101.0
75300,51.0
75300,104.0
75300,62.0
75400,61.0
75400,55.0
75500,62.0
75500,64.0
75600,64.0
75700,73.0
75800,54.0
75900,55.0
75900,68.0
75900,58.0
75900,57.0
75900,58.0
76100,61.0
76100,65.0
76200,62.0
76200,76.0
76300,76.0
76400,56.0
76500,54.0
76500,68.0
76500,60.0
76500,73.0
76600,58.0
76700,68.0
76800,63.0
76800,53.0
76900,60.0
76900,59.0
76900,74.0
77200,69.0
77300,82.0
77300,61.0
77500,66.0
77700,51.0
77800,59.0
77900,59.0
77900,76.0
78000,64.0
78000,57.0
78000,66.0
78000,57.0
78100,84.0
78200,80.0
78300,76.0
78300,52.0
78400,81.0
78400,64.0
78500,64.0
78600,73.0
78600,53.0
78700,64.0
78900,84.0
79000,60.0
79200,81.0
79200,72.0
79200,82.0
79300,52.0
79400,51.0
79500,74.0
79500,58.0
79600,77.0
79700,57.0
79800,58.0
79900,68.0
80000,71.0
80000,50.0
80000,52.0
80100,58.0
80100,60.0
80100,91.0
80200,66.0
80200,71.0
80300,82.0
80300,46.0
80300,73.0
80400,81.0
80800,58.0
80900,92.0
80900,76.0
81000,102.0
81100,52.0
81200,51.0
81200,59.0
81200,101.0
81200,56.0
81300,96.0
81400,54.0
81400,99.0
81400,95.0
81500,77.0
81600,81.0
81600,64.0
81700,53.0
81700,54.0
81700,59.0
81800,97.0
82000,66.0
82100,55.0
82100,76.0
82200,55.0
82200,86.0
82400,106.0
82400,57.0
82500,60.0
82500,69.0
82500,58.0
82600,55.0
82600,71.0
82700,59.0
82900,68.0
82900,58.0
83000,69.0
83000,69.0
83100,74.0
83400,80.0
83500,64.0
83500,74.0
83600,54.0
83600,66.0
83700,67.0
83800,83.0
83800,74.0
83900,59.0
83900,72.0
83900,52.0
84000,58.0
84100,66.0
84100,56.0
84200,51.0
84200,53.0
84300,74.0
84300,122.0
84400,92.0
84500,102.0
84700,53.0
84900,74.0
84900,72.0
84900,55.0
84900,68.0
85000,62.0
85000,64.0
85000,87.0
85200,73.0
85300,67.0
85400,51.0
85400,72.0
85500,58.0
85500,51.0
85500,73.0
85600,61.0
85700,69.0
85700,54.0
85800,58.0
85800,56.0
85900,74.0
85900,104.0
86000,68.0
86100,57.0
86100,59.0
86200,78.0
86200,68.0
86300,57.0
86500,64.0
86500,51.0
86500,51.0
86500,51.0
86600,53.0
86600,49.0
86600,85.0
86700,62.0
86700,62.0
86800,52.0
86900,58.0
86900,67.0
86900,71.0
87000,51.0
87000,50.0
87100,59.0
87100,88.0
87200,54.0
87400,60.0
87500,59.0
87600,102.0
87600,73.0
87800,63.0
87900,57.0
88000,52.0
88100,58.0
88100,85.0
88200,77.0
88200,55.0
88200,63.0
88500,58.0
88600,59.0
88600,62.0
88700,76.0
88700,90.0
88900,56.0
88900,73.0
88900,58.0
89000,64.0
89100,55.0
89200,47.0
89300,56.0
89400,54.0
89400,68.0
89400,50.0
89600,154.0
89700,66.0
89700,73.0
89800,69.0
89800,51.0
89900,60.0
89900,76.0
89900,53.0
90200,74.0
90300,62.0
90300,54.0
90500,87.0
90500,60.0
90600,87.0
90700,97.0
90800,65.0
90800,56.0
90900,67.0
90900,77.0
91100,51.0
91200,61.0
91300,72.0
91400,74.0
91400,62.0
91400,51.0
91600,65.0
91600,49.0
91700,53.0
91700,63.0
91700,56.0
91800,80.0
92000,61.0
92100,84.0
92200,62.0
92300,55.0
92300,54.0
92300,67.0
92400,56.0
92400,67.0
92400,67.0
92500,52.0
92500,73.0
92600,58.0
92700,128.0
92900,70.0
92900,72.0
92900,62.0
93000,60.0
93100,58.0
93100,60.0
93100,60.0
93200,71.0
93200,70.0
93300,69.0
93500,63.0
93500,70.0
93600,62.0
93700,74.0
93700,81.0
93700,99.0
93800,67.0
93800,71.0
93900,57.0
93900,107.0
94000,56.0
94000,62.0
94100,98.0
94200,54.0
94300,71.0
94400,55.0
94400,93.0
94500,57.0
94600,68.0
94600,88.0
94600,46.0
94700,56.0
94700,55.0
94800,52.0
94800,57.0
94900,60.0
95000,70.0
95000,66.0
95100,56.0
95100,68.0
95200,53.0
95200,75.0
95300,57.0
95300,52.0
95300,48.0
95400,55.0
95400,110.0
95500,61.0
95500,51.0
95600,73.0
95600,49.0
95700,64.0
95700,70.0
95700,48.0
95800,91.0
95800,53.0
96100,51.0
96100,85.0
96200,107.0
96300,94.0
96400,68.0
96400,63.0
96400,57.0
96400,50.0
96500,67.0
96500,46.0
96600,82.0
96700,56.0
96700,86.0
96800,48.0
97000,62.0
97000,129.0
97100,60.0
97100,61.0
97100,58.0
97200,50.0
97200,54.0
97300,46.0
97400,74.0
97500,59.0
97600,58.0
97600,57.0
97700,86.0
98000,61.0
98100,55.0
98100,56.0
98100,50.0
98200,58.0
98300,54.0
98300,60.0
98400,59.0
98400,52.0
98700,56.0
98700,53.0
98700,48.0
98800,55.0
98800,62.0
98900,56.0
99000,53.0
99000,56.0
99100,65.0
99200,51.0
99200,53.0
99200,59.0
99300,68.0
99300,51.0
99400,53.0
99500,64.0
99500,43.0
99500,68.0
99600,61.0
99700,146.0
99700,60.0
99700,57.0
99700,96.0
99800,60.0
99900,50.0
99900,53.0
99900,56.0
99900,46.0
100000,72.0
100000,56.0
100000,54.0
100100,51.0
100100,61.0
100200,63.0
100200,49.0
100200,50.0
100400,56.0
100400,54.0
100400,59.0
100400,56.0
100400,50.0
100500,57.0
100600,47.0
100700,52.0
100700,51.0
100700,50.0
100800,59.0
100900,54.0
100900,94.0
101200,57.0
101400,47.0
101400,54.0
101500,56.0
101500,49.0
101500,51.0
101600,58.0
101600,47.0
101700,57.0
101700,50.0
101800,64.0
101900,53.0
101900,51.0
101900,53.0
101900,103.0
102000,47.0
102000,62.0
102000,57.0
102000,57.0
102200,57.0
102200,75.0
102200,53.0
102300,17.0
102400,46.0
102400,50.0
102400,54.0
102400,51.0
102400,82.0
102500,46.0
102500,66.0
102600,69.0
102700,11.0
102800,44.0
102900,55.0
102900,56.0
102900,78.0
103000,14.0
103000,52.0
103100,49.0
103300,58.0
103400,8.0
103400,62.0
103500,52.0
103600,120.0
103700,47.0
103800,46.0
103900,67.0
104000,57.0
104000,55.0
104000,64.0
104100,64.0
104300,57.0
104400,49.0
104400,13.0
104400,54.0
104500,56.0
104600,25.0
104800,57.0
104800,63.0
104900,48.0
104900,55.0
104900,48.0
105000,56.0
105100,62.0
105100,57.0
105200,63.0
105300,50.0
105300,67.0
105300,51.0
105400,53.0
105400,50.0
105500,58.0
105600,58.0
105600,57.0
105700,51.0
105800,61.0
105800,62.0
106000,67.0
106000,61.0
106300,54.0
106400,65.0
106400,60.0
106400,58.0
106400,57.0
106400,62.0
106400,72.0
106600,49.0
106800,102.0
107000,66.0
107200,116.0
107300,78.0
107300,54.0
107400,50.0
107500,66.0
107500,51.0
107600,57.0
107700,55.0
107700,59.0
107800,67.0
107800,56.0
107900,25.0
108000,74.0
108000,74.0
108000,54.0
108200,82.0
108200,61.0
108200,71.0
108500,61.0
108500,47.0
108500,102.0
108600,66.0
108600,69.0
108600,76.0
108600,58.0
108700,70.0
108700,60.0
108700,73.0
108800,70.0
108800,62.0
108800,52.0
109000,87.0
109100,55.0
109200,57.0
109300,61.0
109400,53.0
109400,61.0
109500,50.0
109700,76.0
109800,66.0
109800,67.0
109900,97.0
110000,53.0
110100,92.0
110100,80.0
110100,58.0
110100,59.0
110100,100.0
110300,55.0
110300,78.0
110500,59.0
110500,75.0
110600,47.0
110600,98.0
110700,65.0
110900,80.0
111000,55.0
111100,56.0
111200,61.0
111300,57.0
111500,62.0
111500,93.0
111600,65.0
111700,37.0
111800,62.0
111800,52.0
111800,60.0
111900,49.0
111900,73.0
111900,120.0
111900,68.0
112000,60.0
112000,70.0
112100,53.0
112100,55.0
112200,60.0
112200,72.0
112300,57.0
112300,126.0
112300,70.0
112400,85.0
112400,52.0
112500,65.0
112600,95.0
112600,100.0
112600,104.0
112800,62.0
112800,102.0
112900,63.0
112900,49.0
112900,48.0
113000,84.0
113100,91.0
113100,57.0
113100,89.0
113200,77.0
113200,48.0
113300,54.0
113400,50.0
113500,83.0
113600,59.0
113700,75.0
113800,60.0
113800,54.0
114100,114.0
114100,76.0
114200,55.0
114300,67.0
114400,69.0
114400,56.0
114500,87.0
114500,52.0
114500,88.0
114500,70.0
114800,66.0
114900,61.0
114900,61.0
114900,70.0
115000,50.0
115100,61.0
115200,70.0
115200,55.0
115200,63.0
115300,65.0
115400,67.0
115400,54.0
115600,69.0
115700,55.0
115700,80.0
115700,65.0
115900,63.0
115900,50.0
116000,71.0
116000,55.0
116100,58.0
116100,71.0
116200,61.0
116200,63.0
116200,59.0
116200,66.0
116200,59.0
116300,51.0
116500,62.0
116600,76.0
116700,59.0
116700,60.0
116800,60.0
116800,54.0
116900,50.0
116900,52.0
117000,55.0
117000,104.0
117000,53.0
117200,51.0
117300,50.0
117300,53.0
117300,62.0
117400,71.0
117400,85.0
117400,49.0
117500,52.0
117500,54.0
117500,80.0
117600,94.0
117600,51.0
117700,56.0
117700,72.0
117800,51.0
117900,72.0
117900,66.0
118000,56.0
118000,52.0
118100,59.0
118200,54.0
118200,60.0
118200,52.0
118300,47.0
118300,62.0
118300,57.0
118300,57.0
118500,57.0
118500,65.0
118700,63.0
118700,69.0
119000,55.0
119100,60.0
119100,59.0
119100,71.0
119200,58.0
119500,64.0
119500,58.0
119600,53.0
119800,65.0
119800,73.0
119800,58.0
120000,50.0
120000,62.0
120100,50.0
120400,61.0
120400,71.0
120500,65.0
120500,72.0
120500,59.0
120700,56.0
120800,53.0
120800,63.0
121100,72.0
121200,66.0
121300,79.0
121300,62.0
121400,60.0
121600,179.0
121700,58.0
121800,59.0
122100,74.0
122200,57.0
122300,59.0
122300,67.0
122400,65.0
122400,72.0
122500,95.0
122600,65.0
122600,79.0
122700,58.0
122800,65.0
122900,67.0
123000,66.0
123000,74.0
123200,61.0
123300,56.0
123300,102.0
123300,64.0
123400,70.0
123400,90.0
123400,63.0
123400,59.0
123500,53.0
123500,71.0
123600,74.0
123700,143.0
123700,55.0
123700,69.0
123800,71.0
123800,60.0
123900,67.0
123900,85.0
124200,67.0
124200,72.0
124200,58.0
124300,58.0
124400,55.0
124500,73.0
124500,61.0
124700,77.0
124800,76.0
124900,66.0
124900,74.0
124900,102.0
125000,57.0
125100,75.0
125100,58.0
125200,55.0
125400,54.0
125500,55.0
125500,55.0
125600,95.0
125600,50.0
125600,67.0
125600,49.0
125600,92.0
125700,73.0
125700,47.0
125700,83.0
125800,56.0
125900,83.0
125900,49.0
126000,82.0
126000,97.0
126100,59.0
126100,85.0
126100,54.0
126100,47.0
126100,108.0
126100,69.0
126100,64.0
126100,82.0
126300,65.0
126400,51.0
126400,110.0
126600,57.0
126800,89.0
126800,110.0
126900,54.0
127000,50.0
127000,83.0
127200,54.0
127200,87.0
127200,85.0
127300,96.0
127300,45.0
127400,55.0
127500,94.0
127500,68.0
127600,61.0
127700,92.0
127800,55.0
127800,93.0
127900,53.0
128000,133.0
128200,57.0
128200,58.0
128300,24.0
128500,92.0
128600,56.0
128800,82.0
128800,59.0
128900,54.0
128900,109.0
129000,113.0
129100,56.0
129200,67.0
129200,53.0
129200,64.0
129300,66.0
129400,100.0
129400,113.0
129600,59.0
129600,44.0
129600,61.0
129700,66.0
130000,84.0
130100,54.0
130100,60.0
130100,62.0
130200,62.0
130200,62.0
130300,67.0
130400,70.0
130500,61.0
130700,63.0
130700,81.0
130900,58.0
131000,78.0
131100,72.0
131100,73.0
131200,67.0
131200,59.0
131300,67.0
131300,59.0
131400,49.0
131500,64.0
131500,112.0
131600,53.0
131700,73.0
131700,59.0
131700,81.0
131900,60.0
132100,70.0
132200,86.0
132200,16.0
132400,53.0
132500,84.0
132600,68.0
132700,70.0
132700,70.0
132700,69.0
132700,64.0
132800,67.0
132800,79.0
132900,79.0
133000,72.0
133100,94.0
133200,69.0
133500,79.0
133600,64.0
133700,62.0
133700,101.0
133800,72.0
133900,86.0
134000,77.0
134000,93.0
134100,82.0
134200,82.0
134500,68.0
134500,113.0
134800,87.0
135100,75.0
135200,89.0
135300,57.0
135500,57.0
135500,87.0
135600,93.0
135600,77.0
135700,79.0
135700,67.0
135700,63.0
135700,62.0
135700,94.0
135900,89.0
135900,82.0
135900,68.0
136000,98.0
136100,89.0
136100,69.0
136300,89.0
136400,101.0
136400,68.0
136400,55.0
136500,95.0
136500,83.0
136600,63.0
136600,75.0
136600,92.0
136700,93.0
136900,84.0
136900,94.0
137000,55.0
137100,77.0
137100,53.0
137200,110.0
137200,59.0
137300,66.0
137500,71.0
137700,83.0
137700,74.0
137900,98.0
138100,65.0
138300,96.0
138400,104.0
138400,72.0
138400,67.0
138500,72.0
138500,87.0
138600,82.0
138700,82.0
138900,78.0
138900,86.0
139000,92.0
139000,75.0
139000,102.0
139100,61.0
139100,77.0
139100,68.0
139200,75.0
139200,64.0
139200,99.0
139700,78.0
139900,75.0
140000,57.0
140100,117.0
140100,75.0
140300,137.0
140400,57.0
140500,103.0
140600,97.0
140600,79.0
140700,74.0
140700,52.0
140800,94.0
140800,79.0
140800,74.0
140900,68.0
141100,127.0
141100,54.0
141200,51.0
141300,55.0
141300,71.0
141400,82.0
141600,85.0
141700,50.0
141800,160.0
141800,99.0
141900,66.0
141900,56.0
142000,61.0
142000,41.0
142000,121.0
142000,101.0
142000,91.0
142100,97.0
142100,131.0
142200,93.0
142200,56.0
142200,56.0
142300,73.0
142300,61.0
142300,58.0
142300,57.0
142400,65.0
142500,66.0
142500,86.0
142700,80.0
142700,98.0
142700,106.0
142800,49.0
142900,61.0
142900,89.0
143000,76.0
143000,62.0
143100,93.0
143300,153.0
143400,60.0
143400,59.0
143400,92.0
143500,91.0
143500,49.0
143600,50.0
144200,83.0
144300,86.0
144300,49.0
144500,62.0
144600,53.0
144700,59.0
144700,58.0
144700,54.0
144800,90.0
144900,64.0
145100,64.0
145300,86.0
145400,51.0
145400,83.0
145400,68.0
145500,94.0
145600,95.0
145600,64.0
145600,54.0
145700,64.0
145700,127.0
145700,65.0
145900,88.0
146100,58.0
146200,68.0
146300,95.0
146600,107.0
146800,81.0
146800,60.0
146900,100.0
147000,93.0
147000,59.0
147200,57.0
147300,60.0
147300,99.0
147400,83.0
147400,93.0
147500,102.0
147800,56.0
147800,70.0
148000,51.0
148100,56.0
148300,68.0
148400,65.0
148500,113.0
148500,48.0
148500,112.0
148600,147.0
148600,61.0
148700,62.0
148800,89.0
148800,64.0
148800,56.0
148900,62.0
149000,67.0
149000,54.0
149200,70.0
149200,59.0
149300,156.0
149500,73.0
149500,89.0
149500,85.0
149600,76.0
149600,71.0
149700,70.0
149700,61.0
149700,134.0
149800,93.0
149800,76.0
149900,79.0
149900,85.0
150000,51.0
150300,85.0
150500,79.0
150600,58.0
150600,105.0
150700,116.0
151000,86.0
151000,79.0
151100,90.0
151100,88.0
151100,82.0
151100,76.0
151100,79.0
151200,67.0
151200,65.0
151300,103.0
151400,92.0
151400,104.0
151500,59.0
151500,56.0
151600,53.0
151700,123.0
151700,58.0
151800,63.0
151800,59.0
151800,126.0
151900,106.0
152100,97.0
152200,72.0
152300,92.0
152300,58.0
152400,75.0
152400,117.0
152400,108.0
152500,54.0
152500,53.0
152600,88.0
152600,70.0
152600,77.0
152700,83.0
152800,70.0
152900,99.0
152900,93.0
153000,93.0
153000,77.0
153100,122.0
153200,123.0
153300,65.0
153300,61.0
153300,46.0
153600,66.0
153600,85.0
153800,82.0
153800,58.0
153800,58.0
154100,120.0
154100,80.0
154100,112.0
154100,96.0
154500,44.0
154500,75.0
154800,72.0
154800,58.0
154900,54.0
155200,70.0
155200,94.0
155900,76.0
156100,62.0
156200,75.0
156300,73.0
156400,88.0
156400,57.0
156400,56.0
156500,90.0
156600,67.0
156700,69.0
156800,69.0
156900,61.0
156900,50.0
156900,75.0
157200,72.0
157400,86.0
157400,99.0
157500,62.0
157600,79.0
157600,118.0
157800,59.0
157800,86.0
157900,63.0
157900,89.0
158000,106.0
158100,124.0
158200,59.0
158200,69.0
158200,105.0
158300,94.0
158300,92.0
158300,81.0
158300,82.0
158500,99.0
158500,121.0
158600,89.0
158600,94.0
158600,58.0
158800,79.0
158800,55.0
158800,75.0
158800,83.0
159200,68.0
159200,94.0
159200,75.0
159300,73.0
159300,73.0
159500,60.0
159600,56.0
159600,80.0
159700,85.0
159700,109.0
159800,84.0
159800,72.0
159800,111.0
160000,75.0
160100,74.0
160100,87.0
160100,67.0
160100,107.0
160300,76.0
160300,90.0
160400,83.0
160400,92.0
160600,75.0
160600,63.0
160700,67.0
160700,81.0
160800,111.0
160800,93.0
160900,62.0
161000,80.0
161000,97.0
161000,60.0
161200,95.0
161300,18.0
161400,79.0
161500,75.0
161600,85.0
161700,56.0
161700,74.0
161900,91.0
161900,94.0
162000,120.0
162000,70.0
162200,102.0
162400,86.0
162500,107.0
162500,93.0
162600,141.0
162600,83.0
162900,59.0
163000,64.0
163000,79.0
163200,103.0
163300,53.0
163500,64.0
163700,66.0
163800,62.0
164000,86.0
164000,112.0
164100,94.0
164200,62.0
164300,69.0
164300,53.0
164400,101.0
164400,109.0
164400,23.0
164400,90.0
164500,74.0
164600,61.0
164900,83.0
164900,18.0
165000,87.0
165100,29.0
165200,84.0
165200,88.0
165200,126.0
165300,72.0
165400,67.0
165700,69.0
165800,80.0
165800,73.0
165800,64.0
166000,83.0
166000,84.0
166000,82.0
166100,76.0
166200,75.0
166300,82.0
166300,75.0
166400,74.0
166400,76.0
166400,66.0
166500,81.0
166500,98.0
166800,130.0
166800,86.0
166900,64.0
167000,76.0
167100,60.0
167100,71.0
167300,107.0
167300,73.0
167400,74.0
167400,91.0
167700,93.0
167700,71.0
167800,80.0
167900,76.0
167900,71.0
167900,69.0
168000,78.0
168000,86.0
168100,75.0
168200,73.0
168200,15.0
168300,88.0
168300,151.0
168400,100.0
168400,56.0
168500,86.0
168600,81.0
168700,8.0
168700,118.0
169000,63.0
169000,87.0
169000,64.0
169400,82.0
169600,52.0
169600,106.0
169700,83.0
169800,79.0
169800,77.0
169900,64.0
169900,84.0
170000,68.0
170000,97.0
170000,81.0
170100,92.0
170100,58.0
170200,103.0
170200,112.0
170200,105.0
170300,93.0
170300,118.0
170300,81.0
170300,100.0
170400,96.0
170500,63.0
170500,81.0
170600,88.0
170600,94.0
170800,62.0
170900,144.0
171000,82.0
171200,73.0
171500,68.0
171600,70.0
171700,63.0
171900,107.0
172000,103.0
172100,87.0
172200,95.0
172300,72.0
172400,78.0
172400,73.0
172500,71.0
172500,85.0
172500,109.0
172600,78.0
172700,63.0
172900,92.0
172900,70.0
173000,85.0
173200,70.0
173200,90.0
173300,66.0
173600,84.0
173600,83.0
173800,78.0
173900,107.0
174100,76.0
174200,72.0
174300,70.0
174400,74.0
174600,86.0
174700,74.0
174700,82.0
174700,71.0
174800,94.0
174900,94.0
175100,89.0
175300,97.0
175400,92.0
175500,76.0
175500,84.0
175700,97.0
175700,77.0
175900,74.0
175900,77.0
176000,97.0
176000,85.0
176000,88.0
176100,80.0
176100,56.0
176200,70.0
176300,63.0
176300,77.0
176400,75.0
176500,99.0
176500,76.0
176600,64.0
176600,121.0
176800,76.0
176900,86.0
176900,81.0
176900,69.0
177100,79.0
177200,71.0
177300,61.0
177300,107.0
177400,76.0
177400,70.0
177400,78.0
177500,70.0
177500,67.0
177500,100.0
177600,95.0
177700,69.0
177800,96.0
178000,73.0
178100,77.0
178100,75.0
178200,79.0
178300,84.0
178300,98.0
178400,138.0
178600,105.0
178700,80.0
178700,101.0
179000,68.0
179100,64.0
179200,88.0
179300,88.0
179300,109.0
179400,60.0
179400,89.0
179500,129.0
179700,79.0
179700,76.0
179900,72.0
179900,97.0
180100,67.0
180200,85.0
180400,78.0
180500,78.0
180800,121.0
180800,67.0
181000,109.0
181100,88.0
181200,87.0
181300,103.0
181400,103.0
181500,91.0
181700,115.0
181800,115.0
181800,80.0
181900,121.0
181900,66.0
181900,79.0
181900,70.0
182100,76.0
182100,90.0
182200,87.0
182200,71.0
182200,94.0
182300,75.0
182300,147.0
182500,111.0
182500,63.0
182600,83.0
182700,89.0
182900,80.0
183100,72.0
183500,109.0
183500,74.0
183600,72.0
183700,91.0
183900,77.0
184000,85.0
184100,110.0
184100,112.0
184100,82.0
184200,77.0
184300,111.0
184800,104.0
185100,90.0
185300,86.0
185400,105.0
185400,98.0
185500,79.0
185600,81.0
185700,63.0
185800,101.0
185800,90.0
185800,95.0
185900,75.0
185900,94.0
185900,79.0
185900,55.0
186000,93.0
186000,75.0
186100,90.0
186100,98.0
186200,80.0
186200,87.0
186200,112.0
186600,77.0
186700,110.0
186700,78.0
187000,71.0
187000,104.0
187100,85.0
187100,152.0
187300,77.0
187400,91.0
187500,191.0
187600,99.0
187700,106.0
187900,102.0
187900,87.0
188100,78.0
188200,106.0
188200,85.0
188300,69.0
188300,113.0
188400,67.0
188500,62.0
188700,66.0
188900,111.0
189000,102.0
189000,107.0
189100,112.0
189100,118.0
189100,79.0
189100,115.0
189300,98.0
189300,125.0
189400,69.0
189400,79.0
189500,71.0
189600,77.0
189600,86.0
189600,89.0
189800,82.0
189800,73.0
189800,71.0
189900,106.0
189900,71.0
189900,89.0
189900,86.0
190100,105.0
190200,71.0
190400,133.0
190400,67.0
190400,109.0
190500,128.0
190700,65.0
190800,84.0
190900,88.0
191000,67.0
191100,149.0
191300,114.0
191300,86.0
191400,71.0
191400,70.0
191400,94.0
191500,95.0
191600,110.0
191600,75.0
192300,86.0
192400,81.0
192500,65.0
192500,75.0
192600,65.0
192700,67.0
192700,89.0
193000,97.0
193000,70.0
193000,66.0
193100,110.0
193200,87.0
193200,74.0
193200,76.0
193300,104.0
193300,78.0
193300,110.0
193300,77.0
193400,75.0
193400,70.0
193600,72.0
193600,135.0
193600,79.0
193700,75.0
193700,76.0
193800,69.0
193800,153.0
193800,76.0
193900,67.0
193900,115.0
193900,138.0
194000,87.0
194000,67.0
194300,75.0
194500,82.0
194700,86.0
194800,79.0
195000,69.0
195000,129.0
195000,71.0
195000,89.0
195200,76.0
195600,67.0
195700,94.0
195700,84.0
195800,81.0
196000,85.0
196100,83.0
196500,93.0
196600,80.0
196800,83.0
197100,88.0
197100,78.0
197100,79.0
197100,86.0
197400,76.0
197500,88.0
197600,202.0
197600,75.0
197700,85.0
197800,80.0
197800,87.0
197900,81.0
198000,96.0
198000,80.0
198300,90.0
198400,103.0
198400,81.0
198400,84.0
198500,73.0
198500,78.0
198500,81.0
198500,68.0
198600,102.0
198600,91.0
198700,81.0
198800,92.0
199000,97.0
199000,84.0
199100,90.0
199100,95.0
199100,152.0
199200,83.0
199300,77.0
199300,78.0
199600,80.0
199700,81.0
199800,98.0
200100,76.0
200200,92.0
200200,70.0
200300,85.0
200300,106.0
200300,76.0
200400,76.0
200400,98.0
200700,81.0
200800,97.0
200800,93.0
200800,113.0
200900,75.0
201000,76.0
201000,78.0
201100,84.0
201200,119.0
201200,111.0
201500,82.0
201500,102.0
201600,87.0
201600,87.0
201800,79.0
201800,117.0
201900,78.0
201900,101.0
202000,85.0
202000,88.0
202200,70.0
202200,80.0
202200,82.0
202300,85.0
202400,74.0
202500,87.0
202600,91.0
202600,74.0
202700,85.0
202900,90.0
203000,89.0
203000,83.0
203000,96.0
203100,96.0
203100,95.0
203200,97.0
203300,75.0
203600,87.0
203600,98.0
203700,77.0
203700,78.0
203800,98.0
204100,63.0
204400,81.0
204400,104.0
204400,90.0
204500,93.0
204700,88.0
204800,96.0
204800,72.0
204900,76.0
205000,88.0
205000,105.0
205000,82.0
205100,78.0
205300,72.0
205400,76.0
205400,67.0
205600,71.0
205800,72.0
206100,75.0
206100,69.0
206300,71.0
206400,82.0
206400,97.0
206400,84.0
206400,75.0
206500,79.0
206500,78.0
206600,96.0
206800,80.0
206800,89.0
206800,80.0
206800,86.0
206900,69.0
206900,92.0
207300,86.0
207400,81.0
207500,85.0
207500,82.0
207600,71.0
207600,73.0
207600,78.0
207800,74.0
207900,84.0
208000,81.0
208100,94.0
208100,71.0
208100,68.0
208200,72.0
208300,147.0
208400,91.0
208400,75.0
208400,111.0
208500,80.0
208500,71.0
208600,81.0
208600,68.0
208700,77.0
208700,83.0
208800,68.0
208800,82.0
208800,93.0
208800,71.0
209000,78.0
209000,70.0
209100,67.0
209200,80.0
209300,87.0
209400,80.0
209500,73.0
209600,102.0
209600,75.0
209600,85.0
209600,155.0
210000,71.0
210100,83.0
210100,80.0
210100,128.0
210300,123.0
210600,73.0
210700,75.0
210900,77.0
210900,83.0
210900,71.0
211000,64.0
211000,82.0
211100,87.0
211100,78.0
211100,79.0
211100,76.0
211300,86.0
211400,89.0
211500,87.0
211600,99.0
211600,85.0
211600,64.0
211700,66.0
211700,93.0
211900,73.0
211900,97.0
212000,74.0
212000,73.0
212200,88.0
212400,85.0
212400,74.0
212500,82.0
212500,85.0
212500,87.0
212800,79.0
212800,78.0
212900,90.0
213100,75.0
213100,79.0
213200,76.0
213300,73.0
213500,72.0
213600,81.0
213600,84.0
214000,72.0
214100,75.0
214200,75.0
214200,84.0
214400,73.0
214500,92.0
214500,78.0
214600,80.0
214800,78.0
214800,68.0
215000,87.0
215100,81.0
215200,74.0
215300,68.0
215300,87.0
215400,71.0
215400,89.0
215500,74.0
215600,70.0
215600,85.0
215800,74.0
215800,81.0
215800,81.0
215900,81.0
216000,82.0
216000,72.0
216100,91.0
216100,79.0
216300,97.0
216300,71.0
216500,76.0
216700,69.0
216700,77.0
216700,77.0
216800,93.0
216900,79.0
217100,88.0
217100,101.0
217100,79.0
217100,78.0
217100,88.0
217300,97.0
217500,86.0
217500,88.0
217500,85.0
217500,87.0
217600,81.0
217700,74.0
217800,82.0
217900,76.0
217900,93.0
217900,82.0
218000,82.0
218000,94.0
218100,78.0
218200,95.0
218300,78.0
218400,73.0
218400,73.0
218500,73.0
218600,84.0
218800,80.0
218800,94.0
219100,80.0
219300,78.0
219300,81.0
219400,68.0
219600,77.0
219600,78.0
219600,87.0
219600,98.0
219700,79.0
219800,74.0
220100,82.0
220100,80.0
220100,88.0
220100,103.0
220200,80.0
220500,75.0
220600,93.0
220700,85.0
220900,83.0
221000,97.0
221100,84.0
221100,77.0
221300,80.0
221300,97.0
221500,88.0
221700,104.0
221700,96.0
221800,85.0
221900,75.0
221900,92.0
222100,84.0
222300,79.0
222400,106.0
222500,87.0
222500,95.0
222600,88.0
222700,96.0
222700,85.0
222800,81.0
222900,73.0
223100,85.0
223300,78.0
223400,87.0
223500,118.0
223500,85.0
223800,90.0
224000,90.0
224000,84.0
224100,72.0
224100,74.0
224300,74.0
224300,90.0
224400,87.0
224500,102.0
224600,86.0
224700,93.0
224700,87.0
224700,112.0
224800,90.0
224800,96.0
224900,94.0
225000,88.0
225100,91.0
225200,90.0
225300,83.0
225400,91.0
225400,83.0
225500,78.0
225700,84.0
225700,84.0
225800,85.0
225900,84.0
225900,86.0
225900,98.0
226000,97.0
226000,102.0
226100,84.0
226200,79.0
226500,100.0
226800,103.0
226800,91.0
226800,86.0
227000,92.0
227100,102.0
227100,91.0
227100,87.0
227100,98.0
227300,92.0
227300,86.0
227400,93.0
227400,95.0
227400,97.0
227600,81.0
227700,89.0
227800,96.0
227800,92.0
227900,98.0
228200,84.0
228300,80.0
228400,99.0
228400,89.0
228500,99.0
228700,91.0
228700,97.0
228800,90.0
228800,90.0
228900,99.0
229000,90.0
229300,90.0
229400,81.0
229500,76.0
229600,92.0
229800,95.0
229800,83.0
229800,91.0
230000,102.0
230100,90.0
230200,87.0
230300,95.0
230300,94.0
230400,83.0
230400,85.0
230500,77.0
230500,92.0
230500,84.0
230500,88.0
230500,102.0
230600,107.0
230700,114.0
231400,84.0
231400,85.0
231500,82.0
231500,95.0
231600,73.0
231700,90.0
231900,82.0
232000,89.0
232000,71.0
232300,97.0
232300,86.0
232400,84.0
232500,83.0
232500,79.0
232600,90.0
232700,100.0
232800,72.0
232900,79.0
233000,107.0
233100,81.0
233100,82.0
233200,79.0
233200,73.0
233300,88.0
233300,74.0
233500,110.0
233600,101.0
233600,94.0
233600,88.0
233700,92.0
233800,87.0
234000,78.0
234000,97.0
234100,89.0
234200,130.0
234200,82.0
234200,72.0
234300,94.0
234300,82.0
234600,92.0
234600,85.0
234800,86.0
234800,84.0
234900,86.0
235000,93.0
235000,80.0
235000,75.0
235100,104.0
235200,82.0
235200,79.0
235400,98.0
235500,126.0
235500,83.0
235600,83.0
235700,76.0
236100,77.0
236300,87.0
236300,96.0
236300,108.0
236300,77.0
236700,106.0
236800,95.0
236800,92.0
236900,89.0
237000,90.0
237100,81.0
237100,92.0
237200,83.0
237200,94.0
237500,77.0
237500,100.0
237500,85.0
237600,91.0
237700,80.0
237700,91.0
237700,104.0
237900,90.0
238000,89.0
238000,93.0
238100,105.0
238500,90.0
238800,88.0
239000,83.0
239000,85.0
239000,86.0
239000,90.0
239100,89.0
239200,92.0
239300,86.0
239300,85.0
239400,91.0
239400,88.0
239400,87.0
239500,88.0
239600,87.0
239600,89.0
239600,91.0
240500,89.0
240500,88.0
240600,87.0
240700,91.0
241000,118.0
241100,86.0
241200,116.0
241200,87.0
241500,76.0
241600,94.0
241700,82.0
241700,89.0
241800,91.0
241900,79.0
241900,86.0
242000,93.0
242000,103.0
242000,90.0
242100,100.0
242100,77.0
242300,86.0
242300,91.0
242300,105.0
242400,95.0
242500,83.0
242500,75.0
242700,94.0
242900,84.0
242900,94.0
243000,96.0
243100,125.0
243200,110.0
243200,98.0
243200,88.0
243300,95.0
243500,87.0
243500,104.0
243600,98.0
243600,110.0
243700,95.0
243700,83.0
243700,89.0
243700,87.0
243800,85.0
244000,83.0
244100,87.0
244200,104.0
244300,91.0
244300,99.0
244500,100.0
244700,104.0
244700,90.0
245000,98.0
245000,76.0
245100,88.0
245400,76.0
245600,86.0
245700,98.0
245700,75.0
245800,107.0
245800,93.0
245900,101.0
245900,90.0
245900,107.0
246000,95.0
246100,82.0
246100,89.0
246200,97.0
246300,92.0
246400,87.0
246400,99.0
246500,86.0
246500,92.0
246500,109.0
246700,93.0
247000,97.0
247100,90.0
247100,78.0
247400,97.0
247400,95.0
247500,88.0
247500,92.0
247500,98.0
247600,45.0
247800,86.0
248000,90.0
248400,114.0
248700,105.0
248800,96.0
249100,93.0
249200,100.0
249500,99.0
249500,100.0
249700,103.0
249700,99.0
249700,102.0
249700,101.0
250100,89.0
250200,94.0
250200,95.0
250300,90.0
250300,111.0
250500,91.0
250600,109.0
250600,85.0
250700,85.0
250700,85.0
250900,113.0
251000,89.0
251000,49.0
251000,83.0
251300,94.0
251300,106.0
251500,95.0
251800,120.0
251900,96.0
251900,105.0
252200,97.0
252200,97.0
252200,83.0
252300,105.0
252300,106.0
252400,101.0
252400,99.0
252500,90.0
252700,118.0
252700,96.0
252700,108.0
253200,98.0
253300,100.0
253300,96.0
253500,76.0
253500,106.0
253500,91.0
253700,111.0
253800,100.0
253900,105.0
254000,101.0
254100,92.0
254100,109.0
254400,101.0
254400,110.0
254500,98.0
254600,106.0
254600,101.0
254600,124.0
254700,108.0
255000,111.0
255100,102.0
255100,95.0
255100,90.0
255200,99.0
255200,94.0
255300,126.0
255300,101.0
255300,108.0
255400,112.0
255500,96.0
255500,88.0
255600,119.0
255600,118.0
255800,106.0
256100,95.0
256200,100.0
256300,100.0
256400,103.0
256400,97.0
256800,92.0
256800,108.0
256800,101.0
257000,110.0
257100,107.0
257200,92.0
257300,96.0
257400,101.0
257500,112.0
257700,99.0
257800,102.0
258000,87.0
258100,82.0
258100,104.0
258100,112.0
258300,117.0
258500,88.0
258700,105.0
258700,115.0
258700,98.0
258700,101.0
258800,123.0
258900,116.0
258900,99.0
258900,92.0
259000,91.0
259300,94.0
259500,92.0
259600,97.0
260100,93.0
260100,107.0
260100,96.0
260300,99.0
260400,89.0
260400,93.0
260600,101.0
260600,129.0
260800,101.0
260800,99.0
261200,100.0
261300,105.0
261400,89.0
261600,90.0
261900,98.0
261900,94.0
261900,107.0
261900,99.0
261900,102.0
262000,108.0
262200,93.0
262300,99.0
262500,121.0
262900,120.0
263100,116.0
263200,111.0
263400,110.0
263500,111.0
263600,109.0
263600,96.0
263700,102.0
263900,110.0
264000,103.0
264300,108.0
264400,118.0
264600,103.0
264600,104.0
264700,94.0
264700,104.0
264800,96.0
264800,119.0
264800,114.0
264900,112.0
265100,103.0
265200,104.0
265200,111.0
265900,102.0
265900,112.0
265900,122.0
266000,121.0
266000,114.0
266100,106.0
266100,113.0
266200,109.0
266300,108.0
266300,109.0
266700,118.0
266900,111.0
267100,106.0
267200,95.0
267300,127.0
267400,121.0
267400,118.0
267600,104.0
267600,106.0
267700,119.0
267800,112.0
267800,115.0
268100,108.0
268400,118.0
268500,106.0
268500,131.0
269200,137.0
269200,103.0
269300,123.0
269400,137.0
269500,135.0
269600,111.0
269600,101.0
269700,133.0
270100,126.0
270100,127.0
270200,119.0
270300,121.0
270400,128.0
270400,106.0
270500,113.0
270700,104.0
270800,117.0
270800,117.0
271000,130.0
271100,128.0
271100,114.0
271200,121.0
271200,106.0
271200,142.0
271400,124.0
271400,106.0
271500,126.0
271600,110.0
271800,103.0
272300,120.0
272300,120.0
272500,142.0
272600,137.0
273000,109.0
273100,121.0
273400,129.0
273600,115.0
273700,116.0
273700,123.0
273800,120.0
273900,115.0
273900,118.0
274200,153.0
274800,138.0
275000,142.0
275000,134.0
275100,164.0
275500,118.0
275700,132.0
275800,127.0
276100,140.0
276400,114.0
276500,120.0
276500,115.0
276600,127.0
276700,118.0
276700,129.0
276700,145.0
276900,135.0
277000,143.0
277000,129.0
277100,138.0
277300,120.0
277500,129.0
277600,128.0
277700,116.0
277800,140.0
278500,135.0
278600,124.0
278700,145.0
278900,138.0
279100,137.0
279200,119.0
279300,157.0
279400,132.0
279400,129.0
279600,147.0
279600,142.0
280100,140.0
280100,123.0
280200,137.0
280300,129.0
280600,130.0
280600,137.0
280800,144.0
280900,148.0
281500,152.0
281700,120.0
281800,155.0
281800,142.0
281900,171.0
281900,133.0
282300,129.0
282500,146.0
282500,122.0
283100,137.0
283600,161.0
283700,131.0
284000,169.0
284100,154.0
284100,146.0
284100,143.0
284300,134.0
284400,131.0
284400,164.0
284900,166.0
285000,143.0
285100,153.0
285300,133.0
285400,141.0
285500,145.0
285700,152.0
285700,130.0
285700,145.0
285800,178.0
285900,163.0
286400,139.0
286400,43.0
286500,151.0
286800,136.0
286900,170.0
287000,167.0
287300,163.0
287700,199.0
287900,135.0
288000,155.0
288000,141.0
288100,165.0
288100,167.0
288300,196.0
288400,64.0
288400,144.0
288800,182.0
288900,148.0
289600,180.0
289700,144.0
290200,198.0
290300,167.0
290500,62.0
290500,133.0
290700,190.0
290700,179.0
290800,169.0
290800,149.0
290900,157.0
291000,192.0
291300,136.0
292000,151.0
292000,182.0
292100,155.0
292800,148.0
293200,191.0
293300,219.0
293400,201.0
293600,167.0
293800,170.0
294100,181.0
294400,157.0
294600,175.0
295000,183.0
295000,200.0
295400,159.0
295400,185.0
295600,183.0
295600,158.0
295600,189.0
295800,186.0
296100,168.0
296200,184.0
296300,142.0
296300,184.0
296400,173.0
296500,138.0
296600,214.0
296800,172.0
297000,165.0
297000,176.0
297200,169.0
297300,177.0
297900,168.0
298200,219.0
298300,195.0
298400,227.0
298800,155.0
298800,161.0
299800,223.0
299800,181.0
300100,191.0
301100,159.0
301200,146.0
301500,207.0
301800,220.0
302100,218.0
302400,204.0
302600,222.0
302700,189.0
302800,169.0
302800,239.0
303000,170.0
303000,187.0
303700,218.0
303900,214.0
304800,206.0
304900,210.0
305000,191.0
305100,205.0
305400,211.0
305500,189.0
306200,254.0
306200,211.0
306400,182.0
306400,211.0
306400,165.0
306800,211.0
307800,233.0
307900,223.0
307900,196.0
308000,209.0
308000,171.0
308300,211.0
308300,228.0
308300,237.0
308800,203.0
309700,206.0
310200,227.0
310500,222.0
310700,203.0
310900,161.0
311100,213.0
311500,256.0
311600,204.0
311900,210.0
312100,239.0
312200,192.0
312500,218.0
312500,258.0
312600,215.0
312700,42.0
312700,161.0
313000,251.0
313700,201.0
314000,173.0
314000,250.0
314400,179.0
314700,242.0
315200,166.0
315200,230.0
315400,293.0
315500,240.0
315600,246.0
315800,206.0
316000,290.0
316300,282.0
316700,209.0
316800,203.0
317200,191.0
317500,240.0
318300,276.0
318400,250.0
319000,250.0
319100,227.0
319300,307.0
319400,242.0
319500,235.0
319700,287.0
319900,276.0
320300,219.0
320300,260.0
320600,238.0
321100,248.0
322000,298.0
322100,191.0
322200,209.0
322700,341.0
323500,277.0
324000,268.0
326200,290.0
326600,112.0
327300,146.0
329000,334.0
330100,311.0
330400,348.0
332300,320.0
339400,404.0
342500,276.0
344800,419.0
348400,178.0
348700,397.0
348900,457.0
355100,481.0
357900,594.0
359700,577.0
393700,1000.0
394500,1000.0
395700,1000.0
396900,1000.0
397300,1000.0
397400,1000.0
399900,1000.0
399900,1000.0
401300,1000.0
401600,1000.0
401800,907.0
402200,1000.0
402500,1000.0
402700,1000.0
402900,1000.0
403100,1000.0
403800,1000.0
404000,1000.0
404900,1000.0
405000,1000.0
405100,1000.0
405200,1000.0
405500,1000.0
405600,1000.0
406300,1000.0
406300,1000.0
406500,1000.0
406500,1000.0
406500,1000.0
407900,1000.0
408000,1000.0
408000,1000.0
408100,1000.0
408100,1000.0
408400,1000.0
408400,1000.0
409800,1000.0
410300,1000.0
410600,1000.0
410800,1000.0
411200,1000.0
411600,1000.0
411700,1000.0
412000,1000.0
412200,1000.0
412300,1000.0
412600,1000.0
412700,1000.0
412800,1000.0
412800,1000.0
413100,1000.0
413800,1000.0
414100,1000.0
414100,1000.0
414500,1000.0
415300,1000.0
415500,1000.0
415600,1000.0
415700,1000.0
415900,1000.0
416100,1000.0
416400,1000.0
416800,1000.0
416900,1000.0
417300,1000.0
417600,1000.0
418400,1000.0
418500,1000.0
419100,1000.0
419200,1000.0
419400,1000.0
419500,1000.0
419600,1000.0
419800,1000.0
420000,1000.0
420400,1000.0
420400,1000.0
420700,1000.0
421200,816.0
421200,1000.0
421600,987.0
421700,193.0
422100,1000.0
422200,1000.0
422200,641.0
422300,1000.0
422400,735.0
423500,998.0
424100,1000.0
426300,1000.0
426700,1000.0
427400,1000.0
427600,218.0
429100,1000.0
429900,352.0
430000,324.0
430100,976.0
430200,1000.0
430200,749.0
430200,282.0
430500,223.0
433100,313.0
437400,403.0
442600,1000.0
444900,1000.0
448500,1000.0
449000,1000.0
459800,1000.0
468300,641.0
470200,399.0
470600,535.0
471500,501.0
472300,683.0
472900,600.0
480600,102.0
481100,586.0
481800,655.0
482700,399.0
483000,644.0
483400,691.0
483600,666.0
483800,786.0
484100,682.0
485100,628.0
485700,771.0
487300,716.0
487500,542.0
487900,660.0
488300,753.0
488300,775.0
489500,737.0
490100,58.0
490100,625.0
490500,197.0
491000,33.0
491200,718.0
491400,690.0
491600,612.0
492700,844.0
493400,22.0
493700,872.0
493800,1000.0
495100,920.0
495400,69.0
495800,1000.0
496000,846.0
496500,912.0
497100,914.0
497400,1000.0
498400,903.0
498900,871.0
499300,869.0
499400,55.0
500000,1000.0
500000,1000.0
500500,762.0
501000,81.0
501100,25.0
501400,1000.0
501500,915.0
501700,61.0
501800,820.0
502400,121.0
502600,1000.0
502700,8.0
502800,1000.0
503200,1000.0
503300,890.0
504100,29.0
505000,1000.0
505300,1000.0
505400,225.0
506400,1000.0
506600,1000.0
506600,1000.0
506600,1000.0
507900,778.0
508100,1000.0
508200,1000.0
508500,1000.0
510400,1000.0
510900,1000.0
511000,108.0
511800,1000.0
512100,1000.0
512400,1000.0
512500,938.0
512700,1000.0
512700,110.0
512900,1000.0
513200,1000.0
513300,416.0
513900,1000.0
514600,1000.0
515400,1000.0
515700,982.0
515900,223.0
516000,1000.0
516300,563.0
516400,44.0
516500,1000.0
517500,184.0
517700,1000.0
518000,146.0
518300,918.0
518900,983.0
519200,1000.0
519500,1000.0
519600,1000.0
519800,894.0
519900,143.0
519900,1000.0
520100,1000.0
520500,1000.0
520800,1000.0
520900,103.0
521300,1000.0
521300,12.0
521400,247.0
521700,55.0
521700,1000.0
522300,1000.0
522300,56.0
522500,1000.0
523600,1000.0
524100,112.0
524800,228.0
525100,32.0
525600,91.0
525900,243.0
526800,1000.0
527700,1000.0
529200,1000.0
530100,1000.0
530300,1000.0
530600,1000.0
533600,383.0
534400,276.0
535400,978.0
539400,209.0
540200,204.0
540700,447.0
541200,205.0
541300,247.0
542500,399.0
543700,712.0
543800,279.0
545000,1000.0
545300,342.0
545800,233.0
546100,9.0
546100,586.0
546600,470.0
546900,401.0
547400,274.0
547700,475.0
547900,344.0
548000,412.0
548600,1000.0
549100,1000.0
549200,52.0
550100,471.0
550700,26.0
550800,298.0
550900,308.0
551200,297.0
551400,448.0
551700,685.0
551800,787.0
552300,298.0
552400,221.0
552800,172.0
553300,195.0
553800,311.0
554400,135.0
554400,501.0
555100,293.0
555400,431.0
555400,541.0
555800,523.0
556000,281.0
556200,589.0
556600,103.0
556700,388.0
557100,758.0
557300,17.0
557800,740.0
558200,29.0
558500,370.0
558700,503.0
558800,670.0
559400,468.0
559500,135.0
559800,682.0
560100,76.0
560300,140.0
560500,59.0
562200,361.0
562500,772.0
562700,159.0
563000,284.0
563200,57.0
563500,75.0
563500,419.0
564400,462.0
565100,14.0
566200,174.0
567100,177.0
567200,126.0
567500,835.0
567700,701.0
568100,165.0
568200,162.0
568400,1000.0
569300,97.0
570300,509.0
570500,132.0
570700,793.0
571200,39.0
571500,91.0
571800,570.0
572200,154.0
572300,123.0
572300,728.0
572600,483.0
573000,768.0
573200,168.0
573300,143.0
574000,313.0
574100,9.0
574400,716.0
574400,924.0
575200,18.0
575300,46.0
576100,306.0
576300,682.0
576300,207.0
576400,285.0
576800,249.0
576900,519.0
577100,29.0
577400,185.0
577400,335.0
577400,8.0
577500,32.0
577500,619.0
577800,695.0
578300,886.0
578300,149.0
578500,274.0
578900,296.0
579200,7.0
579300,73.0
579500,116.0
580000,260.0
580700,1000.0
580700,537.0
580900,29.0
581000,34.0
581700,877.0
581700,303.0
581900,934.0
582000,43.0
582500,691.0
583100,58.0
583100,145.0
583200,302.0
583300,62.0
583300,108.0
583400,782.0
583500,1000.0
583600,929.0
583700,16.0
584000,629.0
584000,163.0
584300,984.0
584300,206.0
584600,249.0
584700,62.0
584800,26.0
585200,290.0
585200,711.0
585600,29.0
585600,11.0
585600,801.0
585700,62.0
585900,72.0
586000,186.0
586000,23.0
586100,133.0
586100,137.0
586200,386.0
586200,750.0
586800,5.0
587100,29.0
587200,34.0
587300,23.0
587400,191.0
587500,40.0
587500,366.0
587500,39.0
587700,163.0
587800,573.0
587800,30.0
588000,61.0
588000,1000.0
588100,48.0
588200,629.0
588400,252.0
588600,233.0
588600,28.0
588700,42.0
588800,26.0
589000,419.0
589300,35.0
589300,14.0
589400,19.0
589600,14.0
590200,1000.0
590600,57.0
590800,74.0
592100,23.0
592400,40.0
592400,278.0
593000,136.0
595100,89.0
595300,21.0
595300,99.0
595500,65.0
596100,84.0
596200,74.0
596600,249.0
596900,134.0
597000,556.0
597000,216.0
597200,17.0
597400,211.0
597900,102.0
598100,73.0
598200,72.0
598300,26.0
598900,63.0
599000,18.0
599500,818.0
599800,24.0
600000,971.0
600100,17.0
600100,189.0
600200,79.0
600600,1000.0
600800,238.0
601500,431.0
602200,50.0
602600,134.0
602600,165.0
604000,356.0
604300,51.0
604500,416.0
605100,6.0
605100,9.0
605500,196.0
606100,179.0
606200,9.0
607200,208.0
608600,1000.0
610200,92.0
611500,235.0
612100,166.0
612600,1000.0
612800,1000.0
613000,1000.0
613800,10.0
614300,378.0
615000,10.0
616000,1000.0
616400,101.0
619000,1000.0
619400,331.0
619600,1000.0
620200,1000.0
620700,9.0
621100,547.0
621800,1000.0
622000,24.0
622700,225.0
623200,229.0
623700,1000.0
624900,10.0
625100,234.0
626100,526.0
627400,144.0
628700,490.0
629300,17.0
629300,1000.0
630700,1000.0
630700,12.0
633700,750.0
634400,818.0
634600,950.0
634700,473.0
634800,384.0
637200,22.0
637300,838.0
637800,29.0
637900,31.0
638200,524.0
638600,254.0
638800,49.0
639600,16.0
639600,15.0
640000,16.0
640300,1000.0
641100,13.0
641100,177.0
641400,1000.0
642500,308.0
643400,658.0
644700,383.0
647300,37.0
647300,399.0
647500,587.0
647800,481.0
648100,1000.0
648800,75.0
649200,12.0
649500,120.0
650200,1000.0
650200,27.0
650900,1000.0
651100,709.0
652100,914.0
652900,529.0
653400,40.0
654300,657.0
655500,790.0
655500,363.0
656800,1000.0
656900,424.0
657500,18.0
657600,605.0
657900,1000.0
658200,11.0
660200,1000.0
660200,763.0
660200,722.0
660400,1000.0
660600,260.0
660900,900.0
660900,389.0
661100,658.0
661100,488.0
661700,11.0
661700,465.0
662100,10.0
662100,172.0
662500,44.0
662500,416.0
662600,1000.0
663000,3.0
663400,823.0
663500,24.0
663500,12.0
663600,432.0
663700,741.0
663700,18.0
663800,933.0
663900,249.0
664100,594.0
664400,167.0
664700,594.0
665000,119.0
665200,12.0
665200,250.0
665300,15.0
665600,814.0
666000,56.0
666600,23.0
666800,98.0
666800,14.0
668400,865.0
669400,1000.0
669800,2.0
670000,203.0
670400,850.0
670600,811.0
670700,37.0
671300,13.0
671300,58.0
671800,614.0
672000,293.0
672000,52.0
672400,1000.0
672400,75.0
672400,9.0
672900,856.0
673500,103.0
673500,13.0
674500,1000.0
674500,532.0
674500,1000.0
674700,243.0
674900,27.0
675000,166.0
675400,1000.0
675800,52.0
676300,11.0
677000,23.0
677100,747.0
677100,962.0
677300,111.0
677500,1000.0
677500,784.0
677600,1000.0
677600,795.0
678800,11.0
679000,1000.0
679000,18.0
679100,16.0
680400,27.0
680600,98.0
680700,58.0
680800,1000.0
681600,24.0
682700,34.0
683000,822.0
683200,1000.0
683200,419.0
684000,67.0
684400,124.0
684700,13.0
684900,271.0
685700,568.0
685700,280.0
686000,54.0
686300,1000.0
686300,31.0
686500,361.0
686800,3.0
686900,154.0
686900,1000.0
686900,4.0
687000,966.0
687200,94.0
687200,474.0
687500,1000.0
687600,268.0
687600,1000.0
687700,472.0
687900,343.0
688200,1000.0
688400,158.0
688500,26.0
688500,26.0
688600,12.0
688700,3.0
688800,1000.0
688900,626.0
688900,926.0
689100,160.0
689100,82.0
689100,803.0
689400,1000.0
689600,292.0
689800,341.0
689900,20.0
690100,13.0
690100,175.0
690100,27.0
690300,3.0
690500,2.0
690500,235.0
691700,46.0
691900,41.0
692000,86.0
692400,23.0
692500,1000.0
693300,55.0
694000,912.0
695100,265.0
695200,429.0
695300,86.0
695400,978.0
695400,61.0
696200,73.0
696700,1000.0
696700,328.0
696800,150.0
697100,332.0
697400,946.0
697600,54.0
697700,920.0
697900,366.0
698200,1000.0
698300,193.0
698400,1000.0
698500,21.0
698600,31.0
698700,45.0
698900,13.0
699100,35.0
699200,770.0
699400,348.0
699400,25.0
699500,248.0
699800,25.0
699900,371.0
700000,3.0
700100,292.0
700200,1000.0
700300,266.0
700300,1000.0
700500,2.0
700800,110.0
700900,201.0
700900,102.0
701100,120.0
701300,377.0
701800,25.0
701800,24.0
702100,367.0
702200,15.0
702200,539.0
702400,273.0
702700,131.0
702700,57.0
702700,3.0
703000,25.0
703900,146.0
704000,267.0
704200,10.0
704800,435.0
705000,123.0
705100,222.0
705400,39.0
705400,13.0
705600,330.0
705700,279.0
706200,60.0
707000,46.0
707600,767.0
707600,320.0
707700,76.0
707900,208.0
708100,155.0
708200,205.0
708500,99.0
708600,28.0
708700,83.0
708900,485.0
709300,43.0
709400,42.0
709600,13.0
710500,85.0
711400,227.0
712000,64.0
712100,30.0
712500,279.0
712900,258.0
713100,135.0
715300,302.0
716100,1000.0
716500,1000.0
716500,196.0
717000,92.0
718700,56.0
718900,62.0
719800,317.0
720000,195.0
720200,2.0
720200,13.0
720400,313.0
720500,3.0
720700,3.0
721000,19.0
721300,962.0
721400,204.0
721600,231.0
721900,13.0
722400,201.0
722500,712.0
722500,130.0
722700,12.0
722800,342.0
722800,1000.0
722900,310.0
723400,860.0
723700,178.0
724400,266.0
725000,380.0
725200,1000.0
726100,15.0
726200,32.0
726400,175.0
726600,878.0
726600,394.0
727100,3.0
727600,55.0
727700,374.0
727800,375.0
727800,12.0
728000,254.0
728400,4.0
728400,255.0
728500,118.0
728600,299.0
728800,299.0
728900,59.0
729100,13.0
729400,1000.0
729400,985.0
729500,676.0
729700,61.0
729700,532.0
730000,884.0
730000,178.0
730000,12.0
730200,3.0
730400,567.0
730800,17.0
731000,147.0
731100,311.0
731900,107.0
732500,12.0
733900,849.0
733900,286.0
734700,359.0
735600,54.0
735700,720.0
735800,706.0
736000,156.0
736500,369.0
736500,742.0
736700,26.0
736700,26.0
737200,217.0
737800,29.0
737900,398.0
738000,257.0
738000,13.0
738000,21.0
738200,461.0
738200,362.0
738600,544.0
739000,183.0
739000,108.0
739100,599.0
739300,13.0
739300,321.0
739400,114.0
739800,740.0
739900,512.0
740000,371.0
740000,127.0
740100,27.0
740400,173.0
740400,22.0
740500,21.0
740600,4.0
741200,20.0
741300,116.0
741400,773.0
741500,359.0
741700,90.0
741900,408.0
741900,390.0
742000,141.0
742100,20.0
742100,119.0
742400,43.0
742700,340.0
742900,13.0
742900,143.0
743000,13.0
743100,621.0
743300,391.0
743300,27.0
743300,129.0
743700,141.0
743800,3.0
744100,39.0
744100,41.0
744400,11.0
744400,554.0
744400,62.0
744500,24.0
744600,39.0
744700,28.0
744900,233.0
745000,15.0
745300,346.0
745300,201.0
745400,168.0
745400,2.0
745400,11.0
745500,4.0
745500,95.0
745500,606.0
745500,391.0
745800,26.0
745900,24.0
745900,71.0
745900,11.0
746000,449.0
746100,714.0
746200,364.0
746300,94.0
746300,3.0
746600,991.0
746700,177.0
746700,532.0
746700,44.0
746800,259.0
746900,12.0
746900,61.0
746900,87.0
746900,13.0
746900,251.0
747000,75.0
747000,298.0
747200,26.0
747300,12.0
747400,13.0
747400,3.0
747400,19.0
747400,28.0
747500,44.0
747500,246.0
747600,54.0
747800,210.0
747900,58.0
747900,3.0
748100,12.0
748100,13.0
748200,10.0
748200,13.0
748200,469.0
748200,12.0
748300,527.0
748400,405.0
748400,27.0
748500,39.0
748600,23.0
748800,14.0
749000,26.0
749000,506.0
749100,22.0
749100,3.0
749200,123.0
749200,36.0
749300,13.0
749400,2.0
749600,270.0
749600,93.0
749600,12.0
749600,12.0
749600,20.0
749700,13.0
749800,235.0
749800,15.0
749900,43.0
749900,18.0
750000,13.0
750000,38.0
750100,237.0
750200,26.0
750400,21.0
750400,90.0
750900,14.0
750900,117.0
751000,200.0
751000,1000.0
751300,12.0
751600,13.0
751600,120.0
752200,57.0
752200,57.0
752300,12.0
752600,28.0
753200,553.0
753600,12.0
753700,22.0
753800,778.0
754100,13.0
754200,36.0
754200,57.0
754300,4.0
754400,1000.0
755200,81.0
755300,195.0
755500,256.0
755600,64.0
755800,129.0
756300,70.0
756500,125.0
756500,87.0
756800,24.0
757000,492.0
757400,17.0
757600,78.0
757700,875.0
757900,258.0
757900,68.0
758100,186.0
758200,64.0
758300,281.0
758700,29.0
758900,22.0
759300,2.0
759300,162.0
759300,132.0
759400,96.0
759900,4.0
759900,3.0
760000,104.0
760100,305.0
760300,20.0
760300,117.0
760700,95.0
760800,27.0
760800,23.0
761100,65.0
761100,196.0
761100,127.0
761200,112.0
761200,57.0
761400,30.0
761400,526.0
761500,113.0
761500,14.0
761600,2.0
761600,144.0
761600,40.0
761800,128.0
761900,257.0
761900,164.0
761900,193.0
762000,3.0
762000,11.0
762100,3.0
762300,13.0
762300,2.0
762300,51.0
762600,128.0
762600,1000.0
762800,68.0
762800,33.0
763000,17.0
763100,325.0
763400,395.0
763600,33.0
763600,1000.0
763700,24.0
763800,411.0
763900,385.0
764100,97.0
764200,203.0
764300,25.0
764300,3.0
764400,12.0
764700,145.0
764700,254.0
764700,3.0
764800,147.0
764900,131.0
765200,536.0
765400,177.0
765400,521.0
765600,26.0
765700,3.0
765900,26.0
766100,44.0
766200,26.0
766300,206.0
766300,14.0
766600,162.0
766900,51.0
767100,128.0
767100,25.0
767200,178.0
767200,31.0
767400,25.0
767600,27.0
767600,176.0
767700,723.0
767900,54.0
768100,210.0
768200,170.0
768300,371.0
768400,241.0
768400,28.0
768400,261.0
768600,25.0
768700,13.0
768800,304.0
768800,45.0
768900,11.0
768900,13.0
769200,235.0
769300,222.0
769400,20.0
769400,3.0
769500,5.0
769500,22.0
769600,12.0
769600,203.0
769700,653.0
769800,73.0
769900,532.0
770000,3.0
770100,12.0
770100,37.0
770200,196.0
770200,63.0
770500,160.0
770700,29.0
770700,62.0
771300,175.0
771500,56.0
771600,37.0
771900,19.0
772500,146.0
772700,23.0
772700,440.0
772700,278.0
772800,38.0
772900,101.0
773100,24.0
773100,2.0
773400,36.0
773700,4.0
774000,54.0
774100,73.0
774300,129.0
774600,48.0
774800,19.0
774900,250.0
774900,31.0
775000,54.0
775000,226.0
775100,274.0
775400,15.0
775600,3.0
776200,76.0
776300,11.0
776300,470.0
776400,28.0
776500,114.0
776600,165.0
776900,83.0
777100,28.0
777100,818.0
777700,207.0
777700,26.0
777800,81.0
777900,77.0
778100,13.0
778100,80.0
778200,257.0
778200,15.0
778300,74.0
778300,112.0
778500,12.0
778700,104.0
778800,881.0
779100,88.0
779100,12.0
779100,97.0
779300,14.0
779300,3.0
779500,66.0
779600,13.0
779600,13.0
779800,25.0
779900,100.0
779900,178.0
780200,192.0
780500,12.0
780500,183.0
780600,201.0
780600,25.0
780900,25.0
781000,276.0
781100,715.0
781300,168.0
781400,123.0
781500,165.0
781600,23.0
781700,201.0
782100,117.0
782300,325.0
782500,24.0
782700,27.0
782700,202.0
782800,250.0
782900,353.0
782900,262.0
783000,225.0
783000,344.0
783000,37.0
783100,750.0
783300,38.0
783300,606.0
783600,41.0
783600,24.0
783600,19.0
783800,40.0
783900,50.0
784000,177.0
784200,221.0
784300,110.0
784600,96.0
784700,16.0
784800,139.0
784900,161.0
784900,14.0
785200,33.0
785300,15.0
785400,83.0
786100,1000.0
786200,14.0
786300,243.0
786400,31.0
786500,42.0
786700,38.0
786700,150.0
786800,17.0
786800,39.0
786900,20.0
787400,24.0
787500,44.0
787600,12.0
787900,16.0
788100,27.0
788100,300.0
788300,14.0
788700,100.0
788900,124.0
788900,159.0
789000,194.0
789000,14.0
789100,47.0
789100,337.0
789200,1000.0
789400,423.0
789500,3.0
789500,28.0
789500,57.0
789600,356.0
789600,3.0
790300,308.0
790300,497.0
790400,23.0
790400,1000.0
790500,60.0
790500,163.0
790600,51.0
790700,122.0
790900,74.0
791000,44.0
791000,145.0
791100,153.0
791200,71.0
791200,27.0
791500,434.0
791500,3.0
791500,212.0
791500,4.0
791600,2.0
791700,110.0
791800,48.0
791900,81.0
791900,42.0
791900,12.0
792000,298.0
792200,29.0
792300,27.0
792300,15.0
792300,108.0
792300,14.0
792400,251.0
792500,28.0
792500,269.0
792800,3.0
792900,299.0
793000,846.0
793000,47.0
793100,437.0
793100,14.0
793100,113.0
793200,11.0
793400,239.0
793400,12.0
793400,127.0
793500,208.0
793600,22.0
793700,112.0
793700,24.0
794000,13.0
794000,573.0
794000,23.0
794300,113.0
794400,160.0
794400,11.0
794400,279.0
794500,38.0
794600,13.0
794700,11.0
794800,14.0
794800,24.0
795000,19.0
795100,18.0
795200,196.0
795300,55.0
795400,389.0
795400,27.0
795500,36.0
795500,30.0
795600,18.0
795700,141.0
795700,27.0
795900,13.0
796000,23.0
796000,21.0
796000,11.0
796100,35.0
796100,129.0
796200,3.0
796300,374.0
796300,15.0
796500,23.0
796700,76.0
796800,36.0
796800,3.0
797000,12.0
797100,333.0
797200,307.0
797200,74.0
797500,13.0
797600,3.0
797700,3.0
797900,215.0
797900,16.0
797900,96.0
798100,3.0
798100,11.0
798100,323.0
798100,35.0
798200,3.0
798500,4.0
798500,35.0
798600,27.0
798700,179.0
799000,84.0
799000,1000.0
799100,353.0
799200,23.0
799300,54.0
799600,383.0
799600,13.0
799800,37.0
800000,13.0
800100,95.0
800300,133.0
800600,50.0
800600,325.0
800700,256.0
800700,30.0
800700,113.0
800700,222.0
800700,95.0
800700,82.0
800800,62.0
801100,13.0
801100,23.0
801200,3.0
801200,3.0
801500,387.0
801500,26.0
801500,95.0
801600,13.0
801800,25.0
801800,13.0
801800,35.0
801800,4.0
801900,334.0
801900,11.0
801900,2.0
802000,26.0
802000,397.0
802000,11.0
802100,57.0
802100,3.0
802100,40.0
802400,62.0
802400,11.0
802600,5.0
802700,4.0
802900,178.0
803200,287.0
803300,11.0
803300,86.0
803400,221.0
803500,13.0
803500,26.0
803600,52.0
803700,39.0
803800,46.0
803800,3.0
803800,323.0
803900,13.0
804000,122.0
804200,137.0
804200,121.0
804300,211.0
804300,101.0
804300,4.0
804300,23.0
804400,4.0
804500,88.0
804600,51.0
804600,33.0
804600,15.0
804700,220.0
804800,170.0
804800,573.0
804800,76.0
804900,62.0
805000,434.0
805000,13.0
805100,5.0
805100,29.0
805100,43.0
805300,3.0
805400,3.0
805400,12.0
805400,19.0
805600,12.0
805600,82.0
805700,4.0
805700,13.0
805700,12.0
805800,102.0
805800,103.0
805900,78.0
806200,2.0
806300,11.0
806300,80.0
806300,111.0
806500,63.0
806600,30.0
806800,12.0
806900,24.0
807000,11.0
807000,87.0
807100,12.0
807300,25.0
807300,24.0
807400,27.0
807400,142.0
807400,9.0
807400,21.0
807600,47.0
807700,43.0
807700,475.0
807800,277.0
807800,11.0
807900,69.0
808000,57.0
808000,40.0
808300,66.0
808300,3.0
808500,10.0
808500,3.0
808600,26.0
808700,11.0
808700,2.0
808700,37.0
808800,134.0
808800,219.0
809000,173.0
809200,37.0
809200,13.0
809400,94.0
809700,161.0
809800,23.0
809800,4.0
809800,42.0
809900,319.0
809900,11.0
810000,21.0
810100,269.0
810200,57.0
810200,3.0
810200,152.0
810300,62.0
810300,22.0
810400,4.0
810500,240.0
810600,164.0
810600,38.0
810600,26.0
810700,17.0
810900,44.0
810900,44.0
810900,81.0
810900,22.0
811000,93.0
811000,18.0
811000,10.0
811200,221.0
811200,159.0
811200,3.0
811200,11.0
811400,64.0
811400,50.0
811500,43.0
811500,26.0
811500,3.0
811600,93.0
811600,124.0
811600,159.0
811700,13.0
811700,72.0
811800,70.0
811900,248.0
811900,61.0
811900,13.0
812000,153.0
812000,26.0
812000,3.0
812100,60.0
812100,84.0
812100,176.0
812300,33.0
812500,11.0
812500,373.0
812500,3.0
812600,229.0
812600,44.0
812600,24.0
812700,79.0
812800,330.0
812800,11.0
812800,3.0
812900,2.0
812900,103.0
812900,208.0
813000,54.0
813000,52.0
813100,58.0
813200,10.0
813300,32.0
813300,26.0
813400,81.0
813400,3.0
813500,27.0
813500,4.0
813600,31.0
813600,28.0
813600,5.0
813700,117.0
813700,23.0
813800,8.0
813900,169.0
814000,19.0
814000,17.0
814100,176.0
814100,45.0
814200,2.0
814200,376.0
814200,133.0
814300,56.0
814500,3.0
814600,70.0
814800,14.0
814900,17.0
814900,11.0
814900,30.0
815000,253.0
815000,12.0
815000,80.0
815300,68.0
815300,11.0
815400,3.0
815500,28.0
815600,193.0
815600,39.0
815700,41.0
815800,21.0
816000,55.0
816200,11.0
816300,227.0
816600,77.0
816600,261.0
816800,110.0
816800,24.0
816900,14.0
817000,58.0
817000,41.0
817300,50.0
817400,102.0
817500,47.0
817600,57.0
817600,68.0
817700,288.0
817700,59.0
817700,2.0
817800,16.0
817800,39.0
817900,11.0
818100,4.0
818200,162.0
818300,386.0
818400,14.0
818600,346.0
818900,41.0
818900,31.0
819100,39.0
819100,3.0
819100,58.0
819100,177.0
819300,57.0
819300,184.0
819300,82.0
819400,37.0
819400,352.0
819600,49.0
819600,24.0
819700,4.0
819700,25.0
819800,158.0
819800,13.0
819800,3.0
820000,20.0
820000,97.0
820000,77.0
820000,24.0
820100,15.0
820100,112.0
820100,79.0
820200,98.0
820200,3.0
820300,182.0
820300,66.0
820300,3.0
820400,88.0
820400,2.0
820500,105.0
820600,11.0
820600,22.0
820700,459.0
820700,4.0
820900,91.0
820900,38.0
820900,53.0
821000,3.0
821000,12.0
821100,3.0
821200,10.0
821200,3.0
821200,12.0
821300,157.0
821300,11.0
821400,3.0
821400,36.0
821700,3.0
821700,24.0
821700,3.0
821900,3.0
822000,27.0
822100,10.0
822200,3.0
822200,23.0
822200,414.0
822300,18.0
822400,3.0
822400,777.0
822500,46.0
822500,80.0
822600,11.0
822600,98.0
822600,206.0
822700,506.0
822700,24.0
822800,176.0
822800,98.0
822900,48.0
822900,2.0
822900,10.0
823000,103.0
823000,126.0
823100,314.0
823100,3.0
823200,20.0
823200,10.0
823300,3.0
823300,25.0
823400,25.0
823400,21.0
823400,55.0
823500,2.0
823600,344.0
823900,3.0
824100,12.0
824200,121.0
824200,128.0
824500,115.0
824700,89.0
824700,13.0
824700,36.0
824800,113.0
824800,42.0
824900,13.0
824900,85.0
825000,71.0
825100,26.0
825200,33.0
825200,2.0
825300,57.0
825400,63.0
825400,3.0
825500,11.0
825600,51.0
825600,32.0
825700,118.0
825700,31.0
825800,26.0
825900,148.0
825900,59.0
825900,116.0
826000,32.0
826100,118.0
826100,4.0
826200,38.0
826400,3.0
826500,154.0
826500,2.0
826500,4.0
826500,15.0
826600,96.0
826700,536.0
826700,87.0
826900,13.0
826900,25.0
826900,10.0
827000,3.0
827100,120.0
827400,198.0
827400,124.0
827500,37.0
827500,26.0
827600,3.0
827600,138.0
827600,22.0
827600,23.0
827600,53.0
827600,52.0
827800,66.0
827800,2.0
827800,23.0
827900,10.0
827900,44.0
828000,65.0
828100,30.0
828100,67.0
828100,3.0
828200,22.0
828200,26.0
828200,4.0
828300,3.0
828300,212.0
828300,92.0
828300,3.0
828500,107.0
828500,23.0
828700,16.0
828700,167.0
828900,2.0
829000,64.0
829100,23.0
829200,140.0
829400,23.0
829500,93.0
829600,12.0
829600,492.0
829600,11.0
829600,64.0
829700,66.0
829800,102.0
829800,44.0
829900,171.0
829900,12.0
830100,3.0
830100,3.0
830200,25.0
830200,98.0
830500,22.0
830500,77.0
830600,28.0
830600,344.0
830600,43.0
830600,13.0
830700,3.0
831000,76.0
831000,127.0
831100,3.0
831100,33.0
831100,53.0
831100,33.0
831300,24.0
831300,13.0
831500,21.0
831500,68.0
831600,156.0
831700,162.0
831700,2.0
831800,54.0
831800,29.0
832000,208.0
832100,3.0
832200,211.0
832300,264.0
832300,119.0
832300,65.0
832300,3.0
832500,73.0
832600,167.0
832900,30.0
832900,185.0
833000,11.0
833000,17.0
833000,135.0
833000,3.0
833100,95.0
833200,55.0
833300,18.0
833300,26.0
833300,20.0
833500,170.0
833500,3.0
833600,3.0
833700,46.0
833700,13.0
833900,96.0
834400,83.0
834400,72.0
834400,73.0
834600,61.0
834700,22.0
834800,28.0
834900,14.0
834900,3.0
835000,425.0
835100,14.0
835200,13.0
835300,28.0
835600,204.0
835800,3.0
835900,21.0
836000,35.0
836100,3.0
836200,64.0
836200,53.0
836300,96.0
836300,28.0
836400,3.0
836500,61.0
836700,19.0
836800,232.0
836900,20.0
837100,138.0
837200,21.0
837200,60.0
837300,9.0
837300,3.0
837600,11.0
837800,234.0
837800,3.0
837900,83.0
837900,15.0
838200,264.0
838500,101.0
838600,102.0
838700,55.0
838900,72.0
839000,19.0
839000,269.0
839000,68.0
839100,60.0
839100,29.0
839200,41.0
839600,15.0
839600,16.0
839800,542.0
839900,71.0
840000,47.0
840000,173.0
840100,21.0
840300,118.0
840300,11.0
840500,3.0
840600,14.0
840700,204.0
840700,23.0
840800,126.0
840800,56.0
841100,38.0
841100,33.0
841300,38.0
841400,79.0
841600,25.0
841600,3.0
841700,137.0
841800,133.0
841800,202.0
842000,153.0
842100,89.0
842200,29.0
842300,3.0
842500,22.0
842500,3.0
842600,39.0
842600,3.0
842700,102.0
842700,61.0
843000,2.0
843100,11.0
843100,3.0
843200,3.0
843400,34.0
843400,126.0
843500,3.0
843600,38.0
843600,3.0
843700,12.0
843700,43.0
843700,399.0
843900,138.0
844000,162.0
844100,109.0
844200,3.0
844200,3.0
844600,215.0
844700,3.0
844800,21.0
845000,336.0
845100,3.0
845100,15.0
845300,40.0
845300,3.0
845400,62.0
845400,141.0
845600,207.0
845700,83.0
845900,50.0
846000,119.0
846100,255.0
846300,214.0
846300,54.0
846400,183.0
846400,161.0
846500,234.0
846500,22.0
846500,31.0
846900,28.0
846900,20.0
847000,173.0
847300,190.0
847300,110.0
847300,11.0
847400,281.0
847400,64.0
847500,94.0
847500,129.0
847500,10.0
847600,137.0
847700,242.0
847700,345.0
847700,154.0
847800,195.0
847900,55.0
848000,213.0
848200,341.0
848200,11.0
848300,202.0
848400,86.0
848500,80.0
848500,674.0
848500,131.0
848500,58.0
848600,71.0
848800,13.0
848900,33.0
848900,172.0
848900,124.0
849100,39.0
849100,190.0
849100,183.0
849300,27.0
849300,201.0
849300,234.0
849400,196.0
849400,10.0
849400,50.0
849500,10.0
849500,128.0
849500,94.0
849600,41.0
849700,184.0
849800,477.0
849800,23.0
849800,22.0
850000,3.0
850000,13.0
850000,71.0
850100,127.0
850100,10.0
850200,35.0
850300,157.0
850500,23.0
850700,17.0
850700,3.0
850700,339.0
850700,27.0
851000,19.0
851000,102.0
851000,43.0
851100,245.0
851300,4.0
851400,19.0
851400,107.0
851400,12.0
851500,178.0
851600,3.0
851600,17.0
851800,25.0
851800,187.0
851900,3.0
852100,284.0
852300,11.0
852300,58.0
852300,11.0
852300,36.0
852300,14.0
852400,3.0
852600,29.0
852800,3.0
852800,110.0
852800,91.0
852900,11.0
852900,13.0
852900,17.0
852900,74.0
853000,2.0
853100,11.0
853100,31.0
853300,91.0
853400,81.0
853400,265.0
853400,3.0
853800,36.0
853900,41.0
853900,3.0
854000,152.0
854200,63.0
854200,19.0
854200,104.0
854300,12.0
854300,12.0
854400,155.0
854400,128.0
854500,242.0
854500,36.0
854600,177.0
854600,13.0
854600,50.0
854700,3.0
854700,11.0
854800,71.0
854800,350.0
854900,46.0
854900,90.0
855000,3.0
855300,253.0
855400,136.0
855500,68.0
855600,65.0
855600,12.0
855700,16.0
855800,328.0
855900,199.0
855900,354.0
856000,35.0
856100,10.0
856100,426.0
856100,3.0
856200,12.0
856300,161.0
856500,34.0
856500,88.0
856500,258.0
856700,11.0
856900,250.0
856900,21.0
856900,90.0
857000,11.0
857100,118.0
857200,3.0
857200,167.0
857200,10.0
857300,344.0
857400,44.0
857500,4.0
857500,29.0
857600,90.0
857600,59.0
857600,105.0
857600,13.0
857800,14.0
857900,27.0
858000,87.0
858000,3.0
858100,3.0
858200,86.0
858300,25.0
858300,33.0
858400,64.0
858400,276.0
858600,26.0
858600,19.0
858700,62.0
858800,40.0
858900,3.0
859000,74.0
859200,21.0
859200,43.0
859300,20.0
859300,32.0
859400,14.0
859500,99.0
859500,11.0
859600,24.0
859700,19.0
859800,24.0
859800,10.0
859900,58.0
859900,55.0
859900,4.0
860000,17.0
860000,25.0
860200,66.0
860200,72.0
860200,17.0
860300,21.0
860300,3.0
860400,126.0
860400,78.0
860400,3.0
860400,3.0
860400,3.0
860500,11.0
860500,42.0
860500,3.0
860500,129.0
860700,65.0
860700,3.0
860800,3.0
860800,17.0
860900,3.0
860900,3.0
861100,33.0
861100,2.0
861100,56.0
861100,62.0
861100,96.0
861200,2.0
861200,61.0
861200,137.0
861300,65.0
861300,301.0
861300,88.0
861400,17.0
861400,25.0
861400,84.0
861500,131.0
861600,12.0
861600,3.0
861800,26.0
861800,3.0
861900,3.0
862000,187.0
862000,2.0
862000,118.0
862000,18.0
862000,88.0
862100,133.0
862100,11.0
862200,28.0
862200,26.0
862200,2.0
862300,3.0
862300,77.0
862300,23.0
862400,231.0
862400,158.0
862400,17.0
862400,26.0
862500,12.0
862500,3.0
862600,59.0
862600,123.0
862600,10.0
862600,117.0
862600,133.0
862700,3.0
862700,21.0
862700,189.0
862800,11.0
862800,2.0
862800,3.0
862900,94.0
862900,219.0
863000,23.0
863000,3.0
863000,2.0
863000,172.0
863000,63.0
863100,50.0
863200,18.0
863300,4.0
863300,146.0
863300,133.0
863300,194.0
863300,62.0
863500,3.0
863600,3.0
863600,141.0
863600,23.0
863600,21.0
863700,15.0
863700,3.0
863700,15.0
863900,21.0
863900,17.0
864000,2.0
864100,3.0
864100,3.0
864200,163.0
864200,12.0
864300,12.0
864300,32.0
864300,12.0
864300,17.0
864300,293.0
864400,3.0
864500,18.0
864500,13.0
864500,17.0
864600,56.0
864600,11.0
864700,25.0
864700,3.0
864700,40.0
864700,32.0
864700,371.0
864800,123.0
864900,24.0
864900,11.0
864900,52.0
864900,43.0
864900,35.0
864900,26.0
865000,11.0
865000,13.0
865000,3.0
865100,23.0
865100,2.0
865100,10.0
865300,3.0
865400,26.0
865600,82.0
865700,33.0
865800,28.0
865800,3.0
865800,26.0
865900,31.0
866000,13.0
866100,37.0
866200,37.0
866200,165.0
866300,33.0
866300,52.0
866300,54.0
866300,3.0
866400,65.0
866500,12.0
866600,15.0
866600,17.0
866600,103.0
866600,230.0
866700,16.0
866700,14.0
866700,22.0
866900,26.0
867000,22.0
867000,84.0
867100,20.0
867100,65.0
867200,20.0
867300,21.0
867500,11.0
867600,25.0
867600,27.0
867700,32.0
867700,32.0
867700,3.0
867700,12.0
867700,42.0
867900,75.0
868000,51.0
868100,440.0
868100,13.0
868200,23.0
868200,3.0
868200,3.0
868200,219.0
868300,136.0
868300,11.0
868300,48.0
868300,40.0
868300,107.0
868300,138.0
868500,41.0
868600,146.0
868600,35.0
868800,3.0
868800,3.0
868800,3.0
868800,17.0
868800,36.0
868800,20.0
868900,21.0
868900,28.0
869000,105.0
869100,16.0
869200,23.0
869200,60.0
869300,61.0
869300,3.0
869300,3.0
869400,49.0
869400,9.0
869400,11.0
869400,21.0
869600,11.0
869700,2.0
869800,38.0
869900,27.0
870000,27.0
870100,35.0
870300,38.0
870400,97.0
870400,65.0
870600,3.0
870600,21.0
870700,94.0
870800,73.0
871100,19.0
871100,53.0
871300,100.0
871300,22.0
871400,23.0
871400,49.0
871500,92.0
871500,50.0
871500,19.0
871500,73.0
871600,67.0
871800,28.0
871800,12.0
871800,28.0
871900,24.0
871900,41.0
872000,33.0
872000,3.0
872100,265.0
872100,3.0
872400,14.0
872500,24.0
872600,149.0
872700,11.0
872800,167.0
873100,32.0
873100,52.0
873100,4.0
873100,11.0
873200,42.0
873300,24.0
873400,13.0
873400,34.0
873500,72.0
873600,3.0
873600,19.0
873800,25.0
873900,22.0
873900,90.0
874000,124.0
874000,3.0
874000,62.0
874000,235.0
874100,64.0
874100,3.0
874400,2.0
874600,26.0
874600,11.0
874700,39.0
874900,53.0
874900,110.0
875000,37.0
875200,234.0
875300,188.0
875300,292.0
875400,25.0
875400,11.0
875400,34.0
875500,39.0
875500,173.0
875700,143.0
875800,2.0
875800,79.0
875800,277.0
875900,63.0
875900,252.0
875900,3.0
875900,3.0
876000,5.0
876000,38.0
876100,92.0
876200,3.0
876200,188.0
876300,73.0
876300,3.0
876300,57.0
876400,15.0
876400,292.0
876400,83.0
876500,39.0
876500,17.0
876600,3.0
876700,74.0
876700,12.0
876700,114.0
876800,80.0
876800,22.0
876800,235.0
876900,17.0
876900,36.0
877000,3.0
877100,3.0
877100,29.0
877200,32.0
877200,3.0
877200,21.0
877200,143.0
877300,3.0
877300,12.0
877300,2.0
877300,50.0
877400,80.0
877500,91.0
877800,12.0
877800,4.0
877800,48.0
877800,13.0
877900,174.0
877900,4.0
878000,44.0
878100,16.0
878100,160.0
878100,83.0
878200,18.0
878300,2.0
878300,3.0
878300,16.0
878300,22.0
878400,22.0
878400,30.0
878400,20.0
878600,3.0
878600,98.0
878600,11.0
878600,12.0
878700,4.0
878900,105.0
878900,55.0
879100,25.0
879100,58.0
879100,48.0
879100,3.0
879200,18.0
879200,11.0
879200,18.0
879200,130.0
879200,97.0
879200,77.0
879300,99.0
879300,236.0
879300,36.0
879300,126.0
879400,21.0
879400,110.0
879500,2.0
879600,3.0
879700,28.0
879700,3.0
879800,25.0
879800,3.0
879900,332.0
879900,299.0
880000,30.0
880000,24.0
880000,35.0
880000,92.0
880100,29.0
880200,41.0
880200,3.0
880400,18.0
880500,11.0
880500,90.0
880500,227.0
880600,12.0
880600,12.0
880700,22.0
880700,3.0
880700,3.0
880800,72.0
880800,10.0
880900,12.0
881000,2.0
881200,3.0
881200,11.0
881300,3.0
881400,25.0
881400,29.0
881400,11.0
881500,16.0
881600,56.0
881600,160.0
881600,36.0
881700,3.0
881800,122.0
881800,3.0
881800,23.0
881900,168.0
881900,33.0
882000,69.0
882300,11.0
882400,145.0
882400,3.0
882400,279.0
882800,34.0
883200,111.0
883200,37.0
883300,207.0
883400,63.0
883500,97.0
883500,47.0
883900,43.0
883900,23.0
884000,56.0
884300,50.0
884300,77.0
884300,25.0
884400,23.0
884600,46.0
884600,27.0
884800,31.0
884800,12.0
884800,22.0
884800,34.0
884900,23.0
885100,109.0
885200,64.0
885600,21.0
885600,14.0
885700,3.0
885800,524.0
886000,72.0
886200,82.0
886200,44.0
886300,45.0
886300,180.0
886400,204.0
886600,50.0
886900,3.0
887000,188.0
887000,142.0
887300,67.0
887600,230.0
887700,458.0
887700,135.0
887800,161.0
887800,98.0
887800,130.0
887900,88.0
887900,86.0
888100,47.0
888700,22.0
888700,29.0
888700,410.0
888800,131.0
888900,25.0
889000,82.0
889100,11.0
889100,244.0
889200,304.0
889400,53.0
889500,44.0
889500,93.0
889700,25.0
889700,95.0
889700,75.0
890000,4.0
890000,198.0
890400,54.0
890600,9.0
890700,259.0
891100,285.0
891300,88.0
891600,421.0
891600,107.0
891600,14.0
891700,28.0
892000,41.0
892100,28.0
893100,13.0
893500,160.0
893600,56.0
893700,151.0
894300,149.0
894600,65.0
894700,14.0
894800,51.0
894900,26.0
895000,175.0
895100,29.0
895200,13.0
895300,168.0
895700,312.0
895900,99.0
897100,164.0
897800,79.0
897900,274.0
898100,312.0
898300,299.0
898300,28.0
898900,44.0
899000,100.0
899100,119.0
899200,99.0
899700,171.0
900300,158.0
900600,221.0
900600,128.0
900600,56.0
900800,171.0
900900,268.0
901100,31.0
901200,210.0
901600,141.0
901600,157.0
901700,128.0
901800,217.0
901900,111.0
902000,149.0
902100,13.0
902100,173.0
902500,161.0
902900,127.0
903100,77.0
903100,26.0
903100,270.0
903200,138.0
903200,255.0
903300,183.0
903500,12.0
903500,17.0
903900,277.0
903900,45.0
903900,58.0
903900,28.0
904000,92.0
904200,104.0
904200,194.0
904200,57.0
904500,23.0
904700,132.0
904800,56.0
904900,168.0
905000,16.0
905100,138.0
905100,14.0
905600,29.0
905600,215.0
905800,67.0
906000,2.0
906200,197.0
906500,51.0
906600,24.0
906700,205.0
907100,213.0
907200,263.0
907200,20.0
907600,125.0
908500,303.0
909000,367.0
909300,62.0
910000,40.0
910000,38.0
910400,55.0
911700,132.0
912300,17.0
912700,244.0
912700,83.0
913200,98.0
915600,336.0
915800,266.0
915900,30.0
916000,125.0
916100,497.0
916200,89.0
916300,29.0
916300,143.0
916400,3.0
916500,266.0
916500,424.0
916600,173.0
916600,275.0
916700,360.0
916700,2.0
916700,287.0
916800,3.0
916900,50.0
917000,129.0
917000,271.0
917000,2.0
917100,375.0
917100,2.0
917100,219.0
917200,2.0
917200,128.0
917200,372.0
917400,379.0
917400,2.0
917500,540.0
917600,331.0
917600,51.0
917700,167.0
918000,130.0
918200,3.0
918200,141.0
918200,18.0
918200,399.0
918600,2.0
918700,592.0
918800,96.0
918800,170.0
918800,299.0
918800,320.0
918800,338.0
918900,13.0
919000,103.0
919000,157.0
919100,24.0
919300,19.0
919400,120.0
919400,2.0
919400,357.0
919600,143.0
919700,19.0
919800,280.0
919800,154.0
919800,24.0
919900,392.0
920000,29.0
920200,2.0
920200,3.0
920300,358.0
920300,3.0
920300,34.0
920300,180.0
920400,14.0
920600,24.0
920700,539.0
920800,175.0
920800,2.0
920900,210.0
920900,21.0
920900,9.0
921000,47.0
921100,15.0
921100,13.0
921300,55.0
921400,368.0
921400,36.0
921500,31.0
921600,406.0
921700,15.0
921700,41.0
921900,29.0
921900,14.0
922100,48.0
922200,18.0
922300,2.0
922300,32.0
922400,20.0
922400,52.0
922500,52.0
922700,266.0
922800,170.0
922800,177.0
922900,160.0
922900,24.0
923000,20.0
923000,400.0
923200,3.0
923200,36.0
923500,3.0
923600,43.0
923700,3.0
923700,47.0
923800,76.0
923800,27.0
923900,2.0
923900,21.0
924000,199.0
924100,72.0
924100,11.0
924100,421.0
924200,408.0
924200,178.0
924400,17.0
924400,36.0
924400,3.0
924500,2.0
924500,204.0
924600,15.0
924700,179.0
924800,29.0
924800,395.0
925000,155.0
925000,3.0
925100,332.0
925200,2.0
925200,41.0
925300,34.0
925400,49.0
925400,38.0
925400,2.0
925600,487.0
925600,273.0
925600,154.0
925700,23.0
925700,36.0
925700,2.0
925700,348.0
925700,10.0
925700,224.0
925800,205.0
925800,16.0
925800,33.0
926000,88.0
926000,65.0
926000,2.0
926000,131.0
926000,2.0
926000,28.0
926100,17.0
926100,22.0
926100,2.0
926200,3.0
926300,3.0
926300,53.0
926300,24.0
926400,38.0
926400,72.0
926400,162.0
926600,13.0
926600,76.0
926700,3.0
926700,2.0
926800,535.0
926800,55.0
926800,22.0
926900,21.0
926900,26.0
927000,102.0
927100,30.0
927100,15.0
927100,480.0
927100,11.0
927200,16.0
927300,27.0
927300,96.0
927300,457.0
927300,3.0
927400,3.0
927500,425.0
927500,2.0
927600,3.0
927700,46.0
927700,9.0
927700,199.0
927800,29.0
927800,3.0
927800,305.0
927900,266.0
928000,12.0
928100,15.0
928100,19.0
928100,2.0
928100,56.0
928100,35.0
928200,2.0
928200,109.0
928200,19.0
928200,116.0
928200,10.0
928300,14.0
928300,513.0
928600,3.0
928600,333.0
928600,212.0
928700,3.0
928700,2.0
928700,250.0
928700,76.0
928700,113.0
928800,26.0
928800,99.0
929000,15.0
929000,470.0
929100,79.0
929100,26.0
929100,25.0
929100,283.0
929100,37.0
929200,12.0
929200,54.0
929300,11.0
929300,387.0
929400,2.0
929400,2.0
929500,55.0
929500,55.0
929500,22.0
929500,35.0
929500,2.0
929600,3.0
929600,3.0
929700,2.0
929700,130.0
929800,3.0
929800,74.0
930000,3.0
930000,23.0
930000,11.0
930100,42.0
930100,254.0
930100,3.0
930100,2.0
930300,23.0
930700,64.0
930900,51.0
931100,14.0
931200,13.0
931400,101.0
931500,378.0
931600,38.0
931600,37.0
931800,117.0
931900,35.0
931900,517.0
931900,60.0
931900,22.0
932300,3.0
932300,48.0
932400,10.0
932500,51.0
932500,22.0
932600,103.0
932700,43.0
932700,16.0
932900,29.0
932900,24.0
933000,21.0
933000,78.0
933200,30.0
933500,85.0
933600,140.0
933800,54.0
933800,20.0
933900,36.0
934000,124.0
934100,181.0
934200,52.0
934300,84.0
934400,56.0
934400,79.0
934500,101.0
934600,63.0
934700,47.0
934700,68.0
934700,9.0
934800,46.0
934900,61.0
934900,22.0
935000,48.0
935500,93.0
935500,58.0
935700,36.0
936500,13.0
936700,64.0
936700,78.0
936900,110.0
937100,40.0
937100,45.0
937100,43.0
937400,40.0
937400,27.0
937700,107.0
937700,369.0
937900,30.0
937900,42.0
938200,105.0
938700,55.0
938900,32.0
939000,105.0
939100,43.0
939500,97.0
939500,180.0
939500,635.0
939600,112.0
939600,64.0
939800,136.0
939800,67.0
939800,49.0
939900,106.0
940200,443.0
940400,75.0
940400,115.0
940500,26.0
940600,37.0
940600,30.0
940900,25.0
941100,65.0
941400,143.0
941500,86.0
941500,9.0
941600,23.0
941700,75.0
941800,209.0
942000,29.0
942200,119.0
942400,127.0
942600,37.0
942800,69.0
942800,27.0
942800,55.0
942900,156.0
942900,199.0
943000,113.0
943000,33.0
943100,168.0
943200,14.0
943500,85.0
943800,117.0
944000,159.0
944000,115.0
944300,238.0
945000,17.0
945000,154.0
945000,43.0
945100,157.0
945100,162.0
945200,164.0
945400,48.0
945400,138.0
945900,27.0
946400,33.0
946700,37.0
947000,40.0
947100,592.0
947100,196.0
947300,210.0
947600,125.0
947700,79.0
947800,138.0
948300,229.0
948900,767.0
948900,59.0
949300,56.0
949500,97.0
949700,548.0
949700,86.0
949800,153.0
950100,45.0
950400,104.0
950600,216.0
950600,244.0
951100,228.0
951200,242.0
951800,99.0
952400,82.0
952800,311.0
952900,267.0
953000,78.0
953100,77.0
953100,123.0
953200,207.0
953300,99.0
953800,471.0
953800,86.0
953900,196.0
954200,286.0
954200,253.0
954400,102.0
954500,46.0
954600,68.0
954900,152.0
955200,179.0
955200,256.0
955200,171.0
955300,127.0
955400,134.0
955500,64.0
955500,64.0
955500,204.0
955600,207.0
955600,42.0
955700,49.0
955800,73.0
955900,51.0
956000,25.0
956000,642.0
956000,9.0
956100,192.0
956100,100.0
956100,3.0
956100,144.0
956300,2.0
956400,2.0
956400,164.0
956500,375.0
956500,92.0
956600,9.0
956600,93.0
956700,95.0
956800,144.0
956900,117.0
956900,15.0
956900,3.0
956900,385.0
956900,161.0
957000,2.0
957000,40.0
957100,552.0
957100,71.0
957100,140.0
957200,3.0
957300,2.0
957300,47.0
957400,16.0
957400,41.0
957400,17.0
957400,3.0
957500,764.0
957600,56.0
957600,77.0
957600,2.0
957700,71.0
957700,37.0
957800,257.0
957800,3.0
957800,15.0
957900,2.0
957900,13.0
957900,3.0
957900,157.0
958000,314.0
958000,2.0
958100,237.0
958100,205.0
958100,33.0
958100,2.0
958200,9.0
958200,38.0
958300,2.0
958300,204.0
958400,192.0
958400,109.0
958400,358.0
958500,14.0
958500,72.0
958500,25.0
958600,2.0
958600,10.0
958900,157.0
958900,27.0
958900,2.0
958900,33.0
958900,3.0
958900,16.0
959000,307.0
959000,10.0
959000,9.0
959100,234.0
959100,29.0
959100,60.0
959200,29.0
959200,21.0
959200,25.0
959300,2.0
959300,2.0
959300,59.0
959300,165.0
959300,2.0
959300,177.0
959600,63.0
959600,21.0
959600,196.0
959600,3.0
959700,3.0
959700,15.0
959700,3.0
959700,17.0
959700,2.0
959800,158.0
959800,11.0
959800,3.0
960100,38.0
960100,260.0
960100,42.0
960100,3.0
960200,3.0
960200,2.0
960200,16.0
960300,35.0
960300,3.0
960300,190.0
960300,22.0
960400,277.0
960400,109.0
960400,159.0
960400,47.0
960400,16.0
960500,50.0
960500,2.0
960600,239.0
960600,18.0
960600,126.0
960600,22.0
960600,3.0
960700,24.0
960700,15.0
960700,53.0
960800,17.0
960900,2.0
960900,3.0
960900,3.0
960900,3.0
961000,144.0
961000,2.0
961000,2.0
961000,264.0
961100,31.0
961100,2.0
961100,26.0
961200,3.0
961200,591.0
961300,28.0
961300,160.0
961400,117.0
961400,2.0
961400,111.0
961500,24.0
961600,340.0
961600,24.0
961600,49.0
961700,41.0
961700,85.0
961700,2.0
961700,323.0
961700,12.0
961700,2.0
961800,349.0
961800,325.0
961800,2.0
961900,79.0
961900,28.0
962000,21.0
962000,3.0
962100,300.0
962100,22.0
962200,35.0
962200,16.0
962300,250.0
962300,24.0
962300,3.0
962300,18.0
962300,2.0
962400,16.0
962400,48.0
962500,54.0
962500,307.0
962500,16.0
962500,17.0
962500,14.0
962600,31.0
962600,48.0
962600,147.0
962700,33.0
962700,20.0
962700,16.0
962800,56.0
962800,3.0
962800,3.0
962800,24.0
962900,4.0
963000,2.0
963000,44.0
963000,3.0
963000,3.0
963000,19.0
963100,26.0
963100,3.0
963100,2.0
963100,21.0
963100,53.0
963100,15.0
963200,2.0
963200,13.0
963200,3.0
963200,9.0
963200,28.0
963300,15.0
963300,87.0
963400,21.0
963400,51.0
963400,53.0
963500,3.0
963500,16.0
963500,29.0
963500,2.0
963600,38.0
963600,3.0
963600,89.0
963600,2.0
963600,10.0
963700,3.0
963700,3.0
963700,18.0
963700,83.0
963700,67.0
963800,182.0
963900,3.0
963900,2.0
963900,3.0
963900,23.0
964000,32.0
964000,58.0
964000,3.0
964000,2.0
964100,14.0
964100,18.0
964200,29.0
964200,22.0
964200,79.0
964200,3.0
964200,44.0
964300,48.0
964300,60.0
964300,174.0
964300,3.0
964400,3.0
964400,20.0
964400,2.0
964400,3.0
964400,52.0
964500,18.0
964500,10.0
964600,43.0
964600,3.0
964600,32.0
964600,10.0
964700,15.0
964700,2.0
964700,15.0
964800,2.0
964800,14.0
964800,308.0
964800,3.0
964900,29.0
964900,38.0
965000,71.0
965000,31.0
965100,18.0
965100,29.0
965100,20.0
965200,19.0
965300,27.0
965400,2.0
965500,26.0
965600,17.0
965700,286.0
965800,16.0
965900,8.0
965900,59.0
965900,41.0
966000,38.0
966000,23.0
966100,477.0
966200,64.0
966300,17.0
966300,22.0
966400,3.0
966400,267.0
966500,21.0
966500,3.0
966500,17.0
966500,26.0
966600,67.0
966600,53.0
966600,20.0
966700,94.0
966700,48.0
966800,9.0
967000,33.0
967000,45.0
967100,358.0
967100,24.0
967100,3.0
967200,21.0
967200,60.0
967400,26.0
967400,69.0
967400,53.0
967400,2.0
967500,34.0
967600,2.0
967600,51.0
967800,16.0
967800,2.0
967800,2.0
967800,75.0
967900,31.0
967900,33.0
967900,3.0
967900,86.0
968000,2.0
968100,109.0
968100,36.0
968300,100.0
968400,3.0
968500,32.0
968600,22.0
968700,57.0
968700,22.0
968700,60.0
968800,25.0
968800,38.0
969000,273.0
969000,9.0
969000,41.0
969100,24.0
969100,67.0
969300,21.0
969400,56.0
969500,2.0
969500,100.0
969600,41.0
969600,52.0
969600,58.0
969800,154.0
969800,48.0
970000,27.0
970000,65.0
970000,3.0
970100,57.0
970100,59.0
970100,15.0
970100,68.0
970100,18.0
970200,28.0
970200,24.0
970200,52.0
970200,64.0
970300,3.0
970300,21.0
970300,23.0
970300,30.0
970400,92.0
970400,2.0
970400,11.0
970500,22.0
970500,3.0
970500,63.0
970500,13.0
970500,25.0
970600,87.0
970600,40.0
970600,2.0
970700,17.0
970700,103.0
970700,2.0
970800,4.0
970800,27.0
970800,52.0
970800,65.0
970800,42.0
970800,63.0
970900,24.0
970900,114.0
970900,2.0
970900,3.0
970900,2.0
970900,3.0
971000,63.0
971000,78.0
971000,3.0
971000,306.0
971100,170.0
971100,3.0
971200,2.0
971200,3.0
971300,2.0
971400,61.0
971400,3.0
971400,4.0
971400,3.0
971500,39.0
971500,2.0
971500,3.0
971500,103.0
971600,82.0
971700,14.0
971700,3.0
971700,13.0
971700,48.0
971700,89.0
971800,2.0
971900,58.0
971900,4.0
971900,65.0
972100,2.0
972100,10.0
972100,26.0
972100,3.0
972100,72.0
972200,92.0
972200,3.0
972300,55.0
972300,342.0
972300,42.0
972300,43.0
972300,12.0
972300,73.0
972500,77.0
972500,17.0
972500,15.0
972500,35.0
972500,76.0
972500,22.0
972600,65.0
972600,3.0
972600,88.0
972600,73.0
972600,3.0
972600,16.0
972700,2.0
972700,20.0
972700,21.0
972700,39.0
972700,3.0
972800,39.0
972800,16.0
972900,21.0
972900,69.0
972900,25.0
972900,164.0
972900,56.0
973000,9.0
973000,28.0
973000,3.0
973000,2.0
973000,27.0
973100,3.0
973100,99.0
973200,67.0
973300,44.0
973300,41.0
973400,17.0
973400,2.0
973400,3.0
973400,3.0
973500,3.0
973500,30.0
973500,102.0
973600,15.0
973600,4.0
973600,17.0
973700,24.0
973700,20.0
973800,3.0
973800,22.0
973800,15.0
973900,3.0
973900,47.0
973900,4.0
973900,2.0
973900,41.0
974000,82.0
974000,42.0
974000,10.0
974000,24.0
974100,29.0
974100,3.0
974200,15.0
974300,2.0
974300,113.0
974300,40.0
974300,54.0
974300,3.0
974400,105.0
974400,27.0
974400,15.0
974500,4.0
974500,20.0
974500,101.0
974500,34.0
974500,2.0
974500,3.0
974600,49.0
974700,42.0
974700,9.0
974800,23.0
974800,96.0
974800,19.0
974900,3.0
974900,2.0
974900,16.0
975000,83.0
975000,10.0
975100,3.0
975100,298.0
975100,21.0
975200,32.0
975200,56.0
975200,469.0
975200,2.0
975200,10.0
975200,27.0
975300,86.0
975300,20.0
975300,2.0
975400,18.0
975400,27.0
975400,2.0
975400,56.0
975400,2.0
975500,27.0
975500,98.0
975500,2.0
975500,2.0
975500,55.0
975600,39.0
975600,2.0
975600,27.0
975600,2.0
975600,19.0
975600,22.0
975600,79.0
975700,143.0
975700,3.0
975700,111.0
975700,2.0
975700,3.0
975700,47.0
975800,2.0
975800,11.0
975800,3.0
975800,27.0
975900,47.0
975900,3.0
976000,3.0
976000,3.0
976000,46.0
976100,15.0
976100,34.0
976100,3.0
976100,16.0
976100,2.0
976100,4.0
976200,57.0
976200,92.0
976200,19.0
976300,22.0
976300,4.0
976400,14.0
976400,120.0
976400,45.0
976500,2.0
976500,97.0
976600,30.0
976600,3.0
976600,47.0
976600,2.0
976600,99.0
976600,173.0
976600,50.0
976700,22.0
976700,28.0
976700,3.0
976700,9.0
976700,80.0
976700,58.0
976800,17.0
976800,27.0
976800,99.0
976800,18.0
976800,9.0
976900,3.0
976900,2.0
976900,22.0
976900,15.0
977000,43.0
977000,10.0
977000,10.0
977000,2.0
977000,16.0
977100,2.0
977100,48.0
977100,3.0
977100,2.0
977100,3.0
977100,15.0
977200,3.0
977200,2.0
977200,17.0
977200,14.0
977200,25.0
977200,44.0
977200,2.0
977200,40.0
977200,2.0
977300,93.0
977300,37.0
977300,15.0
977300,2.0
977300,13.0
977400,64.0
977400,3.0
977400,2.0
977400,71.0
977500,3.0
977500,2.0
977500,47.0
977500,10.0
977600,2.0
977600,19.0
977700,3.0
977700,3.0
977800,46.0
977800,3.0
977800,160.0
977800,3.0
977800,2.0
977900,40.0
977900,3.0
977900,17.0
978000,9.0
978000,34.0
978000,2.0
978000,14.0
978100,39.0
978100,21.0
978100,60.0
978200,20.0
978200,3.0
978200,2.0
978200,13.0
978300,4.0
978300,14.0
978300,3.0
978300,15.0
978300,34.0
978300,52.0
978300,3.0
978300,16.0
978400,28.0
978400,3.0
978400,3.0
978500,32.0
978500,57.0
978500,58.0
978500,2.0
978500,40.0
978500,19.0
978500,146.0
978600,2.0
978600,27.0
978600,3.0
978700,15.0
978700,24.0
978700,2.0
978700,16.0
978800,3.0
978800,48.0
978800,3.0
978800,2.0
978800,2.0
978800,3.0
978900,42.0
978900,2.0
978900,2.0
978900,16.0
978900,32.0
978900,4.0
978900,19.0
978900,14.0
978900,2.0
978900,16.0
978900,2.0
978900,45.0
978900,2.0
979000,3.0
979000,3.0
979100,62.0
979100,54.0
979100,33.0
979100,68.0
979200,2.0
979200,29.0
979200,2.0
979200,2.0
979200,31.0
979200,16.0
979200,18.0
979300,2.0
979300,2.0
979300,16.0
979300,2.0
979300,2.0
979300,23.0
979300,3.0
979300,20.0
979300,2.0
979400,10.0
979400,3.0
979400,85.0
979400,3.0
979400,30.0
979500,2.0
979500,18.0
979500,22.0
979500,21.0
979500,17.0
979600,2.0
979600,28.0
979600,3.0
979600,2.0
979700,2.0
979700,2.0
979700,15.0
979700,3.0
979700,22.0
979700,3.0
979800,10.0
979800,3.0
979800,2.0
979800,2.0
979800,3.0
979800,9.0
979900,25.0
979900,2.0
980000,3.0
980000,28.0
980000,55.0
980000,26.0
980100,3.0
980100,45.0
980100,4.0
980100,56.0
980100,3.0
980200,26.0
980200,2.0
980200,3.0
980300,11.0
980300,15.0
980300,3.0
980400,10.0
980400,27.0
980500,10.0
980500,16.0
980500,21.0
980500,9.0
980500,10.0
980500,4.0
980600,15.0
980600,2.0
980600,17.0
980600,2.0
980600,3.0
980600,23.0
980600,43.0
980700,16.0
980700,45.0
980700,56.0
980800,17.0
980800,23.0
980800,34.0
980800,16.0
980800,9.0
980900,36.0
980900,46.0
980900,10.0
981000,52.0
981000,10.0
981000,63.0
981000,3.0
981000,51.0
981000,17.0
981000,2.0
981100,70.0
981100,22.0
981100,3.0
981200,32.0
981200,9.0
981200,30.0
981300,16.0
981300,32.0
981400,32.0
981400,89.0
981400,24.0
981400,3.0
981400,39.0
981500,15.0
981500,3.0
981500,25.0
981500,43.0
981700,86.0
981800,3.0
981800,16.0
981900,28.0
981900,12.0
981900,54.0
982000,21.0
982000,113.0
982000,25.0
982000,15.0
982000,24.0
982100,30.0
982100,21.0
982100,21.0
982100,4.0
982100,18.0
982100,9.0
982200,15.0
982200,93.0
982300,27.0
982300,49.0
982300,41.0
982300,39.0
982400,15.0
982400,17.0
982400,18.0
982500,16.0
982600,16.0
982600,25.0
982600,40.0
982600,102.0
982600,3.0
982700,102.0
982700,58.0
982700,15.0
982800,33.0
983000,3.0
983000,9.0
983000,14.0
983100,3.0
983100,20.0
983100,3.0
983100,37.0
983200,3.0
983200,41.0
983300,3.0
983400,18.0
983400,17.0
983500,3.0
983500,10.0
983500,10.0
983500,20.0
983500,22.0
983500,32.0
983500,33.0
983600,19.0
983600,10.0
983700,4.0
983700,14.0
983700,3.0
983800,15.0
983800,17.0
983800,39.0
983800,33.0
983900,17.0
983900,27.0
983900,41.0
983900,41.0
984000,23.0
984000,63.0
984000,28.0
984000,98.0
984100,21.0
984100,3.0
984100,31.0
984200,3.0
984200,37.0
984300,21.0
984400,30.0
984400,3.0
984400,95.0
984400,15.0
984500,52.0
984500,3.0
984500,24.0
984500,23.0
984600,38.0
984600,3.0
984700,31.0
984700,3.0
984800,37.0
984800,40.0
984800,24.0
984900,3.0
984900,35.0
984900,17.0
985000,9.0
985000,18.0
985000,41.0
985000,91.0
985100,83.0
985100,13.0
985200,39.0
985200,24.0
985200,19.0
985300,30.0
985300,37.0
985300,3.0
985300,68.0
985400,21.0
985400,41.0
985400,50.0
985500,18.0
985600,16.0
985600,19.0
985600,2.0
985600,3.0
985600,3.0
985700,62.0
985700,72.0
985700,10.0
985700,3.0
985800,3.0
985800,23.0
985900,3.0
985900,23.0
985900,17.0
986000,14.0
986000,2.0
986000,20.0
986100,123.0
986100,3.0
986100,15.0
986100,11.0
986100,24.0
986200,18.0
986200,59.0
986200,38.0
986300,24.0
986300,16.0
986300,14.0
986300,102.0
986400,2.0
986400,21.0
986400,28.0
986400,31.0
986400,3.0
986400,27.0
986500,2.0
986500,2.0
986500,2.0
986500,25.0
986500,39.0
986600,56.0
986600,15.0
986600,2.0
986600,3.0
986600,50.0
986700,30.0
986700,61.0
986700,16.0
986700,16.0
986700,3.0
986700,3.0
986800,39.0
986800,9.0
986900,32.0
986900,10.0
986900,10.0
987000,56.0
987000,3.0
987000,63.0
987000,68.0
987000,44.0
987000,62.0
987100,3.0
987100,2.0
987200,3.0
987200,92.0
987200,30.0
987200,49.0
987200,47.0
987200,9.0
987200,25.0
987300,2.0
987300,3.0
987300,11.0
987300,34.0
987400,13.0
987400,3.0
987400,3.0
987400,2.0
987500,3.0
987500,18.0
987500,2.0
987500,3.0
987600,21.0
987600,2.0
987600,10.0
987700,15.0
987700,3.0
987700,40.0
987800,10.0
987800,10.0
987900,29.0
987900,3.0
988000,15.0
988100,9.0
988100,29.0
988100,84.0
988200,21.0
988200,3.0
988300,9.0
988300,2.0
988300,71.0
988300,55.0
988300,16.0
988300,41.0
988400,77.0
988400,16.0
988500,2.0
988500,3.0
988500,42.0
988600,16.0
988600,3.0
988700,2.0
988700,10.0
988800,10.0
988800,66.0
988800,3.0
988800,3.0
988800,11.0
988900,29.0
988900,2.0
988900,70.0
988900,9.0
988900,15.0
989000,38.0
989000,62.0
989100,26.0
989200,37.0
989200,93.0
989200,47.0
989200,16.0
989200,23.0
989300,45.0
989300,16.0
989300,3.0
989300,52.0
989300,2.0
989400,27.0
989400,3.0
989400,19.0
989500,14.0
989500,20.0
989500,3.0
989500,10.0
989600,24.0
989600,21.0
989600,31.0
989700,3.0
989700,9.0
989700,3.0
989700,3.0
989700,2.0
989700,2.0
989700,41.0
989700,30.0
989800,39.0
989800,3.0
989800,20.0
989800,24.0
989900,39.0
989900,2.0
989900,3.0
989900,14.0
989900,2.0
989900,10.0
989900,131.0
990000,9.0
990000,24.0
990100,3.0
990100,107.0
990100,17.0
990100,49.0
990200,3.0
990200,11.0
990200,3.0
990200,23.0
990200,10.0
990300,18.0
990300,16.0
990300,29.0
990300,2.0
990300,69.0
990400,3.0
990400,10.0
990400,18.0
990400,56.0
990400,14.0
990500,18.0
990500,38.0
990600,66.0
990600,9.0
990600,2.0
990600,2.0
990600,54.0
990600,16.0
990700,33.0
990700,27.0
990800,2.0
990800,3.0
990800,9.0
990800,106.0
990800,50.0
990800,42.0
990900,9.0
990900,3.0
990900,10.0
990900,101.0
990900,36.0
991000,44.0
991000,56.0
991000,42.0
991000,10.0
991100,2.0
991100,56.0
991100,10.0
991100,53.0
991100,12.0
991100,15.0
991100,3.0
991100,15.0
991100,10.0
991200,43.0
991200,36.0
991300,15.0
991300,9.0
991300,91.0
991300,10.0
991300,8.0
991300,57.0
991300,48.0
991300,125.0
991300,12.0
991400,16.0
991400,3.0
991500,10.0
991500,9.0
991600,50.0
991600,3.0
991600,58.0
991700,2.0
991700,2.0
991700,26.0
991800,3.0
991800,14.0
991900,9.0
991900,16.0
991900,4.0
991900,12.0
991900,9.0
991900,26.0
992000,20.0
992000,3.0
992000,16.0
992100,4.0
992100,111.0
992100,101.0
992100,52.0
992100,3.0
992100,10.0
992100,10.0
992200,20.0
992200,33.0
992200,10.0
992200,8.0
992300,3.0
992300,15.0
992300,2.0
992300,39.0
992400,29.0
992400,3.0
992400,3.0
992400,16.0
992400,11.0
992400,9.0
992400,166.0
992500,17.0
992500,3.0
992500,117.0
992600,3.0
992600,79.0
992600,16.0
992600,17.0
992600,3.0
992600,85.0
992700,3.0
992800,29.0
992800,16.0
992800,33.0
992800,17.0
992800,16.0
992900,3.0
992900,16.0
992900,3.0
992900,3.0
992900,16.0
993000,107.0
993000,27.0
993100,23.0
993100,16.0
993100,18.0
993100,10.0
993200,33.0
993200,83.0
993200,32.0
993200,16.0
993300,10.0
993300,15.0
993300,32.0
993300,25.0
993300,56.0
993300,2.0
993400,62.0
993400,37.0
993400,44.0
993400,3.0
993500,9.0
993500,2.0
993500,23.0
993600,3.0
993600,61.0
993600,15.0
993600,34.0
993600,23.0
993600,2.0
993700,24.0
993700,27.0
993700,2.0
993700,36.0
993700,16.0
993800,10.0
993900,15.0
993900,16.0
993900,3.0
993900,15.0
993900,2.0
993900,21.0
993900,93.0
994000,21.0
994000,14.0
994000,57.0
994000,21.0
994100,28.0
994100,2.0
994100,2.0
994100,11.0
994200,4.0
994300,2.0
994300,55.0
994300,15.0
994300,2.0
994300,28.0
994300,3.0
994300,9.0
994300,2.0
994400,10.0
994400,9.0
994500,10.0
994500,9.0
994500,3.0
994500,10.0
994500,15.0
994500,17.0
994600,21.0
994600,21.0
994600,3.0
994700,2.0
994700,32.0
994700,42.0
994700,17.0
994700,2.0
994700,28.0
994700,10.0
994800,25.0
994800,3.0
994800,123.0
994900,80.0
994900,25.0
994900,3.0
994900,2.0
994900,3.0
995000,3.0
995000,9.0
995000,14.0
995000,15.0
995000,35.0
995000,17.0
995100,13.0
995100,21.0
995100,26.0
995200,3.0
995200,26.0
995200,9.0
995300,25.0
995300,42.0
995300,9.0
995400,44.0
995400,16.0
995400,76.0
995400,4.0
995500,12.0
995500,27.0
995500,3.0
995600,4.0
995600,17.0
995600,25.0
995700,18.0
995700,14.0
995700,29.0
995800,26.0
995800,44.0
995800,35.0
995800,9.0
995800,59.0
995800,16.0
995800,20.0
995900,23.0
995900,24.0
996000,9.0
996000,10.0
996100,11.0
996100,9.0
996100,16.0
996100,34.0
996200,9.0
996200,3.0
996300,3.0
996300,33.0
996300,43.0
996300,16.0
996300,40.0
996400,15.0
996400,17.0
996400,19.0
996500,39.0
996500,9.0
996500,31.0
996600,100.0
996600,72.0
996600,9.0
996600,63.0
996600,14.0
996600,25.0
996700,3.0
996700,9.0
996700,18.0
996700,10.0
996700,10.0
996800,3.0
996800,16.0
996800,27.0
996800,23.0
996900,64.0
997000,3.0
997000,21.0
997000,9.0
997000,10.0
997100,3.0
997100,16.0
997200,93.0
997200,3.0
997200,14.0
997300,3.0
997400,21.0
997400,42.0
997400,20.0
997500,9.0
997500,19.0
997500,3.0
997500,48.0
997700,4.0
997700,64.0
997800,3.0
997900,16.0
997900,32.0
997900,9.0
997900,19.0
998000,16.0
998000,170.0
998100,22.0
998100,39.0
998100,33.0
998100,19.0
998200,9.0
998200,44.0
998300,9.0
998300,16.0
998300,42.0
998300,32.0
998300,93.0
998300,58.0
998400,19.0
998600,3.0
998600,39.0
998600,18.0
998800,36.0
998800,3.0
998800,20.0
998900,23.0
998900,10.0
998900,34.0
998900,22.0
999000,21.0
999100,35.0
999100,46.0
999100,40.0
999200,29.0
999200,59.0
999200,38.0
999200,16.0
999300,32.0
999300,21.0
999300,3.0
999400,72.0
999400,26.0
999500,14.0
999500,9.0
999500,10.0
999500,11.0
999600,3.0
999700,68.0
999700,91.0
999700,46.0
999700,37.0
999700,41.0
999800,21.0
999900,3.0
999900,83.0
999900,23.0
