episode_id,length,total_reward,has_disturbance,mean_alpha_target
0,23,0.19657684862613678,0,0.8999998569488525
1,51,-18.416393280029297,0,0.9000000953674316
2,16,-18.632465362548828,0,0.8999999761581421
3,184,-100.47909545898438,0,0.8999999761581421
4,107,2.7147905826568604,0,0.8999999761581421
5,81,-14.848564147949219,0,0.9000000357627869
6,25,-22.26169776916504,0,0.8999999165534973
7,171,-117.76338195800781,0,0.8999999761581421
8,30,-0.31071925163269043,0,0.8999998569488525
9,35,-1.0779595375061035,0,0.8999999165534973
10,17,3.303025007247925,0,0.8999999761581421
11,34,-7.9311604499816895,0,0.8999999761581421
12,151,-43.271331787109375,0,0.9000001549720764
13,30,1.5505783557891846,0,0.8999998569488525
14,24,-4.679254531860352,1,0.10000000149011612
15,160,-52.488861083984375,1,0.10000000894069672
16,1001,-333.759765625,1,0.10000001639127731
17,44,-27.699642181396484,0,0.9000001549720764
18,149,-39.42544174194336,0,0.9000000357627869
19,97,-35.86307144165039,0,0.8999999761581421
20,66,-25.458370208740234,0,0.9000000953674316
21,104,-27.543851852416992,0,0.8999999165534973
22,52,-44.501922607421875,0,0.9000001549720764
23,248,-84.03985595703125,0,0.8999998569488525
24,79,41.00735092163086,1,0.10000000149011612
25,1001,-350.4453125,0,0.8999999165534973
26,73,-50.52586364746094,1,0.10000000894069672
27,74,-26.706270217895508,0,0.9000000953674316
28,192,-91.69898223876953,0,0.8999999165534973
29,51,-21.123018264770508,0,0.9000000953674316
30,75,-8.992568016052246,0,0.9000000953674316
31,114,-73.87345886230469,0,0.8999999165534973
32,220,-81.06041717529297,0,0.8999999165534973
33,115,-94.78474426269531,0,0.8999999165534973
34,37,-0.7736741304397583,1,0.09999998658895493
35,1001,393.2164611816406,0,0.8999999165534973
36,179,-46.62415313720703,0,0.9000000357627869
37,47,-2.1642439365386963,0,0.9000002145767212
38,125,-43.09408187866211,0,0.8999999165534973
39,173,-94.99727630615234,0,0.9000000953674316
40,109,20.726764678955078,0,0.8999999761581421
41,99,17.253738403320312,0,0.8999999761581421
42,20,-11.466493606567383,1,0.10000000149011612
43,415,-52.78813552856445,0,0.8999999761581421
44,59,-6.140665531158447,0,0.9000000953674316
45,254,-32.61958312988281,0,0.9000000357627869
46,27,12.433919906616211,1,0.09999999403953552
47,18,-7.808677673339844,0,0.8999999165534973
48,17,0.12353038787841797,1,0.10000000149011612
49,160,30.132076263427734,0,0.8999999761581421
50,1001,-119.6051025390625,0,0.8999999165534973
51,201,48.63034439086914,0,0.8999999761581421
52,1001,-70.343994140625,1,0.10000001639127731
53,51,-22.73627281188965,0,0.9000000953674316
54,140,6.974115371704102,0,0.9000000953674316
55,26,-3.6052603721618652,0,0.8999999165534973
56,57,-24.172142028808594,0,0.9000000357627869
57,60,8.862956047058105,0,0.9000001549720764
58,1001,-141.8419647216797,0,0.8999999165534973
59,45,12.705324172973633,0,0.9000001549720764
60,35,-16.317546844482422,0,0.8999999165534973
61,13,5.7245402336120605,0,0.8999998569488525
62,16,-19.149520874023438,0,0.8999999761581421
63,70,-14.713709831237793,1,0.10000000149011612
64,143,-5.73262357711792,0,0.9000000953674316
65,436,-3.085948944091797,0,0.8999999165534973
66,80,2.4378912448883057,1,0.10000000894069672
67,1001,-134.25241088867188,0,0.8999999165534973
68,17,-0.7603399753570557,0,0.8999999761581421
69,42,-17.9322452545166,0,0.9000000953674316
70,453,57.48881530761719,0,0.8999999165534973
71,20,4.993508338928223,0,0.8999999165534973
72,292,-12.739830017089844,0,0.9000000357627869
73,135,12.753597259521484,0,0.9000000953674316
74,33,4.427117347717285,0,0.8999999761581421
75,81,10.4002103805542,0,0.9000000357627869
76,150,-24.624797821044922,0,0.9000000953674316
77,85,11.736614227294922,0,0.9000000953674316
78,185,38.82743835449219,0,0.8999999761581421
79,246,42.97930908203125,0,0.8999999165534973
80,1001,-135.59909057617188,0,0.8999999165534973
81,34,2.672712564468384,0,0.8999999761581421
82,73,13.651161193847656,0,0.9000000357627869
83,1001,6.837867736816406,0,0.8999999165534973
84,224,2.230836868286133,1,0.10000001639127731
85,24,7.856901168823242,0,0.8999999165534973
86,175,-35.146766662597656,0,0.8999999761581421
87,177,27.247623443603516,0,0.8999999165534973
88,1001,42.80413818359375,0,0.8999999165534973
89,36,6.980398178100586,1,0.09999999403953552
90,159,-34.0593147277832,0,0.9000000357627869
91,1001,-108.05545043945312,0,0.8999999165534973
92,1001,96.14289855957031,0,0.8999999165534973
93,60,-0.733474850654602,0,0.9000001549720764
94,287,-77.107666015625,0,0.9000001549720764
95,48,12.115278244018555,0,0.9000000357627869
96,201,101.4916763305664,0,0.8999999761581421
97,47,4.192199230194092,1,0.09999998658895493
98,1001,-70.54795837402344,0,0.8999999165534973
99,136,6.904712677001953,0,0.9000000953674316
100,1001,34.47779846191406,0,0.8999999165534973
101,23,4.998873710632324,1,0.09999998658895493
102,221,-53.18376541137695,0,0.8999999761581421
103,65,25.233850479125977,0,0.9000000357627869
104,110,18.30521583557129,1,0.10000003129243851
105,71,-7.541014194488525,0,0.9000001549720764
106,51,19.106904983520508,1,0.10000000149011612
107,1001,-189.2950439453125,0,0.8999999165534973
108,16,2.5647706985473633,1,0.10000000149011612
109,181,38.8484001159668,1,0.10000002384185791
110,89,9.349044799804688,0,0.8999999761581421
111,68,27.73423194885254,0,0.9000000953674316
112,204,26.480613708496094,0,0.8999999761581421
113,94,11.427631378173828,0,0.9000000357627869
114,36,-12.06343936920166,1,0.09999999403953552
115,441,145.46084594726562,1,0.10000001639127731
116,235,-46.34420394897461,0,0.8999998569488525
117,190,-33.47230911254883,1,0.10000001639127731
118,157,42.89605712890625,0,0.9000000953674316
119,1001,-242.1134033203125,0,0.8999999165534973
120,1001,-116.8896255493164,0,0.8999999165534973
121,96,-9.995246887207031,1,0.10000001639127731
122,160,22.43194580078125,0,0.8999999761581421
123,36,-5.23356294631958,0,0.8999999165534973
124,192,69.18415832519531,0,0.8999999165534973
125,45,0.9018254280090332,0,0.9000001549720764
126,127,32.32783126831055,0,0.8999999761581421
127,104,15.82064151763916,0,0.8999999165534973
128,136,-43.469215393066406,1,0.10000000894069672
129,41,26.329397201538086,0,0.9000000357627869
130,1001,-362.63494873046875,0,0.8999999165534973
131,174,79.42301177978516,1,0.10000003129243851
132,239,19.141056060791016,0,0.8999999165534973
133,215,63.43981170654297,0,0.8999999761581421
134,63,29.35648536682129,0,0.9000002145767212
135,176,47.4945068359375,1,0.10000001639127731
136,64,-14.20644760131836,1,0.10000000894069672
137,157,-23.006816864013672,0,0.9000000953674316
138,65,41.71167755126953,1,0.10000000894069672
139,44,-2.9275436401367188,1,0.09999999403953552
140,118,-7.5128936767578125,0,0.8999999761581421
141,99,-0.24042081832885742,0,0.8999999761581421
142,174,127.26839447021484,0,0.9000000357627869
143,46,17.692113876342773,0,0.9000002145767212
144,26,-1.5547810792922974,0,0.8999999165534973
145,248,44.880859375,0,0.8999998569488525
146,74,-17.111770629882812,0,0.9000000953674316
147,93,7.035318374633789,0,0.9000000357627869
148,13,-1.5380141735076904,0,0.8999998569488525
149,114,-38.37925720214844,0,0.8999999165534973
150,176,62.75214385986328,0,0.8999999761581421
151,306,124.87416076660156,0,0.9000000953674316
152,23,9.035438537597656,1,0.09999998658895493
153,78,27.068456649780273,0,0.9000001549720764
154,96,4.961811065673828,0,0.8999999165534973
155,113,22.49149513244629,0,0.8999999165534973
156,11,-0.5808894634246826,0,0.8999998569488525
157,8,-11.610152244567871,0,0.8999999761581421
158,79,14.208578109741211,0,0.9000001549720764
159,155,-26.448272705078125,0,0.8999999761581421
160,91,-60.98606491088867,0,0.9000000357627869
161,96,13.596675872802734,0,0.8999999165534973
162,118,68.0959701538086,0,0.8999999761581421
163,48,-3.8735227584838867,0,0.9000000357627869
164,180,36.57497024536133,0,0.8999999761581421
165,41,12.124673843383789,0,0.9000000357627869
166,136,-96.91033935546875,0,0.9000000953674316
167,110,-1.9383337497711182,0,0.8999999761581421
168,80,-17.40283203125,1,0.10000000894069672
169,78,3.2715163230895996,0,0.9000001549720764
170,23,-2.5337162017822266,1,0.09999998658895493
171,55,5.456284523010254,0,0.9000002145767212
172,106,84.91462707519531,0,0.8999999165534973
173,1001,-755.091064453125,0,0.8999999165534973
174,1001,-734.873291015625,0,0.8999999165534973
175,66,35.80838394165039,1,0.10000000894069672
176,51,-23.63083839416504,0,0.9000000953674316
177,238,-93.74461364746094,0,0.8999999165534973
178,20,-4.981349468231201,0,0.8999999165534973
179,380,-50.35576629638672,1,0.10000001639127731
180,88,26.13907241821289,0,0.8999999761581421
181,62,29.451459884643555,0,0.9000001549720764
182,78,34.25769805908203,1,0.10000000149011612
183,1001,-727.6804809570312,1,0.10000001639127731
184,38,4.264034748077393,0,0.9000000357627869
185,183,4.449162483215332,0,0.9000000953674316
186,74,15.13296890258789,0,0.9000000953674316
187,90,15.565277099609375,0,0.8999999761581421
188,48,8.94085693359375,0,0.9000000357627869
189,15,7.676874160766602,0,0.8999997973442078
190,31,-16.81060218811035,0,0.8999998569488525
191,99,-31.61400604248047,0,0.8999999761581421
192,79,1.6068968772888184,0,0.9000001549720764
193,64,20.192073822021484,1,0.10000000894069672
194,85,-5.317071437835693,0,0.9000000953674316
195,27,-25.421274185180664,1,0.09999999403953552
196,16,-17.887374877929688,1,0.10000000149011612
197,46,-5.820647239685059,0,0.9000002145767212
198,42,11.47353744506836,0,0.9000000953674316
199,46,4.115604400634766,0,0.9000002145767212
200,24,-2.4048471450805664,0,0.8999999165534973
201,18,5.892233848571777,1,0.10000000149011612
202,91,-29.643592834472656,1,0.10000002384185791
203,67,-3.550701856613159,0,0.9000000953674316
204,34,6.6342291831970215,0,0.8999999761581421
205,158,23.82665252685547,0,0.9000000953674316
206,24,-13.957136154174805,0,0.8999999165534973
207,32,6.98511266708374,0,0.8999999761581421
208,25,-17.819515228271484,0,0.8999999165534973
209,194,-63.55064392089844,1,0.10000001639127731
210,47,-30.247594833374023,1,0.09999998658895493
211,104,-39.170536041259766,0,0.8999999165534973
212,101,24.448570251464844,0,0.9000000357627869
213,95,-25.107036590576172,0,0.9000000953674316
214,24,1.051405429840088,0,0.8999999165534973
215,50,-3.971829414367676,0,0.9000000953674316
216,61,-36.878631591796875,0,0.9000001549720764
217,40,-15.458572387695312,1,0.10000000149011612
218,69,-13.230523109436035,0,0.9000001549720764
219,115,-40.6954460144043,0,0.8999999165534973
220,61,-9.958144187927246,0,0.9000001549720764
221,25,-8.35793399810791,0,0.8999999165534973
222,60,-46.93583679199219,1,0.10000000149011612
223,26,0.06455385684967041,0,0.8999999165534973
224,294,75.64241027832031,0,0.9000000953674316
225,26,-13.063942909240723,1,0.09999999403953552
226,54,-70.82125091552734,0,0.9000001549720764
227,38,-44.32576370239258,0,0.9000000357627869
228,26,14.226788520812988,0,0.8999999165534973
229,1001,-953.217529296875,0,0.8999999165534973
230,40,-13.913098335266113,0,0.8999999761581421
231,177,-43.622093200683594,1,0.10000001639127731
232,149,-32.403656005859375,0,0.9000000357627869
233,36,-17.45538330078125,0,0.8999999165534973
234,142,-79.77112579345703,1,0.10000000894069672
235,33,-17.85643196105957,0,0.8999999761581421
236,140,36.16989517211914,0,0.9000000953674316
237,96,-54.666770935058594,0,0.8999999165534973
238,16,-8.204536437988281,0,0.8999999761581421
239,22,-3.1796681880950928,0,0.8999998569488525
240,169,-47.011192321777344,0,0.9000000357627869
241,59,-15.696390151977539,0,0.9000000953674316
242,17,-10.023332595825195,0,0.8999999761581421
243,177,-228.74676513671875,0,0.8999999165534973
244,31,-12.8186674118042,0,0.8999998569488525
245,185,-93.1269760131836,0,0.8999999761581421
246,17,-1.8966971635818481,0,0.8999999761581421
247,30,-6.925603866577148,0,0.8999998569488525
248,1001,-848.70947265625,1,0.10000001639127731
249,28,-9.425352096557617,0,0.8999999165534973
250,68,-22.700992584228516,0,0.9000000953674316
251,64,-71.50556182861328,1,0.10000000894069672
252,37,-25.80031394958496,0,0.8999999761581421
253,38,18.805492401123047,0,0.9000000357627869
254,55,-25.15035057067871,0,0.9000002145767212
255,93,-59.21815490722656,1,0.10000003129243851
256,76,-22.238937377929688,0,0.9000000953674316
257,40,0.6274980306625366,1,0.10000000149011612
258,93,17.9928035736084,0,0.9000000357627869
259,18,-5.918524742126465,0,0.8999999165534973
260,120,-107.50587463378906,1,0.10000001639127731
261,97,-44.499961853027344,0,0.8999999761581421
262,47,1.1924443244934082,0,0.9000002145767212
263,41,-17.06095314025879,0,0.9000000357627869
264,164,-34.82655334472656,0,0.9000000357627869
265,242,-155.75869750976562,1,0.10000001639127731
266,15,-18.705856323242188,0,0.8999997973442078
267,19,0.1736469268798828,1,0.10000000149011612
268,18,-12.724756240844727,0,0.8999999165534973
269,62,19.42205810546875,1,0.09999999403953552
270,23,-5.332905292510986,1,0.09999998658895493
271,48,13.895816802978516,0,0.9000000357627869
272,25,-3.3605880737304688,0,0.8999999165534973
273,85,-92.08531188964844,0,0.9000000953674316
274,69,-48.10103225708008,0,0.9000001549720764
275,59,-29.5500545501709,0,0.9000000953674316
276,19,-8.897939682006836,0,0.8999999165534973
277,43,-0.9705447554588318,0,0.9000000953674316
278,170,-40.13973617553711,0,0.8999999761581421
279,36,-9.547141075134277,0,0.8999999165534973
280,40,0.6572284698486328,0,0.8999999761581421
281,14,-10.652862548828125,0,0.8999997973442078
282,27,-12.550702095031738,0,0.8999999165534973
283,13,-21.17841148376465,0,0.8999998569488525
284,30,4.1577348709106445,1,0.09999998658895493
285,44,12.485724449157715,0,0.9000001549720764
286,11,-6.60567569732666,0,0.8999998569488525
287,31,1.6477534770965576,1,0.09999997913837433
288,18,-2.461778163909912,1,0.10000000149011612
289,1001,-1129.2296142578125,1,0.10000001639127731
290,48,-35.73292541503906,1,0.10000000149011612
291,30,-5.039928436279297,0,0.8999998569488525
292,20,-5.744168281555176,0,0.8999999165534973
293,80,-8.271166801452637,0,0.8999999761581421
294,41,-37.26679229736328,0,0.9000000357627869
295,25,12.963284492492676,1,0.10000000149011612
296,57,-74.33233642578125,1,0.10000000149011612
297,29,-4.296022891998291,0,0.8999998569488525
298,90,-29.098731994628906,1,0.10000002384185791
299,195,-139.60813903808594,1,0.10000001639127731
300,63,-35.34190368652344,1,0.09999999403953552
301,22,0.5568820238113403,0,0.8999998569488525
302,28,-27.019325256347656,0,0.8999999165534973
303,25,5.744853973388672,0,0.8999999165534973
304,47,-36.211212158203125,1,0.09999998658895493
305,23,-13.033082962036133,0,0.8999998569488525
306,19,-3.2074875831604004,0,0.8999999165534973
307,62,14.563783645629883,0,0.9000001549720764
308,90,-77.20832824707031,1,0.10000002384185791
309,29,-29.81222152709961,1,0.09999998658895493
310,83,-29.561796188354492,0,0.9000000357627869
311,91,-22.38155746459961,0,0.9000000357627869
312,32,-0.9626317024230957,0,0.8999999761581421
313,20,-15.119427680969238,0,0.8999999165534973
314,49,6.801203727722168,1,0.10000000149011612
315,16,-8.95260238647461,0,0.8999999761581421
316,50,-38.15119171142578,1,0.10000000149011612
317,18,1.4786090850830078,0,0.8999999165534973
318,61,-36.047515869140625,0,0.9000001549720764
319,15,-5.4211931228637695,1,0.10000000894069672
320,17,-17.551834106445312,1,0.10000000149011612
321,28,-15.107406616210938,1,0.09999998658895493
322,63,-93.66715240478516,0,0.9000002145767212
323,24,0.31122684478759766,0,0.8999999165534973
324,51,-16.656902313232422,1,0.10000000149011612
325,11,-13.69061279296875,0,0.8999998569488525
326,23,-13.187082290649414,0,0.8999998569488525
327,52,-17.84202003479004,1,0.09999999403953552
328,33,-27.8400821685791,1,0.10000000149011612
329,42,-14.921077728271484,0,0.9000000953674316
330,21,-6.607903957366943,1,0.09999999403953552
331,39,-2.728276252746582,0,0.9000000357627869
332,15,-24.843976974487305,0,0.8999997973442078
333,27,-5.175051689147949,0,0.8999999165534973
334,11,-17.709333419799805,0,0.8999998569488525
335,17,-4.552988529205322,0,0.8999999761581421
336,17,-6.817930221557617,0,0.8999999761581421
337,36,-10.317827224731445,0,0.8999999165534973
338,10,-11.63148021697998,0,0.8999999165534973
339,43,-26.831806182861328,0,0.9000000953674316
340,1001,-1105.68310546875,0,0.8999999165534973
341,29,-10.22704792022705,0,0.8999998569488525
342,49,-22.254192352294922,0,0.9000000357627869
343,8,-7.887568473815918,0,0.8999999761581421
344,24,-14.190442085266113,0,0.8999999165534973
345,111,-26.278989791870117,0,0.9000000357627869
346,58,-77.38152313232422,0,0.9000000953674316
347,1001,-1095.7410888671875,1,0.10000001639127731
348,62,-13.47806167602539,1,0.09999999403953552
349,23,-13.784530639648438,0,0.8999998569488525
350,52,-9.316983222961426,0,0.9000001549720764
351,16,-8.504087448120117,0,0.8999999761581421
352,34,-31.925918579101562,0,0.8999999761581421
353,28,2.0847926139831543,0,0.8999999165534973
354,31,-42.99787139892578,0,0.8999998569488525
355,102,-92.16131591796875,1,0.1000000387430191
356,24,-8.780817985534668,0,0.8999999165534973
357,38,-15.576164245605469,0,0.9000000357627869
358,20,-2.0054726600646973,0,0.8999999165534973
359,35,-20.490901947021484,0,0.8999999165534973
360,60,-58.458213806152344,1,0.10000000149011612
361,40,-17.17462158203125,0,0.8999999761581421
362,42,-19.622390747070312,0,0.9000000953674316
363,38,-41.060630798339844,1,0.09999998658895493
364,211,-99.9697265625,1,0.10000001639127731
365,21,-27.114011764526367,0,0.8999999165534973
366,35,-24.99005699157715,0,0.8999999165534973
367,64,-67.64327239990234,1,0.10000000894069672
368,18,3.17446231842041,0,0.8999999165534973
369,56,-9.336579322814941,0,0.9000000357627869
370,19,-31.100221633911133,0,0.8999999165534973
371,97,-59.96004104614258,0,0.8999999761581421
372,28,-26.959209442138672,1,0.09999998658895493
373,18,-26.815792083740234,1,0.10000000149011612
374,42,-28.522090911865234,1,0.09999999403953552
375,20,17.57084846496582,0,0.8999999165534973
376,10,-1.4362070560455322,0,0.8999999165534973
377,15,-15.241839408874512,0,0.8999997973442078
378,15,-4.304424285888672,0,0.8999997973442078
379,15,-10.192920684814453,0,0.8999997973442078
380,35,-25.836374282836914,0,0.8999999165534973
381,21,-5.441379547119141,0,0.8999999165534973
382,30,-16.429258346557617,1,0.09999998658895493
383,1001,-1066.11279296875,1,0.10000001639127731
384,12,-1.3067553043365479,1,0.10000000149011612
385,29,3.291821002960205,0,0.8999998569488525
386,25,-37.186100006103516,1,0.10000000149011612
387,17,-7.4037370681762695,1,0.10000000149011612
388,15,0.7188810110092163,0,0.8999997973442078
389,63,-43.593719482421875,0,0.9000002145767212
390,31,5.922680377960205,0,0.8999998569488525
391,36,-51.038509368896484,1,0.09999999403953552
392,37,-35.17799758911133,1,0.09999998658895493
393,31,-24.796323776245117,0,0.8999998569488525
394,68,16.88572883605957,1,0.10000000149011612
395,63,-82.13714599609375,0,0.9000002145767212
396,35,5.290616512298584,0,0.8999999165534973
397,36,-1.1148145198822021,1,0.09999999403953552
398,70,-46.77486038208008,0,0.9000001549720764
399,32,0.4862825870513916,0,0.8999999761581421
400,16,-4.075268268585205,0,0.8999999761581421
401,37,-55.38393020629883,0,0.8999999761581421
402,33,-4.335015773773193,1,0.10000000149011612
403,14,-11.446965217590332,1,0.10000000894069672
404,61,-52.13456344604492,0,0.9000001549720764
405,69,-88.0876693725586,1,0.10000000149011612
406,21,-13.008034706115723,0,0.8999999165534973
407,73,-33.26516342163086,1,0.10000000894069672
408,9,-5.336316108703613,0,0.8999999165534973
409,39,-28.23088264465332,0,0.9000000357627869
410,16,-22.577823638916016,0,0.8999999761581421
411,18,-14.817638397216797,0,0.8999999165534973
412,84,-118.50053405761719,1,0.10000003129243851
413,18,-10.512042045593262,0,0.8999999165534973
414,34,-20.928489685058594,0,0.8999999761581421
415,47,-1.0421414375305176,0,0.9000002145767212
416,23,-44.15142059326172,0,0.8999998569488525
417,60,-25.722246170043945,0,0.9000001549720764
418,15,-7.511534214019775,0,0.8999997973442078
419,18,-9.414617538452148,0,0.8999999165534973
420,10,-10.379817962646484,0,0.8999999165534973
421,29,-23.409671783447266,0,0.8999998569488525
422,9,-2.0789480209350586,0,0.8999999165534973
423,23,-13.248773574829102,0,0.8999998569488525
424,23,-27.876867294311523,0,0.8999998569488525
425,45,-41.010154724121094,0,0.9000001549720764
426,71,-63.60853958129883,0,0.9000001549720764
427,20,-15.397542953491211,0,0.8999999165534973
428,54,-31.297142028808594,0,0.9000001549720764
429,22,-12.226977348327637,1,0.09999999403953552
430,12,-8.676262855529785,0,0.8999998569488525
431,39,-34.19688034057617,0,0.9000000357627869
432,60,-106.86261749267578,0,0.9000001549720764
433,30,-25.032621383666992,1,0.09999998658895493
434,38,-20.848669052124023,0,0.9000000357627869
435,20,-9.620427131652832,0,0.8999999165534973
436,11,-4.682931423187256,0,0.8999998569488525
437,26,-42.351593017578125,0,0.8999999165534973
438,68,-71.93936157226562,0,0.9000000953674316
439,32,-30.031230926513672,0,0.8999999761581421
440,79,-58.52728271484375,0,0.9000001549720764
441,16,-36.52360534667969,0,0.8999999761581421
442,32,-16.492279052734375,0,0.8999999761581421
443,29,-36.49750518798828,1,0.09999998658895493
444,13,-15.546931266784668,0,0.8999998569488525
445,11,-9.023933410644531,1,0.10000000149011612
446,44,-28.793285369873047,0,0.9000001549720764
447,39,-8.767753601074219,0,0.9000000357627869
448,21,-8.504688262939453,0,0.8999999165534973
449,28,0.39868301153182983,0,0.8999999165534973
450,42,-14.152915954589844,0,0.9000000953674316
451,18,-14.761974334716797,0,0.8999999165534973
452,1001,-1157.515625,0,0.8999999165534973
453,58,-28.181642532348633,0,0.9000000953674316
454,15,-20.385278701782227,0,0.8999997973442078
455,19,-5.414090156555176,0,0.8999999165534973
456,11,-7.57462739944458,0,0.8999998569488525
457,19,-12.59054946899414,0,0.8999999165534973
458,18,-7.085214614868164,0,0.8999999165534973
459,24,-15.746559143066406,0,0.8999999165534973
460,36,-49.74422836303711,0,0.8999999165534973
461,14,-11.423072814941406,0,0.8999997973442078
462,33,-32.544368743896484,0,0.8999999761581421
463,19,-11.263958930969238,0,0.8999999165534973
464,53,-67.1034164428711,0,0.9000001549720764
465,32,-36.849884033203125,0,0.8999999761581421
466,14,-9.966448783874512,0,0.8999997973442078
467,13,-6.835080623626709,0,0.8999998569488525
468,18,-7.531966209411621,0,0.8999999165534973
469,27,-7.338959217071533,0,0.8999999165534973
470,44,-40.23495101928711,0,0.9000001549720764
471,33,-22.409828186035156,0,0.8999999761581421
472,29,-24.691722869873047,0,0.8999998569488525
473,25,-14.679067611694336,1,0.10000000149011612
474,19,-0.7495754957199097,0,0.8999999165534973
475,32,-37.17255401611328,0,0.8999999761581421
476,62,-74.22100830078125,1,0.09999999403953552
477,17,-8.278667449951172,0,0.8999999761581421
478,76,0.6945878863334656,0,0.9000000953674316
479,22,-7.746394634246826,0,0.8999998569488525
480,64,-43.185264587402344,1,0.10000000894069672
481,79,-73.0127182006836,0,0.9000001549720764
482,9,-7.843277931213379,0,0.8999999165534973
483,21,-8.087808609008789,0,0.8999999165534973
484,12,-9.145132064819336,0,0.8999998569488525
485,15,-8.275222778320312,0,0.8999997973442078
486,13,-19.08219337463379,0,0.8999998569488525
487,77,-91.24178314208984,0,0.9000001549720764
488,24,-15.351714134216309,0,0.8999999165534973
489,25,-54.883758544921875,0,0.8999999165534973
490,63,-105.52522277832031,0,0.9000002145767212
491,14,-14.182625770568848,1,0.10000000894069672
492,40,-14.9512939453125,0,0.8999999761581421
493,52,-28.995454788208008,0,0.9000001549720764
494,13,-7.531049728393555,0,0.8999998569488525
495,19,-15.142068862915039,1,0.10000000149011612
496,11,-12.901433944702148,1,0.10000000149011612
497,12,-4.794684886932373,0,0.8999998569488525
498,1001,-1205.1551513671875,1,0.10000001639127731
499,37,-64.3373794555664,0,0.8999999761581421
500,16,-22.896791458129883,0,0.8999999761581421
501,53,-73.80484771728516,0,0.9000001549720764
502,10,-11.692850112915039,0,0.8999999165534973
503,1001,-1202.2119140625,0,0.8999999165534973
504,52,-47.0555419921875,1,0.09999999403953552
505,21,-28.84664535522461,0,0.8999999165534973
506,36,7.8753204345703125,0,0.8999999165534973
507,34,-5.790393829345703,0,0.8999999761581421
508,16,-18.238391876220703,0,0.8999999761581421
509,29,-15.823555946350098,0,0.8999998569488525
510,65,-49.043521881103516,1,0.10000000894069672
511,17,-12.658794403076172,0,0.8999999761581421
512,28,-2.844310760498047,0,0.8999999165534973
513,22,-38.1099739074707,0,0.8999998569488525
514,13,-6.723639965057373,0,0.8999998569488525
515,15,-11.676403045654297,0,0.8999997973442078
516,36,-7.098410606384277,1,0.09999999403953552
517,9,-10.910195350646973,0,0.8999999165534973
518,30,-29.082672119140625,0,0.8999998569488525
519,26,-28.1387939453125,0,0.8999999165534973
520,68,-96.78096771240234,0,0.9000000953674316
521,94,-91.94328308105469,0,0.9000000357627869
522,13,-17.538921356201172,0,0.8999998569488525
523,29,-13.929096221923828,0,0.8999998569488525
524,10,-6.849092960357666,0,0.8999999165534973
525,49,-22.19392967224121,0,0.9000000357627869
526,32,-37.860923767089844,0,0.8999999761581421
527,25,-13.64720630645752,0,0.8999999165534973
528,88,-47.49757385253906,1,0.10000001639127731
529,14,-14.961607933044434,0,0.8999997973442078
530,66,-53.44612503051758,1,0.10000000894069672
531,40,-37.55641174316406,0,0.8999999761581421
532,31,-33.220672607421875,0,0.8999998569488525
533,43,-84.5398941040039,1,0.09999999403953552
534,15,-6.836833953857422,0,0.8999997973442078
535,42,-47.48946762084961,1,0.09999999403953552
536,42,-58.46211242675781,0,0.9000000953674316
537,13,-12.320297241210938,0,0.8999998569488525
538,21,-21.284500122070312,0,0.8999999165534973
539,43,-29.875829696655273,0,0.9000000953674316
540,19,-29.92548942565918,0,0.8999999165534973
541,39,-23.126253128051758,1,0.09999998658895493
542,15,-16.475921630859375,1,0.10000000894069672
543,12,-8.190849304199219,0,0.8999998569488525
544,21,-5.637845516204834,0,0.8999999165534973
545,57,-8.288379669189453,0,0.9000000357627869
546,70,-98.2418212890625,1,0.10000000149011612
547,12,-9.741665840148926,0,0.8999998569488525
548,61,-23.980552673339844,0,0.9000001549720764
549,42,-56.77444076538086,0,0.9000000953674316
550,15,-2.0252068042755127,0,0.8999997973442078
551,19,-12.874929428100586,0,0.8999999165534973
552,13,-14.0263090133667,0,0.8999998569488525
553,11,-12.179559707641602,0,0.8999998569488525
554,39,-58.695350646972656,0,0.9000000357627869
555,82,-116.2640380859375,0,0.9000000357627869
556,22,-19.132848739624023,0,0.8999998569488525
557,12,-13.80410385131836,0,0.8999998569488525
558,44,-23.736907958984375,1,0.09999999403953552
559,25,-55.04979705810547,1,0.10000000149011612
560,39,-26.838632583618164,1,0.09999998658895493
561,27,3.8846893310546875,0,0.8999999165534973
562,38,-14.372639656066895,0,0.9000000357627869
563,26,-19.220457077026367,0,0.8999999165534973
564,37,-83.39153289794922,0,0.8999999761581421
565,27,-29.990928649902344,1,0.09999999403953552
566,24,-30.79749298095703,0,0.8999999165534973
567,35,-41.85284423828125,1,0.09999999403953552
568,61,-82.56781768798828,0,0.9000001549720764
569,21,-8.763404846191406,0,0.8999999165534973
570,55,-30.528573989868164,0,0.9000002145767212
571,58,-30.213720321655273,0,0.9000000953674316
572,15,-11.5933198928833,0,0.8999997973442078
573,12,-13.312029838562012,0,0.8999998569488525
574,94,-142.5841827392578,0,0.9000000357627869
575,29,-18.311738967895508,0,0.8999998569488525
576,14,-10.15060043334961,0,0.8999997973442078
577,36,-39.959808349609375,0,0.8999999165534973
578,25,-0.6113907694816589,0,0.8999999165534973
579,53,-42.5787239074707,0,0.9000001549720764
580,11,-20.26708221435547,0,0.8999998569488525
581,15,-11.387093544006348,0,0.8999997973442078
582,79,-80.6234130859375,0,0.9000001549720764
583,27,-21.815078735351562,1,0.09999999403953552
584,86,-68.29680633544922,0,0.9000000953674316
585,39,-29.981380462646484,0,0.9000000357627869
586,15,-21.519433975219727,0,0.8999997973442078
587,19,1.5233500003814697,0,0.8999999165534973
588,25,5.479151248931885,0,0.8999999165534973
589,17,-14.877318382263184,0,0.8999999761581421
590,12,-18.955615997314453,0,0.8999998569488525
591,76,-33.26679229736328,1,0.10000000149011612
592,18,-13.682470321655273,0,0.8999999165534973
593,22,-28.14453887939453,0,0.8999998569488525
594,33,-26.494489669799805,1,0.10000000149011612
595,64,-73.56919860839844,0,0.9000000357627869
596,11,-8.027449607849121,1,0.10000000149011612
597,23,-28.03525733947754,0,0.8999998569488525
598,30,-11.90314769744873,0,0.8999998569488525
599,55,-90.44628143310547,0,0.9000002145767212
600,58,-56.938232421875,1,0.10000000149011612
601,18,-15.41052532196045,1,0.10000000149011612
602,18,-16.042726516723633,0,0.8999999165534973
603,10,-8.468918800354004,0,0.8999999165534973
604,47,-18.651838302612305,0,0.9000002145767212
605,21,-30.014667510986328,0,0.8999999165534973
606,93,-148.4359130859375,0,0.9000000357627869
607,11,-12.832571983337402,0,0.8999998569488525
608,75,-66.76242065429688,0,0.9000000953674316
609,10,-7.997947692871094,1,0.10000000149011612
610,32,-15.813209533691406,0,0.8999999761581421
611,13,-13.06505298614502,0,0.8999998569488525
612,46,-68.43336486816406,1,0.09999998658895493
613,17,-16.310035705566406,1,0.10000000149011612
614,23,-33.19854736328125,0,0.8999998569488525
615,52,-125.40637969970703,0,0.9000001549720764
616,17,-21.680824279785156,0,0.8999999761581421
617,14,-4.878875732421875,0,0.8999997973442078
618,11,-11.742196083068848,1,0.10000000149011612
619,50,-24.1635799407959,0,0.9000000953674316
620,48,2.2118124961853027,0,0.9000000357627869
621,21,-26.5921688079834,0,0.8999999165534973
622,34,-59.466468811035156,0,0.8999999761581421
623,30,-17.069904327392578,0,0.8999998569488525
624,51,-51.27043151855469,0,0.9000000953674316
625,15,-12.728208541870117,0,0.8999997973442078
626,36,-28.594093322753906,0,0.8999999165534973
627,24,-36.66120147705078,1,0.10000000149011612
628,11,-13.676260948181152,0,0.8999998569488525
629,21,-24.55666732788086,0,0.8999999165534973
630,99,-71.8905029296875,0,0.8999999761581421
631,28,-42.00731658935547,1,0.09999998658895493
632,16,-18.56174659729004,1,0.10000000149011612
633,31,-23.41621971130371,0,0.8999998569488525
634,1001,-1312.912109375,0,0.8999999165534973
635,26,-28.142223358154297,0,0.8999999165534973
636,24,-28.296985626220703,1,0.10000000149011612
637,35,-64.36994171142578,0,0.8999999165534973
638,23,-0.76247239112854,0,0.8999998569488525
639,25,-22.089384078979492,1,0.10000000149011612
640,33,-16.704486846923828,0,0.8999999761581421
641,60,-69.01396179199219,0,0.9000001549720764
642,88,-76.37577819824219,1,0.10000001639127731
643,70,-69.86018371582031,0,0.9000001549720764
644,15,-18.678268432617188,0,0.8999997973442078
645,44,-49.441131591796875,0,0.9000001549720764
646,27,-55.31382369995117,1,0.09999999403953552
647,26,-26.008922576904297,0,0.8999999165534973
648,18,-15.51412582397461,0,0.8999999165534973
649,50,-50.63658905029297,1,0.10000000149011612
650,106,-107.44689178466797,0,0.8999999165534973
651,11,-15.236268997192383,1,0.10000000149011612
652,13,-10.066337585449219,1,0.10000000894069672
653,55,-84.66574096679688,0,0.9000002145767212
654,17,-35.786521911621094,0,0.8999999761581421
655,30,-34.80158996582031,0,0.8999998569488525
656,42,-63.71015167236328,0,0.9000000953674316
657,17,-13.917790412902832,0,0.8999999761581421
658,40,-32.78397750854492,0,0.8999999761581421
659,1001,-1289.05224609375,0,0.8999999165534973
660,11,-12.887358665466309,0,0.8999998569488525
661,15,-22.227876663208008,1,0.10000000894069672
662,1001,-1298.8719482421875,0,0.8999999165534973
663,36,-48.1496696472168,1,0.09999999403953552
664,13,-2.0342984199523926,0,0.8999998569488525
665,22,-18.1662654876709,1,0.09999999403953552
666,16,-22.35657501220703,0,0.8999999761581421
667,31,-36.47270965576172,0,0.8999998569488525
668,28,-45.926143646240234,0,0.8999999165534973
669,27,-21.756633758544922,0,0.8999999165534973
670,12,-17.287694931030273,0,0.8999998569488525
671,148,-172.07029724121094,0,0.9000000953674316
672,16,-9.354501724243164,1,0.10000000149011612
673,14,-10.643610000610352,0,0.8999997973442078
674,13,-12.108590126037598,1,0.10000000894069672
675,27,-47.699275970458984,1,0.09999999403953552
676,33,-26.28376579284668,0,0.8999999761581421
677,30,-39.20783233642578,0,0.8999998569488525
678,23,-20.486095428466797,0,0.8999998569488525
679,33,4.006364822387695,0,0.8999999761581421
680,15,-7.542562961578369,0,0.8999997973442078
681,107,-71.21391296386719,0,0.8999999761581421
682,47,-12.11866569519043,0,0.9000002145767212
683,18,-13.404731750488281,1,0.10000000149011612
684,9,-6.715968132019043,1,0.10000000149011612
685,20,6.368001937866211,0,0.8999999165534973
686,32,6.377906799316406,0,0.8999999761581421
687,19,-21.161624908447266,0,0.8999999165534973
688,44,-42.79247283935547,0,0.9000001549720764
689,31,-36.85112762451172,0,0.8999998569488525
690,12,-17.896038055419922,0,0.8999998569488525
691,29,-22.214035034179688,0,0.8999998569488525
692,30,1.1971427202224731,0,0.8999998569488525
693,28,-36.635353088378906,1,0.09999998658895493
694,14,-19.696428298950195,0,0.8999997973442078
695,22,1.2880353927612305,0,0.8999998569488525
696,38,-54.21859359741211,0,0.9000000357627869
697,11,-8.962431907653809,1,0.10000000149011612
698,32,-32.00102615356445,0,0.8999999761581421
699,71,-62.29082489013672,0,0.9000001549720764
700,17,-18.423025131225586,0,0.8999999761581421
701,1001,-1291.765625,1,0.10000001639127731
702,129,-119.05271911621094,0,0.9000000357627869
703,16,-0.3565880060195923,0,0.8999999761581421
704,19,-24.063425064086914,0,0.8999999165534973
705,1001,-1291.4971923828125,0,0.8999999165534973
706,95,-105.86713409423828,0,0.9000000953674316
707,16,-22.788055419921875,0,0.8999999761581421
708,33,-34.86017990112305,0,0.8999999761581421
709,24,-41.574424743652344,1,0.10000000149011612
710,54,-79.26744079589844,0,0.9000001549720764
711,12,-21.071884155273438,0,0.8999998569488525
712,18,-24.568031311035156,0,0.8999999165534973
713,33,-24.009601593017578,0,0.8999999761581421
714,19,-13.686222076416016,0,0.8999999165534973
715,47,-76.3388442993164,0,0.9000002145767212
716,60,-52.155067443847656,0,0.9000001549720764
717,120,-186.32754516601562,0,0.8999998569488525
718,12,-15.154740333557129,1,0.10000000149011612
719,65,-93.92826843261719,0,0.9000000357627869
720,84,-101.93507385253906,0,0.9000000953674316
721,96,-159.7509307861328,0,0.8999999165534973
722,20,-47.45140075683594,0,0.8999999165534973
723,56,-80.1199951171875,0,0.9000000357627869
724,15,-14.600238800048828,0,0.8999997973442078
725,52,-7.3368377685546875,0,0.9000001549720764
726,61,-60.64283752441406,0,0.9000001549720764
727,15,-19.41092872619629,0,0.8999997973442078
728,23,-30.889419555664062,0,0.8999998569488525
729,16,-3.0409510135650635,1,0.10000000149011612
730,33,12.284235954284668,1,0.10000000149011612
731,12,-8.993377685546875,0,0.8999998569488525
732,13,-20.001314163208008,0,0.8999998569488525
733,14,-21.969865798950195,0,0.8999997973442078
734,31,-38.99134063720703,0,0.8999998569488525
735,30,-24.615718841552734,0,0.8999998569488525
736,15,-22.122989654541016,1,0.10000000894069672
737,35,-41.57569885253906,0,0.8999999165534973
738,98,-119.86442565917969,1,0.10000002384185791
739,41,-32.23479080200195,1,0.09999999403953552
740,17,-26.876667022705078,0,0.8999999761581421
741,40,-54.42219543457031,0,0.8999999761581421
742,27,-46.43895721435547,0,0.8999999165534973
743,39,-65.96890258789062,0,0.9000000357627869
744,13,-14.27716064453125,0,0.8999998569488525
745,86,-41.63481903076172,0,0.9000000953674316
746,40,-10.637508392333984,0,0.8999999761581421
747,21,-28.92378044128418,0,0.8999999165534973
748,15,-22.389856338500977,0,0.8999997973442078
749,48,-10.749969482421875,1,0.10000000149011612
750,45,-6.963007926940918,1,0.09999998658895493
751,16,-29.730995178222656,0,0.8999999761581421
752,28,-41.46440505981445,0,0.8999999165534973
753,17,-18.27924346923828,0,0.8999999761581421
754,23,-25.55809211730957,0,0.8999998569488525
755,15,-18.363143920898438,0,0.8999997973442078
756,25,-26.667062759399414,0,0.8999999165534973
757,29,-11.309758186340332,0,0.8999998569488525
758,10,-11.068666458129883,1,0.10000000149011612
759,1001,-1335.3939208984375,0,0.8999999165534973
760,20,-7.165991306304932,0,0.8999999165534973
761,12,-2.9436988830566406,0,0.8999998569488525
762,20,-27.327377319335938,1,0.10000000149011612
763,95,-149.75901794433594,1,0.1000000387430191
764,27,-31.517309188842773,0,0.8999999165534973
765,63,-39.62702560424805,0,0.9000002145767212
766,42,-36.876220703125,0,0.9000000953674316
767,73,-48.704345703125,0,0.9000000357627869
768,176,-116.28583526611328,0,0.8999999761581421
769,36,-32.73320770263672,0,0.8999999165534973
770,17,-4.865586757659912,0,0.8999999761581421
771,11,-11.593362808227539,0,0.8999998569488525
772,48,-37.15855407714844,0,0.9000000357627869
773,16,-9.320322036743164,0,0.8999999761581421
774,31,-22.951377868652344,0,0.8999998569488525
775,34,-45.821041107177734,0,0.8999999761581421
776,15,-11.72774887084961,0,0.8999997973442078
777,38,-62.671051025390625,1,0.09999998658895493
778,11,-8.087244987487793,0,0.8999998569488525
779,27,-13.976232528686523,0,0.8999999165534973
780,41,-12.38663101196289,1,0.09999999403953552
781,13,-11.770203590393066,0,0.8999998569488525
782,59,-50.008995056152344,1,0.10000000149011612
783,47,-49.32093811035156,0,0.9000002145767212
784,21,-20.181249618530273,0,0.8999999165534973
785,27,-28.063297271728516,1,0.09999999403953552
786,52,-113.5252685546875,0,0.9000001549720764
787,19,-31.12442398071289,0,0.8999999165534973
788,10,-8.651883125305176,0,0.8999999165534973
789,11,-14.615896224975586,1,0.10000000149011612
790,43,-13.851154327392578,1,0.09999999403953552
791,12,-10.677444458007812,0,0.8999998569488525
792,24,-18.68768882751465,1,0.10000000149011612
793,27,-27.098529815673828,0,0.8999999165534973
794,14,-11.185794830322266,0,0.8999997973442078
795,13,-13.75123119354248,0,0.8999998569488525
796,17,-11.419454574584961,0,0.8999999761581421
797,17,-19.001747131347656,0,0.8999999761581421
798,49,-53.240787506103516,1,0.10000000149011612
799,22,-28.209762573242188,0,0.8999998569488525
800,13,-15.099132537841797,1,0.10000000894069672
801,62,-31.77125358581543,0,0.9000001549720764
802,46,-56.012901306152344,0,0.9000002145767212
803,36,-22.670490264892578,0,0.8999999165534973
804,28,-13.372407913208008,0,0.8999999165534973
805,44,-40.28913879394531,1,0.09999999403953552
806,9,-21.9405517578125,0,0.8999999165534973
807,10,-7.083662033081055,0,0.8999999165534973
808,25,-22.57184600830078,1,0.10000000149011612
809,9,-5.652895450592041,1,0.10000000149011612
810,32,-53.38506317138672,0,0.8999999761581421
811,10,-12.703521728515625,1,0.10000000149011612
812,44,-28.22003173828125,0,0.9000001549720764
813,10,-8.252796173095703,1,0.10000000149011612
814,34,-51.08857345581055,0,0.8999999761581421
815,31,-33.0431022644043,0,0.8999998569488525
816,29,-44.16547393798828,0,0.8999998569488525
817,23,-38.779991149902344,0,0.8999998569488525
818,33,-37.860504150390625,0,0.8999999761581421
819,18,-13.803445816040039,0,0.8999999165534973
820,34,-37.183509826660156,0,0.8999999761581421
821,20,-17.71388816833496,0,0.8999999165534973
822,60,-61.438316345214844,1,0.10000000149011612
823,45,-39.42738723754883,0,0.9000001549720764
824,41,-72.64434814453125,0,0.9000000357627869
825,14,-12.236564636230469,0,0.8999997973442078
826,12,-9.891840934753418,1,0.10000000149011612
827,29,-26.52960777282715,0,0.8999998569488525
828,23,-39.627296447753906,1,0.09999998658895493
829,10,-13.408318519592285,1,0.10000000149011612
830,10,-16.02545928955078,0,0.8999999165534973
831,13,-16.37135887145996,0,0.8999998569488525
832,23,-29.397748947143555,0,0.8999998569488525
833,15,-13.486372947692871,0,0.8999997973442078
834,11,-13.974364280700684,0,0.8999998569488525
835,10,-11.824920654296875,0,0.8999999165534973
836,10,-13.236522674560547,0,0.8999999165534973
837,97,-154.024169921875,0,0.8999999761581421
838,10,-6.91997766494751,0,0.8999999165534973
839,25,-27.36031150817871,1,0.10000000149011612
840,10,-7.554484844207764,0,0.8999999165534973
841,14,-11.694215774536133,0,0.8999997973442078
842,62,-125.81742858886719,0,0.9000001549720764
843,11,-18.285247802734375,0,0.8999998569488525
844,10,-13.03537654876709,0,0.8999999165534973
845,23,-3.707033634185791,1,0.09999998658895493
846,38,-53.57381820678711,0,0.9000000357627869
847,11,-15.355541229248047,0,0.8999998569488525
848,36,-6.347691535949707,0,0.8999999165534973
849,21,-18.1668758392334,0,0.8999999165534973
850,78,-81.03532409667969,1,0.10000000149011612
851,29,-38.04283905029297,0,0.8999998569488525
852,73,-108.80726623535156,0,0.9000000357627869
853,15,-16.9133243560791,0,0.8999997973442078
854,10,-10.947601318359375,0,0.8999999165534973
855,29,-25.189210891723633,1,0.09999998658895493
856,10,-14.329755783081055,0,0.8999999165534973
857,40,-58.33782196044922,0,0.8999999761581421
858,83,-140.5782012939453,0,0.9000000357627869
859,14,-9.359746932983398,0,0.8999997973442078
860,10,-9.164999961853027,0,0.8999999165534973
861,14,-22.144996643066406,0,0.8999997973442078
862,32,-21.60423469543457,1,0.10000000149011612
863,10,-9.936556816101074,0,0.8999999165534973
864,15,-26.901824951171875,1,0.10000000894069672
865,47,-59.8710823059082,0,0.9000002145767212
866,33,-58.901485443115234,0,0.8999999761581421
867,27,-19.176788330078125,1,0.09999999403953552
868,27,-24.767824172973633,0,0.8999999165534973
869,21,-38.46220779418945,0,0.8999999165534973
870,10,-13.648165702819824,1,0.10000000149011612
871,59,-76.75043487548828,0,0.9000000953674316
872,12,-5.19478178024292,0,0.8999998569488525
873,11,-7.316418647766113,0,0.8999998569488525
874,23,-26.247817993164062,0,0.8999998569488525
875,38,-16.040802001953125,1,0.09999998658895493
876,18,-6.271711349487305,0,0.8999999165534973
877,12,-21.648035049438477,0,0.8999998569488525
878,42,-56.329776763916016,1,0.09999999403953552
879,1001,-1345.48779296875,1,0.10000001639127731
880,30,-21.557037353515625,0,0.8999998569488525
881,26,-24.408611297607422,0,0.8999999165534973
882,17,-6.331357955932617,1,0.10000000149011612
883,30,-17.744441986083984,0,0.8999998569488525
884,20,-33.643951416015625,0,0.8999999165534973
885,10,-2.4701895713806152,0,0.8999999165534973
886,34,-34.22477340698242,1,0.09999999403953552
887,32,-23.919862747192383,0,0.8999999761581421
888,49,-39.880531311035156,1,0.10000000149011612
889,55,1.5142642259597778,1,0.09999999403953552
890,45,-54.359535217285156,0,0.9000001549720764
891,21,-16.84711265563965,0,0.8999999165534973
892,15,-24.32656478881836,1,0.10000000894069672
893,18,-20.854045867919922,0,0.8999999165534973
894,20,-20.00048828125,0,0.8999999165534973
895,53,-67.04580688476562,0,0.9000001549720764
896,11,-8.265450477600098,1,0.10000000149011612
897,15,-6.138116836547852,0,0.8999997973442078
898,21,-11.001965522766113,0,0.8999999165534973
899,17,-15.7483549118042,0,0.8999999761581421
900,26,-9.271207809448242,0,0.8999999165534973
901,31,-25.201480865478516,0,0.8999998569488525
902,9,-9.986149787902832,0,0.8999999165534973
903,17,2.805805206298828,1,0.10000000149011612
904,46,-1.2991013526916504,0,0.9000002145767212
905,29,-40.37213897705078,1,0.09999998658895493
906,19,-10.699003219604492,0,0.8999999165534973
907,15,-12.064413070678711,0,0.8999997973442078
908,13,-10.129881858825684,1,0.10000000894069672
909,58,-73.94657135009766,1,0.10000000149011612
910,16,-10.936205863952637,1,0.10000000149011612
911,12,-12.157798767089844,0,0.8999998569488525
912,29,-65.7152328491211,0,0.8999998569488525
913,17,-26.85841941833496,1,0.10000000149011612
914,19,-7.261876106262207,0,0.8999999165534973
915,10,-9.551380157470703,0,0.8999999165534973
916,23,-18.040925979614258,0,0.8999998569488525
917,26,1.3936147689819336,0,0.8999999165534973
918,29,-35.29308319091797,1,0.09999998658895493
919,16,-24.25057601928711,0,0.8999999761581421
920,18,-25.290462493896484,0,0.8999999165534973
921,13,-7.157158851623535,0,0.8999998569488525
922,97,-93.22127532958984,0,0.8999999761581421
923,27,-31.027080535888672,0,0.8999999165534973
924,27,-23.178197860717773,0,0.8999999165534973
925,11,-14.607540130615234,0,0.8999998569488525
926,11,-11.377429008483887,0,0.8999998569488525
927,13,-7.875906944274902,0,0.8999998569488525
928,20,-23.89921760559082,0,0.8999999165534973
929,14,-21.051054000854492,0,0.8999997973442078
930,13,-19.174901962280273,1,0.10000000894069672
931,73,-112.7332534790039,1,0.10000000894069672
932,18,-38.016944885253906,0,0.8999999165534973
933,1001,-1373.470947265625,1,0.10000001639127731
934,13,-21.693336486816406,0,0.8999998569488525
935,49,-73.61082458496094,0,0.9000000357627869
936,51,-42.30157470703125,0,0.9000000953674316
937,38,-19.897762298583984,0,0.9000000357627869
938,38,-42.791221618652344,0,0.9000000357627869
939,43,-15.137214660644531,0,0.9000000953674316
940,46,-19.64478302001953,0,0.9000002145767212
941,25,-14.251294136047363,0,0.8999999165534973
942,14,-10.715611457824707,0,0.8999997973442078
943,25,-33.00712966918945,1,0.10000000149011612
944,59,-12.608262062072754,0,0.9000000953674316
945,1001,-1369.8525390625,0,0.8999999165534973
946,47,-45.571739196777344,1,0.09999998658895493
947,29,-24.04911994934082,0,0.8999998569488525
948,22,-26.088329315185547,0,0.8999998569488525
949,38,-56.09547424316406,0,0.9000000357627869
950,15,-10.9203462600708,0,0.8999997973442078
951,16,-23.770423889160156,1,0.10000000149011612
952,43,-43.268333435058594,0,0.9000000953674316
953,31,-7.363399028778076,0,0.8999998569488525
954,19,-5.301456451416016,0,0.8999999165534973
955,18,-13.23998737335205,0,0.8999999165534973
956,34,-38.60842514038086,1,0.09999999403953552
957,12,-3.646467924118042,0,0.8999998569488525
958,535,-762.98046875,1,0.10000001639127731
959,8,-7.902111530303955,0,0.8999999761581421
960,15,-12.722342491149902,0,0.8999997973442078
961,89,-199.6643829345703,0,0.8999999761581421
962,87,-72.62967681884766,0,0.9000000953674316
963,58,-35.71461868286133,1,0.10000000149011612
964,26,-18.740821838378906,0,0.8999999165534973
965,11,-11.662249565124512,0,0.8999998569488525
966,17,-12.574421882629395,0,0.8999999761581421
967,29,-23.75353240966797,0,0.8999998569488525
968,12,-9.089292526245117,1,0.10000000149011612
969,20,-19.605010986328125,1,0.10000000149011612
970,30,-58.37836837768555,0,0.8999998569488525
971,9,-10.281180381774902,0,0.8999999165534973
972,42,-7.0183916091918945,0,0.9000000953674316
973,14,-4.3774614334106445,0,0.8999997973442078
974,102,-172.27328491210938,1,0.1000000387430191
975,29,-42.427886962890625,0,0.8999998569488525
976,11,-11.236495018005371,0,0.8999998569488525
977,20,-29.610469818115234,1,0.10000000149011612
978,14,-14.949579238891602,0,0.8999997973442078
979,11,-14.172429084777832,0,0.8999998569488525
980,16,-11.44994068145752,0,0.8999999761581421
981,10,-8.5344820022583,1,0.10000000149011612
982,10,-6.709651470184326,0,0.8999999165534973
983,12,-6.4920172691345215,0,0.8999998569488525
984,49,-15.190409660339355,0,0.9000000357627869
985,14,-11.906651496887207,0,0.8999997973442078
986,17,-15.371296882629395,0,0.8999999761581421
987,13,-6.965378761291504,1,0.10000000894069672
988,9,-9.705622673034668,0,0.8999999165534973
989,11,-15.736823081970215,0,0.8999998569488525
990,50,-28.035043716430664,0,0.9000000953674316
991,13,-0.9355961680412292,0,0.8999998569488525
992,33,-10.724222183227539,0,0.8999999761581421
993,41,-70.77376556396484,0,0.9000000357627869
994,69,-110.77747344970703,0,0.9000001549720764
995,12,-12.58077335357666,0,0.8999998569488525
996,11,-7.564227104187012,0,0.8999998569488525
997,730,-931.8404541015625,1,0.10000000894069672
998,26,-16.768753051757812,0,0.8999999165534973
999,13,-15.782011985778809,0,0.8999998569488525
1000,31,-51.38356018066406,0,0.8999998569488525
1001,18,-4.475118637084961,0,0.8999999165534973
1002,18,-23.754777908325195,0,0.8999999165534973
1003,13,-12.521024703979492,1,0.10000000894069672
1004,14,-11.639137268066406,0,0.8999997973442078
1005,44,-7.998236656188965,0,0.9000001549720764
1006,20,-3.4820196628570557,0,0.8999999165534973
1007,11,-12.359406471252441,0,0.8999998569488525
1008,29,-8.546597480773926,0,0.8999998569488525
1009,17,-9.168452262878418,0,0.8999999761581421
1010,11,-7.9899582862854,0,0.8999998569488525
1011,30,-13.035982131958008,0,0.8999998569488525
1012,16,-11.523561477661133,0,0.8999999761581421
1013,24,-16.34130096435547,0,0.8999999165534973
1014,57,-76.64949035644531,0,0.9000000357627869
1015,18,-15.867164611816406,1,0.10000000149011612
1016,15,-18.44744110107422,0,0.8999997973442078
1017,16,-5.032418727874756,1,0.10000000149011612
1018,15,-25.660396575927734,0,0.8999997973442078
1019,21,-18.518014907836914,0,0.8999999165534973
1020,18,-5.85006856918335,0,0.8999999165534973
1021,10,-11.652246475219727,0,0.8999999165534973
1022,52,-57.55750274658203,0,0.9000001549720764
1023,19,-34.1993293762207,0,0.8999999165534973
1024,27,-25.05124855041504,0,0.8999999165534973
1025,15,-21.786270141601562,0,0.8999997973442078
1026,12,-9.175434112548828,0,0.8999998569488525
1027,18,-24.80814552307129,1,0.10000000149011612
1028,23,-23.020017623901367,0,0.8999998569488525
1029,10,-12.982619285583496,0,0.8999999165534973
1030,46,-12.176602363586426,0,0.9000002145767212
1031,19,-24.499887466430664,0,0.8999999165534973
1032,12,-8.154779434204102,0,0.8999998569488525
1033,22,-12.484566688537598,1,0.09999999403953552
1034,35,-42.1490478515625,1,0.09999999403953552
1035,23,-30.723133087158203,1,0.09999998658895493
1036,14,-13.936440467834473,0,0.8999997973442078
1037,14,-11.702850341796875,0,0.8999997973442078
1038,46,-68.08614349365234,0,0.9000002145767212
1039,15,-11.043007850646973,0,0.8999997973442078
1040,15,-22.865047454833984,1,0.10000000894069672
1041,17,-12.228423118591309,0,0.8999999761581421
1042,18,-14.840940475463867,0,0.8999999165534973
1043,11,-17.135662078857422,0,0.8999998569488525
1044,67,-69.70358276367188,1,0.10000000149011612
1045,13,-20.931440353393555,0,0.8999998569488525
1046,23,-29.6673583984375,0,0.8999998569488525
1047,51,-25.533857345581055,0,0.9000000953674316
1048,23,-35.96588134765625,0,0.8999998569488525
1049,20,-16.416833877563477,0,0.8999999165534973
1050,31,-21.18318748474121,1,0.09999997913837433
1051,44,-20.639232635498047,0,0.9000001549720764
1052,25,-23.86956024169922,0,0.8999999165534973
1053,18,-24.370744705200195,0,0.8999999165534973
1054,67,-88.88758850097656,0,0.9000000953674316
1055,35,-20.201692581176758,0,0.8999999165534973
1056,29,-22.704423904418945,1,0.09999998658895493
1057,12,-13.852433204650879,0,0.8999998569488525
1058,15,-20.762226104736328,1,0.10000000894069672
1059,11,-21.40890884399414,1,0.10000000149011612
1060,36,-37.6127815246582,0,0.8999999165534973
1061,22,-17.237886428833008,1,0.09999999403953552
1062,13,-19.185720443725586,0,0.8999998569488525
1063,87,-108.16242980957031,0,0.9000000953674316
1064,61,-80.95147705078125,0,0.9000001549720764
1065,12,-8.150293350219727,1,0.10000000149011612
1066,15,-23.917808532714844,1,0.10000000894069672
1067,25,-12.335733413696289,0,0.8999999165534973
1068,11,-12.579109191894531,0,0.8999998569488525
1069,14,-17.844541549682617,0,0.8999997973442078
1070,16,-7.385045051574707,0,0.8999999761581421
1071,55,-56.48920440673828,0,0.9000002145767212
1072,64,-44.080467224121094,0,0.9000000357627869
1073,19,-8.585383415222168,1,0.10000000149011612
1074,15,-17.597074508666992,0,0.8999997973442078
1075,19,-23.320140838623047,0,0.8999999165534973
1076,14,-17.2480525970459,0,0.8999997973442078
1077,27,-26.62917709350586,0,0.8999999165534973
1078,14,-11.812198638916016,0,0.8999997973442078
1079,11,-14.74990463256836,1,0.10000000149011612
1080,14,-20.968503952026367,0,0.8999997973442078
1081,17,-13.139352798461914,1,0.10000000149011612
1082,28,2.924004077911377,1,0.09999998658895493
1083,26,-34.769371032714844,0,0.8999999165534973
1084,14,-13.571321487426758,1,0.10000000894069672
1085,28,-26.9730224609375,0,0.8999999165534973
1086,17,-11.013425827026367,1,0.10000000149011612
1087,27,-48.9593391418457,0,0.8999999165534973
1088,75,-100.76471710205078,1,0.10000000894069672
1089,16,-2.0056567192077637,0,0.8999999761581421
1090,17,-8.727986335754395,1,0.10000000149011612
1091,30,-34.76363754272461,1,0.09999998658895493
1092,26,-50.68047332763672,1,0.09999999403953552
1093,27,-34.964691162109375,1,0.09999999403953552
1094,28,-39.25694274902344,0,0.8999999165534973
1095,61,-89.76548767089844,0,0.9000001549720764
1096,29,-65.22318267822266,0,0.8999998569488525
1097,32,-43.762123107910156,0,0.8999999761581421
1098,59,-27.067153930664062,0,0.9000000953674316
1099,16,-30.914352416992188,0,0.8999999761581421
1100,44,-53.89739227294922,0,0.9000001549720764
1101,14,-20.665128707885742,0,0.8999997973442078
1102,36,-74.45751953125,0,0.8999999165534973
1103,25,-32.482208251953125,0,0.8999999165534973
1104,38,-21.903553009033203,0,0.9000000357627869
1105,41,-41.93955612182617,0,0.9000000357627869
1106,14,-16.28256607055664,0,0.8999997973442078
1107,32,-45.340965270996094,0,0.8999999761581421
1108,52,-37.31705093383789,1,0.09999999403953552
1109,25,-38.04796600341797,0,0.8999999165534973
1110,20,-16.775428771972656,1,0.10000000149011612
1111,16,-12.860034942626953,0,0.8999999761581421
1112,22,-27.621112823486328,0,0.8999998569488525
1113,69,-72.4900894165039,1,0.10000000149011612
1114,11,-12.913558006286621,1,0.10000000149011612
1115,57,-47.969871520996094,0,0.9000000357627869
1116,61,-84.6309585571289,1,0.10000000149011612
1117,17,-30.142410278320312,0,0.8999999761581421
1118,31,-21.659242630004883,0,0.8999998569488525
1119,39,-32.24560546875,0,0.9000000357627869
1120,9,-12.231949806213379,0,0.8999999165534973
1121,10,-9.281549453735352,1,0.10000000149011612
1122,10,-11.615128517150879,0,0.8999999165534973
1123,17,-26.96992301940918,0,0.8999999761581421
1124,24,-9.647443771362305,0,0.8999999165534973
1125,11,-8.18832015991211,0,0.8999998569488525
1126,18,-25.26345443725586,0,0.8999999165534973
1127,47,-10.405513763427734,0,0.9000002145767212
1128,23,-4.203990459442139,0,0.8999998569488525
1129,34,-30.92087745666504,0,0.8999999761581421
1130,19,-21.66635513305664,0,0.8999999165534973
1131,17,-16.185609817504883,0,0.8999999761581421
1132,11,-10.84492301940918,0,0.8999998569488525
1133,13,-7.44212532043457,0,0.8999998569488525
1134,9,-3.919151782989502,0,0.8999999165534973
1135,17,-26.648204803466797,0,0.8999999761581421
1136,10,-5.552708625793457,0,0.8999999165534973
1137,10,-15.026169776916504,1,0.10000000149011612
1138,12,-2.303159713745117,0,0.8999998569488525
1139,11,-15.436164855957031,0,0.8999998569488525
1140,53,-30.346126556396484,0,0.9000001549720764
1141,13,-15.305654525756836,1,0.10000000894069672
1142,30,-19.728546142578125,1,0.09999998658895493
1143,12,-6.840641975402832,0,0.8999998569488525
1144,10,-15.807703018188477,0,0.8999999165534973
1145,19,-23.615766525268555,1,0.10000000149011612
1146,10,-8.77910041809082,1,0.10000000149011612
1147,41,-15.899380683898926,0,0.9000000357627869
1148,58,-41.474246978759766,0,0.9000000953674316
1149,37,-50.926612854003906,1,0.09999998658895493
1150,28,-19.821195602416992,0,0.8999999165534973
1151,11,-6.077202320098877,0,0.8999998569488525
1152,11,-7.562618732452393,0,0.8999998569488525
1153,90,-144.43142700195312,1,0.10000002384185791
1154,40,-22.4384822845459,1,0.10000000149011612
1155,10,-9.132095336914062,0,0.8999999165534973
1156,12,-7.413311004638672,0,0.8999998569488525
1157,115,-149.2925262451172,1,0.10000002384185791
1158,21,-35.90700149536133,0,0.8999999165534973
1159,48,-64.74073791503906,0,0.9000000357627869
1160,18,-14.250381469726562,0,0.8999999165534973
1161,19,-12.295682907104492,0,0.8999999165534973
1162,16,-14.661781311035156,1,0.10000000149011612
1163,28,-9.403575897216797,0,0.8999999165534973
1164,9,-9.481629371643066,0,0.8999999165534973
1165,68,-95.75062561035156,0,0.9000000953674316
1166,18,-22.725242614746094,0,0.8999999165534973
1167,10,-14.5766019821167,1,0.10000000149011612
1168,15,-16.85065269470215,0,0.8999997973442078
1169,31,-8.069650650024414,1,0.09999997913837433
1170,42,-52.086875915527344,0,0.9000000953674316
1171,26,-32.268760681152344,0,0.8999999165534973
1172,20,-9.610915184020996,0,0.8999999165534973
1173,10,-12.289434432983398,0,0.8999999165534973
1174,12,-13.843786239624023,1,0.10000000149011612
1175,20,-23.227602005004883,0,0.8999999165534973
1176,30,-33.02872085571289,0,0.8999998569488525
1177,49,-23.97649383544922,1,0.10000000149011612
1178,12,-15.434926986694336,0,0.8999998569488525
1179,20,-44.866302490234375,0,0.8999999165534973
1180,14,-8.841135025024414,0,0.8999997973442078
1181,21,-15.032634735107422,0,0.8999999165534973
1182,29,-6.498193740844727,1,0.09999998658895493
1183,13,-14.491402626037598,0,0.8999998569488525
1184,15,-25.487966537475586,0,0.8999997973442078
1185,71,-65.632080078125,0,0.9000001549720764
1186,53,-28.504262924194336,0,0.9000001549720764
1187,11,-7.804696083068848,0,0.8999998569488525
1188,35,-90.12789154052734,0,0.8999999165534973
1189,12,-17.89580726623535,0,0.8999998569488525
1190,27,-15.179269790649414,1,0.09999999403953552
1191,11,-10.7986478805542,0,0.8999998569488525
1192,25,-19.236413955688477,0,0.8999999165534973
1193,11,-9.404574394226074,1,0.10000000149011612
1194,36,-29.818599700927734,0,0.8999999165534973
1195,15,-4.306219577789307,0,0.8999997973442078
1196,13,-18.186113357543945,1,0.10000000894069672
1197,10,-12.13149642944336,0,0.8999999165534973
1198,12,-5.8494038581848145,0,0.8999998569488525
1199,44,-44.272911071777344,0,0.9000001549720764
1200,24,-15.913317680358887,0,0.8999999165534973
1201,14,-10.218233108520508,0,0.8999997973442078
1202,16,-12.470569610595703,1,0.10000000149011612
1203,31,-23.61526107788086,0,0.8999998569488525
1204,11,-13.939924240112305,0,0.8999998569488525
1205,29,-27.688232421875,0,0.8999998569488525
1206,12,-16.536420822143555,0,0.8999998569488525
1207,10,-14.18585205078125,0,0.8999999165534973
1208,13,-17.01106834411621,0,0.8999998569488525
1209,22,-4.84663200378418,0,0.8999998569488525
1210,30,-61.587093353271484,1,0.09999998658895493
1211,19,-14.298874855041504,0,0.8999999165534973
1212,35,-60.31918716430664,0,0.8999999165534973
1213,18,-18.216854095458984,0,0.8999999165534973
1214,10,-3.837961196899414,0,0.8999999165534973
1215,77,-135.48695373535156,1,0.10000000149011612
1216,12,-15.448451042175293,0,0.8999998569488525
1217,19,-20.781103134155273,0,0.8999999165534973
1218,13,-12.00236701965332,1,0.10000000894069672
1219,38,-46.76936721801758,1,0.09999998658895493
1220,11,-7.644396781921387,0,0.8999998569488525
1221,10,-10.592595100402832,0,0.8999999165534973
1222,31,-48.07091522216797,0,0.8999998569488525
1223,17,-27.564922332763672,0,0.8999999761581421
1224,33,-2.4244534969329834,0,0.8999999761581421
1225,15,-4.70589542388916,0,0.8999997973442078
1226,21,-33.0467529296875,0,0.8999999165534973
1227,23,-31.509122848510742,0,0.8999998569488525
1228,32,-44.332157135009766,0,0.8999999761581421
1229,17,-18.034202575683594,0,0.8999999761581421
1230,11,-14.858201026916504,0,0.8999998569488525
1231,16,-15.384895324707031,0,0.8999999761581421
1232,17,-11.858744621276855,0,0.8999999761581421
1233,38,-85.98478698730469,0,0.9000000357627869
1234,9,-8.878978729248047,1,0.10000000149011612
1235,16,-33.63379669189453,0,0.8999999761581421
1236,10,-14.454776763916016,1,0.10000000149011612
1237,18,-9.660360336303711,0,0.8999999165534973
1238,17,-6.103715896606445,0,0.8999999761581421
1239,19,-15.352880477905273,0,0.8999999165534973
1240,15,-5.1786580085754395,1,0.10000000894069672
1241,21,-28.763643264770508,0,0.8999999165534973
1242,37,-33.227474212646484,0,0.8999999761581421
1243,12,-12.498625755310059,0,0.8999998569488525
1244,23,-24.51483154296875,0,0.8999998569488525
1245,12,-7.821132659912109,0,0.8999998569488525
1246,88,-38.301212310791016,0,0.8999999761581421
1247,30,-31.979354858398438,0,0.8999998569488525
1248,9,-12.41271686553955,0,0.8999999165534973
1249,49,-68.57192993164062,1,0.10000000149011612
1250,26,-38.515159606933594,1,0.09999999403953552
1251,19,-23.274755477905273,1,0.10000000149011612
1252,13,-18.660083770751953,1,0.10000000894069672
1253,45,-41.14376449584961,0,0.9000001549720764
1254,13,-9.986833572387695,0,0.8999998569488525
1255,26,-33.244873046875,0,0.8999999165534973
1256,25,-38.81098556518555,0,0.8999999165534973
1257,33,-70.30294799804688,0,0.8999999761581421
1258,30,-31.449203491210938,0,0.8999998569488525
1259,16,-17.269493103027344,1,0.10000000149011612
1260,15,-22.763933181762695,0,0.8999997973442078
1261,18,-17.086956024169922,1,0.10000000149011612
1262,12,-10.978194236755371,0,0.8999998569488525
1263,27,-20.590438842773438,0,0.8999999165534973
1264,30,-23.295297622680664,0,0.8999998569488525
1265,14,-4.331125259399414,0,0.8999997973442078
1266,9,-10.355684280395508,0,0.8999999165534973
1267,12,-14.520576477050781,0,0.8999998569488525
1268,67,-86.24044799804688,1,0.10000000149011612
1269,18,-15.720008850097656,0,0.8999999165534973
1270,18,-9.147960662841797,1,0.10000000149011612
1271,19,-11.038253784179688,1,0.10000000149011612
1272,62,-130.7074432373047,0,0.9000001549720764
1273,30,-38.410125732421875,0,0.8999998569488525
1274,9,-11.089694023132324,0,0.8999999165534973
1275,44,-58.77397918701172,1,0.09999999403953552
1276,10,-10.612554550170898,0,0.8999999165534973
1277,65,-181.31619262695312,0,0.9000000357627869
1278,26,-17.026123046875,0,0.8999999165534973
1279,18,-34.56472396850586,0,0.8999999165534973
1280,29,-33.529090881347656,0,0.8999998569488525
1281,21,-39.3151969909668,0,0.8999999165534973
1282,1001,-1649.40380859375,0,0.8999999165534973
1283,18,-6.6273193359375,0,0.8999999165534973
1284,15,-16.91083526611328,0,0.8999997973442078
1285,11,-16.896751403808594,0,0.8999998569488525
1286,17,-13.01904296875,0,0.8999999761581421
1287,66,-120.77637481689453,0,0.9000000953674316
1288,23,-15.955374717712402,0,0.8999998569488525
1289,26,-27.288482666015625,0,0.8999999165534973
1290,21,-10.844409942626953,0,0.8999999165534973
1291,15,-28.55512809753418,0,0.8999997973442078
1292,87,-61.77172088623047,1,0.1000000387430191
1293,23,-11.459844589233398,1,0.09999998658895493
1294,19,-22.32229995727539,0,0.8999999165534973
1295,34,-37.024410247802734,0,0.8999999761581421
1296,21,-13.874170303344727,0,0.8999999165534973
1297,16,-17.721256256103516,1,0.10000000149011612
1298,25,-3.659939765930176,0,0.8999999165534973
1299,24,-8.078285217285156,0,0.8999999165534973
1300,31,-2.8712873458862305,0,0.8999998569488525
1301,22,-11.856164932250977,0,0.8999998569488525
1302,9,-11.570209503173828,0,0.8999999165534973
1303,13,-16.907346725463867,0,0.8999998569488525
1304,36,-42.831932067871094,0,0.8999999165534973
1305,41,-30.073823928833008,0,0.9000000357627869
1306,15,-18.889110565185547,0,0.8999997973442078
1307,56,-67.52456665039062,1,0.10000000894069672
1308,19,-17.9442195892334,0,0.8999999165534973
1309,10,-13.203632354736328,0,0.8999999165534973
1310,30,-29.70209312438965,1,0.09999998658895493
1311,13,-12.069777488708496,0,0.8999998569488525
1312,13,-14.787755012512207,0,0.8999998569488525
1313,30,-35.348121643066406,0,0.8999998569488525
1314,11,-12.936500549316406,1,0.10000000149011612
1315,10,-9.159637451171875,0,0.8999999165534973
1316,12,-3.704240322113037,0,0.8999998569488525
1317,17,-8.254191398620605,0,0.8999999761581421
1318,20,-23.93622589111328,1,0.10000000149011612
1319,9,-11.379443168640137,1,0.10000000149011612
1320,13,-16.254039764404297,1,0.10000000894069672
1321,69,-98.24574279785156,0,0.9000001549720764
1322,51,-83.5328369140625,1,0.10000000149011612
1323,39,4.874038219451904,1,0.09999998658895493
1324,17,-29.73102569580078,1,0.10000000149011612
1325,13,-22.85301399230957,1,0.10000000894069672
1326,14,-14.00005054473877,0,0.8999997973442078
1327,64,-82.36827087402344,0,0.9000000357627869
1328,27,-35.10363006591797,1,0.09999999403953552
1329,13,-6.288261890411377,0,0.8999998569488525
1330,48,-68.59962463378906,0,0.9000000357627869
1331,13,-20.778966903686523,0,0.8999998569488525
1332,11,-19.194276809692383,0,0.8999998569488525
1333,14,-10.710375785827637,0,0.8999997973442078
1334,39,-43.235774993896484,1,0.09999998658895493
1335,24,-37.472511291503906,0,0.8999999165534973
1336,16,-24.504680633544922,0,0.8999999761581421
1337,19,-18.113208770751953,1,0.10000000149011612
1338,36,-72.45843505859375,0,0.8999999165534973
1339,11,-7.169971466064453,0,0.8999998569488525
1340,24,-49.32020568847656,0,0.8999999165534973
1341,11,-16.08785057067871,0,0.8999998569488525
1342,14,-19.123050689697266,1,0.10000000894069672
1343,9,-11.22585391998291,1,0.10000000149011612
1344,29,-20.377347946166992,0,0.8999998569488525
1345,25,-14.03625202178955,1,0.10000000149011612
1346,80,-82.36698150634766,1,0.10000000894069672
1347,48,-82.34574890136719,1,0.10000000149011612
1348,1001,-1405.06103515625,0,0.8999999165534973
1349,27,-16.315622329711914,0,0.8999999165534973
1350,89,-88.85021209716797,0,0.8999999761581421
1351,10,-11.598383903503418,0,0.8999999165534973
1352,21,-21.44674301147461,0,0.8999999165534973
1353,10,-5.939889907836914,0,0.8999999165534973
1354,52,-120.16454315185547,0,0.9000001549720764
1355,10,-16.73395538330078,0,0.8999999165534973
1356,32,-44.029640197753906,0,0.8999999761581421
1357,12,-9.269044876098633,0,0.8999998569488525
1358,30,-47.18586730957031,1,0.09999998658895493
1359,17,-25.909351348876953,1,0.10000000149011612
1360,14,-12.826350212097168,1,0.10000000894069672
1361,15,-1.3059419393539429,0,0.8999997973442078
1362,9,-10.618047714233398,1,0.10000000149011612
1363,19,-12.162667274475098,0,0.8999999165534973
1364,83,-90.12015533447266,1,0.10000002384185791
1365,16,-13.117708206176758,0,0.8999999761581421
1366,12,-5.09506893157959,0,0.8999998569488525
1367,10,-9.679933547973633,0,0.8999999165534973
1368,19,-28.93752670288086,0,0.8999999165534973
1369,19,-13.615374565124512,0,0.8999999165534973
1370,13,-6.0582685470581055,1,0.10000000894069672
1371,13,-13.617481231689453,0,0.8999998569488525
1372,8,-11.71883487701416,0,0.8999999761581421
1373,30,-26.417753219604492,1,0.09999998658895493
1374,14,-14.198739051818848,0,0.8999997973442078
1375,11,-17.331972122192383,0,0.8999998569488525
1376,20,-29.502653121948242,0,0.8999999165534973
1377,10,-16.500436782836914,1,0.10000000149011612
1378,56,-75.08464813232422,0,0.9000000357627869
1379,28,-65.79991149902344,0,0.8999999165534973
1380,25,-30.636842727661133,1,0.10000000149011612
1381,21,-8.23729419708252,0,0.8999999165534973
1382,13,-21.089187622070312,0,0.8999998569488525
1383,22,-35.47063446044922,1,0.09999999403953552
1384,31,-26.830034255981445,1,0.09999997913837433
1385,21,-41.13166046142578,0,0.8999999165534973
1386,9,-14.528985977172852,1,0.10000000149011612
1387,10,-17.001873016357422,1,0.10000000149011612
1388,12,-10.203193664550781,0,0.8999998569488525
1389,25,-22.639747619628906,1,0.10000000149011612
1390,12,-18.388355255126953,0,0.8999998569488525
1391,10,-21.00697898864746,0,0.8999999165534973
1392,10,-10.68989372253418,0,0.8999999165534973
1393,17,-22.463315963745117,0,0.8999999761581421
1394,10,-20.202091217041016,0,0.8999999165534973
1395,14,-29.0717830657959,0,0.8999997973442078
1396,61,-95.01570892333984,0,0.9000001549720764
1397,12,-19.311046600341797,0,0.8999998569488525
1398,12,-21.66480827331543,0,0.8999998569488525
1399,12,-28.987628936767578,0,0.8999998569488525
1400,23,-28.959840774536133,0,0.8999998569488525
1401,22,-53.601348876953125,1,0.09999999403953552
1402,17,-33.78553771972656,0,0.8999999761581421
1403,19,-49.62721633911133,0,0.8999999165534973
1404,17,-20.68830108642578,0,0.8999999761581421
1405,36,-68.19014739990234,0,0.8999999165534973
1406,21,-12.111856460571289,0,0.8999999165534973
1407,12,-23.699562072753906,1,0.10000000149011612
1408,12,-19.08213996887207,0,0.8999998569488525
1409,12,-18.277957916259766,0,0.8999998569488525
1410,11,-14.330248832702637,0,0.8999998569488525
1411,59,-139.86805725097656,1,0.10000000149011612
1412,11,-13.28990650177002,0,0.8999998569488525
1413,6,-16.227081298828125,0,0.9000000357627869
1414,11,-19.345829010009766,0,0.8999998569488525
1415,13,-18.137910842895508,0,0.8999998569488525
1416,32,-69.55314636230469,1,0.10000000149011612
1417,17,-33.95082092285156,0,0.8999999761581421
1418,11,-16.292280197143555,0,0.8999998569488525
1419,11,-16.79372215270996,0,0.8999998569488525
1420,11,-14.109821319580078,1,0.10000000149011612
1421,9,-14.120015144348145,0,0.8999999165534973
1422,25,-9.70485782623291,0,0.8999999165534973
1423,8,-18.563047409057617,0,0.8999999761581421
1424,13,-23.342622756958008,0,0.8999998569488525
1425,33,-28.864477157592773,0,0.8999999761581421
1426,16,-14.328522682189941,1,0.10000000149011612
1427,11,-20.78216552734375,1,0.10000000149011612
1428,25,-38.540122985839844,0,0.8999999165534973
1429,23,-23.301454544067383,0,0.8999998569488525
1430,78,-108.87372589111328,1,0.10000000149011612
1431,13,-24.336467742919922,0,0.8999998569488525
1432,19,-34.536930084228516,0,0.8999999165534973
1433,9,-20.496747970581055,0,0.8999999165534973
1434,12,-22.06722640991211,0,0.8999998569488525
1435,12,-23.516708374023438,0,0.8999998569488525
1436,36,-27.35143280029297,0,0.8999999165534973
1437,9,-17.68535804748535,0,0.8999999165534973
1438,11,-17.8592529296875,0,0.8999998569488525
1439,7,-9.680957794189453,0,0.9000000357627869
1440,11,-13.220480918884277,0,0.8999998569488525
1441,10,-14.112594604492188,0,0.8999999165534973
1442,29,-37.602516174316406,0,0.8999998569488525
1443,10,-21.164522171020508,0,0.8999999165534973
1444,30,-77.75142669677734,1,0.09999998658895493
1445,7,-16.01416015625,1,0.10000000894069672
1446,12,-16.412233352661133,1,0.10000000149011612
1447,22,-37.14152908325195,0,0.8999998569488525
1448,53,-49.431678771972656,0,0.9000001549720764
1449,16,-17.631935119628906,0,0.8999999761581421
1450,47,-33.032867431640625,0,0.9000002145767212
1451,10,-12.528032302856445,0,0.8999999165534973
1452,10,-10.327354431152344,0,0.8999999165534973
1453,7,-19.71706771850586,0,0.9000000357627869
1454,26,-43.50844192504883,1,0.09999999403953552
1455,52,4.505412578582764,1,0.09999999403953552
1456,11,-20.00215721130371,0,0.8999998569488525
1457,26,-42.174644470214844,0,0.8999999165534973
1458,23,-22.8253173828125,0,0.8999998569488525
1459,12,-21.052263259887695,0,0.8999998569488525
1460,26,-28.95703125,0,0.8999999165534973
1461,52,-49.42951583862305,0,0.9000001549720764
1462,8,-19.784866333007812,0,0.8999999761581421
1463,22,-28.729772567749023,1,0.09999999403953552
1464,10,-12.37037467956543,1,0.10000000149011612
1465,23,-5.5630669593811035,0,0.8999998569488525
1466,23,-39.09295654296875,0,0.8999998569488525
1467,11,-17.274629592895508,0,0.8999998569488525
1468,14,-24.840539932250977,0,0.8999997973442078
1469,12,-14.747742652893066,0,0.8999998569488525
1470,15,-25.00611686706543,0,0.8999997973442078
1471,11,-14.403179168701172,1,0.10000000149011612
1472,10,-12.354958534240723,1,0.10000000149011612
1473,10,-14.056751251220703,1,0.10000000149011612
1474,10,-13.115767478942871,0,0.8999999165534973
1475,10,-17.475975036621094,0,0.8999999165534973
1476,12,-19.170639038085938,0,0.8999998569488525
1477,10,-18.07659149169922,1,0.10000000149011612
1478,11,-17.00973892211914,1,0.10000000149011612
1479,22,-29.637666702270508,1,0.09999999403953552
1480,11,-15.161947250366211,0,0.8999998569488525
1481,10,-14.100948333740234,0,0.8999999165534973
1482,11,-17.695167541503906,0,0.8999998569488525
1483,19,-26.021100997924805,1,0.10000000149011612
1484,15,-18.29153823852539,0,0.8999997973442078
1485,11,-21.162221908569336,0,0.8999998569488525
1486,16,-21.67877197265625,0,0.8999999761581421
1487,22,-43.24101257324219,0,0.8999998569488525
1488,25,-30.548133850097656,1,0.10000000149011612
1489,10,-11.253809928894043,0,0.8999999165534973
1490,14,-34.16952896118164,0,0.8999997973442078
1491,7,-17.29210662841797,0,0.9000000357627869
1492,10,-14.27238655090332,1,0.10000000149011612
1493,11,-14.432727813720703,1,0.10000000149011612
1494,11,-17.838241577148438,0,0.8999998569488525
1495,14,-16.856586456298828,0,0.8999997973442078
1496,13,-28.24022674560547,1,0.10000000894069672
1497,21,-28.338150024414062,0,0.8999999165534973
1498,16,-26.384449005126953,0,0.8999999761581421
1499,43,-105.24839782714844,0,0.9000000953674316
1500,16,-8.852972030639648,1,0.10000000149011612
1501,28,-53.811920166015625,1,0.09999998658895493
1502,11,-14.519729614257812,0,0.8999998569488525
1503,8,-11.452323913574219,0,0.8999999761581421
1504,10,-13.882356643676758,0,0.8999999165534973
1505,29,-51.36461639404297,0,0.8999998569488525
1506,16,-21.739652633666992,1,0.10000000149011612
1507,10,-15.969797134399414,0,0.8999999165534973
1508,20,-34.594947814941406,1,0.10000000149011612
1509,12,-28.966293334960938,0,0.8999998569488525
1510,9,-10.715054512023926,0,0.8999999165534973
1511,49,-79.33736419677734,0,0.9000000357627869
1512,12,-15.684496879577637,0,0.8999998569488525
1513,14,-29.840526580810547,0,0.8999997973442078
1514,15,-33.9328727722168,0,0.8999997973442078
1515,28,-52.63349914550781,1,0.09999998658895493
1516,20,-23.407697677612305,0,0.8999999165534973
1517,16,-12.355989456176758,0,0.8999999761581421
1518,22,-23.56427001953125,0,0.8999998569488525
1519,24,-7.5553998947143555,1,0.10000000149011612
1520,64,-74.99964904785156,1,0.10000000894069672
1521,22,-35.16975402832031,0,0.8999998569488525
1522,9,-13.584668159484863,0,0.8999999165534973
1523,10,-9.916704177856445,0,0.8999999165534973
1524,11,-13.582706451416016,0,0.8999998569488525
1525,13,-21.795957565307617,0,0.8999998569488525
1526,11,-18.093461990356445,1,0.10000000149011612
1527,18,-22.71206283569336,0,0.8999999165534973
1528,7,-6.281459808349609,0,0.9000000357627869
1529,11,-19.824459075927734,0,0.8999998569488525
1530,38,-27.158849716186523,1,0.09999998658895493
1531,9,-10.002259254455566,1,0.10000000149011612
1532,10,-14.897903442382812,0,0.8999999165534973
1533,9,-6.599188327789307,1,0.10000000149011612
1534,16,-21.158546447753906,0,0.8999999761581421
1535,10,-15.420788764953613,1,0.10000000149011612
1536,42,-51.77687072753906,0,0.9000000953674316
1537,11,-18.70743179321289,0,0.8999998569488525
1538,8,-9.56344985961914,0,0.8999999761581421
1539,20,-35.03023147583008,0,0.8999999165534973
1540,52,-56.32775115966797,0,0.9000001549720764
1541,20,-32.544864654541016,1,0.10000000149011612
1542,69,-192.8141326904297,0,0.9000001549720764
1543,47,-82.99615478515625,0,0.9000002145767212
1544,43,-80.64640808105469,0,0.9000000953674316
1545,12,-19.4693603515625,0,0.8999998569488525
1546,12,-24.12847328186035,0,0.8999998569488525
1547,36,-53.282470703125,0,0.8999999165534973
1548,14,-5.078953266143799,0,0.8999997973442078
1549,22,-28.538463592529297,0,0.8999998569488525
1550,12,-10.929720878601074,0,0.8999998569488525
1551,37,-30.66451072692871,0,0.8999999761581421
1552,17,-12.369514465332031,0,0.8999999761581421
1553,13,-15.721047401428223,0,0.8999998569488525
1554,9,-15.65690803527832,0,0.8999999165534973
1555,22,-35.97504425048828,0,0.8999998569488525
1556,12,-29.28097915649414,1,0.10000000149011612
1557,19,-43.56451416015625,0,0.8999999165534973
1558,12,-24.606060028076172,0,0.8999998569488525
1559,41,-22.746885299682617,0,0.9000000357627869
1560,11,-10.422539710998535,0,0.8999998569488525
1561,19,-25.66716194152832,0,0.8999999165534973
1562,10,-11.031888961791992,0,0.8999999165534973
1563,29,-39.410743713378906,0,0.8999998569488525
1564,9,-12.384699821472168,0,0.8999999165534973
1565,21,-45.24672317504883,0,0.8999999165534973
1566,13,-19.09766387939453,1,0.10000000894069672
1567,27,-45.00104904174805,0,0.8999999165534973
1568,10,-17.965986251831055,0,0.8999999165534973
1569,9,-16.019603729248047,0,0.8999999165534973
1570,26,-18.394603729248047,0,0.8999999165534973
1571,11,-12.496720314025879,0,0.8999998569488525
1572,12,-23.362060546875,0,0.8999998569488525
1573,18,-6.732491493225098,0,0.8999999165534973
1574,10,-17.039703369140625,0,0.8999999165534973
1575,18,-20.55261993408203,0,0.8999999165534973
1576,14,-15.105916023254395,0,0.8999997973442078
1577,18,-15.332801818847656,0,0.8999999165534973
1578,33,-58.023345947265625,0,0.8999999761581421
1579,18,-28.175098419189453,0,0.8999999165534973
1580,26,-34.82460021972656,0,0.8999999165534973
1581,32,-68.5882339477539,1,0.10000000149011612
1582,8,-6.590134143829346,0,0.8999999761581421
1583,14,-28.015871047973633,0,0.8999997973442078
1584,50,-99.02654266357422,1,0.10000000149011612
1585,1001,-1669.3115234375,0,0.8999999165534973
1586,42,-78.63894653320312,0,0.9000000953674316
1587,13,-18.71576499938965,0,0.8999998569488525
1588,13,-8.768919944763184,1,0.10000000894069672
1589,11,-12.853628158569336,0,0.8999998569488525
1590,24,-41.98944091796875,0,0.8999999165534973
1591,24,-9.422812461853027,1,0.10000000149011612
1592,20,-46.55026626586914,0,0.8999999165534973
1593,15,-25.745298385620117,0,0.8999997973442078
1594,73,-153.97207641601562,0,0.9000000357627869
1595,83,-112.96685791015625,1,0.10000002384185791
1596,41,-57.58700180053711,0,0.9000000357627869
1597,26,-21.558942794799805,0,0.8999999165534973
1598,17,-22.952688217163086,0,0.8999999761581421
1599,19,-30.603334426879883,0,0.8999999165534973
1600,12,-24.15682029724121,0,0.8999998569488525
1601,40,-51.28630447387695,0,0.8999999761581421
1602,13,-20.383167266845703,0,0.8999998569488525
1603,10,-18.446378707885742,0,0.8999999165534973
1604,12,-19.55183219909668,1,0.10000000149011612
1605,42,-58.24092483520508,0,0.9000000953674316
1606,19,-25.30531120300293,0,0.8999999165534973
1607,9,-14.894987106323242,1,0.10000000149011612
1608,23,-23.322528839111328,0,0.8999998569488525
1609,11,-11.257026672363281,0,0.8999998569488525
1610,25,-38.42131042480469,0,0.8999999165534973
1611,13,-14.21392822265625,0,0.8999998569488525
1612,39,-86.13031768798828,0,0.9000000357627869
1613,23,-42.599212646484375,0,0.8999998569488525
1614,11,-17.149368286132812,1,0.10000000149011612
1615,10,-13.533751487731934,0,0.8999999165534973
1616,16,-10.242715835571289,0,0.8999999761581421
1617,9,-15.293609619140625,0,0.8999999165534973
1618,12,-17.12445068359375,0,0.8999998569488525
1619,12,-15.390684127807617,0,0.8999998569488525
1620,15,-15.144645690917969,1,0.10000000894069672
1621,20,-38.4615592956543,1,0.10000000149011612
1622,29,-21.508121490478516,0,0.8999998569488525
1623,26,-57.1712760925293,0,0.8999999165534973
1624,16,-33.35798263549805,0,0.8999999761581421
1625,10,-12.425076484680176,0,0.8999999165534973
1626,35,-52.03998565673828,1,0.09999999403953552
1627,17,-26.225006103515625,1,0.10000000149011612
1628,21,-42.82483673095703,1,0.09999999403953552
1629,22,-16.278743743896484,0,0.8999998569488525
1630,16,-27.944244384765625,0,0.8999999761581421
1631,15,-21.0047664642334,0,0.8999997973442078
1632,10,-13.11462116241455,0,0.8999999165534973
1633,36,-44.683143615722656,1,0.09999999403953552
1634,11,-19.77162742614746,0,0.8999998569488525
1635,10,-28.843856811523438,0,0.8999999165534973
1636,29,-40.346885681152344,0,0.8999998569488525
1637,20,-28.468082427978516,0,0.8999999165534973
1638,33,-44.79055404663086,0,0.8999999761581421
1639,22,-52.488914489746094,0,0.8999998569488525
1640,11,-16.738018035888672,0,0.8999998569488525
1641,22,-7.125795364379883,1,0.09999999403953552
1642,841,-1499.0584716796875,1,0.10000001639127731
1643,26,-57.443023681640625,0,0.8999999165534973
1644,30,-42.745540618896484,0,0.8999998569488525
1645,55,-79.27925109863281,0,0.9000002145767212
1646,45,-52.63969039916992,0,0.9000001549720764
1647,18,-28.000102996826172,0,0.8999999165534973
1648,18,-15.956486701965332,0,0.8999999165534973
1649,12,-9.838326454162598,0,0.8999998569488525
1650,12,-10.164868354797363,0,0.8999998569488525
1651,13,-25.30457878112793,0,0.8999998569488525
1652,19,-12.397509574890137,0,0.8999999165534973
1653,23,-36.23487854003906,1,0.09999998658895493
1654,32,-28.994422912597656,1,0.10000000149011612
1655,17,-27.027219772338867,0,0.8999999761581421
1656,22,-9.076329231262207,0,0.8999998569488525
1657,13,-38.64610290527344,0,0.8999998569488525
1658,11,-8.350363731384277,0,0.8999998569488525
1659,21,-29.963464736938477,0,0.8999999165534973
1660,17,-11.547826766967773,0,0.8999999761581421
1661,18,-28.470218658447266,0,0.8999999165534973
1662,10,-16.23562240600586,0,0.8999999165534973
1663,13,-19.997983932495117,1,0.10000000894069672
1664,27,-13.816333770751953,0,0.8999999165534973
1665,17,-10.70113754272461,0,0.8999999761581421
1666,12,-12.14937973022461,0,0.8999998569488525
1667,15,-19.130460739135742,0,0.8999997973442078
1668,19,-25.972997665405273,1,0.10000000149011612
1669,47,-77.85057830810547,0,0.9000002145767212
1670,24,-31.451663970947266,0,0.8999999165534973
1671,8,-13.644620895385742,0,0.8999999761581421
1672,32,-38.133331298828125,0,0.8999999761581421
1673,27,-58.63179016113281,0,0.8999999165534973
1674,17,-6.698611736297607,0,0.8999999761581421
1675,23,-22.298437118530273,0,0.8999998569488525
1676,19,-27.438785552978516,0,0.8999999165534973
1677,22,-38.561767578125,0,0.8999998569488525
1678,9,-9.20860767364502,0,0.8999999165534973
1679,22,-21.741872787475586,0,0.8999998569488525
1680,28,-34.66252899169922,1,0.09999998658895493
1681,15,-17.557388305664062,1,0.10000000894069672
1682,34,-31.011743545532227,1,0.09999999403953552
1683,12,-19.87318229675293,1,0.10000000149011612
1684,14,-9.911553382873535,0,0.8999997973442078
1685,33,-76.53872680664062,0,0.8999999761581421
1686,18,-16.352397918701172,1,0.10000000149011612
1687,80,-135.61964416503906,0,0.8999999761581421
1688,39,-46.24648666381836,0,0.9000000357627869
1689,22,-35.05908966064453,0,0.8999998569488525
1690,14,-27.603099822998047,1,0.10000000894069672
1691,31,-44.45226287841797,0,0.8999998569488525
1692,22,-15.565818786621094,0,0.8999998569488525
1693,27,-28.151840209960938,0,0.8999999165534973
1694,12,-20.996204376220703,0,0.8999998569488525
1695,15,-13.16291332244873,0,0.8999997973442078
1696,18,-7.933462142944336,0,0.8999999165534973
1697,24,-65.23312377929688,0,0.8999999165534973
1698,32,-42.68821334838867,1,0.10000000149011612
1699,26,-43.27617263793945,0,0.8999999165534973
1700,28,-38.778907775878906,1,0.09999998658895493
1701,9,-13.701654434204102,0,0.8999999165534973
1702,10,-12.374567985534668,0,0.8999999165534973
1703,15,-24.85297393798828,0,0.8999997973442078
1704,49,-38.577735900878906,1,0.10000000149011612
1705,16,-20.743003845214844,1,0.10000000149011612
1706,9,-13.629213333129883,0,0.8999999165534973
1707,10,-15.60732650756836,1,0.10000000149011612
1708,11,-11.556425094604492,0,0.8999998569488525
1709,40,-42.05790710449219,1,0.10000000149011612
1710,25,-35.34237289428711,1,0.10000000149011612
1711,1001,-1633.801025390625,0,0.8999999165534973
1712,10,-14.259279251098633,1,0.10000000149011612
1713,14,-11.509754180908203,0,0.8999997973442078
1714,30,-52.561798095703125,0,0.8999998569488525
1715,27,-56.89094543457031,0,0.8999999165534973
1716,24,-30.045785903930664,1,0.10000000149011612
1717,46,-76.8165054321289,1,0.09999998658895493
1718,18,-17.32196807861328,1,0.10000000149011612
1719,20,-25.240867614746094,1,0.10000000149011612
1720,16,-25.129234313964844,0,0.8999999761581421
1721,14,-10.307923316955566,0,0.8999997973442078
1722,19,-19.749374389648438,0,0.8999999165534973
1723,42,-89.39070129394531,1,0.09999999403953552
1724,30,-27.271495819091797,0,0.8999998569488525
1725,19,-6.86607551574707,0,0.8999999165534973
1726,28,-53.86927795410156,0,0.8999999165534973
1727,24,-36.807899475097656,0,0.8999999165534973
1728,33,-21.76947593688965,1,0.10000000149011612
1729,8,-18.79346466064453,0,0.8999999761581421
1730,27,-65.88565063476562,0,0.8999999165534973
1731,20,-31.681549072265625,0,0.8999999165534973
1732,120,-174.29258728027344,1,0.10000001639127731
1733,19,-37.2937126159668,0,0.8999999165534973
1734,20,-23.167362213134766,1,0.10000000149011612
1735,53,-105.64485168457031,0,0.9000001549720764
1736,61,-113.63619232177734,0,0.9000001549720764
1737,20,-28.229299545288086,0,0.8999999165534973
1738,25,-26.000703811645508,0,0.8999999165534973
1739,9,-14.318272590637207,1,0.10000000149011612
1740,25,-36.751922607421875,0,0.8999999165534973
1741,23,-53.62545394897461,0,0.8999998569488525
1742,26,-102.13632202148438,0,0.8999999165534973
1743,10,-14.873435974121094,0,0.8999999165534973
1744,11,-11.378104209899902,0,0.8999998569488525
1745,13,-24.6893310546875,0,0.8999998569488525
1746,27,-32.57335662841797,0,0.8999999165534973
1747,15,-22.86611557006836,0,0.8999997973442078
1748,12,-22.005844116210938,1,0.10000000149011612
1749,13,-23.225263595581055,0,0.8999998569488525
1750,19,-22.433509826660156,0,0.8999999165534973
1751,10,-8.523262023925781,0,0.8999999165534973
1752,9,-14.260183334350586,0,0.8999999165534973
1753,11,-23.168914794921875,1,0.10000000149011612
1754,43,-125.46900939941406,0,0.9000000953674316
1755,11,-9.87079906463623,0,0.8999998569488525
1756,9,-9.50210189819336,0,0.8999999165534973
1757,14,-25.734615325927734,0,0.8999997973442078
1758,11,-11.442666053771973,1,0.10000000149011612
1759,14,-23.296966552734375,0,0.8999997973442078
1760,10,-17.518953323364258,0,0.8999999165534973
1761,12,-7.214051246643066,0,0.8999998569488525
1762,26,-56.004249572753906,1,0.09999999403953552
1763,21,-37.99591064453125,0,0.8999999165534973
1764,45,-50.51490783691406,0,0.9000001549720764
1765,12,-29.06632423400879,1,0.10000000149011612
1766,15,-17.056983947753906,0,0.8999997973442078
1767,7,-7.259189605712891,1,0.10000000894069672
1768,35,-38.36455535888672,1,0.09999999403953552
1769,16,-34.297584533691406,0,0.8999999761581421
1770,11,-8.945385932922363,0,0.8999998569488525
1771,11,-14.715691566467285,1,0.10000000149011612
1772,18,-34.16677474975586,1,0.10000000149011612
1773,12,-15.616499900817871,0,0.8999998569488525
1774,37,-34.3176383972168,0,0.8999999761581421
1775,222,-336.3377685546875,0,0.8999999165534973
1776,13,-16.371435165405273,0,0.8999998569488525
1777,7,-19.154605865478516,0,0.9000000357627869
1778,17,-23.39971160888672,1,0.10000000149011612
1779,11,-15.592560768127441,0,0.8999998569488525
1780,16,-27.27029037475586,1,0.10000000149011612
1781,7,-11.381860733032227,0,0.9000000357627869
1782,10,-6.009303569793701,0,0.8999999165534973
1783,12,-8.995436668395996,0,0.8999998569488525
1784,10,-14.894278526306152,0,0.8999999165534973
1785,47,-70.52079010009766,1,0.09999998658895493
1786,10,-3.753899097442627,0,0.8999999165534973
1787,17,-5.4671831130981445,0,0.8999999761581421
1788,67,-134.69261169433594,0,0.9000000953674316
1789,42,-64.62510681152344,1,0.09999999403953552
1790,10,-16.592803955078125,0,0.8999999165534973
1791,22,-45.69235610961914,0,0.8999998569488525
1792,24,-26.14789390563965,0,0.8999999165534973
1793,11,-15.001442909240723,0,0.8999998569488525
1794,40,-49.47144317626953,0,0.8999999761581421
1795,11,-15.54419994354248,0,0.8999998569488525
1796,36,-72.30634307861328,1,0.09999999403953552
1797,28,-41.163509368896484,0,0.8999999165534973
1798,10,-14.209322929382324,1,0.10000000149011612
1799,51,-145.11366271972656,0,0.9000000953674316
1800,18,-33.82544708251953,0,0.8999999165534973
1801,10,-11.360672950744629,1,0.10000000149011612
1802,11,-24.58035659790039,0,0.8999998569488525
1803,10,-12.496001243591309,0,0.8999999165534973
1804,12,-24.737537384033203,1,0.10000000149011612
1805,83,-96.78022003173828,0,0.9000000357627869
1806,18,-45.08555603027344,0,0.8999999165534973
1807,11,-14.190677642822266,0,0.8999998569488525
1808,12,-32.86468505859375,0,0.8999998569488525
1809,10,-14.157655715942383,0,0.8999999165534973
1810,23,-38.458656311035156,1,0.09999998658895493
1811,33,-72.4917984008789,0,0.8999999761581421
1812,8,-11.93714427947998,0,0.8999999761581421
1813,12,-10.194948196411133,0,0.8999998569488525
1814,29,-53.917762756347656,0,0.8999998569488525
1815,10,-11.61302661895752,0,0.8999999165534973
1816,10,-14.240913391113281,0,0.8999999165534973
1817,16,-30.094667434692383,0,0.8999999761581421
1818,13,-9.904128074645996,0,0.8999998569488525
1819,14,-18.92300033569336,0,0.8999997973442078
1820,11,-18.052488327026367,0,0.8999998569488525
1821,11,-13.892594337463379,0,0.8999998569488525
1822,10,-16.011945724487305,0,0.8999999165534973
1823,22,-2.0946903228759766,0,0.8999998569488525
1824,12,-15.04019832611084,1,0.10000000149011612
1825,11,-20.59944725036621,1,0.10000000149011612
1826,14,-21.977081298828125,0,0.8999997973442078
1827,21,-18.795928955078125,0,0.8999999165534973
1828,18,-32.44284439086914,1,0.10000000149011612
1829,9,-16.463563919067383,0,0.8999999165534973
1830,19,-43.8948974609375,0,0.8999999165534973
1831,14,-10.083791732788086,1,0.10000000894069672
1832,7,-6.234648704528809,0,0.9000000357627869
1833,9,-23.874767303466797,0,0.8999999165534973
1834,19,-6.818841934204102,0,0.8999999165534973
1835,25,-8.416913032531738,0,0.8999999165534973
1836,11,-25.37590980529785,0,0.8999998569488525
1837,10,-11.645746231079102,1,0.10000000149011612
1838,7,-7.591650009155273,0,0.9000000357627869
1839,19,-12.855896949768066,0,0.8999999165534973
1840,10,-19.728816986083984,1,0.10000000149011612
1841,13,-13.871490478515625,0,0.8999998569488525
1842,10,-16.355995178222656,0,0.8999999165534973
1843,13,-17.551990509033203,0,0.8999998569488525
1844,11,-18.62574005126953,0,0.8999998569488525
1845,12,-10.965999603271484,1,0.10000000149011612
1846,43,-51.339111328125,0,0.9000000953674316
1847,9,-13.711331367492676,0,0.8999999165534973
1848,47,-71.91264343261719,0,0.9000002145767212
1849,11,-9.42780876159668,0,0.8999998569488525
1850,25,-57.03948974609375,0,0.8999999165534973
1851,15,-18.892595291137695,0,0.8999997973442078
1852,18,-11.165094375610352,0,0.8999999165534973
1853,23,-31.48633575439453,0,0.8999998569488525
1854,14,-10.646271705627441,1,0.10000000894069672
1855,11,-21.257728576660156,0,0.8999998569488525
1856,22,-46.797569274902344,0,0.8999998569488525
1857,20,-30.211326599121094,0,0.8999999165534973
1858,10,-9.374849319458008,0,0.8999999165534973
1859,12,-7.325161457061768,0,0.8999998569488525
1860,21,-42.083194732666016,0,0.8999999165534973
1861,10,-13.900616645812988,0,0.8999999165534973
1862,17,-24.477081298828125,0,0.8999999761581421
1863,11,-14.679327011108398,0,0.8999998569488525
1864,12,-10.059577941894531,1,0.10000000149011612
1865,7,-17.255523681640625,0,0.9000000357627869
1866,12,-14.353850364685059,1,0.10000000149011612
1867,10,-17.194602966308594,0,0.8999999165534973
1868,26,-45.826473236083984,1,0.09999999403953552
1869,10,-13.308694839477539,0,0.8999999165534973
1870,16,-16.647308349609375,0,0.8999999761581421
1871,10,-18.461322784423828,0,0.8999999165534973
1872,23,-43.73741912841797,0,0.8999998569488525
1873,10,-9.066040992736816,1,0.10000000149011612
1874,42,-44.01071548461914,0,0.9000000953674316
1875,25,-28.22939682006836,0,0.8999999165534973
1876,12,-11.19111442565918,0,0.8999998569488525
1877,58,-144.9794158935547,0,0.9000000953674316
1878,17,-15.150947570800781,1,0.10000000149011612
1879,7,-13.45327377319336,1,0.10000000894069672
1880,10,-12.924406051635742,1,0.10000000149011612
1881,15,-11.713102340698242,0,0.8999997973442078
1882,7,-4.751641750335693,1,0.10000000894069672
1883,11,-11.521917343139648,0,0.8999998569488525
1884,7,-5.192907333374023,0,0.9000000357627869
1885,11,-16.16093635559082,0,0.8999998569488525
1886,11,-11.456037521362305,0,0.8999998569488525
1887,10,-18.673118591308594,0,0.8999999165534973
1888,27,-15.302648544311523,1,0.09999999403953552
1889,10,-16.709793090820312,0,0.8999999165534973
1890,10,-15.413354873657227,0,0.8999999165534973
1891,11,-20.66299057006836,0,0.8999998569488525
1892,10,-12.866894721984863,0,0.8999999165534973
1893,17,-7.858745574951172,0,0.8999999761581421
1894,11,-18.09598159790039,0,0.8999998569488525
1895,29,-58.4665641784668,1,0.09999998658895493
1896,8,-14.346964836120605,0,0.8999999761581421
1897,16,-22.8840389251709,0,0.8999999761581421
1898,17,-44.798744201660156,0,0.8999999761581421
1899,17,-20.614227294921875,0,0.8999999761581421
1900,11,-15.305063247680664,1,0.10000000149011612
1901,11,-17.10822296142578,0,0.8999998569488525
1902,11,-12.202681541442871,0,0.8999998569488525
1903,10,-15.760318756103516,1,0.10000000149011612
1904,10,-13.38220500946045,0,0.8999999165534973
1905,12,-2.7998313903808594,1,0.10000000149011612
1906,10,-12.635762214660645,0,0.8999999165534973
1907,14,-6.203424453735352,0,0.8999997973442078
1908,11,-14.973211288452148,0,0.8999998569488525
1909,11,-10.61392879486084,1,0.10000000149011612
1910,20,2.447571039199829,0,0.8999999165534973
1911,13,-37.00910186767578,0,0.8999998569488525
1912,11,-14.388911247253418,0,0.8999998569488525
1913,42,-80.94874572753906,1,0.09999999403953552
1914,25,-42.674442291259766,0,0.8999999165534973
1915,11,-15.925604820251465,1,0.10000000149011612
1916,12,-13.74032974243164,0,0.8999998569488525
1917,24,-29.614238739013672,1,0.10000000149011612
1918,12,-12.951238632202148,0,0.8999998569488525
1919,10,-12.803359031677246,0,0.8999999165534973
1920,7,-12.424627304077148,0,0.9000000357627869
1921,15,-26.128459930419922,1,0.10000000894069672
1922,10,-19.633996963500977,0,0.8999999165534973
1923,11,-16.210552215576172,0,0.8999998569488525
1924,19,-28.234331130981445,0,0.8999999165534973
1925,7,-17.482833862304688,0,0.9000000357627869
1926,12,-17.27243423461914,0,0.8999998569488525
1927,21,-15.173147201538086,0,0.8999999165534973
1928,12,-13.914763450622559,1,0.10000000149011612
1929,10,-14.19074821472168,0,0.8999999165534973
1930,11,-15.608129501342773,0,0.8999998569488525
1931,12,-12.404481887817383,0,0.8999998569488525
1932,45,-46.79498291015625,0,0.9000001549720764
1933,15,-39.98772430419922,0,0.8999997973442078
1934,13,-13.771515846252441,0,0.8999998569488525
1935,11,-12.87848949432373,1,0.10000000149011612
1936,7,-17.383438110351562,0,0.9000000357627869
1937,7,-8.443710327148438,1,0.10000000894069672
1938,16,-6.966812610626221,0,0.8999999761581421
1939,12,-23.716917037963867,1,0.10000000149011612
1940,11,-17.496774673461914,0,0.8999998569488525
1941,59,-116.85281372070312,1,0.10000000149011612
1942,11,-10.351637840270996,0,0.8999998569488525
1943,11,-5.574981212615967,1,0.10000000149011612
1944,10,-13.06612491607666,0,0.8999999165534973
1945,10,-11.007099151611328,0,0.8999999165534973
1946,20,-34.60071563720703,0,0.8999999165534973
1947,10,-13.907486915588379,0,0.8999999165534973
1948,7,-18.638614654541016,0,0.9000000357627869
1949,7,-14.133752822875977,0,0.9000000357627869
1950,10,-15.091605186462402,0,0.8999999165534973
1951,8,-10.68541145324707,0,0.8999999761581421
1952,11,-18.291210174560547,0,0.8999998569488525
1953,10,-12.920884132385254,0,0.8999999165534973
1954,32,-51.46611785888672,1,0.10000000149011612
1955,14,-28.907014846801758,0,0.8999997973442078
1956,10,-15.695627212524414,0,0.8999999165534973
1957,12,-16.206928253173828,0,0.8999998569488525
1958,11,-15.159721374511719,1,0.10000000149011612
1959,11,-19.23118019104004,0,0.8999998569488525
1960,12,-13.704551696777344,1,0.10000000149011612
1961,11,-18.107730865478516,1,0.10000000149011612
1962,43,-68.65097045898438,0,0.9000000953674316
1963,8,-6.046167373657227,0,0.8999999761581421
1964,10,-22.297231674194336,0,0.8999999165534973
1965,9,-14.340858459472656,0,0.8999999165534973
1966,15,-13.640832901000977,0,0.8999997973442078
1967,11,-23.509811401367188,0,0.8999998569488525
1968,29,-66.68541717529297,0,0.8999998569488525
1969,12,-17.859079360961914,0,0.8999998569488525
1970,8,-11.100719451904297,0,0.8999999761581421
1971,25,-31.78818130493164,1,0.10000000149011612
1972,11,-20.9928035736084,0,0.8999998569488525
1973,20,-51.23978805541992,0,0.8999999165534973
1974,11,-17.439958572387695,0,0.8999998569488525
1975,17,-18.49030113220215,0,0.8999999761581421
1976,10,-12.865073204040527,0,0.8999999165534973
1977,12,-17.764102935791016,0,0.8999998569488525
1978,10,-11.930079460144043,0,0.8999999165534973
1979,14,-24.02862548828125,1,0.10000000894069672
1980,8,-10.400094985961914,0,0.8999999761581421
1981,12,-10.22372055053711,0,0.8999998569488525
1982,10,-13.503183364868164,1,0.10000000149011612
1983,12,-9.475751876831055,0,0.8999998569488525
1984,10,-10.94372272491455,0,0.8999999165534973
1985,11,-13.505529403686523,1,0.10000000149011612
1986,10,-19.87722396850586,1,0.10000000149011612
1987,13,-20.220788955688477,0,0.8999998569488525
1988,10,-20.546361923217773,0,0.8999999165534973
1989,10,-9.129345893859863,0,0.8999999165534973
1990,17,-13.966024398803711,0,0.8999999761581421
1991,6,-5.6439619064331055,0,0.9000000357627869
1992,10,-24.569761276245117,1,0.10000000149011612
1993,11,-5.973028659820557,0,0.8999998569488525
1994,9,-12.898185729980469,0,0.8999999165534973
1995,11,-21.316843032836914,0,0.8999998569488525
1996,10,-10.234124183654785,0,0.8999999165534973
1997,10,-16.753202438354492,1,0.10000000149011612
1998,13,-16.672996520996094,0,0.8999998569488525
1999,10,-14.484309196472168,0,0.8999999165534973
2000,13,-10.360299110412598,1,0.10000000894069672
2001,11,-21.823293685913086,0,0.8999998569488525
2002,12,-22.949892044067383,0,0.8999998569488525
2003,10,-16.699779510498047,0,0.8999999165534973
2004,9,-10.672002792358398,1,0.10000000149011612
2005,11,-17.71404457092285,1,0.10000000149011612
2006,10,-17.860607147216797,0,0.8999999165534973
2007,53,-142.4354705810547,0,0.9000001549720764
2008,26,-43.65532302856445,1,0.09999999403953552
2009,13,-13.478757858276367,0,0.8999998569488525
2010,10,-16.850095748901367,0,0.8999999165534973
2011,10,-15.305181503295898,0,0.8999999165534973
2012,10,-22.736557006835938,0,0.8999999165534973
2013,10,-17.659671783447266,0,0.8999999165534973
2014,10,-12.179351806640625,0,0.8999999165534973
2015,10,-21.785215377807617,1,0.10000000149011612
2016,10,-20.8299560546875,0,0.8999999165534973
2017,10,-18.71834945678711,1,0.10000000149011612
2018,18,-6.9150848388671875,0,0.8999999165534973
2019,11,-19.632184982299805,0,0.8999998569488525
2020,10,-17.274324417114258,0,0.8999999165534973
2021,25,-38.79740524291992,0,0.8999999165534973
2022,45,-54.26674270629883,0,0.9000001549720764
2023,9,-16.048860549926758,0,0.8999999165534973
2024,12,-7.9795427322387695,1,0.10000000149011612
2025,35,-51.705867767333984,0,0.8999999165534973
2026,30,-68.21339416503906,0,0.8999998569488525
2027,9,-13.712492942810059,0,0.8999999165534973
2028,21,-20.434539794921875,0,0.8999999165534973
2029,37,-40.40245056152344,0,0.8999999761581421
2030,13,-12.722280502319336,0,0.8999998569488525
2031,41,-134.30392456054688,0,0.9000000357627869
2032,13,-12.45835018157959,0,0.8999998569488525
2033,9,-13.01123332977295,0,0.8999999165534973
2034,12,-22.208520889282227,0,0.8999998569488525
2035,15,-15.530386924743652,1,0.10000000894069672
2036,13,-12.75984001159668,0,0.8999998569488525
2037,9,-14.324362754821777,1,0.10000000149011612
2038,10,-14.530233383178711,0,0.8999999165534973
2039,13,-19.173490524291992,1,0.10000000894069672
2040,9,-24.507417678833008,0,0.8999999165534973
2041,11,-7.5159759521484375,0,0.8999998569488525
2042,10,-15.093680381774902,0,0.8999999165534973
2043,15,-7.361580848693848,1,0.10000000894069672
2044,48,-30.37666130065918,0,0.9000000357627869
2045,10,-11.22188949584961,1,0.10000000149011612
2046,23,-25.311838150024414,0,0.8999998569488525
2047,43,-53.17073440551758,1,0.09999999403953552
2048,43,-97.27686309814453,0,0.9000000953674316
2049,11,-13.224922180175781,0,0.8999998569488525
2050,10,-10.50574016571045,0,0.8999999165534973
2051,11,-16.21736717224121,0,0.8999998569488525
2052,73,-117.36346435546875,0,0.9000000357627869
2053,39,-42.47414779663086,1,0.09999998658895493
2054,11,-20.381240844726562,0,0.8999998569488525
2055,11,-14.765714645385742,0,0.8999998569488525
2056,27,-51.14261245727539,0,0.8999999165534973
2057,10,-8.836262702941895,0,0.8999999165534973
2058,12,-12.512350082397461,0,0.8999998569488525
2059,11,-16.52249526977539,1,0.10000000149011612
2060,11,-0.23539268970489502,1,0.10000000149011612
2061,21,-49.290863037109375,0,0.8999999165534973
2062,8,-7.1935505867004395,0,0.8999999761581421
2063,18,-18.8162841796875,0,0.8999999165534973
2064,11,-12.542871475219727,1,0.10000000149011612
2065,12,-26.268585205078125,0,0.8999998569488525
2066,10,-9.047699928283691,0,0.8999999165534973
2067,9,-11.982625007629395,0,0.8999999165534973
2068,71,-101.15335845947266,0,0.9000001549720764
2069,28,-35.69071960449219,0,0.8999999165534973
2070,11,-10.77766227722168,0,0.8999998569488525
2071,12,-18.32763671875,0,0.8999998569488525
2072,40,-101.90576934814453,0,0.8999999761581421
2073,44,-72.03702545166016,0,0.9000001549720764
2074,13,-5.899213790893555,0,0.8999998569488525
2075,17,-24.098129272460938,0,0.8999999761581421
2076,58,-75.45149993896484,0,0.9000000953674316
2077,12,-12.295923233032227,0,0.8999998569488525
2078,10,-18.85270881652832,0,0.8999999165534973
2079,12,-17.42122459411621,0,0.8999998569488525
2080,25,-40.91954040527344,0,0.8999999165534973
2081,15,-23.480857849121094,0,0.8999997973442078
2082,11,-13.833283424377441,0,0.8999998569488525
2083,8,-1.8517310619354248,0,0.8999999761581421
2084,10,-15.240497589111328,0,0.8999999165534973
2085,17,-29.22076416015625,0,0.8999999761581421
2086,38,-31.082706451416016,0,0.9000000357627869
2087,22,-13.316953659057617,0,0.8999998569488525
2088,13,-22.139102935791016,1,0.10000000894069672
2089,51,-61.23177719116211,0,0.9000000953674316
2090,57,-106.5451431274414,1,0.10000000149011612
2091,12,-22.82180404663086,0,0.8999998569488525
2092,48,-33.65480041503906,0,0.9000000357627869
2093,19,-22.008628845214844,0,0.8999999165534973
2094,14,-13.669239044189453,1,0.10000000894069672
2095,12,-18.557937622070312,0,0.8999998569488525
2096,8,-7.061232089996338,1,0.10000000149011612
2097,12,-10.615851402282715,1,0.10000000149011612
2098,8,-8.811269760131836,0,0.8999999761581421
2099,10,-13.720352172851562,0,0.8999999165534973
2100,14,-18.106609344482422,0,0.8999997973442078
2101,17,-6.314750671386719,0,0.8999999761581421
2102,12,-11.062271118164062,1,0.10000000149011612
2103,31,-77.0805892944336,0,0.8999998569488525
2104,13,-13.346680641174316,0,0.8999998569488525
2105,12,-15.344491958618164,0,0.8999998569488525
2106,11,-11.09110164642334,0,0.8999998569488525
2107,11,-19.582216262817383,0,0.8999998569488525
2108,22,-42.5259895324707,1,0.09999999403953552
2109,12,-19.510156631469727,0,0.8999998569488525
2110,12,-16.370128631591797,0,0.8999998569488525
2111,11,-8.748620986938477,0,0.8999998569488525
2112,23,-62.42502212524414,0,0.8999998569488525
2113,50,-63.88786315917969,0,0.9000000953674316
2114,11,-10.121745109558105,0,0.8999998569488525
2115,23,-36.884708404541016,1,0.09999998658895493
2116,11,-18.59588050842285,0,0.8999998569488525
2117,21,-32.6257209777832,0,0.8999999165534973
2118,13,-13.344226837158203,1,0.10000000894069672
2119,20,-35.35560607910156,1,0.10000000149011612
2120,25,-32.5682487487793,0,0.8999999165534973
2121,11,-19.84137725830078,1,0.10000000149011612
2122,11,-6.1147942543029785,0,0.8999998569488525
2123,50,-102.41204071044922,1,0.10000000149011612
2124,10,-14.606806755065918,0,0.8999999165534973
2125,12,-15.996174812316895,0,0.8999998569488525
2126,13,-23.730449676513672,0,0.8999998569488525
2127,11,-9.390087127685547,0,0.8999998569488525
2128,29,-13.196368217468262,1,0.09999998658895493
2129,24,-33.36811447143555,0,0.8999999165534973
2130,20,-43.27069854736328,0,0.8999999165534973
2131,37,-43.9630126953125,0,0.8999999761581421
2132,14,-17.67748260498047,1,0.10000000894069672
2133,28,-15.526853561401367,0,0.8999999165534973
2134,30,-41.23225021362305,0,0.8999998569488525
2135,21,-21.328266143798828,1,0.09999999403953552
2136,10,-13.239471435546875,0,0.8999999165534973
2137,27,-29.33168601989746,0,0.8999999165534973
2138,42,-74.3935317993164,0,0.9000000953674316
2139,10,-12.015775680541992,0,0.8999999165534973
2140,19,-32.900604248046875,0,0.8999999165534973
2141,30,-60.02759552001953,1,0.09999998658895493
2142,35,-16.877201080322266,1,0.09999999403953552
2143,10,-14.983263969421387,0,0.8999999165534973
2144,13,-14.425308227539062,0,0.8999998569488525
2145,16,-28.396265029907227,0,0.8999999761581421
2146,12,-8.991714477539062,0,0.8999998569488525
2147,10,-13.613382339477539,1,0.10000000149011612
2148,12,-20.506853103637695,0,0.8999998569488525
2149,12,-24.59836769104004,0,0.8999998569488525
2150,12,-19.33936882019043,0,0.8999998569488525
2151,21,-52.48817825317383,0,0.8999999165534973
2152,16,-24.856019973754883,0,0.8999999761581421
2153,12,-15.135326385498047,0,0.8999998569488525
2154,11,-18.967405319213867,0,0.8999998569488525
2155,13,-2.383105516433716,0,0.8999998569488525
2156,30,-33.236793518066406,1,0.09999998658895493
2157,20,-30.34868812561035,0,0.8999999165534973
2158,20,-19.357812881469727,0,0.8999999165534973
2159,13,-22.064725875854492,1,0.10000000894069672
2160,78,-130.5018310546875,0,0.9000001549720764
2161,70,-127.20109558105469,0,0.9000001549720764
2162,13,-23.937788009643555,1,0.10000000894069672
2163,21,-23.217897415161133,0,0.8999999165534973
2164,47,-89.16380310058594,0,0.9000002145767212
2165,12,-15.275113105773926,0,0.8999998569488525
2166,12,-11.21912670135498,0,0.8999998569488525
2167,41,-67.00418090820312,0,0.9000000357627869
2168,7,-9.248367309570312,1,0.10000000894069672
2169,12,-21.449308395385742,1,0.10000000149011612
2170,24,-45.92123031616211,1,0.10000000149011612
2171,11,-20.078516006469727,0,0.8999998569488525
2172,13,-17.460702896118164,0,0.8999998569488525
2173,11,-21.72597312927246,1,0.10000000149011612
2174,29,-81.01319885253906,0,0.8999998569488525
2175,12,-16.437320709228516,0,0.8999998569488525
2176,14,-19.431312561035156,0,0.8999997973442078
2177,14,-22.365703582763672,0,0.8999997973442078
2178,12,-14.066514015197754,0,0.8999998569488525
2179,47,-143.704345703125,0,0.9000002145767212
2180,13,-23.942371368408203,0,0.8999998569488525
2181,12,-23.23527717590332,1,0.10000000149011612
2182,38,-99.69470977783203,1,0.09999998658895493
2183,15,-35.22614288330078,0,0.8999997973442078
2184,11,-21.0112361907959,1,0.10000000149011612
2185,15,-31.114809036254883,0,0.8999997973442078
2186,21,-21.697675704956055,0,0.8999999165534973
2187,12,-20.96053695678711,0,0.8999998569488525
2188,15,-18.140975952148438,0,0.8999997973442078
2189,16,-9.456830978393555,0,0.8999999761581421
2190,11,-4.151840686798096,0,0.8999998569488525
2191,15,-24.010175704956055,0,0.8999997973442078
2192,21,-49.08100891113281,0,0.8999999165534973
2193,21,-24.047924041748047,0,0.8999999165534973
2194,14,-20.948326110839844,0,0.8999997973442078
2195,27,-40.14666748046875,0,0.8999999165534973
2196,38,-80.83805084228516,1,0.09999998658895493
2197,14,-26.036556243896484,0,0.8999997973442078
2198,44,-69.5194320678711,0,0.9000001549720764
2199,30,-41.87571716308594,0,0.8999998569488525
2200,20,-42.81697463989258,0,0.8999999165534973
2201,19,-21.422210693359375,1,0.10000000149011612
2202,10,-15.899489402770996,0,0.8999999165534973
2203,10,-23.308149337768555,0,0.8999999165534973
2204,69,-115.73957061767578,0,0.9000001549720764
2205,11,-25.460187911987305,0,0.8999998569488525
2206,16,-23.495254516601562,0,0.8999999761581421
2207,13,-36.3570556640625,0,0.8999998569488525
2208,27,-37.92585754394531,1,0.09999999403953552
2209,12,-13.820148468017578,0,0.8999998569488525
2210,14,-20.157045364379883,1,0.10000000894069672
2211,33,-85.75120544433594,0,0.8999999761581421
2212,24,-54.232643127441406,0,0.8999999165534973
2213,19,-28.2547607421875,1,0.10000000149011612
2214,11,-13.591157913208008,0,0.8999998569488525
2215,14,-14.596878051757812,0,0.8999997973442078
2216,9,-14.252693176269531,0,0.8999999165534973
2217,14,-31.269119262695312,1,0.10000000894069672
2218,20,1.6704899072647095,0,0.8999999165534973
2219,43,-93.65633392333984,0,0.9000000953674316
2220,22,-17.617053985595703,0,0.8999998569488525
2221,13,-29.540679931640625,1,0.10000000894069672
2222,20,-27.303646087646484,0,0.8999999165534973
2223,27,-30.208948135375977,0,0.8999999165534973
2224,26,-57.838626861572266,0,0.8999999165534973
2225,24,-0.6372737884521484,0,0.8999999165534973
2226,29,-57.195350646972656,0,0.8999998569488525
2227,14,-32.242916107177734,0,0.8999997973442078
2228,27,-62.813377380371094,0,0.8999999165534973
2229,27,-64.23936462402344,0,0.8999999165534973
2230,11,-17.783893585205078,0,0.8999998569488525
2231,12,-9.577184677124023,0,0.8999998569488525
2232,35,-20.966503143310547,0,0.8999999165534973
2233,10,-9.72356128692627,0,0.8999999165534973
2234,16,-34.943668365478516,0,0.8999999761581421
2235,12,-14.394071578979492,0,0.8999998569488525
2236,28,-11.782133102416992,0,0.8999999165534973
2237,35,-53.33116149902344,0,0.8999999165534973
2238,30,-34.04030227661133,0,0.8999998569488525
2239,25,-75.75752258300781,0,0.8999999165534973
2240,20,-36.976654052734375,1,0.10000000149011612
2241,36,-32.846221923828125,0,0.8999999165534973
2242,27,-41.63357162475586,0,0.8999999165534973
2243,13,-14.108219146728516,0,0.8999998569488525
2244,10,-18.2453556060791,0,0.8999999165534973
2245,15,-34.06901550292969,1,0.10000000894069672
2246,31,-60.52345275878906,1,0.09999997913837433
2247,22,-24.947572708129883,0,0.8999998569488525
2248,11,-24.109663009643555,0,0.8999998569488525
2249,38,-31.904016494750977,0,0.9000000357627869
2250,10,-10.551126480102539,0,0.8999999165534973
2251,11,-8.85446834564209,0,0.8999998569488525
2252,11,-9.602529525756836,0,0.8999998569488525
2253,22,-21.95056915283203,0,0.8999998569488525
2254,10,-13.881397247314453,0,0.8999999165534973
2255,1001,-1866.0693359375,0,0.8999999165534973
2256,9,-15.82718276977539,0,0.8999999165534973
2257,10,-15.252389907836914,0,0.8999999165534973
