step,episode_return
800,5.123589514521003
900,6.988762389451418
900,6.743384299722981
1000,6.371738470338868
1000,7.256851690179209
1000,8.028756224707664
1000,6.347670247216456
1000,7.062479604613973
1000,8.231954523308259
1100,6.214228595922908
1100,8.569186050665486
1200,10.408393973228694
1200,6.829636327200455
1200,8.112934945088236
1200,9.23218803384053
1200,10.29254905120121
1300,9.450475466993174
1300,10.590869027989736
1300,11.320215977915593
1300,10.149391491209403
1300,9.353063521580541
1300,7.704620330631008
1400,13.674857757705198
1400,1.346841950166643
1400,10.580220401691397
1400,12.744047042950578
1400,9.099436361343383
1400,11.22770809264746
1400,8.098223157437847
1400,10.859337125146615
1500,15.01339823675938
1500,6.604718865361812
1500,12.615022906479144
1500,7.654548685948697
1500,14.26528866460416
1600,11.641972853609618
1600,10.960898234174193
1600,13.034733566901131
1600,7.747825356118257
1600,11.897078771765347
1700,18.60365154690785
1700,8.750113331505354
1700,16.445738542436406
1700,12.696456495390429
1700,11.60395270607187
1700,8.252075268567243
1800,12.44862167402522
1800,17.672828631874854
1800,11.911004966668138
1800,9.960998607400509
1800,7.547100401985527
1800,7.794023617257489
1800,18.590045793538913
1900,11.684854456917197
1900,8.939051936681663
2000,9.680306476436849
2000,18.37240652441343
2000,11.695582650277721
2000,8.990423414101645
2000,11.281271287940593
2000,19.708448297890293
2100,11.156724374548768
2100,11.856982378193496
2100,22.299339729632855
2100,19.562345985268706
2100,5.803575902525761
2200,15.924635302756776
2200,28.8452167643263
2200,19.08171251249929
2300,19.13236622445563
2300,8.781709580926073
2300,16.833656235382097
2500,30.90893964019711
2500,30.819551837794318
2600,33.51992603061897
2600,8.96901554544798
2600,6.8664245783100215
2600,10.670349460705868
2700,9.981724874027686
2700,30.269648410056867
2700,12.948114313064139
2700,16.100616287518754
2800,24.426997696542283
2800,9.65744786286939
2800,24.431073907256227
2800,11.083930768457597
2800,7.506824955025499
2900,18.15844048999165
2900,23.70697175301359
2900,15.395956320550473
3000,8.312693663952741
3000,11.171159011096695
3000,8.051184836481015
3000,11.427920551834243
3000,15.586265218936887
3000,9.117495174804638
3000,12.324408119601683
3000,17.445344963386436
3100,18.85665395305998
3100,8.324711902048474
3100,7.802733675514689
3100,15.766365397947176
3200,10.29175701356677
3200,14.570003678851313
3200,4.586304712733422
3200,10.150217359182864
3200,45.28692932018407
3200,7.213277256306343
3200,5.829828759528785
3300,16.323138520139086
3300,7.8835639434893166
3300,26.531159799541133
3300,11.240194950924131
3300,21.34334740922936
3300,12.601561645377545
3300,5.3933424295547825
3400,7.235150683426241
3400,12.78442731013887
3500,11.647371257703547
3500,29.533982763556438
3500,10.73780601903682
3600,23.494220275051358
3600,9.021928770057594
3600,10.992687913583186
3600,6.470958916339839
3600,8.25235275830004
3700,24.56875924387366
3700,10.020078543547317
3800,25.670691089282027
3800,11.86157047641702
3800,7.321011671933075
3800,15.135028320707008
3800,15.622464953492406
3800,6.742476105084857
3800,22.46989363769001
3900,13.912013714285733
3900,9.236316661729749
3900,14.501724126599047
4000,12.18364228798739
4000,6.64380042011839
4000,10.337177330950427
4000,20.002833894538213
4100,10.95361603879143
4100,8.27165835536748
4100,19.131760284169328
4100,7.278666950927856
4100,15.362011557175256
4100,16.527746021540604
4100,49.96946660159552
4200,7.956734480366848
4200,38.562784607332325
4300,6.6852778712409116
4400,7.856430963200193
4400,30.132653572977958
4400,36.298574631634104
4400,7.194979575605865
4400,18.676303680080192
4400,6.828075133694717
4500,17.886357798859553
4500,12.036836494478568
4500,8.518373701892154
4500,18.544296760650305
4500,7.887569727245209
4500,13.157145628201595
4600,12.863042125934296
4600,9.350003493306637
4600,38.47512089656929
4700,8.294568030993235
4700,9.998955961452218
4700,7.6443079877881726
4700,13.860929584635182
4700,7.655316795919873
4700,17.462081174952196
4700,12.308579192879568
4700,9.045542846939966
4800,13.540289084111077
4800,9.949289126834785
4800,5.632857690823489
4800,14.520414563921706
4900,24.310164258574037
4900,24.799741771622827
5000,9.45835967426803
5000,14.394734754082066
5000,12.099488759601055
5000,8.353068427765477
5000,10.261377603566428
5000,30.378803398160706
5100,26.08340037601441
5100,13.06647727880313
5100,18.255159461268057
5100,7.161517261883715
5100,27.836146104834608
5100,10.360322960941781
5200,5.94388987437611
5200,10.878223039472578
5200,10.726569225477144
5200,6.6158679410495935
5200,9.678213919675125
5200,25.90080882181907
5200,36.94021665749123
5200,5.6656256262874045
5300,9.993764413164183
5300,8.954114906390442
5300,7.963834606008199
5300,19.477182098833495
5300,92.40792034481503
5400,6.026896730438197
5400,12.0283113644317
5400,11.46729692228958
5500,76.5983944006576
5500,15.791593741623762
5500,11.893692573438289
5500,27.797611270828106
5500,39.48202961424082
5500,16.82415180083528
5600,20.627993596437676
5600,8.23473633766889
5600,30.28819149110641
5600,7.201571738186022
5600,7.214002839073127
5600,5.978766226938545
5600,12.596209944567354
5600,12.796435311750926
5700,15.06734224394902
5700,10.991639344513484
5700,7.123577261682459
5700,7.5082815711374815
5800,10.079521755061679
5800,6.640463031340968
5800,10.431036179805428
5800,27.262788825157973
5800,8.505750198178289
5800,33.45199215952114
5800,9.198080587666723
5800,12.58813983699903
5800,16.131925021879347
5800,16.433338316947893
5900,15.516460538027943
5900,10.709075030971158
5900,10.902440396774297
6000,5.430767019868471
6000,12.705835439859776
6000,24.14848025412801
6000,11.408732438314589
6000,82.4635131132655
6100,9.012805215758682
6100,8.388361085403623
6100,10.012281356988435
6200,11.829504458072691
6200,9.520925460275574
6200,21.31724629556548
6200,7.3582776661758444
6200,7.794138852670615
6300,9.322242568389594
6300,9.724978007762145
6300,9.852811300719969
6400,9.964616163819487
6400,17.970031014889948
6400,9.797335836014014
6400,20.49773298973988
6400,21.118321606212312
6400,19.874046602592802
6400,19.527862098192728
6400,8.73358788472813
6500,9.278043567559713
6500,11.833164335767236
6500,8.745510506723566
6500,9.285530869730554
6500,10.209044801998814
6600,7.964884073852039
6600,11.382860934438359
6600,9.063194855701393
6600,20.26167186617553
6600,9.999660900709145
6600,10.371605800687984
6600,11.467018577148538
6600,10.894116882258025
6600,14.96236952389811
6600,34.07661377968855
6600,9.20596789696133
6700,9.49510102091213
6700,9.616974738185457
6700,8.860305324943882
6700,14.955728714751968
6700,9.421339713787427
6700,16.96734170729992
6700,8.073867866973865
6700,8.684982778913772
6800,51.90234414798351
6800,8.60094344097162
6800,9.765765939534582
6800,10.758825188480994
6800,7.418668129964988
6800,9.492464938124362
6800,8.475400649880067
6900,11.615530568367298
6900,11.32633157319462
6900,11.266904927869303
6900,9.866360683499678
7000,19.96621520378366
7100,8.843317568436149
7100,11.306672968681626
7100,11.092813678797423
7100,11.045052617647217
7100,8.261456290480611
7100,9.540546443352863
7100,32.51840400900983
7200,10.902938379471339
7200,8.513696273136494
7200,9.92711611482016
7200,10.499817190890338
7200,8.932163313861828
7200,10.539995609956
7300,9.556049007772417
7300,9.255230552122018
7300,9.487162863290832
7300,9.282294427625809
7300,46.70777551837198
7300,8.987866120114589
7400,12.030183048296244
7400,9.180346055061825
7400,14.199780279397986
7400,11.039719889244251
7400,10.32507733889184
7500,9.215293813465685
7500,9.71511047803828
7500,9.461791211819067
7500,9.141772218733196
7500,10.567352155888669
7500,9.423872659796245
7500,10.177586841865256
7600,12.485748964153768
7600,10.170921520519453
7600,11.679129132241295
7600,9.463344756233925
7600,10.525475353436784
7600,9.450502270783632
7600,11.513043451044501
7700,13.556462743112338
7700,9.949725349335713
7700,11.507740242615244
7700,7.1548172595082
7700,8.895667865973328
7700,53.87239935868745
7700,8.72449870926755
7800,9.37995275413472
7800,7.490808545955601
7800,10.653706512957772
7900,8.696066832937674
7900,15.226877077297313
7900,9.892178257957726
7900,8.263443865064897
8000,9.802409045683996
8000,10.517528498319143
8000,8.536330417683837
8100,10.686009228546759
8100,9.015522696921625
8100,12.685452832545817
8100,8.930092503713851
8100,9.823444552066789
8100,11.33187003799279
8100,13.02537064636347
8200,9.602975092838133
8200,9.699614766716135
8200,10.09040179529366
8200,9.713839425367222
8200,11.397290027710106
8200,10.615992361684444
8200,11.079234796512955
8200,10.177667840777195
8200,9.782685488934252
8300,10.667467028082907
8300,9.856997768090293
8300,9.52637899813451
8300,9.042158458244305
8300,10.5121264263503
8300,10.320166837729218
8300,8.129035461590732
8300,9.172723083415892
8300,11.75451277097233
8300,8.135450260856558
8400,10.924219124151534
8400,8.900679662004007
8400,7.901267791862508
8400,10.261756403907826
8400,9.892733511207314
8400,8.516402149627094
8500,11.014929346827321
8500,10.941798293952974
8500,9.109607906423925
8500,9.994192298622238
8500,9.177192566088808
8500,10.95325012881339
8500,9.089549494412502
8600,13.567495387498685
8600,11.31731796335967
8600,8.0546312429279
8700,11.259473331496212
8700,10.822247029682497
8700,9.818636382664243
8700,9.676001985009538
8800,10.110396248096938
8800,17.988579416023015
8800,10.013791897999967
8800,12.286771401262007
8800,9.1213443994851
8800,9.037431230871992
8900,8.906067956200397
8900,14.201261251702121
8900,10.084810193453517
8900,8.751953455116611
8900,9.533792899101407
8900,9.042120906413553
8900,8.732961094059972
9000,10.482658646730702
9000,9.520931205571934
9000,9.695212676260676
9000,10.592448439487654
9000,10.386976359011424
9000,10.844395086344113
9100,9.002400691644148
9100,9.258049442314203
9100,9.766423139160008
9100,9.449286283492022
9100,10.643008441464334
9200,9.001039276929447
9200,9.421196617445261
9200,11.779157882108036
9200,9.036114463111607
9300,10.498339048267155
9300,13.67791426377225
9300,9.124373095595782
9300,10.174615156745684
9300,10.375646703914999
9300,9.957620783838284
9300,9.291351642562585
9300,11.93389637223325
9400,10.230703586329236
9400,10.847222664743743
9400,10.853662142251723
9400,10.293151087741956
9500,11.37452002178587
9500,10.250906588199594
9500,9.571448026338802
9600,7.940136797712922
9600,10.737048377711446
9600,9.371292021149879
9600,11.665696618746876
9700,11.354599280335432
9700,8.264766173701336
9700,11.337489607602919
9700,10.56735155815794
9700,12.851476006624381
9800,9.338078417881988
9800,11.578502878707745
9800,9.255329078635238
9800,9.844360812399756
9800,9.56121427938385
9800,9.99763324342813
9800,9.698973671544886
9800,10.965106972941031
9800,11.191278876946823
9800,8.599226964297918
9800,8.889905757419484
9900,9.176047012493415
9900,9.27243369891052
9900,10.919898430453419
9900,10.367723948078796
9900,9.71979197663839
9900,9.151204555562929
9900,9.76706546001267
9900,10.824962468368161
9900,11.074030908155082
9900,11.223480818754393
10000,9.298410504828734
10000,11.391851421121682
10000,12.384794532826849
10000,9.468576886025087
10000,8.92437092053394
10000,10.117533975733311
10000,8.968513264373842
10000,9.9535109576761
10000,8.605895489840915
10000,14.702601536159536
10100,9.645163154233291
10100,9.464751126704058
10100,9.455016773398206
10100,10.194038669899152
10200,9.890425886419452
12300,47.13069799437277
12300,51.123383860864294
12300,50.68158325264918
12300,49.151851366775915
12400,51.8651368700329
12400,49.76010357345515
12400,50.512178195223115
12400,51.22038347256667
12400,44.43970348149571
12400,45.90905956740247
12400,48.8907608712614
12400,47.59105913516886
12400,50.242330953221014
12400,49.134041482089216
12400,48.813703345592586
12400,44.40798214785352
12400,52.755886281692774
12400,45.9998734501511
12400,47.11430789119713
12400,47.42257645333946
12400,50.536277089634126
12500,50.55242646704616
12500,42.90086729516794
12500,46.11292827975276
12500,49.239057694636905
12500,50.69736555042536
12500,54.808372730426576
12500,53.07047534538378
12500,47.65351007485012
12500,44.43527926235937
12500,46.4076557713301
12500,50.425881639555975
12500,53.693583551311924
12500,50.59445323051389
12500,44.32811939387146
12500,54.41819920338561
12500,44.53550001741398
12500,44.46545914084107
12600,59.47067894968325
12600,44.0521576709227
12600,42.67736387017703
12600,44.46512471786628
12600,42.99982306991445
12600,45.9939541428399
12600,44.53413830385672
12600,44.56000029582459
12600,42.905386586148076
12600,43.288708555638095
12600,44.3406664711774
12600,42.7872817433354
12600,54.117401174112246
12600,44.23161973062188
12600,41.25872503892836
12600,54.96826759645875
12600,53.34072497988533
12600,42.64562251611299
12600,54.82069721202538
12600,42.516023423746354
12600,51.7973809049048
12600,42.676081160370366
12600,44.72933417433148
12600,44.500330471199504
12600,53.779888814875086
12700,42.8936542389398
12700,42.858470185348146
12700,44.35524385772178
12700,45.939998692049194
12700,42.638314005567665
12700,46.140583181398306
12700,42.74491268425047
12700,54.615642632882896
12700,53.742317291027874
12700,55.17115998199852
12700,53.55405130770639
12700,55.43629995637748
12700,54.09846087734922
12700,44.42008898508586
12700,42.92692626044212
12700,43.046312285489044
12700,53.695465132800095
12800,44.3579942133023
12800,54.78434261634303
12800,44.48332637916653
12800,42.8415585994974
12800,43.0840258005296
12800,44.4454774879514
12900,54.922797020546184
12900,44.304228987918954
12900,44.51865935110168
12900,52.42079593192562
13000,44.385854441676244
13100,56.43343938389818
13100,57.67628544749735
13300,59.20720970944371
13300,61.1570647953273
13400,58.78169903389159
13500,59.47758823838687
13700,60.46106399933639
13800,57.909289034794135
14300,64.4581192648188
15000,42.78349938869334
15000,43.086635774768666
15000,41.27560278762772
15100,43.041250884166935
15100,41.30110010038506
15100,43.0239318744196
15100,42.86603230954937
15100,42.97116337097223
15100,43.15838596130168
15100,44.287234241251326
15100,42.94747058432307
15100,44.132544262643876
15100,42.982399027799325
15200,44.57721879497725
15200,42.855985228733495
15200,42.974068415505506
15200,43.21493479112746
15200,44.28018284644263
15200,44.66033668966376
15200,44.53264429049262
15200,44.42054542401223
15200,42.764021559785924
15200,44.18282129473605
15200,42.52621791936494
15200,43.043894013721115
15300,42.76868342003762
15300,42.88790095486956
15300,44.35347485412821
15300,42.59432553104601
15300,42.600082441236005
15300,45.92860163235601
15300,44.47950794881002
15300,43.15045728873816
15300,44.1307692053797
15300,42.88895921784399
15300,44.23671648674468
15300,45.758135481998615
15300,44.07546706445301
15300,44.652337163466825
15300,44.24429033286499
15300,45.94699597247923
15300,44.54831563308163
15300,42.965372154826056
15300,44.34882823553097
15300,44.28425239386925
15400,42.502748007275414
15400,44.341866859993225
15400,42.67112774809578
15400,44.04821286583409
15400,42.595111516806405
15400,42.441828943710625
15400,42.877281434171536
15400,43.08835908005649
15400,44.41651033818995
15400,44.67273712255555
15400,42.67048312509417
15400,44.24312231596528
15400,44.027744369182265
15400,44.17674814745089
15400,42.804060949563954
15400,42.831523848851155
15400,44.65592612134276
15400,42.87052992777606
15400,44.394948023500056
15400,44.52890774940619
15400,42.825321949221426
15400,44.24930758017917
15500,45.905525620534185
15500,44.05518474914024
15500,42.79327464162886
15500,45.909176797243795
15500,45.81965209390116
15500,45.66706805298079
15500,44.15859909968487
15500,45.36524251521017
15500,44.24678702891064
15500,45.74475506380174
15500,44.45227252774503
15600,44.154428634980675
15600,42.62569180319754
15600,47.06325391627754
15600,44.252839115824415
15600,44.20851364718623
15600,44.59989674063479
15600,45.77041641049235
15600,44.10633901038211
15600,45.84813389463906
15600,42.442603366436025
15700,42.798422672508195
15700,44.27008984467192
15800,45.60217867598494
15900,44.19396601209424
15900,43.92743837136367
16000,42.80260226644351
16000,42.74399742145888
16200,44.01207254454262
16400,45.666100763561104
16400,41.62607391885294
16500,44.87477404410859
16900,41.85290339094576
17500,40.48886038507877
17600,40.573286529785726
17600,41.643823088368755
17700,41.9352386014287
17700,43.75160051558543
17700,40.50085750893571
17700,40.477757904029524
17700,40.319309088645745
17700,40.45209282354067
17700,42.018522648473905
17700,42.39131467784538
17700,42.6189016760099
17700,42.531123724974016
17700,42.42283181917281
17700,40.76812407060476
17700,42.2577622220473
17700,42.19530641823261
17700,40.436817865322574
17800,41.68434598589662
17800,41.7911474404121
17800,41.00766918675475
17800,40.392548312282926
17800,42.40004059176162
17800,40.386261158625025
17800,44.00278838065614
17800,42.140105882251774
17900,40.56946825639182
17900,42.46150103979354
17900,43.65119245403812
17900,40.49897566401177
17900,41.80381814379907
17900,41.694996906012165
17900,40.81003982085454
17900,40.185484657386425
17900,42.55467033422455
17900,42.53306284428219
17900,42.541483245854955
17900,43.6358994337577
17900,40.9532385982418
17900,42.32421126712501
17900,40.6373147090644
17900,40.706332079350304
17900,42.24120603386275
17900,42.17183821283872
17900,40.38621295912086
17900,40.50516428614635
17900,42.183435556014096
17900,41.99063808852228
17900,42.33027966645637
17900,41.952578846175285
17900,42.72113919380259
17900,40.43688402633887
18000,40.59053339208979
18000,40.810542222097794
18000,44.25637222257585
18000,42.245125346614564
18000,41.88127715332342
18000,42.476577567459856
18000,43.67511059352323
18000,42.272741003777455
18000,43.43972718364738
18000,42.23609751658391
18000,40.298102144523234
18000,42.143395141822936
18000,42.72644100136671
18000,40.83621929200435
18000,40.64725175106563
18000,40.10955351800342
18000,42.33404189943205
18000,41.922045628549725
18100,41.885369048920616
18100,40.22990190381614
18100,44.3103394561885
18100,42.00177795068229
18100,41.78850177057492
18100,41.93358675578448
18100,43.58507616309719
18100,42.174632947958074
18100,44.20119424468097
18100,40.418156683665316
18200,42.373547098769826
18200,42.752672069870734
18200,41.95260321546076
18200,42.5775445209338
18200,40.61358011346052
18200,42.122868871180295
18200,42.63564264981169
18200,42.09951209495222
18200,41.720915520061745
18300,41.75452155676291
18500,42.26579162430792
18500,42.509688551783455
18500,43.79130358585313
18500,40.16617589687974
18600,42.12801018622441
18800,42.49943665293097
19000,42.158337287981986
19000,41.80944428860329
19200,44.14448199466418
19400,40.42485870765469
20100,38.903964083146676
20100,41.972791346518655
20200,40.37372984950699
20200,40.21088840535298
20200,41.99460725860838
20200,42.19644932375948
20200,40.7531117360478
20200,40.83055425670211
20200,40.27504313634702
20200,40.39491479804863
20200,39.16771236522959
20200,40.450144229382445
20200,41.05616474445405
20200,40.52454739812299
20200,40.6489630866148
20200,40.555599082785264
20300,40.843462074701215
20300,42.1539471923058
20300,40.65771363748782
20300,40.67241071423364
20300,40.72725417249863
20300,42.474123663507804
20400,42.56487513535619
20400,40.93327003972738
20400,40.92322470945197
20400,40.6845010854685
20400,43.798224279313416
20400,40.597215527975074
20400,42.64907470445942
20500,42.729229921434836
20500,44.071845930488834
20500,42.34646602217356
20500,42.555016387271536
20500,42.136177460653755
20500,42.07049257160491
20500,42.538400501074605
20500,42.34360805057877
20500,42.1821845090261
20500,42.01127653349389
20500,42.79509123831578
20500,42.580291370718825
20500,41.93104394797081
20500,42.286843323882245
20500,42.31090592384422
20500,40.71518811037549
20500,42.57533659535332
20500,40.952102577972916
20500,42.057236286821606
20500,42.32600084713402
20600,42.655525257023235
20600,41.9926278776533
20600,42.11880162871102
20600,42.06995418460746
20600,44.030511721319236
20600,42.01454533120533
20600,42.177728124215754
20600,42.16598307361754
20600,42.19399380121786
20600,41.794295388266015
20600,41.971824557441
20600,43.724898366414024
20600,44.159985249157735
20600,42.05380720652405
20600,44.25786557156551
20700,42.43055231266403
20700,42.773609362154076
20700,42.388391429506484
20700,43.835572190703125
20700,44.01676510425291
20700,46.01722091966583
20700,42.69101625644286
20700,44.06019983402745
20800,45.58398782345656
20800,45.883147742637995
20800,44.27010168945498
20800,43.75752467074262
20800,44.16771526796251
20800,44.24849257125268
20800,43.83054238129839
20900,43.75910670071945
20900,45.358120922142305
20900,44.515144410894095
20900,44.456390162403785
20900,44.02172411070158
20900,44.32453617104346
21000,46.236224986438906
21000,46.05668389815613
21000,45.88393137439832
21100,47.05188130655505
21100,46.082053930040495
21100,42.16036308238228
21200,44.3284851541125
21200,43.53926082169445
21200,44.54726078600147
21200,42.16159014910841
21400,41.338663950801866
21600,42.05638738093141
21700,43.34447443877496
22000,44.332587729962334
22100,43.483863873007515
22800,41.89656638413216
22800,43.52450003261799
22800,43.58077089644565
22900,42.87086853230402
22900,43.72959124210334
22900,43.484717519922256
22900,43.577809091495624
22900,43.40980608463381
22900,44.1076215426041
23000,44.806025062815436
23000,45.352395194740005
23000,43.21968258200746
23000,43.22586597368403
23000,43.08608160735341
23000,45.11056419956798
23000,45.43890409067282
23000,45.02440295703077
23000,44.94206280220373
23000,43.94180931383513
23100,46.40602411903888
23100,42.95301619373787
23100,43.39524935855687
23100,45.52226074748105
23100,43.65928343645942
23100,43.71019291230156
23100,45.114851234731255
23100,43.9637723674817
23200,43.68230216882418
23200,45.44542392654076
23200,44.85442974823282
23200,42.89875469858093
23200,43.67639326731098
23200,43.29569595944776
23200,43.00809997466321
23200,43.337401266822965
23200,43.68308389190508
23200,43.309747867699414
23200,43.36300538037075
23200,43.755461138589276
23200,43.06889015976936
23300,43.68403128092541
23300,45.250532695234156
23300,43.54193608602731
23300,44.98299669197135
23300,44.90166857566031
23300,44.81837059782042
23300,43.342661666730194
23300,43.110759513907766
23300,45.081021236870875
23300,43.8457094493073
23300,43.06718188758446
23300,42.91708008783522
23300,43.429024580563194
23300,43.807525057996536
23300,45.03743690667748
23300,43.59237331402315
23300,45.21163203987844
23300,45.169953405156775
23400,44.559636074726804
23400,43.45911185116736
23400,45.82599421487195
23400,42.85173839562229
23400,44.89427278712475
23400,43.43158150867818
23400,46.93011021673628
23400,45.30928735558035
23500,43.46993657789689
23500,45.36689980103776
23500,43.518815453008955
23500,44.832676951894605
23500,45.6027509925551
23500,46.75832660699282
23500,43.47728809323047
23500,43.49607673058769
23500,45.069918664635914
23500,44.984458989135966
23600,43.23277188564494
23600,44.79552257618065
23600,45.971942847358086
23600,45.30737913806733
23600,43.64099712053277
23600,43.51783322996561
23600,43.84266617462118
23700,44.959984874514205
23700,43.97445577597327
23700,43.538320350128934
23700,45.36052322073444
23800,43.53562337113164
23800,41.85963674351661
23800,44.889610431900905
23800,43.633397626841905
23800,43.84270794767218
24000,45.06341639579655
24000,44.73930703170715
24100,46.81499323339404
24100,44.02562870004455
24400,44.881783847077784
24500,45.30372136573722
24700,43.56665881104079
24800,43.617741172886255
26700,47.959032359361466
26800,49.32070905583909
26800,49.42470896873137
26800,45.653895389135165
26900,50.80510614817251
27000,54.02910771514484
27000,52.787374276689
27100,57.530996316567695
27100,50.529103458412614
27200,60.91628088754222
27200,57.29870419917746
27200,57.55383202107905
27200,59.194156391149434
27300,61.15242340058541
27300,52.32007587276386
27400,62.4103927584514
27400,66.23846105636304
27400,76.18526031242101
27400,60.97316068991095
27400,53.966771150324405
27400,62.84833822092389
27400,65.46334151138444
27500,68.98899001963244
27500,77.23683127925084
27500,77.07072275852244
27500,69.51108378418311
27500,50.48540240398095
27500,65.27437317810677
27500,43.96992294405143
27500,66.03886822041491
27500,67.76614244112575
27600,71.20242060770026
27600,74.21462402508709
27600,66.0232890075182
27600,69.47020341348353
27600,76.34906171246695
27600,77.45694531078844
27600,71.16649234704485
27600,76.90137335684864
27700,72.61370399626672
27700,69.18976693427349
27700,72.48109673132052
27700,70.81045320940162
27700,48.86377067005455
27700,70.58973742371315
27700,77.60872246067562
27700,51.958114851519085
27700,76.26821516011627
27800,75.78852188810383
27800,73.6458655766844
27800,75.90364492784899
27800,70.6251880080829
27800,72.47417274040706
27800,70.30514824364847
27800,74.0301203163125
27800,79.23272219616007
27900,72.48861589939128
27900,79.25799434229374
27900,75.74401607227816
27900,80.79564569991132
27900,77.3134892360504
27900,75.37300788205704
27900,82.24423156848562
27900,77.56150478140252
27900,75.82936366198504
27900,75.2908881343808
27900,72.9649904433826
28000,80.4907271965974
28000,81.58109854851469
28000,80.7763378578173
28000,83.39825308075088
28000,79.01916263515972
28000,80.46899845951948
28000,76.95954370120518
28000,73.10975618833943
28100,83.85609712302907
28100,73.35066014516974
28100,81.86691357982431
28100,85.45884915967643
28100,78.44534116283592
28100,83.53649843274009
28100,74.63413163368992
28100,83.71346528009701
28200,82.03221509780624
28200,82.46308215673282
28200,81.91200536164428
28200,81.9595775707165
28200,77.09350138502387
28200,81.7700496183383
28200,80.00087827056913
28300,81.74912361424037
28300,88.34326716089332
28400,83.46198504670281
28400,83.57854959190745
28500,89.1906565955272
28500,89.28598682089402
28800,92.55380720413558
28800,91.14015431072839
29300,99.50033961786252
29600,104.5433690389193
29600,45.64680715227731
29600,45.90383396988957
29600,47.295877233956524
29700,44.20123778705479
29800,45.5003384023398
29900,44.27253802387286
30000,47.183822278026234
30000,45.21933055706748
30000,47.01268454550066
34200,75.5017119304591
34300,87.90215749162333
34300,71.20884956346852
34300,94.4086450525129
34400,98.36281318646948
34500,102.01642758319119
34600,101.44668818568324
34600,102.86484509295259
34600,77.07538265511631
34600,76.92819555180911
34700,80.91529917130927
34800,83.25806129508842
34800,76.91246809545984
34900,97.82393515179099
34900,75.74317676886044
34900,78.35264043133186
35000,79.44083328866574
35200,122.49603459288052
35200,128.96082504079303
35200,118.56157500724568
35200,117.46186591780022
35200,124.97400181868298
35200,127.31816496261003
35300,131.0409452185173
35300,127.37518025301694
35300,135.4864146310622
35300,120.11588559993531
35300,127.13691281908406
35300,130.56491882943746
35300,141.4706791628769
35300,119.76478798192943
35300,140.81383429381393
35300,125.03796059402302
35300,133.78155212676674
35300,127.18106418230613
35300,134.54506933041128
35400,124.95600131234472
35400,140.3968643895487
35400,132.70326057050022
35400,129.20359013455067
35400,145.14952582771429
35400,148.4609042402927
35400,128.16513185945922
35400,136.02296863341584
35400,123.77869553577159
35400,141.3533680512684
35400,140.37423100957602
35400,125.50340642247298
35400,134.97728200653714
35400,141.96702743325181
35400,131.94818030917207
35400,141.6332365272516
35400,129.0930110415977
35400,128.1493693835838
35400,130.32851621729722
35400,132.9758198554392
35500,139.89250072069962
35500,135.37934643678827
35500,145.05174395487646
35500,128.0625866355508
35500,132.24015012478367
35500,139.5643633539391
35500,138.62067801801282
35500,149.8503293113272
35500,144.31552325227054
35500,138.38684085169874
35500,137.12974391667763
35500,142.64944006271242
35500,147.61694318647542
35500,131.9841989595234
35500,126.41201192058936
35500,129.85162621644727
35500,128.37070627828797
35500,139.6322053645402
35500,146.28727541550282
35500,143.73888180901253
35500,144.7242661687171
35600,131.2808374382834
35600,132.3028744876443
35600,143.6250501772732
35600,151.99480737288883
35600,133.65227675432655
35600,135.9408532686624
35600,129.80050097732
35600,142.75979626499924
35600,146.9931568976103
35600,137.8127026377683
35600,146.81700446718983
35600,141.14740367591904
35600,158.4479788111126
35600,149.73771382611292
35700,139.57294588697195
35700,143.35844574824281
35700,122.3599726637687
35700,150.42779567119064
35700,135.5694194368335
35700,142.90585358743667
35700,168.2268934389826
35800,137.62597908293154
36300,27.37551070249183
36300,29.09714958894999
36400,29.508390611362667
36500,29.067681069507064
36500,30.78372596482606
36600,28.929734077503582
36700,29.44702876584853
36700,29.202784301229617
36700,28.815472620826583
36800,29.450388209786727
36800,30.64982495306458
36900,28.880587743777934
37000,31.426262358759466
37000,29.375338682221884
37000,29.07160864968134
37100,30.858256591332843
37100,28.627453814213318
37300,28.758656567476287
37300,27.09933122400335
37300,29.0543126976548
37300,28.846722486250094
37300,28.920637903718216
37300,26.665858010457036
37400,29.51081438798359
37400,26.798666377486118
37400,30.821331330593313
37400,26.835979521622985
37400,27.023634166829225
37400,30.83379666948569
37400,29.35919628455059
37400,29.67429890484052
37400,28.53667073874969
37400,27.1638677217516
37500,28.789722507819587
37500,28.87000924675089
37500,31.093529243848078
37500,30.536118013864552
37500,28.98140500409017
37500,31.07938225706944
37500,31.515094266526543
37500,30.98238943227962
37500,30.693699626714892
37600,29.06171580585547
37600,28.722726657237146
37600,29.532603116838256
37600,26.34592383912882
37600,29.151828959504858
37600,31.039085551741614
37600,29.143657733997426
37600,31.19169424324387
37600,31.16954688968336
37600,31.15630614234162
37600,29.48524451629837
37600,30.84213085269138
37600,28.803156256036395
37600,30.719165527430228
37600,26.928534309885666
37600,30.88812321633567
37600,29.399173455692853
37600,30.657637295560896
37600,31.092830025620913
37600,31.492441046973877
37600,30.777228783482197
37600,31.004941007869235
37600,29.32267832914799
37600,29.3900452624514
37600,26.519953763157826
37600,29.163624315313964
37600,29.212864797639117
37700,30.9598742816063
37700,31.075548698003015
37700,30.776829874567355
37700,28.97464042593703
37700,31.045263138282372
37700,28.91151255142239
37700,30.964057673901042
37700,28.81540489399971
37700,30.489344370189965
37700,30.793275379306777
37700,29.541213797655946
37700,34.703582452007915
37700,28.690006791932184
37700,32.83011984194501
37700,31.144537603242718
37700,29.148997196463252
37800,31.253213665590234
37800,31.245490717989277
37800,29.154557770012985
37800,30.980137897028406
37800,31.321518668043712
37800,32.70417730823756
37800,28.677548239751204
37800,30.82830603045747
37900,31.042631730557897
37900,31.192935717767504
37900,29.659344388885792
37900,30.68277613171875
37900,31.67496964290447
37900,30.6838318784072
38400,28.474234785508077
38500,27.49007857790251
38500,28.952813320581622
38600,27.130495654907218
38600,32.27365441344682
38700,27.011206490129123
38700,24.91126613060442
38700,31.297689985710715
38800,29.073121147439227
38800,29.124403129743893
38900,29.13347463644973
39000,29.20789130090027
39100,27.138831517834927
39100,28.498589384843935
39200,29.083179878657905
39200,31.053642565404907
39200,31.0320848450378
39300,26.765873779359676
39400,27.384574254124637
39400,28.491923377264225
39500,30.66178435379322
39500,31.68431384816486
39500,28.418669646064544
39500,29.051158277219038
39500,31.18685826931023
39500,28.992932093929834
39500,29.423510648361027
39600,26.854228217521143
39600,30.871352244380283
39600,28.27373947593065
39600,27.07118221662371
39600,28.857935993138998
39600,31.29290129417141
39600,33.137601287005374
39600,30.1441542204634
39600,29.103553956044806
39600,29.234091053604057
39600,26.678210329378096
39600,26.836296326376747
39600,31.199181042532913
39600,30.923834621570187
39600,28.81390603826365
39700,29.601560955221483
39700,30.644463270476237
39700,30.583859118179454
39700,28.937982621212317
39700,31.155782301320713
39700,29.311623096099666
39700,27.389374563661192
39700,30.801344393742003
39700,29.286293741574347
39700,26.678239030219135
39700,29.27906979499898
39800,31.542662057038463
39800,27.57730563011528
39800,28.663264252578376
39800,30.876865764155443
39800,31.04951418258346
39800,31.03396299309816
39800,30.90137200317552
39800,31.46196425660374
39800,31.348879545706037
39800,30.541981020950757
39800,28.83041582097132
39800,29.028271551377518
39800,30.30828327930017
39800,28.753549975842258
39800,29.431678625114532
39800,29.20600327082834
39800,30.65792978222745
39800,30.715611610586702
39800,30.799448194586066
39800,28.594642274516964
39800,31.02570811154935
39800,29.109320684846907
39800,30.705440523888686
39800,30.591831446460418
39800,31.210836270501
39800,29.15994821826364
39800,30.337045241321217
39900,31.210549213872874
39900,29.091610917918096
39900,30.975599979548996
39900,29.74733842698897
39900,30.89821725286729
39900,31.388156325732787
39900,32.85034484095678
39900,217.90160670093175
39900,31.165636712558307
40000,30.87021415394354
40000,31.447665437960005
40000,28.569673219457993
40000,29.416411036853745
40000,30.875693066819014
40000,28.779965030450942
40000,30.349736146290002
40000,29.433659787650402
40100,31.202593586731695
40100,31.32877399020409
40100,32.49363344898379
43900,94.43373688584545
44000,95.6046536741552
44100,91.73229379358683
44100,92.61297588175621
44100,91.52284074549728
44200,96.27684645280334
44200,96.18556135315788
44400,96.18199853336353
44500,93.26376883108796
44500,90.88010682304474
44500,94.49768854833526
44700,94.74679861366889
44700,94.63685700895668
44700,95.84557013064959
44800,93.47200878190247
44800,93.83407204038215
44800,91.7695078819178
44900,91.33584477462088
44900,93.08267698635827
44900,92.49389619659507
44900,92.15795895536425
44900,92.49531153025504
45000,93.38413935451698
45000,92.7002751685459
45000,94.57108894213714
45000,95.80595971982117
45000,94.06563677060466
45000,93.34146588874107
45000,93.76322222990412
45000,92.06006384455254
45000,92.43148814985628
45000,92.21305665361157
45000,89.73772939126782
45000,92.30493863282653
45000,94.34003542053641
45000,93.93701124211316
45000,94.2970886693903
45000,92.37797960671377
45100,92.5362593392549
45100,92.13391492605383
45100,95.3799506141434
45100,92.58203983322336
45100,94.28538736673141
45100,91.44379604469866
45100,93.50799562011589
45100,92.20321742912911
45200,94.83745670296967
45200,93.2396180066614
45200,94.19801150103767
45200,92.28875640873694
45200,95.08088308886295
45200,92.68420251183657
45200,93.51559090546324
45200,94.9617066168176
45200,93.98247849679109
45200,94.6056313851204
45200,93.7052226154693
45200,92.94395600450346
45200,93.60216560279827
45200,93.47724855414266
45300,95.53098522501115
45300,94.76503092643613
45300,95.24003738930796
45300,93.60252072435783
45300,95.20298955560483
45300,94.78521171777167
45300,93.09859522624495
45300,94.92170321810708
45300,95.18053421314846
45300,94.79615684265117
45300,94.50095053958297
45300,95.35428647133047
45300,95.30003899548679
45300,95.02135215697541
45300,92.6639520907058
45300,95.13694879002368
45300,92.69747838578584
45300,94.79447060369947
45300,95.0639077142351
45300,94.80007779598876
45300,93.06304497159675
45300,94.88031615482296
45400,91.62445866213253
45400,92.82208725043856
45400,92.65821933540813
45400,94.14638973023077
45400,94.5742694646541
45400,94.30797516563403
45400,92.47538650618968
45400,95.14385118648454
45400,95.09770434044599
45400,97.07502083885373
45400,94.58880534834206
45400,94.12311560128805
45500,93.35160942154768
45500,92.7193552014176
45500,95.72704603988193
47000,175.4486699265459
47300,178.66477315215727
47400,177.3863129062324
53300,188.1025083862028
53400,181.9233825643981
53400,191.175861335656
53500,190.61172142265474
53600,202.43612160448296
53800,199.92695731488882
54000,207.26761056345103
54000,197.42741176112358
54100,199.0705433756186
54200,211.14538432529835
54200,176.76657679205596
54200,211.36321435671167
54200,199.81896284138475
54300,201.06336394145586
54400,203.80161682580442
54500,196.9317469476281
54500,201.43126389403668
54500,201.66102227840926
54500,194.81567694515113
54500,206.71525440812894
54500,200.15398315348693
54500,201.6636350484273
54600,208.26374727345376
54600,205.77228476174452
54600,198.235412698261
54600,183.7119392250863
54600,191.47947004065716
54600,221.33962597914135
54600,204.00932683170402
54600,195.10804440689162
54600,194.58960097176092
54600,203.4870314115101
54700,186.50184440366834
54700,207.29560779650865
54700,197.78078038704578
54700,210.08582366096425
54700,198.2900266484557
54700,183.54169929691406
54700,195.8007091429589
54700,200.75515099593844
54700,196.28703534785686
54800,208.19190275732123
54800,197.32802927777612
54800,199.38311855884342
54800,194.26162912414094
54800,206.68895298484742
54800,205.46274354747396
54800,201.45747574675866
54900,208.03839212198073
54900,206.24053369023252
54900,211.12132021660068
54900,210.63189986723836
54900,194.80162168379894
54900,197.0854919523384
54900,197.7549556495921
54900,203.94048986094484
54900,202.06877834317427
54900,201.90686635402847
54900,200.39330958749957
54900,209.29582581018636
54900,221.03879449846613
54900,188.18905788078575
54900,201.2806034108555
54900,209.09662804551922
54900,200.5364772423948
54900,217.70547826480757
55000,206.21917833257106
55000,203.04775673474245
55000,190.6949070523357
55000,217.04671769869046
55000,208.4973100065274
55000,208.6912456770675
55000,207.9725779015543
55000,213.57328216462582
55000,201.04398885614108
55000,208.0587186574741
55000,198.78205574043162
55000,207.363402034805
55100,205.95910884882733
55100,201.8147996807214
55100,194.39946576103156
55100,198.53774613180317
55100,202.65292051012963
55100,191.9664701994255
55100,200.34661892511787
55100,199.2263606104397
55100,207.24506777741541
55200,205.8166488226553
55200,208.99658929671327
55200,218.25523402830882
55200,218.13868777227754
55200,204.34271635520852
55200,202.20858098899902
55200,214.1123351317043
55200,215.5036975273103
55300,203.80279756063098
55300,202.7617899383234
57900,71.72102708675428
57900,52.896317468689276
58000,51.76904792173284
58200,65.55646699432239
58300,52.53671770809423
58300,55.664125731680684
58400,56.19434316986482
58400,54.076150392526166
58500,56.14143847589657
58500,59.76364295123468
58800,57.63445701754697
58800,76.19044705737096
58800,60.48908424328877
58900,306.77305539157425
58900,59.633152627571256
58900,58.93654836637424
59000,70.75062299589409
59200,72.664980146762
59300,306.3569248109601
59400,75.86887644958499
59400,76.29665397010757
59400,68.53074710120654
59400,75.95637383917223
59600,76.20040923649726
59700,75.26907176090317
59800,292.07903278884396
60200,117.88098896193227
60400,127.46963886993792
60400,110.00762878807214
60400,108.75561047495002
60500,106.90931293519347
60600,119.65394010084987
60700,107.02572716383297
60700,107.0509620176173
61000,108.66515183649012
61200,126.13725404520056
61200,111.36627813256035
61200,116.28305156543479
61600,152.55310018648265
62000,124.94662417441913
62100,148.1604691994623
62400,142.69053413064995
62500,143.2488138216974
62600,153.64177096536017
62600,150.01501794262336
62600,142.3676310669668
62800,148.25874200170998
63000,159.5098213869247
63100,157.40145986825473
63100,152.15842280514198
63100,155.9713842272031
63100,165.84272804748176
63100,166.55370236421456
63200,163.8424852433474
63200,148.4547137145611
63200,169.6463987992113
63200,154.05800401522472
63200,165.03332559740096
63300,164.33402738818927
63300,167.6497165117894
63300,167.00292878681054
63300,163.9520971111308
63300,150.3714738875919
63400,173.0607716024456
63400,170.69990335347796
63500,180.28358472939237
63500,179.50935243850503
63500,170.07239964003983
63500,173.0424635788741
63500,176.73451356271318
63500,174.78475376406573
63600,173.47991200217842
63600,172.92390413109555
63700,178.1214458762487
63700,171.40720426846698
63800,192.560116548278
63900,196.43941320598077
63900,182.3031236222902
63900,168.4617641388907
63900,180.0908236920973
63900,173.20350094122563
64000,172.57278202106954
64000,212.37279616390578
64100,168.18154575138283
64100,198.9515694016139
64100,187.9469928874447
64200,189.90530396608813
64200,172.91501939586507
64200,224.73079232574614
64300,184.4426655158093
64300,203.2069689189527
64500,202.05033455730992
64500,178.5360166049738
64500,183.71777979466665
64600,204.01403726087295
64600,216.16444622404305
64600,207.73026436977264
64700,201.37523990868397
65000,225.75993221865792
65400,193.9276683789822
65500,130.1069162966598
65700,119.94782423922116
65800,130.01939763049
65900,122.68103877357325
66100,124.47624069769363
66200,126.6138586688664
66200,141.28948358204087
66200,116.46275885564965
66300,130.89892145093944
66400,162.80013091543356
66400,148.9830002834404
66500,135.01209601727697
66500,164.09822738166605
66900,172.32500951221826
67000,147.3265445699144
67100,165.5826157927092
67300,132.6686666900984
68000,131.82692468968273
68500,181.1963943666536
68700,178.07302759373064
68700,144.84084346196406
68800,228.66796087636783
69000,228.91362143420102
69100,161.04800996799
69300,183.6827097427566
69300,146.9199118753817
69900,189.4314273145266
70000,229.01517670622562
70000,175.70816327256813
70100,148.44613343834496
70200,124.32025367051588
70200,233.0006497749345
70400,152.0827403477176
70500,176.16592012956318
70500,126.31740005973974
70500,173.81371671963979
70600,167.4867016614897
70600,145.8075254543789
70700,188.61818984138452
70900,146.20497349715333
71100,210.4826877254035
71300,162.7057444542637
71400,211.8757788906785
71600,164.04747651711583
71700,156.31490496149834
71800,162.76035331679566
71800,145.0923904151352
71800,239.74897993667912
71900,161.24748364568435
71900,163.97001175988981
72000,166.34642249014635
72100,168.11306871637638
72200,171.40583306516587
72200,163.2595009792486
72200,168.13628227494226
72200,184.31050500881693
72300,159.20380531190648
72500,169.2069549339316
72600,171.28121377158493
72700,165.3111542732006
72700,267.03291747354183
72800,174.18314910885692
72900,166.48707339001783
72900,174.16452097880557
72900,175.68074958085396
72900,174.42564917371905
72900,172.344318076575
73000,176.19717386170117
73100,175.66701720560727
73100,170.26570807394447
73300,177.5490453256156
73400,232.79303710923764
73400,182.8299915403225
73500,175.92294674580572
73500,202.9869052395787
73600,180.32811572888983
73700,177.3519518635432
73800,179.6001324160317
73900,200.8279470317129
74100,179.5683774263153
74400,176.03053232177498
74400,223.17670542031595
74400,221.94601271548024
74500,184.07345895388113
74600,213.92794200313404
74700,221.77461024088592
74700,221.58059677506304
74700,221.72431313899602
74700,227.6428663578317
75000,224.87207805063665
75100,219.255742228964
75100,195.61276115380173
75500,171.07934662400518
75600,223.45408304766457
76200,186.6869515796933
76300,226.6564256916863
76600,194.22586019651493
76800,230.27509251940646
77100,227.531498201975
77300,223.69132597945628
77300,212.51165776272683
77300,234.36773327644835
78300,221.0680537588318
78400,202.77387755617445
78600,192.26003974931925
78800,271.8506643330971
79000,200.5515049874733
79500,199.5221443423632
79500,224.1078794543752
79500,216.89480452603348
79800,256.9008689157236
80200,217.19165247682852
80400,292.1644029902183
80500,228.4529219435907
80500,204.5290463005423
80600,273.019230303068
80700,217.0617413969996
80800,218.87433598798435
81200,278.719896036952
81300,270.09101574933777
81600,309.58661038085745
82000,298.96878137214605
82200,232.46933663364078
82200,219.59651297946584
82300,278.1506936141165
82300,208.45060694165412
82400,209.36414710950245
82500,208.1838397506318
82600,313.01223285442813
82600,301.28995073370663
82700,219.77010248576968
83100,194.15979152088235
83100,212.39755345838986
83500,206.96165106886548
83700,172.067962374307
83700,224.16563771477234
83800,185.54955034800042
84000,180.2995500934962
84200,232.83249625309637
84400,217.16507951639045
84700,182.66251665478956
84900,243.4760291012783
85200,219.63280892164795
86600,317.61637896030453
86800,316.10389956743177
87000,234.4333025860525
87200,216.1953388465531
87300,222.50842120526912
88400,267.1263928960471
89000,361.8651046632378
89500,373.84264097905765
89600,368.87958471387356
89800,276.86925917791154
89800,374.34162930120476
90000,376.2387691156616
90800,220.17061403012656
90800,347.683587983335
90800,372.0845744429744
91100,220.12726806392595
91100,351.7213782176493
91200,210.87034814548542
91400,375.8058763158718
91500,345.0937936423939
91600,442.2496132338676
91600,389.17049542667377
91600,378.0786552228416
91700,444.3579877386744
91800,314.6403268130675
91900,367.12901354098574
91900,346.2586884128824
92100,365.5659162498874
92100,369.40277327080395
92200,370.24693629664176
92300,318.6509605985389
92300,334.64853382008386
92500,338.3669555037573
92700,386.96448681338313
92900,379.4888203280467
93000,373.7744682377332
93300,285.5427100092847
93600,331.5698997109353
93700,406.62959191768033
93700,329.99174053962975
93800,344.1547033952557
93900,297.81802940103984
94000,413.79467036548687
94100,391.91987989143695
94300,378.96860269621754
94300,402.0397782007193
94400,399.06205683496756
94800,354.7921788144241
94900,385.55714734019665
94900,446.53999385293395
95000,433.8387467225696
95100,316.0059007116872
95200,349.9915338683506
95400,331.01128816932567
95500,388.7866038314005
95600,462.6749881496103
95700,435.9894179457359
95700,334.9251255519454
95700,313.5036876113195
95800,303.94199121222226
96100,315.0554695275696
96200,332.24232620087815
96300,367.8009459807044
96400,381.2965343585094
96500,465.469806701406
96500,328.46573337242745
96500,430.53897817761543
96600,326.52309330024633
96600,318.18854112345434
96700,372.83663525622364
96700,287.29710457651925
96800,409.04435463767385
96900,309.15324053725453
96900,437.00602872059676
96900,313.82881582049606
96900,443.1799580933807
96900,417.6244639106806
97100,451.95160371911476
97100,412.2751370525814
97200,458.4079594193823
97400,303.0905170163239
97400,334.24809703984675
97400,268.747552111965
97500,415.590211823356
97500,317.7147419878035
97500,268.39841268111485
97700,403.35312209583196
97900,425.4191327719371
97900,378.47440024442807
98100,413.4862708718644
98200,370.7106131985069
98200,306.0415350920528
98400,333.517597808434
98500,291.1786445070958
98600,239.83714158564186
98700,375.0151612620648
98800,312.4265533786809
98900,336.67092294140275
99000,389.21490273996613
99200,284.13508069503456
99300,266.5564825744582
99500,395.1194090143061
99500,265.69751767543374
99600,239.2446099613234
100300,281.34341803655315
100800,449.20072419221424
101300,251.62002637482354
102100,273.07643325589885
102100,269.80671161459156
102200,286.73826180153884
102500,251.7051085097616
102500,274.24306942043773
103300,318.69060114764466
103400,258.21904045348174
103600,253.03835055597062
103800,289.4220271711929
104000,260.5788844904683
104000,284.97211537197217
104100,278.84812247719304
104200,292.2221030876845
104200,282.4163021101199
104200,259.0298974920242
104200,291.1913705473186
104200,284.1565770709885
104300,276.35358360606483
104300,272.8950052811977
104500,278.45060277967764
104500,255.09937614969058
104500,269.7146771733718
104700,246.90742159478242
104700,280.02838230069915
104700,151.55231959311052
104900,258.9268347978335
104900,265.4338017493788
105000,263.7743814847441
105100,277.62099347451095
105400,244.02193224350597
105700,245.50622917096362
105800,251.15756589781824
105800,276.30917888734064
105800,267.3450435996745
105900,258.07122971050495
106200,280.30933698846417
106400,246.91230147324526
106700,236.83221903526427
106700,260.4521027790683
106800,259.45362091398937
106800,271.4553029842986
107000,284.47201590869264
107000,249.10251899627153
107100,277.10699687550203
107400,271.8118263541852
107500,272.8237101256044
107700,274.3659428663615
107800,249.99134409845544
107800,250.92507548362838
108000,247.98563627188653
108000,291.0022698315539
108200,309.38467387404745
108600,248.17016036829685
108700,297.0108108559632
108700,298.8646414802367
108900,322.32256133009827
109000,304.65120157071806
109000,269.92075904411433
109100,259.2172534539898
109100,283.2823817636126
109100,284.3389339240855
109200,286.5992168910084
109200,264.00750052743217
109200,286.998445161258
109300,288.7950931506797
109300,264.8081209144022
109400,255.50543308787897
109500,267.50285595080805
109500,289.02917167453427
109600,295.7534416131699
109700,285.89143145754053
109700,275.61464014833865
109800,280.01107385536693
109800,278.56478153249196
109900,287.00068965157146
110000,261.1216332285062
110300,285.69196311327767
110300,259.9893840061762
110400,303.9772784582572
110500,312.3418068483859
110500,312.75368895956274
110600,309.15320191241807
110700,304.954104912242
110900,305.35664111221547
111200,289.3468267739323
111200,284.3420794315756
111200,297.79255251680775
111300,284.491719586232
111300,265.6648720935911
111500,272.773200974677
111500,283.3706423419434
111700,288.5512608278065
111700,286.1563164982761
111700,322.5712998126477
112200,289.2830985981627
112200,375.00797756939613
112700,276.21547606939765
113400,282.3350240375204
113900,246.98936110182692
113900,290.5496683108901
114000,294.3882181694309
114100,288.4514894635738
114400,284.7170842760746
114700,285.31756296428597
114700,278.75320834902084
115200,248.71138111791834
115400,269.04530894706295
115400,246.84168742371193
116400,246.53477208922183
116400,256.9159661050968
116400,278.46434576802216
116400,268.871642546726
116400,257.4203555869587
116500,235.85890583847325
116600,279.08856534775396
116800,240.0922422146354
116900,285.7786045682014
117000,277.79180253957395
117200,250.9141839473517
117200,276.6377577515959
117200,246.2896577511723
117200,272.825253149545
117200,259.5932732491419
117200,279.8946807799767
117400,280.47072425002165
117500,278.6073595525447
117600,263.0169320656444
117700,285.81802498858707
117700,273.0617617677568
117800,284.4830578986302
118000,286.4281203708749
118000,286.7546402930479
118100,263.6529726315877
118300,274.7787233041752
118400,289.6425640237346
118400,281.46248779376253
118600,282.02200926004434
118600,270.8981132853542
118700,278.3152608782123
119000,274.8793262373575
119100,282.31594110070296
119200,243.6242110542763
119200,278.53377323437957
119400,274.004556546691
119400,273.7319645583074
119400,281.94586934711305
119500,253.50275616380932
119500,283.97453765660964
119800,279.96196821150573
119800,280.8187119862607
120000,276.10841700998697
120100,274.8738706993204
120100,263.33856751885605
120400,268.8326721888185
120500,272.1999641470619
120700,267.1927784089008
120800,279.6619568214044
121100,278.60769710265123
121100,281.29091703691097
121200,273.87116616635467
121200,242.22105283688265
121200,275.80530913201886
121200,250.29120698896236
121300,274.9222327726479
121300,282.5644079507907
121300,262.99853432202696
121500,265.290668537785
121500,274.78219679624647
121800,274.86557462309065
121900,273.7339956482416
121900,267.7890394375149
122000,268.83826838727396
122000,254.01351688195444
122100,264.5483510663548
122100,257.13569061378223
122100,271.77854745273197
122100,272.3743787397789
122200,272.5398506892576
122500,277.46832964086815
122600,261.14605471376973
122700,275.47483396302323
122900,262.4460721947992
123200,252.69220615836213
123300,280.5495030427111
123500,265.3720432561999
123600,255.54688589450214
123800,281.2335866334832
123800,265.9907772594526
123900,283.54408236604456
123900,264.51679766452395
123900,292.39601390447365
124000,280.1632863606344
124100,274.21695934341
124500,265.62652540811905
124900,273.8533678052061
125000,266.16180106879267
125300,250.33753668713703
125700,270.62174973751144
126100,260.69869274017583
126500,257.61789079192386
126700,297.5390426514822
127000,272.1066845497245
127100,286.6374820166524
128100,274.90370925925987
128200,278.37277253045454
128300,287.92377123636163
128400,301.21236556535854
128400,287.95861371802266
128600,273.3628556482988
128600,253.0997286841507
128700,290.77262841785455
128900,264.4575480327184
128900,265.5013059587012
128900,270.23599719909475
129000,254.5787739104047
129000,274.128603453476
129500,283.0614321233215
129500,292.5975372399381
129700,274.6161433454283
129700,257.4745389971008
130100,297.38919225631065
130200,272.5128605711651
130500,305.7933274484691
130500,268.54320454677816
130500,261.0635740378583
130600,266.66400955568434
130700,282.39752781593126
130700,262.88117342626947
130800,273.9931388554633
130800,255.82042530546212
130800,276.98979391054297
130800,285.7228339318772
130800,279.88508895806655
131200,278.7315209106655
131200,276.09815391672777
131200,186.7172680909034
131200,259.5642533368382
131300,302.23423740188207
131300,270.4219573850801
131500,250.94671587610063
131600,296.332385324666
131800,284.33518543265114
131900,295.8789984228364
131900,263.64504075844235
131900,317.53933457060043
132100,322.7432759366391
132400,283.4870545499714
132400,272.6510270319368
132500,277.338349944988
132700,255.27414632423307
132900,281.16917360759106
132900,267.19335299030087
133100,267.7192911592325
133100,268.6412560157809
133200,259.9038098343627
133400,285.2680144765907
133500,270.1432301280399
133500,282.0252717961525
133600,268.4869463852771
133700,282.91631782006243
133900,283.1123843192802
133900,250.0683293848664
134000,271.6534379505874
134000,282.3350719963991
134200,289.8342517743676
134500,285.6644904067114
134600,257.9700950015947
134800,297.6637118736637
134800,280.4925974574205
134900,279.532768245158
135000,278.9650438358054
135100,290.20435032884563
135300,293.41896803407093
135300,290.73289910190977
135400,265.3436412816676
135400,301.86882184856523
135500,318.7148058649403
135600,299.5814039337865
135700,280.5701315468245
135700,276.9113703983944
136100,368.0314618071896
136300,305.0207279136761
136400,292.1946917762392
136500,299.8419518372148
136700,298.9766319306394
136700,319.2372577821807
136900,324.5563754316896
137000,300.0553317849812
137100,280.26761413381837
137200,301.33590833528564
137600,308.74481815760294
137800,313.3804450792024
137800,281.19783470415103
138300,304.4832448372288
138600,302.55352274823133
138800,322.30846010173053
139500,275.8584831802151
140200,323.43642734469324
140200,321.7620751342395
140500,322.67018485908966
140600,342.00811862199413
141100,285.03508433665746
141100,233.3680525685551
141600,322.3959310149338
142300,308.9313045353464
142300,340.8810900770565
142400,354.446869730014
142600,313.9614717519182
142600,305.5798447191249
143000,310.33523243032306
143100,307.83045215470185
143100,322.38375930836406
143300,318.46362591334787
143600,341.5274331313847
143600,324.32585678373493
143700,304.52968332334564
143800,304.9561833513267
143900,347.3300075423177
144000,318.4000319395241
144100,290.70228199093793
144100,340.33349264367945
144500,333.57365235820794
144600,316.602604328617
144700,315.7384515889214
144700,297.3757125112974
144700,314.19026079529107
144800,306.9472961543233
144800,303.425323603852
144800,320.2210173275393
145000,337.9416168950934
145000,301.5326048368575
145100,288.0232016652083
145100,274.6423530069289
145100,288.60379671043313
145200,332.1885864435224
145300,298.4196540948238
145400,315.68965973689376
145600,332.267891660197
145800,329.31112962429836
145900,309.45936596177
145900,319.21420564113544
146000,319.046738180801
146100,274.4189743016141
146200,282.8795479097126
146400,292.4587525624747
146400,273.227333898213
146800,343.2181576085061
147100,354.70874878273617
147100,358.07768508111326
147200,293.08075119356084
147300,350.3664919682701
147500,359.07830756620376
147600,305.77971927636236
147600,316.7625140474766
147600,332.7870554967865
147800,296.6894005236908
147900,337.6905494470331
147900,316.39545331956623
148100,318.98132048845025
148300,324.19408855464604
148300,359.1086761263596
148400,353.6319839248101
148600,343.5044947778151
148700,345.25335129416953
148800,332.2538817064712
148800,326.91372328379794
148800,490.5055949774077
149100,363.58294455600407
149100,362.0128752699188
149400,301.3911138485829
149400,341.5323581667667
149500,319.18965014916677
149500,352.3425583642854
149500,317.93334878905824
149600,307.350311394491
149600,318.0131983458185
149700,480.5951740301482
149700,356.27377378464536
149800,304.8574700855266
149800,503.4980863669751
149900,348.0329342668063
150600,333.4105976898632
150800,351.0628742422377
150900,332.6618035764619
151100,315.1752553411386
151300,246.5774413424498
151600,311.48817200788034
151800,326.722221111319
152000,373.9981357317899
152500,359.8273701169557
152500,301.8744358982286
152900,346.07855711480516
153200,327.80733714765546
153700,467.5497582617617
155000,303.01610685756805
155100,351.59737821622616
155200,318.29471282902637
155400,336.5852375254716
155500,318.1167653125178
155500,323.32719168993793
155500,315.33851605306427
155500,502.1719432666622
155800,478.53896695240945
155900,315.3675129768872
155900,380.5970455542738
156000,336.9746909467404
156200,334.29313974282684
156300,337.9077497814492
156400,285.93471569060097
156500,323.64272185951984
156700,332.4777692321862
156700,477.4306725360694
156800,320.65257944764085
156900,298.2193873659111
157100,320.0102778647436
157200,309.29662019499824
157200,314.2799133076357
157400,315.23828053911467
157500,310.0938054919801
157500,325.27863883879525
157500,277.75067800367765
157600,319.9490760641454
157600,318.7211489901123
157800,301.94897164453243
157800,503.91592348294955
157900,308.6416768479179
158000,314.19180950277837
158100,357.9296787232892
158200,298.1298711700408
158300,335.228676968573
158400,332.51999938636516
159000,321.28969406696734
159100,304.195501624003
159100,335.4582047025724
159200,289.7425509197362
159200,318.5627205538528
159300,324.9775092501678
159400,292.25187340377505
159500,310.60596384973604
159500,386.1686921580804
159600,329.5773254920304
159800,344.8605457687813
160000,312.1404200956232
160100,303.27501362301786
160200,373.0106590241574
160300,307.01949334922324
160300,322.4965099520211
160400,306.8456612220046
160500,363.5480335461848
160500,267.4748831775043
160600,291.32845493298885
160600,295.7697565720077
160800,294.18400589769215
161100,353.0083860252341
161200,535.3969550670807
161300,344.37906174998875
161400,334.40996289013333
161400,289.8609725833594
161600,374.40198152496157
161600,285.07018332484853
162200,326.4551465956323
162300,454.13962992607867
162300,321.71263549312454
162500,342.0848546911049
162600,323.7572524925523
162800,323.7272692784701
163100,354.7349858410846
163100,318.3512137593084
163200,345.2417261733893
163300,347.2210306113547
163400,506.396571453267
163500,343.3492126454133
163500,348.4406127533493
163600,304.84054761888535
163800,312.2584658434669
164000,347.3393057266767
164400,343.148561672718
164400,314.251577267618
164500,359.127025848466
164700,279.573660052939
165000,352.0518009558247
165100,332.9966035556639
165200,200.6296497523263
165200,345.9510294369758
165200,347.50269566041226
165400,319.7755417227986
165500,290.32242909491924
165900,350.3436393245572
166000,325.7473280191225
166800,443.40633122743304
166800,316.42489174886146
168300,359.3000935687236
168400,275.0270744655677
168400,336.22587231899314
168500,301.24283257961895
168500,337.8673122226285
168700,344.1025210432751
168900,355.0420801555401
168900,298.78162337106403
168900,303.1477215771599
169000,437.89025186219607
169000,330.99093796901
169100,311.890407423457
169100,323.89315666285694
169200,306.02890726830026
169400,305.76481976983393
169600,298.6112701517553
169700,315.68152294075685
169900,333.647990915696
169900,314.8535935533493
170100,307.8182256565626
170400,345.0921210174712
170400,320.8444908161481
170600,301.336670297762
170600,319.7383771305805
170800,432.2766558775889
170800,319.1784701644855
170800,290.1329882438651
170900,265.2455012506601
171000,308.70602037370713
171200,313.5823787459833
171300,336.7111731160795
171400,284.20297441236846
171400,319.7132596131656
171500,323.35028889159395
171700,448.9019131608068
171700,314.41173773895093
172200,330.8426987744395
172200,304.47787598671204
172300,296.6449504122378
172400,328.8506929369882
172500,356.5402613447788
172500,302.58293408893167
172500,321.2911828967315
172600,300.54939035295564
172700,364.9970912163971
172700,282.85686364330934
172800,356.0152273251421
172800,344.24761130301556
172800,183.50131431256068
173000,280.3192077333971
173200,348.16967920350965
173200,329.1837714345355
173200,368.37663386167344
173300,329.01738229290333
173600,323.235144051923
174100,343.64908590079403
174300,332.6007799748346
174400,305.5841268341569
174400,320.3269119791985
174500,334.329166807564
174600,321.159801076791
174600,323.5592666861758
174800,312.63134136944933
175000,294.71165907853464
175100,376.573183497668
175200,298.2523083209994
175300,337.47518400164466
175600,438.01640969933044
175600,331.021621534527
175600,304.61161396777584
175900,453.3618561488941
176000,318.23093858923744
176100,316.9836303595853
176100,337.0286442628728
176100,356.2973530961522
176200,354.91833716852733
176600,346.2333759120172
177000,335.20020444198576
177200,96.5548232629007
177300,470.01079260117564
177400,328.36592531135665
177400,294.05273037098334
177400,347.92657880094816
177400,341.89124557436395
177400,323.59865646858714
177700,305.53500290883994
178000,371.37094540949704
178100,327.1048983747626
178100,324.9257394635567
178100,344.8606126991049
178500,338.15944580818257
178600,334.9991559111208
178800,313.5846207525346
179100,356.7389570320961
179300,309.1686595129441
179900,101.46381716366002
180100,323.65065840986705
180400,494.21818383942707
180700,347.5537841140564
180800,382.9198512813756
181000,357.98548715945077
182100,348.3483528920574
182200,332.6825121664742
182500,327.6635564409191
182800,329.0490036236303
183100,327.033889841889
183200,345.7232806373459
183200,358.3177440168973
183300,363.5831190210202
183400,320.9336526597006
183400,330.1263405339713
183400,342.4236597606272
183500,309.19242224382936
183700,361.0751094655263
183700,314.65023010918395
183800,350.9975571858394
183900,336.2514509262576
183900,48.00586972818346
184200,236.93891081902805
184200,338.4770579452609
184300,349.75282560140425
184600,324.54791116662085
184700,369.37886382211923
184900,369.5468588453076
185000,320.44022905323203
185100,356.1797144192988
185200,329.122284212496
185200,340.4611270772164
185200,362.1857162286929
185500,297.3788217703138
185500,328.239623215677
185700,314.8996715956473
185700,325.0290611808829
185800,371.22677610305874
185800,456.2556340722942
185800,303.39206844596663
185900,318.1230668376841
186000,335.60776383121055
186200,328.839541687015
186300,321.73211424535896
186300,468.2569176459919
186400,324.9969307671938
186400,336.4596392835607
186500,356.11304404569654
186700,352.07989972805655
187300,333.9206812942528
187400,463.8833596342753
187400,378.63612678975824
187500,357.2845974269179
187600,323.9272524990538
187600,348.1756905303806
187800,344.8978554600006
187800,264.81159505172315
187900,389.8738932399569
188000,324.50997177367947
188100,338.9560519812621
188200,318.33574538638464
188200,336.27027499750415
188300,325.1278109714755
188300,342.2689544619526
188300,346.2919084619214
188400,356.7957623009325
188400,341.87215299194173
188500,237.83658647927982
188900,327.25128289501515
189000,311.33092727505425
189200,334.87153774597164
189300,342.0459665902451
189400,297.96975675572173
189400,343.87771357964175
189400,424.4516328009685
189400,504.4127731901189
189400,361.5805187906189
189700,393.7348039940321
190700,316.0934184962515
190700,338.33982402714986
190700,344.4122841028169
190900,346.6568472331413
190900,342.0221528273955
191000,269.10504305571396
191100,314.71724948234123
191100,351.0525308526563
191200,308.56093076884144
191200,316.7901111426356
191300,319.3659976098826
191300,429.4900152834322
191400,296.0456645591661
191500,484.2021049882062
191500,298.4438863966118
191500,344.33313721684846
191700,303.57355596358246
191700,303.7533486337385
191700,342.7148171973335
192100,339.0689443564545
192100,325.20007352354065
192400,273.72215679290395
192400,309.44212615040954
193000,291.9700489766248
193100,341.53965933770223
193600,335.36448689754747
195200,377.8588254271675
195700,258.6239396522965
195700,279.33235765382835
195800,276.2886195471809
195900,297.9891898389442
195900,242.0037120571658
195900,349.7290691840088
196000,334.5615637977893
196000,334.38517435056445
196100,324.1218989197888
196200,231.4874955104699
196200,328.6529651318411
196800,341.13734520987566
197000,228.7920213612395
197300,346.88996927688146
197400,364.27855335402154
197400,365.52544918597755
197600,359.56313331319694
197600,245.6149518565229
197700,263.03430008311267
197800,339.18386133822946
197900,29.46468677856087
198100,345.1734869324956
198200,352.60812037176163
198300,373.1666942808836
198400,351.20438895773225
198500,349.7511814373001
198700,351.91207282561504
198800,288.0552342105398
199000,350.6581272415355
199200,349.55680553767377
199300,345.2177927246998
199400,374.80580291208327
199600,365.4796223230797
199600,198.4002692711807
199600,341.7438541932179
199700,359.8543033384989
199900,371.12070402137965
199900,368.55231399066906
200100,346.3443152382951
200200,373.78071176569244
200400,390.30539134443904
200500,377.61177915281354
200700,332.3058064037376
200700,379.4815261265192
201200,369.1270722948251
201300,384.6355776832065
201400,335.32139841305957
201500,371.4602919716307
201500,315.5515450182732
201600,331.0560159941874
201700,379.28368305540687
201900,375.57282290177744
202000,377.98361916336313
202000,226.2257044213626
202100,358.28483784587075
202300,384.0680575017378
202300,389.77229856447633
202400,343.3623421840357
202400,399.8894727494884
202500,372.65835527677905
202700,372.6798921904098
202700,383.0136072877223
202700,377.1995014760931
202900,255.31205687186124
203000,377.6129421142847
203000,382.71910596790565
203100,370.6837545456428
203100,322.2275022854048
203400,254.14477091004466
203500,346.5192136216864
203500,358.1132293662553
203600,422.03083304043173
203900,354.0710978057639
203900,300.2120150255004
203900,355.2852881331595
204100,310.7648866921986
204100,384.50909437907126
204500,279.37708213267223
204900,29.844402901507603
205200,363.415995883737
205300,348.36836440913083
205400,333.96891380147747
205500,294.55820053381433
205500,431.3964468479893
205600,364.45179003616255
205600,386.52821003863403
205600,358.93465230745767
205700,292.0481931170504
205800,301.2688722938366
205800,358.8000687274788
205900,317.38026742713083
206000,365.02416735276853
206100,357.4036674710493
206300,290.4067502200098
206400,334.6748133647912
206400,422.02395616467055
206500,375.0999247686089
206800,348.0302080337639
206800,318.41812828593373
207200,305.87871697025406
207600,342.0001461964298
209200,365.93098668087714
209400,355.5989431962944
209500,350.1234430954214
209700,369.0911958411415
209700,357.6966349039711
209800,364.1660680937593
209900,285.5823582532211
210000,341.9780938989487
210300,365.93819072458666
210300,365.36939055901126
210400,365.98007653286436
210500,378.90081616215053
211000,361.73740809895617
211100,354.1818516631728
211200,388.30887082927916
211300,323.3519187973007
211400,345.72801066202203
211400,340.4652536152224
211600,350.22720012134744
211600,362.23133565475507
211700,332.8665818623863
211800,16.288109570849414
211900,330.74066990538404
212500,318.20620856454843
212500,320.1208132168234
212500,337.5348448466377
212700,276.11760169202614
212700,316.07101708405025
212800,277.6405153425678
212800,316.9085561943497
213200,335.11899116046203
213400,282.61270972704847
213400,425.58439453554905
213500,310.70236467370853
213500,407.03711171837557
213600,349.0603748594886
213600,262.3390112627806
213700,335.19361628976503
214000,406.40373897977355
214000,259.5855318008826
214100,402.10381667578395
214100,307.08395823893386
214300,317.69675746228506
214300,320.60934052221785
214400,306.70023471322224
214600,311.61231039841823
214700,303.42014887186383
214800,302.8087090653295
214900,287.38112119831567
215000,307.16932521408205
215000,237.56564897013234
215200,336.7224954723053
215300,304.0713269240825
215300,297.85268433539284
215400,295.3814947186627
215400,324.03069184431234
215700,348.5028092877468
215700,383.3064874194874
215800,290.7306841002174
216000,440.55358826837755
216000,313.5387421422034
216000,296.2909438689779
216200,295.3974408016211
216200,307.59707347970385
216300,83.14516129113026
216300,318.23010024115547
216500,313.45543107046416
216500,308.3465390029719
216600,308.4528422554783
216800,292.7413111132567
216800,310.1606603960981
216900,316.9056420636558
217100,322.824245510199
217100,309.8112382634183
217100,313.09075087302756
217300,307.3577968952879
217500,308.1304797531124
217700,313.23871840835744
218000,305.2528812106083
218300,388.7441124331664
218400,309.0361129925214
218400,318.89089288296867
218500,304.0054382138133
218500,315.42131164606525
218700,321.2952179888703
218900,318.68899307297767
218900,323.94954135358097
219200,309.97756091902664
219500,317.707060203253
219600,334.75196738885904
219800,73.03368416721493
220100,349.84040810768306
220100,71.4045033702261
220400,337.8322823806296
220400,340.2668350943013
220500,344.65538886166706
221200,394.6688716846179
221300,349.7258495860134
221400,301.4996833605878
221700,296.76772433001156
221800,344.1833474174425
221900,318.8951118784861
221900,298.575100930624
222000,137.4800789129845
222000,316.08659427457957
222100,320.33845117180226
222100,319.0003441010197
222300,328.4810034596268
222600,315.3077200410426
222600,313.0814188173945
222600,362.9042857520407
222800,151.58363374869037
223000,317.4738613366084
223000,330.7830061404859
223100,317.78186746470374
223700,314.503365532832
223800,321.8160221996762
223800,56.32155670253882
224000,91.74003788392095
224000,321.29139902642765
224100,325.4300977769901
224100,406.3595833424988
224200,338.72268038158063
224700,329.2015944641435
224700,330.78922014300315
224900,298.67697908304604
224900,343.8695848237629
225000,329.7063312065175
225200,133.07258199455265
225800,331.19159779246763
225900,332.2815954217021
226100,270.97597117798955
226200,361.3367025996304
226300,331.9336698742812
226300,329.561548427455
226400,301.88599803147963
226700,303.18288068121086
226900,344.21112731590733
227000,339.53361747087564
227100,322.07146583824607
227100,347.7186905693607
227200,378.52330531204143
227300,325.2760187747039
227300,355.3892408941501
227300,283.9753374510753
227400,296.0045291586658
227800,359.7313271067092
227900,375.1295342155004
228300,354.95689512425344
228500,348.87309346848537
228700,286.51674194594614
228700,292.36675675744146
228800,291.1384049959467
228900,278.91927280426506
229100,350.7962433367026
229300,265.9995293324167
229400,340.8303458169309
229600,366.84888814610656
229700,317.08100549646826
229700,330.74815438316676
230000,334.8070616598725
230100,341.6552099402474
230200,335.3112195673675
230300,376.6118377864665
230300,274.49868470800453
230400,352.10142867025723
230600,379.17463489419197
230700,357.09256434617856
230800,155.8735316080392
230900,351.69164952456646
230900,288.3601710362728
230900,381.81855222355495
231300,366.9934509705345
231400,356.4223701878336
231500,264.2878184046247
231700,277.9321998204586
231900,285.5225188954557
232000,253.4501989025967
232100,361.1901973534304
232100,280.51311294018285
232100,353.7883002726327
232200,475.0541855016385
232200,414.1499375970853
232200,294.01169692490726
232200,277.17785390901247
232600,381.7275359968395
232700,298.1192243331591
232800,389.80993141974045
232900,257.6184500604296
232900,269.15114874978866
233100,376.7622000457396
233300,441.91826729196725
233500,45.93561053852646
233500,52.571140216997925
233600,302.64989025810513
233700,399.7255508152568
233800,276.62900862400704
234000,50.73207515161314
234100,290.24411470577814
234100,138.5328184451106
234500,290.9563321492095
234600,409.90273083428156
234600,263.72825612535934
234600,356.2147049700192
234700,271.59598031508756
234800,277.9781791219763
235000,273.5705862042805
235100,294.80052931745826
235200,304.13797871979716
235300,260.7511465181351
235400,416.80844232900773
235400,241.48289976977458
235400,270.71384080626945
235500,258.46838649472846
235600,315.89304633591934
235600,56.459657720334995
235700,71.36750545505188
235900,53.019895670944834
235900,310.57763260868626
236100,341.31953065458146
236100,518.5182169174307
236200,275.02066365766274
236200,68.99837841842873
236600,82.08444661929664
236600,251.92473617657396
236600,297.42374844946465
236600,240.25366916334718
236700,354.6847115188846
237000,302.4725963799786
237100,195.10811944495993
237100,81.77436850536151
237200,274.2629406259684
237700,244.6772083063049
237900,68.19812671334942
237900,403.0607015686868
238000,403.65849619590614
238000,66.93099015042328
238000,66.59920623331769
238100,54.563770414924676
238100,283.0821930334312
238200,59.536729389541556
238200,362.9262662719948
238300,47.69401859956587
238300,76.86321151494904
238400,151.13619258365154
238400,63.9719308399321
238500,48.08613272932138
238500,495.147122409172
238500,288.6161934528112
238700,386.40421980828444
238800,281.6257044090417
238900,264.43919739874013
239000,264.7134098057529
239100,49.731214972495295
239200,299.4633029926143
239200,54.92526228104333
239400,210.27779244188653
239600,78.15223020429123
239700,297.5956689742315
239900,79.85450365311911
240200,303.75775902866184
240200,276.5927149115679
240200,321.5108749661421
240300,302.1819218980119
240300,275.9657896592074
240300,264.34982890401983
240600,229.47055797156742
240900,420.5516206627557
240900,411.32210931989135
240900,331.38688304119916
241000,274.5268393747682
241300,51.286371611908685
241300,315.91500042582
241400,304.2411698665188
241700,278.4299783801718
241700,299.19036778091106
241700,286.5759718663385
241800,291.85501524695104
241900,473.20827896857105
242400,278.15498005855744
242500,272.15001553385497
242500,191.90775035646377
242700,302.3365019447048
242700,74.47459688165368
242800,304.99407741298864
242800,438.6732865564878
242900,276.7805804310378
243300,387.9058503959432
243400,433.5334966939502
243600,262.0065102900114
243600,300.4349149114419
243600,266.6609072322638
243800,355.1550942105574
243900,335.8287260881221
244200,282.7195242775918
244200,218.49664109617632
244800,213.9469805469448
244800,301.73113047495286
245100,260.8091835903165
245300,205.31278766090207
245500,295.9261205316142
245700,291.97692283128123
245800,364.44190297534703
245800,201.30971508287692
246400,287.0164593070475
246700,243.9067045523243
246700,368.4123726828732
246800,279.509996875173
246900,355.1790973376283
246900,237.85358813528225
247000,256.6214339461371
247000,188.8510255599424
247100,194.96912337144445
247100,248.5981567783688
247200,218.73146006809654
247300,237.8751969577545
247300,356.2155092129086
247400,279.1096049955047
247500,265.20590007652027
247600,250.90574900143935
247800,239.51906632076032
247800,348.76160252068485
247900,451.6511913818951
248300,268.60441615151785
248300,202.57490456050118
248500,248.82838708903185
248500,231.57450513737027
248600,195.92257299271105
248600,358.15291594434217
248900,287.8281768123412
248900,338.84936870504106
249200,360.7759847208262
249600,421.3856452581606
250000,277.3447840554445
250300,246.93786803373303
250500,277.7806314921528
250700,258.9210824220436
250900,300.61195167152664
251000,316.95197857604205
251000,361.2609124620237
251100,533.4299274956101
251200,280.9141906252846
251200,285.5606839525616
251300,327.411141192951
251900,324.7498093820352
252400,313.03498339312097
252400,238.97741583240395
253100,293.9996260536585
253400,394.6268631106542
253400,321.49150492796576
253500,327.6843241056356
253600,529.9990988212166
254500,320.7297084198763
254600,337.95105093612864
255000,469.82325130990984
255300,376.8031224399408
255400,396.96928369502496
255600,414.060104444774
255600,410.52370307292364
256100,353.7169372342039
256300,486.1829861375012
256600,379.03234262081503
257000,509.93935169300886
257400,538.9536203251369
257600,351.3715042008988
257600,511.17665491660904
257700,372.1364740916024
257700,408.7895688426981
258500,502.8143307679333
258800,474.3603323423942
259300,474.04262007321176
260000,506.546675203474
260300,517.9861944770483
260400,561.9553387493837
260400,423.57391611836783
260700,382.1843058853944
260900,542.5327318060365
261000,381.1513871606796
261100,515.0675474171427
261300,463.580661874395
261400,377.402908504632
261500,313.6027006348409
261500,394.01944574077316
261500,494.58228516012525
261800,487.83899368319356
261800,528.5596824998373
262100,448.2814734374677
262100,525.2182546706271
262100,429.91950693302067
262100,524.6879119548109
262200,465.5274886905643
262200,550.6545559245227
262400,481.68879568313497
262500,463.6869463163582
262900,574.5649759978835
262900,479.73964148892117
263600,450.86133981923194
263800,554.8874345613108
264000,485.57807759482154
264400,446.1470047750111
264600,515.3336249255673
264700,532.684656689637
265100,575.7018178689154
265300,475.27096067641315
265500,434.5380554401223
265500,510.01341010352076
265700,465.7283778357345
265900,499.72615967208475
265900,682.1907874363021
266000,481.6829050552309
266000,540.9095588167239
266100,397.712750133964
266100,416.508531653481
266200,510.3558986041002
266200,427.01535967372337
266200,474.12909598752105
266300,512.7514202238128
266400,559.8020197811481
266600,513.2878589003334
266600,511.57838491690796
266800,522.6559197901269
266800,451.34193831257954
266900,512.154692845412
266900,515.4192996582408
267200,484.7585455047296
267300,654.9072147645398
267500,405.5640815419984
267600,491.97659346366885
267800,393.0632741789246
268400,526.2053155699562
268400,565.8019014418029
268800,514.3105724178077
268900,494.17617242263344
268900,592.7154854435187
268900,509.3438878346769
269300,591.1457153725523
269400,491.58091021198965
269500,650.9596042207149
269600,513.1634075385708
269700,533.9154741676733
269800,492.51777353680603
269900,584.7094622691906
270000,548.195789150121
270100,503.00183652742425
270400,566.0964314358877
270600,484.6640880411296
270700,549.2093215838937
273200,519.2313446202648
273200,633.2621655774478
274300,482.44086036997214
274500,580.1821628856846
274800,518.0609227948463
275300,570.6279488731169
275300,203.93682726944732
275500,253.06692712373587
275700,568.0854671719964
276000,169.28064579289813
276100,612.8230339929111
276200,526.044075242611
276600,573.4017386939997
276900,438.223534067007
277000,281.7967976448315
277400,606.4700787667651
277700,577.7907020162111
277700,578.5449191714749
277800,571.4312463380577
277900,405.19990533597877
278000,276.18642656931274
278100,314.1721816660475
278200,536.915484799433
278300,307.24796608583966
278400,572.6262753118682
278500,266.6192690010178
278500,573.8480208885193
278600,591.0881227103379
279100,517.3560419399234
279300,582.3183311788624
279400,229.3962395872231
279500,270.7167581961369
279700,430.3214838724895
279800,442.41744558800235
279900,341.45125758857193
279900,254.33966901657752
279900,752.1255408308333
280000,232.3498223556972
280000,416.7057418922948
280200,576.4778063232685
280200,237.5959592324148
280300,583.9781342141931
280400,370.4874631307589
280400,496.1914719522832
280400,348.36515374002545
280500,418.875530173707
280500,645.346036533192
280600,525.6214655374557
280600,552.8250351754982
280800,561.1025538000906
280900,524.556172234436
281100,393.8889805132854
281100,318.1490880188001
281100,548.1351513677081
281300,532.2872935734763
281400,436.3600277041652
281500,573.0935865929762
281700,588.8304742351357
281900,559.4604667617162
282000,439.9985935066703
282000,563.6375017957564
282200,501.8822525515161
282200,323.0852307816623
282300,544.5219259695558
282300,299.57095643151723
282500,564.3940629139835
282700,326.05509793576266
283100,589.5804008497843
283200,566.6247438828295
283600,553.0785177522262
283900,602.0571171653023
283900,520.2445782678657
284200,540.0844057100469
284300,583.6006117486066
284800,635.1055606346431
284900,640.034237553441
285000,368.12355449554127
285200,226.70332674425885
285200,428.5508453558823
285300,578.9273714452311
285500,318.0804931418522
285700,270.6308652753058
285700,327.17989872671404
286100,568.5172203857084
286300,247.14605884798416
286400,522.1256733976242
286500,583.6684436208004
286800,606.4722353273207
286900,259.32549187507675
287000,540.8475730419292
287100,252.2782004734617
287100,508.2564474376037
287300,569.4311622409023
287500,580.4909586390587
287600,174.7188153373971
287800,523.3573746971526
287900,252.9319338368248
288100,618.3858421079301
288200,238.98702909583963
288200,325.7904581717734
288300,240.9860933312612
288800,240.0318368326142
288900,271.709303274678
289000,188.9319952770015
289100,576.5041736633392
289200,253.4557959135782
289200,637.7947528636778
289400,269.17891596331873
289400,614.2072633731184
289500,585.6997098540417
289700,347.6762563571923
289800,205.23137627412987
289800,557.9860285524375
289800,339.4410002548273
289800,618.8640056675345
289900,285.53295144539476
290000,592.2161913371077
290000,541.8084094938828
290000,318.38614203991034
290300,185.99378322846962
290500,160.84609849112096
290700,250.27325114565434
291000,231.85197734618586
291100,303.5437032255779
291100,228.36478783547747
291400,658.2380850684979
291600,180.61446114465758
291800,403.63925331346417
291800,269.6890156193352
292200,693.4447317614232
292700,251.57774712487324
292800,242.75224151881244
293300,263.0252577500126
293600,657.3999419995915
293600,174.8979290923249
294000,355.92516625672835
294000,218.5483835341722
294400,350.77854670326093
294400,363.05895926605166
294500,350.19090681394596
294500,344.94381862651835
294600,353.52635492298947
294800,452.39377116586695
294900,425.32552810132995
294900,459.6297327489362
295000,422.8171352753693
295100,338.1765550449437
295200,274.51483569961545
295400,233.2609934577328
295900,396.37560697084143
296100,231.34319006571738
296700,286.54410550387496
296700,491.6115834621816
296800,550.2016032416407
297400,369.3249842363194
297900,462.94191074481535
298000,161.57932574509383
298000,504.05171352899674
298200,254.09008584113116
298500,227.49763155291612
298600,342.7209883188997
299000,499.0007090157762
299000,309.3236749332209
299200,579.8074080490964
299200,295.65370440948897
299400,520.249090153917
299500,278.9463322961105
299600,284.9363860548123
299900,310.03724504088507
300000,545.0287988626714
300200,354.16256075404317
300400,568.7643041964285
300500,418.8533151685363
300700,236.56629537588577
300800,572.0122237853163
300900,293.0049816882057
301100,431.88513847437747
301500,545.1796414624589
301600,589.9319049497532
302000,394.3208384055132
302100,221.07692140313196
302600,589.1552500177983
302700,402.589394111308
302700,636.094794565873
302800,705.0089639387855
303000,284.17239633192884
303100,578.103244435354
303100,607.6960654435624
303300,558.7531183364902
303300,516.3110115322866
303300,614.1613587010957
303800,347.39690089441086
303900,400.2651557008151
304000,380.66601609242343
304100,443.55405697760705
304100,624.9181223337196
304200,409.2228941195905
304600,379.7672616960397
304600,545.8982887506534
304700,606.5508041743705
304800,370.6858062371448
304800,430.61471275906086
304900,349.1939425153209
304900,353.11270571251725
304900,612.2053856840241
305100,353.87457586676715
305200,407.82369090536866
305300,403.05656089877726
305300,448.7825314009871
305300,433.1116768398352
305800,479.97669045593705
306100,409.30433492249693
306500,416.6562396035218
306500,447.75130455580694
306600,397.11007569993865
306700,555.3759117902439
306900,421.44256077003774
306900,461.17964196388675
307000,457.1492089093944
307100,456.35972948719944
307200,353.6927273923215
307300,343.8628452880443
307500,552.098841252277
307900,306.2472740520359
308100,489.1848409140956
308200,450.0531299760253
308500,395.232169102952
309000,616.7192493201754
309300,269.3442687526028
309600,411.448081783603
310000,292.389282874975
310400,435.14764923912566
310900,354.59877101153415
311100,428.09958340094977
311100,552.7138103198176
311700,453.5558014614621
311900,381.90722338199555
312000,430.11073009303794
312200,444.3373194315068
312300,571.6197767932076
312800,345.53873088960603
313500,528.3137644091727
313700,200.20422580328557
313800,588.2585879392692
314000,398.31797655954296
314400,356.8178583000493
314800,329.1463367608957
314900,345.12662126900443
315200,331.5080546035251
315300,321.73320221313116
315300,316.28948354579114
315400,451.472428199893
315500,447.2153967352621
316200,350.720288504112
316500,469.56547223728006
316600,442.44958007066293
316700,260.80113651518286
316700,402.14291881723517
316800,292.20364088959457
316900,224.38667927996983
317200,454.6181073571155
317400,256.41549552607466
317500,305.62679855947135
317500,282.0315600250813
317800,508.70372457721396
317800,413.8267561661487
317900,365.0930763930389
318000,776.812477653623
318200,396.44700951110855
318300,690.2414587214828
318500,629.2970185646427
318600,347.08533544501785
318800,376.7667101010356
318900,327.15983925515894
319000,385.5763603794906
319100,189.02214998817897
319200,398.45490760631424
319200,355.90864393084564
319200,356.248169952705
319400,378.7389365057707
319600,323.1711010660642
319700,316.7783615862971
319800,443.62573809654026
319800,337.4385615021392
319900,445.49138739878185
320000,460.22386852872893
320100,388.48428355723894
320900,364.49935015345886
321100,514.990925384795
321600,363.87553234614967
321900,406.2327454068466
322200,510.57479603194446
322400,422.4943612770103
323000,422.5655376018735
323100,448.9355523889151
323200,346.95899791712145
323300,397.3999181089582
323400,444.4605824129793
323500,428.8261584122078
323500,220.47832041954197
323500,347.7942199743462
323800,455.72634006747666
324200,380.2282613928507
324500,347.37775979682385
324600,343.92608814086907
324600,318.55520580472904
324700,232.09260309333604
324800,561.8288734473633
324900,398.5704702638836
324900,370.4737282607065
325100,601.9989773485544
325200,486.5817838514996
325400,668.8978036648975
325500,482.5846867970713
325600,403.02910828210975
326000,493.97737866428935
326100,333.4555700632012
326500,496.1091231081628
326900,908.6292424813558
327500,459.01469438382975
327600,384.01885554817363
327900,385.5320356157029
328300,345.04435235773684
328700,450.835198098006
329000,459.5955388986471
329000,468.5166177464346
329200,315.86202195792026
329500,500.1348463618838
329700,484.7229474115961
329900,405.1639043258119
330300,324.8506203685813
330500,618.8654587194975
330600,404.05027877402165
330700,692.6610499505584
330800,450.9096992239232
331100,643.6912386511868
331200,394.6315982190442
331700,568.9193613213663
332000,525.1529309767164
332100,458.27229226087456
332200,637.5555534115965
332800,446.48736351224994
333200,420.5366773845621
333600,615.9646067218962
333600,332.4357727890515
334100,314.91282124655953
334100,291.9440266847199
334200,445.47572992322813
334400,372.3033467428652
334400,381.1277116625364
334500,379.090394193225
335000,517.6314955100501
335200,486.64334005118394
335300,332.60145106815037
335600,389.15572770050795
335900,446.55805743019704
336100,428.68712994656624
336300,563.5607016681288
336400,348.9963651771789
336500,410.949316638067
337200,565.9003384825519
337300,460.99564105614246
337500,508.3907325423892
337600,615.7073218928673
337600,411.10843840007146
337900,523.4798768871442
338000,279.7422100050197
338000,361.9804488142338
338400,272.24644842331855
338700,458.27755521350525
338700,422.2631150694034
338700,474.9723791036227
338900,477.30009938336116
338900,446.99336809561925
339900,371.31206453307664
340300,422.63492171729683
340800,314.2440708815972
341000,183.97757809016838
341000,398.16367554681455
341000,390.3461980312081
341100,428.2768082061765
341100,383.0474785071301
341100,393.91626916719565
341200,574.5430319449083
341400,486.5967324579341
341700,650.8606699429773
341800,350.91675468961574
341800,589.5698055212754
341900,470.41424569039617
341900,312.58473151761274
342900,360.39504677103133
342900,512.2845421881699
343000,474.55971606640054
343300,439.6197319783194
343300,503.7610707826024
343300,434.9521582676353
343500,662.2054277322478
343700,628.6855482293682
343900,418.92797078471534
344000,387.35454479304343
344100,672.1025820929184
344400,475.27186152967
344600,320.33457180724696
344700,468.91270650987633
344700,512.3002216599302
344700,412.7929865860035
345000,390.2094687826992
345000,328.4839668432417
345300,437.3944858051235
345500,426.1116409560381
346100,527.5362488730495
346300,432.4854377080241
347100,306.5723468139849
347300,434.6736517780084
347400,536.0140271973261
347500,573.8850162794977
347700,206.17755479911472
347900,379.5837748479086
348000,311.19219429896464
348000,367.71661036946665
348000,317.68555014184506
348200,613.176800488236
348400,434.52215425481006
348900,398.15578024790045
349500,492.19433132078467
349500,666.7317358923706
350100,464.268379019937
351000,328.0152075766671
351100,618.4523931234332
351500,618.64891551197
351600,517.9402835973737
351800,646.1079108799186
351800,369.17414876842514
352200,596.3067517418161
352300,377.372652418539
352600,523.4480027568447
352700,194.39887023302552
353100,581.0476307325619
353100,301.8743294374289
353200,265.8248768585193
353300,541.0900384909345
353400,496.1486725231471
353900,284.2093331350753
354000,581.821872244815
354000,497.0475788253459
354200,217.73036369198263
354400,581.8105794987631
354500,337.7464555670784
354800,327.3616941188164
354800,426.6285953237735
355000,550.505908742919
355000,554.3344478902694
355500,713.7910434855802
355700,332.359761290309
355800,530.1790005727514
355900,508.3551618407197
356300,343.10297603062037
356500,721.0146463721541
356600,631.0236674284288
356700,689.9792696983267
356900,477.1177555697746
357300,394.2413419906137
357400,326.4427270373634
357400,306.16053121822637
357700,607.3606150335173
358200,651.5557248065073
358200,334.054414520192
358200,399.83634967931295
358500,232.19505864558408
358500,408.1311919280111
358700,576.3100958787777
358900,381.1702709931575
359100,460.91138802864333
359100,642.6147306495903
359400,320.6988560338463
359500,433.67090680939083
359800,355.85046764719436
360100,210.95782201480975
360600,573.0118611832784
360600,545.4998786626594
360600,585.7619582057596
360700,593.1033337663388
360800,500.66511986759025
360900,307.65252421106163
360900,367.89275449293274
361000,319.82263125758243
361000,383.145116975227
361400,326.2619752857673
361500,612.6862373794404
361900,624.24252334806
362400,583.9582091525725
362500,465.00097898945137
362600,289.56393474415944
362700,360.0448790486512
362800,520.5343451997193
362800,544.7070414029819
363100,224.2763937747039
363100,500.3367446305499
363500,559.6723047634432
363600,321.0123440929855
363900,449.27376941741545
363900,261.16734220759804
364100,576.7150843188209
364100,391.82850681068686
364500,369.2172317810229
364600,665.7729057419175
364600,552.7892794129194
365000,495.34079710783385
365100,362.6363132206394
365100,562.0527968858183
365200,476.00401416425854
365300,363.07483464400354
366200,626.1327072703205
366400,593.0616139579522
366600,580.6985992584616
366700,237.95285798217387
366700,176.88784562545374
367500,638.93262040415
367500,690.3738249749542
367600,685.4633988280309
367800,196.46768066299344
368400,401.4548179115393
368500,658.6501128599577
368600,628.1559598907605
368700,281.18995960962883
368700,269.76179971033264
369200,295.650323919635
369300,337.66851631744987
369400,205.82781885717455
369800,355.75157070853004
370000,383.0002213058248
370100,663.0060197633444
370700,605.0831480731493
370800,234.69162419197625
370900,553.7940847686272
371000,378.44998060534516
371200,457.46034464611614
371400,652.4361399610364
371500,456.35464526147035
371600,192.19964441686528
371700,351.89453277015025
371800,521.2035651803455
372100,200.74627622876275
372100,337.3717630477968
372500,378.5126872571407
372500,191.3710385896519
372600,400.14172208264506
372700,348.89517496709766
372800,317.73911003555156
372900,468.3554889364868
373000,388.10853132704557
373100,449.7089309027674
373100,474.2382595600551
373300,672.6994218406238
373400,257.9778516857435
373700,512.5785394005953
373800,338.56113986043886
373900,672.2903441913854
374500,343.3650469197482
374800,627.1170841657795
374800,513.540736958952
374800,200.08171438153582
374900,325.12520430434057
374900,203.30476870461146
374900,231.02744442062055
375000,212.04180605727367
375200,347.22684903404655
375300,752.8305485538608
375500,247.27898013223512
375500,368.0803431982509
375500,633.7338919105913
375600,601.6113773976075
375600,294.66661824476273
375700,207.33199060021397
375700,206.883763216811
375700,445.1768325490286
375800,585.4229860081381
375800,195.2895680780374
375900,401.6468397504966
376300,405.75701762745706
376400,354.6672160352711
376500,190.21579997604053
376600,582.1277905371293
376800,281.68217455582686
376800,197.65742841096096
377300,194.45439156570254
377500,590.5945031648382
377700,357.896877592855
377800,371.8735836593526
378100,202.99893981052205
378200,657.6320288581005
378300,349.0419435007783
378500,222.95954476893672
378600,363.9471538348006
378600,504.1105289162102
378700,674.8344713914894
378800,466.7992903204089
378900,710.3869112409695
379100,650.1228271496021
379800,634.0515329847088
379800,190.13878891007244
379900,216.2860678377648
380000,702.6917318917133
380100,439.4428383569634
380100,205.2172874726247
380200,513.1569354677279
380600,475.32012167615477
380600,190.37348393341247
380700,309.4882485688329
380700,527.967814805011
380800,203.56227736994958
380800,205.63007300293614
380800,404.6931133646228
380800,460.37087562500164
380900,163.27298908065447
381200,335.4676782174708
381500,359.80506784783506
381500,654.2975845939354
381500,188.6294379245969
381600,188.13558385506968
381700,262.07337945846194
381800,401.4159475433732
381800,633.405556446921
381800,189.98072961669203
381800,475.3471131490237
381900,201.75043478845643
382000,451.502832256505
382100,238.76323663201737
382100,536.8080670508634
382200,781.3607397947326
382400,578.8304764379444
382500,205.77432524631112
382900,190.52120995994883
382900,435.6249338742562
382900,205.49858276200445
383000,201.62904590377826
383000,249.7086278860701
383400,217.05826885885617
383500,415.3879332742275
383700,376.0675673055328
384000,488.3691845273033
384400,205.46453610890012
384700,641.1726778667573
384800,209.7982583470617
385100,480.9737836046889
385400,207.25530462401005
385500,210.32977249340863
385600,204.04385178642326
385700,210.3998418854897
386000,211.1485393890865
386100,357.71672689833144
386100,205.55651025126284
386600,487.80402377388594
386600,222.45809704347386
386900,234.1205765229893
387100,326.7526320027392
387100,213.55758189743474
387300,203.87422819594414
387600,329.0794786150093
387800,272.9363231445963
388100,363.16549867652316
388200,693.9843276197208
388200,389.1999283773038
388200,312.070771027019
388200,119.27983114081549
388600,353.0155509887424
388600,358.84302046205306
388600,206.69558500302668
388700,530.100147665466
388700,204.32105429016377
388700,210.7712596346
388900,461.80779255685303
388900,191.8573339106045
389500,354.90358648600295
389600,262.50314005085704
389700,202.10516833913994
389700,520.5411787884303
389800,196.1497486701995
389900,194.56131378015652
390100,333.81454031812376
390200,260.68728247449434
390500,317.15316230255075
390500,393.03862717199763
390800,200.90950558350514
390800,329.00950045392767
391000,208.68107983073028
391300,283.9436893883808
391400,347.5351861846317
391500,280.63461100333296
391600,429.4716236044119
391700,202.85948575014112
392200,445.48428932486524
392300,271.1057963346464
392300,215.83025641067087
392400,208.1859479688297
392600,475.6806476265327
392700,326.3625389870305
392800,499.60476183505074
392900,459.0491702801799
393500,193.21641114638498
393500,213.14310394161572
393600,275.86225299817727
393800,365.71819200151185
393800,253.6600691220771
393900,544.867818110182
393900,419.70367939722144
394100,483.86296186714327
394200,308.01586526666387
394500,221.92367575899317
394600,184.04620792834586
394900,346.8992864106235
395000,315.71170252601
395100,420.50114951201857
395200,189.44004082348008
395600,271.6253919474313
395700,192.82502003389266
395800,195.70960066256137
395900,563.217510250939
396000,219.31072893508778
396000,351.518759572902
396000,296.8346813907919
396300,282.41856514224384
396500,194.87237020243302
396600,307.20614868442203
396900,415.54449239952635
397200,348.70503673050075
397400,192.47983521411317
397500,307.15136609969966
397700,186.60965151225298
397900,432.1725415487766
397900,374.4716586480342
398000,520.5130406492334
398200,402.9787752457235
398500,242.6561435861046
398600,632.9056876478296
399100,378.68863985106583
399200,610.9799747843824
399200,601.0257076698347
399600,598.1671983748918
399700,277.620609447363
399800,281.84179697989674
