step,episode_return,has_disturbance
1600,78.52168230371286,1
1600,78.06514600671886,1
1600,78.11627141522817,1
1600,77.7033634719861,1
1600,77.20171377250135,1
1600,78.67635048756397,0
1600,78.2879934464923,1
1700,83.57095241825158,0
1700,83.60802263632432,0
1700,83.13627309913555,1
1700,83.60030192976123,0
1700,82.87037382602409,1
1700,83.19133446257287,0
1700,83.49686955275122,1
1700,83.02029932642114,0
1700,83.33859164235672,0
1700,83.08139428996562,1
1700,83.61996424092516,1
1700,82.6422421591992,1
1700,82.06053223864988,1
1700,84.39044472545689,0
1700,83.6102124916229,1
1700,83.61472835996102,0
1800,89.67685250418484,0
1800,89.3670002752683,0
1800,88.27516395623955,1
1800,90.11821957442434,1
1800,89.80235803175911,0
1800,87.74625961729944,0
1800,90.40948380814058,1
1800,86.54795258370466,1
1800,88.66249765182381,1
1800,87.98739244889548,0
1800,88.50171198980483,1
1800,90.05006602906029,1
1800,89.55031643705483,0
1900,93.03087533787311,0
1900,94.17859075857268,0
1900,95.25120531791946,0
1900,94.3194954412951,1
1900,94.68238326289475,1
1900,95.82126357304428,0
1900,92.76075967710982,0
1900,95.22896490643964,1
1900,91.40892614117067,0
1900,92.8894162575725,0
2000,99.48913870311341,0
2000,99.69356288764564,0
2100,105.90348219703705,1
2200,108.93609016613131,0
2200,111.11433168492461,0
2200,108.87961580584894,1
2200,110.10990630658591,1
2200,104.44097334758175,0
2200,101.18088407930398,1
2300,112.64401497888615,1
2300,115.16467567174966,0
2400,115.65569482454949,1
2400,116.76200255244692,0
2400,112.62137541129894,0
2400,120.17930553031862,1
2400,120.30811915015583,0
2400,116.47096084292538,1
2500,116.42215341561302,0
2500,121.29096043793965,0
2500,126.04539405188939,1
2500,126.86614723879623,0
2500,125.59158751611017,1
2500,118.04491691346121,1
2600,122.68442138332162,0
2600,129.263398002219,0
2700,123.05066426618015,0
2700,125.20522981984851,1
2700,127.22893053338714,0
2800,139.4003029976068,0
2800,133.8912488834897,1
2800,136.38884871709837,1
2800,138.4557060498913,0
2800,137.37794185624165,1
2800,131.7523746225774,1
2900,134.50486553277307,1
3000,150.4090414158201,0
3000,150.6996375304901,0
3000,146.17529460261042,1
3100,147.51509188864014,0
3200,157.8732785313801,0
3200,146.6598214145489,0
3200,147.0691496429374,1
3300,160.53687996542627,1
3300,163.96104014278546,1
3400,78.34428580823557,0
3400,152.96631317824486,0
3400,164.75908690141893,1
3400,171.81287785563285,1
3600,181.85680411145904,0
3600,83.62866588376174,0
3700,78.37731842533948,0
3700,82.0130482529055,1
3700,78.49077181153365,1
3700,87.26373243377205,1
3700,91.89966452573073,0
3700,93.48795841100387,1
3700,179.53410590762456,1
3700,82.80633567986547,1
3700,88.14652846689306,0
3700,87.57373824639625,0
3800,83.41018727263426,0
3800,84.60405778476618,1
3800,82.61874668523716,0
3800,88.4345326041265,1
3800,94.76599951106279,0
3800,94.041348648557,0
3800,88.95761825132246,0
3800,181.33549488555556,0
3900,94.32719268157655,1
3900,101.20864232474675,0
3900,93.83641427667526,0
3900,105.37757243341294,0
3900,96.22567537741101,0
3900,100.51104839961714,0
4000,97.36075320309531,0
4000,104.39668073738235,1
4000,77.94315703110222,1
4000,105.83092214459404,0
4000,93.54094919114506,0
4100,83.16483944055352,0
4100,108.99052271096423,1
4200,100.88658912666625,0
4200,78.4152507138178,1
4200,103.41465924983004,0
4200,103.68636875288848,0
4200,72.77365021003445,1
4200,78.10132774221351,0
4200,103.80191730845736,0
4300,125.56062172424204,1
4300,210.81318118341122,1
4300,205.51020100462827,0
4300,95.62928449153884,1
4400,101.68212156569771,0
4400,117.52311615598732,0
4600,93.74208404876802,0
4600,88.07004893208082,0
4600,105.31882247482199,0
4600,242.73340194669862,1
4700,241.020139844225,1
4700,129.632766516328,0
4700,110.2584959350059,0
4700,129.77786709897333,1
4700,99.96455851950702,1
4800,129.16087214092897,1
4800,78.73527624841833,0
4800,143.21102685026014,0
4900,151.35545376045496,0
4900,82.89246848209122,1
4900,142.85986602810732,0
5000,101.65757945738925,1
5100,140.48746754431156,0
5100,119.11293425623252,1
5100,78.38988793563647,0
5100,133.2728327311912,1
5200,144.5067389732862,0
5200,82.96763106282631,1
5200,114.64364430424152,1
5200,124.98912836469457,0
5300,83.05357515597193,1
5300,93.90640517434993,0
5300,116.05200876228727,1
5300,114.31280717202318,1
5400,99.43420428233769,0
5400,138.2808849227766,0
5400,139.69301915914647,0
5400,88.58166690073656,1
5400,122.38329234610117,1
5500,94.70311031817292,1
5500,79.04053133686827,1
5500,84.34262581810559,1
5600,113.34398157595352,0
5600,83.51672586047835,1
5600,84.42842023379927,0
5700,144.82059190452966,1
5700,89.99580932658385,1
5700,158.3539905125194,0
5700,90.20668367334214,1
5700,78.91388858804504,1
5700,79.11998359355994,1
5800,148.44561137798337,1
5800,193.1760258686975,0
5800,185.72310568978926,1
5800,151.8347462594414,0
5800,124.80062023880865,1
5800,88.21070227193657,0
5800,87.7348624060229,1
5900,95.46394418451366,0
5900,133.43805786142119,0
5900,136.2798076703226,0
5900,88.83732529209448,0
5900,102.92021895680706,0
5900,141.84734090252377,1
5900,134.1624015851161,0
5900,143.74018709995238,0
6000,190.4205458694576,1
6000,94.29101564659562,0
6100,90.24880574458828,0
6100,96.74525876314279,1
6100,84.71177095734274,0
6100,84.64302235360255,1
6100,147.13418392425993,0
6100,100.04986458909596,0
6200,89.22764224882768,1
6300,89.98103498691553,1
6300,116.97105820219086,0
6300,122.34165302600644,1
6300,135.53340797638234,0
6300,96.1897970075525,0
6400,101.73212888646682,0
6400,94.90951919995749,1
6400,112.97584506512304,0
6400,127.9267745144456,1
6400,181.43600189989303,0
6500,117.25757630320918,1
6500,110.3967061663027,0
6600,225.95839803128865,1
6600,208.03357940851754,1
6700,90.85567989034715,0
6700,139.2574147095283,1
6800,179.2323622918822,0
6800,95.63386655323504,1
6900,95.7527107890249,1
6900,147.16351690038792,1
6900,142.79550064918635,1
6900,107.09296296993494,1
7000,119.84455553633855,0
7100,111.16634381447653,1
7100,115.57803996421238,0
7100,85.19608118342379,1
7200,164.59485505285468,0
7300,123.31012414477634,1
7300,109.43474653845361,0
7300,123.64184364694506,0
7400,90.83155214276779,1
7500,107.60496058077605,1
7500,100.7990220756995,1
7500,147.49603406335854,1
7600,115.56754554973614,0
7700,127.5895798376845,0
7800,121.49829835386097,1
7900,146.97651755980252,0
7900,95.7073684371067,0
28,140.23778548252497,0
46,76.95965441817364,0
68,99.19469566623488,0
101,153.54616526613648,0
122,94.38593067654458,1
147,111.98122111251051,0
176,133.77826091147097,1
197,89.1622518909948,0
222,107.98044093187127,0
240,76.8558154351188,1
277,152.7488078678246,0
297,89.23715939875542,0
316,84.08792376234942,0
347,125.37476366921655,0
366,83.02466984783206,1
388,97.45516725524072,1
409,95.73057468570464,1
430,94.53795998095603,0
461,144.69915568444114,0
496,150.73644628754178,0
527,145.39904030934994,0
563,169.41379775980192,0
589,117.87765015261516,1
608,83.23549166932261,0
632,107.1752451512918,1
658,116.95937972134459,0
684,117.35432168519564,1
706,99.0995600022963,0
726,88.02573624120792,0
757,141.75120801955282,1
777,89.71410158324343,1
803,119.8397916908739,0
829,120.46346049345121,1
864,152.8993464236016,0
888,107.07834974805245,1
917,134.58174361279686,0
949,141.32607526096385,0
978,133.07072425866414,0
999,95.39045480260839,0
1048,228.07882224680299,0
1071,103.73466442122515,1
1108,172.41092007553422,1
1128,89.05522488419498,0
1187,270.96248474794555,1
1205,78.46931387530871,0
1246,181.81738085423902,0
1272,121.54332100364599,1
1319,221.65179477868088,1
1350,140.91186341276713,1
1377,119.20404824586983,1
1402,116.23955498167606,0
1421,83.95365819561981,1
1441,89.23622750930822,0
1460,83.34520980924896,1
1482,93.83036478727756,1
1507,114.59954766988261,1
1526,83.4566508136437,0
1545,83.71147531056127,1
1563,78.15865044104669,1
1582,82.28405015557684,1
1602,89.00140421382561,1
1630,127.4733870569889,1
1660,138.70893120485343,0
1682,96.87167454662413,1
1704,98.28504654662831,1
1725,94.71554220703695,1
1744,83.43919152883295,0
1764,89.81314000973794,1
1786,99.11525689309755,0
1804,78.24848435400938,1
1826,99.13901956347338,0
1853,121.71217145768789,1
1893,188.4852089117509,0
1914,92.51859300663685,0
1937,90.01829577521475,0
1975,174.53733945385432,1
2002,127.17604223314972,1
2028,112.5670491031114,1
2062,157.336724753852,1
2092,141.10608971507676,1
2111,82.762753823465,1
2133,98.31983880555842,1
2166,147.9405721755432,1
2187,94.85744557881688,0
2209,101.63837486241356,0
2231,96.2122952666529,1
2253,94.11115645052615,0
2286,155.2937247821635,1
2320,144.71129342252016,0
2339,83.23639055826757,0
2360,91.11780404657658,1
2382,99.91260548525091,0
2400,78.19577015328719,1
2435,162.89466159322075,0
2453,78.17304150867487,1
2473,89.2232627078355,1
2502,122.46644615050147,0
2521,83.44667981609153,1
2548,118.61307595780109,0
2581,146.321038442481,1
2608,121.9213304607201,0
2627,83.39061311034304,1
2684,246.019190021084,0
2720,160.46773834297957,0
2747,120.9931717475436,1
2765,78.32707260790102,0
2798,147.52370377947895,0
2838,175.14852107063814,0
2859,93.06928141241029,1
2882,103.00186989102575,0
2902,88.3881975994653,1
2939,172.13198915316772,0
2958,83.07155336425663,0
2978,88.43803330408508,1
3004,117.15256960731651,0
3022,78.19380512527238,1
3052,137.8750826304211,0
3070,78.68501507409282,0
3089,84.69944494357962,0
3129,175.670673030402,0
3147,78.65223262224255,0
3169,100.29404157709602,0
3189,90.39508230790035,0
3218,133.99866522334764,0
3237,84.33866804075346,1
3256,84.25905323645823,0
3289,152.93221186029763,1
3309,88.88306472476923,1
3339,136.73532553222992,0
3364,110.36652937117222,1
3390,117.41600656742193,0
3408,78.3183654855472,1
3426,78.38411012189314,1
3449,104.32450785368428,1
3472,97.16513948590585,0
3513,178.07591541118603,0
3531,78.29909814992638,0
3550,83.61211483464272,0
3568,77.46469322653932,0
3597,134.07579889539886,1
3615,78.59197699627515,0
3634,83.67718531374548,1
3663,127.21394519190008,1
3684,90.07408714108716,0
3715,141.54937102880405,0
3733,79.20143959200091,0
3754,92.24592472407654,1
3774,88.19313584443698,0
3794,87.2606499519559,0
3827,140.29573430488654,0
3848,94.82273279166988,1
3866,78.409663568735,0
3884,78.40021078003593,1
3925,194.69028701301121,0
3948,103.27237544806069,1
3970,99.2441925311457,0
3998,127.27387950027698,0
1500,73.06102162353334,0
1600,78.310574503865,0
1600,78.14151865261991,0
1600,78.6822706307422,1
1600,78.3741626044359,0
1600,78.31282249920089,1
1700,83.42323847379784,0
1700,83.51889565386394,1
1700,83.18508222119426,0
1700,83.0343103315836,0
1700,83.07855925510344,1
1700,84.06877697857549,1
1700,83.3489408625767,0
1700,84.10145489517373,1
1700,83.24221782604079,1
1700,82.86744073474654,0
1700,83.5046048008504,1
1700,82.50592625200106,0
1700,84.14882514001226,1
1700,83.25763475909558,1
1800,86.47341388894993,1
1800,89.77428085051426,1
1800,87.44482458441765,1
1800,89.22027693934153,1
1800,88.59414438945714,0
1900,94.75707189166555,0
1900,93.19991661218678,0
1900,94.76326095277949,1
1900,94.66745816595095,0
1900,93.19521299862346,1
1900,94.85012181596002,0
1900,95.42767309464112,0
1900,93.7883589162688,1
1900,94.03425842252756,0
1900,94.52686557350992,1
1900,94.28290239405915,1
2000,100.41857028460026,0
2000,99.49643581920645,0
2000,99.49123115067687,0
2000,100.25632741757015,1
2000,94.06381933336257,1
2000,100.74103295652631,1
2000,99.32970378559253,1
2000,99.20261694569737,1
2000,99.9270287254953,0
2100,100.93990985527707,1
2100,104.44234214195724,0
2100,102.64023109428403,0
2100,101.30414469103381,1
2100,105.47989860899489,1
2100,102.4287998610728,1
2100,95.48348570459905,0
2100,103.06906703431522,0
2200,109.58350448547209,0
2200,106.53787744526167,1
2200,109.48398169798138,0
2200,106.28470029554815,0
2300,114.78598443851412,1
2300,112.61195416773151,0
2300,107.62962646340947,1
2300,111.9413138059946,0
2400,117.74988915908264,0
2500,112.44284842126643,0
2500,118.77087603314457,0
2500,115.53863950499884,1
2500,122.6079187949309,1
2500,125.8761630340308,1
2500,125.08350716909331,0
2500,121.17677357536746,0
2600,129.186924382974,1
2600,126.1413051512058,1
2700,133.30548462738244,1
2700,125.09018878934378,1
2700,129.88792747277523,1
2700,123.48924303095168,0
2800,140.97281711397378,0
2800,126.30959671526314,0
2800,135.7949870734208,1
2800,137.55302634199475,0
2900,133.07246351774563,0
2900,128.8609660456398,0
2900,136.27018311390583,1
3000,150.43846492958752,0
3000,147.87492083427958,0
3100,147.62704482497884,1
3100,152.58015855118893,0
3200,160.2459455054438,0
3200,151.1386737600053,1
3300,157.0050236375243,0
3300,156.67875133782462,1
3300,160.91848116156052,1
3400,78.38105796810562,0
3500,170.92542388604622,1
3500,84.03086321253582,0
3500,175.92923243851857,1
3600,81.02810240276013,0
3600,164.6460537877731,0
3600,83.86183433020697,0
3600,83.02191903860563,1
3600,82.12827606690105,0
3600,88.35832010702244,1
3700,179.245055009546,1
3700,82.98972889073234,0
3700,84.55480491139109,1
3700,78.63556055426066,0
3800,103.47117287937283,0
3800,87.55453349828728,0
3800,188.7730917947335,1
3800,93.01929861915889,0
3900,84.73170999483466,0
3900,83.64460965284758,1
3900,92.45070852197358,0
3900,89.1676052945166,0
3900,96.96351224330331,0
3900,101.58979415832559,0
3900,98.48580746127102,0
4000,94.98323764716476,0
4000,102.09993392323584,1
4000,94.88199585124593,1
4000,183.18931054749086,1
4000,83.52996293151324,1
4000,198.11336066585955,1
4000,81.967683944601,1
4100,114.47323257584725,1
4100,88.98876207129075,0
4100,83.22622341465633,0
4100,107.73199862157072,1
4100,99.16773514811277,1
4100,88.96413795803103,0
4200,94.02004149098616,0
4200,92.52617554651061,0
4200,194.96228784257028,0
4300,106.4468040508547,1
4300,91.29284622224557,0
4300,93.5924127210638,0
4300,107.31163669739324,0
4300,110.35907693567745,1
4300,106.24620693872139,1
4300,114.27184864546287,0
4400,83.53731708158932,0
4400,122.48149803677212,0
4400,78.42354903611835,1
4400,106.201287263923,0
4400,83.71228132950537,0
4400,112.82438927529769,0
4500,105.55576261164795,0
4500,219.4452674096687,0
4500,77.76948692555776,1
4500,135.3089393024764,0
4600,129.47078500782806,0
4600,104.62478910732081,1
4600,92.10458198129936,0
4600,102.90965966559666,1
4700,99.56895388335718,0
4700,97.07550802483757,1
4800,124.38319451372838,0
4800,106.83630340549982,1
4800,148.45762636530057,1
4800,118.0797556616243,0
4900,115.35915271647568,0
4900,93.20938299854093,1
4900,94.01524699402617,0
4900,140.79881133888503,1
4900,78.00406618012937,0
4900,110.3803310691372,0
4900,116.855470471297,0
5000,128.866789139359,0
5000,106.78087532358319,0
5100,91.86287693352897,0
5100,104.55599845644741,1
5100,142.5928613087725,1
5100,108.81088230835164,0
5200,152.84590356919077,0
5300,96.00371844107543,0
5300,138.2844981182389,1
5300,90.10328083540583,1
5400,112.50898487206022,1
5400,82.75508027448849,1
5400,140.99096404387527,1
5500,81.97823512839842,1
5500,78.36296552973401,1
5700,82.69434558445712,1
5700,78.89304168274658,0
5700,90.75705828683878,1
5700,93.33645921555419,1
5800,87.43842846953777,1
5800,143.57735171862572,1
5800,124.07408600390416,1
5800,170.35904738650615,1
5900,78.0085243371541,1
6000,122.23384038676956,0
6000,132.3684451718866,1
6000,95.43783367992425,0
6000,120.27999332389041,1
6000,101.98197253219294,0
6000,84.08276723039327,0
6000,89.36794483849653,1
6100,96.0408732573712,1
6100,154.16689631555317,0
6100,114.54241258594367,1
6100,94.34183280087368,0
6100,132.79396763061462,0
6200,84.28492465304386,1
6200,103.33731646613421,1
6200,129.1661100728815,0
6200,101.04067211421192,0
6200,143.5915157670406,0
6300,89.87396276420914,1
6300,99.10260992667753,1
6300,93.65864701986672,1
6300,116.19174788650575,0
6300,126.64022259759216,0
6400,114.75071657373742,1
6400,180.78339484148304,1
6400,89.5220048550983,1
6400,120.99737394910365,1
6500,110.46766805802689,0
6500,126.31059156323478,0
6500,125.17978048622915,1
6500,84.73304193652673,1
6500,96.4015608927457,0
6500,97.37528957188485,1
6500,123.35000596157647,1
6600,181.7490400923719,1
6600,123.9631780702675,0
6600,105.95911663270965,1
6700,120.73092950816762,0
6700,99.73287982064024,0
6800,120.26232328390782,1
7000,95.291761780078,1
7000,124.57368083563054,1
7000,97.37235206949921,1
7000,133.14301874763044,0
7100,148.9248320925952,1
7200,144.369101394851,0
7300,121.95944491769437,1
7400,283.28876199948405,0
7400,128.15422698901767,0
7400,112.04267942644616,1
7500,127.27932683282741,0
7600,173.9804376695286,1
7600,162.59211825325482,0
7600,84.52822198264407,1
7700,141.38919138794924,1
7700,131.82487969400822,1
7700,101.95358138647194,0
7700,135.89479202927023,0
7700,129.58548808672876,0
7800,121.01139045473995,0
7800,133.95835589074892,1
7800,174.23695596007067,1
7900,116.38144441460496,0
7900,132.6968345011676,1
7900,96.9484153553457,1
7900,151.54329201211317,0
7900,118.96654092962328,1
7900,230.11663879862212,1
8000,141.24897240688017,1
8000,171.6257696267633,0
8000,152.70020734591887,0
8100,140.7720044367644,1
8100,89.58982300054699,1
8200,178.03396704060341,1
8200,117.49937526392593,0
8300,135.28494538066656,1
8300,154.90311900175013,1
8300,91.57116731562891,0
8300,167.4193644008546,0
8300,130.78001916637217,0
8400,112.44833081417733,1
8400,151.56701083599316,1
8500,126.64314203544022,1
8500,102.60158965596722,0
8500,120.0476608498043,1
8500,130.5907771653015,0
8500,107.3967719725202,1
8500,90.47972256331002,1
8600,133.0466684932655,1
8700,172.56033645481824,0
8700,169.0955106141334,0
8700,96.46470184314282,1
8800,142.92874733282176,0
8900,138.02410911895112,1
8900,135.59506287009472,0
8900,134.28351342432012,0
8900,137.28998573612233,0
8900,127.5252690945063,0
8900,132.76755753907753,0
8900,210.3620694735889,0
8900,166.18781808309663,0
8900,116.20246718605142,0
9000,220.31803488238774,0
9000,135.86528813615487,0
9000,128.8896892526835,1
9000,122.45279461759334,1
9000,115.96520288399694,0
9000,123.52267625574899,0
9000,126.33206878866866,1
9100,173.4068950202238,1
9100,142.81448401169916,1
9100,196.41276775696798,0
9200,126.32915004581244,1
9200,116.15961081976766,1
9300,162.0562124596848,1
9300,269.87092729009663,0
9300,134.55203581958156,1
9300,218.79715265998237,1
9300,249.795880953085,0
9300,90.25186601392922,0
9400,235.1344886780162,1
9500,256.7894046165029,0
9500,119.03402516473604,0
9500,150.4083799734134,1
9500,192.76674793742765,1
9500,164.40977412810932,0
9500,144.70914755913063,0
9600,148.5928864600868,1
9700,123.33743056676039,0
9700,144.17398345979234,1
9800,90.47295212404165,0
9800,156.51726346854485,0
9800,179.970691698763,0
9900,171.25212424772513,0
10000,121.17414723347262,0
10000,204.22468298284969,0
10000,106.61788012936474,1
10000,274.4440146858352,1
10000,104.3392460552763,1
10100,149.8539239967908,1
10100,99.8033821173337,1
10100,139.0286901693696,0
10200,171.75530713788376,0
10300,278.778333976838,0
10300,105.16948730401117,0
10400,114.44084954836717,0
10500,113.37542228989915,1
10500,157.05421017222048,1
10600,119.54059146739202,1
10600,125.97982213059134,0
10600,171.73505645577302,0
10700,144.32665830129972,0
10800,147.8745130749852,1
10900,148.78247182665953,1
11700,197.9550071926645,1
12100,292.37832292502196,0
12400,262.9374269415967,1
12500,181.32757164753795,0
12500,288.6730187630202,1
13200,227.4122741172253,0
13300,319.38216573237725,1
13500,280.2306933603787,0
13600,234.95259279273446,1
13900,275.51839943167573,1
13900,320.7583336538628,1
13900,282.6496758561191,0
13900,287.17723042858546,0
14000,282.22687642045327,0
14500,352.1504454278394,0
14600,408.6394952264258,1
14600,265.44446649437185,1
14600,314.91298142615096,0
14700,270.65164932091403,0
14800,337.21637954344783,0
14900,250.86698346178918,1
14900,276.79679417604336,1
14900,269.31681181924426,0
15000,334.372456603194,0
15000,259.7838402458729,1
15000,327.3905046780374,1
15000,319.7690249345738,1
15000,269.15938387302776,0
15000,295.9114179793918,1
15200,265.15675401158217,1
15200,305.54731981204014,0
15300,305.67382924155646,0
15300,305.8511461376716,1
15300,289.64994269221773,0
15400,288.3081969483014,1
15400,317.932575126444,1
15400,341.549716388232,1
15400,274.6317957330988,0
15400,353.7934590696166,0
15500,321.063709017978,1
15500,271.9787583692743,1
15500,285.60559852200214,0
15500,338.72283327477686,0
15500,339.5782140118249,0
15500,262.2923445743754,0
15500,311.53419280635666,0
15600,327.7370572599604,0
15600,256.66703219118006,1
15600,391.1935303956429,1
15600,291.1609789772932,0
15600,316.73658853616604,1
15600,280.6347690778256,1
15600,308.84426994722423,1
15600,274.24422253727295,1
15600,347.7012814481397,1
15600,250.79587756028053,1
15600,263.6517606409135,1
15600,358.39103204852586,0
15600,257.097582757275,0
15600,370.44169830552414,0
15600,286.6756930375422,0
15600,264.61125684079815,0
15600,375.67707597370725,0
15600,322.3066468447619,1
15600,321.57996591288577,1
15600,296.53299029654,1
15600,241.3524846729236,0
15700,360.7548687875506,1
15700,316.67730185976603,1
15700,259.51906349254705,0
15700,342.4248295545377,0
15700,320.1155239087971,0
15700,301.5418563096252,1
15700,325.9013527286668,0
15700,198.40592295746325,1
15700,319.7552921450611,1
15700,308.9603882940351,0
15700,354.3643459442582,1
15700,323.7305675966069,1
15700,367.5940265878679,0
15700,340.9337739586717,1
15700,332.54808813605166,0
15700,71.3406595960802,1
15700,323.51536158435346,0
15700,376.12993586555274,0
15700,283.6693237721482,1
15800,343.47183648048,0
15800,334.4905863166859,1
15800,242.49274896639815,1
15800,338.0240867728568,0
15800,365.6061727047852,0
15800,333.704039943085,0
15900,87.14828681140506,0
15900,317.54618494555274,1
15900,87.54911550497914,0
15900,188.2152439938975,0
15900,358.39833740632844,0
15900,167.4757166365533,1
15900,342.0527731940175,0
15900,370.66797230408406,0
16000,118.99134503461894,1
16000,376.587667100042,1
16000,167.19230288322223,1
16000,343.14432356397845,0
16000,91.5582423034508,0
16000,447.4954114877707,1
16000,167.5328882018874,0
16000,344.36479402686064,0
16000,357.83049665976006,0
16100,93.01619620419497,1
16100,116.26606216161217,0
16100,383.4314512432181,0
16100,64.3939608563968,0
16100,111.19495578877601,0
16100,131.23367613084665,1
16200,60.53457497783638,1
16200,63.42352386340674,1
16200,62.791157528986616,0
16300,62.1652380503916,1
16400,62.90495420954989,0
16400,60.19903325690808,0
16500,63.25110969353226,0
16500,60.972781139841025,0
16600,59.6480093835629,1
16600,62.37029134908816,0
16600,61.99875121644135,1
16600,58.86436180280765,1
16600,62.28337144278742,1
16600,63.321531626058075,1
16800,61.914434570381616,0
16800,61.09498959401108,0
16900,59.438537876368954,0
16900,62.5164429865207,1
17000,60.18734988224522,1
17000,65.17323948048714,0
17000,63.83491121524822,0
17000,59.004480364656494,1
17000,64.72397029185126,0
17100,59.80921654675192,1
17100,64.64317229872435,1
17100,65.10929566233214,0
17100,61.76484704035555,1
17100,63.52327162511803,0
17100,68.72167047134872,1
17100,57.95956341881352,1
17200,63.68587309749499,1
17200,61.677129469368666,1
17200,64.04867261550488,0
17200,60.13825148159736,1
17200,62.80914923283524,0
17200,62.129325476557675,0
17200,63.07425926640847,0
17200,64.41796398904802,0
17200,63.28660571807602,0
17200,62.13759480930173,0
17200,61.4968962107536,1
17200,66.7846456877748,0
17200,63.525281433660105,1
17200,57.49114325933706,1
17200,60.31254242161788,1
17200,62.806394219535605,0
17200,64.0167643154124,0
17200,61.74775340535366,1
17200,64.26817458698062,1
17200,62.62074969867338,1
17200,63.21868715184496,1
17300,62.740760718422834,1
17300,59.28368279454846,1
17300,60.05473582002924,0
17300,60.07122159339979,1
17300,61.433462289684805,0
17300,59.98370955687608,0
17300,66.24529036603619,0
17300,59.92948212436734,0
17300,62.414020076207954,1
17300,64.39438135748043,0
17300,61.748091603078095,1
17300,59.732541966049816,1
17300,62.94109137126668,1
17300,63.16265813151557,0
17300,58.820711391781884,1
17300,59.332320025072235,0
17300,61.543138855223695,1
17300,62.94349227185082,1
17300,63.31855077927322,1
17400,63.69730118641203,1
17400,63.73826451343963,1
17400,62.69556684026784,1
17400,63.437184644894266,1
17400,63.083327112215706,1
17400,59.6883279250892,1
17500,69.24906214544586,1
17500,59.859217542025085,0
17500,59.484682494641255,1
17500,59.5929754116008,0
17500,61.692146033725756,1
17500,64.21828872319993,0
17500,61.525775630638584,0
17500,65.06464009472815,0
17600,66.76682009197097,1
17600,61.49194515045612,0
17600,65.08611943244574,1
17600,59.614963051579586,0
17600,60.77224667517216,1
17600,61.582168851575545,0
17600,62.74400998923487,1
17600,60.01486518523015,1
17600,57.327150063225204,1
17600,63.38278438187817,0
17700,60.86840423909137,1
17700,59.37353794966387,0
17700,61.934921580331,1
17700,64.55606253044408,0
17700,63.74177870302867,1
17800,64.23094166185909,0
17800,61.77331526911139,1
17800,62.87064450348888,1
17800,63.28902705900484,0
17900,61.856601411259284,1
18000,59.188619861116294,0
18000,63.600550081607864,0
18100,63.45650927597918,0
18100,62.39461835542113,1
18200,61.5521145748154,1
18200,62.647331624160444,1
18200,59.646865355533315,1
18200,60.53522644766019,0
18200,63.324466760618215,1
18200,65.03708867895524,0
18400,65.42207694991208,1
18400,59.2241780650606,1
18500,61.51897670257018,0
18500,64.11644647951518,0
18600,61.975187356109544,0
18600,63.067810325204654,1
18600,64.04629619721868,1
18600,61.189721374051004,1
18600,63.808384421613646,1
18700,63.51579621134427,1
18700,61.84410220860354,0
18700,64.4627405579775,0
18700,61.70102888004341,0
18700,60.886901088278876,0
18700,65.63976936405591,1
18700,59.188661831159884,1
18700,57.93434677976194,0
18700,62.96652926749142,0
18800,63.68577916305794,1
18800,64.33916693805533,0
18800,62.62104869683125,1
18800,54.35267513572814,1
18800,65.24086378463235,1
18800,62.480587758092376,1
18800,62.16983825185991,1
18800,64.37821063708252,1
18800,63.18749293402313,0
18800,64.26148494363063,0
18800,58.70090727660737,1
18800,59.30400810863914,0
18800,59.73149985767611,0
18800,60.39492183669941,1
18800,56.99412731937013,0
18800,58.88411317410223,1
18800,62.41494520046803,1
18800,64.67823202084186,1
18800,62.9066945961855,0
18900,64.19115114494946,1
18900,53.09503467243922,1
18900,62.59781894736772,1
18900,61.64218600275092,0
18900,63.610747963184195,0
18900,62.725967097380476,1
18900,64.029462574463,1
18900,62.02342762516499,1
18900,61.6087454127441,0
18900,61.11183892440049,0
18900,62.337601315164136,1
18900,64.69072870529561,1
18900,61.13578955583277,0
18900,69.03256714803149,1
18900,63.63466652973416,1
18900,64.65019570492198,1
18900,63.77952901012653,0
18900,64.88956044858315,1
19000,60.45980604080741,1
19000,64.17690751555931,0
19000,57.75520023445869,0
19000,63.95396585558777,1
19000,68.33478913098716,0
19000,56.553021186468335,1
19000,59.79538713715613,0
19100,61.63120105378542,0
19100,61.628078414344124,1
19100,58.274120141545545,0
19100,67.12753114939581,0
19100,57.46284053311832,1
19100,59.00265719307805,0
19100,61.7595486835167,0
19100,62.40277083550734,0
19100,63.46016232847238,0
19200,66.42205581011346,1
19200,62.000359800260235,1
19200,56.449357691255955,1
19200,65.28306886997514,0
19200,61.7179284106726,1
19200,57.55634411655446,0
19200,63.278790920733115,0
19200,56.586518962612026,0
19200,61.95069343297305,1
19300,63.580871769610326,1
19300,64.89481610943143,1
19300,64.7549025955146,1
19300,58.08062597145718,0
19400,67.91403465435297,0
19400,63.34824168465374,0
19400,64.30393498765153,1
19400,62.26363905973219,0
19400,63.167327346821246,1
19500,56.37082450183659,1
19600,62.65708450086156,1
19600,57.291234050028486,0
19700,59.01928056470927,1
19700,62.75554579686798,1
19800,61.64452149867841,1
19800,63.45037659774719,0
19800,61.70067268063984,0
19800,62.753368855489946,0
19800,60.83194672894449,1
19800,63.48743270646653,1
20000,56.77109295444316,1
20000,56.02059096906695,1
20100,63.20851790938917,0
20100,60.086741281581226,1
20200,59.21308845917195,0
20200,61.84756038915324,0
20200,61.524188812330834,0
20200,63.62204749789511,0
20200,63.56192796184915,0
20300,63.23256815608256,1
20300,62.73521685459537,0
20300,61.257558933297915,1
20300,62.31998931124956,1
20300,60.06374355376173,1
20300,60.027150014101615,1
20300,55.798336506662636,1
20300,62.82901025412122,1
20400,61.491873899515916,0
20400,59.04429763180083,1
20400,59.09183478339994,1
20400,63.01141290400496,1
20400,64.13170742747332,0
20400,63.16763969835539,0
20400,63.92938903449569,0
20400,64.88843418010242,0
20400,58.44807367932565,0
20400,67.39418069919995,1
20400,61.243393916958105,0
20400,61.04621044051797,1
20400,61.70738300782989,1
20400,59.24308404086227,1
20400,61.081832230181774,0
20400,61.10455966203108,1
20400,63.97655070554571,0
20400,62.4519232016156,1
20500,57.056293040965144,0
20500,60.59231333647825,0
20500,62.803267060993086,0
20500,66.71428730228939,1
20500,61.93240282945847,0
20500,63.5822001364924,0
20500,59.23538626036687,0
20500,63.955800133143626,1
20500,61.433034646715825,1
20500,63.440086652077085,0
20500,63.753953296195135,1
20500,62.06901950445611,1
20500,68.89728272864984,1
20500,59.6521660564457,1
20500,59.82999822865233,0
20500,61.48135885536812,0
20500,62.71328462148552,1
20500,60.23538229422301,0
20500,61.90075034332195,1
20500,62.5173117684522,0
20600,58.619825150162704,0
20600,61.41602960902298,0
20600,61.297788613024984,0
20600,64.47181172264304,0
20600,62.401285269397654,1
20600,61.9138402994171,1
20600,63.54003240005254,0
20700,51.78281143783069,1
20700,62.33418706607535,1
20700,64.76818405642024,1
20700,60.495124898995684,1
20700,61.4515412137525,1
20700,63.1082913578304,0
20700,64.1931477119377,0
20700,57.88850736672835,0
20700,61.838595719860734,0
20700,61.406948454567285,0
20800,60.78565180454351,1
20800,62.21095311974927,0
20800,64.23598299201554,1
20800,59.25080007028383,1
20800,54.79575515189777,0
20800,57.781875295185905,1
20800,61.59264918120104,0
20800,61.72726405049237,1
20900,57.06412513207645,1
20900,60.73920664194915,1
20900,62.408511492103784,1
20900,61.17493606123657,0
20900,60.84938926851431,1
20900,63.457761005716605,1
21000,61.48974392129544,0
21000,62.663839508810426,0
21000,54.64711016555885,1
21000,60.19115835546258,0
21000,61.69433072003308,0
21100,54.13789551867725,0
21100,59.671105128750284,1
21200,55.53840721935648,1
21200,55.93628332227325,1
21200,55.503374262300255,1
21200,55.023578816970875,1
21200,55.5395064382239,0
21200,55.99492115619433,0
21200,55.84734368834939,0
21500,60.695792137104306,0
21500,59.88677811508978,0
21500,55.63172920435973,1
21600,59.27458790682371,0
21600,51.76990177315615,0
21700,60.16806654624274,0
21700,59.59803629566873,1
21700,59.56775086157368,1
21700,55.25468528916885,0
21700,59.9240505906102,0
21700,56.55488331298301,0
21800,56.86661048248509,1
21800,58.01170843766607,0
21800,56.26054817757657,0
21800,59.922988418039424,0
21800,53.7741910688861,0
21800,59.599505782424714,0
21800,60.754331787207164,0
21800,60.322643589887434,1
21800,55.4806083674756,0
21800,59.89977424843175,0
21900,57.26650635092528,0
21900,59.15746400370307,1
21900,58.976166150097214,0
21900,60.557231871064474,1
21900,59.055407208553525,1
21900,59.645748904075596,0
21900,57.83763587201362,0
21900,59.29930364700752,1
21900,57.37596516334005,0
21900,56.40382486095557,0
21900,51.54631797160539,0
21900,55.388707789318715,0
21900,59.50220799462498,1
21900,55.34927816706641,0
21900,59.33804807777841,0
21900,59.41677152520065,0
21900,58.73093185533833,0
21900,58.06458564740178,1
22000,60.81416085204625,0
22000,59.99316236622212,1
22000,59.661232877745014,1
22000,60.08764718051531,1
22000,60.77847838269269,0
22000,56.83480959349471,0
22000,59.74399337790713,0
22000,60.021274607885296,1
22000,60.50385916955126,0
22000,60.33632538741421,0
22000,57.78351145344125,0
22000,60.061596827268495,0
22000,57.570698583643306,1
22000,59.519779887877995,1
22000,59.93702422822792,0
22000,59.177277195135986,0
22100,55.81144725997553,0
22100,59.32634310247984,1
22100,58.874651813483254,0
22100,61.06368133938406,0
22100,59.91697366826845,0
22100,58.81801962141938,1
22100,54.770439413014316,1
22100,59.35164197500969,0
22100,54.7844560518548,1
22100,60.49520521773561,0
22200,58.98565152154609,1
22200,55.320899230249715,0
22200,56.17722208069877,0
22200,54.70253009536267,0
22200,60.191191499660185,0
22200,60.066790125424774,1
22200,58.02491595108127,1
22200,60.12427890103684,1
22200,59.27506747949977,0
22200,60.77970298143772,1
22300,60.405912660388964,0
22300,60.3586554335572,1
22300,59.54862332157778,1
22300,59.925854237558426,1
22300,56.309633786416974,1
22300,58.87362774984607,1
22300,55.60719105852451,1
22400,56.87510074374697,0
22400,60.56396192070123,1
22400,60.314316046005686,0
22400,61.46487872132576,1
22400,59.853479715213645,1
22500,59.50797571936443,1
22500,56.06954970671258,1
22500,60.178804591086426,1
22500,58.07053523586331,0
22500,60.23023044214223,0
22600,51.00378533307142,0
22700,60.096185367114145,0
22700,57.948529188454465,1
22700,60.10195094214801,0
22700,59.31226673183586,1
22700,60.354469430306324,1
22700,60.05140580563905,0
22700,59.20510781853262,0
23000,60.08702325226491,1
23000,59.39362673955603,1
23000,60.57299976693067,1
23100,59.48042839041178,1
23100,59.51798352544987,0
23200,56.00819866692301,1
23200,58.901529106803935,1
23200,59.61979802289957,1
23200,60.49835132990191,1
23200,60.008790632532445,1
23200,60.40110780881338,1
23200,60.00812188254953,1
23300,59.62612435824096,1
23300,55.29035292968704,0
23300,60.66024137848931,0
23300,59.85394514116043,1
23300,59.096957611594,1
23300,58.972879145716504,1
23300,59.38115310949602,1
23300,55.594635347758725,1
23300,56.05431542666918,0
23300,60.68281221255989,1
23300,60.42408286733214,0
23300,55.6455585138992,0
23300,60.428647008205196,0
23400,56.839834175402004,0
23400,60.64958997935508,1
23400,56.63332054460494,0
23400,61.19056253910605,0
23400,60.041725241188935,0
23400,54.12796558954365,0
23400,57.0782190636027,1
23400,61.73591394474849,1
23400,59.30448167027642,0
23400,58.758393605218515,1
23400,59.61355642494582,0
23400,56.54520017825636,1
23400,60.06453637462174,1
23400,60.12865254430094,1
23400,58.078797918671626,1
23500,58.67121590281672,1
23500,60.93448033764148,1
23500,59.38379259838458,0
23500,59.352377259041,1
23500,59.91654739318651,1
23500,53.85628206322309,1
23500,58.13614931969049,0
23500,59.189865246860165,1
23500,60.33619249528212,1
23500,59.27336831055477,1
23500,56.79281398847831,0
23500,58.7982915510229,0
23500,59.73619802939833,1
23500,55.710058673433714,1
23500,56.1673391825273,1
23500,59.79108604975498,0
23500,58.61164737758589,1
23600,60.341152046375825,1
23600,57.52545636797075,1
23600,59.64284656482648,1
23600,59.61920855901757,1
23600,59.11047248311513,1
23600,54.19029036584645,1
23600,59.83052640678706,1
23600,60.16563261126182,1
23600,59.66854230707891,1
23700,59.05159812763996,0
23700,59.83958239781363,0
23700,59.44837638042683,0
23700,59.38346489693491,0
23700,59.18215139837012,0
23700,60.341351433489315,0
23700,59.84583111359665,1
23700,60.619907348163395,0
23700,60.835376343841205,1
23800,55.434005667167604,1
23800,60.006580220810555,1
23800,59.502971769396964,1
23800,58.80361996127812,0
23800,60.112265602212915,0
23800,60.72172536334316,1
23800,60.93469340913538,0
23800,55.65269305614678,0
23800,59.840557757048224,1
23900,58.81123796836301,1
23900,56.19405320184174,1
23900,55.14390022567935,1
23900,59.40443860018729,1
23900,60.46722471465854,0
24000,59.47007223825986,0
24000,60.06527236730577,1
24000,57.45019515450951,1
24100,55.91141839017474,0
24100,59.478505491221995,1
24200,59.913791408483846,0
24200,59.15272664007395,1
24200,59.153567822077875,1
24200,59.11743042724047,1
24200,59.48172533556906,0
24200,58.453144491977575,0
24500,60.423146410481266,0
24500,60.66236215016341,0
24500,60.72408191466616,0
24600,58.74186543082874,0
24600,58.33440352707526,1
24600,54.93878095100612,0
24600,55.93407919990172,0
24600,55.31815202314058,0
24600,54.994920897246594,0
24700,61.2192161757437,1
24700,59.06032276839775,1
24700,51.7955914066661,0
24700,60.01194754652495,1
24700,55.60270132438702,0
24800,59.75895550444009,1
24800,56.82546196412686,0
24800,57.92655556994026,0
24800,59.805384562394615,1
24800,55.52703754201082,0
24800,56.040386664790006,0
24800,59.820984870584084,0
24800,60.48012081664371,1
24800,59.98355439470499,1
24800,57.94235408008472,1
24800,58.282217666585176,0
24800,60.79816196167501,0
24800,59.346517351897454,0
24800,60.52221642191491,1
24900,60.00262905231547,1
24900,60.06272536108283,1
24900,54.6268183246291,0
24900,59.835292431377084,1
24900,59.54843698380385,0
24900,56.007337199313284,1
24900,56.22676005209284,0
24900,59.19846964140827,0
24900,59.75248860907967,1
24900,59.41512752950316,0
24900,59.068419852335545,1
24900,56.507769308561734,0
24900,60.11362344966408,0
24900,59.655119533747815,1
24900,60.55924347331714,0
24900,60.266908892498435,0
25000,60.25366974728328,0
25000,60.37962890114149,0
25000,58.759603130213335,1
25000,58.37520290436427,1
25000,60.57252809528584,1
25000,59.24638691590013,1
25000,59.09390757540932,1
25000,58.94698135048666,0
25000,58.917687554198885,1
25000,59.942261801209426,1
25000,60.137871857006765,0
25000,59.809064681319356,1
25000,60.59988939175585,1
25100,61.011830575698326,1
25100,59.94289783911276,1
25100,55.95918539061615,0
25100,58.116707512825435,1
25100,60.11817144547049,0
25100,60.41770591545405,0
25100,54.81149447685993,1
25100,59.38467905283787,0
25100,55.3517612413592,1
25100,60.37743756536997,0
25100,59.85362526552181,0
25200,60.8077775341793,1
25200,55.99673707472873,0
25200,60.5388910923753,0
25200,58.7120717479412,1
25200,59.298444047384784,1
25200,60.47449107429209,0
25200,58.74852631261993,1
25200,53.15254871559397,0
25200,60.978319560241985,1
25300,58.23198175959183,0
25300,59.080144294949584,1
25300,60.76394486070983,0
25300,59.29259862549851,1
25300,56.860108288297965,1
25300,60.20377618497807,1
25300,59.27921709356503,1
25400,60.25506817388947,1
25400,55.018952591255484,0
25400,57.140906909918165,0
25400,59.601939176540775,1
25400,59.340905519535525,0
25400,60.25795316749742,1
25500,54.349537113047006,0
25500,60.31044643791948,1
25500,58.41316524722795,0
25600,54.40140765854836,0
25600,55.499385835121714,0
25700,59.65610387887406,1
25700,60.546691669438836,1
25700,60.79709012325651,1
25700,61.22818855149728,1
25700,59.403819435501376,0
26000,59.785427863949124,0
26000,55.99114308234268,0
26000,56.89332734000202,0
26000,58.67822901365083,0
26100,58.79244617827473,1
26100,55.0956044950806,1
26100,59.137987241853025,1
26100,60.45765721689176,0
26100,58.327297615488924,0
26100,59.3430479950697,0
26200,57.587768126038675,1
26200,55.261602984824506,1
26200,59.99422395055039,1
26200,54.82314449874657,1
26200,60.9371889597267,0
26200,54.69093434754964,0
26200,59.797350557395,0
26200,54.095700451633746,0
26300,54.516412122267184,1
26300,56.32757563659582,0
26300,55.55608039075074,1
26300,59.04328391368571,0
26300,55.31898459735808,1
26300,60.349483984417844,0
26300,57.96156403862725,0
26300,54.38164220626031,0
26300,58.82672697354276,0
26300,54.40737461236522,0
26300,58.80113194833707,1
26300,59.052021546546854,0
26300,59.72376483335677,0
26300,61.46431375912745,0
26300,59.20696046609634,0
26300,56.545925233355696,0
26400,56.0536512675693,0
26400,59.74792221318183,0
26400,58.848767168274016,0
26400,57.39436906640892,1
26400,54.35847057547951,0
26400,60.66293476881618,1
26400,59.327702056259845,0
26400,59.81422435879778,1
26400,60.121791893012364,1
26400,60.145944883413904,1
26400,57.278879299481986,1
26400,60.68509891353145,1
26400,55.68987981930856,0
26500,59.608357483719644,1
26500,54.61871052387472,0
26500,57.58898577225071,1
26500,55.78540541467681,0
26500,54.47989847249073,0
26500,58.44036972862003,0
26500,59.51432471029309,1
26500,56.753318792491086,0
26500,59.150801625171006,1
26500,58.6757658102038,1
26500,59.89195691774888,1
26500,59.498444896964436,0
26500,59.60616926185571,0
26600,60.57910736286296,0
26600,55.212163019210095,0
26600,58.70759597944387,0
26600,54.41869306936938,1
26600,59.24057636320991,1
26600,58.810474648081815,0
26600,58.94299612181959,0
26600,55.85054096964372,0
26600,56.48915504809019,1
26600,59.06171537006887,0
26700,59.31984811959393,1
26700,59.339385619773104,1
26700,58.73861822008231,0
26700,58.02657661540787,1
26700,58.13158486101694,1
26700,60.97593306613503,1
26700,59.34297749982545,1
26800,60.25308046229919,0
26800,58.40527810379919,1
26800,56.78140597625502,1
26800,58.1376159994628,1
26800,58.70447891967569,0
26800,58.87218571531426,0
26800,54.766811120294385,1
26900,58.262323101878835,1
26900,56.78078369252968,1
26900,57.071856727679936,1
26900,58.95174910812994,1
26900,58.705877080161954,1
26900,59.77514151915943,0
26900,54.98994289512771,0
27000,56.66443550892161,0
27000,58.23681241314179,0
27000,60.38967241852456,1
27100,59.039587494480266,1
27200,59.47138364576134,0
27200,59.921431591696994,1
27200,55.901131619052194,0
27200,59.29248985756234,0
27200,59.04411974968857,0
27400,55.30384681182431,0
27500,60.332379437555716,1
27500,59.54129174621564,1
27500,60.65369920709669,1
27500,55.0413244289909,0
27600,58.48333830684722,1
27600,53.8217838047726,0
27600,59.361147521114184,1
27600,58.606812164738194,0
27600,56.45648826790624,1
27600,56.08883588647832,1
27600,54.35175780856173,1
27600,59.9344344942219,0
27700,54.11747052041808,0
27700,58.50904553255587,1
27700,59.018992673868965,1
27700,59.83154012175032,0
27700,60.611454818516265,1
27700,60.380948786205096,0
27700,54.479502919939755,0
27700,55.87864891722163,0
27800,58.172418509201265,0
27800,60.12076771821533,0
27800,54.54357368639244,0
27800,57.904439628861645,1
27800,57.75567590351813,0
27800,60.0780618021654,0
27800,52.78462458925708,0
27800,59.096532615968286,1
27800,59.41784081172991,0
27800,59.61327321641203,0
27800,54.85128173075491,0
27800,60.02357595226037,1
27800,57.165348944226395,1
27800,58.37737993571497,1
27800,59.20631311268385,1
27800,58.515267362216235,0
27900,54.96954767351596,0
27900,59.07811074447844,1
27900,59.6565085045393,0
27900,58.7859049325701,1
27900,57.29878637832942,0
27900,55.75225027359627,0
27900,58.1618742261746,1
27900,55.526080118525364,0
27900,61.30723510141906,0
27900,56.04678313687876,1
27900,58.16607105417421,0
27900,59.620226892462924,1
28000,57.84448886500656,1
28000,60.17835653670798,0
28000,59.23466055936697,1
28000,57.58572135123902,1
28000,57.08825559281816,1
28000,57.61058560439208,1
28000,56.730046212534894,1
28000,55.85670312305912,1
28000,59.15794932157196,0
28000,55.88941951504275,0
28000,58.55068391914093,0
28000,59.85155998545781,0
28000,58.72098916928605,1
28100,57.05198226161653,1
28100,58.540080180819075,0
28100,56.54750799846771,0
28100,58.15992644645481,1
28100,56.15756618374515,1
28100,58.37633597140152,0
28100,59.3829417960412,1
28100,59.6190059598341,0
28100,58.077142230190866,1
28100,55.16029732397545,1
28200,55.5683879081516,0
28200,59.09683769495387,0
28200,56.0240313462553,0
28200,59.0531943543426,1
28200,55.70604338425766,1
28200,58.884546622291296,0
28200,58.74070127201091,0
28200,59.604415858748155,0
28300,61.09778532735156,1
28300,60.0253586965411,1
28300,57.22105063800029,1
28300,58.48067089162774,0
28400,60.82938190070023,0
28400,59.374148005326646,0
28400,59.17013162508134,0
28400,58.31056304172108,1
28400,56.25037820325758,1
28400,57.773572598624035,1
28400,58.5670785755598,1
28400,58.591932099972745,1
28500,57.4875125640863,0
28500,58.96621929154987,0
28600,58.04564822536853,0
28600,53.56310863334759,1
28600,55.01011289094915,0
28700,59.35707191138675,1
28700,58.96170531740669,1
28700,58.6496505204109,0
28900,56.07704895855169,1
28900,55.693744876324836,0
28900,58.58236213087599,0
28900,55.747670920206744,0
29000,54.56537107144677,0
29000,58.3902782917389,1
29100,59.80462629558976,1
29100,58.83542974639121,0
29100,59.22116063790075,1
29100,59.55545111790244,1
29100,54.71941268089762,0
29100,59.880381800498895,1
29100,57.810880397045615,0
29100,58.38698632836113,1
29200,59.02353898387106,1
29200,60.250009535805944,1
29200,59.37093605218232,1
29200,55.05865526052518,0
29200,58.87106617205774,0
29200,55.479566944586374,0
29200,58.27657487401287,1
29200,59.43861128848766,0
29200,58.08526876593135,1
29200,56.32645736754623,0
29200,55.460660214871886,1
29300,55.789383079393566,1
29300,56.20735587576554,0
29300,59.52420051284211,0
29300,58.814133451049656,1
29300,60.05224572549435,1
29300,56.607044444172715,0
29300,58.98239133698973,1
29300,59.44357873809164,1
29300,60.09388759947526,0
29300,56.989974938834735,0
29300,55.824858740407656,0
29300,57.56173926817649,1
29300,59.77396467781794,1
29300,58.895116444910904,1
29300,55.949358081699614,0
29300,58.75589394284965,0
29400,61.14870987228934,1
29400,59.69071003887001,0
29400,58.511029381626464,0
29400,60.84281190849058,0
29400,57.98960721340367,1
29400,54.08834453624368,0
29400,55.63150547648807,0
29400,59.460295438041946,1
29400,59.01483116193121,1
29400,55.7342800323891,1
29400,59.596207944220424,1
29500,59.10464611341829,0
29500,57.35937732782911,1
29500,59.81305461008174,1
29500,60.429462258225165,0
29500,60.446955224913694,0
29500,59.378285482614615,1
29500,57.9869953450676,1
29500,58.1728341114421,1
29500,58.1966553791658,0
29500,58.65080735189078,1
29600,60.3549910868958,1
29600,59.784872343574904,0
29600,56.54832548421994,1
29600,58.66284704093323,1
29600,60.900035828004114,0
29600,60.70938399563276,0
29600,58.58409250511791,1
29600,59.74768174258258,0
29600,60.58226446972714,1
29600,59.1986197634092,0
29700,58.17194268705045,1
29700,56.26555959941988,1
29700,59.03976151247078,0
29700,57.066652167231524,1
29700,59.755741399628185,0
29700,55.68895131130586,0
29700,59.16114813251918,0
29700,59.03176918204401,0
29700,58.764478278171495,0
29800,59.418844390903395,1
29800,58.21354352151037,1
29800,54.62837096749442,0
29800,61.22196781914417,1
29900,57.92257721286431,1
29900,58.08281121869609,0
29900,59.883152108720886,0
29900,59.28805086691279,0
29900,60.1973958207712,0
29900,57.99727195742444,1
29900,59.222274531561666,0
30000,59.74072738320455,1
30000,55.88660771851357,1
30100,60.739051380132416,0
30100,54.71548477769563,1
30100,59.764979181695466,0
30100,60.1112613429746,1
30200,60.58598631057947,1
30200,57.502653607054356,1
30300,54.53909728704202,0
30300,55.978518723245884,0
30400,60.30279370013152,0
30400,54.08377114416129,0
30400,55.52460458374259,0
30400,59.3725725699585,1
30600,58.507954003124084,0
30600,56.970477516400976,0
30600,59.76638869658114,0
30600,57.49311233282944,0
30600,61.43114078877932,1
30600,58.84562169207316,0
30700,59.65921359423592,1
30700,60.21086731847556,0
30700,59.520450646652115,0
30700,59.029405621894696,0
30700,58.6060721139542,1
30700,64.56141653076303,0
30700,57.72676450246525,1
30700,59.76412305297096,0
30700,60.34807982267234,0
30700,59.80858823790525,1
30700,58.68735056739837,1
30700,63.50314868601554,1
30800,59.471353661895336,0
30800,59.192059188731925,1
30800,57.7163648996565,1
30800,57.995666380088984,1
30800,59.67947839648868,0
30800,60.38201457940106,1
30800,59.7298904614976,0
30800,58.6524114111853,0
30800,59.84500973111139,0
30800,59.67951671687696,0
30800,64.30894666950807,1
30800,59.291747796822115,1
30800,60.09964452560695,1
30800,55.851347213512966,0
30800,60.38822957803799,0
30800,57.27280192894287,1
30900,60.94349341343026,1
30900,60.00513198582981,1
30900,62.51331498889438,1
30900,59.272638613909336,0
30900,58.37206423102092,1
30900,58.3732537775709,0
30900,60.175430419735456,0
30900,59.58014429736248,0
30900,58.08348377786634,1
30900,58.3809015442525,1
30900,58.81617340474656,0
31000,59.46936874071823,1
31000,59.29038849604658,0
31000,57.26715757774688,1
31000,58.9852306402069,1
31000,59.648789169968104,0
31000,57.75290707226564,0
31000,59.269347697828564,0
31000,57.247538133165996,1
31000,60.25784324380556,0
31000,63.187421410173386,1
31100,58.7386624288068,1
31100,57.508919738450274,0
31100,60.0050208447867,1
31100,61.1164574909589,1
31100,61.729449945204756,1
31100,60.48458678669398,1
31100,61.32406242637279,1
31100,59.72369945553113,0
31100,57.910555428210785,0
31200,60.028861422952225,0
31200,60.38524915503176,0
31200,58.35831374947676,0
31200,63.164635149608465,1
31200,58.83350708276687,1
31200,56.17985709792771,1
31200,60.16474811917932,0
31200,60.43762310279312,1
31200,57.37661765380101,1
31200,57.483327396433516,1
31300,55.25587881952399,0
31300,58.56013948404808,0
31300,64.03607573049639,0
31300,59.21336600995655,1
31300,57.4188143792114,0
31300,58.67434962871219,1
31400,59.86186847038817,0
31400,60.4118289568652,1
31400,57.397846564134376,1
31400,59.91046501740217,0
31400,59.286480770353904,0
31400,55.48969179018848,0
31400,59.468981751408236,1
31500,59.10945473774998,1
31600,55.9255010735493,0
31600,56.17247758631354,0
31600,59.870783399106855,0
31600,59.40502773928616,1
31600,59.16081579401442,0
31600,59.6050602282563,0
31700,51.34041301350573,0
31800,56.787116173600445,0
31800,59.03745752662649,1
31900,58.241648724283706,1
31900,61.223401925861914,1
31900,59.298796746671556,1
32000,56.072796688767134,0
32100,60.03695720805686,1
32100,59.51173923756213,1
32100,59.77544665487172,0
32100,56.73743018231649,0
32100,60.76407620391846,1
32100,56.64774558242143,1
32100,56.799262940816774,1
32100,59.491562790555506,0
32200,56.49927447362108,0
32200,60.222097022279094,1
32200,59.19091449573926,1
32200,54.74656882139487,0
32200,57.460975795180914,0
32200,60.081978538370954,0
32200,56.149332357765154,0
32200,61.498861222507664,1
32200,56.13704827723639,0
32200,61.038813636214414,0
32200,57.495322029178745,1
32200,59.407915222361964,1
32200,61.388700961878186,0
32300,59.48213809815953,0
32300,60.93185914006048,1
32300,59.866952423398345,0
32300,59.001072762706855,0
32300,56.983352718499084,0
32300,55.34729126395859,0
32300,60.09983410060188,1
32300,58.60822434832387,1
32300,59.54923286666829,1
32300,59.00885987252904,0
32300,54.28082206410389,1
32300,58.552674246752964,1
32300,59.67349468666194,0
32400,60.234310002366335,0
32400,59.30043029541408,1
32400,58.27321463225078,0
32400,64.27270847893035,0
32400,59.7151607606474,0
32400,59.06565080521572,1
32400,58.97738825146881,1
32400,58.54693612826865,0
32400,60.116821953688415,0
32400,56.818204142740754,0
32500,58.97861766355802,0
32500,63.300287901435006,1
32500,56.387609535979536,1
32500,56.64710737518118,1
32500,61.353577000377605,1
32500,58.961099934870354,0
32500,58.777712092028025,1
32500,61.15341654949052,0
32500,60.636100029226036,1
32500,58.37696482248399,1
32500,59.43322131568499,0
32600,61.117866153657886,1
32600,60.90129062505475,1
32600,59.39345789439417,1
32600,58.53747447909249,0
32600,54.77292576485272,1
32600,57.9943652891792,0
32600,60.025462875299304,1
32600,57.99566331435682,0
32600,59.745970524542166,0
32700,58.370590566120576,1
32700,56.91482128720052,1
32700,60.65070792768418,0
32700,57.268738410993166,1
32700,53.733128469755506,0
32700,59.771145850499785,0
32700,59.636423165505214,1
32700,60.307966938818964,0
32700,57.99564586038439,1
32800,63.12977598253138,0
32800,60.69168371496156,0
32800,59.46500784191316,1
32800,54.32810204076703,0
32800,59.885321522236545,0
32800,59.18653958514822,1
32800,56.90275746376864,0
32900,59.367467481780906,1
32900,61.308797447244835,1
32900,56.70492949914464,1
32900,61.06802778295142,0
32900,60.26027058715091,1
32900,58.43751852393589,1
33000,59.90757534487104,0
33100,59.219633430064114,1
33100,54.877314861409594,0
33100,58.6455713600441,0
33100,59.25560773455787,0
33100,61.172727269437985,0
33100,58.3552397181841,1
33200,62.58138663874256,0
33300,56.69594908734709,0
33300,60.25831933167655,0
33300,55.79448916267274,0
33400,57.98693271577075,0
33400,59.19955811070733,1
33500,53.9264415261382,0
33500,61.04105593328372,1
33600,60.895808545920765,0
33600,60.201608064677316,1
33600,59.755586689108235,1
33600,56.3000398987578,0
33600,59.26106673109335,0
33600,60.8643406487985,1
33600,61.12187021667327,1
33600,60.524722964305035,1
33700,59.50210948627162,1
33700,56.84833866113541,1
33700,59.09125823051631,0
33700,61.63775827118935,1
33700,61.35134804670904,1
33700,61.387491983829804,0
33700,59.86914675896573,0
33700,58.69191854015712,1
33700,58.856993932361625,1
33700,60.79416903007122,1
33700,58.81279189313199,0
33700,58.67494740961901,0
33800,58.8897489544254,0
33800,59.991513571413506,0
33800,59.86379153974882,1
33800,58.91144397123741,1
33800,59.310262091513295,0
33800,59.218657156769645,1
33800,59.151022538621,0
33800,59.839448599611465,1
33800,58.131850032405524,0
33800,59.74630434083841,1
33800,60.99711033259142,0
33800,63.17520840841648,1
33900,63.66866406050781,1
33900,58.37270548381604,0
33900,61.24050654764849,1
33900,58.70932862216167,1
33900,56.003496499826866,0
33900,58.113707673760686,1
33900,56.04557718151593,1
33900,58.92685641093854,1
33900,60.136858673318315,0
33900,58.454227927689246,1
33900,58.73320721447222,0
33900,59.641765786804044,1
33900,56.29197315707218,0
33900,61.2337099807669,0
34000,56.15476247901404,0
34000,58.97419451434497,0
34000,58.53585549219006,0
34000,60.666248643831715,1
34000,59.074871049227106,0
34000,58.880484142826425,0
34000,59.09548730319544,0
34000,56.528594858819936,0
34000,60.16672829085315,1
34000,57.32038361298403,0
34100,59.79179540357046,1
34100,57.5382266823386,1
34100,59.7863953785094,0
34100,56.204402083796865,1
34100,60.36618051919231,0
34100,59.51971683933612,0
34100,58.22685047136493,0
34200,56.123411626924145,1
34200,56.622093246249044,0
34200,58.420782953584066,1
34200,58.992527814093414,1
34200,61.496786046326804,0
34200,57.29466888761817,0
34200,58.21515046470577,1
34200,58.6816487341351,1
34200,56.76483882888044,1
34200,60.25295159807787,1
34300,56.23761750418879,1
34300,60.29532631547703,1
34300,61.33208481781854,1
34300,59.367218903769626,0
34300,59.20715142772008,1
34300,58.729854157792786,0
34400,60.02480982780113,0
34400,63.01402066913951,1
34400,60.63434252982663,1
34400,59.54465712177821,1
34400,58.662510532136565,0
34500,54.7781128584812,0
34500,62.927036484250756,1
34500,59.132226483359666,0
34600,60.909207936780376,1
34600,59.508838567042964,0
34600,59.99066302062646,1
34600,60.57050832788188,0
34600,59.656949777209455,1
34700,59.27615499060541,0
34800,60.88031953376957,0
34800,59.355630181491215,0
34800,56.966847962930764,1
34900,59.16838542229922,1
35000,60.45680764161261,0
35000,59.868369173051846,1
35000,55.86774151316098,0
35000,61.0655257532998,0
35100,55.59182770850557,1
35100,58.00364317045385,1
35100,61.34371759685465,1
35100,59.349696717728534,1
35100,60.12114195109696,1
35100,59.51595798123711,1
35100,54.89425791178522,0
35100,58.840279104526964,1
35100,54.998841617267864,0
35100,55.73759867595484,0
35100,55.46342529464089,0
35100,60.56705154455979,1
35200,55.57496540068776,1
35200,59.34338420374768,1
35200,57.69132770109319,0
35200,56.43025045469331,1
35200,59.98379404787778,0
35200,59.616878824194934,0
35300,63.74848004419819,0
35300,58.925578862106306,1
35300,64.86568421209535,0
35300,59.662776693861915,1
35300,59.22097343248662,1
35300,57.68610645319844,1
35300,57.22001645649859,0
35300,59.80918751420651,1
35300,59.42929586495999,1
35300,60.43906612819083,0
35300,61.89074728569585,1
35300,59.26881120364023,0
35400,55.749232513869416,1
35400,58.151889389286296,0
35400,59.17239911120004,0
35400,58.73058763411981,1
35400,60.52596968589299,1
35400,59.950044827963076,0
35400,60.37103278176329,0
35400,59.11561477398882,1
35400,59.64147804026021,0
35400,60.03057971175986,0
35400,63.399396952723166,1
35400,58.900549822051445,1
35500,59.63112390376153,1
35500,58.45964112433163,1
35500,58.749667760855594,0
35500,55.861513679721035,0
35500,58.831591650120906,0
35500,61.092914737857356,1
35500,61.3412852739934,1
35500,59.90183257138761,1
35500,61.42883013156093,0
35500,52.03802712184235,0
35500,61.63880828014197,1
35500,59.05548349958291,0
35500,61.18295985105212,1
35500,59.776702525302454,0
35600,58.16520490192421,0
35600,61.9099695322953,1
35600,57.657517541970634,0
35600,60.58075318310921,1
35600,58.810021995660954,0
35700,59.51809797197091,0
35700,59.49835192181902,0
35700,60.24157062886504,1
35700,59.24370105367888,0
35700,62.0226663939267,1
35700,60.41337302212407,1
35700,58.19786333561925,0
35700,59.35509775018166,1
35700,59.38951232993921,1
35700,59.06833894215034,1
35800,59.26264055578499,0
35800,65.49520605342938,0
35800,60.901434553195976,0
35800,61.77915393306457,1
35900,66.03374364108227,0
35900,60.58088717039531,1
35900,65.18737395364387,0
35900,62.76058317335707,1
35900,61.54129704531475,0
35900,61.16884882262217,0
36000,63.71217087542071,1
36000,65.1150276551043,0
36100,64.22989096549531,0
36100,65.22879581652336,1
36200,65.66357635405589,0
36200,69.24990852117669,1
36400,71.76047029279208,1
36500,71.84291146690556,0
36500,71.49486821933057,0
36500,79.32006699470925,0
36700,71.63596339783597,0
36700,66.60233745456684,1
36700,87.52419300568938,1
36700,71.48454108043182,0
36700,71.63095256226438,0
36700,66.55968034333294,1
36800,71.52714123258315,0
36800,71.7301192134762,0
36800,71.49322486989838,0
36900,76.98065553326369,0
36900,82.2505834494913,1
36900,76.38366723995618,1
36900,71.64250787613103,1
37000,66.50479100714405,0
37000,66.33122522862939,1
37000,71.48314401057677,1
37000,66.78119962496233,0
37000,71.51307182577317,0
37000,71.63361857992281,1
37000,71.47942522651104,1
37100,79.81730489652581,0
37100,71.82991346190835,0
37100,77.87607979300847,1
37100,66.72436118340352,0
37100,66.73905715094371,1
37100,66.26181683822901,1
37100,71.3503665678014,1
37100,71.89270724927145,0
37200,86.08852452052865,0
37200,77.2911148093369,1
37200,71.56408262908663,0
37200,109.74790401494668,1
37200,71.65621493039912,1
37200,71.68425036396359,0
37300,66.9051580848678,0
37300,71.29847766655527,0
37300,66.75697719847132,1
37300,92.69247605239052,0
37300,89.11329365251923,1
37300,117.2969017188026,1
37300,66.91498083445606,0
37400,73.25436784282927,1
37400,71.59493907571661,0
37400,104.59578707760288,0
37400,83.80938767208634,1
37400,78.38422315092532,1
37400,66.21925577638048,1
37400,121.64586309821067,0
37500,67.09653968741993,0
37500,69.57771381171881,0
37500,114.07549121047742,1
37500,71.60022577578091,1
37500,84.25558097902962,0
37500,124.3441278777087,0
37500,71.43505348031022,1
37500,82.9820740551397,1
37500,82.49931303428798,1
37600,105.87156529323643,0
37600,105.51308070064196,1
37600,71.92953932276684,0
37600,98.61853411984987,0
37600,95.14768368085001,0
37600,84.98911118110331,1
37600,90.61202146723109,1
37700,97.47862203684709,1
37700,97.84220671834386,0
37700,66.59276643087588,1
37800,112.45115272859732,1
37800,82.9671890147331,0
37800,94.26960037365423,1
37800,126.47137920883321,1
37800,121.86078364188718,0
37800,107.55886826285206,0
37800,99.09099184930409,0
37800,65.93623348268132,1
37800,75.83641860366578,0
37800,96.36180431006044,1
37900,116.2592010683353,0
37900,98.72812515493712,1
38000,126.27405447559536,1
38000,132.43294724556503,1
38000,93.14599123932372,1
38000,128.7015218576638,0
38100,71.43706448245891,0
38200,116.488295206203,0
38200,70.94983607359377,1
38200,110.56728719088903,1
38300,100.22849194011381,1
38300,145.47888302197424,1
38300,76.15571438887385,0
38400,117.24132324690893,0
38400,143.35508456328628,1
38400,71.23295312346987,1
38500,76.57605683809199,1
38500,138.28254924273492,1
38500,76.67311395316709,1
38500,76.13470330599853,0
38600,66.93855669787179,0
38600,74.40108224356082,1
38600,71.52184223668624,1
38700,71.68350226841763,0
38700,66.21991067561947,0
38700,96.0488289945939,1
38700,163.23628148043468,0
38800,66.86032292503823,1
38800,94.65745625857792,0
38800,73.0055157276438,1
38800,126.2948338356204,0
38800,82.24865077321573,1
38800,71.33531868812084,0
38800,70.99364353768709,0
38900,71.43195690936169,1
38900,66.43829151349928,1
38900,65.01404939634575,0
38900,65.55328639603783,0
39000,85.75520294192592,0
39000,66.57707317096994,1
39000,66.43765335867832,0
39000,126.87342518948655,0
39000,94.13061660448432,1
39000,79.48443139579024,0
39000,177.38399299955267,0
39000,88.864746454235,0
39100,66.86762532709706,1
39100,66.67031668404191,1
39100,96.04525756344069,0
39100,66.80021340728803,1
39100,67.07076040813476,0
39100,71.53288989609375,0
39100,92.95180452509044,1
39200,77.80823851877116,1
39200,139.3172596118541,1
39200,84.87276010360333,0
39200,89.04996451465705,1
39200,66.72928826995965,0
39200,71.66689859335746,0
39200,84.82125097459516,0
39200,101.67900331472725,0
39300,66.53535778142137,0
39300,80.51130105971238,0
39300,84.31199165232695,1
39400,100.65166087808538,0
39400,66.89290514653139,1
39400,66.94644389737401,0
39400,131.52227794796585,0
39500,202.69981523531033,1
39500,71.53125193039686,1
39500,71.54781819767828,1
39500,71.63773099038904,0
39500,71.84706960351194,1
39500,81.87961252895559,1
39500,119.00088859851,1
39600,66.79036847158557,0
39600,84.51746255870623,0
39600,66.65980922444652,0
39600,95.20951862641382,1
39600,114.44127069553753,1
39600,71.3645484004898,1
39600,76.59818669447739,0
39600,128.75291939636426,1
39700,75.46088895902948,1
39700,92.89505077279469,1
39800,95.42761675787716,0
39800,105.822444765594,0
39800,90.37509346360133,0
39900,119.92389219361692,1
39900,71.15978170404311,1
39900,135.14386621495746,0
39900,107.3866077294986,1
39900,81.11100648856332,0
40000,66.62502692705816,1
40000,108.63875455496178,0
40000,71.2151775320278,0
40000,66.85884696834898,0
40100,145.16243457039772,1
40100,66.13279263390625,0
40100,66.76284089925984,1
40100,75.37719400510296,0
40100,71.87879519829589,0
40100,131.55025651686938,0
40200,91.86929443934984,1
40200,104.84784936984502,1
40200,71.31117310327544,1
40200,163.74531294208666,1
40300,136.45739335970822,0
40300,104.1259854441072,0
40300,66.29311579354481,1
40300,71.25230851339958,1
40400,71.47347384061052,1
40400,80.56706399822758,1
40600,151.27970026118862,1
40600,68.7456947603096,1
40600,75.62128042623876,0
40600,71.45864428894052,0
40600,135.6829163977666,0
40600,71.54662805209861,0
40600,108.15973990803663,1
40700,83.95165982691108,1
40700,71.63405568080344,0
40800,86.87090361698284,1
41900,230.5312125175956,1
42000,185.13877977068088,0
42100,208.66557048092326,1
42400,242.3288379810147,1
42500,170.90569775743836,1
42600,159.99766661188144,0
42800,242.64848543298584,1
42800,175.40301651014605,1
43300,290.88989014467836,0
43500,210.66483087940824,1
43500,212.09265113143084,0
43500,207.59297715628458,0
43500,172.50592971677833,0
43600,207.60252759892444,1
43600,231.44573537013835,1
43700,204.2015161706962,0
43800,197.78839201868047,0
43800,247.3463640408552,1
43800,232.3171916149585,0
43900,204.90220485106892,0
43900,239.128273086535,0
43900,195.73180291062656,0
43900,216.62558209756145,0
44000,194.34916084518798,1
44100,270.5069612064049,0
44100,246.5712146277152,0
44100,249.4668595476117,1
44200,256.246209344684,0
44200,269.3123379815905,0
44300,237.06874698494426,1
44300,204.23188556183317,1
44400,239.73575726742948,1
44400,276.99690506192695,1
44400,264.0985612791314,0
44500,238.60562836180134,0
44500,251.67347492396087,1
44500,283.4119935811182,0
44500,220.57264705916694,0
44600,263.51667959474133,1
44600,249.36409886592682,1
44600,230.62375137105425,0
44600,243.0682268336778,0
44600,250.65232138698107,1
44600,206.2128934056426,0
44700,278.053299387308,0
44700,283.6432120859426,0
44700,256.8867706219439,1
44900,237.56560581948028,1
44900,273.23700923002707,1
44900,272.9986937431398,0
44900,277.4874697802492,1
45000,242.62591880884165,1
45000,214.9880028798098,0
45000,219.28405780260405,0
45100,239.86460585498082,1
45100,252.0557416087864,0
45100,226.69589811275495,0
45100,298.76330672650715,0
45100,255.16650451437917,1
45100,321.7697839192131,0
45100,255.15737104308985,1
45100,299.0797231336492,0
45100,282.5279215437115,1
45100,241.12583873491855,0
45200,299.2238972365824,0
45200,250.0532767722879,0
45200,293.47924285268994,1
45200,292.3114016238452,1
45200,285.1924191509516,0
45200,293.57557269410455,1
45200,253.80876259295582,0
45300,306.1741374076399,1
45300,269.52115125296535,1
45300,247.70716989399844,0
45400,241.65350878338452,0
45400,257.20420901667813,0
45400,316.8325598489868,0
45500,322.2164584859158,1
45500,258.47070554376364,0
45500,244.46868302579946,0
45600,311.32579456320383,0
45600,282.5982732128346,1
45700,345.68482188866557,1
45700,261.94184609966317,0
45800,299.1816172562287,1
45800,336.86784931121986,0
45800,254.42369140790078,0
45900,298.8618097300702,0
45900,263.90377784848897,1
45900,339.89919065412437,0
45900,340.39790341215894,0
46000,263.0299813661502,1
46000,271.48808610438783,0
46000,298.1122621485695,1
46200,355.60856872986665,0
46600,376.26428016063755,1
46700,302.0911712585054,1
46800,380.94383007853185,0
46900,247.47746368038003,1
47100,261.39704784659943,0
47200,239.6148762096042,0
47500,274.2257490737307,0
47700,197.15502226649352,0
48000,234.0008143200268,1
48100,431.5878370206033,0
48200,278.9839659806266,0
48200,230.84597166645867,1
48400,275.7136881501386,1
48400,222.37777187478048,0
48400,226.26611922694434,1
48700,309.7987042228666,1
48700,220.0665949653912,1
48700,260.1155893046492,1
48900,301.20515722057314,0
48900,242.24525989991253,1
48900,507.27276982391896,1
49000,262.70030152251405,1
49000,220.13147315416194,0
49000,274.845062689585,0
49100,269.2364599393055,1
49100,254.04832332685288,0
49100,252.88414904791773,1
49100,211.65280709268927,0
49200,183.8101089865246,0
49200,198.67723636551145,0
49200,250.59227471559424,1
49300,207.48589352974676,1
49300,210.43485664508748,1
49300,236.87910527287937,0
49300,200.30550734491413,0
49300,196.775185734869,0
49300,228.84207139975254,1
49300,209.8881176884677,0
49300,221.8765847238677,0
49400,249.39880397034793,0
49400,238.6068544879551,0
49400,189.41087502392222,0
49400,228.43459710394868,0
49400,207.0205986700006,0
49400,233.8688336769283,1
49500,213.99778820398265,0
49500,221.6153249102369,1
49500,210.3769957012333,1
49600,240.41665793172277,1
49600,217.84756180188404,1
49600,218.4119926060009,0
49600,219.04176914225073,1
49600,307.5253038781976,1
49600,250.14772727906754,1
49600,202.9894502000991,1
49600,243.46942369444847,1
49600,207.10463517622736,0
49700,189.8817265177772,1
49700,214.54196363220908,0
49700,214.15464120850726,0
49700,214.01279426100317,1
49700,218.3477958282008,0
49700,247.0467599632791,1
49700,244.15157787091132,1
49700,254.98965123282858,1
49700,227.43686798099233,1
49700,266.7305664844458,1
49700,200.5533701176979,0
49700,217.88694367790106,1
49700,221.02056405089738,1
49700,235.65689260050684,1
49700,241.02176410694946,1
49800,298.448472212384,0
49800,208.72085138946503,1
49800,296.72300400285553,0
49800,257.52431688123295,0
49800,301.78003018710274,0
49900,217.07288180700525,0
49900,230.28981239547022,1
50000,208.6518774149967,0
50100,226.50044620191113,0
50100,235.58608607223627,1
50100,208.15575884320273,1
50100,297.24592560018226,1
50100,232.36133019349498,1
50100,210.1966548745489,0
50200,219.74529285699265,0
50200,213.22043822900287,0
50300,232.53717482640332,0
50300,206.59622466934567,1
50400,222.18994564189987,1
50500,217.09348459688962,0
50500,327.31605182466,0
50500,219.83398997940557,0
50600,227.2869798635099,1
50600,230.25248455814946,1
50600,223.15867550838988,0
50600,337.1433365463001,0
50700,231.1937230935055,1
50700,213.98824146265446,1
51200,224.48506956285317,0
51300,214.8266271409775,1
51500,235.10114128328908,1
51600,234.54721884382099,0
51600,221.0152932543999,0
51800,220.79706016715747,1
52200,219.48012318151584,0
52400,239.82582935350447,0
52700,220.5358814315582,0
52800,237.90762101334684,1
52900,238.50242082748068,0
53000,225.30293984849837,0
53000,238.69548789645435,1
53200,218.58978214529037,0
53200,235.65719513349114,0
53300,226.68501338370302,1
53300,244.56593465813148,1
53500,220.15878078108383,0
53700,222.29315507083288,1
53700,216.01683050814773,1
53700,226.19597099908626,1
53700,238.56607991151304,0
53700,245.40631954173136,1
53800,243.13751222669578,1
53800,238.24697469219964,0
53800,239.93221940909928,1
53800,227.30169150315606,0
53800,233.83423122168503,0
53900,221.49486204563217,0
53900,224.27177349381657,1
53900,229.40889421749344,0
54100,246.07405075346117,1
54200,225.55847897454663,1
54200,249.59394239859972,0
54200,227.14962077274896,0
54200,228.82112888448484,0
54200,238.94916379151522,0
54300,224.51589104749905,0
54300,244.50103330414936,0
54300,249.67115452564437,0
54300,244.3085671575601,1
54300,252.6526933201198,1
54300,221.76034475883347,0
54400,238.41787029168535,0
54400,233.5664797968139,1
54400,252.98380370078124,1
54400,244.52679360466425,0
54400,273.61185013155495,0
54400,238.8403680874346,1
54400,234.1399613069602,1
54500,236.6849161784491,1
54500,233.33404352526102,0
54500,253.3388928703408,1
54500,230.63129385036623,0
54500,244.04037796597783,0
54500,251.94642967677638,1
54500,252.72424927652128,0
54500,230.13402954647026,0
54600,243.20768051532255,1
54600,244.3408049907445,1
54600,235.61896877293054,1
54600,260.44412401306226,0
54600,234.995439320502,1
54600,240.48504013632848,1
54600,241.87290653065986,1
54600,246.54137828704876,1
54600,263.4295332176705,1
54600,249.70687785003355,1
54600,234.0474522149974,1
54700,253.83785150911842,0
54700,237.96643976308852,1
54700,243.33102194801762,0
54700,253.05435694949372,0
54700,246.18722295354718,0
54700,228.33147052629482,0
54800,228.07888668015227,0
54800,250.68083386751428,0
54800,258.8163435555482,1
54900,258.5022327276126,1
54900,237.94939296980263,0
54900,236.04259411961542,0
54900,257.91637768006694,1
55000,237.5101419435155,0
55000,245.45404171124628,1
55000,247.23653688551252,1
55100,214.97806289680048,0
55100,256.39194128300755,0
55100,236.21255443755877,1
55200,244.58629531908787,1
55200,239.839016798397,1
55200,252.1686632490808,0
55200,218.40680723466545,0
55300,231.20398654594584,0
55300,238.8757614745033,1
55300,233.028792855421,1
55300,237.1437611476326,1
55500,252.12136128921634,0
55500,242.84112663895357,1
55600,242.50367087876143,0
55600,251.5781317717741,1
55900,227.31229086800315,1
56200,238.68338504911628,0
56400,238.00816546198507,1
56500,246.95329343500455,1
56600,248.52555236837387,0
56700,241.88648562303675,1
57300,239.63809905589304,1
57300,254.46987217764095,0
57400,227.64656022463174,0
57600,241.41530543625836,0
57800,239.65176639561798,1
57900,241.25187730029975,0
58000,237.65570546318676,0
58000,246.42743135501775,1
58200,247.78442711169828,0
58400,254.71862071056336,1
58400,223.6106233226481,0
58400,242.21538272299725,0
58600,238.50601958615252,0
58600,242.54467311066747,0
58600,265.6166975375213,1
58600,245.67141448868452,0
58800,241.10748417688967,0
58800,247.3247706210252,1
58800,243.03843635347823,1
58800,252.8116334352347,0
58900,254.9075445076629,0
58900,213.99288929065514,1
58900,229.56909359937796,1
59000,255.52254932061868,1
59000,224.7330754911241,1
59000,233.6928290145791,0
59000,265.8911639372096,0
59000,212.43307661466943,1
59000,265.4713139251872,0
59000,257.63584138988944,1
59100,220.98785995222423,0
59100,234.34139895420202,1
59100,226.9536096276732,0
59100,220.11496627706256,0
59100,238.37831588307282,1
59200,225.2297197717632,0
59200,230.08276891219427,1
59200,226.6235983609154,0
59200,241.17954810769774,1
59200,235.23563139982033,0
59200,227.95198131790414,0
59300,228.56515689681638,0
59300,242.98081851298315,1
59300,239.04150393598945,1
59300,258.7243628941752,1
59300,230.39898445674956,0
59300,251.92161720748078,0
59300,240.96401784736227,1
59400,238.99547616828715,1
59400,238.38985450628854,1
59400,259.81244890983675,1
59400,239.3404313034002,0
59400,225.50875218621698,0
59400,267.23557391862795,1
59400,244.45308989102884,0
59400,240.19748505846306,0
59400,241.83057141743572,0
59400,251.6021989515983,1
59400,263.00599564966114,0
59400,228.47865642541572,0
59400,264.8855314862875,1
59400,254.48065489828997,1
59500,236.2123044638302,0
59500,241.18088674674584,0
59500,268.51238852181535,1
59500,246.31097290811692,1
59500,234.87436189823606,1
59500,262.775954170739,1
59500,241.68827527441385,1
59500,251.85418152024243,1
59500,237.3079438596851,0
59600,210.33908034997455,0
59600,229.69043811005815,0
59600,208.22547903726215,0
59600,250.57805904284334,1
59700,231.4966118856597,0
59700,235.40248744166755,0
59800,225.30193625873778,1
59800,221.92187785246483,0
59800,242.90277290074377,1
59900,251.31742153620195,0
59900,235.90751859698955,1
59900,237.20000804362067,1
59900,246.32987796589887,0
59900,252.59523895583314,1
60000,237.6684474930718,1
60000,236.82013260509655,1
60000,228.65370629832512,1
60100,245.16439619961992,1
60100,247.34387681537268,1
60100,218.86221032374226,1
60100,224.62556707943054,0
60300,234.61273758677305,1
60500,209.49488707244143,0
60500,228.25366488703085,0
60700,261.90361449413,0
61000,210.9795841081469,0
61000,227.4071314248205,0
61100,227.49722896943862,0
61600,243.32452942195837,1
62000,230.0329412388274,1
62100,228.32868239547426,1
62200,215.84684733764553,0
62200,244.19992630889,1
62400,241.42104389137572,0
62400,214.69333447133977,0
62500,223.22663926626856,1
62700,208.2224458126018,1
62700,209.15197298763408,1
63100,207.50197277466654,0
63100,243.73981963660975,0
63100,221.883607284766,0
63200,213.87246294565844,0
63200,228.13986688090063,1
63200,208.2749108185286,0
63200,263.4009003583982,1
63200,233.16520858422868,1
63300,201.58620665195087,0
63300,231.49807833129205,0
63300,233.72151333019778,0
63300,220.0387207631166,1
63500,223.67843931485055,1
63500,224.24917588465206,1
63500,198.44870284572448,0
63600,221.70711060620437,0
63600,218.06113348537085,1
63700,225.70475248572876,0
63700,212.5482310023593,0
63700,230.40886324874066,0
63700,229.87184704732846,1
63800,212.89381071270103,1
63800,214.96000709164903,0
63800,213.61522559751603,0
63800,235.8206323838869,1
63800,227.75705176896264,0
63800,221.8764237788693,0
63900,229.9704201344117,0
63900,240.72568321756776,0
63900,235.15289123574766,1
63900,209.4339759731182,1
63900,225.22006580492413,0
63900,241.45134922861072,0
63900,215.3619624566262,0
63900,217.37225790913195,1
63900,237.35735736381238,0
63900,223.11225564550605,1
63900,225.51855109893324,1
64000,262.6530607529262,1
64000,217.69082791973761,1
64000,223.5828444929218,1
64000,235.59240097543042,0
64000,230.7933559801899,0
64000,225.44859300633163,0
64000,235.77867774847357,1
64100,223.13229268948277,1
64100,223.31004691518697,1
64100,232.08610329364436,0
64100,228.86137644009446,0
64100,227.30557211052474,1
64200,237.43175374328573,1
64200,248.61133899082267,1
64200,244.74977918242556,1
64200,215.56364542170613,0
64200,234.81264946433333,1
64200,257.2020297338574,1
64300,233.88068231791243,1
64300,242.72814357054568,0
64300,239.115235846663,0
64300,231.77989621042587,1
64400,241.51138017916983,1
64400,218.07362290855747,0
64400,217.60421218547782,0
64400,227.6539157214255,0
64400,210.46921539800718,0
64400,234.56919281538646,1
64500,250.21606584670033,0
64500,246.33997856024973,0
64500,240.90867672144347,0
64600,250.76871088680582,0
64600,250.9002547399078,1
64600,229.7334229987569,1
64700,240.1371868902101,0
64700,226.83578907092155,1
64700,239.05805626695368,1
64700,222.28967722951498,0
64800,230.28350696362628,1
64900,244.51121268052265,0
64900,248.52958189937877,1
64900,233.0240174746272,0
65000,253.9774880696518,0
65000,241.80607685835147,0
65100,246.64928865388913,0
65300,245.20360587547546,1
65300,233.964523115914,0
65400,238.6791934617062,1
65600,236.50362082066715,0
65600,222.65044662653665,0
65800,230.055565031119,0
66100,241.83615616366578,0
66500,219.24609237136926,0
66700,251.61496734181014,0
66800,230.42463479899527,0
66800,223.08119224468152,0
67000,230.8015529924209,1
67100,227.9354276039015,1
67200,233.48907332133726,0
67400,224.334973556752,1
67400,236.57278768523818,1
67600,219.340883080124,0
67700,225.25630378282,1
67700,219.22311116380507,0
67800,222.3166843568665,1
67800,215.24496776761697,0
67800,248.31168579350575,0
67800,219.4624915995707,0
67900,226.023747279881,1
68000,218.6739830584616,0
68100,239.48253484419243,0
68100,217.56250044680155,0
68100,228.94653331162914,1
68100,239.62418555563215,1
68200,242.14976130201538,1
68300,233.23220073372732,1
68300,213.06816254652256,1
68300,243.62490029006733,0
68300,222.3172573358349,0
68300,213.8527467429226,0
68400,234.46910215630217,0
68400,209.87271915032258,0
68400,239.22688927602195,1
68400,214.23873914038066,1
68500,219.53863341386003,0
68500,216.8028962357273,0
68500,233.44139294666212,0
68500,224.972157501441,1
68600,221.98321091122745,0
68600,234.5783066976863,0
68600,231.51279992169802,1
68600,238.21631391112143,0
68600,215.02538960179984,1
68600,212.70237449801527,1
68700,239.64958254952094,0
68700,223.13113015218906,0
68700,234.37742884151206,1
68700,234.07494878062246,1
68800,247.47809865839642,0
68800,236.98072843831287,1
68800,232.41458265765985,1
68800,249.06034358010214,0
68800,237.79464416333153,1
68800,239.35448829497224,1
68900,245.6001634989322,0
68900,238.89603933597942,0
68900,244.19789071128653,1
68900,230.66791353220415,1
68900,244.66789872625876,1
68900,226.49600245802205,1
68900,231.50793575446906,0
69000,245.2952670610266,1
69000,212.2884283638367,0
69000,212.96453413712186,1
69000,229.21852984917896,0
69000,222.6972589126271,1
69100,227.2933637233766,1
69100,248.8962991079993,1
69100,228.44359632673772,0
69100,239.69462462421723,0
69200,222.34723847742654,1
69200,230.56347495192864,0
69200,237.49815342452058,1
69200,226.2213882625445,1
69200,251.70729471530203,0
69300,248.5864490307123,1
69300,242.43177198450527,0
69300,224.42425540080654,0
69300,238.30532505065173,0
69300,246.1977694911258,0
69300,255.89145010645615,1
69400,226.81873176493292,1
69400,242.53108262279443,0
69400,244.97766984735406,1
69500,227.54254083537293,0
69600,242.949006044535,0
69700,224.9274154087444,0
69700,246.01259354277937,1
69700,235.36886101718693,1
69700,233.07618111751933,0
69700,228.69547119748344,0
69800,257.7069799465868,1
69800,235.8692347101325,0
69900,255.3802647427641,1
70100,246.8800721265453,1
70100,231.40833245510524,1
70200,239.0519645008496,1
70400,232.56973042232838,0
70400,232.90635656817238,1
70600,256.6811959040748,1
70700,240.47620351423907,0
71200,247.62556329101693,1
71200,228.03281889232466,1
71400,228.54678082999501,0
71400,220.56346499959025,0
71400,220.3929935314105,1
72000,236.45705381341676,1
72000,231.4949351899078,0
72100,248.60742896987148,1
72300,218.54806008206666,1
72300,238.70286138344557,0
72400,205.70776154918585,0
72400,238.98213353150257,1
72400,233.62973347679588,1
72500,226.9225766029986,1
72500,233.21965094734625,1
72600,229.5395867031426,1
72600,234.29762864028243,0
72600,221.6364113366041,1
72600,215.05945609575693,1
72600,237.9872280115355,1
72700,237.3732956599944,0
72800,213.57528974867603,0
72900,224.83737645116932,0
73000,236.39106800010424,0
73100,241.42218442700164,0
73100,246.70712111578172,0
73100,219.8155703229986,0
73100,233.48745183070085,1
73200,228.90281618229128,1
73200,233.78453039712875,0
73200,232.42227150557284,0
73300,213.24729965721963,0
73300,217.73598927088563,0
73300,234.48176565502462,1
73300,235.0710792097205,1
73300,245.68015690168508,1
73400,234.91003397477846,0
73400,231.28167432614262,1
73400,229.58004002825376,1
73400,245.8875129728266,1
73400,218.42855254623908,1
73500,229.02047771693344,1
73500,228.79967642452084,1
73500,248.0141363490804,1
73500,224.33971924580982,1
73500,256.8843734651327,0
73500,223.51937952222687,0
73600,252.0590871180109,0
73600,243.55509054034917,0
73600,235.16422078950345,0
73600,238.02009092516732,1
73600,231.39356136559383,0
73600,216.42823302062,1
73600,226.42090295526828,1
73700,230.49984543001557,0
73700,212.25147290670208,1
73700,228.33523606202547,0
73700,228.89237477102756,0
73800,233.11596393127215,0
73800,236.5513853791166,1
73800,255.28724466877873,1
73800,240.00743430160642,1
73800,249.97353166173264,1
73900,225.79990376006265,1
73900,230.8212336660824,0
73900,228.1326403624929,0
73900,240.22529221321105,0
73900,228.58069904320348,0
73900,223.22237691587085,0
73900,245.10068441825322,1
74000,227.3082636590599,0
74000,258.7757017652527,1
74000,234.40161116663145,0
74000,225.86551240432908,1
74000,244.25437576797032,1
74100,229.74048326262817,1
74100,238.15106318705182,1
74100,231.66942386918888,1
74100,234.07553803960238,1
74200,233.38342673326486,0
74200,249.34616711326012,1
74200,225.42801984931754,0
74200,215.785367074998,0
74200,230.57123006781936,0
74300,222.23980165028746,0
74300,229.4050356355005,1
74400,261.0976998450721,1
74400,223.9579609526432,0
74500,233.22038005301192,1
74600,214.41006980652665,1
74600,218.6679889974748,1
74600,229.94515768804752,0
74600,239.18514223441798,0
74800,223.90295162032126,0
74800,237.78540142204355,1
75000,221.36960039021398,1
75000,258.4467707116578,1
75200,232.83066669899677,0
75400,234.56554335423186,1
75500,232.3342166743677,1
75800,225.22530298649096,0
75800,213.53951897477972,0
76000,223.29042149332082,1
76000,221.3359534529311,0
76300,250.81001772411335,0
76500,217.49252159796205,0
76800,228.9685968536137,0
76800,213.8122224816229,1
76900,237.43749198755987,1
77000,223.68766984352413,1
77000,231.61350064317458,0
77100,221.6433732162383,0
77100,225.10658827537245,0
77100,212.30113295697345,0
77200,223.44613414000057,1
77300,227.9635019124146,1
77300,241.5999612996834,0
77400,246.30492164267787,0
77400,223.01519715828414,1
77400,231.33559726535677,0
77500,238.06736310812187,0
77500,215.64847229431925,1
77500,239.84319719282618,1
77600,217.5822962122719,0
77600,204.80589966472357,0
77700,211.8871811068608,0
77800,217.56926483993576,1
77800,216.56438449843765,1
77800,237.01340006614834,0
77900,223.29680211288456,0
77900,225.79845057613454,1
77900,233.68400854253238,0
77900,234.25566693578355,1
77900,217.10263325108784,0
78000,220.60475211149313,1
78000,234.2586452489409,1
78000,220.90328073586682,0
78000,238.80515392061687,1
78100,228.4495868874288,1
78100,239.98142214817605,1
78100,225.89946038949265,0
78100,214.5809305604925,1
78100,223.1118688426659,1
78100,224.87673876624726,1
78200,223.3997795550206,0
78200,227.1892129198171,0
78200,221.76837806253036,0
78200,226.4711291256096,1
78300,226.0206039833026,1
78300,222.15572211997497,0
78300,226.88880718607408,0
78400,220.3343028527367,1
78400,212.45703127994662,1
78400,231.63510206402728,1
78400,225.73677294165023,0
78400,226.2471108316748,0
78500,229.44983316526393,1
78500,215.38907684025997,0
78500,233.5915024539995,1
78500,229.02764235507823,1
78500,205.33646205730034,0
78500,239.85164703657773,0
78500,218.45359668651471,0
78600,232.6745029240958,1
78600,227.65028602945665,1
78600,222.37668705838178,0
78600,215.59810891403902,1
78600,249.81720275289754,1
78600,217.60006005536607,1
78700,212.97464290824408,0
78700,234.86730645437925,1
78700,255.10609975788765,1
78700,231.6332240108255,1
78700,223.2784353656739,1
78700,216.71320329441517,1
78800,217.98481444336974,1
78800,244.24954670509948,1
78800,222.9981734002947,0
78800,243.63782277362503,0
78900,239.14284925861796,1
78900,247.48732475640767,1
78900,243.2407710492333,1
79000,213.50457393650962,0
79000,226.5907706109949,1
79100,245.34732488864782,0
79100,250.47706758683822,1
79100,214.7505308455825,1
79200,221.54934308398947,0
79200,245.58474890284154,1
79200,233.65358919295278,1
79300,239.34041980857398,1
79400,220.88216522108584,0
79400,235.42661029759466,0
79400,232.2409582036905,1
79500,217.5850178204028,0
79500,227.93124389416585,0
79800,233.08425617934464,1
80000,230.98453641562878,1
80400,236.561951968049,0
80400,244.69533206419868,1
80500,219.92470185674904,0
80600,234.106836003081,0
80700,225.43663795268944,1
80700,239.95837819697246,1
81400,250.72023735605694,0
81400,209.8914567599861,1
81500,241.77415298082204,1
81500,218.38463256222542,0
81600,215.9329909003509,0
81600,207.53423203793224,0
81800,215.86938783905518,1
81900,244.61546217835524,0
81900,236.02275482386182,0
82000,214.61984362758955,0
82000,259.07971723711074,0
82000,219.78918220391404,0
82000,257.04607451790145,1
82000,216.18328814295717,0
82100,215.88613236458352,1
82100,210.02133743175986,1
82100,222.5540527228066,1
82200,251.28072082177997,1
82300,229.13937666598812,0
82300,242.3502215572329,1
82300,208.15186531576867,0
82400,252.90742395553193,1
82400,222.32868811068076,1
82400,205.89477725071106,0
82500,251.11515016115732,0
82500,223.83206704069624,0
82600,214.4537262537429,0
82600,233.85461499585884,1
82600,213.86920468553294,1
82700,222.31513920822016,1
82700,221.93577048936353,0
82700,209.2947137815428,0
82800,229.91448323363383,0
82800,241.21371043021202,0
82900,247.5968732092489,0
82900,238.3827346471949,0
82900,242.02929134840525,0
82900,252.74338020604688,1
82900,227.37159247328503,0
82900,213.62161623428898,1
83000,233.28391786765314,0
83000,223.63315451212213,0
83000,244.27829880316426,0
83000,217.8185672588602,1
83100,217.46515152191898,1
83100,257.4514299939376,0
83100,251.30544895672924,0
83100,238.81524059642473,0
83100,221.4587013089279,0
83200,234.89493369921922,0
83200,228.64194541519058,1
83200,234.9334336388336,1
83200,216.76331373869604,1
83200,229.0324112905033,1
83200,225.9237472653266,0
83200,244.6497043694584,1
83300,235.957209263557,0
83300,236.81203697151386,0
83300,216.6506064930638,1
83300,223.40121071158873,0
83300,245.28971363390053,0
83400,243.73932381280176,0
83400,219.67330778366244,0
83500,234.66091824201226,1
83500,249.7313636925561,1
83500,220.13258604149073,1
83500,235.9056333093754,1
83500,231.47936868534222,0
83500,237.91525130191846,1
83500,253.28869545440853,1
83600,239.01292292872142,0
83600,245.13088874434567,1
83600,218.09596798599023,0
83600,232.33058437571637,0
83600,229.04226528856793,0
83600,222.95398765453757,0
83700,244.57435831370708,0
83700,234.3186772517396,1
83800,251.63488467548578,1
83800,231.37451199299608,1
83900,262.2988444322865,0
83900,209.52101621164604,0
83900,227.7077583246244,1
84000,218.84727881309092,0
84000,233.06701567655801,0
84000,244.40801039094373,0
84000,223.6275635599046,0
84100,245.1685657689257,1
84200,231.91672325590747,0
84300,247.8797484525755,0
84400,257.8494735982155,1
84500,227.09230785000722,1
84500,249.9765290649904,1
84800,237.08480189985917,0
85000,227.79477158092902,0
85100,214.63810785492825,1
85400,228.11981189710693,0
85400,240.96225759483542,0
85500,252.35344006153656,0
85800,251.0644079330352,1
86100,229.15849806314492,1
86300,240.04749851961407,0
86300,215.80184889907255,1
86300,232.51049302559753,0
86400,208.50612920146713,0
86500,239.98926944781695,0
86500,223.7683319653676,1
86600,253.86083951992651,0
86600,221.6707106526414,0
86700,230.64053559032408,0
86700,223.04799587246913,0
86700,210.72615579027024,1
86700,253.24343627266677,1
86800,224.80090657075294,0
86800,232.20043821834744,1
86800,231.59933917141694,0
86800,243.20989214334458,0
86800,216.1771288302865,0
86800,234.67583756062695,0
86900,198.5381475674425,0
87000,223.1072683037373,0
87000,220.99769744131376,1
87100,252.46119069847742,0
87100,234.85890314144987,1
87200,222.50152067803316,1
87200,206.81375042685957,0
87300,214.0917857388279,1
87300,232.12640749453897,0
87300,237.9057346212268,0
87400,236.3867622661594,1
87500,224.03314835881417,0
87500,215.65139387707202,0
87500,239.22340248238467,1
87500,229.86796868846676,1
87600,225.8714256061867,0
87600,239.25243727032375,1
87600,212.8362701462233,0
87600,218.38938317108853,0
87600,244.29770197886492,1
87600,236.654178461196,1
87700,233.34011231133059,0
87700,210.4677976792435,0
87700,224.22505430737243,1
87800,232.45347863867093,1
87800,222.2205147002339,1
87800,226.44527101600968,0
87900,243.98488764504992,0
87900,234.7031212763389,0
87900,224.36704453223837,1
87900,222.517173566018,1
88000,249.74539398781073,1
88000,248.6187857062214,1
88000,214.2291620103902,0
88000,222.07034609633402,1
88000,230.10043245639363,1
88000,245.84707373359961,0
88000,230.61700202207481,0
88100,226.49486050738764,1
88100,238.39341836120875,0
88100,234.03090311354222,1
88100,201.2422026910824,0
88100,209.5995267188454,0
88100,215.2305296517785,1
88100,245.67684639350855,1
88200,247.3242511242371,1
88200,222.40373830460612,1
88300,234.87445490141428,1
88300,223.99675946383658,1
88300,225.56057280260853,1
88300,230.00780537699265,0
88300,239.59313187072357,0
88300,234.89235434269017,0
88400,238.4859424521669,0
88400,234.62580560659254,0
88400,255.74619050823287,0
88400,228.90699823798192,0
88400,220.25316704352014,0
88500,216.60076859767577,1
88500,245.7506756555719,1
88600,222.81630801896955,1
88600,266.3758487538919,0
88600,226.3981662949562,0
88700,231.8176728833558,0
88800,244.56245530327058,0
88800,228.34332299268584,0
88800,235.2122841051004,0
88900,268.28966841134695,1
89000,229.6186225057528,1
89000,246.0308971973419,1
89000,234.66544044826682,1
89100,226.79205887645972,1
89200,229.49861040024942,1
89400,240.43102579180973,1
89500,226.9292920344203,0
89900,240.1493323315193,1
90000,243.6193393514374,1
90000,223.71814286779212,0
90100,229.71502212188128,1
90100,221.2979983430948,1
90600,216.52622653478645,1
90600,228.37338229849928,1
91000,213.25859743230708,1
91000,218.93813458532824,1
91000,208.13974081089182,0
91100,233.5924176000398,1
91100,213.96218732084145,0
91100,215.31619351103942,0
91100,234.45419037998977,0
91200,219.88341022549696,0
91300,244.02397486587932,1
91300,235.64976633573244,1
91300,219.99582509144057,1
91300,223.6310949145071,1
91400,222.162213553098,1
91500,221.42952311874373,0
91500,230.27626633443697,1
91500,249.1878824832774,0
91600,234.21082359757165,0
91700,241.854532006721,1
91700,223.59448200523136,1
91700,241.17790347659695,0
91800,216.75716834477774,0
91900,240.70928740711716,0
91900,233.80166038005638,1
91900,214.95978040789916,0
92000,194.65916088900858,1
92000,232.21124167138208,0
92000,210.68849726197976,1
92100,251.63041297219272,1
92100,222.28936789107644,1
92100,225.49357476348627,0
92100,217.38369061406456,0
92200,244.28302271525274,1
92200,217.31913797852425,1
92200,225.28895226929168,0
92200,240.1700594489938,1
92300,220.33648464775573,1
92300,250.79469337133781,1
92300,207.29111298423285,0
92300,211.2315407666039,0
92300,212.21620986645746,1
92300,229.2334313807837,1
92300,227.859892412792,1
92300,219.59043837591008,0
92400,187.26074464589422,0
92400,246.32141700155177,1
92400,220.7253239642788,1
92500,193.04709041434222,0
92500,242.79502361324847,1
92500,213.4048561194989,0
92500,196.5537058302716,0
92500,243.5756977091375,1
92600,242.10187147701683,0
92600,220.4843013514143,0
92600,202.61574106844915,0
92700,223.6019801771875,1
92700,235.724207373443,0
92700,248.45387691469134,0
92700,227.36381539631117,1
92800,212.850833673846,0
92800,213.87063739895027,1
92800,202.6938562581024,0
92800,232.39543289590657,0
92800,211.8929587837459,0
92800,227.0124203123385,1
92800,240.28122845980542,0
92900,240.37272771946323,1
93000,243.3579831492832,1
93000,233.75514527500263,1
93000,211.15816180172533,0
93000,238.92093545698518,1
93100,247.38824231965805,1
93100,244.49602381768779,1
93100,238.15477808151076,0
93100,233.43945975511332,0
93200,227.41248813138415,0
93200,233.40038808921787,1
93300,242.70639866638294,1
93300,221.72651224928305,0
93300,227.69096384338553,0
93400,211.4963608372497,1
93400,255.51239306378565,1
93400,248.19117009641025,0
93500,266.8535506140175,1
93500,235.38039027761766,1
93600,234.2321102290841,0
93600,232.20178201803358,0
93700,234.11805339388854,0
93800,233.45165829173234,1
93800,224.40696936101048,1
93800,231.44592147037113,1
93900,220.03416094958322,0
94100,250.88058958951822,1
94200,211.45567294018454,0
94300,202.99621771436338,1
94300,202.25997039548614,0
94400,217.39671799119353,0
94500,213.7885135570555,0
94500,246.89173149968522,0
95000,213.81531774204595,1
95100,221.68765576621547,0
95200,205.8760438171369,0
95300,202.9760657912285,0
95500,216.9339168414618,0
95500,206.49369349700635,0
95500,207.68496834165984,0
95600,227.7528727712148,0
95600,221.69690523732692,1
95600,209.77449890874703,0
95700,225.13787945068208,1
95700,213.55149029422793,0
95800,221.62315524965206,0
95900,204.828621405956,0
95900,211.31959952799946,1
95900,221.887643771855,1
95900,192.68295521381557,1
96000,208.47709215943593,1
96000,197.61880145110732,0
96100,201.88660873520823,1
96100,223.72050377816117,0
96100,224.01806528389287,0
96200,218.77108034087323,1
96200,210.0907000991562,0
96200,225.38542116117188,1
96300,189.6074222981408,0
96300,199.68638456502995,0
96300,258.1960983588056,1
96300,195.4806946597611,0
96300,210.04926639819794,0
96300,187.99682411566224,1
96400,198.13381109813267,0
96400,188.75039346893698,0
96400,216.63926903448257,1
96400,187.06535326767923,0
96500,210.49177538520922,1
96500,205.00342299661588,0
96500,212.76809876320493,1
96600,236.11671159681921,1
96700,215.9466859459872,0
96700,213.74412741783482,1
96700,211.9383365762322,1
96700,224.00954507667015,1
96700,211.6333769427977,1
96700,202.18418997242404,1
96800,207.87392376008242,1
96800,185.3097720927083,0
96800,220.6519383843736,1
96900,231.69373905850273,1
96900,202.75135089177567,1
96900,228.374820974573,1
96900,215.35221338149782,1
97000,217.80732595619523,1
97000,208.9242468848588,1
97000,210.84555584887167,1
97000,213.24505026116069,0
97000,240.99482352754163,1
97000,209.16196627382317,0
97100,207.24223135197886,1
97100,230.13051410510025,0
97100,210.2418339557714,0
97100,206.8241569626266,1
97200,216.52942892273796,0
97200,212.08250163859844,1
97200,202.4764197051899,1
97200,214.09903750112338,0
97200,227.5815250948149,1
97300,215.55671143951798,1
97300,191.7965543659511,0
97300,180.19722870328724,0
97400,235.135609107585,1
97400,209.43922805103043,0
97400,209.68115715541632,1
97500,219.15324026184177,0
97500,202.22803939343848,1
97500,210.87711110658205,0
97500,191.4047452140673,0
97500,211.86465904731176,0
97600,213.1091556426628,1
97700,205.0597506641181,0
97700,229.6055604967163,1
97700,218.33496474309274,1
97800,218.9822594568108,1
97900,230.2978202885038,0
97900,180.92867144731653,1
98000,207.3203575743813,1
98100,204.87084034659063,1
98200,223.70002638560342,0
98200,210.4912699721517,1
98200,215.48526048789552,0
98200,236.7715331782237,1
98200,229.5755042766916,0
98200,205.09382838034375,1
98300,188.84720075068532,0
98300,181.31139372748237,0
98300,169.65088357044132,0
98300,218.36187941102227,0
98500,207.0603877416419,1
98500,199.02506595328163,0
98900,208.82796677786905,1
99000,187.8995720390517,0
99300,193.38958791717312,0
99400,208.29472405749763,0
99600,204.05334301125055,0
99900,213.88051761821993,1
100000,220.14860165193843,1
100000,211.39881101545836,1
100100,223.77790702049563,0
100100,196.69840155443492,0
100200,203.37051244639326,0
100200,220.68400827977052,1
100200,205.8114042112762,0
100200,184.7690885468222,0
100300,200.72502553623573,1
100300,221.0213364434325,0
100300,186.39329520357592,0
100300,207.7771614078617,0
100300,191.44995106191814,0
100400,182.51060945459835,0
100400,229.80589273332873,1
100400,234.19679850385464,1
100400,199.49912856076628,1
100400,226.58108218912108,1
100400,206.36236520055337,0
100500,219.26788974696865,0
100500,195.05611379396916,0
100500,210.9973144466117,1
100500,209.73173472847887,0
100500,219.3995377447709,1
100500,178.10294404537228,0
100600,204.96844120039134,0
100700,184.70747575667752,0
100700,210.04656091376822,0
100700,202.3013440329665,0
100800,224.96220367643892,0
100800,210.370476260438,1
100800,194.26301435947855,0
100900,220.61661869524013,0
100900,207.76999742483156,0
101000,197.67508889215304,1
101000,190.9699626092501,1
101000,224.4716903655989,1
101000,201.72030863359544,0
101000,204.17578625662782,1
101000,203.2128284448778,1
101100,202.1157999476783,1
101100,199.7984285448541,0
101100,212.93773561123956,0
101100,184.8174946703312,0
101100,223.5592830434947,0
101200,220.38245551619463,1
101200,204.86761089816878,1
101200,196.0893768255809,0
101200,214.82130708675635,1
101400,211.67368116866317,0
101400,210.69915685109822,0
101400,200.70397531180066,1
101400,190.16477918027275,0
101400,203.9541962710879,0
101400,207.62486371829425,1
101500,215.07287517223202,1
101500,200.50268853704355,1
101500,198.61180856017663,1
101500,223.952516062443,1
101600,194.7810752529357,1
101600,220.4852054646784,1
101600,212.16954102994728,1
101600,204.43446180793197,0
101700,215.15331504989854,1
101700,183.76836467967883,0
101800,218.15518153567672,1
101800,204.66931125785206,0
101800,198.40495489361152,1
101800,202.91831315384476,0
101900,239.80435107722036,1
101900,227.26055501603733,1
102000,216.1399037241471,1
102000,206.40804063566665,0
102000,200.6563633515913,0
102000,222.86116273294334,1
102100,211.43352173686762,1
102100,221.08499997086977,1
102100,186.81323606739318,0
102200,232.727151197611,1
102300,195.22485676313988,0
102300,202.20014483419064,0
102500,202.27908968256367,0
102500,199.7399856544549,1
102500,198.2083229927303,0
102500,205.88132652466558,1
102500,221.69491520644948,0
102500,225.79975704143004,0
102600,192.0196343583429,0
102600,209.9390398656039,0
102700,212.39267152139212,1
102800,223.8290143894053,0
102800,224.53246355022574,1
102800,227.60971225670218,1
103000,193.5672716727385,0
103200,226.9647933897938,0
103300,203.7337457864055,1
103600,203.3106431269986,0
103600,198.20553730148276,0
104300,211.950698993203,1
104400,197.15059717900454,0
104400,209.85441689530586,0
104500,191.07594826287342,0
104500,196.22363176511038,0
104600,202.29297823956725,0
104600,202.28260502233024,0
104600,204.214826065279,1
104700,216.3859567651384,0
104700,247.7571575390877,1
104700,228.5058916231934,0
104700,203.61814600157786,1
104800,220.54272291751724,0
104800,224.54569268352708,0
104800,216.74192120120577,1
104800,226.11267709906124,1
104800,200.6174412596106,0
104900,231.20444122323542,0
104900,216.98660081342982,1
105100,211.39914520930697,0
105100,212.59243848252035,0
105100,227.10846043207212,0
105200,194.82845477117263,1
105200,228.596469766846,0
105200,225.80153084067436,1
105300,232.69638961532922,0
105300,233.20983897735937,1
105300,227.64447487596868,1
105300,238.34067501163702,1
105400,193.78680619852037,1
105400,246.3964547304143,0
105400,219.37842495053343,1
105400,239.65465075747255,1
105400,228.9926955194877,0
105500,208.85590846410125,1
105500,192.22913224509534,0
105500,213.3941681981641,0
105500,225.69109810561696,0
105600,227.73206696163723,1
105600,196.21581889217998,1
105600,230.8027621390558,1
105700,229.42008952888963,0
105700,226.07854481101134,0
105700,224.62332199829333,1
105700,218.7652091156888,1
105800,231.68774030925928,1
105800,224.7874705599112,1
105800,219.402004029823,1
105900,196.2986835475055,0
105900,210.49285150676226,0
105900,238.6409893912163,0
106000,229.110953288042,1
106000,221.30522072588442,0
106000,212.1072561412618,1
106000,213.64091219577907,1
106000,246.57071152910257,1
106100,227.51783160684926,1
106100,227.21410990400423,1
106100,216.57205027867965,0
106200,231.914241795127,1
106200,242.81028341277172,1
106200,246.72984831553183,1
106200,207.65487842666042,1
106300,228.7399558688697,1
106300,206.13253844454331,0
106300,214.5265083837765,1
106400,230.9439863872376,1
106400,223.17703952688598,1
106400,230.63113164990546,0
106500,229.43579013225553,1
106700,229.50497315554676,1
106700,228.11145987627387,0
106700,218.92080567666767,0
106700,192.00047612930655,1
106700,226.25008891464185,0
106700,209.23637578138369,0
106800,235.91123208686435,1
106800,232.18164263321577,0
106800,204.28785220113613,1
106900,261.9399631033181,1
106900,196.48384040616335,0
106900,232.26568662438825,0
106900,254.87321012386806,0
106900,227.18956644566364,0
107000,214.30143217919357,1
107100,203.31599449908003,1
107200,222.70277638868,1
107200,229.69238391121,1
107300,218.05859460360264,1
107300,243.39199892087936,0
107300,205.8696837127106,1
107400,238.27344576765478,1
107500,263.54203843606746,0
107600,249.96578798773237,1
107600,236.77056543353427,0
107700,253.4582711117367,1
108100,234.83297229476756,1
108200,219.5516858177303,1
108200,224.48403838351584,1
108700,261.0875703244972,1
108900,220.3755348491392,0
109000,221.3992630167557,0
109200,235.99122998656156,1
109200,227.98871035570295,0
109300,222.2556867018371,1
109400,220.40375222782288,0
109400,231.83288127912368,0
109500,244.07996853230318,1
109500,237.76195933005275,1
109500,225.74259717517586,0
109500,229.41246008232935,0
109600,234.9135397521794,0
109700,237.148954835321,1
109700,252.29875128265172,0
109800,241.36838491129936,0
109900,254.32499724168582,1
110000,221.5842065439812,0
110000,235.78977168058904,0
110000,233.80731069590627,1
110000,250.98456674047088,0
110000,229.3282846849365,1
110100,236.7123548297081,0
110100,232.9299695730501,1
110200,236.92142994123256,0
110200,252.40212718607486,1
110200,267.5108822229231,1
110200,238.32459804701324,0
110300,277.77344121088754,1
110400,232.27902959700788,1
110400,249.25758275811063,1
110400,263.3930670935907,0
110500,246.24618702512652,0
110500,248.15056284148184,1
110500,231.73998871498588,0
110500,244.65022452863408,0
110500,249.28362236515,1
110500,240.9806766878696,1
110600,254.72001135882095,0
110600,238.50127426208266,1
110600,249.97654615876868,1
110700,236.40001744345943,0
110700,259.80383356782596,0
110700,236.24093487019772,0
110800,240.28292379758443,1
110800,252.9782346402958,1
110800,250.27223027771225,1
110800,239.66047579714703,1
110900,238.65036742033647,1
110900,256.88479896026206,0
111000,262.2541074318698,0
111000,247.0747148974578,1
111000,240.49928879485088,0
111000,240.79159284718426,1
111100,246.28491092697195,1
111100,260.49942587387045,1
111100,243.2336796469835,0
111100,250.19875954712543,0
111100,246.32063644981292,1
111300,253.88619191484503,0
111300,248.7268065785653,1
111300,244.06677742937006,1
111300,263.55639177291914,1
111300,239.0845120056809,0
111400,250.48510339798904,1
111400,230.42492114235972,0
111500,252.87351318019776,1
111500,253.22492952717494,1
111500,250.6077588869889,0
111500,234.66431889737058,1
111500,260.81822231221673,0
111500,245.10517199327742,1
111500,233.71276624368355,0
111600,262.79731931812273,1
111700,238.14069195073867,0
111700,235.43788863706732,1
111700,232.4287179203966,1
111800,237.96132856217562,1
111800,246.6658719329517,1
111800,237.78636923477944,0
111800,248.18388464275048,1
111900,244.51575985420394,1
111900,241.17182175438174,0
111900,233.04636958091095,0
111900,242.29866610334676,1
112000,257.62368545014346,1
112100,250.7711438456418,1
112100,240.00283125068654,0
112200,238.5048006143811,0
112200,238.59025065804315,0
112300,235.71982353731156,1
112500,250.65076703181248,1
112500,262.43320934448644,0
112700,251.97980523198706,1
112900,260.95480713052586,1
112900,254.3910850435607,0
112900,263.5749891264292,1
113000,232.95068460120635,0
113000,228.02875511548666,0
113600,258.68088943752906,1
113700,237.72367119600804,1
113800,228.77270059999927,1
114100,258.21472738122264,1
114100,230.23417189690423,0
114200,240.83935773362938,0
114200,236.32677609773918,1
114400,212.89640882607426,0
114500,234.42166583265137,1
114600,216.79837076131324,1
114700,210.43384847220554,0
114800,256.0028379739015,1
114800,263.42715694019364,0
114800,248.126598140746,1
114800,226.81121595349293,1
114800,204.83913935169156,0
114800,256.86823343058006,0
114900,255.1057261819883,0
114900,227.30961883136686,0
114900,221.59991014757074,1
115000,235.83949663934686,1
115000,209.2404011356529,1
115000,248.87231671951338,1
115000,240.92432781917023,0
115000,212.28641969349215,1
115100,206.93931442358235,0
115100,209.44473061561416,1
115100,239.29350795135718,0
115100,269.713366562835,1
115100,226.7365508816379,1
115100,234.33352837985575,0
115100,258.0497463415908,1
115100,217.4016700951673,1
115200,224.54362452539894,0
115200,275.6157853069966,1
115300,244.41559070776916,1
115300,222.63017798649753,1
115400,214.79331855330764,1
115400,200.2837824601447,1
115400,244.05962752163123,1
115400,236.8597377650995,0
115500,230.7249743114875,1
115600,210.24836869100918,0
115600,227.4747054700074,1
115600,242.32519618459608,0
115700,229.70435221045224,1
115700,227.92134143769567,1
115800,252.08807761219828,1
115800,217.60554552660423,1
115800,225.44204925172713,0
115800,242.90778709680706,0
115900,211.37437974204903,0
115900,228.57718673770952,0
115900,235.22411611304568,0
115900,227.35987858015554,1
116000,209.02747998250598,0
116000,239.26685946345157,1
116000,254.65738828573467,0
116100,253.62484219619435,1
116100,265.75370080986596,1
116100,215.91681276608318,0
116100,208.33420111671967,1
116100,213.99914110053518,1
116100,223.54493154831036,1
116100,224.92730741246103,1
116100,226.49294841879907,1
116200,210.26019549228496,0
116200,220.33394486635046,1
116200,230.98989461040472,1
116200,211.55751385891676,1
116200,220.2988085017905,0
116200,226.37920165463782,1
116200,243.74706571008159,1
116300,229.29919554405313,1
116300,247.82778100581575,1
116400,233.85933024966405,1
116500,200.07109811334516,0
116500,239.51999239356542,1
116500,217.01318347846836,0
116500,226.36855387185153,1
116500,223.3637590088557,1
116600,223.4808734913462,1
116600,206.6649599008563,0
116700,225.7002577340571,1
116700,223.10805733961885,0
116700,227.57743516574047,1
116800,231.00587384645073,0
116900,228.80399203921877,1
116900,233.19420936854888,1
117100,237.35657205301558,0
117300,223.8598672782786,1
117300,213.02616019234776,0
117300,223.47923615722664,0
117300,237.4814287895025,1
117400,239.74253469099278,0
117500,214.8795141717589,1
117600,218.04958393689094,1
117800,227.84297818359087,1
118000,235.733191167456,1
118100,237.80991997510682,1
118600,227.82725588487764,0
118700,231.88898800782215,1
118800,221.00694633827666,1
118800,219.75760907464417,1
118800,250.111893089367,1
118900,219.78581503785696,1
119000,224.80715197360578,0
119000,205.35878321888313,0
119100,220.2248568038405,0
119300,219.1968070861586,0
119500,238.0184675921426,0
119500,223.3814525471845,1
119600,227.75678669707963,0
119600,228.14492676668263,0
119600,227.913356368484,1
119700,221.4195413069998,0
119700,214.73501147543095,1
119700,216.04931821637499,0
119700,228.3331110397751,1
119700,229.67190117616533,0
119800,227.7192662349137,1
119800,237.99715088910105,0
119800,224.95803127752532,0
119900,233.4314796274128,0
119900,227.11003374384163,0
119900,230.80263142039593,0
119900,211.19477791945187,1
120000,239.2009537057501,0
120000,233.9476908270569,1
120000,240.13443600772877,0
120000,237.24484227636452,0
120100,214.6568278851834,1
120100,232.27024989820137,1
120100,226.62000968018975,1
120100,212.81798129197367,1
120100,237.67263063194326,0
120100,239.20883463752466,0
120200,213.25501452117993,1
120200,237.29034769621418,1
120200,206.69843063349504,0
120200,233.09087830171623,1
120300,234.17187343570004,1
120400,240.20991016609304,0
120400,264.22346294416354,1
120400,216.69104038307816,1
120500,212.44060673002218,1
120500,242.80110868837596,0
120600,239.08021344496845,1
120600,219.75429645436947,1
120600,225.28448900786444,0
120600,218.1051300316808,0
120600,224.3440474322593,1
120600,239.0504017287814,1
120700,238.0374008025743,1
120700,217.59379800565466,0
120700,234.01672676665478,0
120800,219.81546690473527,0
120800,233.20193391570123,0
120800,220.91008752188262,1
120800,216.64672554652924,1
120900,220.50331744917665,1
120900,223.70316348678023,0
120900,230.77919563781964,0
120900,225.73009143477313,1
121000,226.5765598752307,0
121000,230.24359599980716,1
121000,227.64693712734513,1
121000,240.939618569924,0
121000,230.76096384267058,0
121000,229.06200659382438,1
121100,216.81875251296685,0
121100,230.53494514478686,0
121100,236.86567760179088,1
121200,222.46312409161845,1
121200,233.1023852008701,0
121200,221.7294578502118,0
121200,244.47596735878903,1
121400,227.17377616141312,0
121400,240.5215397498192,1
121400,231.5698436248658,1
121500,242.98455772706265,1
121500,216.70413229658988,0
121500,232.09855028297198,1
121600,232.01839855000821,1
121600,242.85242242402575,0
121700,238.3617745332987,1
121700,207.2691625521405,0
121700,226.20952527480463,0
121800,237.20568071902616,0
121900,226.17445688334632,1
121900,248.9933844872393,1
122000,224.44086675503445,1
122100,228.82597833463882,0
122100,230.28563778454873,0
122300,231.6754407035764,0
122400,202.57301687404905,0
122400,232.89394944101986,0
122500,230.67295536454765,1
122700,232.82183059419953,0
122800,226.98929734167407,1
123300,210.34359949724495,1
123300,224.1051896041538,0
123300,219.678757685424,0
123500,223.64679707566725,0
123600,222.95198995452782,1
123700,235.16177567601773,0
123800,229.0078298050959,0
124000,231.89636751034124,0
124100,238.29853870309177,1
124200,232.94428807204474,1
124200,216.76116230167818,0
124200,215.6594975518586,1
124300,216.41233147989743,1
124300,226.59356873269812,0
124300,227.55613395102648,1
124300,219.59425264832873,0
124500,230.5501337761891,0
124600,220.10938361854974,1
124600,238.610510629013,0
124600,226.21006457085215,0
124700,220.75686467643922,0
124700,236.3298805837829,1
124700,232.06292650426917,0
124800,209.50797312184164,1
124800,217.99357480431019,0
124900,231.81956857989704,0
124900,241.2390876933779,0
124900,229.2498366840952,0
124900,246.99539195251458,0
124900,232.81985664683825,1
124900,226.55683447856256,1
125000,240.59369026052923,1
125000,245.04133061904895,1
125000,242.74249326562577,0
125000,231.71566024470343,0
125000,228.08534915159197,0
125000,227.40144720160626,0
125100,233.28019449287152,0
125100,216.03509012193,1
125100,241.88393541263835,0
125100,222.29313370967134,0
125100,211.30618487253082,1
125200,223.85706390253853,1
125200,227.92704302937062,0
125200,214.3730173572552,0
125300,221.70004730259694,1
125300,248.47377356644597,0
125400,231.27212538042517,1
125400,252.0017673835502,1
125500,219.24767569218457,1
125500,230.38968914994382,0
125500,228.94620568619197,1
125600,234.17982825170967,1
125600,256.4016278996009,0
125600,237.65639011234887,0
125600,221.8507255891993,1
125600,227.05639143610247,0
125600,219.89721345250197,0
125700,230.5486889263149,0
125700,239.1671409263128,1
125800,226.79046877739762,1
125800,240.2529708929787,0
125800,216.55845438644926,1
125800,227.89634388196976,1
125900,240.8892822950542,0
125900,232.85874698782757,0
125900,221.01993171505794,1
125900,236.14280933082975,1
125900,229.65826287146146,1
126000,232.4034414100608,0
126000,228.24013245625127,1
126000,237.01890930153843,1
126000,233.18797837109454,0
126200,243.57864350977155,1
126300,223.32473738050325,1
126300,250.65214816809194,0
126300,226.5961868061559,0
126300,247.60375933410097,0
126300,230.82533547417916,0
126400,232.48202175021353,0
126400,237.45537190388933,0
126500,233.21005318543914,0
126500,218.19169070115606,0
126500,226.42980047923132,0
126600,255.90086376544156,1
126600,220.50942525059583,0
126600,245.97420392552735,1
126700,238.21252967811887,0
126800,239.63774116364706,1
126800,240.82449089583267,0
126800,224.4331627638802,1
127000,257.89519032751883,0
127000,221.17463386363283,1
127100,238.4316510522588,0
127100,231.9257977582841,1
127200,228.45918453495446,0
127600,227.31587197951492,1
127600,231.5806240939731,1
127600,242.12975440929114,1
127600,250.19081671175294,1
128100,228.40917423313593,1
128100,225.87195656843934,0
128300,237.14120455500392,1
128300,227.30392645558024,0
128600,234.58406620378196,1
128600,202.67417464649145,0
128800,227.95695657612708,0
128800,220.79935338800692,1
128800,240.04677246122202,0
128800,239.27114866365,1
128900,220.09199177762733,0
129000,225.1905365360501,1
129000,218.02350788289664,0
129100,228.6046669757872,1
129100,223.2868292775771,1
129200,220.10853621891084,1
129300,209.63888776931452,1
129300,202.0772851055272,1
129300,208.81033852935195,0
129300,220.53567644562813,0
129400,245.6999348835152,1
129400,209.88084883902425,1
129400,214.91430105798725,0
129400,223.42441941053167,1
129400,206.15735592479868,0
129500,217.1999455824602,0
129500,217.44830372397232,0
129500,235.30397966096015,0
129500,218.4735849496997,1
129500,231.85990996951125,0
129500,208.7987374266892,1
129500,209.00878675845226,0
129500,211.11954917535763,1
129600,233.56291405775474,0
129600,212.07571167521849,1
129600,192.12026577259022,1
129600,196.88107775587926,0
129600,215.27700347562944,1
129600,210.7707540363406,1
129700,190.76118682027922,0
129700,215.81256985547205,1
129700,210.25428074016375,1
129700,207.1586553712026,1
129700,215.91481399352108,1
129700,233.8580390778848,1
129700,221.1885479903934,0
129800,220.31667460404773,1
129800,223.22863938231774,0
129800,194.69724659415888,0
129900,209.08517751257398,1
129900,243.69991208849459,1
130000,206.73940224057304,0
130000,207.99561735419482,1
130100,212.88080900506353,1
130100,206.7295449882736,1
130100,226.20726189747717,1
130100,211.02595296068978,0
130200,205.91421893545126,1
130200,223.6309249119659,1
130200,202.85219004479828,0
130300,206.2875177589398,0
130300,212.62175071053693,1
130300,210.09798245255402,1
130400,205.78637126926762,0
130400,226.13993004856698,1
130400,216.11676511457,0
130400,211.6901026157191,0
130500,216.15708566848411,0
130500,218.87761824507933,1
130500,201.71438590045418,0
130500,218.0899039435318,0
130500,236.7772515701718,1
130700,205.35314090625928,0
130700,202.47584398076717,0
130800,215.33893364114138,0
130800,214.06111382100215,0
130800,223.12745708189362,0
130800,212.20825935099342,0
130900,235.38698880145625,1
131000,204.98315722251283,0
131100,219.0331462975793,1
131100,228.42370475405522,0
131100,211.83615032141054,0
131200,214.74690462325378,0
131200,222.34630217170132,0
131200,207.29447387772225,1
131200,209.9494228964371,1
131300,237.91016353744135,0
131300,227.0271530169789,1
131300,203.92048649862187,0
131300,219.45514757035264,0
131500,207.86314519713656,0
131600,231.3412936599511,1
131700,223.5429477870172,0
131800,200.93161439709309,0
131900,223.26151014112074,0
132000,233.43135311222474,0
132100,214.6817107234298,0
132200,215.15849275580604,0
132300,227.3340160186099,1
132400,202.95512341385202,0
132800,223.8862068630469,0
132900,217.25690871679697,0
132900,217.06002579690454,1
133000,207.9904759988657,0
133100,205.23663978292845,1
133100,207.29792846684407,1
133300,209.7332329298043,1
133400,217.54164481517475,1
133400,207.54590256507288,1
133400,215.65553182838963,1
133500,214.13977802039284,1
133700,215.1300888497299,0
133700,225.26049849534323,0
133700,202.32827244168,1
133700,211.30323748737064,0
133800,207.2011591259997,0
133800,192.59771885672157,1
133800,205.17872826204353,0
133800,211.20328457778572,1
133800,222.84649458142414,0
133900,196.46316801188985,1
134000,208.96041790830472,0
134000,205.09126690531775,0
134000,218.18063982476338,1
134000,215.0055921036966,0
134000,221.09488831162238,1
134000,212.07232617806068,0
134000,209.69503975511276,0
134000,209.62852432489183,0
134000,221.64825865085322,0
134100,211.1646299568438,0
134100,213.0265821718224,1
134100,217.11391281409638,0
134100,228.38668401382967,0
134100,223.97951906685273,0
134100,218.1380301525549,1
134200,207.92300059651836,1
134200,218.43923744461122,0
134200,217.12216540120386,0
134200,189.99498535731502,0
134200,221.01146634306554,1
134200,217.80506348731325,1
134300,220.01108069177621,0
134300,234.87848637026678,1
134300,217.87282657348416,0
134300,223.05801489210896,0
134300,200.7841615860323,0
134400,223.38565967658218,1
134400,218.73404648653178,1
134400,218.93279173600743,0
134500,217.71420928355485,1
134500,221.30991114548746,0
134600,203.36138502787873,0
134600,217.67719372644228,0
134600,219.51459550090115,0
134600,201.40149831706688,0
134700,213.84033286591824,1
134700,220.59946015762034,1
134800,214.56232310008096,1
134900,225.23076406434382,0
134900,218.0363005907651,1
134900,229.9172442693141,1
135000,219.89870646830568,1
135000,204.46842425002083,1
135000,220.4442245944739,0
135000,219.50379023724278,1
135100,221.94853075616138,0
135100,196.1324428518077,1
135100,201.13875796506338,1
135100,219.60512196565236,0
135100,218.21591805315964,1
135100,218.6854065289618,0
135200,225.25992247036137,1
135300,192.94615022291725,0
135300,192.1146728747497,0
135300,233.19445201367614,1
135300,215.38037685495644,1
135400,190.9403917828692,0
135400,217.46666901679913,1
135400,204.42051388558286,0
135400,200.85599277943177,0
135400,225.0645121354112,0
135500,203.98042325575807,0
135500,216.03892811145593,0
135500,224.30414395626488,1
135600,214.26373357908494,1
135700,207.8733905236598,1
135700,209.14503390033352,0
135800,218.02375841798144,1
136000,213.34729907454383,1
136000,211.47933316658353,0
136200,211.64285991423586,0
136200,198.13105474399865,0
136200,232.55516383931518,1
136300,209.51704070003302,1
136500,204.03075038736327,1
136500,221.76895273919055,1
136500,208.09454703897043,0
136800,215.88753444258055,0
137000,218.6797397764063,0
137200,208.9745117433814,0
137200,195.27377063022004,1
137300,208.70005654336057,1
137300,206.87852417118071,1
137600,200.40406038947032,1
137600,197.88130846607564,0
137700,216.00800570094907,0
137800,224.12700605548523,1
138000,217.09902312988243,1
138000,202.88065371834145,1
138000,218.61537998476817,0
138100,207.0765250561929,1
138100,202.67248660085988,0
138200,182.91647109671067,0
138200,206.729668091723,1
138200,211.12769181325598,1
138300,230.14042486885643,1
138300,204.32025146395023,0
138300,198.98767317621653,1
138300,215.0115101226863,0
138300,220.36304663566068,1
138400,200.91986514511117,1
138400,218.16061275788135,0
138500,211.5749357262489,1
138500,213.53021666072272,1
138500,204.38302060737547,0
138600,226.4882471171222,0
138600,206.3103956490538,1
138600,221.84911571927583,0
138600,229.33727777649938,0
138600,200.1359584877105,0
138600,218.2845014351847,0
138600,219.01728083302496,1
138600,213.03507569898142,0
138700,214.5756241837426,1
138700,216.61612489919233,0
138700,215.67902521540867,1
138700,214.27053626638465,1
138700,222.14502847349738,1
138700,211.25708979760324,0
138700,211.77864034750064,0
138700,222.11993434483662,0
138800,213.6324399514411,1
138800,223.0930977757426,0
138800,210.6453582420366,0
138800,208.87286270120478,0
138800,205.4843134274705,1
138900,214.1729796373253,0
138900,216.8623560531127,0
139000,212.84680435505226,1
139100,209.55490552317323,0
139100,220.05382304076488,0
139100,208.4402504058259,0
139100,207.85801794899686,0
139100,217.77518401271294,1
139200,215.515576664266,1
139300,221.1728463616831,0
139300,210.1765998434309,1
139300,222.27455624949536,0
139500,207.52989531681322,0
139500,214.86576526187784,1
139500,197.07963534214048,1
139600,225.59007875803195,0
139600,223.93731596233587,0
139700,219.06609226262762,0
139700,203.56808641084854,1
139700,215.4714351289696,1
139700,219.99788618578702,1
139700,221.90077578605698,1
139800,202.34494515985946,0
139800,224.79891146063778,1
139800,207.56871001022054,1
139800,221.82628740333848,0
139800,223.69833186200927,1
139900,215.55217046854523,0
139900,231.2037045871225,0
140000,217.0606425238898,1
140000,225.24161033184598,0
140000,212.48707446807276,0
140000,237.54837273753276,1
140100,225.33237294860118,0
140100,232.6926996396001,0
140200,227.1138453208683,1
140300,238.65752841854282,0
140300,219.750197459311,1
140300,226.45873026663241,1
140400,234.00554734208967,1
140500,229.24848230895253,1
140500,224.83946468780894,1
140600,221.03370947991147,0
140800,231.24650290123896,0
140900,225.4255835107256,0
141000,213.46011977605872,0
141000,223.46268672388604,1
141100,229.85199753577544,0
141100,218.57583078551346,1
141100,222.2726894382372,0
141100,229.2101385595695,0
141300,213.37534694813138,1
141700,214.40301929909864,1
141800,222.92517068462925,0
141800,220.76707101260484,0
141900,174.6257366849582,1
142100,227.86726640296533,0
142300,224.12929231254725,1
142300,182.50633451410553,1
142400,217.3304294443082,0
142400,227.80048285405834,0
142400,226.10577276803693,0
142500,251.00148781939177,0
142500,177.32416570295908,1
142500,210.14474108318032,0
142700,213.86747597147897,1
142700,215.73891269391217,0
142700,217.78620817701162,1
142800,230.20453597043922,1
142800,215.94914959351553,0
142900,212.10089182130505,1
142900,222.19521361563434,0
142900,225.45644133633712,0
142900,236.7730387463693,0
143000,208.76359557764755,0
143000,191.7616681948397,0
143000,217.72072727738396,0
143100,211.09430341730845,1
143200,234.31940373946233,1
143200,220.52027397684387,0
143200,219.125913380944,0
143200,225.0362661578504,0
143300,215.27585205533344,0
143300,217.20659770672663,0
143300,226.32747331700233,0
143400,228.96791948866695,1
143400,241.84337882564532,0
143400,221.88885992499732,0
143400,227.03347391543687,0
143400,224.2657520254615,1
143500,224.74929586035546,1
143500,234.35103775647588,0
143500,222.1263768624814,0
143500,226.28956084184003,1
143600,229.5818223623613,1
143600,231.03607849768025,1
143600,226.29963433298337,0
143700,236.88395531077205,1
143700,224.07990052737966,0
143700,232.04277905325898,1
143800,226.4848671797449,0
143800,220.71911812474752,0
143800,234.91477572077386,1
143800,223.10557070324128,1
143800,239.78183274287252,1
143900,231.0392711744666,1
143900,217.4726751633246,1
143900,214.4996142605198,1
143900,227.77742202241706,1
144000,250.0895278557493,0
144000,225.14037321875264,1
144000,221.69196021371832,0
144100,201.62203586698058,0
144200,207.57948551149067,1
144200,224.16311232750314,0
144300,218.1790941011466,1
144300,225.13208457344663,1
144400,233.409625248468,0
144400,236.08655243513246,0
144400,228.51345537107252,1
144500,225.2946233129768,0
144500,225.79576397377707,0
144500,233.06849296206704,1
144600,222.63091426485397,0
144600,230.49746167659697,0
144700,219.888038437092,0
144800,231.80693993076667,0
144800,242.56762336625974,0
144800,240.51091961893152,1
144900,230.6879010140491,0
144900,233.30114187446418,1
145000,221.717384022239,1
145100,238.05695719012428,0
145100,223.09860184044064,1
145300,237.3885686197728,0
145300,250.01153867327184,1
145300,252.7932224212164,0
145400,230.9079978007328,1
145500,220.51826768998464,1
145600,250.93439331006667,0
145700,175.08467843744612,0
145800,231.55087991044502,0
145900,225.47053235715427,0
145900,226.77410870593556,0
145900,226.18038763700667,1
146000,234.61523889498628,1
146300,252.19964235069233,0
146300,236.61935621818145,0
146400,253.98982564377434,1
146400,279.57240064586017,1
146500,291.04415149378394,0
146700,234.60972449612254,1
146700,177.8211383887398,1
146800,239.20211856891328,1
146800,170.67884346304427,1
146900,161.03996298707136,1
146900,227.64663470612882,0
146900,214.20556247517604,0
146900,234.83480714704416,0
147000,170.1789086494075,1
147000,223.50135261674245,0
147000,334.26710175850957,0
147200,175.42376352974512,1
147300,222.7235469008514,0
147300,233.1695663190765,0
147300,236.62246446865873,1
147300,160.7390248846586,1
147400,212.96555045459314,0
147400,167.190137713259,1
147500,237.7423760985329,0
147600,203.38507884040126,0
147600,233.02992848396548,0
147600,243.38032257659137,1
147600,236.79630355606616,0
147600,233.48107001777498,1
147700,164.20045927254904,1
147700,171.2392392783162,1
147700,215.82583470885314,1
147700,220.57103864689347,0
147800,229.51694051112963,0
147800,195.79702329665884,1
147900,232.7958923688559,0
147900,215.25088830130895,0
148000,216.3600442987893,1
148000,245.79046350178385,1
148000,206.19282642198465,0
148000,214.94486188724827,1
148000,357.78286653594023,1
148200,230.2709476193661,0
148200,204.53231550594342,1
148300,232.85641483016366,0
148300,224.33180621217937,0
148300,252.9467970856419,0
148300,213.8506138948781,0
148300,228.0582080737936,0
148500,208.12452358177998,1
148500,211.43838369749085,0
148500,231.01493343248615,0
148500,176.12345038235134,0
148600,219.95173481855983,1
148600,232.79384067356568,1
148700,220.0962015642381,1
148800,229.9507980029086,0
148900,284.2408054459884,1
148900,274.7026112673032,1
148900,239.8878211765533,1
149000,236.24768992495675,1
149000,248.0221548628182,0
149100,237.1203052010217,1
149100,256.005868661256,1
149100,214.1745022599107,0
149300,254.93892383383036,0
149400,80.53590809948167,1
149500,262.58249143700846,0
149600,244.8686370004076,0
149600,263.45237377110465,0
149600,259.0976494250276,1
149600,77.39757697525535,0
149700,71.64213042453065,0
149700,260.5545219931915,0
150200,287.8256236687935,1
150300,275.5924244662532,1
150400,285.3041940237487,0
150400,288.105474733065,0
150800,71.65096047185577,1
150900,306.81994654384647,1
151000,359.6813039522124,0
151200,297.5024127342082,1
151300,143.98316562244185,0
151300,71.26347442059948,1
151400,71.55248391776043,0
151400,318.4798156874401,1
151500,263.0648145085243,0
151500,71.22350921936088,0
151800,312.70262363824804,1
151900,327.9932653819071,1
152000,71.31078791898557,1
152000,66.57880369122539,0
152100,71.40162308054828,1
152200,77.31083985007061,1
152400,349.82928330835216,1
152400,299.76376165558014,1
152600,71.23950096023884,1
152700,331.4441827660213,0
152700,301.14879729393755,1
152700,259.28236799874287,0
152800,352.89154773722925,1
152900,66.76813746684226,1
152900,354.0063285906951,1
153000,291.81598560247426,1
153100,243.0644398373038,0
153100,69.81274285882,1
153100,71.24155795448898,0
153100,66.62115592408578,1
153100,71.46559754004693,0
153300,327.37733708375174,1
153300,327.7790250537218,0
153300,358.85287028097133,0
153300,311.267870683169,0
153600,273.11190439913946,0
153600,66.63039274151876,1
153700,400.06053933562947,0
153700,376.1516713322025,0
153800,371.2077796146398,1
153800,318.1154448014963,1
153800,66.49727166965472,0
153900,65.83008716059693,1
153900,293.84012333696705,1
154000,78.70071448844057,0
154000,353.9308725905096,0
154100,71.50567529903164,1
154100,386.0809135651576,0
154100,90.36546934453756,0
154200,335.83333124791403,1
154200,322.310475906314,1
154300,285.9519985350721,1
154300,259.10387263785634,0
154300,72.6879961316057,1
154400,307.7276582935006,1
154400,356.7184808919253,0
154400,348.3953080989782,1
154400,314.64273732909334,0
154400,374.7392479179707,0
154400,71.40344661216535,0
154400,427.6115644231165,0
154400,310.93289942718786,0
154500,327.25549136599733,1
154500,71.17293124393987,0
154600,415.5772246937592,1
154600,302.9012400505161,1
154600,356.32475509946516,0
154600,303.9989728332119,0
154600,321.85614431373097,1
154700,66.57213044864477,0
154700,319.0810787434292,0
154800,71.24609262609543,1
154800,71.39207029570558,1
154900,290.7374903416511,1
155000,71.44750178948055,0
155000,281.7168564290908,1
155100,80.501241274343,0
155100,343.0771634614615,0
155200,295.24871212027745,1
155200,327.1275035915507,1
155200,313.42800444828345,1
155200,324.4476040272187,0
155200,334.077774988894,0
155300,416.9917363671927,1
155300,71.23274837902085,0
155300,66.74411997236298,0
155300,347.4890354438096,0
155400,66.44200777543257,0
155500,345.70902767659135,0
155500,71.41678767663572,0
155500,379.9377321944041,0
155500,285.9381017069747,0
155600,74.89883961121332,0
155600,64.82899328431023,0
155600,350.13619347337357,0
155700,383.3756043146116,0
155700,340.66025881532045,0
155800,362.3143961403794,0
155800,366.17066444423796,1
155800,382.6184536599029,0
155900,74.10777951189078,0
155900,373.44262137575333,1
156000,74.23793646767672,1
156100,75.6858577684033,1
156300,421.93621205588425,0
156300,375.30004065425726,0
156300,68.38476350072217,0
156500,340.0891940519549,1
156500,390.0634295019748,0
156500,313.84612903916997,1
156600,357.45068967298954,1
156600,379.1382752576065,0
156700,542.9504008954506,0
156800,325.36414560707243,1
156900,346.71905395731005,0
157100,376.2703618315478,0
157200,332.4311762749325,1
157300,416.13116536963776,1
157400,392.2384855566132,0
157400,129.46583581822512,0
157400,379.37664237859946,0
157800,479.19621431545244,1
158000,387.76281599735785,0
158500,386.82505356974906,1
158600,344.37138053679035,1
158900,287.8474830843168,0
159100,492.4724806862817,1
159300,438.6897325047524,0
159400,250.47862992063872,0
159400,73.48421768468795,0
159700,454.1723108613289,1
159900,316.63141273886885,1
160000,480.7148828744936,1
160000,312.1316652467369,1
160000,341.5924124178326,1
160000,379.60781170962804,1
160600,297.376681147723,1
160700,315.7324957624099,1
160700,322.4033975221925,0
160800,222.45101006607567,1
160800,336.4967141939944,1
161000,254.93647810307652,0
161500,330.329609224383,1
161600,298.8199401118338,0
161600,309.4940050320866,1
161600,306.71613864053126,0
161800,256.193353540897,1
161800,323.15009575870084,1
161800,504.80276451907633,1
161900,370.9121966964152,0
161900,242.46080392770637,0
162100,317.95938666130235,1
162100,405.2141937270772,1
162200,349.67506942876565,1
162200,254.98827225936606,0
162500,361.8988792378931,1
162600,422.26696262479754,1
162900,368.4906633433186,0
162900,226.29071845518703,0
163100,738.8052539966178,0
163100,321.8274497555811,0
163100,326.34685860188597,0
163200,283.8584913267327,0
163200,349.646948219883,1
163300,376.1529872558303,1
163300,368.59212044598945,1
163400,310.1594349895061,0
163400,328.64433309043176,0
163400,345.78623964315193,0
163500,368.9768313726326,1
163600,150.90293011796504,0
163600,432.5277457144817,0
163600,297.0293303049801,1
163700,421.9753668350585,0
163800,400.8579256472015,1
163800,379.5768817007947,1
163800,164.28164353106655,1
163800,265.8161755909116,0
163800,179.12364963416078,1
163900,316.14155875988223,1
163900,387.5954899658477,1
163900,409.4717645895732,0
164000,352.33747028352764,1
164000,346.57121345744565,1
164000,377.974316031993,0
164100,363.1475982908127,1
164100,388.4891390231775,1
164200,332.6286795211597,1
164200,420.61621250323344,1
164300,356.95396433533614,1
164300,396.56560930152096,0
164300,369.2125715058734,1
164300,365.15714118062044,0
164400,359.83231402496335,1
164600,343.862350336183,1
164600,407.77521500139017,1
164700,168.35739057269197,1
164700,412.49561926040553,1
164800,212.60190519005798,1
164800,411.1483062449209,1
164900,429.3211500609014,1
164900,227.5124092824714,0
165000,183.51023184602056,0
165000,232.51713633365733,1
165100,205.39367183470299,0
165100,446.5907266147257,1
165200,181.1405074168557,0
165200,499.5931456381088,0
165400,514.0835453659389,1
165400,477.31628761407114,0
165500,389.6276398575004,0
165600,158.94893834786643,0
165800,174.6949922216984,1
165800,482.46168649602157,0
165800,179.52844353208468,1
165900,314.49580200988424,0
165900,392.46991758283343,1
165900,432.96951980595105,0
165900,315.75621719019637,0
166000,165.4741428148088,1
166000,313.42996463005403,0
166100,184.37067276794093,0
166200,203.63993132295647,1
166200,442.43614600371126,1
166400,685.1335008572286,1
166500,440.499545870271,1
166700,522.3619372754202,1
166700,228.8220401313449,0
166800,172.50493792782996,1
166800,242.988425907851,1
166900,204.14631339682387,0
166900,162.43793112351437,0
166900,162.8501042149125,1
167000,387.5371241053124,0
167000,355.9219439256968,1
167100,430.9806744960652,0
167200,306.23552021043827,0
167300,249.64209445134543,1
167300,170.02777132321364,0
167400,595.2131554384954,1
167400,167.29082474728122,0
167500,166.9153403886984,0
167600,169.56661605952453,0
167600,154.8225787819256,0
167700,547.5500674745892,0
167700,140.52198002210687,1
167700,536.701733264127,1
167700,171.9127229235648,1
167700,170.22116378598946,1
167700,1005.5815940705529,0
167800,181.52471239601167,1
167800,199.59914417565003,1
168000,169.5136792610771,1
168000,227.03037670321325,0
168100,239.64092986434244,1
168200,460.61560166229305,1
168200,382.96250256555135,0
168200,222.50855272067733,1
168300,782.9272090682991,0
168300,223.77129829962794,0
168400,153.1299412372029,0
168400,497.20463493801606,1
168500,540.4445948438678,1
168700,195.70299915261788,0
168700,171.62935110517407,1
168700,202.9788258197119,1
168800,245.588673654551,1
168900,172.7051576826165,1
168900,321.7109048097556,0
169000,273.8896615183151,1
169000,161.9516751386534,1
169000,177.4725805203269,0
169100,276.31152342594976,0
169100,332.6417915907828,0
169100,163.0615824545587,0
169100,174.8073944629128,1
169100,188.44012770725766,1
169300,249.22188756888295,0
169400,231.61645180741772,0
169400,251.69870997410771,0
169600,369.5717353503639,0
169600,540.2390605492684,0
169600,418.6084791519083,0
169600,162.15612764738788,1
169600,213.8531157543718,1
169700,272.823077744093,1
169700,236.32178790894125,1
169700,219.84806901200798,1
169800,340.0552370707674,1
169800,172.7347905048402,1
169900,179.61364072565232,0
169900,168.281204018997,0
170000,162.90587440654966,0
170000,423.95610119663087,0
170100,295.21288310321955,0
170100,288.48873368222655,0
170300,275.12652434481413,1
170300,184.1241150138349,1
170400,310.9368760084582,1
170400,363.71492557586726,0
170400,549.8341807678603,0
170400,304.0281445947147,0
170500,218.4049342080048,0
170500,297.260179323427,0
170600,708.7474728968562,1
170600,215.60983966350724,1
170600,172.68032969598949,1
170700,159.20979738748193,1
170800,168.6872285369527,1
170800,266.69262835352777,1
171000,207.244299237395,0
171200,740.4096246958865,1
171300,151.2583148043079,1
171300,171.26531399058663,1
171300,163.50999134944675,1
171400,254.15307319028418,1
171500,167.17833009667132,0
171500,150.69192948086624,0
171600,231.11179430491947,1
171600,172.61166017639636,1
171700,372.3308074238969,0
171700,224.96072270331214,0
171700,218.42586789558598,0
171800,154.1626446631061,1
171800,653.8921915726024,0
171800,164.88064158898607,1
172100,383.3229044424555,0
172300,237.40594239171753,1
172400,154.9905530307026,0
172400,370.4390219079902,0
172400,173.66394683372963,0
172500,160.58320110573553,0
172500,152.99990542248062,0
172600,281.2438850738729,0
172600,170.15034892614568,0
172600,336.5883035692884,0
172600,189.13846371825434,1
172800,335.1334065522012,1
172800,151.99958945784664,0
172800,353.97800705530346,0
172800,238.7625858866099,1
172800,408.66134941098534,0
172900,302.9751674092992,0
173000,166.40613547513456,1
173100,332.87821643467714,0
173200,349.0492460242875,0
173200,220.74485622601824,0
173200,161.12137545518976,1
173400,454.2687206522009,0
173500,170.39249754983783,1
173600,233.93657323150748,0
173600,180.0565347787536,0
173700,280.5145310792605,1
173900,882.4661318682631,1
174000,322.8090801648342,0
174100,372.2414653404789,0
174200,169.14883132785914,1
174300,323.7170102654184,1
174400,358.5578076323185,0
174500,326.5042292942823,1
174600,251.29730005065528,0
174700,175.23606797177152,0
174900,366.23097921132387,0
175000,319.3085625973339,1
175000,154.02233693681424,1
175000,159.54371635550928,1
175200,299.6916733699456,1
175200,285.434010367643,1
175200,154.32744933958259,0
175400,305.1320808195085,0
175500,341.0211913894481,0
175600,340.12095659824854,0
175700,320.2376134531266,1
175900,322.2180541148579,1
176000,399.8301312900883,0
176400,407.0725086324889,0
176600,406.30855815328596,1
176600,339.05594737651666,0
177000,397.95316649074664,1
177000,379.17540032247524,0
177000,353.73340877197626,0
177100,296.5489865089705,0
177100,281.97420488999234,0
177300,197.62578124070012,1
177700,494.61836547416436,0
177700,350.3009131007939,1
177700,347.7923022468219,1
177800,390.0542262765291,1
177900,323.3066048160377,0
177900,343.3754875234519,0
178400,373.2991827033195,0
178500,171.14941386782684,1
178500,363.38100831838796,0
178600,321.6946416322403,1
178700,354.63849662642787,0
178800,163.0122850794469,1
178900,354.70152928682705,0
178900,285.3673525382796,1
178900,338.75074286560806,0
178900,180.49219731654236,1
178900,171.92455396359279,0
179000,176.03961378978804,1
179000,183.15501717366365,0
179000,164.18655209610856,1
179200,406.2214008663054,0
179200,301.7764356087301,1
179300,178.8708696841681,0
179300,506.33044942491745,0
179300,182.21008164391372,0
179300,361.8210120907552,1
179400,458.1246659540009,1
179500,356.742934411598,0
179500,292.21120570685656,0
179500,176.6707442716565,0
179500,417.21344134068374,1
179600,415.4297135227203,1
179700,181.31869546740788,0
179800,193.80684139746478,0
179800,400.8337400977832,0
179900,363.01768590297377,0
180100,195.24611712713457,1
180100,183.84261641471227,0
180100,182.58455223388012,0
180200,320.1243223253564,0
180200,164.79369070341093,1
180200,291.7531715885032,1
180300,367.8467985126031,1
180300,401.99269530547997,0
180500,506.2114571698519,1
180500,325.62454576920976,0
180500,322.8623214191471,0
180600,292.9025001863946,1
180600,330.5983630753125,1
180600,364.64126354011415,1
180700,482.74625843553974,1
180700,351.83747488454253,1
180800,167.4250834256537,0
180800,186.8824359454393,1
180800,189.2133886010662,1
180800,407.1191838462825,0
181000,173.07900411566914,1
181100,436.4157222660578,0
181100,351.0752029394184,0
181100,180.43397288447545,0
181100,413.8427450642113,0
181100,388.6513406691908,0
181200,181.34905044861597,1
181200,374.35192670748853,0
181200,170.88514538633325,1
181300,461.3885816888672,1
181400,386.93305974121864,0
181400,371.75551831466254,1
181400,189.8862551289715,0
181700,354.49679683871875,0
181700,314.2396901572637,0
181700,336.11715597800674,1
181700,383.13807650184054,1
181800,507.82872168143086,0
181800,398.3246932283119,1
181900,186.19354463725637,1
181900,364.0828988363767,1
181900,173.27276747135025,1
182000,187.4982788482293,1
182100,206.67147628465958,1
182200,359.8315088254331,1
182200,509.640081892333,1
182200,563.8133470116124,0
182300,410.2869543026315,1
182400,550.5138396146849,1
182400,200.35374765584493,0
182500,217.65983766780474,1
182700,159.37656883504792,0
182700,192.22005063275648,1
182800,144.48167496182535,0
182800,150.6073456479899,1
182900,156.24664250937462,1
182900,200.32077001074003,1
183000,470.5071212739048,1
183000,188.67424295850066,0
183100,184.44362462792358,0
183100,195.49906779975066,0
183100,202.80955206912822,1
183100,183.58735633406553,0
183100,706.7388386034361,0
183200,174.03932859128128,1
183300,220.16607227516263,1
183300,193.57822157186868,0
183300,426.5481004016373,0
183400,191.90282488062937,1
183400,177.43354057783785,0
183400,168.12960996125398,1
183500,214.42846877663362,1
183500,178.50999486344554,0
183600,182.7879907942478,1
183700,229.5114865926321,0
183700,192.36710243929792,0
183700,185.6737805138926,0
183700,469.588323651537,1
183900,188.75869543494795,1
183900,166.67119172332434,0
183900,187.24318648664533,1
183900,157.11371335592872,0
184000,487.18503421570614,0
184000,167.75550781937633,0
184000,185.8794151476182,0
184100,444.7104616801691,0
184100,171.65955330265973,0
184100,143.18178164537767,1
184200,232.68265295743575,1
184300,197.93212711562873,0
184300,178.0128259782774,1
184300,183.8222212449982,0
184400,144.57197799210093,1
184400,260.2571940556357,1
184400,185.97573170662176,0
184400,606.8073859084615,0
184400,154.3703244089842,0
184500,176.43469383047184,1
184500,574.0984996688682,0
184500,176.3579338381118,0
184600,175.42309269284462,1
184600,151.18447994908897,0
184700,191.96965163810293,1
184800,559.3296401444705,1
184800,171.94355485591905,1
184800,230.5587588606093,1
184800,553.272184651763,0
184800,193.5931060147721,0
184900,162.2405927405537,1
184900,558.1038153694913,0
185000,220.42343898667764,0
185000,187.17215062180858,0
185000,154.6572114424053,0
185100,175.1971539990424,0
185100,170.53773245549039,0
185100,207.41369840378508,1
185100,196.84666175806305,1
185100,191.39865186874155,0
185200,179.5840104992788,1
185300,517.0162978166977,1
185400,192.2911855561735,1
185400,177.50630759570774,0
185400,181.21574763241148,1
185500,194.57218589388103,1
185500,156.6341564410002,0
185600,165.02736735218255,1
185600,679.6614729996272,1
185700,131.11440075562018,0
185700,213.99788406014,1
185800,178.99942594900105,0
185800,196.36589658991878,0
185900,187.7458845864849,0
185900,184.8887762221232,1
186000,192.9913645501712,0
186100,192.91842796409716,0
186200,174.82539158993086,0
186300,210.88175912164886,1
186400,198.0648754027415,1
186400,140.5287957752251,1
186400,176.89105282941156,1
186500,198.17080250951193,1
186600,193.03439793331955,0
186600,175.38818581564752,0
186700,565.0133531850024,1
186800,201.56147117433656,0
186800,175.00010404791206,1
186800,227.05824440411436,0
186900,165.83836525093395,0
187000,182.61466001944183,1
187000,182.34358684191565,1
187000,182.56377511646005,0
187000,159.8525297419117,1
187000,532.4498606494432,0
187000,130.15204957570288,0
187100,174.81449850476983,0
187100,170.01130629248527,0
187200,737.0024045152538,0
187200,203.62002972703812,0
187300,162.3388018797491,1
187300,177.30450487536854,0
187300,200.31720920850805,0
187300,149.1191497889817,1
187400,188.7220803040786,0
187400,196.00286383108525,0
187400,145.17731137242635,1
187400,191.48733317523656,0
187400,146.7475401395299,0
187400,177.48618208477396,1
187500,167.87713681735977,0
187500,158.27256397394737,0
187500,191.88823192677057,0
187600,192.333856020048,1
187600,176.2454468690706,1
187600,188.8045338261433,1
187600,251.446879116411,1
187600,137.74220841910844,0
187700,264.63425975920205,1
187700,146.19385576260808,1
187800,185.96154424231543,0
187900,175.02936081704243,0
187900,1040.9591520776794,0
187900,176.34443259519506,0
188000,152.2687832236267,1
188000,169.63588324570475,1
188100,157.11728731209274,1
188200,203.90251322019012,0
188200,170.66549320484845,0
188200,183.7999105449117,0
188200,172.0037153798971,0
188300,184.87497292459466,0
188300,150.7620089141773,0
188400,169.31288381117957,1
188400,170.2943931576524,1
188400,188.505473599476,1
188400,169.71559450283814,0
188400,175.7802695396202,0
188500,147.36928694514302,1
188500,229.40673775012397,0
188500,166.81502036653754,1
188600,153.14085998168838,0
188600,158.62018541623536,1
188600,241.28441366120134,0
188600,166.15824923542527,1
188600,186.68456452680786,1
188800,197.6428944517544,1
188800,170.4479341929993,0
188800,167.47054335816756,1
188800,178.00375976815334,0
188900,169.09712155519762,1
188900,195.45897711067178,1
188900,164.09500689754242,1
189100,721.614825068497,1
189100,135.63264907072946,1
189100,142.0293902823922,0
189100,162.94018600812737,1
189100,150.45474423339186,1
189200,201.06624224380909,1
189200,184.98244149894475,0
189200,190.49962262258725,0
189300,164.5030306902683,0
189400,156.50118040071447,0
189400,170.4634120546201,0
189500,195.09674095689329,0
189500,211.43515377933917,1
189600,184.9087335816014,0
189700,176.0777112037207,1
189700,222.05762184479994,1
189800,187.67552788780912,1
189800,129.3011848335023,0
189800,196.86535955816774,1
189900,180.31365710647546,1
189900,149.74325752514181,0
190000,223.52362823763121,0
190000,165.83511466550138,0
190100,183.71284400739742,1
190200,163.77510130984538,0
190200,171.31807497894985,0
190200,695.067992556053,1
190400,187.32132597007012,0
190500,151.62086943186242,1
190600,172.5501912958073,0
190600,223.11900232067657,1
190700,189.27852875271003,0
190700,162.83565777277926,1
190700,166.43138239147964,0
190700,154.91915600042657,0
190700,190.70671250815357,1
190900,161.41363298114058,1
190900,142.6438042389607,0
190900,181.1503871345907,0
190900,180.14326674819205,1
190900,135.47488548923184,1
191000,197.20700897529687,1
191000,174.33675865137923,1
191100,196.63072243889044,1
191100,180.4633977262425,0
191200,174.15321912265443,0
191200,164.6752920136837,0
191300,177.70679858074172,0
191300,182.40342758217727,1
191300,171.7969423790311,0
191400,202.55347326340888,1
191400,191.80648568617514,1
191500,167.43782323595488,1
191500,178.82429439040646,0
191500,155.83511590586994,1
191500,179.8658466231295,0
191500,209.1809411237342,0
191600,190.76582950899288,1
191700,185.68998856046855,0
191700,175.64439150958808,0
191700,203.04133940734658,1
191700,162.5606872821548,0
191800,221.55889579353433,1
191800,206.4595259970445,1
191800,162.15828214930113,1
191900,192.25192492136227,1
191900,205.11624105050237,1
191900,207.56568049611062,1
191900,194.16866733236333,0
191900,162.98318020243627,1
192000,201.36594458918302,1
192000,169.51893969471197,0
192300,211.8258867777665,1
192300,193.41863811500212,1
192400,186.6469121650299,1
192400,188.3849666339705,0
192400,196.90024780138504,0
192500,209.4911207595381,0
192700,185.29031979262314,1
192700,210.8962513647884,1
192700,200.9264992809544,0
192700,196.06819470366196,0
192700,193.70161516549126,0
192700,191.33897415383902,0
192800,189.8900369693216,0
192900,194.97172888427733,1
193000,188.79231782373742,1
193000,185.6184563887234,1
193000,212.10705277497928,0
193100,178.20948067627998,1
193100,192.28675104230362,1
193100,200.49914096948328,1
193100,191.05567104784038,0
193100,222.5900191820212,1
193100,210.00307504027333,0
193100,197.30470859639817,0
193100,191.82067097373283,0
193200,184.51061423332092,0
193200,213.40439966550275,0
193300,214.2470012621825,0
193300,198.17437835286242,0
193400,186.04377746915088,1
193400,201.78352936582894,0
193500,187.60271337711788,1
193500,179.31060683142766,0
193500,193.22052488744922,1
193500,203.00628761527247,0
193500,228.05427099759723,0
193600,173.62216997195023,1
193600,181.52146251838354,0
193600,186.80312765172545,1
193700,213.93215590970127,0
193700,210.59721029618856,0
193800,179.72748168130903,0
193800,199.03470542639073,1
193900,195.35437607035038,1
194000,200.76480081987293,0
194000,186.4866430280326,1
194100,197.67052067451354,0
194200,199.49382135866432,0
194200,193.91232968074695,1
194200,188.44816510951586,0
194400,187.74976919604376,1
194400,190.2071184077376,0
194500,190.31876399363256,0
194500,199.98101122652696,0
194700,191.57010680286442,0
194700,224.61585712407523,1
194800,199.69737357670937,0
194800,182.2202196480553,0
194900,197.90232938345795,1
194900,190.60950093543255,1
195000,194.97416208789807,0
195000,187.48827524159356,1
195100,181.24719934245346,1
195100,197.0142845892882,0
195100,192.64396626842728,1
195100,205.42423708402697,1
195100,194.13280982682326,0
195100,187.7442690698304,0
195200,192.25130399758163,0
195300,185.52865610771318,0
195300,198.63967147947503,0
195300,190.57035004654745,0
195400,206.35266130851082,1
195400,188.99712828405973,1
195500,177.59636623147026,1
195500,191.66930429050143,1
195500,212.46184874758444,1
195500,191.81832621329312,0
195500,187.19907024630024,0
195600,189.55330343777527,1
195600,185.431714220154,0
195600,180.85789627821214,1
195700,190.0247371011663,0
195700,185.83698305723058,1
195900,189.58735806233656,1
196000,192.78652286104568,1
196000,204.98861589965327,0
196000,194.93182009200387,1
196100,192.03473537599282,1
196100,194.40082785223044,1
196100,194.9535021493712,0
196100,200.85954431395342,0
196200,187.75176227585024,1
196300,203.97901140808852,1
196300,195.3393347961272,0
196400,181.59984537346844,1
196400,206.3106798768825,1
196400,186.13751877773032,0
196400,205.2947356196305,0
196500,182.53582681131553,1
196500,201.25043370062266,0
196500,233.37723785404614,1
196600,186.86357848811093,0
196800,183.1709497761209,0
196800,186.69050445348364,1
196900,232.46688527394645,1
196900,185.61875178127505,1
197000,195.16960565280002,1
197000,211.70478745481097,1
197100,200.18435625169556,1
197200,190.10881735718536,0
197200,185.92714206275429,0
197200,181.91317578711167,0
197200,220.23992496201578,1
197300,195.81582283491255,0
197300,191.140500529223,0
197300,196.89800741228538,0
197400,192.69682389713282,0
197400,195.4320821923313,1
197400,195.50897519848593,1
197400,182.04089843629467,0
197400,211.89209137907233,0
197500,199.82517307783033,0
197500,179.74004805592168,1
197500,197.9141714168535,0
197500,210.50512475762034,0
197700,196.47639461973273,1
197700,186.13144951014164,0
197700,190.03358578126188,0
197700,190.76355248889178,0
197800,191.64170894509203,0
197800,200.40768516543278,1
197900,196.65720505809924,1
197900,202.8298520079883,0
197900,184.88310904922955,0
198000,246.35571049788976,1
198000,192.53788539206624,0
198000,231.7025678023965,0
198100,214.12891181960794,0
198200,250.28945846604594,1
198200,197.66117692868,0
198300,209.25448806347836,0
198300,192.48700445506262,1
198300,184.56135662529212,1
198500,242.66351325607022,0
198500,205.08074015241385,0
198600,189.9390597054314,1
198600,199.10016635186958,1
198700,221.82378483232802,1
198700,189.2925701886668,0
198800,211.29380465082338,1
198800,196.99220188179143,0
198900,210.4122953584583,1
199000,200.02864077958014,1
199000,184.896696360802,1
199000,229.30793972507206,1
199100,192.80149204638252,0
199200,205.89359690666063,1
199200,183.48271734765203,1
199300,191.71503796272557,1
199400,198.04088339534448,0
199400,181.70594199062955,0
199400,212.42650455818048,0
199500,204.3371514271648,0
199600,194.28196285926433,1
199600,205.05383027943307,1
199700,206.46086481024244,0
199700,210.18457702834496,1
199700,209.85037475522134,1
199700,199.64894797694572,0
199800,187.62026176056685,1
199800,213.10982398709032,0
199900,193.72638992046916,1
199900,204.27117624587484,0
199900,199.60969365055854,1
200000,239.457937684639,0
200000,196.99922681378112,1
200100,214.21416752611054,0
200100,228.34003009890935,0
200200,217.4817644202262,1
200200,204.73320384410425,0
200200,226.74870344496168,1
200300,196.9847368980168,0
200400,195.50850924123077,1
200400,216.35765161050836,0
200500,200.67703995160224,0
200500,200.71404877381227,1
200500,202.14823464223525,1
200600,212.78572094938028,1
200600,188.33900401037482,0
200600,242.67498974344554,1
200600,215.18759906257964,0
200600,204.28797565036393,0
200600,199.8184409520423,0
200700,195.86272458019604,1
200700,187.77467993530846,1
200700,198.42202785530662,0
200700,197.2275543653562,1
200800,181.2536628484973,1
200900,208.21489704640518,1
201000,203.14768947306467,1
201000,214.32485741597162,0
201000,187.5778241062034,1
201100,209.28674988695948,0
201200,186.97854463263204,0
201300,195.98933082187085,1
201300,224.6021692572634,0
201300,194.4895430681393,1
201600,228.5524230254219,1
201700,199.46906418321078,1
201700,211.9348255320544,0
201700,196.96162644619258,1
201800,211.5944879494662,1
201800,213.48158023696402,0
201900,211.17344922751616,1
201900,220.35999850975656,1
201900,204.5541287600147,1
202000,237.3106299285545,1
202200,224.5819908871636,1
202300,231.73361689356344,0
202300,204.76652414433448,0
202300,232.37919258058176,0
202300,225.43217429212433,0
202400,229.6803783630061,1
202400,204.008997580203,0
202400,237.1028115188473,0
202500,205.0197956832124,0
202500,230.78392718374744,0
202500,207.67225662305543,1
202600,225.86952033422494,1
202600,221.13170246932,1
202600,248.6932559905702,1
202600,243.90177317624904,0
202700,220.1192144637627,0
202700,233.40565184631208,0
202700,232.82742189698405,0
202700,231.4431613902853,1
202800,208.22168778159963,0
202800,223.00093120504633,1
202900,199.03337086603284,1
202900,237.49340323680374,0
202900,190.55494005612294,1
203000,220.05953259170306,0
203100,206.2656520954063,0
203100,198.55527731251706,0
203100,211.52518510530052,1
203100,226.24429963936214,1
203100,189.03361543860063,1
203200,237.3894833134552,1
203300,204.31364079516763,1
203400,208.27907019171224,1
203400,246.4163494592005,1
203500,211.87655757903332,1
203600,234.38283182626782,1
203700,213.233977867305,0
203800,201.35441765207497,0
203900,199.1050092563866,1
203900,209.26672886306824,1
203900,227.29551694795404,0
203900,239.21188889802838,1
204000,227.83565356556812,0
204100,227.74887881210532,0
204100,216.47958678291877,1
204200,201.64605060268568,1
204200,217.74583577670435,0
204200,212.14349016003928,1
204200,201.52478347001653,0
204200,254.68517086515362,1
204300,213.88803217916129,1
204300,201.26017019895167,1
204300,202.1934963688206,0
204400,219.18869737003902,0
204500,220.6464540469238,1
204500,237.07279633072488,1
204600,241.27464418510658,0
204600,228.69746712902327,0
204700,217.14669468423457,1
204800,205.21257705385574,0
204800,235.535850306195,0
204800,232.4529863675308,1
204900,210.8483948886874,0
204900,227.77852633729552,0
204900,236.2997866059867,0
205100,233.8098688065984,1
205100,212.83597853037347,1
205100,207.98517403714033,1
205100,205.44297511406353,1
205100,218.38725192240585,1
205200,216.40715792484937,1
205200,212.8828378428496,0
205200,202.3296275648643,1
205300,224.510653435688,0
205300,220.26954992736714,1
205300,220.79883373744735,1
205300,241.78643782983522,0
205400,241.1675753894761,0
205400,224.60806524438402,0
205400,231.33137873907324,0
205500,203.15715376044247,1
205500,233.01691510176187,1
205500,206.2845067010339,0
205500,215.76227977542592,0
205600,220.73279454083084,1
205600,214.44943175286497,0
205900,221.6827610962557,0
205900,216.8761084005683,0
206200,235.49806633887505,1
206200,192.2235976743519,0
206300,242.2680069447245,0
206400,212.51973367422735,0
206500,232.31324893244016,0
206500,206.23331521273835,0
206500,225.24479890610365,0
206500,230.9433487469859,1
206600,227.80786963744282,1
206600,227.70213319211808,0
206600,239.60244920550815,1
206700,200.6512065067946,0
206700,241.3316473256252,0
206800,205.0707379315894,0
206900,209.58384524952706,0
206900,220.0858491308352,0
206900,217.1621201452938,0
207000,216.31129680473728,0
207000,208.42855125215996,1
207100,254.5682936127262,1
207100,209.91452852381238,1
207200,224.60280238975687,0
207200,214.13138998593658,0
207200,208.9499576831958,0
207200,223.24427967743617,1
207200,225.02640172098714,1
207200,213.87004794978444,1
207200,232.59357513422623,1
207200,225.99031105116947,0
207300,220.9006387756133,0
207400,233.44618302678208,0
207500,211.01336605819924,0
207500,222.1318698284458,0
207500,217.93150649046655,1
207500,218.55326710565888,0
207600,209.41460415149842,1
207600,196.23935980941536,1
207700,243.83136482165867,0
207800,221.56035439414907,0
207800,247.0291326083903,0
207800,224.93534474923143,1
207800,225.53942128230298,0
207900,235.82971792355065,1
208100,225.16857286413273,1
208200,223.83161506309472,0
208300,245.65257183668217,0
208400,249.89325428332796,0
208500,233.14696259180232,1
208500,237.74589949793676,0
208500,201.5980966810281,1
208500,222.307668073271,1
208500,201.75005279293188,1
208500,208.3024250253933,0
208600,226.35738199340545,0
208600,225.79720895349521,1
208600,216.43608271683013,1
208800,169.10570327602562,1
208900,221.66210121668746,1
209000,231.90153679661583,1
209000,249.1537416195526,0
209000,200.34488861657292,1
209000,228.15104954337906,0
209000,227.95091248802785,1
209100,238.1752161115491,0
209100,227.3940623864183,1
209100,216.91565814376204,1
209200,233.19536660859166,0
209200,258.06217125758513,0
209300,229.13551132415228,0
209300,223.65656438530195,1
209400,191.88156019630824,0
209400,219.15498079791556,1
209400,242.0973998789788,1
209500,226.9599096983043,0
209500,210.42007636835336,1
209600,227.41549374899128,0
209600,243.71038015774513,0
209600,226.72003904285563,0
209700,218.80802287446946,0
209700,230.32868630159564,1
209700,233.78616013281768,0
209700,208.30249430856298,0
209800,207.66832697591303,1
209800,205.2088626534554,0
209800,211.87388736286013,0
209800,202.71631098372902,1
209900,222.3071467443602,0
209900,230.58326633570545,0
209900,216.87163923719407,0
209900,232.16051769166452,0
210000,214.67059835952065,0
210000,219.09411310527398,1
210100,215.00690759421022,1
210100,210.7797715160783,1
210100,218.98416051720187,1
210200,238.3757328352069,0
210300,228.30773154161278,1
210300,242.32052560370255,0
210600,226.16581932300974,1
210900,204.41259355706327,0
211100,214.80733181939775,0
211100,221.20520511648644,0
211100,221.48901192322435,1
211100,195.28400235137113,1
211100,232.69094942701827,0
211100,211.80914234968037,1
211100,219.6213500353344,0
211200,226.5814420834562,0
211200,236.92753072225267,1
211300,229.4914686004272,1
211300,221.86401924774225,1
211300,242.3168619241011,1
211400,266.5640374561411,0
211400,200.55162079550672,0
211400,233.14235029794912,1
211500,221.37387258093318,1
211600,227.0809284355853,0
211700,221.76566713004632,0
211700,205.32038716918584,0
211800,218.68481175599257,1
211800,239.1830413645039,1
211800,231.3778280182156,1
211800,218.19791851773485,0
211900,226.18468321550046,1
212000,228.61768761975782,0
212000,206.86662832105839,0
212000,234.58875460394327,0
212100,243.982687162423,1
212100,242.23910132781904,0
212100,238.11294521546014,1
212100,220.4448600006246,1
212200,244.2696204995484,1
212200,224.38315467758358,0
212300,230.94306263687704,1
212300,237.4668915273514,1
212400,234.79885459999852,0
212400,180.06009206009819,0
212400,219.91974656448025,0
212500,226.67181777152976,1
212600,246.33832150329147,1
212600,229.6136093147297,0
212600,229.89542428642304,1
212800,217.83954792966932,0
212900,231.56174915172232,0
212900,242.7895707529125,1
212900,251.03447656736236,0
213200,227.8222452785034,1
213200,226.2014833028414,1
213200,229.7898160245152,1
213300,228.6361225456265,0
213300,244.6908590991719,1
213300,234.74964000720448,1
213400,242.87889988236748,0
213500,237.5088907299982,0
213500,226.1793719254992,1
213600,242.05898662795582,1
213600,247.94460660394645,1
213600,221.49066535561155,0
213700,235.2685802384848,0
213700,226.80041311128758,0
213700,229.80196304576643,0
213800,232.32778510052557,1
213800,217.91344857991854,0
213800,231.03477289671076,0
213800,226.49796303041683,0
213900,226.690305535329,1
214000,217.34276383783143,1
214100,232.39685001166768,1
214100,225.2278748296965,1
214100,217.3100289413022,0
214200,213.82738381018913,0
214200,210.71513674959974,0
214200,248.58090452189708,1
214300,238.38725247313525,1
214300,237.12237447785816,0
214300,217.66374526317978,1
214300,240.3347842363794,1
214300,232.51785899757354,1
214400,214.43740914657369,1
214400,213.89903906632148,0
214400,255.5201188097242,1
214500,228.07449866184976,1
214500,230.16116614412252,0
214600,242.08759242673443,1
214600,222.90391321625634,0
214600,235.41542501577538,1
214700,248.97644386494733,1
214700,223.5914643377393,1
214700,243.47478370565437,0
214700,234.81759652626286,0
214800,233.525923452979,0
215000,234.22764246082357,0
215000,239.4018768132521,1
215000,246.78397891499498,1
215100,234.69614327980554,0
215100,243.60513682791856,1
215200,220.67359859715106,1
215200,259.7652601078018,0
215200,237.91008032934292,1
215600,215.6590635863281,1
215600,227.03713691160112,1
215900,229.678474606614,1
215900,230.00843566095867,0
215900,231.88333321145942,0
216000,238.9811412561967,0
216000,233.89519808236685,1
216200,252.90584950995745,0
216200,233.64011615540636,0
216200,237.61747619350825,0
216300,249.50575503808335,1
216300,239.57886693941066,0
216300,237.44763291646868,0
216400,238.96142680810541,1
216400,250.85467324989554,1
216400,247.07878561908447,0
216400,224.8155889600838,1
216400,230.2918954199844,1
216400,241.67929712350028,1
216400,223.16435641555137,1
216700,239.87290612789747,1
216700,229.01139902153142,1
216800,247.76238653500474,1
216800,245.3891376085022,0
216800,227.7311612533838,1
216900,240.7941280646236,1
216900,232.67354207339434,0
216900,246.70408453060773,1
217000,248.95150349130085,1
217000,244.11328950372115,1
217000,238.87574004441115,0
217000,232.57124830345626,0
217000,228.93396984962612,0
217100,231.61562368891074,1
217100,227.11089650880044,1
217200,225.38294741270948,0
217200,249.0631498126039,0
217300,227.302696037943,0
217300,236.17296334739933,1
217400,242.76943105339402,1
217400,246.78840158435474,0
217400,218.7286664200303,1
217400,221.50850363263083,0
217500,238.9624207209188,0
217700,247.8310612451943,0
217900,240.90739711990622,0
217900,241.94169937181618,1
218000,235.58601689098256,0
218100,229.75931167546403,1
218200,237.39939005956458,0
218200,240.13983658278764,0
218200,237.09566106322777,0
218200,235.60031247569472,0
218200,230.68653478054316,0
218200,222.83645704555826,0
218200,225.74515805542134,0
218300,226.73560977325874,0
218300,228.96054191739935,1
218400,257.5237188024375,0
218500,232.39610729586343,0
218500,235.87352144057846,1
218600,235.59942764454442,1
218600,228.68645226149553,1
218700,239.24398401526034,0
218700,236.13998880499875,0
218700,244.77411883053978,0
218800,219.97237409340963,1
218800,241.0729673841703,1
218800,231.26787213774855,1
218900,224.1277047167087,1
219000,232.81418353972373,1
219000,232.41438401080754,0
219100,241.07756014983957,1
219100,234.45238551589267,1
219100,244.49546330724684,1
219100,231.1368492712061,1
219200,240.64728357692164,0
219200,255.91299605007828,1
219200,220.0439274044445,1
219300,240.21196981321492,0
219300,245.49725658825542,1
219300,243.8585875665331,1
219400,244.99161524223445,1
219400,228.10624791507425,1
219400,241.68235848877242,0
219500,231.95139605467563,1
219500,238.30350645816984,1
219500,245.16468496765702,0
219600,246.53446148550873,1
219600,239.85803274487108,1
219700,246.24176687741354,0
219700,214.18871586827532,0
219800,226.32085418346804,1
219800,233.53875610773963,0
219900,238.5748340389867,1
219900,253.5515390279141,0
219900,227.63200334527107,1
220000,241.77612154053293,0
220100,244.81887456948823,1
220100,240.96022483739242,0
220200,223.84127023479755,1
220300,228.04667224971146,1
220500,215.7411193666214,0
220500,222.8507061705078,1
220700,216.41912638022296,0
220800,239.63872804749195,1
220900,215.5549396489671,0
220900,219.92298280658278,1
220900,243.53464761859476,0
221000,228.39546444668798,0
221000,243.58180016117393,1
221000,227.82804793738407,1
221100,224.77097260617123,0
221100,226.0045220152876,0
221100,235.7888421438617,0
221300,245.540130655304,0
221300,245.6554116547345,0
221400,211.16942801347057,0
221400,241.4191528258533,0
221500,233.1633311143976,0
221500,248.07480836624822,0
221500,250.22834568659616,0
221500,222.86855018838477,1
221600,210.0347938773098,1
221600,234.0776003926006,1
221700,229.22143081046042,1
221700,225.60955401394068,1
221700,240.62979726136808,1
221800,234.55272423835095,1
221800,234.69342611768764,1
221800,231.90049509871474,1
221900,249.0367838261629,1
222000,224.16532052765606,1
222000,224.42012004998287,1
222000,245.99747702735488,0
222100,250.74570338307342,1
222100,240.65900976547348,1
222100,241.97248522082876,1
222200,250.33155242697225,0
222300,245.82731525510056,1
222300,237.16961256666994,0
222400,239.02192486290275,0
222500,221.69932330899562,1
222500,248.16683494611655,0
222600,254.13872592086065,0
222600,234.00382351449775,0
222700,233.18293713355573,1
223000,236.80722867847615,1
223100,237.83070501870606,0
223100,249.9752021151302,0
223200,238.55295764210598,1
223200,238.4792246555938,1
223200,242.3792180094516,1
223300,227.9974553621452,0
223300,252.04438276946442,1
223300,243.98440490158833,0
223300,246.87401787624694,0
223400,254.9020510922113,1
223400,221.70091777933342,1
223500,262.0378351247377,0
223500,246.0384341445818,0
223500,226.35688795861176,0
223600,234.98805923976488,0
223600,247.20389780390894,1
223600,238.2584083827274,0
223700,255.22618723820497,1
223700,226.912846913256,1
223700,250.61497917414323,0
223700,236.96043511103898,1
223800,218.02692224676176,0
223900,251.51830788594802,1
223900,217.73100724116222,0
224000,250.05519956551657,0
224100,246.21483440303425,1
224100,238.79701174110744,1
224200,241.55527209044098,0
224200,224.02508144928018,0
224200,246.8898126108994,1
224300,241.98699287455463,1
224300,237.662486174281,1
224300,259.7782897725976,1
224400,228.87991852785984,0
224400,241.4464235085046,0
224400,242.52864105825714,0
224400,246.0561478444223,0
224500,263.9375030525789,1
224500,235.07185671734933,1
224500,239.61709297934578,0
224500,261.1526127901903,1
224600,233.9039938430391,0
224600,215.23845203359005,0
224600,243.6512776741975,0
224700,230.3032145193333,0
224700,255.65388089913904,1
224800,217.6762600612029,0
224800,231.6144440139412,1
224900,255.59362835603196,0
225000,245.33147868123402,1
225000,250.86831762397384,0
225100,240.94285528602782,0
225100,256.05708047802557,0
225300,233.07806045368835,1
225400,240.18402127033067,0
225600,236.54281957222253,1
225700,265.3285481754076,0
225800,239.1866429467538,0
225800,230.37121841344424,1
225800,228.59862378790095,0
225800,232.4599456865894,0
225800,242.98571383474996,1
225900,220.12581276305602,0
226000,236.53987434325677,0
226100,243.2265675262131,1
226100,213.41361098276184,1
226100,259.8631461308936,0
226100,224.17005706192657,0
226200,253.84076515078593,1
226200,257.6742389862242,0
226300,221.6187494177448,0
226400,241.59877832538047,0
226500,226.06573930600788,1
226500,242.65248426679344,0
226500,244.95562711580098,0
226600,251.7554589352474,0
226600,241.3090662222569,1
226600,214.43199178320347,1
226700,260.5173936532244,1
226700,238.3782757645781,1
226700,268.2952570778029,0
226800,233.63751534608656,1
226800,263.7148646807546,0
226900,230.2533213695782,0
226900,230.77669291055696,1
226900,237.44842901909203,1
227000,253.0228079578129,1
227000,254.1550268857252,1
227000,224.4987741073731,0
227100,240.97022750690294,0
227100,267.0871797198452,0
227200,222.877265027362,1
227300,230.0738490743065,1
227300,258.8771590170266,0
227400,247.56420105716577,1
227500,243.55435734627332,1
227500,233.98171526799476,1
227500,242.28480299857975,0
227700,257.29003887629096,0
227800,229.41707466049,0
227800,223.29219588557163,1
228100,238.38366885934425,0
228200,256.8097109434301,0
228300,243.83480052792262,1
228300,250.9685639518382,0
228300,247.81005023915293,1
228400,232.58675195501877,0
228500,241.4444250167621,1
228500,250.08395270581852,0
228500,248.10842440242303,0
228500,240.28330817456515,1
228500,240.50019741060052,1
228500,237.73938774143878,1
228600,250.946667739441,1
228600,242.15642113009807,0
228700,260.51578682145737,1
228700,258.3055298090422,0
228700,266.9734229379791,0
228800,246.87800521349578,0
228800,243.07521495861994,0
228800,239.99012483078755,0
228900,256.6582368416611,0
228900,239.49505306855883,0
229100,245.59162828147387,0
229100,267.92994213215127,0
229100,262.5970070682121,0
229200,246.2325299006956,0
229200,246.8402038601038,0
229200,234.99879864213972,0
229200,253.16341416298675,0
229300,244.94006579186527,1
229300,239.66058976553308,0
229300,236.66448068558276,1
229400,256.02153835511615,1
229400,251.97321242528287,0
229500,239.1338101572561,0
229600,249.04730583347717,1
229600,247.4609922670602,1
229600,261.29999184735834,0
229600,259.0039898678949,0
229600,253.78395136082239,0
229600,252.11730787070803,1
229700,256.26356516348943,0
229700,252.68461110681335,1
229800,254.09949737452774,1
229900,247.5670191785836,0
229900,238.48362124470052,1
229900,254.09364947065455,1
230000,261.3297942588873,0
230100,258.2775949304852,1
230100,246.17982820882312,1
230200,255.7877952255804,0
230200,257.6179678901437,0
230400,245.35236805074834,1
230400,217.00028547762335,0
230500,230.37703016653776,0
230600,235.85368168547632,1
230800,248.38902001086794,0
230800,252.1869549767121,0
230900,232.31636531207445,0
231000,261.4324095833716,0
231000,284.7532303782266,1
231000,256.767102386916,1
231000,257.72657302280635,1
231200,236.8464030096989,1
231200,245.84719764482458,1
231200,249.0724085861885,0
231300,257.52738353751175,0
231400,264.52430894423316,1
231400,215.4593997891558,0
231400,257.7126649908107,0
231400,241.98501865382298,1
231400,227.2494078834178,1
231500,274.2738483463917,0
231500,255.4018891779822,0
231500,239.61408838379802,0
231500,248.55763239767626,0
231600,242.19978030985212,0
231600,248.31569210024887,0
231700,239.3487542201683,1
231700,224.3729815008355,0
231800,232.99979337211184,1
231800,255.3765728429591,0
231900,249.15951201308997,0
231900,245.86243793905913,0
231900,265.91501331510585,0
232000,217.5313279565595,1
232000,254.1247009957723,0
232100,247.12454642142794,0
232200,252.05862894653572,1
232200,231.82102984926468,0
232300,276.6347771713788,0
232400,255.8954641536281,1
232400,235.0290039702086,1
232500,227.07925053695152,0
232500,256.1055583734351,1
232500,259.2377506620739,0
232600,250.77125135688703,1
232700,277.9088233718622,0
232700,243.78078086042518,1
232900,250.73572741029562,0
233000,229.95126514573295,0
233100,238.5491240837423,1
233200,241.39267356639522,0
233300,235.92203165708577,0
233400,231.51541617028818,0
233400,233.73469066788718,1
233400,264.62804989168694,1
233500,254.6271515485824,1
233500,245.9609955773208,1
233500,242.62838985252404,1
233600,239.72093086432432,1
233600,236.46225459650617,1
233700,223.46427489339266,1
233700,221.61143610853404,0
233800,262.8757925766662,1
233800,262.33506371192374,0
233800,239.79050680662186,1
233800,257.8057413132747,1
233800,263.2288411585694,0
233900,251.35573683980274,1
234000,277.26780498365,1
234100,246.36849914795576,1
234100,233.5299620360068,1
234100,235.27245141201442,0
234100,260.2827303681108,0
234100,254.9536039602771,0
234200,221.4485863486124,0
234300,238.79162287108522,0
234300,200.5054125424864,0
234300,251.15327755424397,1
234400,273.7982419610613,1
234400,257.7076117585052,0
234400,233.31870173741424,0
234400,230.807180450493,1
234400,231.14097318125434,0
234500,203.9563615241913,0
234500,236.3466541357248,0
234500,255.24179363760422,0
234600,252.72299216002756,1
234600,238.57014374385975,0
234600,241.1546755703494,0
234600,266.6632387556044,1
234600,261.33460790017836,0
234900,251.29341011116793,0
235000,250.25296178045045,0
235000,265.87842909325724,1
235000,187.08238066781564,1
235100,204.65807455484907,0
235100,238.64394889576047,1
235100,243.4708231459439,0
235100,225.20157190521203,1
235100,224.80231300118274,1
235100,257.3860084228647,1
235200,242.45248268778656,0
235300,262.27952555071334,0
235400,215.09099425009427,0
235500,193.65254368157986,1
235500,235.0746636977066,0
235600,286.3067645167334,1
235600,230.9890669995468,0
235700,228.95605284611673,1
235700,224.76573395905962,1
235800,209.94069167283934,1
235800,258.98074474611366,0
235800,202.23914976284087,0
235900,228.2732543952442,0
236000,225.18339242659306,0
236000,223.07021738077745,0
236200,233.83805997794124,1
236200,256.6112642880106,0
236300,211.02748807475336,0
236300,209.68442328280392,1
236400,204.84284549433482,0
236400,223.1097791279607,1
236400,244.21281880000805,1
236400,251.10416802093297,0
236500,236.92718322659448,0
236500,245.08243709832334,0
236500,245.61624980227631,0
236500,257.4238773373141,1
236500,235.02532542304405,1
236600,246.30516823637151,0
236700,240.7104619067988,1
236800,230.22996854260037,1
236900,240.26585154790482,1
236900,245.5491824703551,0
237000,213.234939772728,1
237000,230.4936026827766,0
237100,254.99504076553893,1
237100,231.38305342569492,1
237200,255.2184379410638,0
237200,241.39729998384024,1
237200,229.72618136965573,0
237200,204.98976507989485,0
237200,232.1351501643482,0
237300,228.28417479428776,1
237800,219.67382068311304,1
237800,248.52501291885494,0
237900,238.07057614852758,1
237900,218.51868867263548,1
238000,264.5870119889553,1
238100,269.1401699243624,0
238100,275.2761994376339,0
238300,248.62306917482007,1
238400,225.50887971513853,1
238500,241.0029428648266,1
238600,246.9063619655956,1
238600,233.56792349798948,1
238600,248.86477193261496,0
238700,260.07924745973725,0
238700,259.66670463804076,0
238800,247.03046250428258,0
238800,264.9710101853333,0
238800,225.12886271497118,0
238900,251.9488598269913,0
238900,251.93130709426504,1
238900,252.72749827231874,0
239000,264.8303180168056,1
239000,239.9472853158862,0
239000,256.5618578503321,0
239100,224.62815394680956,0
239100,242.1173115480757,0
239100,246.10155937373298,0
239100,269.70754341719265,0
239200,260.79604548914483,0
239200,235.0033988348792,0
239200,240.94906681327922,0
239300,237.294562519087,0
239300,235.17944856073422,0
239400,245.7473548850584,1
239400,250.3664520376603,1
239500,251.23006730385583,0
239500,280.18110203821016,0
239600,247.08449490922504,1
239600,271.75142413975243,1
239600,249.40251193145082,1
239600,261.80848234477713,1
239700,277.48427293840797,1
239700,249.47120982366877,1
239800,262.054967875427,0
239800,260.37228424676675,0
239900,264.8839363445205,0
240100,279.0862022149018,0
240200,252.19376143739564,1
240300,265.0994814488053,1
240400,266.82746492013587,0
240400,271.65892064255894,1
240400,264.030583819661,0
240500,268.5183776170496,0
240500,237.52592687105326,1
240500,271.39334382507724,1
240500,262.48726321802593,1
240500,269.9133295476272,0
240500,230.3519590836722,1
240500,281.25125063150796,0
240500,271.05214498913443,1
240600,234.49411781337795,0
240600,258.7753600353795,0
240600,261.7014405396907,0
240800,261.6428484977228,0
240800,249.8339392768752,0
240800,248.85881852169337,1
240900,264.53124424865734,1
240900,251.0644430777515,1
241000,268.1271144381652,0
241100,265.54309403159976,1
241200,256.33192405602273,1
241300,245.60558007788728,1
241400,255.39218288886494,0
241400,267.08583572864677,0
241500,256.940312151224,1
241500,265.2375534347918,0
241500,256.43584245238407,1
241500,250.69402000447974,1
241600,228.46438682480135,0
241600,249.06209917228054,0
241700,258.5829037218981,0
241700,259.9804980685442,0
241700,266.0385750674251,1
241800,258.2115414612429,1
241800,261.87141334259036,1
241800,234.91112205266097,0
241800,265.25840907848027,1
241900,229.7095244764626,0
241900,259.99666729294245,1
242100,286.26397142310054,0
242100,245.61505551948332,1
242200,262.2965683923795,1
242400,271.72712063204006,0
242400,256.0917315557024,0
242500,261.5995191861068,1
242500,267.88963015421837,0
242500,288.142218189634,1
242600,265.85552344695384,1
242600,270.12092456447994,1
242800,275.74296115513613,0
242900,249.14218747689836,0
243000,249.9186779367257,0
243200,259.7031242875718,1
243300,232.30986502422726,0
243300,231.89538409208694,1
243400,272.207353689031,1
243400,266.7448543504812,0
243500,255.24490022191583,0
243500,236.11484695350794,0
243500,283.4350184925225,1
243600,261.8966193613788,1
243600,240.8127449298182,1
243700,281.0507952049035,1
243800,246.3069328405288,0
243800,263.4799685690634,1
243800,259.33292385555217,0
244000,236.90577206436808,0
244000,237.79647706955396,0
244000,259.06450772590887,0
244000,245.84641161495463,1
244100,254.75767009210352,1
244100,246.4530279749685,1
244200,266.3608278402661,0
244300,239.85061661519438,0
244300,269.49800818213157,1
244400,251.25540175347766,0
244400,267.26566246925535,0
244400,255.14290293589988,1
244500,257.65590298904596,0
244500,269.65264043512457,1
244600,286.73919626096307,1
244600,273.7843420074988,0
244600,246.5169220961906,0
244600,267.6402237586008,1
244600,253.06364210772492,1
244600,267.58822333173543,1
244700,241.37207336228565,1
244700,242.1902533414898,1
244800,265.60473586118275,1
244900,268.3196500628476,0
245000,269.73001476507494,0
245000,246.05644838104007,1
245000,268.16684388014767,0
245100,225.39185195807264,0
245200,280.67912554078936,1
245300,274.81869210200074,1
245400,241.85487386018485,1
245400,244.07755676334648,1
245400,283.1636730207826,1
245400,241.56904900232752,0
245500,251.84585460132564,1
245500,241.3485758352486,0
245500,258.5694006610386,0
245600,244.50060098305224,1
245600,242.62049116082332,0
245600,272.6977290228042,0
245700,257.52776206439904,0
245800,259.76330084307693,0
245800,263.98142398674787,1
245900,259.3195750349496,1
245900,243.7568398440507,1
245900,243.34785028042737,1
245900,274.13342167059125,1
245900,267.44287661501636,1
246000,255.70525672618334,0
246000,257.81533861328376,0
246100,243.8500904703266,1
246100,280.0318473230429,0
246100,263.0337776098314,0
246200,223.55269810531001,1
246300,250.40631249538401,0
246400,241.47554827195847,1
246400,259.66323703788186,0
246500,245.24876849100664,0
246500,238.46250139949322,1
246500,258.9790541771512,0
246500,251.3910189966244,1
246600,211.88136217187102,1
246700,245.46672943794542,1
246700,252.01220004491154,1
246700,236.80093946658926,1
246700,234.72055101633782,1
246800,255.46900198251205,1
246800,246.20070943656552,1
246800,239.0139530123096,1
246900,251.40466230432918,0
246900,269.0985924146427,0
246900,233.78043916128556,0
246900,256.4322606626923,1
247000,247.32234124839493,1
247200,266.77364801243624,1
247300,246.88259925964917,1
247300,239.84637493744322,1
247400,238.37799881146148,1
247500,242.25346353181789,0
247500,246.26113735292392,0
247500,239.7363200185295,0
247600,242.721267910639,1
247600,259.33275372217446,1
248000,226.7608671281528,0
248000,246.74889301191374,1
248100,264.3001969770517,1
248100,223.51687756652365,0
248200,232.94165914938273,0
248200,255.06979002472085,1
248200,239.13497505033035,1
248300,245.3822917347386,1
248300,228.97923248640214,1
248400,240.58379409442432,0
248600,249.40013773992385,0
248600,245.85017720118813,0
248800,244.75692567918452,0
248800,228.7389782181599,0
248900,237.70396234278064,0
248900,250.26293164584013,0
249000,241.61435478658106,1
249000,254.01514628780393,1
249000,263.82945655780173,0
249000,229.59915028198694,1
249200,274.3709359259848,0
249200,260.01211510465146,0
249300,255.55914219746796,0
249300,229.6891924658364,0
249300,237.1796047171321,1
249400,231.36183493002582,1
249400,235.91979974419863,1
249400,231.91288263431466,1
249400,232.2457289128389,0
249400,257.22793006313907,0
249500,238.89069944755303,1
249600,238.1398052335534,0
249700,249.60143184940168,0
249700,257.0227888094529,1
249700,265.8582902601239,1
249700,263.52780704781617,1
249700,257.4011590771279,0
249900,265.642857039417,0
250000,255.9382957459362,0
250100,272.3591245958845,0
250100,250.6274641755865,1
250100,238.6821217568734,1
250200,260.3650773327198,0
250200,229.6785966173166,0
250300,222.85486117233444,1
250300,243.4268838101433,1
250500,274.61562546548424,1
250500,261.8382801635936,0
250500,237.89744357799924,0
250500,222.63318718622492,0
250600,251.3329864232384,0
250600,248.55305608160842,0
250700,238.50310237226407,0
250700,257.48854730207603,1
250700,262.7085007534808,0
250700,283.8946102232688,1
250700,230.41064073974775,1
250700,249.45253945380423,0
250700,256.40422341204936,0
250700,255.3788402913803,1
250900,207.89556911879882,0
250900,230.34540788307768,1
251000,248.32547938492854,0
251000,249.55493457804008,0
251000,267.6443110751314,1
251200,249.32423426591825,1
251300,258.68878420650765,1
251300,270.4594850741344,0
251300,242.04233955302334,0
251300,231.2997602901512,1
251400,269.164322611957,0
251500,231.6797811997243,1
251500,226.3537949642872,1
251500,263.10608309386475,0
251600,283.9322785809593,0
251600,257.162402289372,0
251700,234.51716962916288,0
251700,254.06487516446066,1
251800,244.84803878390468,0
251800,250.06132458116895,0
251800,228.74408227749382,1
251800,258.9538703838322,0
251800,276.7957278033142,1
251900,265.07879285203035,1
251900,255.9910235871524,0
252000,247.8592383080413,0
252100,278.2615498254386,0
252200,235.47351087863404,1
252200,259.64542191713224,0
252300,268.2128736666967,0
252300,230.15535573635623,1
252400,285.0040957635534,0
252400,240.1556180791937,0
252500,254.14151504405797,1
252600,248.057437578033,1
252800,261.6474920028918,0
252800,257.4163555226348,0
252800,265.43321342608,0
252800,295.9479476758492,0
252900,262.9273338216442,0
253100,231.0120286516283,1
253100,237.68230324209497,1
253100,242.88239630892593,0
253200,244.3049868012313,1
253200,256.2552452482912,1
253200,250.63832702831596,0
253300,256.38874781421123,1
253300,225.03375574771496,1
253400,254.4872369375152,0
253400,230.7615283478262,1
253400,242.55817688462838,1
253500,256.4035730988291,1
253500,230.38641804796512,0
253800,237.18388111197584,1
254000,255.33268305776443,1
254100,250.7740516753243,1
254100,239.13289117411915,0
254300,242.5101882839297,0
254300,264.89849194438904,1
254300,259.3124353025607,1
254400,265.8326950547619,1
254400,251.46857519352298,0
254400,271.37485377122823,1
254400,247.96244956981099,1
254400,245.67839577304557,1
254400,242.1529613337825,0
254600,255.1217976146444,1
254700,258.0442968374433,1
254700,246.0559264138422,0
254700,245.50911376951035,0
254800,275.52775260934374,1
254900,259.59584919842257,1
254900,278.5045154771271,0
255000,263.64720854332614,1
255100,246.205077838203,0
255100,267.95446816548844,1
255100,250.67150135675595,0
255300,258.78665293260167,1
255300,241.678656757269,1
255400,258.7967689291772,0
255400,280.7534371773166,1
255500,232.03422988951704,1
255500,235.08153464820282,1
255500,262.1311369045058,1
255500,304.40256447765285,0
255600,252.2863639325643,1
255700,250.59816109082755,1
255700,248.8548346034492,0
255700,279.83637961117006,0
255800,261.19879520792585,1
255800,269.72857850858463,0
255800,261.4056325900092,1
255800,277.77488602504866,0
255900,252.21805972704823,1
255900,251.43335988654718,0
256000,233.77882836895836,0
256000,248.62330837915817,1
256100,265.56577997573567,1
256100,275.10715178936425,1
256300,241.46048648310418,0
256300,241.75604095556736,1
256300,264.15221072501043,1
256300,273.5758310933551,1
256300,278.60624350799947,0
256300,235.9241116814258,0
256400,287.8578206835431,1
256400,262.7984254457238,0
256400,267.9082373925327,1
256500,256.50225721397953,0
256500,238.01332804575478,0
256500,226.8208510389457,0
256500,248.4430298436531,0
256500,232.1203091049441,0
256600,247.08070530328342,0
256600,277.6824265880229,0
256600,249.6318775121651,0
256700,238.9579515491918,1
256800,247.0418155186326,0
256800,243.20706918446388,1
256900,272.0840883267192,0
256900,256.5260312489968,0
257000,258.6629824864542,1
257000,255.77280937751647,0
257100,229.96751960836974,1
257200,261.38410797725646,0
257200,259.22061548803225,0
257300,243.6310476716218,1
257300,263.3301704928996,1
257500,258.14232237537135,1
257500,245.91908628249644,1
257600,247.22882815354114,0
257600,268.94531971795556,0
257600,237.0229744523964,0
257700,255.05291275183453,0
257700,272.775267324537,0
257800,279.8811345783154,0
257900,247.56758938699497,1
258100,242.01765870077068,0
258100,246.85040618479724,0
258100,260.72449258317664,1
258300,240.41977742248372,0
258300,249.6550350169952,0
258300,251.71703787456266,1
258400,252.58601713697465,0
258400,269.15303833143537,1
258500,260.55946346166843,1
258500,258.5307298253056,0
258600,273.9112788618478,0
258600,247.5589548516267,0
258700,261.2847962005604,0
258700,259.9229175641469,0
258800,297.9634969244047,0
258900,233.01639197588221,0
259000,253.59002932245033,1
259200,252.43694570485013,0
259400,298.0485418347066,0
259400,248.67466986928738,1
259500,251.75520417961243,0
259500,223.42321440524475,0
259500,270.33589858685133,0
259500,258.5959014154693,0
259600,252.71848870976572,0
259600,253.09156402586535,0
259600,251.08076061517758,1
259600,254.4125044280301,0
259700,245.69316694833284,0
259800,262.42936400087467,0
259800,273.00813512159135,0
259800,248.5365239008998,0
259900,255.41538363928314,1
259900,232.5961913970467,1
260000,235.64930601380743,1
260200,257.71566976968535,0
260200,268.909011531461,1
260300,261.96574889934396,1
260600,249.6904232227268,0
260600,236.57752965001993,0
260600,248.01885757825912,0
260600,267.6773911996978,1
260600,253.30798006107142,0
260700,243.62494228663184,1
260700,246.61668781959057,0
260800,286.9243568357507,1
260900,280.63793470136324,1
260900,246.6715332699732,1
260900,273.277263405247,1
260900,226.63677091590728,1
260900,244.68995409661488,0
261000,256.64501815068076,1
261000,244.80756677999287,0
261000,252.21482021759508,1
261000,271.07872556329175,0
261100,240.91322730038638,0
261100,257.691214013668,1
261100,231.11936315840887,1
261200,279.8318076160767,1
261200,250.79475445411393,1
261400,268.40349160204886,1
261400,241.52427101583044,0
261400,275.1972188441353,0
261500,284.9075991153647,0
261500,252.05299298246032,0
261500,239.79131251464057,0
261500,251.47726417756718,0
261600,261.1612314339637,0
261600,257.50202458394114,1
261700,251.9371602280573,1
261700,252.17974148436346,0
261800,263.56363435502846,1
261800,267.44965903693486,0
261800,272.24282739419965,1
261900,272.5454267240458,1
261900,254.73200525456573,0
261900,261.5298528934573,0
261900,240.32641117991736,1
262000,267.92793123056896,0
262000,264.582221374685,0
262100,260.01842692650484,0
262200,256.83668383206845,0
262200,264.1528584091521,0
262200,232.90566022844516,1
262300,248.2417239510728,1
262400,263.0853328453004,0
262400,219.43365922160172,0
262400,264.6077748653248,0
262500,245.76334277310477,0
262500,283.95472708778533,0
262500,230.147714043191,1
262500,218.75696557520305,1
262600,247.33966811358,1
262600,269.3111603710339,0
262700,268.4337644947879,0
262700,261.67857172558126,1
262800,252.71474128483257,0
262800,252.47649257954654,0
263100,237.9350106878066,1
263200,247.47948888490794,0
263300,280.2560354398115,0
263400,233.77600111493817,1
263400,250.5630264681772,0
263400,222.7289291393511,1
263500,262.9262172688306,1
263500,238.21741646086613,1
263500,291.5439051310785,1
263500,243.50324612996343,1
263600,229.14111195451565,0
263600,261.2608354766128,1
263600,241.2891438627088,1
263700,258.61761940547393,1
263800,270.13553276439603,1
263800,261.0546912634648,0
263900,250.6972001570624,1
264000,222.42004196841285,0
264100,248.13516907744813,1
264300,245.96122124338538,1
264400,235.2941828691222,0
264500,275.181710687309,0
264600,235.62244226363853,1
264600,229.31319185197768,1
264700,229.78642042922831,0
264700,246.25145482451995,0
264700,230.32367631348473,1
264800,262.20479176818753,0
264800,244.45058045571366,1
264800,234.16418931833982,0
264900,258.8477122329804,0
264900,241.9707188519198,1
264900,266.29236935697725,1
264900,263.37003137032,0
264900,263.5849138714569,0
265200,278.78455104963825,1
265300,224.79544815222906,0
265300,225.14590008618364,0
265300,282.072556630522,1
265300,247.1739177581507,1
265400,250.9722772743602,1
265400,251.09406700466948,0
265500,217.53807607093847,1
265500,215.96519460988148,1
265600,226.44367906270213,0
265600,241.89318099583568,1
265700,243.41477748881653,0
265700,248.60593607771585,1
265700,243.26989681246442,0
265700,242.67763221534906,1
265800,222.50412055758392,1
265800,232.10379159523893,1
265800,237.31302990980518,0
265900,235.16642129183438,1
265900,241.42221731845552,1
265900,236.2148937637643,0
266000,230.69711458461177,0
266100,251.38759022183072,0
266200,239.30571775871294,0
266200,249.5668400679407,0
266300,217.05275111186677,0
266300,260.49751072648564,1
266400,243.49586307967564,0
266500,261.24387043970955,1
266600,233.01303818487696,0
266600,231.29842286385284,1
266600,248.51476528262262,0
266600,236.79708130621958,1
266600,209.84355034901395,0
266600,243.39442117949307,0
266600,233.74845529199698,0
266700,260.20395645878824,0
266800,233.38117096825107,1
266800,243.76755895044548,0
266900,272.5170467261291,1
266900,223.69371326723635,0
266900,268.5504303661852,1
266900,262.4640892592295,1
266900,245.15900038754992,0
267000,246.03335536880542,0
267000,273.6843038563209,0
267100,226.0034875880234,1
267100,227.69462370734053,1
267100,252.61026023147355,0
267100,228.00118579441445,0
267200,257.04274523707875,0
267200,216.8143986383145,0
267200,226.93004233434695,1
267200,252.50039548651912,0
267300,247.245087397246,1
267300,232.9534758753369,0
267400,236.77882733696177,0
267400,257.0043357557872,1
267500,231.0145368609089,0
267500,238.4242360142674,1
267600,249.55866148421168,1
267600,230.8273960489496,1
267800,247.14147020043393,1
267800,242.80799487247774,0
267900,218.4734542443692,1
268100,234.6425013512538,0
268100,238.11459031111724,1
268200,232.30011229687767,1
268300,228.36489478893859,1
268400,256.2658335648556,1
268400,292.157489295402,0
268500,232.28196242232534,1
268600,248.5673698497232,0
268700,254.20640093553843,1
268700,260.288271514492,1
268700,247.5203424352939,0
268800,252.93787538263524,1
268800,233.53631065461363,1
268800,231.63686335523948,1
268800,226.71264979233624,0
268900,249.03564796475558,0
268900,263.0721322563174,0
269000,231.92040694457089,1
269100,271.7792529944453,0
269100,260.1784709430092,1
269300,223.3383515408732,0
269400,220.7294320452843,0
269400,237.52669101278138,1
269400,245.530516171415,1
269500,235.76575192430772,1
269500,227.17953118360566,0
269500,212.39720967305144,0
269500,229.03427191876472,0
269500,243.55626327450642,1
269500,230.45117857457444,0
269600,252.13455631279805,0
269700,233.58477572901953,0
269700,248.08883144586423,1
269800,221.42102419017047,1
269800,237.05715327091409,0
269900,257.3365041728724,0
269900,216.24378397948072,1
270100,226.93446181096547,0
270100,219.57978136807907,0
270100,217.11052026236914,0
270300,238.75580516796998,0
270300,256.3323219593183,0
270400,219.72445444992226,0
270400,288.3498993746502,1
270400,223.70053091955705,0
270500,236.97175609954823,0
270500,267.2525202388913,1
270500,220.9127440422259,1
270500,268.2339946239961,0
270500,223.88998020368368,0
270600,232.21955785584913,1
270600,212.21742136225606,0
270600,220.28509460319503,1
270600,236.92458890152548,0
270800,215.8103104944146,1
270800,278.25486733230593,1
270900,214.39317167138867,1
270900,248.76319572587354,1
270900,213.27166949151888,0
270900,234.72172425678275,0
270900,269.4376255762768,0
271000,199.5485855366172,1
271000,204.0474481599235,1
271200,292.3013896069063,1
271200,241.47094715676118,0
271200,282.9102924113189,1
271200,219.95494150104574,1
271300,233.33690796493627,1
271400,236.58395356559285,1
271400,223.95537529335348,0
271400,266.43539718873404,1
271400,246.40700075290718,1
271400,206.50326283746816,0
271500,241.45805239395148,1
271500,199.98891632381554,1
271500,229.17359040708791,0
271500,218.1708730428774,1
271500,210.39406465479908,0
271500,215.20772602448093,0
271600,219.12546258339168,0
271600,234.8314749815187,0
271700,223.0961401636885,1
271800,240.3227204844003,0
271800,216.08307927925964,1
271800,232.66110170472606,1
271900,268.287324879135,1
271900,228.70110784819715,0
271900,209.26996186033477,1
271900,204.82185290784662,0
271900,279.14867457968546,1
272000,244.73215734663728,1
272100,225.96917142640297,0
272100,204.1778031210531,0
272200,290.8522901105034,0
272200,220.6298726246987,1
272300,280.8092507080254,1
272300,199.85773829872554,1
272300,238.69727629933726,0
272300,258.0531898734349,0
272500,230.6415184424318,0
272500,281.22379789968204,1
272700,209.76180656378844,0
272800,232.63184804377394,1
273000,220.3266724790756,0
273000,246.96109208356077,0
273000,209.56077047095974,0
273100,237.16831286732491,0
273100,198.32929365418767,1
273200,211.58509751073737,0
273200,244.30669389376934,1
273300,219.62203502137004,1
273300,217.3236477946719,1
273400,235.39927141143028,1
273500,201.16051075525223,0
273500,248.81643336982899,1
273500,228.80067745296907,0
273600,245.5940199661727,1
273700,258.8078984909282,1
274000,254.07142141638542,1
274100,249.49857575027661,0
274100,233.09948373954973,1
274100,220.57974317319886,1
274100,211.80952485783425,1
274200,253.55232030706674,1
274200,231.8209062955836,1
274300,239.61048799791953,1
274400,246.48825896337826,0
274400,223.9547213118636,0
274400,257.9399179521916,1
274500,266.96693310089245,1
274500,244.46170522976539,0
274500,216.54139670773958,1
274500,239.52810652441588,1
274600,198.74206343433946,1
274600,261.18074949789724,1
274600,227.23677653216316,0
274600,203.30098659171392,1
274600,263.90574267370357,1
274700,198.65759305833038,1
274800,247.76965793388598,0
274800,222.9723735834408,0
274900,216.38653029572717,1
275000,238.91846775177248,0
275000,254.19055414650722,1
275100,233.11605468545775,0
275400,223.30115383124468,1
275500,219.75174678355904,1
275500,210.62827119962475,1
275500,212.04432826506064,1
275500,246.3973877116254,0
275600,292.2146904920456,0
275600,229.82727750365623,1
275600,247.46597132503717,0
275700,248.6721605200537,0
275700,217.0364519562018,0
275700,273.74981521168246,1
275700,260.1931714563716,1
275700,255.26813745630236,0
275700,256.4275758568764,1
275700,264.0578154783401,0
275800,227.41806179645144,1
275800,244.4509861813323,1
275800,209.1900920653102,0
275900,218.25457592921634,1
275900,273.5390658790149,1
275900,254.31165240414967,1
276000,228.8640261781397,1
276000,256.0722464799152,1
276100,226.18639851870992,0
276100,218.5937534407496,0
276100,235.38624667787974,1
276200,264.5077218913491,0
276300,242.78445257538536,1
276300,268.7365442423752,0
276300,238.16958893973677,1
276300,222.9400317168042,1
276400,260.81725055612145,1
276400,251.12379860539505,1
276400,252.09767851397407,0
276400,241.49496942712238,0
276400,245.07719951861185,0
276400,248.0581349382422,1
276500,230.69951396780417,0
276600,229.24124334487902,1
276600,210.28521108633245,1
276700,257.101297193106,0
276700,227.1572263735046,1
276700,243.67607275135273,1
276800,237.72441436101457,0
276800,234.31184548253336,0
276900,210.1612764029173,0
277000,255.75931597743426,0
277100,242.08341426587256,0
277100,237.56818513611245,0
277200,266.6623949493386,1
277200,229.6923080192586,0
277200,250.5075653510034,1
277200,219.8615931593032,0
277300,228.9355429580184,1
277300,246.12369370465885,0
277300,209.42086874057094,1
277400,278.95765531380255,0
277400,206.17759501813924,0
277400,207.94628686081379,1
277500,286.777365189058,1
277600,276.12658342566533,1
277700,218.52494955637266,1
277800,226.64160017139199,1
277900,213.4755117185383,1
277900,225.19095563670936,1
278100,238.23250796024672,1
278100,215.64854656170624,1
278100,223.80420434735376,1
278200,260.7303487537731,1
278400,219.59808946728216,1
278400,206.22640808039628,0
278400,199.25313684083082,1
278500,280.00503097609345,0
278500,213.00923947397095,0
278600,222.2817950193076,1
278700,263.13937126132384,0
278700,223.4016587479043,0
278700,206.55382595027845,0
278700,210.01853780199116,1
278700,200.75287069322633,1
278800,200.90678286945376,1
278800,216.8553100803127,0
279000,228.39379273766448,1
279000,244.75116773119046,1
279000,277.26616167064685,0
279100,222.65253511457007,1
279100,223.17128246670825,1
279200,237.23963264074737,1
279200,224.88034117366843,1
279200,204.0102575763504,0
279300,233.7155996042212,0
279300,226.38011646857186,0
279400,309.30927470365725,1
279600,255.30641736863268,0
279600,227.47881251414674,1
279700,245.47416578342742,0
279700,246.86871471417194,1
279700,228.10419902746847,0
279700,206.3642156179086,0
279800,268.8828478841945,0
280000,210.41831633472773,1
280000,217.33733703934243,0
280000,250.43726188972977,1
280100,214.04804943894152,0
280100,220.99401085205497,1
280100,203.5424127905961,0
280100,214.2073452490457,0
280100,223.88375651994312,1
280200,215.61883730068445,0
280200,217.59474747098545,0
280200,233.86826680922897,0
280200,195.74594836840754,1
280200,220.26643074084686,0
280200,225.38400565150548,0
280300,223.6240913266429,0
280300,239.7896819786562,0
280400,192.53782183298804,1
280400,232.27112109523452,0
280400,213.3157529516894,0
280400,223.58149988308355,1
280500,194.5658468974962,0
280500,231.26800385806138,1
280600,229.01803327762033,1
280600,204.6110669498813,0
280600,247.11982073200443,0
280700,247.3117428444201,0
280800,221.01117806345314,0
280900,221.39379929465332,1
280900,223.6481076221942,1
280900,238.98644909566104,0
280900,220.1326238410067,1
281000,227.0019458819025,1
281000,246.72746750998135,1
281100,230.3203881372207,0
281100,225.2032015244913,1
281100,219.96593928059426,1
281200,222.78324261337,0
281200,260.0908343832431,1
281200,219.6567134829205,1
281200,201.01732589159843,1
281300,248.6708744006864,0
281500,238.38634251420575,0
281500,208.0618071234447,0
281500,227.11256078118421,0
281600,200.46425713296387,0
281600,244.78455063897638,0
281700,295.93472355886973,0
281700,224.12145182001123,0
281800,243.46321894011706,0
281800,221.1267604192538,0
281800,240.57428023341052,1
281800,223.85842599999327,1
281900,228.87528557403624,1
282200,200.91343871426224,0
282200,223.94200837115372,1
282300,260.08059049927374,0
282300,240.98825188006919,1
282400,240.8954877140835,1
282400,265.96395426703384,1
282400,256.91538643334746,1
282500,240.50820523797987,0
282500,254.47912698494085,1
282500,228.67792496988295,1
282500,226.35061366336203,1
282500,262.0291288964096,0
282500,226.12588869712522,1
282700,207.7536579394736,1
282700,224.49824901432697,0
282700,223.5445957985911,1
282800,228.00375041310417,1
282800,209.15073797057616,0
283100,215.15614358560728,1
283200,237.44500802716837,0
283200,233.73996295263464,1
283300,229.1893313386576,1
283300,227.1595107509919,1
283300,215.66009721873192,0
283300,218.916235431894,0
283300,203.31996433085675,1
283300,230.33099151238832,1
283400,234.4545575147309,0
283400,234.1927711325812,1
283400,245.08843256224978,0
283500,215.2163958860792,1
283500,192.31338161330888,0
283700,215.75978928476385,1
283700,229.3841833214334,0
283800,239.07443620380724,0
283900,234.36476457127523,1
283900,244.57167887667862,1
284000,232.34344729302092,0
284100,211.4851304603247,0
284200,240.7575107116638,0
284300,231.8275224071708,1
284400,228.09719849620805,1
284400,246.9632284290475,0
284500,236.26515811581328,0
284500,240.1290288399546,0
284500,222.29924647199752,0
284600,210.9283161297664,1
284600,222.19481094330507,1
284700,246.28976810061053,1
284700,206.9248617581928,0
284700,222.52293242136528,1
284700,224.38333823739293,1
284800,223.11272904167006,1
284800,203.527427991267,0
284800,237.60911489304326,1
284800,247.8363971786636,0
284900,226.02382313413574,1
285000,242.6961621360446,0
285000,210.9946513980097,1
285000,208.54826624451107,0
285100,228.79360960992202,0
285100,234.2566904665687,1
285100,247.25345681018445,1
285200,255.25927232713335,0
285200,229.30792089478305,1
285200,248.789390368487,1
285200,225.47657701984107,0
285300,246.75688079011513,0
285300,241.58767032406868,0
285300,249.0372425917176,0
285400,256.44035366472383,1
285400,208.43815793761945,0
285500,216.8511773489344,0
285500,263.06558590119585,0
285600,234.55121609072876,1
285600,226.97472538183416,0
285600,204.2083995778475,0
285600,223.2849274745014,1
285700,209.9757892329168,0
285700,249.96092913327402,1
285800,235.51934867677136,0
285800,247.00346988231684,1
285900,209.56724385627524,0
286000,237.8302647708905,0
286000,255.34510532210723,1
286000,245.5323544924189,1
286000,238.7990365925782,0
286000,232.52638960792476,0
286100,238.6778578505092,0
286100,238.04272945223042,1
286200,221.98902419836193,0
286400,187.13945723773205,1
286400,227.69267609201512,0
286400,239.35957141298383,1
286400,221.11285475105237,0
286500,183.474197870526,0
286500,228.77940548109237,1
286500,236.46967166172266,0
286500,190.98571447719792,1
286600,239.50954101408988,0
286600,249.21789028250052,1
286600,234.74012172688504,0
286600,233.5543951314303,0
286900,227.04590821535663,1
286900,207.86538307455587,0
286900,224.5230815958208,1
287000,198.09661494082025,1
287000,231.92054771732842,0
287100,222.42111335787487,1
287100,216.121936832018,1
287100,233.34374683879193,0
287100,228.593503315829,1
287200,206.49290566169685,1
287300,228.43449130651283,0
287300,218.23187157654894,0
287300,188.2146028337826,1
287300,237.17407258754466,0
287400,228.34098222168126,1
287500,204.58546903862205,0
287500,205.06739491783335,0
287500,244.47162183125644,0
287600,193.78233838035217,0
287600,219.68511284523936,1
287600,206.36403866779247,1
287700,196.13757372966415,1
287700,185.72634687345345,1
287800,210.97680482127686,1
287900,220.51775445822545,1
287900,224.87505428465036,0
287900,225.43647989914228,1
288100,235.92961763201717,0
288100,203.61391792389904,0
288200,237.6829583343134,0
288300,229.52293511337734,0
288300,213.15524602291921,1
288600,241.89457004709178,0
288800,238.24108793882118,1
288900,222.1874619667672,0
288900,234.552017323088,1
289000,222.2481671105387,0
289000,215.61410753905278,0
289100,221.26665219618698,0
289100,240.1849567997212,0
289200,214.01472271601153,0
289200,250.5765917145167,1
289200,218.63894032497385,1
289300,222.6887229990578,1
289400,198.45579680928208,0
289400,244.50543856944026,1
289400,216.5465668920449,0
289400,199.4319424435734,1
289600,228.00678101654714,0
289600,236.80211238667064,0
289600,247.52569630354864,1
289600,238.01967711110206,0
289700,226.35287285964586,0
289800,231.99019049754608,0
289800,223.56267723229666,1
289800,214.02070732574953,0
289900,257.496274042302,0
289900,228.52028168637722,1
289900,204.43039308078448,1
290000,226.52019666242902,0
290000,265.09198741691074,0
290000,237.63491613626704,0
290000,231.72204880693073,0
290000,250.81730682007043,0
290200,255.37473231886534,0
290200,218.3271245446708,0
290200,243.27800631543099,0
290200,221.86811144989332,1
290300,197.48129151367553,0
290300,243.88832224868003,1
290300,231.26076429096452,1
290400,224.92885888878686,0
290400,276.0938512925728,1
290400,238.54961658055086,1
290600,270.2129593758509,0
290600,221.87653314928164,0
290600,258.57127394689184,0
290700,197.91920986559165,1
290700,235.7047037158329,1
290700,241.13363506133902,1
290700,255.28709365807975,0
290800,238.38583017974594,0
290900,252.74747631600374,1
290900,243.0741899346069,1
291000,217.03544954826955,0
291000,246.9853894774611,0
291100,251.9931716742954,0
291100,247.21783981852067,1
291200,222.80587656080993,0
291200,235.20996751899088,0
291200,231.93243183294226,0
291200,247.34657492041103,0
291200,232.31570218088282,1
291200,224.27886086974044,1
291300,239.32596145321833,1
291400,256.49346747129516,1
291500,239.97827375994197,0
291500,247.0243291304048,0
291600,203.58858958997232,1
291600,229.29273567078377,1
291700,253.75745719545222,0
291700,226.9774266406901,1
291700,233.88243455737256,1
291700,234.95324234218592,1
291800,236.18878568999432,0
291800,254.323358362464,0
291800,203.6152933070677,1
291900,206.6605427089449,1
291900,234.10741334116767,1
292000,234.28354913574944,0
292100,243.88385901821746,1
292100,217.69009128634693,0
292100,223.95960065585405,1
292200,221.07487957383174,0
292200,253.45712630817178,1
292300,223.46549478368001,0
292300,237.88967181682045,1
292300,243.19703968431185,0
292300,239.16076064163246,1
292400,238.99126090482724,0
292500,255.0969353038209,0
292500,265.946463949943,0
292600,240.95031228228987,0
292900,251.01755758419668,0
293000,247.12019856085243,0
293000,251.76171316060316,1
293200,197.1785775920144,0
293200,248.0881157484775,1
293300,250.7747565754376,0
293300,265.51558001379715,0
293400,253.66629074251153,0
293400,250.88156771199507,0
293600,245.78591377636224,0
293600,229.9971771440935,0
293700,216.47469598578448,0
293700,228.47679173848064,0
293700,222.75701321446627,0
293700,231.82823692327088,1
293700,230.8535295777621,1
293700,197.99050917051008,0
293800,231.643278286762,1
293800,218.64208855209566,1
293900,213.72890764676515,0
293900,225.08325905630758,1
293900,216.2542963217966,0
293900,274.52940157055593,1
294000,208.01352161223764,0
294100,204.1621903598933,0
294300,224.58786135051287,1
294400,233.47707783439836,0
294400,227.0807053849163,1
294500,220.64966524576414,0
294500,250.25762249586768,1
294600,236.14650082217813,1
294600,243.7220309500321,0
294600,230.19096410560257,1
294600,216.39355962511817,1
294700,223.74083023942757,1
294700,246.26033423509662,0
294700,240.03200783365375,0
294800,196.87665826951624,1
294800,265.00686375401966,1
294800,238.86443861594952,1
294800,245.9376908219144,1
294900,242.07690534397915,1
295000,231.892111022289,1
295000,244.17166275179895,0
295000,231.6362081916216,1
295100,241.75930481644534,0
295100,230.88128736995145,1
295300,225.09415823067764,1
295300,282.8393107215359,0
295300,234.88426129404633,0
295400,253.16493496886838,0
295500,266.0427500045369,0
295500,249.50247234759394,1
295600,236.99978464563765,0
295700,244.24127506559466,1
295700,252.9834351929658,1
295700,221.11626398846354,1
295700,240.90107228691883,1
295800,229.65440776465869,0
295800,243.8325749780393,1
295800,267.95111689915615,1
295900,228.67585639160413,1
295900,244.93450153117897,0
295900,235.13774617240327,1
295900,257.58812843956645,1
295900,247.47873781745994,0
296000,232.6821192428597,1
296000,234.51424146343342,1
296000,236.06010607411272,0
296200,249.2367777523699,1
296200,217.39471880972252,0
296300,235.84566026795582,1
296300,251.36227072196348,1
296400,246.11939835999956,0
296400,233.6788935928792,0
296400,228.95392881258635,1
296400,258.8268895721776,1
296400,240.58458930732064,0
296500,236.7707112825224,1
296600,239.60741413435832,1
296600,239.09380433032905,0
296900,263.80317860674245,0
297000,230.3286236579559,1
297000,247.1930779676617,1
297000,240.54983409557437,0
297000,244.67372652244285,0
297100,267.5110072829947,0
297100,239.30367132462192,1
297200,245.25604005900485,1
297200,225.17661241963637,0
297200,264.3103260675047,0
297200,242.87358936285412,1
297200,259.23448858752187,0
297300,252.92198454752335,0
297300,240.21476172529472,0
297400,242.34852655081457,0
297400,254.14868155781207,0
297500,217.56200355037691,0
297600,229.89875998368805,0
297600,225.6042095406861,0
297700,260.95158082806364,0
297800,218.893013997842,1
297800,223.25520107699103,0
297800,207.48572206656817,0
297900,228.8546255428929,0
298000,226.3262880804158,0
298100,300.812904319415,1
298200,226.82636725815254,0
298200,220.45898239416186,0
298200,246.04792722623898,1
298200,331.678948320531,0
298200,204.38780251672313,0
298300,224.31986812416832,1
298300,220.51841608132003,1
298400,220.89395360083844,0
298500,232.8144518988374,1
298500,237.70368066225143,1
298600,248.98666776793863,0
298600,228.06279113282247,0
298600,221.84290508439608,1
298600,240.13825680154497,0
298600,239.41250249438372,1
298700,246.3778069614416,1
298800,225.86783502761736,0
298900,248.82046758272696,0
299000,224.85740259436727,0
299100,226.04265018799072,0
299200,230.24476764616068,0
299300,242.19295421755623,0
299400,213.30184304825787,1
299400,236.70936609589344,1
299500,218.5790097807342,0
299500,230.6097752433644,1
299500,243.61994622749137,0
299600,233.75341434898968,1
299600,246.81799985722958,0
299600,208.81139669190281,0
299700,238.68892132975733,1
299700,246.18631040099123,1
299700,236.57424365262347,1
299800,243.54243502720578,1
299900,252.13211708192782,1
300000,263.6091524469865,0
300000,243.50013544905485,0
300000,269.621098759459,0
300000,220.2541662232103,0
300100,248.765730157464,0
300100,207.13201525886612,1
300100,249.9608926320213,0
300200,241.72248010191166,1
300300,238.23499054012152,0
300300,276.28256837611025,0
300300,240.88028689881207,1
300300,222.36248353698946,0
300400,226.16682683464649,0
300400,220.56423348333763,0
300400,229.6262764304675,0
300400,224.81982430515586,1
300400,227.9538476834289,0
300500,217.11523063566457,1
300600,217.26254818661832,0
300700,241.62668063527798,0
300700,237.58356176223515,0
300800,236.04209582439947,0
300800,236.14856953602555,0
300800,251.05229161617171,1
301000,279.64586332505746,0
301000,222.02152935111985,1
301100,207.0246680055102,1
301100,237.77258044492464,1
301100,219.0659116228939,1
301200,238.10900717540633,0
301300,263.0030195052436,1
301300,260.2191937264939,1
301400,239.36908428283294,0
301400,268.4814298299823,1
301400,218.5390245638785,0
301400,205.8049377954676,1
301400,239.70984271540254,1
301500,259.6220727258207,1
301500,253.01556045699198,1
301600,223.08796833482563,0
301600,221.10796509570554,1
301700,225.91379460213096,0
301800,258.3143155025847,0
301800,214.8382782181508,1
301800,272.69868410643113,0
301800,227.1616903177675,0
301900,226.5776982826795,1
302000,265.6129413001357,1
302100,219.96193390576772,0
302100,234.69547404779416,0
302200,248.9462687167778,0
302200,240.89412914237315,0
302200,245.72969874018048,1
302200,242.06153912395632,1
302300,223.70302173614274,0
302300,261.26839027158036,1
302500,252.44518456628907,0
302600,234.52007046675985,0
302700,238.3286036086026,1
302700,226.51052346069972,1
302700,257.4993783358776,0
302800,220.321289846693,1
302900,252.45303432752763,1
302900,248.36321521415846,1
302900,226.79107052005816,1
303000,240.2295810210302,1
303100,237.95492500790039,1
303200,249.29209072127534,1
303300,250.49088091049606,1
303400,254.93353680977316,1
303400,237.82549999018715,1
303400,230.833080706266,0
303400,237.9034572239779,1
303400,253.884789638527,1
303400,281.9015499332059,0
303400,223.28271782252048,1
303600,254.83697547954478,1
303800,257.75028856644764,1
303800,222.95756474039632,1
303800,228.51246449616653,1
303800,213.9001116054328,0
303900,265.1826117147853,1
303900,242.6545419879902,1
304100,219.2827326301039,1
304100,270.35852869563706,1
304200,221.69760482086477,1
304200,233.11008007997955,0
304300,234.34772812631627,1
304300,240.3775724896489,1
304300,239.23323392456382,1
304300,265.4448774987441,0
304300,278.4525538148614,0
304300,230.7703093388624,0
304300,224.98291405457576,0
304400,241.2438592255375,0
304400,235.87654129521687,1
304400,282.68837839934724,1
304500,218.25377352301317,0
304600,243.26410507060714,0
304800,234.96253196325614,0
304900,234.91601069180788,1
304900,254.85307813379828,1
304900,221.13114273521037,1
305000,229.75665109974798,1
305100,252.53905834561638,0
305100,222.81768585422944,1
305100,213.58430551952347,0
305100,229.41567991242147,1
305100,220.00571668759753,0
305200,255.65559253292122,1
305300,257.7278665751827,0
305300,254.63087185488138,1
305300,219.16742369364047,0
305400,268.1711517773338,0
305400,243.8421918192737,0
305500,248.54079406419933,1
305500,215.02420593713524,1
305500,260.72452299278035,1
305600,257.8191496135975,0
305700,263.1989409527123,1
305700,232.8718118320745,1
305800,266.6509828125137,1
305800,241.80939940090326,0
305900,228.64495286160334,1
305900,225.59638976992247,0
305900,252.03296921126153,1
305900,277.0595276796357,0
305900,229.89181382226474,1
306000,232.92579929328252,0
306100,205.18092435974194,0
306100,251.413736472334,1
306200,215.54572493751436,0
306200,228.05379927766262,1
306200,232.2509909427765,1
306300,239.77798594743965,0
306300,276.0329404002549,0
306300,243.13828515353782,0
306300,215.15629522442117,0
306300,238.58042978853757,1
306400,237.03426842911793,0
306400,221.94435036059687,0
306500,229.94287144932903,1
306500,202.91023890818147,0
306700,264.2530525312845,0
306800,226.17400709940574,0
306800,254.56048617476083,0
306800,240.22587440499464,0
306800,264.9193206957237,0
307000,254.8070948921438,1
307000,229.3063644505319,0
307100,234.34446905619126,0
307100,243.3326438718482,0
307200,247.48143699622293,1
307200,241.2765272020906,0
307300,250.6195565956698,0
307500,290.99546225416015,0
307500,224.31220281275387,0
307600,240.1634663803534,1
307600,236.41961140768123,0
307700,245.1823697780865,1
307700,237.20275503812397,0
307700,231.26544640325378,0
307900,218.62010261291238,1
307900,228.16857041898783,0
307900,247.32046586416456,0
308000,252.51790054735702,0
308100,279.909661400227,0
308100,253.87745863867084,1
308300,249.59267247845503,0
308500,226.22174678819712,0
308500,251.36092257949417,0
308600,237.9384945971823,1
308700,242.99050550711192,1
308700,259.46212189618797,1
308700,259.1819126835023,1
308800,264.46138728454497,1
308800,265.4539388282766,1
308900,263.54345153661393,0
308900,243.14885593054086,0
309000,273.8158494413027,1
309100,259.0998905382974,1
309100,282.89345971504,0
309100,256.66130003207667,0
309100,230.7708796006021,0
309200,242.25695365765375,0
309200,242.32171250242033,0
309300,242.4025289899234,1
309300,236.7909883972886,0
309300,241.30600592079745,0
309400,253.42279215413367,0
309400,261.2187158524351,0
309400,246.7813137370575,0
309400,246.4853382798127,0
309500,253.6665490959578,0
309600,233.50375427914406,0
309700,268.7710661544795,0
309800,231.07336655579283,1
309900,285.6224389399432,1
309900,271.02267431872957,0
310000,252.29445519518168,0
310000,266.821323634651,1
310000,242.50259070602462,1
310100,221.51737869578523,0
310100,232.35339994071353,0
310100,255.93299340620953,1
310200,251.01153568986533,0
310200,284.47366634813295,1
310300,253.82772944063382,0
310300,252.54261975876665,0
310300,239.092135907734,1
310400,246.42636741250402,0
310400,271.7850971257809,0
310400,241.9191636412173,0
310500,255.85670232773643,1
310500,264.99361404732855,0
310500,244.09379280436573,0
310600,234.25127070182663,1
310600,269.47630303824263,0
310600,242.10593855048862,1
310700,252.74592526853667,1
310700,257.3688393562353,0
310900,258.7293390934193,0
310900,221.67300093592326,1
310900,257.4985051718563,0
311100,246.26699991041428,0
311100,253.07063190193128,1
311200,244.6947480175238,1
311200,256.1613675153711,1
311300,261.4441087994371,1
311400,256.32188816865556,1
311400,231.1231161502788,1
311400,251.32776391677953,1
311500,244.29773771616675,1
311500,251.30941624460652,0
311500,286.0228602943279,1
311600,256.0261325215573,1
311700,263.7261632452199,0
311700,286.33558092335755,1
311800,297.00350045258534,0
311800,222.36590221499068,0
311800,280.51690121442874,0
311900,274.42203393139476,1
311900,267.88721838520604,1
312100,258.1166080289691,0
312100,286.1028723005016,0
312100,240.40623112893186,0
312200,246.65733790430968,0
312300,269.9717783673732,1
312300,267.8984933807498,1
312300,258.553712195735,0
312400,295.65317755359,1
312500,279.96375523935615,0
312500,260.38851064748866,0
312500,237.42365845183892,1
312500,257.74462970152,1
312600,246.84879948370835,1
312800,234.33341326550598,1
312800,257.4421294426236,0
312800,246.79373887789777,1
312800,260.5482350648236,0
313000,254.84507498507588,0
313000,250.91706535859834,0
313200,233.98824495038647,1
313200,254.37303413834312,0
313200,268.52965533836755,1
313200,252.84934609310378,1
313400,222.55573775490663,0
313500,228.06029053418996,0
313500,327.90636676881013,0
313500,262.7877900193288,0
313600,250.90927679901992,1
313600,247.95218510899224,1
313600,274.624176133947,0
313600,243.9456149362254,1
313600,232.67460911888415,1
313700,235.59227198241723,1
313900,239.11336047741344,1
314000,253.99459965682146,1
314100,256.1346045828862,1
314100,247.4869703565495,0
314200,240.43206128623876,0
314200,245.2280413858577,0
314300,280.5393538091106,1
314300,242.48755169630792,0
314400,238.1120934012799,1
314400,238.6740891741321,0
314500,251.8177093704214,0
314600,252.62514535139107,1
314600,266.59964929985495,0
314600,254.80187165587083,0
314600,265.8921557305947,1
314600,272.5537134810703,0
314700,268.1405173276617,1
314700,261.5642095544765,1
314700,222.60128247392947,1
314700,234.83111774458493,1
314800,241.33007514281357,1
314900,214.6309185071368,0
314900,248.83183404323879,1
314900,292.85526975015813,1
315000,237.1301991464057,0
315000,240.92786153610805,0
315100,267.9229286313008,1
315100,245.43983521339243,0
315200,259.30880704630937,0
315200,221.8121633442582,1
315300,259.314561021699,1
315500,245.93634527155797,0
315500,252.96022544895803,0
315600,269.21525653289643,1
315600,225.8190714592013,1
315600,254.7762590103815,0
315600,247.16919671607423,0
315700,245.72403847716322,0
315800,277.8241709351808,0
315900,283.8787124451106,0
315900,287.2550778735505,0
316000,283.33315586145125,0
316000,257.8714768139734,0
316100,254.1677465096051,1
316200,282.2129985460585,0
316200,285.9319316301782,1
316200,250.27191239631628,0
316300,235.68176808008894,1
316300,238.01454971986198,1
316300,228.02141361522268,0
316400,260.3846530442283,1
316400,234.50840081541526,0
316600,287.8873706279026,1
316600,267.5168594473866,1
316600,306.06855752760816,1
316700,258.8006827574383,0
316800,223.58241747284413,1
316800,270.9780535650828,1
317100,266.8787161929051,0
317100,287.3155855146454,1
317100,264.6237280021995,1
317200,289.32830625535695,1
317300,270.06149703583475,1
317400,250.93242302189768,0
317500,288.50024987897854,1
317600,329.09985932427884,1
317600,266.89542169896214,1
317600,276.9098684685177,1
317700,221.0007812542413,1
317800,284.2590368638839,1
317800,250.78447620634816,0
317900,223.91166142831366,0
317900,305.5838387581625,0
317900,284.622834642934,1
318000,310.1893084596131,1
318100,264.2114169825676,1
318100,278.0357387787038,0
318100,281.7272370497713,1
318100,271.42674366743466,0
318100,324.4279554406782,0
318300,290.49098027882934,0
318300,294.32578891034507,1
318300,271.8344564768558,0
318300,268.7711226725231,0
318300,255.98342877799772,0
318300,231.41327985539226,1
318400,279.9079375859797,0
318600,317.50042480932586,1
318700,253.51044168171418,1
318900,263.2687745600227,0
318900,272.3512921511497,0
318900,252.24807119903218,1
318900,275.37775434285317,1
318900,301.41108815993,1
319000,238.9019191321537,1
319200,259.76915976856577,0
319300,308.8113925716208,1
319300,256.59434017024915,0
319400,251.27778864875805,0
319400,292.2395020833388,0
319400,292.73920345006354,1
319600,284.8885220226673,1
319600,241.13345781659825,1
319600,244.8269407315869,1
319700,313.2400828053814,1
319700,244.9348766041822,0
319700,256.74252998084273,1
319700,248.35161908008217,1
319800,278.7179445038225,0
319800,254.5712941239525,0
319800,279.7038291234914,0
319900,243.33897265096854,1
319900,251.51529019823542,0
319900,257.05145310394533,0
319900,323.2574525021941,1
320000,279.5991236872282,0
320000,272.83352757660464,1
320300,247.30593647393522,1
320300,272.61001938754214,1
320300,249.72773738406596,1
320300,286.62873415139177,1
320400,274.21313982040965,1
320400,263.26446407096273,1
320500,246.5194898802859,0
320500,261.6299648135795,0
320500,318.2697628973826,0
320500,243.18199348803049,1
320600,278.62669395097913,0
320600,276.9198175378346,0
320900,301.64219535129195,1
320900,225.35766913402978,1
320900,260.3365363548164,1
321000,267.01087085455856,1
321000,451.1059380973648,1
321000,283.16444731913003,0
321000,323.93325231969845,0
321100,258.1355575421744,1
321100,248.8097680706781,0
321200,276.4521126166493,0
321300,247.6509269008078,0
321300,242.08692536800348,0
321400,292.6895274899389,1
321400,289.04245144534235,1
321500,261.4585672322507,1
321500,239.3585929389561,1
321500,280.69058172452407,0
321600,284.8231364990323,0
321600,214.8814434556612,0
321700,265.11407652634495,0
321800,270.1870776394932,0
321800,245.1242181273049,1
322000,289.19250524538336,1
322000,281.43076435969533,0
322100,262.48541060761545,1
322100,241.40012477111335,0
322200,231.7704259373282,0
322200,280.920726039168,1
322300,269.77150575652587,0
322300,257.36310259757875,0
322400,245.93054279167941,1
322400,321.8452428795371,0
322400,313.5394682725605,1
322500,235.60880409060763,0
322500,244.82252324190756,1
322600,248.93534342441077,0
322600,271.33264171489634,0
322700,306.8859686454575,1
322900,257.67525065954163,0
323000,235.37963700753926,1
323000,249.22075445101882,1
323100,273.0624625369381,0
323200,262.0984357364708,1
323200,257.2838400271951,1
323200,260.93159876051493,0
323200,231.8612919300537,0
323200,254.54978138592065,0
323300,226.72643598731622,0
323300,256.0730769973522,0
323300,269.18770926198556,1
323300,245.1409319906114,1
323400,251.19371691292585,0
323400,266.2849617024461,0
323400,244.10989843907893,0
323600,271.43338966688066,0
323600,267.2217529911422,1
323600,224.48663523619163,0
323700,250.8214077782962,0
323700,263.22620275857076,1
323700,229.9136746047564,0
323700,262.0139342617234,1
323800,240.311312053926,1
323800,241.63555080999558,0
324000,285.178317830116,1
324000,239.3104494484951,0
324400,247.2808661538904,1
324400,215.62733476522502,1
324400,239.10187896677405,1
324400,223.56058543652344,0
324500,217.04392418305613,0
324500,252.10831265372147,0
324500,244.98280271251642,0
324500,232.5251985450545,0
324500,229.75175676207374,0
324500,256.35527859863726,0
324600,236.9396964331362,0
324600,272.38434644312207,1
324700,237.11070805637306,0
324700,237.7888330884561,0
324700,245.77477887400403,1
324800,223.26937373838635,0
324900,251.95421535309796,1
324900,246.41318152832352,0
325000,303.5527248606269,1
325000,263.9517248331219,0
325000,268.86752228948654,1
325100,228.4955398914127,1
325100,267.7754570570659,0
325100,241.21102234105427,1
325100,289.15069178664197,1
325300,236.31408685736898,1
325300,241.44740580072664,1
325300,228.6797234980152,1
325300,283.7150002925647,1
325400,218.64499960172486,0
325400,247.3985505078489,1
325500,248.82434920941822,0
325500,225.03339278179487,0
325600,258.4581961587596,1
325600,228.33186087140328,1
325700,223.6127689854071,0
325700,257.6657975886889,1
325900,219.35611888536906,0
325900,279.2351822130666,1
325900,247.25168403576097,1
326100,253.77316854418314,1
326200,214.90642177652518,0
326200,297.77950349849306,1
326300,218.8635699884786,0
326300,233.09698959968853,1
326300,265.024953355169,1
326400,253.92887714319866,0
326500,247.33290544605737,0
326500,263.88599044856903,0
326600,252.14111737533167,1
326600,269.4867794744898,1
326600,244.7088240088552,1
326700,286.4994532246904,0
326700,252.0886292374759,1
326800,217.5453642228948,1
326900,235.33047317396463,1
326900,266.5371276660409,0
327000,245.76217335507624,0
327000,293.81379910339547,1
327000,251.32859647988494,0
327100,226.1784647904858,0
327100,226.94575878820956,1
327400,292.3282639228885,1
327400,223.3782774702772,0
327500,265.4332407140152,0
327600,286.6350924949766,0
327700,264.9444203499071,1
327700,269.58333783775424,0
327800,261.611989740156,0
327800,285.02013702003563,1
327800,233.32145189964638,1
327800,235.25127648594668,0
327900,273.9985527532672,1
328000,270.73312723023565,1
328000,225.47186262658087,0
328100,295.6617712437144,0
328100,212.0768558313669,1
328100,274.49907037198733,1
328200,214.51964961685118,0
328200,226.7532192691958,0
328200,247.5973216503138,1
328300,260.0133338682897,1
328400,269.1406088916241,1
328400,264.5083096952386,1
328400,246.3987732603302,0
328400,258.98994430076164,0
328500,238.21424318182326,1
328500,260.9601622578925,1
328600,258.25488452057107,0
328600,240.87993042967574,1
328700,253.77360297261384,1
328700,247.20720122016917,1
328700,253.2480693040908,1
329000,220.24423883734536,1
329000,224.93543930671171,1
329000,285.46867210761116,0
329000,247.07835720686248,1
329100,274.8524246646454,1
329200,237.5846322115737,1
329200,259.57914026958855,0
329200,232.46775142167516,0
329200,299.02952710343595,1
329300,230.79984168214278,0
329400,247.43468199719055,0
329400,315.00810636832995,0
329400,246.99073995499649,1
329500,240.69009294796723,0
329500,251.04864860909302,1
329600,244.54221650634247,0
329600,299.1862565057499,1
329700,260.03412420473495,0
329700,273.2933992023711,0
329800,231.65346891267208,0
329800,255.47876912579628,0
329900,270.7053978808684,1
330100,246.49726184973872,0
330200,256.30170407690576,1
330300,236.9273329288321,1
330300,261.69179901549364,0
330300,264.77803141893764,0
330400,307.14023104889407,0
330400,267.68408649204105,0
330500,256.81125047172566,1
330700,298.99506501989674,0
330900,292.97431626076957,0
331000,257.9822143200761,0
331000,288.8482198474156,1
331000,285.0370423632865,0
331100,296.82462421288653,1
331100,234.88283167006722,1
331100,290.538630781103,1
331200,259.57119198832004,1
331200,317.29554954069636,1
331300,282.48040939114844,0
331300,327.23135782537395,0
331400,280.13294895063694,0
331400,252.58318146517098,1
331600,244.67288453276157,1
331600,273.6919231441678,1
331600,285.8339757669915,0
331700,282.2485667582907,1
331700,318.674688638687,1
331700,312.2838425554102,1
331800,284.15348946406846,0
331800,296.41368837062413,1
331800,272.4417498858648,1
331800,263.189985505549,0
331900,246.41939644644955,1
332100,329.48386624040944,0
332100,281.120508351891,1
332100,280.3118326220864,1
332100,269.8953911590763,0
332100,293.15626492779177,0
332200,251.9340392280847,0
332300,268.94490980546595,1
332300,265.102246184276,1
332400,292.51636565489616,1
332400,279.89763846196246,0
332400,244.99953447131165,0
332500,227.6768314297126,0
332600,282.2218328442458,0
332800,294.0114617726502,1
332800,255.28874817058065,1
332900,255.67044961697675,0
332900,313.204143739673,0
332900,248.56448592967018,1
333000,245.78093791423686,0
333100,264.9191306044509,1
333300,266.9348438710478,1
333300,315.27290158034987,0
333300,251.71490040297667,1
333400,296.1833375861718,0
333400,240.5252119423508,0
333400,268.5487026812743,0
333500,289.8441773917329,0
333500,266.81313383067874,1
333600,289.058971394177,1
333600,242.45516485492962,1
333700,219.03023271942604,0
333700,315.74493727271766,1
333700,267.004148647039,1
333700,230.29740656559702,0
333800,238.62741867141762,0
333800,253.5305005437513,0
333800,267.9598999002492,1
333800,288.34295638375966,1
333800,269.6286824436159,1
333800,281.76923081784065,1
333800,272.0338964904964,1
333900,230.6826777470986,0
334000,263.34172797163535,1
334100,238.49766785842877,0
334100,214.57869117589254,1
334100,317.3938130408276,1
334200,253.7720498609592,0
334200,217.2035713583703,0
334300,298.9552507414208,1
334300,313.7913412117052,1
334300,231.45015242904748,1
334300,285.8758031826344,0
334400,260.2232084164274,1
334400,239.00254863647805,1
334500,202.34952006904058,1
334500,258.6588551375753,0
334500,310.9437345789144,1
334600,231.93862913217038,0
334600,236.88794050895237,0
334700,277.18745050431596,0
334700,238.27652540411316,1
334700,210.5725363453648,1
334700,264.00462894423544,0
334800,251.3291255875606,1
334800,263.8771840898168,1
334900,224.80550112110564,0
335000,240.76719488564353,1
335000,281.4787440104673,0
335000,306.18859377863555,0
335000,233.86537959139284,1
335000,319.45805286453094,0
335200,242.1285933330096,0
335400,240.1725332566042,1
335600,218.02763008956916,1
335600,228.0051350413551,0
335700,238.833761048047,0
335700,208.49021962191162,1
335800,314.4894929915052,1
335800,233.8772809868106,0
335800,226.40207145471166,1
335800,266.25793925865344,1
335900,236.58226983141736,0
335900,225.93897313558185,0
336000,238.72726060608377,0
336000,243.84755568481646,1
336100,242.7182546497021,0
336200,226.06733075211224,1
336200,252.77622398355524,0
336400,236.1378425267923,0
336500,231.62436925295023,0
336500,215.4538820887565,0
336500,253.97718288982387,1
336600,245.56099677171096,0
336600,238.64938516765946,0
336700,236.0055441966879,1
336800,232.23135840587534,1
336800,251.96641820831766,1
336800,235.2011531561889,0
336900,236.89341923430226,0
336900,261.8347878108255,1
336900,259.1627330956588,0
336900,234.80179393059922,0
336900,253.52565014516117,1
337000,222.72286833535517,1
337000,230.91424427142957,1
337000,241.36648250707145,1
337100,220.02717709867198,1
337100,237.29990722057124,0
337100,286.3919645902556,1
337100,231.3918053163497,1
337200,237.67655569992704,0
337200,242.56858882629155,1
337400,239.00554616663854,0
337500,224.46008873657152,0
337700,216.65473742310223,0
337700,234.63415695442575,1
337700,234.7420829941839,1
337800,226.573406456148,0
337800,245.69714836831528,1
338100,262.2732188639333,0
338100,222.1228881836133,1
338100,220.576439285385,0
338100,231.5882511690255,0
338200,221.2204923284159,0
338300,220.09181503085645,1
338300,243.23669410195637,0
338400,231.94655957972077,0
338400,222.19299596044686,0
338400,224.18367010908457,0
338400,246.8173760163389,0
338500,233.91031381773885,0
338500,270.8150878478409,0
338500,217.86375316130693,0
338500,245.80550343041023,0
338600,232.5679474155294,1
338600,256.46243328236466,1
338600,239.18839751653817,0
338700,225.04780085575442,0
338700,237.14289600108557,1
338700,242.1821125234271,1
338800,224.28305686898415,1
338800,199.40992262769583,0
338900,245.00530721643702,1
338900,252.3114345821095,1
338900,228.0646868277633,0
339000,228.72228408972597,1
339000,229.85587147599787,1
339000,243.13567281934397,1
339000,208.44890865150538,1
339000,258.2470236715041,1
339100,194.59729616689694,1
339100,232.20590341043714,0
339100,210.96865399062756,0
339200,234.4720206293823,1
339200,298.10547624960975,0
339300,213.55462270590843,0
339300,257.34177690356256,1
339300,248.8902092138214,1
339400,213.97480892471452,0
339500,221.14162400239073,0
339500,212.55898358784958,1
339600,229.25771701985374,1
339600,192.23853483502742,1
339700,253.57527336864337,0
339700,245.1873108290267,0
339700,251.4683153424479,0
339700,261.4445394710695,1
339800,275.98998407653863,1
339800,242.15129791806118,0
339800,254.4398436530028,0
339800,217.79202690456606,0
339900,267.0323935007269,1
340000,209.57541189074905,0
340200,196.4023414480607,0
340400,227.56293939437674,0
340500,284.9113884281938,1
340500,228.3254501794735,0
340600,232.63371691538782,1
340600,237.27695318967952,0
340600,238.67144501287635,1
340600,224.08789853824837,1
340700,216.3835945682604,1
340800,208.3994195353512,1
341000,262.809633181401,0
341100,204.20717991312276,1
341100,221.18392859665747,0
341200,234.70966328869014,0
341300,241.93913554454062,1
341400,338.398001858111,1
341400,263.5377091140955,1
341400,204.51757172788157,1
341400,236.28793069471195,0
341600,240.88625446335877,0
341600,235.45642671002733,1
341700,249.3669203754517,1
341700,286.58113660129754,1
341800,243.40200378790618,1
341800,240.32676021574355,1
341900,231.3637905690318,0
341900,238.2196387768886,0
342000,261.98528363267934,0
342000,254.81976551035777,0
342000,220.3764092119424,0
342000,241.26421214983318,0
342000,313.37452775300295,1
342000,246.71438841300562,0
342100,331.5647350940746,1
342200,258.9781956873873,1
342300,300.20956741954507,1
342300,225.50105507343955,0
342400,270.91295084358654,0
342400,229.9316249105959,1
342400,200.7121190070775,1
342400,279.8207929667563,1
342500,239.84197650435976,0
342500,280.3890130928399,1
342600,264.15245865257066,1
342800,212.26306468820835,0
342800,204.1252498650938,0
342800,234.34779131229737,0
342900,260.32307095898597,1
342900,238.3547625767448,1
342900,221.08913948762466,0
343000,220.4191823847068,0
343100,226.12623698547443,1
343100,236.68527908633774,1
343100,253.57382140553256,1
343300,222.75545393490867,1
343400,333.5960936968328,0
343500,297.4765708666659,1
343500,217.98619999434612,0
343700,270.19492780670544,1
343700,230.30142900510512,1
343700,252.98458819977475,1
343700,220.3976802965667,0
343800,288.1499807667162,0
343800,243.96208571664837,0
343900,270.48327580044315,0
343900,207.0313028440699,0
343900,261.69154989289734,1
344000,246.06333532960969,1
344000,222.67982927783004,1
344000,231.78589340003396,0
344000,260.7202279845289,0
344100,265.333250066552,0
344100,283.2598682096582,1
344100,282.9351111720077,1
344100,246.29548703866493,0
344100,250.66312226237355,0
344200,260.3321631471089,1
344200,221.30638163890777,0
344200,263.1094701880749,0
344200,262.85203779321324,0
344300,252.09411732943607,0
344300,246.9949821290477,1
344300,310.4096669778758,0
344400,241.15796689914393,0
344500,265.8760237767566,1
344500,302.04902223150185,0
344500,221.2729366057143,1
344500,241.03142001399812,0
344600,273.8131529359269,1
344600,236.39935655185369,1
344600,240.84648181051037,1
344700,236.78697464951927,0
344700,292.8584703766012,0
344800,206.09421511696328,1
345000,327.00480746482816,1
345000,204.1013198956436,1
345100,213.12292173872044,0
345100,257.9292407832875,0
345100,258.9226850332639,0
345200,267.26453420372627,0
345200,226.68483024647173,0
345200,291.5864201012457,0
345300,262.8818444931069,1
345300,235.90162115317347,0
345400,285.87237661774225,0
345500,242.15110388068018,1
345600,239.0950400718161,1
345800,276.0776835262784,0
345900,233.87389351772572,1
345900,228.71853180135187,0
346000,249.11894481404136,1
346000,267.11779977173273,0
346200,230.98105481916943,0
346300,258.7047546913422,0
346400,248.8671218896834,1
346500,283.71777879490367,1
346600,248.7637599951376,0
346600,245.52636367012497,0
346700,232.8996320233317,1
346700,258.7678892634004,0
346700,248.02078946485554,0
346700,247.174535540504,1
346800,236.53456778547366,1
346800,275.30646917020175,1
346800,236.8711642646123,1
346800,237.8321529983522,0
346900,272.72493953957326,0
346900,217.97826583425936,0
347000,244.7406936387749,0
347000,233.70742562755976,1
347000,235.4211467403085,1
347100,242.5140490831761,0
347100,273.6885352366274,0
347200,233.7460209441369,0
347200,254.50683170679974,0
347300,276.69255348689495,0
347400,221.5716919881662,0
347400,229.70497410335804,0
347500,248.50073891070477,1
347600,258.0417620184768,1
347700,263.50782570589405,0
347700,274.1124919710212,0
348000,287.6737120685623,1
348000,260.1246978692944,1
348100,251.013595901663,1
348100,279.5566177192783,0
348200,303.1540753175704,0
348200,207.06977017328268,1
348300,261.3780995991104,0
348300,268.41501136579757,1
348400,243.39877100328565,0
348500,266.0817713130906,1
348500,277.0010137745704,0
348600,278.5220470036478,1
348700,248.6737848970302,1
348700,294.2592945155276,0
348700,211.34005977048744,0
348700,234.86303783448452,1
348700,253.31759684929852,1
348800,224.802230400759,0
348900,215.2274833205484,0
348900,325.2700960338033,1
349000,286.82223479142215,0
349000,287.1368371746483,1
349000,260.52900465182364,0
349100,225.72615911743725,1
349100,248.4362573876783,0
349100,238.50145268201834,0
349100,273.7174213162551,0
349300,251.33385529087622,0
349300,226.69123051361015,1
349300,272.56046510922266,0
349300,263.3164420587747,1
349300,272.03054180376415,1
349300,253.09096913934977,1
349300,290.84585016786434,0
349400,267.8134319096723,0
349400,270.75850708398383,0
349500,293.79881393260655,0
349500,241.12022377126902,1
349600,282.9858765252649,1
349600,214.38986624744203,1
349600,251.4323001095019,0
349800,278.7364897655063,0
349800,270.66016876180424,1
349900,233.85638641267587,0
349900,291.122634008982,0
349900,259.79737839531583,1
350000,268.19591224189026,0
350000,299.61649636649,0
350100,277.8173854302792,1
350400,290.310614501811,0
350400,277.8090584770665,1
350500,298.5371542623473,1
350700,270.5701423612357,1
350700,217.38441222464118,0
350700,275.1280834734493,1
350700,267.99892149311364,0
350900,292.7564646061945,0
350900,240.46081552743078,1
351000,278.9752384492347,0
351000,221.6183926569383,1
351000,292.0498878845951,1
351100,258.66567045816237,0
351100,194.76044766967152,0
351200,254.74630691544766,0
351200,312.94901370874334,0
351200,210.6158054345051,0
351300,271.0732440491193,1
351400,227.5269210014162,0
351400,227.49083488133,1
351400,237.28830876045058,0
351400,248.66835973310228,1
351400,284.2825956343845,1
351500,345.13968837760046,1
351500,359.9136960957733,1
351600,257.2779260500871,1
351700,314.6895000890129,0
351800,202.05650044929652,0
351800,236.84440923935853,0
352000,264.46515052173856,0
352000,243.00105042868012,1
352000,229.0012461482584,0
352100,336.4937712854567,0
352100,247.50930366344352,1
352100,245.80306078748325,1
352200,236.22658668736742,0
352200,255.6253388972565,1
352200,269.88225653922785,1
352200,274.1359700048413,0
352400,248.05655148539364,0
352500,294.46191038819666,1
352600,289.31900496521024,0
352600,263.87462922789047,1
352800,237.9275050058566,1
352900,251.2752094889857,0
352900,259.01015691038833,0
353000,392.93933942934683,0
353000,254.56504771673673,0
353200,244.6850664870318,0
353200,218.15619971591877,0
353300,236.8940827923774,1
353400,249.16773231693463,1
353400,202.695566217631,0
353400,266.76311392550986,1
353500,270.7041654842235,0
353500,238.0038743027908,1
353500,241.36483721706045,0
353600,236.35184215279972,0
353600,249.2801918612719,1
353800,271.75885257816327,0
353900,372.4273710562945,0
353900,427.61650709531483,1
353900,286.6957707225553,0
354000,226.994600701842,1
354000,226.0339047037348,1
354000,260.6075102421796,0
354200,288.5390694873104,0
354200,257.67281947735773,0
354300,206.9694377322611,0
354300,261.4861887003426,0
354300,359.8076770570499,1
354400,256.57215337403744,1
354400,231.79165202415993,1
354400,257.8083997453223,1
354500,287.81025296031356,1
354500,268.12538795914577,0
354600,235.03307559823926,0
354600,283.75447818813194,1
354600,232.22951151680036,1
354700,299.2413178256393,1
354700,274.099902016032,0
354800,292.2955633114985,1
354800,266.27772087919385,0
354900,281.0764942831931,1
354900,251.44962388081666,1
355000,291.990874140751,1
355000,213.99158933742538,1
355100,255.50425726645148,0
355100,212.82276101840014,1
355100,288.0427008004324,1
355200,351.79287646257256,1
355300,313.6514016531742,0
355300,219.55629884098772,1
355300,199.8924088627203,0
355400,243.7031048456023,0
355400,267.6648981252464,0
355500,280.9637379066532,1
355500,236.81204620191002,1
355500,440.9251331913809,0
355500,307.90893527981143,0
355500,277.78210220129967,0
355500,243.5360225706752,0
355600,213.74103640879304,1
355700,233.6358843222236,1
355700,308.3812029227517,1
355700,201.92489913484926,0
355700,215.1157884564546,0
355900,247.59306626812574,0
355900,223.52234346138707,1
355900,215.18340116341454,1
356000,237.92804959416358,0
356000,224.07576283358782,0
356000,219.01556381213976,0
356000,212.21227774123562,0
356000,363.29460556375165,0
356000,209.09603498178828,0
356000,326.1530092160985,1
356100,318.8923275728127,1
356100,224.9561298868006,1
356100,270.0683647585212,1
356300,238.69087997796177,0
356300,229.48962148621692,1
356300,270.2454864176339,0
356300,259.68997949241606,1
356400,218.86958131495626,0
356400,205.12910996693626,0
356400,211.88890355246127,0
356400,223.31580986053729,1
356600,267.711456015233,0
356600,211.98702098171793,1
356700,220.13304018560106,0
357000,235.77568075971328,0
357000,229.8306378155111,0
357100,394.2623765352994,1
357100,248.1074732485772,0
357200,253.66264461459494,0
357200,199.23774342694875,1
357200,218.60640123593618,0
357300,234.0679781413094,0
357300,254.01119891497243,0
357400,240.5412622236522,0
357400,232.5294300534101,0
357500,210.78681784367896,0
357600,210.55802778701647,1
357600,279.8083191555508,0
357700,236.0298954699097,0
357700,298.4162649165793,0
357700,228.19514105565358,1
357700,230.44179069352242,0
357800,215.69817454337618,0
357900,207.7536444055442,0
358000,201.43190258432082,0
358100,237.6782541993337,1
358100,173.38345415307384,0
358200,198.71556434859187,0
358200,228.38750765616396,0
358200,223.55109157142954,0
358300,220.00635407595698,0
358300,239.82269124910823,1
358300,236.30119214464483,1
358600,228.28320256078516,0
358700,225.98828581855992,1
358700,225.10788180752826,0
358700,199.48062133892645,0
358700,227.23761429950338,0
358800,228.7879023535963,1
358900,273.98990979643355,0
358900,193.06689868544254,0
358900,258.64660900339646,1
359100,220.3086911983343,0
359200,211.98965352718756,0
359300,218.30010017793813,0
359400,242.82475747380937,1
359400,198.27051680122054,0
359500,209.98132152441815,0
359500,242.12561832192623,0
359500,251.4877446689673,0
359600,168.36218818380266,0
359600,236.36399511709396,0
359600,250.39125600729562,0
359600,206.9447875637669,1
359700,217.22830351715783,0
359800,244.2921650870977,0
359800,220.88461524639447,1
359800,260.3694424817245,1
359800,264.0718156946709,1
359800,248.53107234561082,1
359900,270.59154770410987,0
359900,227.92897722454606,0
359900,233.68302302552806,1
359900,203.0271123205412,0
360000,212.52174511700144,1
360000,237.63535240427512,0
360000,221.3292754390068,0
360000,201.57227843272054,0
360100,254.7845753628053,0
360100,210.17572248764927,0
360100,205.88389709082483,0
360100,224.8316610074923,1
360100,216.8408647858959,0
360200,189.63472677754197,0
360200,247.75207103305806,0
360200,193.44367464542597,1
360300,232.458251464215,0
360300,219.02535579199665,1
360300,192.89088665188308,1
360400,206.0986813533051,1
360400,252.59095872033188,0
360500,205.63633886796717,0
360600,202.21810659362643,1
360700,224.01012875196554,1
360700,245.3907986642408,1
360700,212.09842179270422,0
360800,234.36513559124793,1
360800,227.0933333266596,1
360900,251.1919657230205,1
360900,213.9041415458829,1
360900,267.55588671056665,0
361000,259.97891078738513,1
361000,179.87711688003475,0
361000,229.78869918049378,1
361000,221.9242290724779,0
361200,261.6379946099062,1
361300,248.02441912911547,1
361300,250.9483814116927,1
361400,225.53760254759302,0
361400,235.814912880393,1
361400,259.7229984637813,0
361400,196.48980205404806,0
361500,224.67330238157348,1
361500,202.26601009026865,1
361500,194.06426152045802,1
361700,212.3962900269794,1
361700,205.9691520331222,1
361700,221.16700235834608,0
361800,204.64794068937337,0
361800,259.7119756330508,0
361900,260.827095000836,1
362100,225.9577298628594,0
362100,205.90126192556625,1
362200,210.1327185584767,1
362200,270.396333350756,0
362300,198.56957410350188,1
362300,215.62147861021367,0
362400,255.7609614300698,1
362400,219.56297875901703,0
362600,234.37676557417942,1
362700,246.6402778133347,0
362700,237.7612608818249,0
362700,213.9624339853607,0
362700,253.567914479635,0
362800,246.5642586786123,0
362800,218.24379126162975,1
362800,239.26034811169035,1
362800,210.50001757437022,0
363100,196.0660809226503,0
363200,211.21831734100996,1
363300,248.1458658913693,1
363300,218.70658885905368,1
363300,208.8314371335395,0
363300,243.1256775346886,0
363400,243.70530029193455,0
363400,234.29612143092456,0
363400,223.13800396176742,0
363400,234.9302120795774,0
363600,220.95369492087644,1
363700,219.9605388613591,1
363700,187.85349887513613,0
363800,242.24118254631023,1
363900,297.4119183744254,1
363900,268.3429481363227,0
363900,184.60083272447798,1
364000,176.88235297016962,0
364000,217.2805519884916,0
364000,218.44715313438428,0
364100,204.32868802260754,0
364100,220.82163183420656,0
364100,207.48313950674643,1
364200,220.78285065187387,0
364200,236.27495443033797,1
364300,205.95261479885755,0
364300,232.67153962506495,1
364300,212.7829532420107,0
364400,239.25401712977228,0
364400,240.97381968576002,0
364400,208.2029739941287,0
364400,197.49545381268302,1
364400,256.7993821402953,0
364400,209.66178551609295,1
364500,216.81058317368144,1
364500,219.63925481180507,1
364500,207.03026647076166,0
364500,225.5315090984956,0
364600,210.45586102954334,1
364600,240.06714057628253,1
364600,217.54235594798362,1
364700,252.80448165092724,0
364800,219.85769752713452,0
364800,232.56744312388892,0
364800,211.44797933874997,0
364900,261.2162483338907,1
364900,219.01403135916289,0
365000,195.15907898209332,0
365100,258.79511445376636,0
365200,242.85243000014864,0
365200,256.4617000434344,0
365200,253.22462510529695,1
365300,218.056992656324,0
365300,222.24481992376488,1
365300,245.11949408542625,0
365300,235.50655371782594,0
365400,191.5514245851707,0
365400,230.18388103104976,1
365500,193.47524552845215,1
365500,244.44548714414245,1
365500,212.92619380651144,0
365600,215.27330972130773,1
365700,240.11884519101235,0
365700,201.0971001193309,1
365700,257.9434927693514,1
365700,209.9755156216816,0
365700,236.27235379078795,1
366000,222.09513858350024,0
366000,256.72648926524533,0
366000,253.48559098212814,1
366000,236.15088536139015,0
366100,238.6308713843343,0
366100,211.1502243565851,1
366100,188.24513509174085,1
366200,242.5706181736071,1
366200,191.88938212678696,0
366200,206.19151595258742,0
366300,253.64878150713412,1
366300,230.530114578331,1
366400,224.89715895641646,1
366400,246.3713312057421,0
366500,231.72237151728112,0
366500,204.36206347508923,0
366500,229.0584420549185,1
366700,175.77793599886172,1
366900,223.07782508256537,1
366900,204.32361529534666,1
367000,195.85860673664573,0
367100,234.61921048711378,0
367100,237.55650244041928,1
367200,239.27835330789387,0
367200,248.58821075919275,1
367200,221.6212480519345,1
367200,276.7414383336418,0
367300,257.2156365524342,0
367300,179.12143900719974,0
367300,212.92007273538147,0
367400,225.58714453567643,1
367400,233.0465571515816,1
367500,223.63136940662432,0
367500,229.45933673586285,0
367500,196.5427046129156,1
367500,185.986360788432,1
367900,234.45914518604442,0
367900,176.43088381248688,0
368000,223.0095667957927,1
368100,238.80632213464025,1
368200,243.1433901261102,0
368300,233.16722837522937,0
368300,212.6550737757545,1
368300,221.2906074137904,0
368300,191.06961890698776,0
368400,190.058757978479,0
368400,270.0848589898981,0
368500,237.47539482582243,1
368600,236.78545334915822,1
368600,205.4101882853819,1
368600,183.05653632458325,1
368600,233.5021832144987,0
368600,221.8897726750882,0
368600,192.28795502518258,1
368600,185.37214045044675,0
368700,238.29537762987994,1
368700,217.86114901043092,0
368700,247.70189484505983,0
368700,192.970364252125,0
368900,210.4177301833805,0
368900,238.36278688276667,1
369000,282.6319115507393,0
369000,244.99488108466664,0
369000,217.70745155380962,0
369000,219.57835810120662,0
369100,264.2979358746942,1
369200,212.9053498405279,0
369200,239.61784001062748,1
369200,229.95159163716906,0
369200,203.7424899462255,1
369300,224.13654563764928,1
369400,236.3617093246454,1
369500,227.581973135184,1
369500,204.08578167047554,0
369500,206.00356248699248,0
369600,223.97022644440455,1
369700,236.91387095950955,1
369700,242.62177750229404,0
369700,226.9669604937251,1
369800,205.3821913716301,1
369800,253.03389888027493,0
369800,262.7583761731454,0
369900,216.5676575975399,0
369900,214.68988490836304,0
369900,220.6917645275898,0
370000,201.34091605436177,0
370000,217.31498305964743,0
370200,233.85278548850607,0
370200,257.204716404289,0
370200,238.89785042862664,1
370200,206.74078117723678,1
370300,227.59099384403942,1
370300,220.99703105593733,0
370300,226.45784818745645,0
370400,216.67672263787654,0
370400,211.9848487049424,1
370400,244.3372546052518,1
370500,236.78775802568768,0
370600,218.2775994609887,0
370700,240.04742312151075,1
370700,212.23662887582137,0
370800,205.1140558340175,0
370900,273.89216166967833,1
370900,200.9980539090388,1
370900,235.1443232791583,0
370900,223.9637497792854,1
371000,225.3974396217252,0
371000,235.47118661200338,0
371100,219.72115270532453,1
371200,245.25598246590093,0
371200,241.30669376724867,1
371200,230.59467654723605,0
371200,226.1910173793201,1
371300,229.15258790534546,0
371300,257.6944318777334,0
371400,209.8697469417346,0
371400,234.36660896734327,0
371600,208.7989557096133,0
371600,218.15256953538676,0
371600,216.0908461458755,0
371700,272.6347080048265,1
371700,207.4538313990629,0
371700,207.95675884953985,0
371800,216.40788322049224,1
371900,212.44914611574006,1
371900,202.8658160548197,1
372000,233.0457955621113,1
372100,237.4477513534744,0
372100,228.57897664102376,0
372200,268.129574259596,0
372300,235.1606541136405,1
372400,233.0439615813969,0
372400,235.3239722807375,1
372400,236.6425705244091,0
372500,248.425728209914,0
372600,182.6549885880246,0
372800,225.13391479558993,1
372900,235.11793995635554,0
372900,236.71023414819075,0
372900,204.94146292151558,0
373000,225.16634763809725,0
373000,217.5702640022178,1
373100,237.2445840798106,1
373100,239.2293199109536,1
373100,201.76618974694748,0
373100,229.952213138449,0
373200,284.4412572609284,0
373200,214.7574263821151,0
373300,230.11850958978462,0
373300,221.29314578045174,1
373400,203.84176548619894,1
373400,194.2805853559601,1
373400,231.61050283590347,0
373400,221.51367446203963,0
373500,235.13378624230526,0
373500,210.25192770185384,1
373500,226.38277006175298,0
373600,211.66936610914115,0
373700,232.9303612872883,0
373700,227.17597451033689,0
373700,256.74689969331934,0
373800,209.058587941898,1
373800,219.12136894944481,0
373800,227.918949623268,0
373900,247.42197433765529,1
373900,254.69432188007815,0
373900,226.38590446415856,1
373900,211.81168795248414,0
373900,228.86866323873508,1
374000,232.6615774410851,1
374300,292.169007109229,0
374400,233.27812327878874,0
374500,241.1189898059329,0
374500,243.96867577654072,1
374500,250.65439956110288,0
374600,240.6751080258352,1
374700,297.06674708454256,0
374800,243.40675892573304,0
374800,248.31809171934583,0
374800,217.84092844321978,1
374900,270.06763841119334,0
375000,265.39312364556605,0
375100,277.70001813247137,0
375100,199.3322432723659,0
375100,259.92909233821604,0
375200,213.28712892612037,1
375300,276.1084604462414,0
375400,249.66519483929704,0
375500,242.9719606293521,1
375600,274.8547574332776,1
375700,295.0807972945499,1
375700,286.84942651218176,0
375700,295.3796116494292,0
375800,271.8429947720527,0
375800,265.806576972126,1
375900,288.2996203674312,0
375900,247.03919710839577,0
375900,286.57539528386667,0
376000,252.80872057169225,0
376000,271.22927038900497,0
376000,212.91571660377443,0
376000,293.1125132738918,0
376100,295.51049357944436,0
376100,257.98070797154514,0
376100,302.1196856456711,0
376100,272.1444495404233,1
376200,258.08732924660177,1
376300,256.5319803690309,0
376300,281.1930906927329,1
376400,256.37412571089027,0
376400,256.59423339083196,1
376400,207.69128417104045,0
376500,265.4936480816398,0
376600,261.97705645268013,0
376600,253.2207786348435,0
376600,227.5443487907342,1
376700,248.50097730500323,0
376700,270.9466680039667,1
376800,213.60064399773694,0
376800,300.6019022642648,0
376900,256.46798897631885,1
377000,224.85227072970375,1
377000,240.57662921007804,1
377100,274.37087911083063,0
377200,226.89903436254804,0
377300,252.4247401000594,1
377400,303.97051730043535,0
377400,280.5935634667328,0
377400,259.2940043016009,1
377500,187.54525226099412,0
377500,324.4433457135269,0
377500,321.53856044434536,0
377600,234.36352052922845,1
377600,216.51156143434574,1
377800,307.8030350421397,1
377900,240.0633838068955,0
377900,280.9724635871069,1
378000,201.8271615615522,0
378000,320.7286456579999,1
378000,246.0391217561428,0
378100,254.55508753079135,1
378100,265.76560698335305,0
378100,310.42650796450243,0
378300,269.82456344787664,1
378300,239.28942156805078,0
378400,272.0865748601221,0
378400,245.5894885798591,1
378500,270.21399001525117,1
378500,251.56996922453015,0
378700,234.82519569450116,1
378700,281.77695925040274,0
378800,274.134053709029,0
378900,246.51545608824108,1
378900,327.59550382223335,0
378900,223.24172491836094,0
379000,263.52674797352955,1
379100,285.10836308121515,1
379100,315.52600804335475,0
379100,260.1837526091528,1
379200,310.98686433507606,1
379200,274.5975748517662,0
379300,277.95521807211514,0
379400,309.218475107626,1
379500,309.62327464329076,1
379500,310.953760409794,0
379500,281.2311032233044,0
379600,214.62829716429215,1
379600,301.51530232203686,0
379700,304.2628971020775,0
379700,274.4047417052988,1
379800,299.8030472070125,0
379900,245.6581432328812,0
379900,319.2238929346377,1
380200,321.48078940416354,1
380200,286.025637305018,1
380300,175.24309977226142,0
380400,280.59869664147635,1
380500,261.0423377135584,1
380500,249.2952535124371,0
380600,270.0904938791225,1
380700,313.183116115549,0
380700,216.49895192765212,0
381000,326.0030184307925,1
381000,285.12981249325367,0
381000,266.2193465078043,0
381000,284.43792735253436,0
381000,233.62398060297713,1
381000,210.4294561236294,0
381100,314.58866054749217,0
381100,264.3706121909153,0
381200,259.25184083429195,0
381300,312.64964723498395,0
381300,249.46143681070816,0
381300,307.3889879370827,0
381400,270.99778222811835,0
381400,332.85133005538194,0
381500,283.2854022373047,0
381500,271.96581428820133,0
381500,223.20180501893046,1
381600,291.2229666615228,1
381600,301.1013050116256,0
381600,278.07911054520696,1
381700,278.82437467794415,1
381700,360.7675950169372,0
381700,289.9648824406582,0
381800,269.38877583326297,1
381800,294.1283573401431,0
381900,234.37676590118278,0
381900,272.32567104683426,1
382000,218.9172684415746,1
382000,311.46388721861365,0
382100,237.82739654459348,1
382100,280.1158287306626,1
382100,259.85451913774284,1
382100,373.3479317793839,0
382400,243.21782795837257,0
382600,287.77389381594065,0
382600,234.81629539312553,1
382600,333.1367927124569,0
382700,273.89840190956824,1
382800,353.7043819886203,0
382800,309.27714873194213,0
382900,297.96285526176194,0
382900,237.98472047176023,1
383000,333.8091085570714,1
383000,279.8726138713922,0
383100,351.5421469165357,1
383100,322.4181990092737,1
383200,249.29998973675342,0
383200,294.7744054208385,1
383400,329.9884486162369,1
383600,237.73519023213242,1
383600,282.0284714649141,0
383600,221.70811464127172,1
383700,206.7991510280349,0
383700,302.80250327248893,1
383800,253.12714745723207,0
383800,235.27581855546788,0
383800,218.0821074133128,1
383900,323.2814796233164,1
384000,304.8942517357587,0
384000,210.56925051115127,0
384000,346.43896434125514,0
384000,329.18355537536286,1
384100,290.09276418995626,0
384100,369.2365447683248,1
384200,286.18902332235047,1
384200,213.57004032289979,1
384300,239.63988454694092,0
384400,229.83759642191245,1
384400,236.0158630417085,1
384400,217.23968773438793,0
384400,275.3405715149224,0
384400,320.42416589868935,1
384500,311.6816891279797,0
384500,291.1438887850991,1
384500,281.6970329024758,0
384500,219.17430227288344,1
384600,310.7545846986041,0
384900,372.5655929555711,1
384900,216.79742753779237,0
385000,214.76595396227478,1
385000,291.7865172102581,1
385000,328.0434124061641,0
385100,243.39974390648916,0
385100,210.19584622614315,1
385100,235.8034070482668,1
385200,249.9258693933562,1
385200,225.2932079182469,1
385300,362.9391080692616,0
385300,217.59604265884494,0
385300,340.209874909243,0
385400,208.70492634074117,1
385500,320.23174601433186,0
385600,307.2493094527521,0
385600,302.08437591087545,0
385600,385.3662297101435,1
385700,228.82813929506477,0
385700,311.99222558171095,1
385700,202.36935439576678,1
385700,228.20322888761314,1
385700,216.7138095596371,1
385700,213.1590180662306,1
385800,220.0463724579451,1
385800,224.65553127795067,0
385800,350.32362601081866,0
385800,237.4422592971403,1
385900,203.7885700684362,1
385900,239.50304226493915,1
385900,208.99987654821217,0
386000,200.07187215403832,0
386000,210.4081101257496,0
386100,210.2195894239314,1
386100,284.2929910962889,0
386100,216.01306073579522,0
386100,258.80811087546124,0
386200,219.2712632116884,1
386200,215.77081983924606,0
386300,244.08290962543703,0
386300,405.9052313347739,1
386400,208.50922360095848,0
386400,219.29972982800268,1
386400,247.1114855459453,1
386500,214.09015065021038,0
386500,250.3431513508826,1
386500,214.7658808195384,1
386600,218.6943123308067,0
386900,206.03298270452302,1
386900,213.80957289111495,0
387000,271.34938873655665,0
387100,199.4976442862549,1
387100,288.7828308085693,0
387100,254.23323344645763,0
387200,211.2824241184096,0
387200,264.4021120800418,1
387200,199.83118796948253,0
387300,223.27714857296803,0
387300,325.09991838775846,0
387400,205.9931031811862,0
387400,207.7672262688202,1
387500,242.9532519403138,1
387500,199.96845351199318,0
387600,418.59790890138555,1
387600,245.6212128458925,1
387800,431.32677930234917,1
387800,196.97992416108966,1
388000,212.62511942194442,0
388100,209.78087428811654,0
388100,221.0602289984434,0
388100,213.04356200415796,0
388200,202.26535244659692,0
388200,190.30738050622347,0
388300,223.91203362213136,1
388300,213.59639088667976,1
388400,237.29304415067813,0
388400,292.78755228250515,0
388700,208.80816900978223,1
388900,219.56942916985957,0
388900,235.9733671746671,0
389000,208.69098315442196,1
389000,349.04260870966675,0
389000,219.76834129141818,1
389000,307.57577670109765,1
389000,285.290018320622,1
389100,224.0568761210413,0
389100,253.17428537367226,1
389100,225.57506411186299,1
389200,314.1249212968718,0
389300,233.72371828451304,0
389300,213.31453800486085,0
389500,273.7349314860987,1
389600,252.18299944953483,1
389600,290.9826277267147,0
389700,288.0249760434733,0
389700,209.76430633134436,0
389700,262.7339325619637,1
389800,279.3856387369942,1
389800,272.8979215658148,0
389900,333.4905733394021,0
389900,242.15978785096266,1
390000,305.05726188100385,0
390100,251.43513138504883,0
390200,253.201310064276,0
390200,257.70978161405344,1
390300,302.37996875966587,1
390400,263.8286003917609,0
390400,251.38936571956214,1
390500,230.32607713264946,0
390600,270.98887701771605,0
390700,260.46932153944624,1
390700,289.30116354588847,1
390700,263.3747584603855,0
390700,234.8593167575906,0
390700,244.84612349647043,1
390800,246.4669823861059,0
390800,255.64113213916664,0
390900,258.8713456173636,0
390900,263.07238831445886,1
391000,218.69755304904018,0
391000,255.52019772634216,1
391000,254.45481491916212,1
391100,307.16518395922833,0
391200,299.2553062282389,0
391200,268.0853517766987,0
391300,254.16829380346715,0
391300,260.0163045612422,1
391300,281.39027899733424,0
391300,259.431294099069,0
391300,246.1746377696956,0
391400,293.56477502135084,1
391400,279.7938384474443,0
391400,246.35907184544067,0
391400,288.7135116680272,1
391400,288.730302841126,0
391400,259.9073627008838,1
391500,274.95610365790554,0
391600,211.0650914261397,0
391600,259.53110614748834,1
391600,283.147575607354,1
391700,273.3464851041237,1
391700,259.60577007853647,1
391700,317.1670694059899,1
391800,260.48175661197104,1
391900,311.16299423727037,1
391900,287.2634716767634,1
392100,282.8473962379984,1
392200,227.17769799635138,1
392200,249.35239255517467,0
392300,249.22046521935363,0
392400,265.27894358039885,0
392400,325.3259332437982,0
392400,249.46021859931426,1
392400,301.87104865490807,0
392400,249.5597857304407,0
392500,283.16342792945517,1
392700,286.44223072717494,0
392700,219.51038020825567,1
392800,278.7771104798944,0
392800,265.57911918759453,0
392900,293.69645149026826,0
392900,288.2540187528336,0
393000,259.19630798266314,1
393000,245.51491874991407,0
393000,308.66144200675035,1
393000,249.04052114341482,0
393100,249.00312363930084,1
393100,249.26512523993574,1
393200,272.13730721293115,1
393400,294.3171292055985,1
393500,217.6261277347853,1
393500,225.66447843549867,1
393500,207.02975463550808,1
393600,300.85846604642967,0
393600,258.6538185088728,0
393600,216.49429063849917,0
393700,250.06073461249912,0
393700,207.80278787804,1
393800,196.68260917263942,1
393800,273.20863438404405,0
393800,205.71675631211966,0
393800,280.0088225167495,1
393900,336.69384490531996,0
393900,279.7565548877186,1
393900,198.28772589088783,0
394100,288.52738863447286,1
394300,264.7864839991637,1
394300,212.58726119402132,1
394300,263.92250248381566,1
394300,232.03193583783846,1
394300,216.83025349959638,0
394400,233.97564728795706,1
394400,259.0815218719121,1
394400,218.61982163663342,1
394500,203.99041312465246,0
394500,202.34737355941164,0
394500,267.38755439602755,0
394600,274.44256063463115,1
394700,226.98619313270245,0
394800,212.1719867574099,1
394800,291.95209890623426,1
394900,236.86583862057103,0
395000,207.3147574972202,0
395000,224.83284398383222,1
395100,267.51492624507426,0
395100,310.23809236209195,1
395100,208.77144663113341,1
395200,218.74481001216117,1
395300,220.11082659077834,1
395300,278.56905777418024,1
395300,218.12435260077902,0
395300,319.5325536078978,1
395300,236.83308347299976,0
395300,218.37765426145376,0
395400,190.70298557931147,0
395400,212.25832467317576,0
395400,218.49587504777773,0
395500,223.18109102214746,0
395600,204.1752381221335,0
395600,247.51465327404864,0
395600,215.7406400458355,1
395600,203.27444879593682,0
395600,233.69316604624146,0
395600,202.48309749301222,1
395800,215.59807953943417,1
395800,201.06525856457048,0
395800,237.25264879126013,1
395900,214.159751373092,1
395900,210.66523375964906,0
395900,229.69792958657854,1
395900,251.91643232510572,1
396000,246.5716581480133,1
396200,244.51923828089903,0
396200,234.7095673795789,1
396200,207.33107560281917,0
396200,203.3761300165537,1
396300,247.30096906019008,1
396300,249.01382231445447,0
396300,236.9221907851287,1
396400,223.15401291727503,1
396400,244.72844805627415,1
396500,189.71182894300784,1
396600,211.36143760181866,1
396700,202.74281411873397,0
396700,242.08372061540305,0
396700,247.9788953417604,1
396800,219.75599463544685,1
396800,206.69265074915066,1
396900,248.46695348260528,1
396900,269.66721517163705,0
397000,236.08145357958787,1
397000,214.90030837617246,0
397100,211.5275387111804,1
397200,210.71382523180705,0
397300,242.27955717524156,0
397300,212.52762434597446,1
397300,241.93215273973672,0
397500,204.2333810453375,0
397500,226.22671487814415,1
397600,219.9462790993875,0
397700,240.9184316659951,0
397700,300.49847677539117,0
397700,228.59221385228858,1
397700,249.7547407525568,0
397800,265.3727692968318,0
397900,203.76654362859682,0
397900,234.59114398546606,0
397900,198.8299225204411,0
397900,206.5222240858358,1
397900,245.89810278427797,0
398000,245.32471742817432,1
398000,233.5627565396322,1
398100,223.06416841770866,0
398100,214.4424142686859,1
398100,203.01250850442466,1
398400,235.50707000729432,1
398500,200.40189891480216,0
398500,227.92430227913047,1
398600,234.68957088661142,1
398600,210.42493719188647,0
398600,198.95089768374817,1
398700,262.761241567446,1
398700,222.9172367786656,0
398700,214.34901738427746,0
398700,193.13393329473672,1
398800,219.78685596773045,1
398800,237.94252164097134,1
398800,240.33391462325574,0
398800,253.93528299820056,0
398900,211.42993163801034,1
398900,253.6236656264393,0
399000,216.48674027584522,0
399000,272.9490160375943,1
399200,232.31810802910277,1
399300,243.6601291689973,0
399300,276.45854118426234,0
399300,242.4980982821777,1
399500,247.20625276205845,0
399600,212.12078829617494,1
399700,206.4396049692101,1
399800,257.8097315992968,1
399800,226.08608406593612,0
399800,206.3539571743924,1
399900,255.30851221509377,0
400000,257.50204666096397,1
400100,233.7782207468098,1
400200,240.81481502227942,1
400200,243.0611164002106,1
400300,212.52917438506537,1
400300,212.0621435820284,1
400400,271.09448843859695,1
400400,235.56943391098523,1
400500,223.4467765224056,1
400500,272.57513203320326,1
400500,215.20586817451462,0
400600,258.3044662011323,1
400700,231.76195298333352,0
400700,270.8628979091695,1
400700,272.696156483439,0
400800,209.25400466856945,1
400900,250.22987036548264,0
400900,271.78668718106377,1
401000,203.09350733245125,1
401000,231.66120332589105,1
401100,239.29278807358432,0
401100,294.9748854703534,1
401100,215.07221343121896,1
401100,227.32143040062286,1
401200,209.0451502032601,0
401200,302.6989965414007,0
401200,312.78471999920697,0
401500,295.0079186193097,0
401500,300.90107120693034,0
401600,211.4133332510883,1
401600,220.29149913152906,0
401600,287.4802096646347,0
401600,320.37392101859535,1
401700,272.8680552896265,0
401700,304.8324384098991,1
401800,244.17969706499477,0
401800,277.08777233934546,1
401900,202.58374017927946,0
401900,272.86267007911084,1
401900,242.1334503416541,0
402000,289.66428347018535,1
402100,214.2920396099006,1
402100,222.3628292978352,0
402200,280.19348997753536,0
402200,274.1944496607953,0
402200,207.14365799306492,0
402200,330.7563468620712,1
402200,205.3752447454637,1
402200,206.32641161417024,1
402200,293.78309579695315,1
402200,240.3777776688349,0
402300,270.4484329398271,1
402300,220.317497114249,1
402300,216.2214851934823,1
402300,201.77063463762065,0
402700,362.02982968195107,0
402800,196.37775460024068,1
402800,341.7232874719803,1
402900,213.46768016943693,1
402900,209.83367558808834,0
403000,217.70193210914397,0
403000,267.0181079373534,0
403100,282.0336382656235,1
403100,207.30739544189746,0
403100,326.5178555481924,0
403200,310.25154308669977,0
403200,223.9309413813948,0
403200,221.2442925083803,0
403300,313.4240482672824,0
403300,257.4862141110187,1
403300,203.11005050630695,0
403400,218.14002050303017,1
403400,270.12117262389575,1
403400,261.0927717103489,0
403500,281.82321067639526,0
403500,226.2785633906187,1
403600,305.22653662057337,0
403600,280.572703684937,0
403700,213.75306047597692,1
403700,244.51621469916046,1
403800,281.82245869552924,0
403900,228.60769797766315,1
403900,201.39645394229035,0
404000,212.26786658114287,0
404100,279.01939064123786,0
404200,260.18008100368064,1
404200,239.74916551901057,1
404300,276.5822026333997,1
404400,285.4563363221541,1
404400,317.26446088921205,0
404400,209.342154828727,1
404600,205.6197133345123,1
404600,283.09964049341255,1
404600,287.58315169228706,0
404700,235.93817459246173,1
404700,213.0081611457095,1
404700,216.39875588397638,0
404700,189.49385715087533,0
404800,257.69577888727326,0
404900,213.86311998847466,1
404900,235.14304244859906,1
404900,217.57633284088794,0
404900,272.8378361990785,0
405100,194.44629086746662,1
405100,211.4398139465946,0
405100,241.3842814296224,1
405100,259.6232489413935,0
405100,212.41221213372853,1
405100,209.07033477226992,1
405200,227.78280112288277,0
405200,265.36762936745055,0
405300,208.33996727580413,0
405300,233.61550900851154,1
405500,210.5452839189942,0
405500,325.8364724903813,0
405500,211.67415697093924,1
405500,225.4706950525993,0
405600,222.77227076839546,1
405600,248.63382551419858,1
405600,218.36432331624252,1
405600,195.29299502485242,1
405800,203.59823159368588,1
405800,279.6317450281578,0
405900,211.77447841877986,1
405900,435.15101241394296,0
405900,227.43992942929285,1
406000,237.99379603985,1
406000,236.6813838338966,0
406100,212.29025924515997,1
406100,197.87999060530876,0
406100,202.05477000438586,1
406100,222.2505158328936,1
406100,321.0594861133575,1
406100,259.09150119976215,0
406300,225.0168277369284,0
406300,197.49288456025087,1
406400,209.51173742914878,1
406400,202.06825193656599,0
406400,244.81942599279165,1
406500,210.06206369472366,0
406600,234.30210273473205,0
406600,233.12129439996409,0
406700,243.84651820922528,0
406800,222.37669631046933,1
406800,228.15056735438392,0
406800,220.7538875888086,1
407100,257.5984119342739,1
407100,196.76364439633286,1
407200,207.31033219468316,1
407200,265.8895563010048,1
407400,254.452521682635,1
407400,257.710413333953,1
407400,191.3333570423071,1
407500,196.40098581262367,1
407500,265.1770250938663,1
407500,258.5713145458149,0
407500,255.30482498212947,1
407500,233.90895671018512,1
407600,199.0705656493851,0
407700,211.72776771133883,0
407700,212.46448139262563,0
407700,275.2091214328538,1
407800,278.04878173848164,1
407800,231.55588986774168,1
407800,248.70897250640297,1
407900,220.84627313041432,1
407900,218.87863506924867,1
407900,234.82792398121373,1
408100,260.11248973690823,0
408200,241.53339334692387,1
408300,212.00694448796511,1
408400,203.5549301129826,0
408400,264.7597127753641,1
408400,258.04049698851435,0
408400,265.0091107965773,1
408500,281.93948093495936,1
408500,260.06845048578725,1
408500,241.70928405194334,1
408600,242.7698954413388,1
408800,202.98277712851032,1
408800,194.31794966032822,1
408800,252.45446874927612,0
408900,206.20116195727098,1
408900,219.86689210749083,0
408900,239.2370833546887,1
409000,196.8785071206927,0
409100,260.34900582429435,1
409100,219.43017471341815,1
409100,251.17363011731234,1
409200,230.6615115742747,1
409200,207.96217155104364,1
409200,194.48844866194793,0
409300,227.91801719079677,0
409300,282.6540537578432,0
409400,245.7280067207814,1
409400,252.0263524736109,0
409400,293.99282481581156,0
409500,247.087017793682,0
409500,265.1302937926139,0
409600,197.2830476289878,1
409600,214.27201321875273,0
409600,214.64539501943503,0
409600,222.489173636951,1
409600,269.48458900119874,0
409600,189.25088285257155,0
409600,229.96661912997806,1
409800,252.38044955431397,0
409900,220.41682921881184,0
409900,234.44141893268207,0
409900,201.12480484746536,0
410000,207.83073656209666,0
410200,204.16510827464245,0
410200,236.20806589246686,0
410200,260.14093498502154,1
410300,210.16072875445752,0
410400,208.03474613338244,1
410400,205.90612941070822,0
410400,275.2078688886096,0
410400,252.07939872444956,1
410500,263.414111083976,1
410500,269.56035330098734,1
410700,209.28064857903786,0
410700,202.38726815094032,0
410700,255.22947059949624,1
410700,201.25540821882424,0
410700,209.71694206765733,1
410700,255.74380800844,0
410700,212.603084862783,0
410900,246.52862428192952,1
411000,253.3819101221162,0
411000,197.96005433421976,1
411100,255.09079700395998,1
411100,243.52824667432807,1
411100,300.1744602766869,0
411300,260.178311432584,1
411400,261.1924316049052,0
411500,208.74605453876038,0
411600,287.60643838624304,1
411600,200.89385467546305,1
411700,278.4590067632933,1
411700,244.83286606352323,0
411700,310.31978320003054,0
411800,209.3757216149737,0
411900,214.6377139030783,0
411900,205.27717097632726,0
412000,259.8981834763388,1
412000,213.7495273201072,1
412200,249.97190113146402,1
412400,215.28409103051249,0
412400,227.41634049605952,0
412500,234.4767772371634,0
412500,200.19888018553556,1
412500,284.26294956211063,1
412500,213.22166206964593,0
412500,190.02939270525863,0
412600,197.35319430874532,0
412600,284.6875382747379,0
412600,316.63186163574613,1
412600,201.93462355668777,1
412700,260.84452628058295,1
412700,339.7861322179746,0
412800,261.55516130229574,0
412800,206.89900538399797,1
412800,252.60796858478844,0
412900,289.3350075015564,0
412900,261.9204939516099,0
412900,250.05205571665147,1
413000,326.14002926032396,1
413100,297.47088164643407,0
413100,204.45217476693614,1
413100,255.15867987898721,1
413100,194.04289287611752,1
413200,199.394284684186,0
413200,290.85132019111677,1
413200,212.46320724742222,1
413300,227.46441898825165,0
413300,194.97099855539457,1
413300,271.95234125668225,0
413300,226.62199180881794,1
413300,234.45303256975043,0
413300,288.33682681253003,1
413400,235.24395247080312,0
413500,231.15809760198238,0
413500,211.02561463810483,1
413500,209.84930703451622,0
413600,271.3077598589705,1
413900,297.96175121048697,1
413900,243.47434562942902,0
414000,234.49017764424966,0
414100,262.7357810581219,1
414200,231.82392310574556,1
414300,231.39708553546905,0
414300,247.06586486215718,0
414300,241.64544571790526,1
414400,237.21575690832825,1
414500,267.760454776306,0
414600,258.11491288476924,0
414600,247.56827624425983,0
414700,236.6721668859572,1
414700,220.6565320143256,1
414700,269.57006677248285,1
414800,222.55812608381734,0
414800,241.13190097668286,1
414800,251.13308420047153,0
414800,293.4008852109399,0
414800,256.9275015116098,0
415000,269.61584777070476,0
415100,225.24665835909224,1
415100,252.67968334721036,1
415100,272.0062980247597,0
415200,218.95548252189775,1
415200,286.8745055591973,1
415400,286.8642089275167,0
415400,211.3054899891197,0
415400,254.32665395359868,1
415500,286.97642482979387,1
415500,243.50350204557046,0
415600,253.72991968322253,0
415700,213.67063376673596,0
415700,275.23514059270013,1
415700,281.7862912094846,0
415800,269.3206884069291,1
415900,245.80602641859647,1
416100,264.25867878601815,0
416100,277.30835455633746,0
416200,283.8602427868726,0
416300,231.3807250058173,0
416300,282.19841920273296,0
416300,277.1127260914548,0
416300,253.1053451473897,0
416300,192.2444043762,1
416300,261.11091070795993,1
416400,229.3648067718706,0
416400,230.44328891369221,1
416600,226.3461296594158,0
416600,265.688762572025,1
416600,297.5409087085129,1
416700,261.1629670709209,0
416700,298.25727644000716,1
416800,284.4145408370082,0
416900,263.7094888671095,0
417000,257.7505016065842,1
417000,213.45447758388224,0
417000,249.9810343161182,0
417000,274.5168679058399,0
417100,255.18633458188282,0
417200,226.29959844325654,1
417200,325.59670393849103,1
417300,219.98193858910787,0
417300,274.7662206863025,1
417400,203.40989199244686,1
417500,237.75901494093145,0
417700,244.142942885713,1
417700,234.36301075744845,1
417800,260.261741163546,1
417800,251.9909513212635,0
417800,267.66642543310036,0
417900,273.51042306985863,1
418000,257.53795579725426,1
418000,266.56026027484387,0
418000,282.038283894017,1
418100,263.613595317623,1
418200,263.61696531578093,0
418300,323.67351061378673,1
418300,288.34458817110163,0
418300,215.90006538196022,0
418400,259.2954884168639,1
418400,263.249567560869,1
418400,248.7055119806061,1
418400,235.02870377721396,0
418400,255.23231341922087,1
418600,304.7529491652979,0
418600,257.8545022609866,0
418700,264.99911420901543,0
418700,262.6915943498951,1
418700,274.8456293561264,0
418800,278.264990149763,1
418800,270.28453499485374,1
418800,307.59152308294125,0
418800,216.77639966204302,0
418800,269.90169681043506,0
418900,217.17046794410876,1
418900,232.89053348795397,1
418900,296.31501549841295,1
418900,279.23414433108877,0
418900,282.0677766352268,1
418900,188.32834406345916,0
419000,294.210934433227,0
419000,281.7803603438426,0
419000,182.58239192582178,1
419100,310.6608516351093,0
419100,277.7876236392803,1
419200,250.81775491893333,1
419300,215.9249233156781,0
419400,256.827895683365,1
419400,276.0088509097312,0
419500,255.64572955844403,0
419500,274.1296122516719,1
419500,234.3451155511711,0
419600,185.88017652707782,1
419700,242.31780413393247,1
419800,274.63830947083125,0
419800,227.13065449528668,1
419900,254.80898381634816,0
420000,254.83824182575262,1
420000,258.94296900124124,1
420100,257.2437407241499,0
420300,282.68349099878174,1
420400,283.7771914032055,0
420500,225.36661778244053,0
420500,260.5240606376284,0
420500,250.8482354581404,0
420600,248.93496053945555,1
420700,286.267772464231,1
420800,301.74829011166514,1
420800,220.6877280310688,1
421000,199.74420553892793,0
421200,192.39474748714917,1
421200,216.91351012153183,0
421200,288.51681315558744,0
421300,279.078975238664,1
421300,278.6061006237457,0
421400,237.57071247965322,0
421500,262.6317050107912,1
421500,249.96344379506576,1
421500,321.4621365655247,0
421500,197.48549532545005,0
421600,311.0562222921837,1
421600,296.860173545239,0
421700,235.56497193292662,1
421800,288.10702693713984,0
421800,236.44432136901085,0
421800,308.36672379749166,1
421800,276.80437634691003,0
421900,288.5676411097895,1
421900,279.7957636577359,1
421900,196.417041210936,1
422000,274.35262074283287,1
422000,295.02194104205057,0
422100,261.9339642319829,0
422100,273.7355450716866,0
422100,252.38587683782163,1
422200,229.76221560363408,0
422200,297.4410713511706,0
422300,347.8844060461378,0
422300,251.53858689273565,0
422400,228.93201888125967,1
422500,315.4409614362271,0
422500,232.97002800559096,1
422600,271.9811425708906,0
422600,279.00121081247187,1
422800,247.02940162245682,0
422900,279.0066598523373,1
422900,327.0944372123235,1
422900,295.30172139108566,0
423100,229.28871729464046,1
423200,248.17843526343398,0
423200,220.51497146896455,1
423200,204.0717838500551,0
423300,303.0191214438731,0
423300,199.49278089481962,1
423400,234.69498549858494,1
423400,264.88071724443586,0
423500,196.0261067422284,0
423600,232.9671872163373,0
423600,281.9572006563221,1
423600,259.68623666241524,0
423600,261.4800058491784,0
423600,250.27011382430564,1
423600,236.36595692247,1
423700,288.93346421262623,1
423700,223.2149924888127,1
423700,283.67223784030637,0
423700,228.94257844929163,0
423700,238.57002770251273,0
423700,260.40051505643777,0
423800,298.2457632463172,1
423900,274.7263472721621,1
423900,303.0618395620888,0
423900,262.3699402977888,0
423900,279.2465679450697,1
424100,288.2312352736837,0
424100,260.91338078049296,0
424100,262.5673681070856,1
424100,257.97390180857633,0
424100,260.46695576237363,0
424300,276.1889188478409,1
424300,216.91158768685685,0
424300,230.99658994862364,1
424400,277.831167556098,0
424400,273.42285240936616,0
424400,279.81288600473204,1
424400,264.1317216906557,1
424500,239.52419183870282,0
424500,250.84919332970128,1
424600,249.391638727077,0
424600,263.4275540609896,0
424700,230.3389778220088,0
424800,249.87290943493156,1
424900,293.1507222984184,1
425000,275.0993511115003,1
425200,324.11997063472836,1
425300,242.09836555163085,1
425300,259.2291919273695,1
425300,233.06676623575044,0
425300,261.7354548544856,0
425400,242.82396346295917,1
425400,330.8422242745583,1
425500,280.1523495059881,0
425600,264.5794876505924,0
425900,217.57017360348271,1
425900,260.3097051797581,1
425900,241.1447122782702,0
426100,283.9170438816987,0
426200,237.93349512570055,0
426200,243.14598380263843,1
426200,309.3016612546013,0
426200,201.90166673500096,0
426300,229.44893599083076,1
426300,219.941633425391,1
426300,236.34507580976123,1
426300,241.8812982480786,1
426300,278.37825140583834,0
426300,270.1621764409246,0
426300,172.4198604012438,0
426400,200.39044269330932,0
426400,219.90964794839078,1
426400,226.69754711163543,0
426400,236.98707814411043,0
426400,197.4608490908043,1
426400,276.6028419900715,0
426400,241.67194492242152,0
426400,253.7109746142462,0
426500,223.15686664504648,0
426500,193.14887432291934,1
426600,227.79680087758447,1
426700,217.40470448626817,0
426800,200.34412730290956,1
426800,183.1929119700219,0
426800,261.40596305769566,1
426800,274.63802220495916,1
426900,243.8550541227579,0
426900,192.73206577123113,1
426900,262.0923620023368,1
426900,206.63974463415494,0
427000,221.2980403353312,1
427100,263.11897351627385,1
427200,185.2629822471487,0
427300,207.5639727827116,0
427300,262.3967405339337,0
427300,181.3834897798877,1
427400,191.5467689540964,0
427400,261.869844382583,1
427400,237.42693555762693,0
427500,175.4488516183101,1
427600,258.9775219988639,0
427600,193.4281065331719,0
427700,269.9889207448623,0
427700,217.34674513819448,0
427800,221.88585583871978,0
427800,221.38320297562015,0
427800,181.0053503243039,1
427900,199.17956576667993,1
427900,244.80467993508572,0
427900,295.73496462696744,1
427900,204.54082302698373,1
428000,204.6072956078816,1
428000,210.0388511170915,0
428100,200.83901212472358,0
428100,217.42140712335328,1
428100,194.46398166797476,1
428200,204.22084577514738,1
428300,214.62574364085327,0
428400,204.59119125405817,0
428500,167.930656291517,0
428500,186.38254956601347,0
428600,196.41822892072884,0
428600,248.6369133344552,0
428600,199.786932608546,0
428700,213.41618188090948,0
428700,221.0319614512337,0
428800,247.72134371011515,0
428800,207.28526730921647,1
428800,270.10464628489655,1
428800,210.59841798264566,1
429000,284.39656882865853,0
429200,271.9565064101867,1
429200,217.06653443534657,1
429300,204.43838134311383,0
429400,183.43708760730257,1
429400,193.80186641115975,1
429400,234.01778125557158,0
429400,193.10761118691363,1
429400,288.4523323218441,1
429400,264.5357057334944,0
429500,247.74855345100622,0
429500,231.94443207119315,1
429500,293.00589224722313,0
429600,265.85662398541746,0
429600,206.36917134625574,1
429700,265.49300514385544,1
429700,205.82861972261543,0
429700,204.98467682751183,1
429700,218.70193731885186,1
429800,278.49688772264307,0
429900,223.24395067221693,0
430000,166.25026665871323,1
430000,254.01814242924556,0
430100,216.6959491379487,0
430100,186.88140765256702,0
430100,284.8333781669194,1
430200,199.40682669793216,0
430200,177.26595274683024,0
430300,182.85295352139985,0
430400,220.55698766658142,0
430400,200.12604175231115,1
430500,208.6396123823914,0
430500,199.3073815917686,1
430600,205.56035909088268,1
430600,197.5804285743026,0
430700,180.27723664790892,1
430700,217.19580025210868,0
430700,210.0603481286689,1
430700,194.73472804402948,0
430700,212.44348439341175,1
430800,212.49866518791396,1
430800,206.43513474906192,1
430900,291.38493833716564,1
430900,212.42764705314903,1
431000,193.35137463885215,0
431000,200.82238689358664,1
431000,171.26171972827586,1
431100,231.2413430964839,0
431100,194.42717437012269,0
431200,231.95146100098881,0
431200,207.747875116768,0
431200,234.02272693573676,1
431200,218.30383962431722,1
431300,250.1645520890977,1
431300,214.06107555408065,0
431300,230.6083178680898,1
431400,247.829041603542,1
431500,195.27966991321213,1
431500,206.18055824784287,1
431500,222.18303005093065,1
431500,233.83907955341442,1
431500,211.22670286419842,1
431500,253.54616455882012,1
431500,271.7151303730538,1
431600,188.8002890638393,0
431600,223.8011965262529,1
431700,209.53872084532546,1
431800,181.2709409459337,1
431800,182.5832120368681,0
431900,201.70445086047485,1
431900,183.14818872448413,1
432000,221.80701238167973,0
432000,201.6291382071305,0
432100,199.13929387764853,1
432200,205.932782247493,1
432200,202.14293793489188,0
432200,207.4171694973857,1
432300,195.8003514476472,0
432300,219.36851180951862,0
432400,245.2230779851841,0
432400,184.20382546923557,1
432400,221.4902980571481,0
432400,201.54508122739068,1
432400,178.08920248725184,1
432600,221.07240506605163,1
432700,193.15998507758718,1
432800,264.59241001543234,0
432800,262.4929857278389,1
432800,201.60140801890464,1
432800,192.27366626687194,0
433000,166.22864878802508,0
433000,195.08238980109692,1
433100,206.57594050247755,0
433100,219.3328594467561,1
433200,198.8246140744105,1
433200,241.63568152133922,0
433300,218.66538793755532,0
433300,192.43200640088196,0
433400,184.22797445993805,1
433400,196.44776372388446,0
433400,217.43564520534082,0
433400,189.16455185505015,1
433500,258.82376267688164,1
433500,182.52087036446875,1
433500,192.83823392488978,1
433600,193.3300065424307,0
433700,247.63416226724934,0
433900,269.5836297475173,0
434100,240.24060546917093,0
434100,226.0929447500517,0
434300,245.02428029259568,1
434400,248.82330852187127,0
434400,204.55532755274726,0
434400,214.3334741313646,1
434600,231.51361986377267,1
434700,221.0971778842924,0
434700,242.24267229495618,1
434800,257.98539015769376,0
434800,239.28861977475864,0
434800,233.92520642731918,1
434900,260.74173796849936,1
435000,256.36907198817875,1
435000,269.0174367617593,0
435200,263.48875253229915,1
435200,234.87602234776833,0
435200,185.87322048194957,0
435300,258.1427852578624,0
435400,221.51513279085933,0
435400,234.1768091068814,0
435400,261.51878900017925,1
435500,225.3650397606792,1
435600,204.97987479876718,0
435600,203.60439783047772,0
435600,366.2234482054644,1
435600,200.64022209891982,0
435800,251.23063880766105,0
435800,244.42606537685987,1
435900,243.0283683581363,0
435900,260.24584869776754,1
435900,215.33277621602423,1
435900,236.24182677891864,1
435900,227.1018406790795,1
435900,237.60142507723813,1
436000,282.272961640871,0
436000,235.57766590556207,1
436000,269.5162544111442,0
436000,279.83156248496584,0
436100,280.80847369399845,0
436200,231.73617610749028,1
436300,244.32947059045307,1
436300,232.94565375915445,1
436300,267.04874322309263,1
436300,283.5275503202986,0
436300,263.0863309871776,1
436400,245.96934526479598,0
436400,279.79563981087114,0
436400,273.8854853091805,1
436500,246.02661383142245,1
436500,241.97084799614998,0
436600,234.143431231614,1
436700,236.02237537416445,0
436700,276.1838303332262,0
436800,290.3199728697478,0
436800,250.13779888467886,0
436900,214.86297397828545,0
436900,203.4722886979046,1
436900,195.0412812651496,1
437000,293.2505637901559,1
437000,265.15967558243767,0
437000,242.6299090920887,1
437200,199.18987916350096,0
437200,241.5378172870612,1
437200,257.22068469373096,1
437200,177.980454018514,0
437300,248.11902047467885,1
437500,297.22172777356,1
437500,251.93981047871168,0
437500,205.4675705384441,0
437600,260.06220358776835,1
437600,300.5693973393065,1
437700,263.0969046634448,0
437700,278.0634179012736,0
437800,239.51047360867264,0
437800,273.94203244289713,0
437800,277.3743060513984,1
437900,320.2897373370196,1
438000,255.8381141796825,1
438000,238.9133301429367,0
438000,305.56200354088423,0
438100,282.44567219989125,1
438100,228.78278100623277,1
438100,260.02268880858884,0
438200,248.83650944527577,1
438300,234.70471803290255,0
438300,288.08370760562246,1
438400,242.58730683441235,0
438400,256.81906717826087,1
438500,241.22325550748923,0
438600,226.01159385179,1
438800,276.8150513419602,0
438900,264.0641594762422,1
438900,214.06607026917672,0
438900,251.19228576537506,1
439000,237.1317546072094,0
439000,233.69303676378794,1
439200,295.25585966631445,0
439200,255.79655663305672,1
439200,204.73047831292365,1
439300,323.4429961502597,0
439300,227.48192724888037,0
439300,285.3095189497697,0
439500,191.29933382578648,0
439500,297.97763674579005,1
439600,229.0337172575644,1
439700,315.9958238627159,1
439700,224.87826922118606,0
439700,263.4841403790956,0
439800,244.56693631775875,1
439800,246.45546605457446,0
439900,224.20662197858297,0
440000,262.818700769043,0
440100,251.0202150436829,1
440100,199.32380807646194,1
440200,232.39823325901526,0
440300,228.45594436247512,0
440300,202.73820737073254,1
440400,230.21179043217185,1
440500,261.1130891613717,0
440500,301.0388573001333,1
440500,220.2750302881934,0
440500,225.38042943246657,1
440600,208.58945229452203,0
440600,270.3858866757467,0
440600,231.43890065354202,0
440700,252.48887214562905,1
440700,297.39069507259507,1
440700,210.70293209057715,1
440800,263.4212478426673,1
440800,217.01501468470804,0
440900,222.17647890666788,1
440900,248.55389827558093,1
440900,264.92697822368984,1
440900,210.72424697625112,1
440900,243.13888451149535,0
440900,247.88832382464278,1
441000,263.5503437260074,1
441000,245.06827915059867,1
441100,253.28333490376983,1
441100,252.12551041415452,1
441100,255.000003621242,0
441100,206.6612808222163,1
441300,258.17474047302574,1
441300,437.15498711299125,0
441400,299.51353109959194,0
441400,244.74768501949166,1
441400,214.4161414039806,0
441500,232.45083705467758,0
441500,258.55411156678224,0
441700,244.09101530687093,0
441700,226.90781243011602,1
441700,251.37213650789008,1
441700,207.50685959764778,1
441700,254.6353934583369,0
441700,222.50564859262,1
441900,261.88621709002433,0
441900,241.27961485544526,0
441900,268.7817775512137,1
441900,240.03221587378502,1
442000,246.52758102247455,1
442100,292.784097048878,0
442100,254.6906231615396,0
442100,218.8039264428057,0
442200,243.35910476779924,0
442300,216.48510936543556,0
442300,229.68906377477663,0
442300,246.94710172338858,1
442300,203.99806739863575,1
442300,220.20617418630584,0
442400,209.9173643874319,1
442500,228.65960670075668,1
442500,243.90571965256865,1
442500,251.24575354424806,1
442600,221.69589536013083,0
442700,236.03832494170462,0
442800,234.804719447312,1
442800,206.97506141004845,1
442800,212.06319238972966,1
442800,285.0906079732147,0
442900,260.913632435295,1
442900,266.19657475930086,1
443000,292.13798110433567,0
443100,232.5415335769092,0
443100,207.1516226832314,0
443200,252.41213981699272,1
443400,209.2238826911842,1
443500,200.02974768612387,0
443500,270.6311214095877,1
443500,224.15194193293323,1
443500,201.19178312796242,0
443500,272.180632269449,0
443500,256.1471366414055,0
443600,221.9104327483612,1
443600,244.72833594119055,0
443600,265.1420905124271,1
443600,258.9958614090353,1
443600,232.43228472884732,0
443700,188.8717670950969,1
443700,191.5817802851773,0
443800,228.3930481494774,1
443800,241.361928008301,0
443900,227.67937159547893,1
444000,203.26697684382518,0
444300,237.47788613653793,1
444300,222.17551923478808,0
444600,241.7370710059949,1
444600,212.02956822556774,0
444800,261.8331683860861,1
444900,248.64943070138918,0
444900,220.31374740805936,0
444900,238.0316685274435,1
444900,206.43681131056962,1
445000,229.608037529847,1
445100,220.90036032953253,0
445100,242.96415430671752,0
445100,220.05038186669694,1
445100,223.1115838782143,1
445200,225.23860005363358,0
445200,215.45098743652937,0
445200,220.29567352087932,1
445300,230.62656603969913,0
445300,207.21973424752673,1
445400,210.67045417130296,1
445400,300.0685024345652,0
445500,209.32015282827754,0
445500,222.8820598210203,0
445500,227.67040796754503,1
445500,242.6735243662683,0
445500,268.4636861727982,1
445600,214.73360916558946,0
445700,235.6385541683464,0
445700,245.283441647845,0
445800,239.90139549700265,1
445900,219.37693648643966,0
445900,232.0502726667094,1
445900,281.9276379355116,0
446000,243.0184735555638,1
446000,217.39594900659236,0
446000,249.56911404240813,0
446100,256.6529230580286,1
446200,218.8962982601314,1
446200,236.44825726439993,0
446200,228.85392162420018,0
446300,193.81166156859098,1
446300,234.71483789198697,1
446600,259.3447167870789,0
446600,224.56527933143886,0
446600,240.4418103549679,1
446700,210.86682615827965,1
446800,254.83032673783893,1
446800,230.2548417135221,0
446800,237.1587110651333,1
446800,252.18788807906503,1
446900,235.72267458104076,0
446900,248.09566293590356,0
446900,357.23426070320204,0
447000,265.8799465946296,1
447000,207.35567281917898,0
447000,228.3604968180035,1
447000,244.66718489702583,0
447100,328.83528978095046,1
447100,214.4061896709201,0
447100,204.54710478323457,0
447100,305.13351984885986,0
447100,223.27708883555195,1
447100,197.1194483187734,0
447300,264.17803976870266,1
447300,214.10761221421853,1
447400,221.38886504516677,1
447400,245.9192251305018,0
447400,274.29605847426905,0
447500,296.26189137177533,0
447600,312.8805287607907,0
447700,259.34127187625324,0
447800,214.06756859478742,0
447800,272.56756232850967,0
447800,261.96093485299775,1
447900,249.2806413334527,1
447900,233.26132680640572,1
447900,204.83223548634436,1
447900,246.12682141169032,0
447900,235.94236775669557,0
447900,213.79922760519457,0
448000,198.97578725887033,0
448000,222.59105595084523,0
448000,281.74867316720525,0
448100,284.2327227168814,0
448100,211.9493894435496,1
448200,223.3351972607092,0
448300,232.7170625924396,0
448300,214.5619527444231,0
448300,299.285640144175,0
448400,230.8715997430104,1
448500,236.24358165398226,1
448600,231.88737772294712,0
448600,249.527155123223,0
448700,228.23775704384988,0
448700,248.79654447170574,1
448700,235.8389712729711,0
449000,272.00664106672747,0
449000,266.1665522161923,0
449000,299.62236125331793,0
449300,290.3523919020982,1
449300,211.26450026799225,0
449400,252.39261034730245,1
449500,240.62611205405236,1
449600,224.58528604239194,0
449600,214.19625372877084,0
449600,212.0923250323893,1
449600,230.41182989547195,1
449700,203.4650402574138,0
449700,234.23541638083083,0
449800,217.85874004633246,0
449800,247.36982957171045,1
449800,201.88028841899168,1
449900,233.81799294091763,0
449900,203.4216297009994,1
450100,226.81809986052124,1
450100,210.27798688351933,0
450100,274.26412688732006,0
450200,255.78541198823297,1
450200,294.1533946318613,1
450200,235.52373865995634,1
450300,259.2731700495822,1
450300,270.24720184822223,0
450300,217.41181954185564,1
450600,272.0342622973287,0
450600,204.36092772795098,1
450700,232.25271228549136,0
450700,260.7967585115364,1
450700,213.18718906119855,1
450800,227.8544048366215,0
450800,272.2470075523967,0
450900,248.76362783046247,1
450900,230.43224476372882,0
450900,248.90040683867514,1
450900,265.3348103847501,0
451000,248.70043551410453,1
451300,199.4225636223327,1
451300,206.06989887451456,1
451300,248.17717345816098,0
451400,205.47455030754986,0
451500,251.36174233573857,0
451500,205.63541428163683,1
451500,205.40183631503706,0
451600,253.34190130335,0
451600,302.65402352028957,0
451700,213.37877911930084,1
451700,243.26902233973647,1
451700,236.01773852216985,0
451800,179.8289259476572,1
451800,287.6070720230965,1
451800,245.48969288563137,0
451800,228.96894017725063,1
451800,291.7359227808084,1
451900,317.5369600266436,1
451900,246.18648630095058,0
451900,215.70509756738213,0
451900,237.50983827520022,0
452100,271.71389176385696,1
452100,341.15187405954464,0
452100,203.72045698742824,1
452200,262.285836541099,0
452300,204.1792243150563,0
452300,256.1374686868835,1
452400,210.50466330886425,0
452400,221.2433262445698,0
452400,205.66768067249262,1
452400,269.3971540303354,1
452400,197.02535060257154,0
452500,220.62684466527006,1
452500,239.89083843848343,1
452500,266.099120300372,0
452500,219.38233304332303,0
452600,213.3079615679508,1
452600,294.42416757679604,0
452600,237.55241161305582,1
452600,220.58539321614703,0
452700,263.9196037641194,0
452700,258.8581859312821,1
452800,185.0087569284585,0
452800,295.7963474539627,0
452800,243.38217575732227,1
452900,253.59302075950248,1
453000,301.7537028360517,1
453000,222.9522997648855,0
453200,322.80204817249336,0
453200,245.93999462817746,1
453300,236.99586693728233,1
453400,295.62687758810443,0
453400,247.4340603098802,1
453400,277.7150314943643,1
453500,204.07410078348562,1
453500,232.5546086795903,1
453500,243.12296131274064,1
453500,304.23157570187925,0
453600,187.70241427911282,0
453600,191.0596022062376,1
453700,217.16746314744924,0
453700,224.52679447910862,0
453800,220.45965513277986,0
453800,289.9138472328589,1
453800,270.9921553364046,0
453800,249.51859404325575,0
453900,204.84087589388386,1
454100,207.36596669165957,0
454100,212.8145275857182,1
454100,227.64789723566636,1
454200,213.05859012692707,1
454200,198.58756059371854,1
454200,220.39253345910296,0
454300,193.4117683968668,1
454300,209.34595558656895,0
454400,198.43937802658235,0
454400,194.3271090074215,0
454500,268.3104714154891,0
454500,203.91768297495165,1
454700,298.5652071849136,1
454700,233.81915224107163,1
454800,214.5841482290431,1
454800,225.9028191686582,1
454800,211.97790507931109,0
454900,244.58750141753507,0
454900,267.57774377591676,0
455000,194.69862844235084,1
455100,205.5778100328316,1
455100,258.878836855097,1
455100,199.32289409464477,0
455100,204.63868248300915,0
455200,198.34184622115103,0
455300,212.2662640752189,1
455400,252.81093238517911,1
455500,197.7130787511276,0
455600,191.84683732332599,1
455600,192.38923148143874,0
455700,215.3281362909381,0
455700,232.70785401208389,0
455700,249.32347630746676,1
455900,197.29371185453513,1
456000,195.97461578282176,1
456000,194.83279582854132,0
456000,202.76220894006093,1
456100,205.22754016484362,1
456100,228.61431710683155,0
456200,179.87596493083004,0
456200,212.0181891987269,1
456300,193.1815709411191,0
456300,211.36573926007924,0
456300,225.96501890054512,0
456300,202.0710985837544,1
456300,199.95269068040622,1
456300,209.90096313550129,0
456500,189.31524926088903,1
456500,205.80842784888142,0
456500,184.21227170381616,0
456600,231.3552790652118,1
456600,201.16542379253988,1
456600,296.9311503484355,1
456600,190.14018749817768,0
456600,197.36064685410196,0
456700,202.77512845181022,1
456700,250.70354686448772,0
456800,235.61212646082038,1
456800,198.13473192601086,0
456800,288.9859490464621,1
456800,200.70641794648697,0
456900,309.23783425034503,0
456900,206.07646111487705,0
457000,311.57069348832164,1
457000,222.44603852946346,0
457000,206.29865842553477,1
457000,202.87105894777392,1
457100,202.20062885467203,1
457300,239.2748881981978,0
457300,243.31462709773893,0
457400,214.67395319959152,0
457500,206.0331477501161,1
457600,194.73206696342086,0
457600,201.64449768330545,1
457700,231.9314538480018,1
457700,233.54676382029044,0
457700,215.29403461120623,0
457800,205.29253701739842,0
457800,241.85962335089286,0
458000,327.39518869956436,1
458000,303.5643956487527,1
458000,203.5556594745235,1
458000,200.80211350400128,0
458100,275.2310164223618,1
458100,230.04189992379227,0
458100,204.98190468637083,1
458200,227.19519577885754,1
458200,209.55207320332244,0
458200,328.998269220222,0
458300,201.82468693424147,0
458300,194.69884356936024,1
458300,285.4963162067979,1
458300,226.95650796266514,1
458400,203.0886179333485,0
458500,234.15521235919252,1
458500,231.77129426552,0
458500,209.45050040910155,1
458500,253.825981945882,1
458500,248.0443350743408,1
458500,205.9148639986502,0
458600,260.98342042737073,1
458600,290.65765270658216,1
458600,194.93200405039119,1
458700,204.59221776211123,0
458800,227.71500701601815,0
458900,216.25824594425652,1
459100,207.02830747590664,1
459100,262.6210276593348,0
459100,239.10959233326437,1
459200,221.8732710483997,0
459400,365.70774540858105,1
459400,241.53546594135926,1
459500,259.1550739920294,0
459500,198.5033475867585,1
459600,214.21952315911224,1
459600,215.5740076687889,1
459600,236.14946155247435,1
459700,224.83933484821358,0
459700,241.62647448300498,0
459800,196.8378012682975,0
459800,236.11746534143813,1
459900,249.15926412935565,1
460000,205.12361467786081,1
460000,255.80626248138117,0
460100,192.80666862249913,0
460100,207.4756171251984,1
460200,228.13482720064243,1
460200,218.0588483762685,1
460300,262.8754177279925,0
460300,253.33108096535963,1
460400,329.3926124829759,1
460500,210.44560270460173,0
460600,226.04867342506483,0
460700,207.17354022636152,1
460700,244.90062011604488,1
460800,235.79842743430794,1
460900,212.834291193355,1
460900,269.79207463647697,0
461000,238.97980917154095,0
461000,211.70294544182468,1
461000,228.59505639831042,1
461000,238.50244961908518,1
461000,248.64911068283075,0
461000,195.22669212334267,0
461100,235.65064363650777,0
461100,297.75748567473977,1
461200,227.6541608341303,0
461300,221.6384780718836,1
461300,230.78178382543902,1
461400,220.2744320387662,1
461500,245.19592581598727,1
461500,242.10411217938403,0
461600,234.95181878166179,0
461600,260.01562857596133,1
461600,265.412828052885,1
461600,201.3453038105096,0
461700,227.4500959711719,1
461700,262.29350015646634,0
461700,197.14406780801397,0
461700,251.26857308077166,1
461700,206.64439345532614,1
461700,225.97924600016287,0
461800,251.34773594842696,0
461900,239.55636863356546,1
461900,246.43911979432843,1
461900,177.65323623604183,0
461900,204.55229470262597,0
462000,198.80429741071742,0
462100,300.576347887374,1
462100,198.56306821536785,0
462100,243.875059469153,1
462100,193.26254620757305,0
462200,258.69585784714656,1
462300,276.54106891791946,0
462400,177.77699574044058,1
462400,178.29581589945613,0
462400,267.33043296142,1
462400,250.5056295758792,1
462400,277.4938494719897,0
462500,203.93432525235144,1
462500,180.70326953726723,1
462500,199.34708049098157,1
462500,185.5628645013505,1
462600,190.93974328975006,1
462600,189.9443495489218,1
462600,206.1637697036095,1
462600,176.21492409727136,1
462700,244.1261589830533,1
462800,231.3128347908147,0
462800,220.63101393219654,0
462900,256.81495566064666,1
463000,256.41153991687037,0
463000,236.27314812261824,0
463000,180.15820225433856,0
463000,235.1085421892774,1
463100,240.8520379383176,0
463300,212.3036796787357,1
463400,172.95140279154242,0
463400,229.64688787944706,1
463400,182.62602139721957,1
463400,278.96897420576414,1
463400,234.67683668927813,0
463500,255.07312932151154,1
463600,260.96407178194556,0
463600,279.51548035426146,0
463700,251.50579303147063,1
464000,204.76688439059197,1
464100,212.15355218491382,0
464100,277.9022173641803,0
464100,183.65559852266065,1
464200,184.03912710349658,1
464300,258.8221733806543,0
464300,309.6766586548268,0
464300,261.81553005628905,0
464300,221.7455643731285,0
464300,247.80561329484115,1
464400,233.43369813748743,0
464600,209.59480807570438,0
464600,269.526322783772,0
464600,237.80721942292556,1
464700,182.75416428183135,1
464700,221.890759210252,1
464800,233.5816105284675,0
464800,250.61156664222798,0
465000,239.40606948222887,0
465000,276.5871850776295,0
465200,228.16960454747095,1
465200,288.6509599176702,1
465300,171.6431561228152,1
465300,183.92169233119785,1
465300,240.58531591377624,0
465300,191.8203802467435,0
465500,181.60510529586307,0
465500,216.80944674237537,1
465500,255.47524109461787,1
465500,183.15636882349716,1
465600,183.11546119426137,0
465700,288.22906329902156,0
465700,233.42136516840452,1
465700,227.5683141006429,1
466000,261.00719685557306,0
466000,250.86503457422856,0
466000,246.77447920068957,0
466000,206.11735644246633,1
466000,191.46384399633078,0
466100,183.86582376332515,0
466100,261.7657009318012,1
466100,178.8436105735239,1
466200,248.9568061873502,0
466200,259.8539178685691,1
466200,255.82677287202534,0
466200,240.55674761871185,1
466300,180.86787563485933,1
466300,211.71250705874135,1
466300,222.6577718503816,1
466300,219.2272754847708,0
466400,303.37667271386977,1
466500,217.72119257800153,1
466500,205.4856449455846,1
466600,198.1934809434131,0
466600,170.44617186069473,0
466700,192.5987936400453,0
466700,243.8977827553637,1
466700,246.28293680845024,1
466700,196.30282997968735,1
466800,224.1633046970288,0
466800,312.41396215272505,1
466800,203.6252632369711,1
466800,182.9308504031906,0
466800,236.93607874714968,0
466900,256.24536014330306,0
467200,177.26197820474113,0
467300,282.9711581246283,0
467300,318.70812009867325,1
467300,207.58181541917006,0
467300,229.84121306672984,1
467600,278.71647158783105,1
467600,291.8674459235898,0
467600,247.4136072659612,0
467700,331.6344921559581,0
467700,165.96424018518078,0
467700,245.6147029070895,1
467700,270.53531182537046,1
467800,286.9284997218417,0
467800,209.10393110584758,1
467800,258.5471445189946,0
467800,265.4254373702736,1
467800,228.1033804332845,1
467900,234.60269486926015,1
467900,338.81954924319473,1
468000,223.71814613696415,0
468100,213.97274749502841,0
468200,274.329511645508,1
468200,265.6777244668039,1
468200,189.75841141678063,0
468300,301.78438009486473,0
468400,223.74826485937177,0
468400,270.6822389871963,1
468600,189.02669784550656,1
468600,253.7504520442589,0
468600,273.74491687792715,0
468700,367.7343084449965,0
468900,321.24740086875624,0
469000,262.9276018577603,0
469000,275.55061406332794,1
469000,227.31056848043139,0
469100,226.7619345978155,1
469200,291.712882969086,0
469300,200.2047764066726,0
469300,250.48004964360942,1
469300,258.4133945153065,0
469300,222.56630734699021,1
469400,239.6994514424201,1
469400,228.627685827061,0
469400,316.2467458348512,1
469400,220.99803358088127,0
469400,253.70440293944364,0
469400,259.8078765495447,1
469500,235.19896778118385,1
469500,198.34552633350276,1
469600,245.47140354445483,0
469600,231.6991997312262,0
469700,205.70129461219446,0
469900,230.96381112628512,1
469900,324.1920440380305,1
469900,227.43092694862125,0
469900,265.1291097393293,0
469900,202.19108680588207,0
470100,226.39999089346458,0
470100,204.40060028732722,0
470200,216.3552830708435,1
470200,195.28481334593405,1
470300,301.4667363559806,0
470500,261.2914532673815,1
470500,237.6806096125281,1
470500,243.91953052273064,1
470500,205.5192986161726,1
470500,230.99705503432537,0
470600,201.14902667960436,1
470700,260.91323882576717,1
470700,194.70283383844432,0
470700,222.55313048120277,0
470700,183.65954368623886,1
470800,227.04387736798185,1
470800,222.54430897430365,1
470800,414.86195544919644,0
470800,225.07239702918648,1
470900,196.25768767653804,0
471000,227.0398146639358,1
471100,248.2466338387309,1
471100,234.85349981117955,0
471100,199.77645572943814,1
471200,240.37752736262482,0
471300,213.12826854944996,0
471300,257.48246043114557,0
471300,222.59419244425766,1
471300,207.86687104318247,0
471300,249.47320534545136,0
471400,232.5805022750675,0
471400,241.23986104782608,1
471400,258.18642200177356,0
471400,240.54762802525389,1
471400,174.0107374159765,0
471500,252.80697061105758,0
471500,216.78932768301058,1
471500,241.59482591336638,1
471600,262.5809793314804,1
471700,185.23966015556488,1
471700,301.12439173225795,0
471700,212.19143204128738,1
471800,185.52907953809196,1
471800,187.5053474592203,0
472000,202.5484564361304,1
472000,226.60919985901293,1
472200,341.50392226183124,0
472200,202.75308665441923,0
472300,273.47998059141185,0
472500,233.32321745322182,1
472500,281.52280479788305,0
472600,207.3555411212655,0
472600,246.88019548721275,0
472700,264.49635095051985,0
472700,239.5741548334405,0
472700,246.46202290425973,1
472900,259.8088182025264,1
472900,247.70727367805705,0
473000,255.91665946002425,1
473000,284.6566256894547,0
473100,312.62901275449644,0
473100,288.3807327754466,1
473200,264.14448580965905,0
473300,257.76334173418473,0
473300,201.73305326237733,1
473400,257.4514271187857,1
473500,252.94635092139626,1
473500,268.8641423242907,0
473600,193.97180272994026,0
473800,254.93879291448857,0
473800,270.08685347294465,0
473900,273.61070742641084,0
473900,220.23001952947084,1
473900,213.24937882833476,0
473900,246.5547154144304,1
473900,262.9992484205785,0
473900,245.1787710377756,0
474000,206.6969090885975,0
474000,270.48299214600013,0
474000,219.73404054804547,0
474100,292.31388529908133,1
474100,233.24114951069777,1
474200,259.31624853717767,0
474400,255.22632656896886,1
474500,293.21937525879446,0
474600,262.10728119966774,1
474700,261.7270081747971,1
475000,278.6824765614849,1
475000,268.1772861514064,0
475100,260.8386377832636,1
475300,281.7859258239851,1
475400,287.49243723370773,1
475700,319.9491983630408,0
475800,280.7901243264587,0
475900,276.7064356197836,1
476000,296.74906950945604,0
476000,339.1289185969432,0
476000,329.4489006139177,0
476000,275.54186722116805,1
476100,327.79025178377617,1
476100,279.9320070865258,0
476100,308.97589206710524,1
476100,230.65176189218928,0
476200,283.03604090014176,0
476200,289.2159583675408,1
476300,273.89270321390785,1
476300,316.98265354814134,1
476300,279.1173906875493,0
476400,274.76573673649426,0
476600,321.73009484528404,1
476600,320.7399532349016,0
476600,269.3454020119603,1
476600,301.1104739578944,1
476700,333.3597214001564,1
476700,273.83705964590337,1
476700,279.708745939446,1
476800,306.32565841048944,1
476800,286.3412038803983,0
476900,272.89277013176326,1
476900,267.9685930783344,1
476900,278.40654414035174,1
476900,282.2791971070859,0
476900,299.408124255376,0
477000,318.23431680305237,1
477000,300.699871064874,1
477100,284.26016674558355,1
477100,288.7344420675822,0
477100,297.16477215624036,0
477200,323.22845439582403,0
477300,296.23073643799006,1
477400,299.2680095070959,1
477400,336.4266394695411,0
477500,304.69015760717605,0
477500,272.53625394975796,1
477600,248.18392848317146,1
477700,306.2123379090999,0
477700,301.6698231492874,0
477800,275.5832287888675,1
477800,302.78785252207155,1
477900,376.097773718216,0
477900,310.4932755421442,1
477900,305.03207756264965,1
477900,328.4806542357987,0
478000,278.43197089206575,1
478100,314.6781058208972,0
478200,311.3049265934246,0
478200,361.27933315220855,0
478300,268.23344282612294,0
478300,302.9911232792523,0
478400,350.6631995240585,0
478400,281.70872238442365,1
478500,348.8660203660636,1
478600,281.76829834253203,0
478600,273.16961628934394,1
478900,281.6264554075035,1
478900,298.92503272966917,0
478900,309.7816757819534,0
478900,316.6349854516923,1
479100,293.799145984529,1
479200,337.9061438407767,0
479200,303.8853682604808,0
479200,334.0025661492018,0
479200,291.9305210517182,0
479500,275.46284670963007,0
479500,295.46754980606056,1
479500,344.9561473731579,0
479600,311.8932824353323,0
479600,222.81602791551018,0
479700,323.4284026803002,1
479700,259.5359057423938,1
479700,276.65233262190065,1
479800,281.74621267592954,1
479800,275.9440587722613,0
479800,284.3642470005199,1
479800,283.33733739926595,1
479900,291.3146514271427,0
479900,308.08406010439654,0
480000,303.3725957343984,1
480000,302.8885519045274,1
480000,305.73207743232547,1
480000,293.1957561287872,0
480100,306.9891793743164,1
480200,330.3898036255462,0
480400,282.81205147734926,1
480400,301.16740075670526,0
480500,301.1744100641702,1
480700,330.74317505998175,1
480700,275.304301381055,0
480800,295.5134587223115,1
481100,230.8671491749392,0
481300,264.7559554784837,0
481300,252.0814113876139,0
481300,209.26320895154356,0
481400,229.8784965928037,0
481400,292.33700167582776,1
481700,275.60852156263064,0
481700,317.6419332709458,0
481700,236.57686504574917,1
481900,284.1201443907629,1
481900,335.5946184980906,1
481900,287.82301166007926,1
482000,283.25575425557605,1
482100,296.23123391531124,0
482200,298.91285515039806,0
482300,319.5636297733428,0
482300,303.9541773140381,1
482400,280.6042894951178,1
482500,304.77497399235665,0
482500,289.4049542993154,0
482500,281.17524359648127,0
482500,316.51133690976883,0
482600,268.5249165769162,1
482700,288.9306617935671,1
482700,314.55136505568004,0
482700,287.61064515009144,0
482700,295.43365693001107,1
482800,287.892203329294,0
482800,302.95541696435214,0
483000,341.9946232101112,0
483000,314.0476203200967,0
483000,289.33822086312074,1
483000,277.14559718005603,1
483000,286.66289408775174,0
483100,239.19419149560966,1
483100,296.9676968939565,1
483100,267.22000943155155,0
483100,268.1180047154957,1
483200,296.3685357252347,1
483200,289.3699457519813,0
483300,341.37200520254214,1
483400,325.51468433412896,0
483400,275.10064067746924,1
483400,372.668356533568,0
483500,303.41569509304475,0
483500,333.2860479504518,0
483600,273.94465324471884,1
483600,279.2605454146648,1
483700,308.2919779716098,1
483700,278.1301221589604,1
483800,293.85552392324064,0
483800,285.3487893148777,0
484000,316.38419594699536,1
484000,321.4327864207448,0
484000,316.2753582484766,1
484100,290.67994892251716,1
484200,291.0700368943346,1
484200,286.70664835129475,1
484200,292.45121384324096,0
484300,308.1444976962306,0
484300,254.72179416594003,0
484500,281.5689924346328,0
484600,304.62616314626916,1
484700,304.98463238284995,1
484700,274.25189914743913,0
484700,286.5927618710349,1
484800,248.74187078552254,1
484800,298.21641227645216,0
484800,311.89658284495863,0
484900,301.3009923196746,0
485000,292.25051834376893,0
485100,327.3549640344908,1
485100,304.35677053903277,1
485300,292.5188608785407,1
485400,291.60439598847296,1
485400,299.33915581068294,0
485500,294.8897434014535,1
485500,275.3000084839745,1
485500,283.22616383400623,0
485600,282.2181542374556,0
485600,316.21058671360885,0
485600,294.3466591494,0
485600,273.8377539054042,1
485700,313.16774374781613,0
485800,291.21202893407025,0
485800,306.4676496908576,0
485800,318.58072768651175,0
486000,307.6625388936085,1
486000,282.34153874513555,0
486100,302.4319893742193,0
486100,271.33952036189856,1
486200,317.1295204474187,0
486200,275.3089528274748,0
486200,311.979810993105,1
486300,311.89415482011,0
486300,305.479637962816,1
486400,299.2610186318179,0
486800,357.89227432482096,0
486900,275.0659347089497,0
487000,251.82883028622453,1
487000,290.51136438134495,0
487100,314.602202629818,1
487100,302.54263615250846,1
487100,324.25447636254927,1
487200,254.90270198995867,0
487400,237.341197085626,1
487400,308.41139117518946,0
487500,283.39002512840295,1
487500,313.8461173490894,0
487500,290.99340776352824,0
487500,290.30891589807965,1
487600,292.4567773850516,0
487800,244.46152101541418,0
487900,278.2496454916022,0
487900,310.994773339377,1
488000,279.0516787051883,1
488000,320.0113858127074,0
488000,293.429044832624,0
488100,278.3900884874197,1
488100,267.9511324438537,1
488200,243.3361984284448,1
488200,299.8333980730745,0
488500,305.95846593911284,0
488600,295.8189114002352,0
488600,282.39049712070823,0
488700,294.4689783874894,1
488700,303.94096583207323,0
488800,283.8048036595398,1
488800,321.16319112896593,1
488800,291.8875208750867,1
488800,283.885478301447,0
488900,207.51739615582946,0
488900,264.00083778691044,0
488900,297.1632664922812,1
489000,317.5509453118397,1
489000,271.72821248462344,0
489000,322.79798044367027,1
489100,292.2096480410761,1
489100,291.02963912495005,0
489100,305.3090568458509,1
489100,302.74606163136275,1
489200,283.10399882696925,0
489300,328.88497727646455,0
489400,311.37783702586455,0
489400,296.9660157090877,0
489400,259.611675772744,0
489500,273.2371831552254,0
489600,298.68455147291246,1
489600,292.82456291936836,0
489600,282.1479547844189,0
489600,316.7170737024089,0
489700,235.06748596767346,0
489800,301.9323935440262,1
489800,279.7425240973899,1
489800,319.4741997473615,0
489800,276.52561580314733,1
489900,229.42879259883767,1
489900,321.34418268414953,1
489900,236.04313184050395,1
489900,206.18264070771951,0
490000,279.30803741936774,1
490000,230.59924405612918,1
490100,197.7505746236915,0
490200,212.59083276897894,0
490200,230.93562824731654,0
490200,319.1395114559547,0
490200,217.40312538105601,1
490200,277.28714767099507,0
490300,233.2377981580642,1
490300,370.01885895651054,0
490300,309.32664390400714,0
490300,223.94032548470395,1
490400,254.06970660386037,0
490500,312.867765826044,1
490600,253.52705085300613,1
490600,325.7510962082118,1
490700,292.20587362748836,1
490700,250.52789668603592,0
490800,252.40143123098667,0
490800,218.70971720919457,0
490900,307.31815033260483,0
490900,218.25099811657967,0
490900,305.423559888654,1
490900,252.87152495283837,0
490900,258.3033249137491,0
491000,253.70285488098594,0
491000,249.24019697302333,0
491100,312.831494010661,1
491100,239.69025431175515,0
491200,249.7012161365604,1
491200,227.99450072631532,1
491300,239.24165445336985,0
491300,234.5056315492018,1
491300,321.9365395988602,1
491500,249.83418710098337,0
491500,262.1113387048736,0
491800,272.8728992818971,0
491800,217.22706610886542,1
492100,209.2228391971208,1
492200,244.74356301127048,0
492300,249.7702218464313,0
492400,234.2833710696547,0
492400,205.12854592540756,1
492400,256.6456302349414,1
492400,272.0956223695173,1
492400,266.9463974649818,0
492400,241.96930576619152,1
492500,234.2757263612172,0
492500,217.57414942113473,1
492500,242.4429545179733,1
492600,254.55215282605403,0
492800,275.83350701546294,1
492900,240.08521345171582,0
492900,231.90123555903943,0
492900,232.01130094696217,0
492900,255.93314004614533,0
493000,228.60943084197402,0
493300,264.95361028425344,0
493300,247.96646693354265,0
493400,221.20089919587596,1
493500,265.6727614325059,1
493500,226.31109732312643,1
493600,309.3493236172443,1
493600,231.33748782733085,1
493600,266.94121416258724,0
493700,230.34096019596663,1
493700,226.4644842780582,1
493700,237.14190688592186,1
493700,221.62424778139902,0
493800,224.17875632532343,1
493800,252.44164908508347,0
494000,246.35955904402073,0
494000,251.43698151309582,1
494000,223.54505146869775,1
494100,263.1294495230719,0
494100,243.4754846839257,1
494100,271.8170170283251,0
494100,252.4862256556716,0
494100,233.95032212714966,0
494200,195.3283056176721,0
494200,260.02497600125,0
494300,221.52823595489792,1
494300,221.18531469245124,1
494400,240.65967437559172,1
494400,213.42253462622608,1
494500,241.6571725522073,1
494500,198.75358477632926,1
494500,229.4783212358731,1
494600,226.60994518871527,1
494600,235.50311004932658,1
494600,266.76294101403704,0
494600,242.99659298173384,1
494600,267.61085183695565,1
494700,254.70632558403696,0
494700,223.78888928842335,0
494700,234.55892299529887,0
494700,255.13313791358988,0
494800,243.4621692748923,1
494800,211.96754799270525,0
494800,242.4045124641469,0
494800,288.4818009291673,0
494900,246.98802140785955,1
494900,275.1647116931686,1
494900,234.9330476166828,1
495000,232.94975600522014,1
495000,222.10758217136078,1
495000,208.92598257278408,0
495000,229.27797125992643,0
495100,232.02357988652216,1
495100,210.0577263246862,1
495200,234.8757656812431,0
495200,236.3383959223768,1
495200,241.99834044726646,0
495300,205.31381280509814,0
495400,218.26630096568144,0
495400,247.14318325113234,0
495400,228.4661898703138,1
495400,218.98431223619278,1
495500,226.05795229721275,0
495500,258.30242134650393,1
495700,226.94220417552688,1
495700,224.17940709282777,0
495800,243.11445439425054,1
495800,211.11591023645087,1
495800,228.13314795051434,0
495800,217.9047365563259,0
495900,232.95616953261114,0
495900,228.19303026721073,0
495900,243.18528170379273,1
496200,231.37822489616966,1
496200,220.1892935985857,1
496200,255.89987154438796,0
496200,230.59632041454378,0
496300,253.65256515142906,1
496400,266.4368621999393,0
496600,225.96901360506558,0
496800,243.39048729383444,0
496800,268.1345705213321,1
496800,203.6581491383262,0
497000,214.46064418947321,1
497000,219.3034023678084,0
497100,227.15254378236628,1
497100,222.59624625406187,1
497100,220.93265219050724,0
497200,251.65758987545243,0
497300,222.70995610379785,1
497400,208.48555308105864,1
497400,231.0051442279439,0
497400,239.02344627366452,0
497500,253.68668071421806,1
497500,217.48029873196182,0
497500,252.68223352132395,0
497500,221.726935691514,1
497500,242.0920234198972,1
497700,228.84164147144537,1
497900,248.92589909382082,1
498000,209.82591551777196,0
498000,178.6176064505979,0
498000,203.4794692059173,1
498000,223.10520647959908,1
498100,223.92965753605796,0
498100,214.61865551374908,1
498100,251.1679514174171,1
498100,213.17794249410255,1
498200,215.54887483147488,1
498200,231.8380821764315,0
498300,236.01469168186875,0
498300,180.35062467108307,0
498500,230.00104663261766,0
498500,220.98605273156568,1
498600,229.62572545039882,0
498700,224.856899399031,0
498700,252.19880294352112,1
498800,188.62925711731484,1
498800,223.33628423739202,1
498800,206.00018880610955,1
498900,231.30305976379628,1
498900,209.59608911288143,1
499000,249.35720646705659,1
499000,209.70989596016852,0
499000,214.0077610754204,0
499000,236.0868117196022,1
499100,201.56843368006582,1
499200,234.6842947755318,0
499200,248.76507980056996,1
499300,254.63993814642535,1
499300,222.951601072751,0
499400,238.73096561862457,1
499400,237.88326854702655,1
499400,252.65388800878958,0
499500,255.87459299648992,1
499500,235.25948744309903,0
499600,247.34093247682534,1
499600,223.1780686062804,0
499600,238.91885851780515,1
499700,230.46973312440593,0
499700,241.2448172513776,0
499700,265.36416365639906,1
499800,252.98394461971463,1
499800,228.4792185367168,1
499800,240.1340429395825,0
500000,239.1384169957247,1
500000,254.49498355277424,0
500000,231.48805617376252,0
500000,227.12965118844346,0
500000,249.01080993338124,0
500000,237.52739553842372,0
500000,232.5278343395107,1
500100,225.52496453943795,0
500200,271.06521215576,1
500300,222.68089342520247,0
500300,203.20896710036024,1
500400,251.51362753817705,1
500400,269.52615036899533,0
500500,260.4096077712559,0
500500,273.25123432632574,0
500700,249.6501819827519,0
500700,252.00993678669016,1
500700,258.311393525533,1
500800,259.6741895238997,0
500800,218.17550391949172,1
500900,256.1947010939803,0
500900,264.3249434294461,0
500900,227.52241080927402,0
500900,227.3743517970747,0
500900,201.8509444675865,1
500900,238.50096538892882,0
501000,247.99628994957942,0
501000,194.9936245045913,1
501000,261.05600546629836,1
501100,248.88409070316436,0
501100,220.28418408373304,1
501100,282.720328784644,1
501200,199.1639734228323,1
501400,283.2325183048455,1
501600,264.31908663119367,0
501600,271.0411584132882,1
501700,192.62070362520603,0
501800,240.36660866278737,0
501900,207.14729169818335,1
502100,261.5039451531486,1
502100,249.1208689047704,0
502200,245.48341868258692,1
502200,257.3677072831173,1
502300,251.41048181431802,0
502300,230.29645809727774,1
502300,224.62803658523484,1
502300,297.89318957467185,0
502400,250.2173743721013,0
502400,240.45760778884494,1
502500,243.5626000223389,1
502500,249.08708367487378,1
502600,231.36363664920685,0
502800,223.93192666519582,1
502800,237.07336516433907,1
502800,261.60171801222145,1
502900,276.0896128207399,0
502900,232.50277528583993,1
503000,274.4368282921159,1
503000,249.05615514784606,1
503000,247.60286182475127,1
503100,220.24003119445558,0
503200,252.83750283095597,0
503300,209.32740538190055,1
503400,249.34963708981297,1
503500,258.7669270151662,0
503600,257.0287474558929,0
503600,267.49857422378716,0
503700,232.51640181142804,0
503800,195.14131221536508,1
503900,286.76689862272906,1
503900,257.5375139756438,0
503900,245.01685540040967,0
503900,242.86629466588104,1
504000,250.73500536098925,0
504000,222.16495309628507,0
504000,208.1450604701556,0
504000,222.02682884220462,1
504100,243.58394193544459,1
504100,245.06603795014874,1
504100,266.88141495095533,1
504200,214.83257678022954,0
504300,238.35414006208973,0
504300,233.37436578617962,1
504300,278.4194472938019,0
504300,246.628191381932,0
504400,270.15803128547486,1
504500,268.65402050700953,0
504500,242.17814575664252,0
504500,219.6192238548912,0
504600,260.6299181215694,1
504600,319.72637567612935,0
504600,274.6146999884986,0
504600,266.3203957252427,0
504800,237.90921759681027,1
504800,251.92346520508272,0
504900,313.5892403264014,1
504900,268.0630202782175,1
505100,252.18839052365465,1
505100,288.26086529282514,1
505100,209.47330934132916,1
505200,277.69690175895704,0
505300,254.5182588691297,0
505300,239.088836127953,0
505400,258.0688381472081,1
505700,279.6066629538727,0
505700,295.6410116518933,0
505700,279.95745941982807,0
505900,304.02090353273366,0
506000,301.6168820988678,1
506200,307.12716378025834,1
506300,292.7389562518583,0
506500,285.12712141100894,0
506600,323.9732191147822,1
506600,290.17110881996337,1
506600,319.12663331660724,0
506600,299.21444482058376,0
506600,301.6678158220132,1
506700,302.78058371900045,0
506700,217.42699842076786,1
506800,276.91452346796996,0
506800,304.3382311063816,1
506900,253.46774136476293,1
506900,293.15339066935223,0
506900,295.7438449185716,1
506900,291.9566973835814,1
507000,307.1469838145824,0
507100,308.9204568248564,0
507100,309.347924978346,1
507100,301.90857541364045,0
507100,228.03058579993723,0
507200,283.9424642899599,1
507300,279.5467028093755,1
507400,319.0923972676436,0
507400,331.40340560918355,1
507500,274.4905422762235,1
507500,289.66247363330854,1
507500,349.0905601121015,0
507500,314.29543712138207,0
507600,329.62583648056864,0
507600,248.2357253426207,1
507600,249.6611821333629,1
507600,223.77689510850163,1
507900,343.39069425681106,0
507900,307.09112714921054,1
508000,286.93090312981366,1
508000,282.2516581379385,1
508100,273.6201844638592,0
508200,262.857259482822,1
508200,307.042386559679,1
508300,203.54896233897813,1
508400,298.7937140385287,0
508400,294.9310231338211,0
508400,299.44681471158196,1
508400,279.63319078987087,0
508400,311.24710332748464,1
508500,283.0485264323202,0
508500,266.60097759585403,0
508600,226.02183258525818,1
508600,278.71193610031327,0
508600,278.13144597141354,0
508600,294.63906483043434,0
508600,250.54492475934623,1
508700,271.6359771647424,0
508900,248.45478079318934,1
509000,218.55983964528036,1
509100,273.05421959826543,1
509200,266.62265377822416,1
509200,225.16669104955457,0
509400,295.88311038842147,1
509500,329.29408082935174,0
509500,213.1186619859822,1
509500,266.6557324799509,1
509600,311.1541687543423,0
509900,299.40425118559085,1
509900,241.6183239273709,0
510000,237.89538572571976,1
510100,297.44697512631586,0
510100,260.58116907650714,0
510100,272.53609314135366,1
510100,241.97604475364173,0
510100,288.9495147224519,1
510100,274.1678879967181,0
510200,392.0265799281429,1
510200,291.9567433616428,1
510200,229.80140509100826,1
510200,272.526436875197,0
510200,298.3996506772265,0
510200,242.78551019971087,1
510200,295.106116557418,1
510300,219.4708283795019,0
510300,277.4570345722976,0
510300,342.8252453003559,0
510300,259.8626936312551,0
510300,293.83246972806063,1
510300,258.6392203062667,0
510300,315.5546649669031,1
510400,248.80184144499327,0
510400,251.73949802799862,1
510500,335.371457210409,0
510500,309.0093052298764,0
510500,317.30955240874283,0
510700,301.75251339412046,0
510800,265.3275589436038,0
510900,252.52578524375508,0
511000,337.28956018934184,0
511000,335.0468826152415,1
511200,256.12854711278794,1
511200,213.91335219181175,0
511400,280.0182628817308,1
511400,244.51311751609379,0
511500,229.5992321717159,1
511500,224.729471252005,1
511500,234.69513479012585,1
511500,230.1768635322182,1
511500,213.01557299093002,0
511500,263.60864709942075,1
511600,265.0689052755131,0
511700,227.93663734102051,0
511900,234.9719425502025,1
512100,207.13756568907706,0
512100,261.5174674503305,0
512300,273.5960077177795,0
512300,247.78064827462651,1
512300,248.03163612339537,1
512400,228.98565206583558,1
512500,295.6050122346255,1
512500,273.12190660984044,1
512500,263.67607705465525,1
512500,279.288468341139,1
512600,257.03196951824333,1
512600,249.14376683666327,1
512600,220.53161210936474,0
512700,296.3258325775837,0
512700,266.7969635493323,0
512800,269.48942550191566,1
512900,290.07644653721394,1
512900,256.72334090259494,1
513000,258.99099194694975,0
513000,261.7368706923131,1
513000,240.33867383036917,0
513100,278.6728549421608,0
513100,240.4892297487153,0
513100,271.91168263598087,1
513200,265.6965702519834,0
513400,243.02765286706511,1
513500,239.66618160583727,0
513500,243.3758878347766,0
513600,249.6233459112012,1
513600,238.1702870072466,0
513600,232.65445462756736,1
513600,262.2001856452237,1
513600,277.6230458958835,0
513600,260.16080836670506,0
513700,302.4667550943063,0
513700,248.58701871547655,1
513800,236.39762375913654,0
513800,252.72671062680485,0
513800,216.22653309905277,0
513800,199.7437778074597,0
513800,248.89851970645302,1
513900,221.5740144982948,0
513900,254.77011621365156,1
513900,256.3456751422918,0
513900,265.9076290362516,1
514000,257.3310578923036,0
514100,231.60790504222442,1
514200,221.87949062462283,0
514200,244.67211139889372,0
514200,187.94403824548428,0
514300,236.16285948593398,0
514300,310.6805865387178,1
514300,294.426368276116,0
514400,224.22564342343225,1
514500,221.01920344476898,1
514500,210.13228487074016,0
514500,200.33614922161541,0
514600,212.06250196595082,0
514600,207.30622487249246,0
514600,215.92320391528992,1
514700,204.5155017294482,0
514700,225.60521717278058,0
514800,217.15416705931176,1
514800,223.21116515515274,1
514800,234.9912667322205,1
514800,214.3556300176083,1
514800,228.39424921587127,0
514900,210.51561772188396,1
514900,227.66618454950355,0
515000,225.65704617708374,0
515000,276.1384231907984,0
515100,236.8781476055209,0
515100,225.51402692037175,0
515100,229.41032647136913,1
515300,206.9990649883344,1
515300,247.3389976408641,1
515400,246.75479145798312,0
515400,243.71127008939433,0
515400,260.8433535364834,0
515500,247.648447995915,0
515700,238.49605284614296,0
515700,194.94622636637135,0
515800,281.5970983772227,0
515800,201.0582218627649,0
515900,218.52026629369277,1
515900,207.41277543920486,1
515900,237.18084335879053,1
515900,223.79334237038535,1
515900,206.9263571385604,0
516000,296.5640050894809,1
516100,227.46917302072694,0
516100,208.61215194568382,0
516100,220.93901015097327,0
516200,300.8650171920087,0
516400,214.25046613838464,0
516400,273.7713725620323,1
516500,206.65649535415625,0
516500,255.918501256142,1
516700,256.3644803243657,0
516800,201.0439721053513,0
516900,219.86998990992666,1
517000,212.19565729843907,0
517000,215.96284800481,0
517000,227.45329052780232,1
517000,200.6433516653134,0
517000,290.773320751227,0
517100,230.20694792313932,0
517100,214.86265955933533,1
517100,219.55490415970428,1
517100,206.09929768922103,0
517200,312.06293536936505,0
517200,249.4953134118223,1
517300,213.1826499371166,0
517500,237.1254373553471,1
517500,224.27601337276607,0
517600,221.1489931400928,0
517700,226.9221071961979,0
517700,226.2935687092796,0
517700,201.96913919571972,1
517700,222.01381599954203,1
517700,194.6968170985965,1
517700,192.30957760807422,1
517900,230.29111684141208,1
518000,207.01225473036897,1
518100,283.5709850200048,1
518200,181.4515275017598,0
518200,207.8654283917719,0
518300,215.21440410454971,0
518300,205.0452642853223,1
518400,279.10682021300414,1
518400,218.21714080580205,1
518500,235.15202019846177,0
518500,230.99524835866973,1
518500,184.64994253013043,0
518500,195.33298780672234,1
518600,204.24193564463803,0
518700,189.25635683526386,1
518700,239.65335998687317,1
518700,251.18965744850817,1
518700,188.79201054870248,1
518700,292.2184401619355,0
518900,286.12988056315055,0
518900,197.58083903152882,1
519000,198.63368767093095,0
519000,258.5633580106561,1
519000,210.9273576946818,1
519000,197.50655403702197,0
519100,276.1978583327932,1
519200,229.03005704886965,1
519200,278.0414410712455,1
519200,248.8003376055341,0
519300,208.23533828769263,1
519400,222.84279549549026,0
519500,231.986396304722,0
519500,235.75216193968416,0
519600,277.2145301022466,0
519600,274.6547710271596,1
519600,298.3516813606055,1
519700,255.01031701356578,0
519700,289.09932921518737,0
519800,242.53369228556744,1
520000,287.77570620778863,0
520000,297.6055213552746,1
520100,293.83241339211133,1
520200,251.89699711877773,0
520200,197.65760108594762,1
520300,343.8498910499142,1
520300,263.6215638503774,1
520300,246.84996476543725,1
520400,244.60289151957798,1
520500,220.69796302437712,1
520500,222.4218120992199,1
520500,266.0542442687329,1
520500,256.814672862765,1
520600,350.76504507534213,1
520600,315.8574649050467,1
520800,284.0894769588659,0
520900,224.89809914609464,0
520900,189.92969788628199,1
521000,257.6605462795925,1
521000,261.17680577411915,0
521200,251.63253982723302,0
521200,192.7992931755659,1
521200,189.23625479696054,0
521200,271.6378851669817,1
521300,200.12060441542442,0
521300,245.70689546982962,0
521500,203.29847426442512,0
521700,224.46188539484837,1
521700,293.8084030685521,0
521700,269.03219230525144,1
521800,205.52400016774044,1
521800,344.20119614524634,1
521800,301.39612993870134,1
521900,302.42063818000963,0
522000,240.75391922683673,1
522000,233.40867688171454,0
522000,347.6758627820693,0
522100,198.55579714539581,1
522100,322.7602635152681,0
522100,207.35871553748004,1
522300,188.41885662502236,1
522300,350.4832225565269,1
522300,270.6107267225716,1
522500,277.9545363409023,0
522600,298.0611752402358,0
522800,348.432865776239,0
522900,309.7368576316506,0
523000,281.88401990792914,0
523100,218.95492824874492,1
523100,338.61821974241843,1
523100,268.5721883612139,1
523100,226.00444673443548,1
523200,251.397567950056,1
523300,357.8975834270419,0
523600,261.08817217400775,0
523600,190.5988863954987,0
523600,183.9122275757206,0
523600,267.0427718187001,0
523700,328.47897156701976,0
523700,232.38220000142866,0
523700,242.81014877158663,0
523700,247.18409018446476,1
523800,237.9402444392045,0
523800,265.72103719603206,0
523800,254.8825608268293,0
523800,204.92249856997734,1
523900,325.59365297230676,0
523900,194.42804278226416,1
524000,322.8696542499933,0
524000,353.7160759016413,0
524000,261.0487267512093,0
524100,413.3500032149026,0
524200,248.26937666217566,0
524300,272.6459661488607,1
524300,327.23155451165763,0
524300,262.30436777919437,1
524400,221.6418051444747,0
524400,195.34476772904767,0
524400,204.37576124525856,1
524500,291.217374600954,0
524500,373.5048438522754,0
524600,245.14752597547465,0
524600,220.62292759049475,0
524600,405.55417890856177,1
524700,342.53895415215925,1
524800,196.5777704503828,1
524800,218.26812767368367,0
524800,198.53892318211425,1
524800,210.44401405014023,0
524800,349.3920900785846,1
524900,216.50192776824235,0
524900,308.7595291142628,1
525000,213.62081919876948,1
525100,276.70737199039127,1
525100,222.7290081995581,1
525100,330.2111860492958,0
525100,335.2500677775339,1
525200,188.6988994984994,1
525200,291.642919362496,0
525300,383.25267760237085,1
525300,382.56182067472037,0
525300,188.80003171372738,0
525300,224.09630734839985,1
525300,311.0353597765054,0
525400,265.3014983553471,0
525500,198.18564935344637,0
525500,221.617196582058,0
525500,222.50387217634432,0
525500,241.97852646648423,1
525600,213.6786689093596,1
525600,259.5084803620389,1
525600,241.39573097190174,0
525700,230.1064474974227,0
525900,199.74542827473152,0
525900,236.01122202783728,1
525900,396.3281740060471,0
526000,353.240369593676,0
526000,309.3248116864296,1
526000,196.99776854902177,1
526100,188.25228653509944,1
526100,227.4916844160774,1
526100,207.9544977302078,1
526200,384.0163763745307,1
526300,356.43753730338165,1
526300,328.6265883114296,0
526300,227.20325689618886,1
526400,227.84928606878913,1
526400,205.64664621025733,1
526400,229.11478173780466,1
526500,355.03496303948464,1
526500,223.7106066487684,0
526500,252.68040547022233,0
526600,200.62483691860012,0
526700,380.39178261322684,1
526700,222.6818990978018,0
526700,207.2373220992856,1
526700,193.92090252612755,0
526900,236.52986461964244,1
526900,225.14930470252162,1
526900,271.4849020687106,1
527000,396.0524767136868,0
527100,212.46330491822593,0
527200,191.4410853068042,0
527200,194.47763931895227,1
527200,255.8877482087267,0
527300,185.65328938626413,0
527300,267.6801456219185,1
527300,242.28529392135113,1
527500,218.52014463513953,0
527500,209.84543279247399,1
527600,220.26922989733615,1
527800,190.51353478294948,1
527800,185.02385105529254,1
527800,226.2019131561857,1
528000,191.84956723954826,0
528000,196.29745647284759,0
528000,205.69184950499104,0
528100,214.5279766791512,0
528100,256.92761880839475,0
528300,222.37536638756865,1
528300,212.5870240189028,1
528400,201.3484182478328,1
528400,234.856892498005,1
528600,200.02283514895478,1
528600,230.9149324344023,1
528700,226.5444050017518,1
528700,223.14925284581577,0
529000,225.0712098020025,1
529100,221.19877258105228,1
529100,227.76377779643,1
529500,307.67360364672925,1
529500,225.44207241657284,0
529500,220.9548892101997,0
529500,262.42310856205563,0
529600,213.92299979569722,0
529700,250.62952526721938,0
529700,244.42372015762453,0
529700,215.1322068702373,1
529700,221.97986472311408,0
529800,272.68259146598336,0
529900,260.2624985740609,1
529900,268.69044663960443,1
529900,298.2442227530706,0
529900,303.7095278948333,0
530000,190.2126414731137,0
530000,275.9763621271198,1
530000,250.52995972054276,0
530000,235.20088867081714,1
530000,288.71300232928536,0
530100,276.4729101434581,0
530200,230.78384658665163,0
530200,233.57352330265036,0
530200,224.74861107061653,1
530200,248.1169167482555,0
530200,276.1358417250431,1
530300,240.82303785935864,1
530300,275.0899227840332,1
530300,222.04439473507966,1
530300,233.4588831639304,1
530400,292.74250202396826,0
530400,278.62423360782566,0
530400,249.29696024245737,1
530400,228.72149126414655,1
530400,233.57880012990393,0
530500,256.4524278491407,1
530600,222.22397570499945,0
530600,343.54355998810513,1
530600,261.33465010446713,0
530700,228.33611258796245,0
530800,200.97446779697316,0
530800,297.4281238583944,0
530900,267.7880634634953,1
530900,267.7807507529289,0
530900,224.67360396062884,0
530900,255.0631464373279,1
530900,241.7795897198814,0
531000,210.00076735771788,0
531000,303.95867619270547,1
531100,257.0452003283289,1
531100,296.5979624221753,1
531200,238.98712911687454,0
531200,250.57350646468075,0
531200,222.1383979194437,0
531200,226.5959692012133,0
531200,229.8372837561547,1
531400,217.56107157593,0
531400,253.40912108133202,1
531500,230.93123646238317,0
531600,248.2667144064213,1
531600,213.56579750021572,0
531700,251.27441765123496,1
531700,230.6024387267015,0
531700,260.7637740435761,0
531700,242.70870767546785,1
531800,238.19674404915096,0
532000,231.5098362475994,0
532100,320.9110597998554,0
532100,252.58310464439748,0
532200,239.5953715861997,0
532300,311.01712346876894,1
532400,319.55371266955314,1
532500,224.60493187109827,0
532500,244.6864648652341,0
532500,262.7853640667356,0
532500,311.9261590555336,0
532600,222.97562184487367,1
532600,212.79889584599132,0
532700,269.4033252414832,1
532700,225.9126111135642,1
532700,278.9349892247488,0
532800,233.02819299883927,1
532800,252.44780092833224,1
532900,235.31186865861943,0
533100,226.0312708426013,0
533100,227.8790092896472,1
533100,232.61929724760984,1
533200,267.16816925299855,1
533200,278.1911805564621,0
533600,271.589602602827,0
533600,243.5418835243554,0
533600,335.25110256898625,0
533900,314.7167835624986,0
534000,240.94090690811066,1
534000,277.3558969669671,0
534100,268.24381820397303,1
534300,250.92092091732937,0
534400,281.94404813388223,0
534500,355.6374790906914,1
534500,271.2726369320707,0
534600,299.7324180343725,0
534800,260.71897311780566,1
535200,283.2709232753118,0
535300,218.3114459889536,1
535300,232.60024073561897,0
535400,264.2727984778444,1
535500,270.5194398659815,0
535500,278.3523783664245,0
535500,268.85049732660616,0
535600,306.5691708032789,0
535700,286.2399572649982,1
535700,294.0317657411339,0
535700,265.6976362772092,1
535700,306.1036132697171,1
535800,288.33436356124844,1
535800,269.7378057507345,1
535800,267.4878770936398,1
535800,248.31529821886974,0
535900,283.57132748939256,0
536000,303.1438673393045,1
536000,293.66429142706147,1
536000,302.39932971667275,1
536000,307.93073722337294,1
536200,300.7928993111677,1
536300,317.52261872344445,0
536300,301.22966716982353,0
536400,300.45257592368364,0
536400,255.18506424393001,1
536400,308.53922740161164,1
536500,270.3167411122212,1
536500,349.5158117187551,1
536500,263.3913586404819,0
536500,305.42288154461244,1
536600,311.0925355369989,1
536600,272.83325782528283,0
536600,288.5277861792978,1
536600,270.96147018865014,1
536800,336.26586672728126,1
536900,326.3395354132008,0
536900,307.5650576778248,1
536900,240.37122947514382,0
536900,325.334484962933,0
536900,265.3826496129103,1
537000,290.881557326032,0
537000,303.8356550862038,1
537100,328.29224363948447,0
537100,311.8002518884109,0
537100,317.82879400288516,0
537100,273.7018100045263,0
537200,274.37547979716334,0
537200,346.16561699556087,1
537300,255.0829561275816,0
537300,360.02175941876646,1
537400,324.7910356633099,0
537400,326.38452782494403,1
537400,252.7576735238201,1
537500,354.6380003894173,1
537500,259.9767002766239,0
537600,302.22993163126057,0
537600,337.0353987537704,1
537600,294.42015001846363,0
537700,261.30503333376055,0
537800,307.4446110858872,1
537900,338.93766269850056,0
537900,307.4413303558044,1
537900,328.2801811009546,1
538000,254.26488842054084,0
538200,286.37781160578237,1
538200,344.5361670952416,1
538300,330.15707528818774,1
538400,288.41068555141914,1
538400,316.081224399443,1
538500,301.966744130872,0
538500,364.43888034763233,1
538500,263.41270762299337,1
538600,349.9379351267198,0
538600,296.21994387900776,1
538700,312.82183654841526,1
538700,300.97552134662186,1
539100,296.72334294722725,1
539100,299.61708756995586,1
539100,274.8155729346625,0
539200,325.5093404020943,1
539200,277.61728319130543,0
539300,260.5523423595912,0
539300,268.570321668456,0
539500,327.259700262626,0
539500,296.94928153600404,1
539500,245.43966054711123,0
539500,250.49677047658875,1
539600,274.3924287520893,0
539700,328.8922792494733,0
539800,260.4242937066794,1
539800,361.7553926137045,0
540000,356.17477963027324,0
540300,314.4180969823097,0
540400,378.77085471731937,1
540700,302.32861718186365,1
540700,419.69470787046356,0
541100,220.07819026203447,0
541100,326.13378746584743,1
541300,400.3134541723349,1
541300,261.6659364416235,1
541400,275.36197190297855,1
541400,321.3001333195571,1
541400,312.94856052233916,0
541400,246.5080468768033,1
541500,286.379287390751,0
541500,303.8840339626375,0
541500,247.73288579592864,0
541500,245.5747256789983,1
541500,275.71429028276754,0
541500,279.8104223686874,0
541700,315.25364109380115,0
541900,236.7849401454052,1
541900,288.64668333043244,1
541900,235.40671873826503,0
542000,307.02536942391134,1
542000,311.1331103466966,1
542100,285.40366906913533,0
542100,319.8372917674872,1
542100,304.4401216728228,0
542200,321.84961617251383,1
542200,233.449494939775,1
542200,281.0064189759215,0
542200,237.50486636365414,1
542300,326.10516925964936,1
542300,284.44568269500104,0
542300,188.95632031253,0
542400,209.16403599469024,0
542400,221.37123895524567,1
542500,301.73611009678586,1
542500,325.7760791870208,0
542600,309.22852926957586,0
542600,240.7460972033498,1
542600,315.7135544500375,0
542600,343.11300758168,1
542700,321.62898522135043,1
542700,345.56301691476165,0
542800,313.6833220023864,0
542800,279.8740408530465,0
542900,279.720046604245,0
542900,257.8185606314254,1
543000,291.6206973441878,1
543000,241.0582057525773,0
543100,376.75115524637744,1
543100,302.97502328546716,0
543200,243.07812545772913,1
543200,306.0744099595417,1
543200,220.86281237327475,0
543200,329.3587575335978,0
543300,310.85453652251533,1
543400,315.66874355204743,0
543400,272.47282299886643,1
543500,325.275003999261,1
543600,260.99035876692426,1
543600,343.889795858201,0
543600,335.2041397279801,1
543700,414.6911861120889,0
543700,266.16219629192926,1
543800,318.35971105252946,1
543900,226.7197817036996,0
544000,236.15988292599826,0
544000,278.72408239247295,1
544100,272.1841654281336,1
544100,215.31019719247652,0
544100,254.84173057317253,0
544200,351.4195268282805,0
544200,270.0525329051356,0
544200,282.78653719788616,1
544200,226.79625756675358,1
544300,336.30451458636156,1
544300,257.25559028098246,0
544400,346.8308112581583,1
544400,328.8123906463491,1
544500,351.8246098995286,1
544600,260.8025200700499,1
544600,349.41267331217074,0
544600,339.461181218534,0
544700,226.8274203285599,0
544700,374.9766603016255,1
544800,261.36247934467815,1
544800,407.9103662833286,1
544800,250.3742036584779,0
544800,370.9665515524693,0
545000,259.36233273602295,1
545000,281.92807306748017,0
545300,329.96338994849293,1
545400,348.6074422686075,0
545500,264.15386081180196,0
545700,314.61537473056427,0
545700,304.73248849119415,0
545700,251.53396542626203,1
545800,360.2050181302631,1
545800,199.68525862579554,0
546000,280.99390018674245,0
546000,299.3302877780844,1
546100,231.0821702898729,1
546200,241.39420720748694,1
546400,197.6300346078852,1
546500,263.47399123392165,0
546600,246.79632651758956,1
546600,288.50440936340595,0
546700,237.50066986187522,1
546700,353.2610589985218,1
546800,276.95171126667657,0
546900,271.0294135342146,1
546900,272.15084709006896,1
546900,230.5960120425346,1
547000,273.61812417472504,0
547000,233.60256383822687,1
547000,207.4171087217531,0
547100,236.3575052470049,0
547100,254.61300180048968,0
547200,255.4315123702912,0
547200,229.67296746563431,1
547400,297.8002093049117,1
547400,238.85157957012328,1
547400,244.79401664513023,1
547400,290.15936440316784,1
547600,326.8997565393734,0
547600,230.1735110940894,0
547700,287.4198567477989,0
547800,275.9269933548736,1
547800,314.0168955942922,1
547800,273.28962564203914,1
547900,259.2248521696563,0
547900,230.3008916405962,1
548000,222.37815164450288,1
548000,273.1639691649666,0
548000,301.9821116589762,1
548000,240.0906130832358,0
548000,274.4491909241615,0
548100,238.58020735891645,0
548100,333.9620817166253,1
548300,298.80194224959763,0
548400,284.20783573728846,1
548500,285.1805233158202,1
548500,354.6889694029028,1
548500,243.38945023353523,0
548500,297.61076893715017,1
548600,290.3895250943246,0
548700,284.26933205499614,0
548700,258.1944280393199,0
548700,217.0444013280554,0
548800,310.63339509750904,0
548900,285.66553003552184,1
548900,258.02189076008995,0
548900,307.43951456568385,1
548900,282.6176905875883,1
549000,284.8756666668127,1
549000,299.76685376622373,1
549100,314.01981891804235,1
549100,262.5864668120905,0
549200,288.1248300503702,0
549200,246.8463118919196,1
549300,277.1045069468816,1
549400,253.10855320541253,1
549400,275.8871572611299,1
549500,370.3174786186686,0
549700,279.37978898590416,1
549700,271.4906252690671,0
549800,285.17480846197617,0
549800,309.04105324974245,1
549800,277.67021103723204,1
550000,249.69152974962844,0
550000,316.5200174490886,1
550200,256.4125863056701,0
550300,264.1569769822781,0
550300,301.4079919457449,1
550400,358.9209344315556,1
550500,301.8187386311358,1
550500,291.61983681232334,0
550500,341.6495107130854,0
550600,320.91317759627856,0
550700,277.3884051859581,1
550900,230.9716067246679,0
550900,337.19701121740513,0
551000,315.71241069497717,0
551000,314.33208230306593,1
551200,283.37425307166916,0
551200,355.89555651919153,1
551300,340.50751305105894,0
551300,358.93047468347993,0
551300,331.4629661417149,1
551400,203.99712966635815,1
551400,280.8373293262544,1
551500,271.67883227717334,0
551800,330.5755592419905,1
551900,312.23346865572853,1
551900,285.85565396436925,1
551900,315.95942493506436,1
552000,265.94015275852877,0
552000,236.25477804839295,0
552000,231.36200287472124,0
552100,281.9559083251212,0
552300,326.7239346431516,0
552300,317.58793373570745,0
552400,370.8879292503023,1
552500,251.41178943164255,1
552500,397.029644678348,0
552500,252.8269991631472,0
552500,312.52679392973886,0
552700,348.3682099213211,1
552700,286.06606242602004,0
552700,225.36677893463798,0
552800,306.59624133723975,1
552900,316.5590255236335,0
553100,436.7732839251426,1
553200,308.8087465762969,0
553300,321.14941985827585,0
553400,213.6389224218805,1
553500,297.72045901662926,1
553500,347.6760279681304,1
553600,296.65748425275996,0
553800,310.48218722782946,1
553800,275.47535310042645,1
553800,303.8691297047302,0
553900,329.4298223553549,0
553900,291.63682955320854,1
553900,311.52177931014023,0
553900,303.65333256504323,1
554000,285.08368958338525,1
554000,364.58700733188783,0
554100,348.0429107459404,0
554100,304.33474045318394,1
554300,271.798343355128,0
554400,356.1071165542805,0
554600,279.1279291977362,1
554600,336.70449305310655,0
554700,315.29568113846955,0
554700,266.33706959223133,0
554800,334.1630422219267,1
554800,267.0712500854739,0
554900,253.99323963853854,0
554900,326.06818863069043,1
554900,398.6318885141104,1
554900,342.716159908565,0
555000,426.5813467576161,0
555000,327.7554494785628,0
555100,401.71389472300484,0
555100,309.58193324861384,0
555100,301.27405014599003,0
555300,348.2091404452814,0
555300,374.65754068549745,1
555400,275.17139057144016,1
555500,362.0582895921786,1
555500,318.4025134047764,0
555500,376.57066140247184,1
555500,279.7344185946082,0
555600,286.3499515765993,0
555700,259.05709145376903,0
555700,339.1884786520839,0
555700,265.43990125088953,0
555700,340.07351176233533,0
555700,362.50035691190647,1
555900,369.2330321571921,0
555900,332.1722325542794,0
555900,213.46364423517392,0
555900,258.78512353132857,1
555900,329.35377599168595,1
555900,336.9555277449431,0
556000,326.0009023277906,0
556000,306.63939567728124,1
556000,360.9076695627957,0
556000,288.99835878216646,1
556200,374.81905082534104,0
556200,259.40192729766017,0
556300,419.58517462502795,0
556300,262.8273811924869,1
556300,279.5378252971618,1
556300,313.82977232024564,0
556400,256.835141936736,0
556400,293.57223395420795,1
556400,355.46324702378496,1
556500,309.65138857331465,1
556700,219.08930663296812,1
556700,254.6880009203649,1
556700,291.1153632166547,0
556900,292.9392138952716,1
557000,320.1539014703198,1
557000,288.9291053314217,1
557000,401.7010699918497,0
557100,349.1613873608065,0
557200,289.64230778937895,1
557300,341.9618070388604,0
557500,284.5327220814879,0
557600,250.63700016562208,1
557600,291.43381107018246,1
557700,320.79931738446174,0
557800,298.58234403602785,1
557900,250.19476218927755,1
557900,283.25726435530146,1
557900,249.33115284128752,1
558000,304.1447970611351,0
558000,331.7309606498763,1
558300,237.38931260310318,1
558400,257.0172872997533,1
558400,224.2230405322793,0
558400,256.82609106463923,1
558500,297.8832798638133,0
558500,330.1614582828745,0
558500,347.74408492889864,1
558600,337.8029610378306,0
558800,300.44971640528007,0
558800,340.6451612685188,0
558900,220.84235666996042,1
558900,314.61493936378423,1
559000,337.870326936275,0
559000,321.0588826714408,0
559200,254.1585554459617,0
559300,322.19707636071234,1
559400,346.22597258750795,1
559400,218.727181459961,0
559500,240.9135680652418,1
559500,281.2465355712127,0
559500,277.25812551169065,0
559600,283.1064999058645,0
559600,197.16720674984077,1
559600,280.6441954647425,0
559700,359.9486250078633,1
559700,290.73903392239305,0
559700,294.752313907313,1
559700,311.1785730698392,1
559800,311.1824255825303,1
559800,318.6245166553597,1
559800,255.0479430837134,0
559800,242.80916518188073,1
559900,239.98000707719768,1
560100,247.00812967418938,1
560100,235.097573263208,1
560100,213.18835722874834,1
560200,232.72683175476126,1
560200,261.27148054081937,0
560200,219.39920905959508,0
560200,296.56028942484795,1
560300,224.9837343676906,0
560400,245.36870570092762,1
560400,231.54812948301418,1
560400,322.1839277051131,1
560400,210.03905549449544,1
560400,216.8762965357218,0
560400,240.3396705965548,0
560500,265.7884790187957,0
560600,247.26724692819627,0
560600,289.8346145280291,0
560700,223.64770994361305,1
560700,284.7300255251791,1
560700,329.81147794522235,1
560700,257.25874669596425,0
560800,297.63208034402936,0
560800,305.41164186625616,0
560800,222.050123518833,1
560900,261.4166935217794,0
560900,210.22013265196335,1
560900,251.29888427759198,0
560900,220.06467449364112,0
561000,253.6048177751988,1
561100,241.3365523377862,1
561200,239.8261188723485,1
561200,226.85613416949448,0
561200,266.7271417584687,0
561300,219.08036991894542,1
561300,376.24928757125895,0
561300,222.88651619837043,0
561500,390.45145619671183,1
561500,318.94157384304214,0
561700,355.10925681574616,0
561700,340.73390068736273,0
561900,342.0139778020182,1
561900,238.25590350727086,1
562000,309.00969596538755,1
562100,220.2923910981915,1
562200,240.62593541929368,1
562300,318.67913798618764,0
562300,307.7880459174149,0
562400,334.14971212694405,0
562400,237.3105199511986,1
562400,330.03094393438397,1
562500,324.91286988817296,1
562600,314.5526740308367,1
562600,230.24059232929028,0
562700,245.07897251478363,0
562900,240.98020888128661,0
563000,214.07949693609254,0
563000,342.5894179624267,0
563100,316.50279687456754,1
563100,248.5534678991314,0
563200,314.28270518882556,0
563200,230.09697497679605,1
563300,249.031176404945,1
563400,280.7748541987788,0
563500,331.51071596058847,1
563600,329.8910398625083,0
563700,219.34513800570804,0
563800,260.75627620883387,1
563900,342.7879996698745,0
563900,322.17803559834175,0
564200,290.9701861080782,1
564200,227.07868479688312,1
564200,274.9720519998745,1
564300,244.41444266051977,1
564400,358.8385889959231,0
564500,306.5425011240243,0
564600,332.6930619618198,0
564700,271.0427507499842,1
564700,290.3101686052432,0
564800,262.3530348693131,1
565000,324.0510755199749,0
565000,272.14278801127546,1
565100,363.7106819330154,0
565100,265.5988922954707,1
565200,248.0775085918211,0
565200,261.12320841650444,1
565200,314.77304554110583,0
565300,294.86498195798356,1
565300,329.6253664861539,1
565400,264.16923391193797,1
565500,327.552824931585,1
565500,334.12170112864226,1
565500,303.9599977041483,1
565600,278.676557268368,0
565800,285.2569872465683,0
565800,304.4946798006001,0
565800,313.1377312437614,1
565800,300.87310948876296,1
565900,332.976702587012,0
565900,273.99478550388477,0
566000,280.50610581468607,0
566100,299.6131809724573,1
566100,299.39434074920786,0
566100,330.707462774999,0
566100,289.95710226340714,0
566200,266.67451460362247,0
566200,335.8887738330966,0
566200,298.0504188307746,0
566300,285.9754851345563,1
566400,275.7400960889378,0
566400,278.4427537113389,0
566400,341.4307437832078,0
566500,282.8806086691012,0
566600,277.78345619153583,1
566600,387.31194657966347,1
566600,261.7794170082151,1
566700,331.0296930593973,1
566700,305.05253354607726,1
566700,287.7319056126772,0
566700,319.5737965422238,1
566700,296.29264572165874,0
566700,344.86727290165413,0
566800,311.6768066564741,1
566900,322.74519367096315,0
566900,245.8387222750884,1
567000,250.65905158255515,1
567000,296.2223775121011,0
567100,299.7365206037684,0
567100,319.3317185984751,0
567100,334.7551439572998,1
567200,304.5477870458008,0
567200,331.567374700626,0
567300,351.2956601264397,0
567500,348.0758420846573,1
567500,290.43152703841065,0
567500,303.80002482273096,1
567600,355.71110863149573,0
567700,304.99110758604246,1
567700,263.08005983122723,1
567700,292.96483826829717,1
567800,269.82849040694316,0
567800,263.5956551725264,1
567900,283.6498347701285,1
567900,403.87353140139425,1
567900,346.6041863036661,0
567900,277.6141564211266,0
568000,284.0744930636723,1
568400,383.4175381398229,1
568500,279.3693890903934,0
568500,316.382971337863,0
568500,350.9741494533547,0
568600,319.2876590895889,0
568800,283.2712808700748,0
568900,386.2688519166356,0
568900,277.27574246259763,1
569100,308.0449008967875,1
569200,286.5259025136981,1
569200,337.0234225739203,0
569200,308.70914760921914,1
569200,301.12345554617747,0
569300,251.70114316579523,0
569300,337.99297507821774,1
569300,226.17703979723723,1
569400,342.9838668761478,1
569500,320.36115313172064,1
569500,318.23811867058936,0
569600,300.9013863542506,1
569700,287.10112116694296,0
569700,274.44956799173934,1
569700,214.5750611035009,0
569800,258.83193111135114,0
569900,229.58455899151167,0
569900,236.3496377718362,1
569900,350.3334998396825,1
569900,273.8652535756935,0
570100,275.48904424806716,0
570100,265.5377049549528,1
570200,242.03767896429986,1
570200,263.71374628892005,1
570200,257.5436342818585,1
570300,252.29204493848465,1
570300,323.3213819304739,1
570300,254.8610938547261,0
570400,265.5188643577299,1
570400,314.56838918210264,1
570500,255.2726664678068,0
570500,238.64035877950366,0
570500,345.2267111751004,0
570600,338.1418809508457,1
570600,317.4761213274131,0
570700,327.1110894280775,0
570700,263.86283280689696,0
570700,241.6527858748103,1
570800,236.3835804634659,0
570900,270.5641843065314,0
570900,240.86770702679027,0
571100,216.96768777342467,1
571100,231.00338296732545,1
571200,194.5870099724541,0
571200,218.61582143992058,0
571300,259.91986055722634,0
571300,277.36313061420003,1
571300,263.0597875521153,1
571400,216.44353170951808,1
571400,243.25396366735123,1
571400,230.7700833128439,1
571500,238.28798347193887,1
571500,265.9232543189744,1
571500,289.01656957195803,0
571500,251.78624324083262,0
571500,286.30706566637036,1
571600,239.47164236977468,1
571600,251.37589827245546,0
571600,274.0199529939844,0
571600,266.9818305250734,0
571600,295.2668883765408,0
571700,215.61308284732723,0
571700,237.47150936012378,1
571700,300.2541734981429,1
571700,319.857942888586,0
571700,254.63603316144545,1
571700,244.28731844901426,0
571800,290.3078504527843,0
571800,238.0952835543972,1
571900,234.1928394329061,0
571900,287.7064662616824,1
572200,221.80104796554195,1
572300,300.1054586154237,1
572400,246.54652671350146,0
572400,244.048247074323,0
572500,250.822020824503,0
572500,264.23585786786197,1
572500,272.67271908545695,1
572500,221.10183974745505,0
572500,266.3725273170266,0
572600,293.06506489039583,1
572600,236.78265739086842,1
572800,253.85508120938235,0
572900,246.12154018200854,0
572900,265.993989522308,1
573000,226.61909540171553,0
573100,304.014988610728,1
573100,326.0742154476074,1
573200,272.4184501505837,1
573400,291.6983662040833,1
573400,278.13016191059376,1
573600,284.50332632016574,1
573600,289.47930307558323,0
573600,254.60709809195995,0
573700,260.60093005289207,1
573700,261.8247410647845,1
573800,260.67991764874114,1
573900,229.49700529904212,1
574000,260.07328713098156,1
574100,257.20646516798075,0
574200,238.93349083359254,0
574400,258.0778668210757,1
574500,286.64748362663164,1
574500,264.9786524763648,0
574700,284.79531923895684,1
574700,253.01387529944634,0
574800,254.64310628850743,1
574800,261.10860514823656,1
574800,217.44837809229213,0
574800,245.97878775509915,0
574800,282.12803920795784,0
574800,279.9638105352503,1
574900,236.59151791685065,0
575000,256.14445160389,0
575000,254.95382586033554,1
575100,268.34854260238507,0
575100,235.20593398162012,1
575200,263.9127220216027,1
575200,242.28882481250324,1
575300,291.23534194223294,0
575300,233.97603853627004,1
575300,232.4959877314979,0
575300,260.19900911684516,1
575400,257.17743733924124,0
575500,260.47780636775923,0
575600,305.5210013453335,0
575700,238.31964250134786,0
575700,260.2461961584194,1
575700,304.59071381997654,1
575700,328.72922139936816,1
575800,285.21763191050513,0
575900,259.6715993884135,1
576000,278.82855903202517,0
576000,283.9909132187782,1
576000,246.99510561126513,0
576000,240.25485830603313,1
576100,234.19808301178804,1
576100,233.29773712194438,0
576100,271.08941546266124,0
576100,277.5623140036555,1
576200,235.96619659358507,0
576300,251.63500733014607,0
576300,253.95222320216266,1
576500,224.85422802703002,1
576500,236.58356035349075,1
576500,253.5937376744125,0
576500,235.79203730364836,1
576500,308.1931096107003,0
576600,370.4750519258404,0
576600,255.39093282593961,1
576600,249.0525334661611,1
576600,247.5829434361859,0
576700,254.2071053243981,0
576700,263.3699383774321,0
576800,260.7752514550379,1
576800,277.63043104475383,1
576800,261.1801357825492,1
576800,308.974019609602,1
576800,255.10749493972784,1
576800,302.03606828611146,0
577100,279.7030866412491,0
577200,290.56618144065936,1
577200,245.9924466761272,0
577200,286.74877927108076,1
577300,272.40779679745776,0
577300,275.3429559527953,1
577300,327.53872625465954,0
577400,235.0625851221633,1
577400,244.67012739005406,1
577400,299.4589165961454,1
577400,246.55522580566017,1
577600,297.94730167867124,1
577600,259.26290968871,1
577600,289.7705136936892,0
577700,266.42127400917747,0
577700,256.05903962850834,0
577800,268.26006708625727,0
578000,320.107781523436,0
578100,281.10733519159345,0
578100,327.903610211465,0
578100,245.90324372540138,0
578300,264.7353183833976,1
578300,312.67195322572763,0
578400,256.6448384786313,1
578500,236.86569719093282,1
578500,290.52413983982444,1
578700,295.93407729386746,0
578700,229.96398945068847,1
578700,268.57343987449786,1
578700,255.34362626408168,1
578900,262.5860131359803,1
578900,197.42241545655713,1
579000,335.92481085055056,0
579000,211.6494372461475,0
579100,237.18099243772969,1
579200,211.28289138534404,1
579200,216.0673244393291,1
579200,256.860993833709,1
579300,187.0572247359187,1
579300,289.89638504027704,0
579300,324.1212571745047,1
579400,269.3146518268573,1
579400,317.66588762724274,0
579500,215.061290719174,1
579500,295.0768753417536,1
579600,187.46062225224443,0
579600,198.56732034867818,0
579700,203.71524503910854,1
579700,245.51651891716108,1
579700,252.94280019473655,0
579800,237.3794212698516,1
579800,222.52413650854194,1
579900,209.4864150735638,0
579900,227.47862334771807,1
579900,252.40137027343582,0
579900,230.14383376586306,1
580000,340.63829168855915,1
580000,211.40796327455757,1
580100,257.8831464842843,0
580100,216.72100966053037,1
580100,289.9125798479298,1
580200,202.3256142592344,0
580300,268.3136696135388,1
580400,219.33854101661524,1
580400,211.66067606088518,1
580400,210.86474027052483,1
580500,234.3431296387565,1
580500,287.0814294795537,1
580500,266.9677255144975,1
580500,209.69007209986623,1
580600,308.66460688579355,0
580700,200.0181206160545,1
580800,236.6936718241097,0
580800,219.41217901135133,1
580800,323.366245959158,0
580800,198.4617181468362,1
580800,232.41983297913097,0
580900,243.22603367986497,1
581000,366.6116491640759,1
581000,177.193981630004,0
581000,217.96127072722845,0
581100,223.2408952437466,1
581100,215.59155897993213,0
581200,252.3421582850001,1
581300,193.4683972322794,1
581400,191.24181927967703,0
581400,224.22855910453242,0
581500,290.2512909789921,1
581500,234.3329807807791,1
581500,323.57562370053364,1
581500,241.60904192009693,0
581500,217.13935329347623,1
581600,235.600405482523,1
581600,207.50359096127417,1
581600,256.7888029620779,1
581700,219.06080974441798,1
581700,207.98565275147573,1
581800,202.8581538883319,1
581800,290.0092594892,1
581900,277.0813751765413,1
582000,265.99382844840596,0
582000,217.95199266637104,0
582000,228.50466183319085,0
582100,236.73637543319188,0
582200,222.89001999530925,1
582300,312.17174284576527,1
582300,258.1207972837941,1
582300,294.5872779667799,0
582400,228.23118631184454,0
582600,246.42376870826624,1
582700,226.135382963752,1
582800,316.2847721772324,1
582800,195.26908588065044,0
582900,235.32646512539839,0
582900,200.69700436058213,0
582900,241.9919071000055,1
582900,227.22286120148632,0
582900,168.12987342730122,0
582900,242.97263545763838,0
583000,173.89307837359135,0
583000,232.88770401701765,1
583100,235.37560017086992,0
583300,302.42278797621094,1
583400,193.65657306753997,0
583400,342.1176775770038,0
583500,357.52507772209503,0
583500,239.11216825976194,0
583500,252.11736079344766,1
583600,234.9715736163925,1
583600,343.2119804427822,1
583600,232.03592318903566,1
583900,237.48623923739328,1
583900,220.47190243316652,1
584100,224.58487132315432,0
584200,215.31433734625895,0
584200,284.59207064624945,1
584200,453.57786536366126,1
584200,243.33784510007288,1
584200,265.55715475696985,0
584400,269.8976444029917,0
584500,231.14949752872965,1
584500,256.22559355987494,0
584600,206.79907514068302,0
584600,221.06530105365778,0
584700,348.14156789089253,1
584700,200.27094302194715,0
584700,269.04202497032617,0
584800,212.38963639477146,1
584800,257.19772483665594,1
584900,219.07159973436046,0
585000,212.181007393046,0
585100,232.11100097868547,0
585100,248.22201978535858,1
585200,175.76198916464443,0
585200,249.54790196582601,0
585300,278.68017081322256,1
585300,179.4338988834147,0
585400,258.63783892611065,0
585500,320.5800307969166,1
585500,352.6557258490541,1
585600,222.4308365937372,0
585600,295.5525022904708,1
585600,335.3465839542865,0
585600,305.071778810411,1
585700,243.3259291668923,1
586000,308.56327048414767,1
586000,334.43885156588055,1
586000,316.4246661772042,0
586000,246.30774432316312,1
586200,220.64545023322196,0
586200,276.15616575389,0
586200,214.49620018638439,0
586300,264.74621678128125,1
586300,207.3089936740075,1
586300,278.03840256538314,0
586400,254.32749268064043,1
586400,247.5592785867128,0
586400,292.6380644967131,0
586500,323.92729281619086,1
586500,269.69900761071074,1
586600,225.44097848340917,0
586600,327.8770149313937,0
586700,265.96142829361173,1
586700,220.54129979791443,1
586700,218.693446677061,0
586800,301.26386375021957,0
586800,221.28370278572072,1
586800,335.42664526382464,1
586900,266.7309692840453,1
586900,305.8346784215949,0
586900,257.5298088897152,1
587000,280.8987789996804,1
587000,293.9831250157296,1
587100,206.53682760657637,0
587100,285.55136062733925,1
587100,258.1377217558457,1
587100,332.63231600408733,0
587200,366.18589816500884,0
587200,223.04245953505162,0
587300,284.84352574829643,0
587300,217.37082269777264,0
587400,279.49475257884404,0
587400,301.882528189598,1
587500,243.17778488021253,0
587500,228.04405719673244,1
587500,417.18828405231466,1
587500,338.7571184370573,0
587600,192.9598224711806,0
587600,370.69060811945775,0
587600,225.32660042415034,1
587700,217.2682416551218,1
587800,232.64769132244194,1
587800,233.8447619264781,1
587800,322.8729314714458,0
587900,243.99958214091896,0
587900,243.68648919676136,0
588000,146.16241595040668,1
588000,326.9191766294601,1
588100,232.47172731698038,0
588100,225.25573793719812,1
588100,284.38541243271925,1
588100,268.0153455186155,0
588200,305.3869598217591,1
588300,359.2839765792757,0
588400,245.63023237996032,1
588400,246.55148223608865,0
588500,240.20710113195256,1
588500,279.41327075052953,1
588700,310.0414234657862,0
588800,291.4765640822469,0
588900,238.1954081508596,1
589200,271.3055497488826,1
589200,236.8511960112147,0
589300,256.2332167616477,1
589300,199.9069640815807,0
589300,124.27103598678515,0
589400,290.7859399112628,1
589500,248.3438391478107,0
589500,228.77239344297064,1
589500,301.0863005541286,0
589600,263.8696768019641,0
589700,243.19438997531503,1
589700,293.0328902931563,0
589700,234.44413967737734,1
589800,226.3471423118885,1
589800,205.51078497742483,1
589800,203.48724925373648,1
590000,293.59216712847444,1
590000,263.35713125766824,1
590100,189.8776030747865,1
590100,277.9236218966586,1
590100,268.65713435347965,1
590300,195.96597787939575,0
590300,208.1820484074828,0
590400,168.51097626049798,1
590600,262.4083754299768,1
590700,330.568525018177,0
590800,186.40840392339447,0
590800,303.75990646484706,0
590900,266.1586468818421,1
590900,270.3929440093773,0
591000,332.22699398192134,1
591100,298.3832675497584,1
591100,327.63556657903507,1
591100,212.1056600995764,0
591100,203.56083971272307,1
591100,212.17640014678372,1
591100,191.9521473638707,1
591200,296.6661970818195,0
591200,220.4403695795681,0
591300,168.75790180760907,0
591300,234.94094121263262,0
591300,290.7026203878055,1
591400,261.7865357609035,0
591400,189.4273700869852,0
591400,262.06094296960083,1
591500,297.42418130425517,0
591600,294.4013051260026,1
591600,199.95759738675233,1
591700,332.23838027485584,1
591800,280.5329248425044,0
591900,292.19177375164037,0
592000,318.2511299532722,0
592000,201.1640223504556,1
592000,202.9738251731449,1
592100,193.1889737310335,1
592200,277.37074692565324,1
592200,331.99339017080825,1
592300,254.8346662769196,1
592400,131.11006761013655,0
592400,256.1951815575241,1
592600,329.49506800409915,1
592600,278.19995178192784,0
592700,275.8386152232527,0
592700,239.75035614182755,1
592700,281.422942429839,0
592800,248.60722358173825,1
592800,268.91536873374906,1
592800,315.87302395284587,1
592800,303.3863536760341,1
592900,286.094310308433,1
593000,282.5117120323215,0
593000,242.1882376351155,1
593100,328.08465911364624,0
593200,317.018369482828,1
593200,167.02355587870676,0
593200,300.4587911021903,0
593400,234.0406851067269,0
593500,191.7779500791117,0
593500,325.0371124180344,0
593500,359.4087855740722,0
593500,301.3352942254945,1
593600,145.7808616915093,0
593600,338.3907851220043,0
593600,289.60863529101306,0
593600,206.0334346404676,1
593700,212.2200116088523,0
593800,361.0899812551694,1
593900,318.95497074723994,1
593900,195.36157588735014,1
593900,280.3066839060314,0
594000,316.13049151416186,0
594000,311.5934845176158,1
594100,213.15572476128312,1
594200,308.06349205458633,0
594200,351.8058718639323,1
594200,223.3054793422873,0
594200,311.4470396327658,0
594300,194.49379397384283,0
594300,222.20428236436987,1
594300,205.48193961858343,1
594300,316.5302224617821,1
594400,304.05843842484677,1
594400,312.10886329749326,0
594400,198.36609479055704,1
594400,252.46821673338837,0
594500,268.9234586742649,0
594500,206.48676111701852,1
594500,365.0095043609043,1
594500,180.25867409878958,0
594600,195.2237291003599,1
594600,216.19337598713142,1
594700,181.67108425408557,0
594800,257.6886055178667,1
594800,256.0781293761907,1
594800,317.2624970745751,1
594800,336.9042046425493,1
594900,182.41008807124675,0
594900,199.63410957000133,1
594900,172.9647036620807,0
595000,379.08771906037276,0
595100,193.02763026909122,1
595100,188.7185119155456,1
595200,273.3240017590865,0
595200,196.28334453526438,1
595300,199.91007290443332,1
595300,250.26973194170543,0
595400,165.72220567641813,1
595500,308.61737172238037,1
595600,317.89760276684,1
595700,154.31961279781663,0
595700,111.67073148347743,1
595800,229.28226988657752,1
595800,378.3180632479155,0
595900,292.1352029245509,1
595900,357.7406291989929,0
595900,381.0706900349197,1
595900,185.73168388759126,0
596000,214.4070065749775,1
596000,380.50702888365566,0
596000,216.90570394781494,1
596100,321.88991163592954,1
596200,239.09870647362408,0
596300,202.21643191866025,1
596400,225.8490902991779,0
596400,219.56140753598933,0
596500,207.40291676182267,0
596500,157.5855467368899,1
596500,256.45773071104634,0
596500,181.24294431188903,1
596500,191.19205884506678,0
596600,208.43875914188393,1
596700,276.7765796523604,0
596800,254.4943001132748,1
596900,188.95362470062744,0
596900,288.4093690044562,0
596900,199.8560238747833,1
596900,149.42904299845316,1
597000,257.37483601621767,1
597000,300.1357781710267,0
597000,321.5223067201512,1
597100,217.19908985741313,1
597100,156.33015432113612,1
597100,134.59860442197493,0
597100,209.76785359510214,0
597200,312.05044379515925,0
597300,127.97237255970788,1
597300,217.86734798665924,1
597400,319.70715542791515,0
597400,308.98228491562514,0
597400,86.76598683866736,0
597500,143.2933236750895,1
597500,220.6548511998065,1
597500,167.16502429516152,1
597500,173.41960771086744,1
597500,132.98334258458183,0
597600,123.08289399392518,1
597700,141.98870640900827,1
597700,197.8556189508216,1
597700,122.67275793402166,0
597700,213.70727809127294,0
597800,328.4931312665621,1
597800,151.88703986120026,1
597800,244.66633819482263,1
597800,154.57820864601103,0
597800,205.77214167976865,0
597900,197.64596156998974,1
597900,137.43358282047328,1
597900,268.9303603882422,1
597900,169.5806506486877,0
598000,147.88810661760115,0
598000,243.92726202847376,0
598000,172.65945899232236,1
598100,169.35622630930166,0
598100,248.57178678122048,1
598100,165.78918037262636,1
598100,288.0734070455519,1
598200,146.54071863661915,0
598200,313.2916152447206,0
598200,167.24443524615597,0
598200,133.81430917142706,1
598200,217.9832422529454,0
598200,171.64722023127166,0
598200,182.9763399615064,1
598300,168.16071129014514,0
598300,142.77848976042145,1
598400,284.4161675181837,1
598500,260.0933462257049,1
598500,237.8346082606993,0
598500,253.4579325545646,0
598500,233.09750524011815,0
598600,137.6997482559457,0
598600,215.10044747331878,0
598600,231.24950916611647,0
598600,192.29005522651735,1
598700,182.80109697971386,1
598700,157.74336050151717,1
598800,225.82211751150845,1
598800,151.8377871639331,0
598800,174.21090361978537,1
598800,112.25266559454857,1
598900,245.48295651638995,1
599000,110.56996433056065,1
599000,230.97061763361503,0
599000,282.13598781498666,0
599100,143.72288935644988,0
599100,134.6685974515082,1
599300,160.58110273327654,1
599300,244.06016366470686,0
599400,145.02592579222593,1
599500,174.8180365242328,0
599500,177.66980296513964,0
599500,227.76291822156455,1
599600,224.68168385960314,1
599600,161.10707637321923,1
599600,210.02058877222194,0
599700,134.40275856259126,1
599800,182.06808579371892,0
599900,192.40181073274286,0
599900,131.30746003247913,1
599900,194.14464166734285,0
600000,236.02433227313102,0
600000,166.45918996269566,0
600100,315.07094962167787,1
600100,178.80619538351684,0
600100,161.16116690908316,1
600300,171.81689921851864,1
600300,213.54665227569217,1
600300,140.43494592687475,0
600400,160.02841408776126,1
600500,177.79180955662113,0
600500,154.22541571971138,0
600500,186.23093805115982,0
600500,194.56191552284966,0
600600,133.19349217466782,0
600600,125.65887713831745,1
600700,198.32510361420094,0
600700,235.00122874433598,0
600800,148.19188762743002,1
600900,129.88036360253855,1
600900,156.01106951677906,1
600900,152.06849681150453,0
600900,145.6775211767349,1
601000,148.41860467700724,1
601000,106.51787579447029,0
601000,202.29771618404465,0
601100,185.12075102679614,0
601100,190.25324430900645,0
601100,103.11046160834397,1
601200,205.97377746160396,0
601200,117.24725991545847,0
601300,200.48373736271594,1
601300,195.26658509653132,0
601400,165.95714486541019,1
601400,233.19688022501168,0
601400,144.8935691358889,0
601400,181.5598541631629,1
601500,198.87191300102782,1
601500,206.64637439016332,0
601500,217.2408102130764,0
601600,172.56634939704378,0
601600,191.86537162131543,0
601600,180.56723344187822,1
601600,174.54424044043503,0
601700,163.16661035172822,0
601700,218.89565683500751,1
601800,130.85038225055933,0
601800,179.2627750724894,0
601900,200.47709167417895,1
601900,169.78822990995155,1
601900,167.84343371508186,1
601900,204.11126416282522,0
602000,240.50448191203327,1
602000,193.66837857523473,0
602000,189.16549580922745,1
602000,183.39286726969087,1
602000,182.31011327499291,1
602000,215.7600923187915,0
602000,210.97552278724908,0
602000,194.62337164234822,1
602200,181.44703337460734,1
602200,198.01349179510737,1
602200,179.986369158651,0
602400,199.6357511677422,0
602400,200.29914071269516,0
602400,201.02840552382767,0
602400,200.2172679557187,1
602500,209.13242736117184,0
602500,181.50849686255125,0
602600,218.9507688585212,1
602600,119.09779628193854,1
602600,165.12504369859485,1
602600,161.7136367572197,0
602600,209.71604105192472,0
602600,196.6689892255526,1
602600,188.72477206795259,0
602700,198.03304585282618,0
602700,181.10514905278285,1
602900,201.8274884778491,1
602900,159.72782316601368,0
602900,187.7666398801794,0
603000,204.17987358974173,0
603000,204.8840895468475,1
603000,205.86314250350281,0
603100,112.43088019365982,0
603300,202.87512902115176,1
603300,139.23428446941372,1
603300,168.14187192051264,1
603300,133.23535953148857,1
603400,125.13166535632007,0
603400,261.995090972902,1
603400,179.52561335695611,0
603500,198.41720459692172,1
603500,163.21298319331308,0
603500,178.04672581492127,1
603500,219.33771593924914,1
603600,183.03722388805744,1
603600,170.71399957682692,1
603700,192.4151031674026,1
603700,162.37442077289037,1
603700,200.49565765912806,0
603700,106.9109749905578,0
603800,145.04833182279884,0
603800,259.89462832672086,0
604000,205.09967672767556,1
604000,223.22437060880887,1
604000,168.86736472359652,0
604100,192.60806453685248,0
604100,144.58675571762535,0
604100,204.11368046690586,0
604200,174.06451752639614,0
604200,252.60161914834333,1
604300,206.51396955015076,1
604400,186.60183588994937,1
604400,149.0402782318479,1
604400,201.30135397721486,1
604500,168.44920188991983,0
604500,119.74984114891936,0
604600,165.91410468827414,0
604900,129.6888070719985,1
604900,161.81122376853713,0
604900,199.54006124487987,0
605000,195.2602985869958,1
605000,133.83900816686798,0
605000,162.9028798980631,0
605000,182.82137184668017,0
605000,131.07910316804853,0
605000,218.53960698929703,1
605100,107.65635702840211,1
605100,198.3958067106658,1
605100,165.48172043106186,0
605200,178.42648632948521,1
605200,192.98284807571167,0
605200,204.39438784392016,1
605200,174.04732932322824,0
605300,144.0856439353649,1
605400,153.09212383141016,1
605500,200.869357171915,1
605500,187.192910473323,1
605500,162.58440932805257,1
605600,186.87533906827417,0
605600,243.6268600717949,0
605600,175.87316596662868,1
605600,106.24953465514722,0
605700,219.3747454774078,0
605700,157.73419814557946,1
605700,133.35111828872473,1
605700,169.18317806966152,1
605800,212.02379896601417,1
605800,204.8015937988111,1
605800,125.28592686885142,0
605800,177.23765230528664,1
605900,113.68325752816793,1
605900,148.62930247396045,1
605900,142.3795210490337,0
606000,165.0553092272643,1
606000,237.8345405657945,1
606000,199.7637134788258,0
606000,214.20542328791456,0
606100,288.53522423999937,0
606100,247.509398256837,0
606200,222.48615672727712,0
606200,142.7603351840446,1
606200,180.11810985302432,1
606300,210.09590197792542,0
606300,181.01328711334105,1
606300,182.62283874159468,1
606300,212.02118915702115,1
606300,176.1318546157841,0
606400,138.0459964203569,1
606400,133.8432408639188,1
606400,176.58543334400494,0
606400,216.785245410212,1
606500,157.00319273614738,0
606500,140.81131246864825,0
606500,187.95470779070084,1
606600,196.46719438805036,0
606700,145.85715471404245,1
606700,193.64402484848233,0
606700,219.45347550030525,0
606700,140.77286227070832,0
606700,147.17270869063293,1
606800,211.42616088937987,0
606800,136.97247352733473,0
606800,150.95599249668504,0
606900,138.57682834290532,1
606900,179.02823437193436,0
606900,195.74899296606225,1
607000,151.04888438091757,1
607000,210.38124209936237,0
607000,145.79751781766754,0
607000,184.02234186502238,1
607000,153.46460525212507,1
607100,162.6671257211007,1
607100,291.9021890947135,1
607200,136.74744974477449,1
607200,196.32219237158432,1
607200,158.56141749040492,1
607400,146.3768925934817,0
607400,273.3785322630636,0
607400,247.11945245126367,0
607500,197.05331303107806,1
607600,150.71163528359895,0
607600,180.1467433427736,0
607700,165.30298416818184,1
607900,362.13270183618386,0
607900,172.99918570543906,1
607900,189.34967487584004,1
608000,160.89846034351433,1
608000,170.67877965099444,1
608000,163.89275985787455,0
608000,152.5684837834089,1
608200,167.84866649967464,1
608300,207.858511462573,1
608300,205.5328780888207,1
608300,230.8898069969079,0
608300,183.04643828017035,0
608500,152.4940785960124,0
608600,165.08853862756197,1
608800,172.75662017448184,0
608800,161.7811953551023,0
608800,158.4936746962219,0
608800,196.77775441457666,1
608800,174.44021493060163,0
608900,177.2424163192583,0
609000,181.70177066414422,1
609000,171.15408096962494,0
609100,146.8097111775997,1
609200,181.2462345426957,0
609200,173.96568633841724,0
609300,196.07832598560796,0
609400,185.22707304589989,1
609400,167.10621851444247,0
609500,210.06653070164924,0
609600,163.5812141367047,1
609600,213.64004891618018,1
609700,163.89885251825265,0
609800,174.8126678159046,0
609800,146.12488188585553,1
609800,213.0017555663001,1
609800,225.02541589082622,1
609800,186.9159187761767,0
609800,183.35223961640128,1
609800,225.39043700697516,1
609900,161.71625849234727,1
609900,163.84460846777432,1
609900,204.2874663694081,0
610000,196.74158256151972,0
610000,182.41920134693993,0
610000,185.0830425533034,0
610000,161.4970998515068,0
610000,196.67163634870022,0
610000,177.6190830906812,0
610100,209.1924621478569,1
610200,297.46555123239887,0
610200,212.65385536895747,1
610200,202.41444136977202,1
610300,220.26008774333053,0
610300,217.11987126394783,0
610300,173.55531869041832,0
610300,177.34430586315946,0
610400,192.867485909881,1
610400,186.31212761614213,1
610400,224.18606097179472,0
610500,194.0111740874697,1
610500,197.00955387949176,1
610500,223.65291981556354,0
610500,211.45917130893062,0
610500,127.03510211544115,0
610600,169.3936050046916,1
610600,249.1168166452774,0
610700,204.36187923122196,1
610800,182.09502954777435,0
610800,209.81884037356832,0
610800,170.71075679370176,0
610800,187.59964554399224,0
610900,182.18999292324983,1
610900,218.3048320568442,1
610900,188.3288190257872,1
610900,186.02233902772065,1
611000,209.54340900434795,1
611000,175.53072107155205,1
611200,227.98050199905245,0
611200,200.391525800433,1
611200,190.2058410564208,1
611300,201.05976080405108,1
611300,201.9696383666409,0
611400,197.3821247226369,1
611500,188.94702048018632,0
611600,262.57002206012675,0
611600,236.03954152351085,0
611700,227.2936818938233,0
611700,202.02109031522986,0
611700,214.3608394974731,0
612000,221.22115832784047,0
612000,270.1286989064465,1
612100,196.25282278126232,0
612100,195.1240503923389,0
612100,262.6416002270755,1
612200,194.88411141282293,1
612200,196.59850599278488,0
612300,196.76032190373158,1
612300,241.38019704587646,0
612400,161.53186787399014,0
612400,245.93726249769728,1
612400,240.4990762354893,0
612500,165.06872395263403,0
612600,196.94964125640746,1
612600,275.8220000668794,1
612700,232.59817566390765,1
612800,182.18926795240378,0
612800,248.29455808564504,1
612900,257.157055116433,1
613000,203.78695810273098,1
613000,283.18396160815774,0
613100,194.14048914637186,1
613100,225.34072205827883,1
613100,190.7294444482002,1
613200,190.4624052415019,0
613200,240.56573095195586,1
613300,120.42030523522416,0
613400,158.24549675564998,1
613400,159.65383995823788,0
613400,197.25025671281975,0
613400,164.11208838194779,0
613500,162.219688818604,1
613600,191.47665890425665,0
613600,161.1741730606645,0
613600,257.6315932668084,1
613600,236.08151336984966,1
613700,272.9511315136177,0
613800,189.23562355166442,0
613800,186.0152938746188,1
613900,238.85219903191725,0
613900,266.4342333539575,0
614000,195.78446216562065,0
614000,165.52331409404113,1
614100,191.4412461640187,1
614100,180.89929636457495,1
614100,174.80736524691193,1
614100,239.38601775333424,0
614200,163.55396447415384,0
614300,218.65259494303905,0
614300,175.52312181694387,0
614300,244.31342912115448,1
614300,172.5310147679407,1
614300,211.29357611607927,0
614300,176.26997954643815,1
614300,206.92307455313394,0
614400,170.27925170913193,1
614500,215.02074345510792,0
614500,232.98404791197714,0
614500,214.2371740565199,1
614500,224.28573405644966,0
614600,250.11933383218894,0
614600,175.05960037480367,1
614600,210.54152537017632,1
614700,196.0248445632449,0
614700,233.43871815413067,0
614800,183.1621064097471,0
614800,234.63971253866413,1
614800,231.2441559622201,0
614800,208.07008467777413,0
614900,162.53048871594046,0
614900,236.57386604184666,1
615000,194.50973839185997,1
615000,228.64230526819443,0
615000,200.62328007185207,1
615000,226.26952131316645,0
615100,272.6846525770193,0
615100,221.5312008770941,0
615200,240.4176322222322,1
615300,187.0723844782092,0
615300,217.30093516727177,0
615300,307.0244653492109,0
615300,189.65992177071172,1
615400,162.30027420098173,1
615400,210.31428482610298,1
615400,249.10671033361064,0
615400,215.74586664702255,1
615500,222.61424279744645,1
615500,176.226183468699,0
615500,356.1715452144145,0
615500,189.76511114737687,0
615500,224.3938186658541,1
615600,306.1252182622337,1
615700,234.26328293116666,0
615800,224.89568824805033,1
615800,198.77085343132737,1
615900,233.88152401885878,1
615900,220.0710944817899,1
615900,182.17869548323424,0
616000,205.63184362749203,1
616100,175.9687863948455,0
616100,208.38869314358763,1
616300,204.08619107338794,0
616400,225.8376847020546,1
616400,201.90908840215994,1
616500,211.74398971863704,0
616500,199.04292915391218,1
616600,196.37763501992592,1
616700,216.958230858821,1
616800,214.17823255075587,1
616900,192.19979068189662,0
617000,223.34283415645814,1
617000,233.69790346362862,1
617100,219.37652908459586,0
617200,228.04110919689998,0
617300,225.51871738404353,1
617300,215.76610037436288,0
617300,220.11668255156155,0
617400,202.31011871583712,0
617500,245.07375870757357,1
617500,220.7519954444193,0
617700,240.3008762991181,1
617700,222.43418225033727,1
617700,204.9659997507651,0
617800,211.89716816256222,1
617800,225.7771290398467,0
617800,216.20144208535677,1
617900,216.24903324951245,1
618100,209.5729065333119,1
618100,249.49940524910156,0
618200,250.33742109748377,0
618200,224.06335497853632,0
618200,231.2565927437557,1
618200,242.8064854954513,1
618300,237.06030079972916,0
618300,196.91885288448498,0
618400,225.05146631897964,1
618400,227.29754158225884,0
618400,203.75108472527415,0
618400,213.94728156838073,1
618400,223.08066582148487,1
618500,224.51454652565243,1
618500,200.03960404589387,1
618500,219.88964497950028,1
618500,218.47767152770876,1
618600,201.78078870672533,0
618600,241.70834823596198,0
618600,214.5045541864628,1
618700,201.2065804922553,0
618700,232.32586868729993,1
618700,199.92029059863756,0
618800,199.75198206345567,0
618800,215.68958019082822,1
618800,203.56071933202705,0
618900,209.5500143634331,1
618900,211.62058214975767,1
618900,225.7803546299676,1
618900,184.2910228049348,1
619000,229.7981953938428,1
619000,228.87822178275826,1
619000,212.9494351782866,0
619100,198.28055193003564,0
619100,213.65494290622246,1
619100,196.54931080061786,0
619100,208.85542129363114,1
619200,180.33394406870596,0
619200,203.334747097297,1
619300,247.92321044974878,1
619300,205.0326118548962,0
619300,206.76232638208722,0
619300,196.78754807932268,0
619400,234.91178707086502,0
619400,207.3041751749091,0
619400,227.35530233745374,0
619400,199.35318985222435,1
619500,229.9216560111205,0
619600,216.55060793136553,0
619600,206.10021374130105,1
619600,201.85177235414025,1
619700,234.71303371134866,1
619700,203.5792676873744,0
619800,228.32302213234522,0
619800,203.7211659363827,1
619800,215.29032709864126,0
619800,209.32023657780894,1
619800,208.26954717770894,0
619800,206.63505392967625,0
619900,215.06799885107765,1
619900,214.9944774482634,1
620000,220.48110865633558,1
620000,280.2357239970533,1
620000,286.79037246021386,1
620000,197.6965029306733,0
620100,285.3169229795297,0
620100,192.77116975971708,0
620200,216.88697141165653,1
620200,211.8259141972838,1
620200,215.09908466958777,1
620200,206.28234574606273,1
620300,209.71122900634748,1
620400,215.36035302894956,0
620500,205.23488919682796,0
620700,220.37460405446774,0
620700,210.2250377477727,1
620800,210.88346278112562,1
620900,204.55341787641882,1
621000,222.05464218575995,1
621000,214.99330997453896,0
621000,207.05853696105015,1
621200,208.2101437470098,0
621300,211.06257422926245,0
621400,157.13803901856556,0
621600,219.99227557121495,1
621600,206.6670184884041,0
621700,177.96258777918507,0
621700,216.2013450152971,0
621700,207.81996004674136,0
621700,221.26164528934618,1
621700,203.00999211820402,0
621700,256.5577033622457,0
621800,222.3027624467853,0
621800,138.40656143453143,0
621800,218.7979318532024,1
621900,199.7001022728831,1
622100,212.86597698166318,0
622200,214.99596817454415,1
622400,221.6702881620387,0
622400,206.10241798285682,0
622500,205.1113673933678,1
622500,207.48400616001493,0
622500,212.67872343994952,1
622600,197.9328061011419,0
622600,211.25873334806815,0
622700,209.2883821736611,0
622700,212.21303103406856,0
622800,206.65112973257857,0
622800,203.66086492794014,0
622800,170.745075707009,1
622900,218.90989222331254,0
622900,214.5328931851522,1
622900,218.803325215664,0
622900,205.9462248045203,0
623000,202.88052570273678,1
623000,224.71160137567432,1
623000,220.3156433121006,1
623000,216.55564507632272,0
623000,241.13213534851815,1
623000,211.70367942521253,1
623000,194.95040110445882,0
623100,210.21713014253183,0
623200,204.78854677151793,0
623200,209.9498968785503,0
623300,218.38994583931745,0
623300,204.14522769267757,1
623300,291.51613219281444,0
623300,238.87423093935297,0
623400,206.98185996718266,0
623400,209.5719856047735,1
623500,233.6587632268603,1
623500,192.18439903181164,1
623500,183.7507393531182,0
623500,200.33826508030407,0
623500,210.91868392132747,0
623600,207.54142787899536,1
623600,208.38445666847574,0
623600,215.29667502673036,0
623600,228.40352768320676,1
623600,221.8174965334675,0
623600,202.80745743178608,1
623600,163.1923987322212,1
623700,296.16637675434805,1
623700,229.1202176499699,0
623700,187.09100666287299,0
623800,173.11684904546087,0
623800,214.7000460752799,0
623800,198.25965539218535,0
623800,215.67402705609305,0
623900,216.47915843832573,1
623900,205.93972732628427,1
624000,215.62895508497158,1
624000,205.84310173388835,1
624100,206.45572606849242,0
624100,198.73596267348188,1
624100,224.28003167004726,1
624100,208.96696848754203,1
624200,291.5761841541466,1
624200,219.79449191059163,1
624200,199.45232860099512,0
624300,214.15364021414675,1
624300,210.31862333315564,1
624400,214.945728435638,0
624400,183.52231355296377,0
624400,202.52851169894564,1
624700,228.3417126787569,1
624700,218.34311226374084,0
624800,223.08036593426428,1
624900,183.12139788043223,0
625000,254.0876889974712,1
625100,209.31170761756817,1
625200,204.89993700869505,0
625300,218.13460318418313,1
625300,251.57605545269166,0
625600,224.77925895695952,0
625600,207.13837196602657,1
625600,259.561467459804,0
625700,191.23158846324117,0
625700,218.5156318776536,0
625800,229.8665777484783,0
625900,202.9941746348068,1
625900,294.4361079786891,1
625900,336.3051108829512,1
626000,202.68080641775086,1
626100,216.0145979230394,1
626100,242.15094560109475,1
626100,214.33819982632016,1
626100,208.13807912748848,0
626200,215.7786358185992,1
626300,215.70450079287505,0
626300,281.970854585739,1
626300,214.93049433810546,0
626400,202.56933985481282,1
626400,209.90668844668522,0
626600,204.1401465947937,0
626700,200.0687626554737,0
626700,245.4921476269605,1
626700,205.93707398896007,1
626800,208.93690107541158,0
626800,186.0057998502793,0
626800,215.70970696698464,0
626900,197.91968296115448,0
627000,221.27472466572203,0
627000,267.9871203430537,1
627100,207.1357523421398,1
627100,213.82680264414137,0
627100,197.62338842115165,1
627100,218.83761428461148,0
627200,204.61782669458825,1
627200,275.9873744268945,0
627200,219.61600109774068,1
627200,177.34809773626043,0
627300,205.3547107474852,0
627300,213.00471283777975,1
627400,220.58099594841278,1
627400,212.17285994741005,0
627400,204.4976755930972,0
627500,221.58726920352524,1
627500,200.37880425796118,0
627600,210.3562451817303,0
627600,211.90484245746205,1
627600,223.00281998464638,0
627700,229.800473427119,0
627700,191.5219546872499,0
627700,229.8013037883811,0
627800,373.0634957662175,1
627800,221.33923146493024,0
627800,211.3914145908529,1
627800,229.32158830520734,0
627800,186.2484958548323,1
627800,207.66141260921677,0
627900,207.22887024470094,0
627900,206.2057419379768,0
627900,216.43293771983303,0
628000,216.44945796127922,1
628000,245.55496603173324,0
628000,213.70733805456257,1
628100,216.38836748824033,0
628100,191.7510497379077,1
628100,196.48085269223148,1
628100,202.22163049018866,1
628100,190.7829098021695,0
628100,217.62473156692172,1
628200,225.53483623629006,0
628200,242.51196995737976,1
628200,213.14611009970204,1
628200,219.97394910827134,0
628200,204.70594110231158,1
628400,213.76629705063112,1
628400,233.5505393887571,0
628500,227.9589521743735,1
628500,227.80775616485718,1
628600,209.37701796999758,0
628600,253.18615842876636,1
628600,236.42471048265898,1
628700,237.0606025495971,1
628900,215.17180639138246,1
628900,225.62741930559315,0
629100,228.55549355498266,0
629200,252.15021896284728,1
629300,241.90518297504872,0
629400,253.9331137861981,1
629400,252.91991911085717,1
630100,245.76408457378855,1
630300,212.5846619195416,0
630300,275.4677341386055,1
630400,338.6821024286583,0
630500,207.87555177422686,0
630600,223.28195123137687,1
630600,224.22661859728234,0
630700,295.0553707677622,1
630900,205.0743414061521,0
631000,231.72332228872148,1
631300,344.65610285708783,0
631300,203.1080506353013,1
631300,316.6044698544299,1
631300,303.58056861213413,0
631400,201.3043065849881,0
631600,323.9531133146707,1
631600,284.437341467581,0
631600,299.0991228254828,1
631700,218.1737840445339,1
631700,212.93128568633605,1
631700,227.796701181096,1
631700,319.4978528397064,1
631700,206.26371804572477,1
631700,238.73712493102653,0
631700,204.04199262873746,1
631900,262.2851855387731,1
631900,329.27921590789276,1
632000,261.4365335840375,0
632000,301.85190872277235,0
632000,205.3905002755362,0
632000,237.23923902937378,0
632100,260.984003202447,1
632100,220.63286523190857,0
632100,217.28378859052913,0
632400,325.84987673695827,0
632400,309.92420607207816,1
632500,216.81601479126624,1
632500,223.2212831591356,1
632500,339.8955310888028,0
632500,185.8249850203416,0
632600,193.89171423764165,1
632700,241.87294652151093,1
632800,248.65023072876008,0
632800,367.2264277966872,0
632800,345.2069322576813,1
632900,215.79826564334238,1
632900,235.78140603056602,1
632900,326.89454948657254,0
633100,248.12789125603237,0
633100,337.67115357083566,1
633200,347.7537474670957,0
633200,271.3774349810641,1
633200,308.58606689220323,0
633200,253.95740605660984,1
633200,248.41623228080755,1
633300,385.2546503197295,0
633400,319.10404613265416,1
633400,320.67674252535716,0
633500,203.60961963186503,1
633600,348.6622746020109,1
633600,326.0884581835485,0
633600,274.8430982427201,0
633600,382.73854178556604,0
633600,340.74966003816377,0
633600,270.1983495228772,1
633800,286.6054343256791,1
633900,227.54963791921162,1
633900,452.4608943727443,0
634000,346.0095474660273,0
634100,319.5909612324017,1
634200,358.9405572026953,0
634200,325.1891537093724,1
634300,195.93811238823758,0
634300,312.8072880586768,0
634300,227.48682773724414,1
634300,324.2513435385883,0
634300,350.39643498161564,0
634400,416.1310370542483,0
634400,309.4813984937161,0
634500,187.4357912471818,0
634500,306.9774105416165,0
634500,310.1518614676623,0
634600,286.85455010677185,1
634600,326.6284299197384,0
634700,383.34617046151016,0
634700,285.13352939408264,0
634800,256.0308610368044,0
634800,353.7157744193927,1
634900,319.7974596105007,1
634900,345.7662882826157,1
634900,343.49013461424045,0
635000,327.16490318246423,0
635000,373.05268705206794,0
635000,214.85950826205485,0
635100,321.9206325721679,0
635100,387.2049929062533,1
635200,221.29033542523945,1
635200,351.4811880587074,0
635400,370.40950211014535,1
635500,241.49213671384553,0
635700,372.91377359544146,0
635700,346.57057973099666,1
635700,214.41017831523206,0
635700,198.01033458641695,1
635800,378.505680866514,0
635800,188.00014895778858,1
635900,213.43296363579992,0
635900,277.25123098206745,1
635900,377.37707497968177,0
635900,205.56405669549812,0
636000,255.72376512789882,0
636100,235.80462483470907,1
636200,228.09610196493273,0
636300,226.76638786213098,1
636300,277.3904343582875,1
636300,216.75679995419125,0
636400,219.02071283389583,1
636500,193.1901605314223,1
636700,283.8500484860428,1
636800,381.40506336168164,1
636900,239.51528454464827,0
637100,205.24261274932556,1
637400,249.15994414585865,1
637500,237.1954253962611,0
637500,228.2972978840332,1
637500,304.42252797854997,1
637600,231.0263218059622,0
637600,226.55835074637224,0
637700,339.41893442843195,1
637800,226.27524201113624,1
637800,250.14246243727152,0
637800,205.29221424979772,1
638000,312.19050629715537,1
638100,267.7043697971732,1
638100,225.95535217037627,1
638200,261.84383457290807,0
638200,244.14488160735,0
638200,317.0148935778937,0
638300,316.11742393046313,1
638300,301.4302295327988,1
638400,215.21375149498604,0
638400,323.31734472708354,1
638500,288.66931057481816,1
638500,251.25202881997316,1
638500,234.60956846167144,0
638700,244.57471938433235,1
638800,350.70091348179795,0
638800,216.4333386048551,1
638800,359.8205390530686,0
638800,254.22031481515415,1
638800,228.95200934311598,0
638900,191.9696396833912,0
638900,341.5938967890396,1
639000,367.4338608075882,1
639100,294.3694559066516,0
639100,241.41503434783604,0
639100,234.66209381499874,0
639200,361.29409014819004,1
639200,295.78171483690244,0
639200,344.56513087586984,1
639300,404.139398599293,0
639300,336.5678245877169,0
639400,346.26699987444226,0
639400,315.66694046831515,0
639500,245.9213233889203,0
639500,351.1093352897668,0
639600,263.92626055288247,1
639600,265.8392689308198,1
639600,248.6687833507121,1
639700,257.7731582618105,1
639800,246.740665732655,0
639800,303.9750240828764,0
639900,262.50142363403023,1
640000,247.16651574346398,0
640000,342.3327054304569,1
640000,262.2979261132512,1
640100,254.5837543292105,0
640100,337.79323673104614,1
640200,265.56135367963844,0
640200,284.08642258760904,1
640200,298.02641640075365,1
640300,335.8608664584136,0
640400,261.1840940390103,0
640400,360.3193340390953,0
640400,308.1288916403011,1
640400,269.8260726217707,0
640400,265.11624190713036,1
640400,261.6440093782897,1
640400,301.29033182916595,0
640500,286.43927844116513,0
640600,355.8086160790287,0
640600,230.31973338199722,0
640600,284.6109077665895,1
640700,236.42392868399102,0
640700,259.2003800161713,0
640700,259.0343891616968,0
640800,340.7597341658473,1
640900,235.53810988308396,1
640900,312.78175621967034,0
641000,250.01784256228757,0
641100,298.31710625777424,0
641100,290.56876609748576,0
641100,266.22495570864623,1
641100,225.60629516283532,0
641100,369.1876935144635,0
641200,243.7358578116627,1
641300,261.3025881427919,0
641300,252.21951549798354,1
641300,277.94332833653425,0
641400,278.0288779170974,0
641400,284.1454219407116,0
641500,285.0502240354448,0
641500,380.5704237375938,1
641500,284.8096718686773,1
641700,268.4764639085106,1
641800,263.7621466281634,0
641800,283.0875806152125,1
641800,270.91104448943213,1
641900,234.11650389300644,0
642000,213.27217895144628,1
642100,227.3745736578102,1
642200,233.0758068324881,1
642200,212.3895529089551,1
642300,278.1732898744373,1
642300,266.1414348303728,1
642500,287.918765493691,0
642500,240.67442003582332,0
642600,237.2549761663743,1
642800,223.75938650154984,1
643000,276.4750717118017,1
643100,244.2961101506694,1
643100,238.27149845781653,1
643100,274.95138453381804,1
643100,241.84633716949224,0
643200,269.49659798899006,0
643200,259.3699188497832,1
643300,252.25050241302,0
643300,246.10646313272142,1
643300,239.57356586698106,1
643400,248.73071772048135,1
643500,247.32669188129918,0
643500,274.1663600130869,0
643500,232.79180414387932,0
643600,267.30427813644326,1
643700,247.6394074208892,1
643700,250.50434714531627,1
643700,209.6948124864802,1
643700,236.73158346755963,1
643800,256.00872329756726,0
643800,246.07532218971113,1
644200,264.7584097553887,1
644200,200.63268921187128,1
644300,261.00627703080477,1
644300,276.0543588118309,0
644300,292.8706193548489,1
644300,222.4225411562845,0
644400,241.93358443105578,1
644500,191.4391294239599,1
644600,249.04629459387186,1
644600,293.59403243289694,1
644700,233.7165092796442,0
644700,280.2243995095349,0
644700,275.97112171776683,0
644800,256.15791737827794,1
644900,237.89681683404504,0
644900,283.9371476672203,1
644900,196.36864271537166,0
644900,250.5783384697325,1
645000,263.17082011629833,0
645100,286.51457692241445,0
645200,238.39093208545992,1
645200,255.11486976595793,1
645300,252.80757575462152,0
645300,308.88804821227717,1
645300,276.56091118989957,0
645400,256.2092464270214,0
645400,306.11297042993266,1
645500,252.67180615789096,1
645500,312.03059695066014,0
645500,266.26736030378464,0
645500,267.8405825345595,1
645600,183.0839034989972,0
645600,238.19389549429954,1
645800,255.5271803774982,0
645800,261.9164228590024,1
645800,233.12098520391305,0
645900,280.7771053891403,1
646000,257.77162302770233,1
646100,332.4216145135053,1
646200,240.47416971103806,0
646200,309.9766828393487,0
646300,204.4193559230243,1
646300,126.05256419204169,0
646500,212.12236527075814,1
646600,281.60805095494345,0
646600,271.31859309870146,0
646700,271.314142242804,1
646700,229.99434300953828,1
646700,201.45255580204704,0
646700,321.0509516732579,0
646800,297.5984719376051,1
646800,216.85454609614527,0
646800,315.93369450450666,0
646900,301.73556126405947,1
646900,308.97538313351583,1
647100,246.2024095861161,1
647100,323.297568166559,0
647100,279.8975272049601,0
647200,344.2471076353056,0
647200,297.076366031125,0
647300,296.7776564884656,0
647300,324.718613495375,0
647300,303.3235520341999,0
647300,355.046843782861,0
647300,254.50202080519819,1
647400,318.0013470667567,1
647400,292.9946776020858,0
647500,252.3269939142375,1
647500,275.03670339701955,0
647500,275.5215964692628,0
647600,352.4383959973517,0
647600,295.6246365480751,0
647600,319.34957631501806,0
647800,213.7682780368722,0
647900,236.61089713659237,1
648100,338.1644647471857,0
648100,222.52756310614066,0
648100,276.828589048515,0
648200,261.2096841033967,1
648300,303.26703102910636,1
648400,254.70038976333788,1
648500,157.42520779745306,1
648600,302.95510230291177,0
648600,303.6621110720918,0
648600,276.86742281513676,1
648700,378.0848083193126,1
648800,260.01740248362364,1
648900,254.8331976193709,0
648900,251.9689063401649,1
648900,224.30608781374022,0
649100,294.5728553958153,1
649100,303.4662415349946,1
649200,245.77190538224121,0
649300,299.9269407799989,1
649400,276.5633810310059,0
649400,257.85839254065843,0
649500,288.2142921467716,1
649600,296.87752596406415,0
649600,259.9840130702636,0
649700,326.37430082571706,0
649700,244.58225591753506,0
649700,270.76210696364535,0
649800,277.4260580675464,0
649800,272.54669681165103,1
649900,265.50364881102445,0
649900,226.9555299232411,0
650000,230.8760350840609,0
650000,262.8480813764772,0
650000,235.08261023796518,0
650100,258.5790764152697,1
650100,245.70142036223166,1
650100,253.01006626620537,1
650200,273.6341544786107,1
650200,337.70016810235154,1
650200,256.32123171384336,1
650300,327.54374318713803,1
650300,343.42676833155946,1
650400,334.37062043225404,0
650500,257.0864979989854,0
650500,266.64857742986436,1
650500,245.51649396304836,1
650600,345.0052664217255,0
650600,284.18296344945855,0
650600,285.6109327950389,1
650700,308.8149975433994,1
650700,267.9607727185001,0
650800,250.0954019917147,1
650800,238.34184916875347,1
651100,273.6939715157643,0
651100,244.9773673806708,1
651200,279.1013153954456,0
651200,296.90164645017086,1
651200,326.103969614592,0
651200,270.9832431376061,0
651300,270.47876348589136,0
651300,250.80677486448363,0
651300,280.93818810537726,0
651400,295.4628355965995,0
651500,264.5146434732605,1
651500,298.1913434608452,0
651700,244.31197319437607,1
651800,276.4076067838269,0
651800,276.5463802690166,1
651800,250.123532195459,1
651800,225.89304296681237,1
651800,291.1318283403675,0
651900,251.96490726334744,0
651900,265.26247199454554,1
651900,250.0240840369906,0
651900,250.6271155189026,0
651900,254.82564111949344,1
652100,270.407582720121,0
652100,259.8388767799019,1
652100,273.1682913905743,0
652200,250.1673187234484,1
652200,160.99633986653558,1
652200,256.6021498872765,1
652300,237.84321761000274,0
652400,237.05787863004775,1
652500,247.133034650889,0
652500,266.6970775811704,1
652500,298.3422198987457,0
652600,289.3090107863957,1
652700,272.9241408961024,0
652700,264.16228324660545,0
652800,267.1326551003337,1
652900,253.17497033698962,1
652900,246.5118357571371,0
652900,274.29491045302996,0
653000,273.1343037506019,1
653000,280.834197536145,0
653100,291.05346438841804,0
653200,307.86950082538635,0
653300,248.73815056196162,1
653400,253.404435893941,1
653500,172.80548747226408,1
653600,274.1274306187227,0
653600,275.4559630809221,0
653700,254.17831582625513,1
653700,308.1858992941386,0
653700,265.89548093905944,1
653700,315.710937316115,1
653900,254.28396643463512,0
653900,178.60713317670346,0
653900,294.5459822092677,0
654000,335.5415414077806,0
654000,187.94907509872795,0
654200,273.1793729102569,1
654200,239.27829891573595,0
654300,261.14444516734625,0
654400,264.5753227784172,1
654400,273.9616952552245,1
654400,231.3517344060033,1
654400,228.62238168307346,0
654400,259.5517923748455,0
654400,245.74294091572386,1
654500,289.3048241748196,1
654600,230.9320962898919,1
654700,294.38615873194726,1
654800,310.70943350069683,0
654800,258.70568295094495,1
654800,218.10642595167874,1
654900,266.117489346489,0
655000,240.45088074038802,0
655000,247.63018291700982,0
655200,275.2419467517723,0
655200,300.0276978104405,0
655400,225.09247866966538,1
655400,262.1847500474126,1
655400,240.33255975823275,0
655500,288.80427315872265,1
655500,235.47472789317644,1
655600,315.1587015503905,0
655800,272.77625484526254,1
655900,276.27775597370265,1
656000,304.84277225004155,0
656000,278.47265249807583,1
656100,295.694039948356,1
656100,275.4624915672949,0
656200,246.15343969505665,0
656200,282.93360695531976,1
656200,302.457846174326,0
656400,285.2270152674919,1
656600,294.601176816668,0
656600,301.05708470730855,1
656600,252.84072843817438,0
656700,277.176849150655,0
656800,277.6131594733585,0
656800,321.8154769680689,0
656900,332.3803626721895,0
656900,236.27303497480088,1
656900,300.786540221873,0
656900,202.11286638890837,1
656900,273.59805721187377,1
656900,276.88247240209137,0
656900,276.2160257628055,0
657100,293.2392557779982,1
657100,254.76058025025102,0
657100,270.7933496562167,1
657200,270.94349108857006,0
657200,286.0711186602324,1
657200,270.09860938021166,0
657200,278.63404354027114,1
657300,253.56506158983666,0
657300,270.2907620568131,1
657500,296.3074478075745,1
657500,281.18054470914996,1
657600,280.10301495266253,0
657800,264.06954964963757,1
657800,298.9298843016415,1
657800,280.41185998206623,0
657900,298.19855509459416,1
657900,293.79087023450563,1
657900,241.26672934242902,1
658100,257.66350541428886,1
658100,295.4169654489595,0
658100,254.121659511017,1
658100,293.72066877876676,1
658200,242.44270856672506,0
658200,247.80103450852806,1
658300,275.824485603992,0
658300,278.323653596318,1
658400,353.9445384232456,0
658400,259.3631077691827,1
658400,299.0601688389236,1
658400,275.25973562924327,1
658600,312.62412414620604,1
658600,316.3692312495506,0
658700,315.82158666442893,1
658700,303.1712995688056,1
658800,401.06678043151777,0
658800,298.63104692787056,0
659000,265.4307846099246,0
659000,274.0031422662239,0
659100,283.84037795764897,1
659100,303.5949326781781,1
659200,278.08272218184516,0
659400,285.9444987017897,0
659500,274.8874440504476,1
659500,254.8510483938528,1
659500,265.32624214660433,1
659500,269.8206790186251,0
659500,263.7851505312453,1
659500,282.4284653589174,0
659500,322.4262251288689,0
659700,262.2057108587446,0
659800,267.5707085434302,1
659800,322.25354839882743,1
659800,225.78231316082096,0
659900,272.6076233956788,1
660000,264.3157142000476,1
660000,275.5782894967994,0
660000,298.7490201900482,0
660000,266.1801464032708,1
660000,244.57770307943562,1
660100,282.315768955356,0
660100,228.97173587377358,1
660100,267.13070486857526,0
660200,302.2267143673607,1
660200,263.18637181026423,1
660300,251.78813461185663,1
660300,253.08834311355463,0
660300,239.23032825389149,1
660400,337.1050390367137,0
660500,330.0432710920687,1
660500,297.6345234422179,0
660500,305.79634818138004,0
660600,227.0807830512688,1
660700,268.0639940034944,1
660700,252.38764938394638,1
660800,288.677640889902,1
660800,257.21205616252104,1
660900,236.8807446278832,1
661000,233.59966782127796,1
661100,256.9093141572115,0
661200,253.8880525866654,1
661300,218.00376731880337,0
661500,263.4920128340177,1
661500,262.7787232520232,1
661600,269.8265731360451,0
661600,248.11681373517115,1
661700,303.86167009053474,0
661900,232.34083682005675,1
662000,225.7313573413076,0
662100,256.64499207144587,1
662100,224.8253658325483,1
662100,240.05207345950276,1
662100,244.69450362643457,1
662200,303.51340895723257,0
662200,249.1615675268016,1
662300,283.04553083814875,1
662300,257.05532805024995,0
662500,270.53084207856057,1
662600,280.196271472528,1
662600,278.4696352718988,0
662700,291.82867377048774,1
662700,271.9027650774894,0
662800,291.49557456012263,1
662800,285.36203042700697,1
662800,325.5589854188813,0
662800,291.7736891179583,0
662900,306.71559576352763,1
663000,271.35886037839265,0
663200,287.7963845437854,0
663200,223.79574697118622,1
663300,238.48628042179936,1
663300,260.95773398977445,1
663400,290.0547032675105,1
663400,279.16693891305346,0
663400,265.03953864918293,0
663400,279.7728254585997,0
663500,315.88666448263797,1
663500,237.30010248326036,1
663500,269.5271605056728,0
663600,269.78434470468295,1
663600,314.8248027181564,1
663600,345.7121628815042,1
663700,288.44810328739317,0
663700,267.39168902898024,0
663700,217.56345459812727,1
663700,215.57470312624972,1
663900,293.727975162459,1
663900,293.41242525780467,0
663900,280.96706232826483,1
664000,236.75589999032803,0
664100,289.5884032730198,1
664200,277.318462277737,1
664300,282.4911343149142,0
664300,306.98982751450023,1
664500,258.80740053207603,1
664500,233.75468111231163,1
664600,249.46386776536295,1
664600,281.39438805535985,0
664600,282.5258225742364,0
664600,221.53912809976384,1
664600,283.5416728987962,0
664700,315.2241104846803,1
664700,259.5730392872752,0
664800,293.7146069157743,0
664800,264.33482760200985,0
664900,269.3456588150757,1
664900,305.925639704192,0
665000,222.79324223963292,1
665000,308.1987343899629,0
665100,256.1563507494784,0
665200,270.679468333027,0
665200,236.6769744174542,1
665200,234.73068026091244,0
665300,264.52492750694427,0
665300,257.84138215282775,0
665300,251.92465393484846,0
665300,255.84506326328622,1
665400,282.2786397883465,0
665400,268.7928441831015,1
665500,267.4115982559272,1
665600,240.8603016575124,0
665600,272.6669216546522,1
665800,298.1386650338852,1
665800,262.141090771405,1
665800,261.6147730225518,1
665900,313.2551333586797,0
666000,272.25637861921484,1
666100,272.51573374752917,1
666200,316.6566415959212,0
666200,278.0767299426174,0
666400,273.6218950949538,0
666500,301.2889218621066,1
666500,263.39711713086126,0
666500,282.4172780823237,1
666600,329.8023696235557,1
666800,270.17876309647284,1
666800,290.9114940891177,0
666800,315.54029665521153,0
666900,290.7258810329806,1
667000,272.9712984360901,1
667000,230.83604332096618,0
667200,265.37389536314566,1
667200,305.11434678937474,1
667300,286.3433120934891,0
667300,285.05712560655394,1
667400,379.6195662728865,0
667400,381.3159664378691,0
667500,265.09260333827183,0
667500,286.8468573016001,0
667500,274.08028284816794,0
667500,242.01735201182944,1
667600,232.89598804350683,1
667600,265.8631413757006,0
667700,228.09885347990587,0
667800,252.97369940758716,0
667900,278.36447844925783,1
668000,295.0311034307396,1
668100,258.80553840670996,1
668100,282.8283591306177,1
668100,250.5494562847297,0
668100,229.2140993889922,1
668200,274.83903150884004,1
668200,273.3311112885919,1
668300,170.99052649214727,1
668300,343.553800763521,0
668400,306.04454917946424,0
668400,314.24820842706004,0
668500,225.11751241005848,1
668500,254.57123175264397,1
668500,297.01268508177964,0
668600,289.4952851698575,0
668600,218.39664060120694,0
668700,265.5405332681933,0
668700,243.65394538291866,1
668900,276.3725990149975,0
668900,262.21421981794356,1
668900,252.68543557162576,0
668900,195.64182616386032,1
668900,264.7088628005172,1
669000,276.3978120192938,1
669000,233.3498415076848,0
669000,267.39051011456826,1
669100,285.15303828498145,0
669200,207.01934773286717,1
669200,286.084280716046,1
669200,286.354795100483,0
669200,270.46492786311916,0
669200,260.6421302563487,0
669300,244.97929476528736,0
669500,298.74476757551855,0
669500,337.99336388291005,0
669500,250.38212823385877,1
669500,212.34440922168153,1
669500,241.66978267228484,1
669600,225.3065968391684,0
669700,201.87751910693598,0
669700,278.8680439957498,0
669900,186.86165855055475,0
670100,233.58923969116427,1
670100,238.01047199270315,1
670100,209.2345395276468,1
670200,305.4188928779939,1
670200,308.257252034597,0
670300,273.102305989285,1
670300,252.530517044395,0
670400,247.94232236533767,1
670400,251.3493045167198,1
670500,269.6734332539475,1
670500,247.35516873194817,1
670500,250.5598767364445,0
670600,335.72940548321833,1
670600,227.28762160299638,1
670600,191.73481998446584,0
670600,351.8999968232009,1
670700,270.5601305732304,1
670900,216.31078100079455,1
670900,240.583713766882,0
670900,284.95900463865706,0
671100,203.2417742844988,0
671100,332.6439873966772,0
671100,269.70959903175964,0
671100,171.26789058681766,0
671200,283.94581640667883,1
671200,225.67133720237717,0
671300,181.57163952752606,1
671300,302.08597433850633,0
671400,235.20253992184243,1
671700,327.76873676935907,0
671700,300.86804766369244,0
671800,261.38648023920496,1
671800,285.916142387662,0
671900,243.77652356845223,0
672100,324.7567181714587,0
672100,240.58725489447184,1
672200,359.5376269327956,1
672200,346.2491999313478,1
672300,284.29489675394007,0
672300,194.9447616426004,0
672400,222.68746706143372,1
672400,278.2424835879958,0
672400,240.4980688049761,1
672500,179.18962495154872,0
672600,210.64809613164022,1
672700,252.0670162168605,1
672900,242.67541941601712,1
672900,262.9708939090921,0
672900,327.54204496277123,1
673000,207.59716760445568,1
673100,198.88572531044898,1
673100,231.4383933370661,1
673100,241.6137518498063,0
673200,281.77258542616556,0
673200,226.81392306865146,0
673300,307.1747100098056,1
673300,216.92903445932828,1
673300,235.8804751016032,0
673300,259.5100132587815,1
673300,257.1051595245874,1
673400,201.82496955505306,1
673400,347.3075526797951,1
673500,246.83649471395793,0
673500,281.19681363406056,0
673500,297.25483563696866,0
673700,229.46422849310912,0
673700,324.69905869285924,0
673700,303.6482009325153,1
673800,217.50517580476213,0
673800,269.79050804133453,1
673900,212.8538132963219,1
674000,228.7898777967349,0
674100,258.4482981771256,0
674100,329.54778510064347,1
674200,270.97581976202247,1
674200,289.9310315359209,0
674200,254.0317721174397,0
674200,224.2121011921981,0
674200,308.1787730572128,1
674300,329.3155176380672,1
674300,245.83590071117857,1
674300,296.5176742581041,0
674300,239.40920844383047,1
674600,266.42162888945785,0
674600,249.88230848440284,1
674600,260.6853339833518,0
674700,273.7073623748132,1
674700,280.4880588526562,0
674700,246.74855340357377,1
674800,207.74198725674043,0
674800,275.0199224107154,0
675000,370.2336633576967,1
675000,287.9807042207784,0
675300,244.89240612886866,1
675400,227.2823073054342,1
675500,263.39409892698455,0
675500,251.21721459044886,0
675500,351.7062129475528,0
675700,332.0192980255731,1
675700,206.50332511507563,1
675700,308.23408093516554,1
675900,265.7130865445787,1
675900,302.0789995213169,0
675900,256.7881984343112,0
676000,227.5929068732695,1
676100,300.0086484947038,1
676100,214.554622043698,1
676100,247.99321932044447,0
676100,265.8892291092006,0
676200,313.61864255501985,0
676200,260.85726688868624,1
676500,300.2038711332469,0
676500,278.15402698864085,1
676600,368.7921140360226,1
676600,329.7291763385588,0
676700,308.1412692354333,1
676800,301.1605497759948,1
676900,351.06221198711347,1
676900,370.0239915300589,1
676900,313.867703417569,0
677100,276.1547499537711,0
677200,290.99519583989667,0
677300,275.41997471654884,1
677300,232.76782150120897,0
677300,184.4297174107109,0
677300,241.08816911124416,0
677400,234.53181907012325,0
677400,310.07295956151984,1
677500,211.53073157686214,0
677500,261.30102169519546,1
677600,267.6308447772827,0
677700,333.5274243665819,0
677800,312.98496621943923,1
677800,257.5803681220881,1
677900,367.66254860455774,0
677900,272.9735262336281,1
677900,212.51014688311102,0
677900,223.8580395666654,1
677900,290.6322965080249,0
678000,380.5227265646726,0
678000,236.31677062202593,0
678000,217.22266514912187,1
678000,346.30743619366916,1
678000,263.82335419544876,0
678200,292.0886712595204,0
678200,273.83009973920366,0
678200,270.05141767857106,0
678300,344.0101899076195,0
678400,253.8013640832483,1
678400,309.9509897815635,0
678500,260.6145037245167,1
678500,358.92845744269584,0
678600,311.10237132797346,0
678600,229.2965167476446,0
678600,255.33707216238344,1
678600,332.4937824947477,1
678700,220.66553831981304,1
678700,266.10613714978984,0
678900,287.3038071140752,1
678900,250.53119250431,0
679000,258.28740290445,0
679000,234.42823331672423,1
679000,232.96960417259007,1
679000,258.54035489593036,1
679100,344.5618053090082,0
679100,244.22567020401743,1
679100,232.74542723187088,1
679100,221.13888632137804,1
679300,262.30441997064935,0
679300,281.73433513696085,1
679300,290.196870081361,1
679300,271.7083970845644,0
679300,231.11515066017353,0
679400,306.74740582747575,1
679600,190.4263135142182,0
679600,283.97548087653075,0
679700,226.00814535052646,0
679700,263.1154674727393,0
679800,247.34938374169258,1
679800,215.26178323328176,0
679900,239.42363825762385,0
680000,322.18067525272386,1
680000,348.5116350992718,1
680100,279.9691868756633,1
680300,207.33632774558396,1
680300,290.7582173162726,0
680300,287.3722347343207,0
680400,225.95522818031472,1
680500,232.1171278620409,1
680600,374.6647542009599,1
680600,219.62287426221377,1
680700,271.55330798953344,0
680800,306.6878822175182,1
680900,234.3287991285485,0
680900,228.61466992458932,1
680900,245.77816644555068,1
681000,332.853488266591,0
681000,277.2076812615096,1
681000,300.1045924122052,0
681000,325.6592429569062,0
681200,341.6719488588752,1
681500,274.4038118676671,0
681500,298.3940591818075,0
681500,272.6119836085568,1
681500,296.33908714324053,1
681500,222.70188873271047,1
681600,247.71093066865566,1
681600,225.3332308549476,0
681700,273.5560676775228,1
681700,274.737084985036,1
681800,180.64120129818795,1
681800,413.70806104186386,0
681800,209.44748253238222,0
682100,237.0214305502233,0
682100,262.3636283489029,1
682100,277.683324631576,0
682100,371.44973513293087,1
682200,239.99174879992762,1
682200,253.47446357739236,1
682200,237.9409382778086,0
682300,243.5557103263109,0
682300,275.6028245406735,1
682300,224.89891134393952,0
682400,208.25413021157775,0
682400,213.95338597248278,0
682500,303.0878044448684,1
682600,209.63409002778135,0
682600,239.8122822335954,0
682600,332.41917068189593,0
682700,228.29099780337415,0
682800,283.09353352506855,0
682800,269.4754305219634,0
682800,249.89493987476527,0
682900,363.815277833827,0
682900,198.8854735749667,0
683000,209.50635872979228,0
683000,284.1362673944507,0
683000,250.51516484289908,1
683100,285.6152104149241,1
683100,225.7364806916035,0
683200,262.7769878206965,0
683300,194.23253566873439,1
683300,253.67553613380474,1
683300,228.2370427753315,1
683400,216.24126042174427,1
683400,290.19885506968075,0
683400,204.02707793822142,0
683500,232.42516092385137,1
683600,258.1070681704874,0
683600,262.21370994454423,1
683700,285.36756467332015,0
683700,248.06593900413392,0
683800,297.1805602984404,0
683800,230.84702419025035,1
683800,234.52696475569908,1
683800,257.0093425571426,0
683900,212.32991277541092,0
683900,224.35448133262958,1
684000,245.8712253331939,0
684000,185.06554538485068,1
684100,238.27355405189343,1
684200,305.55067477362047,0
684200,250.04898450984737,1
684200,264.74047296713786,1
684200,223.74911536440484,1
684300,255.01578717847977,0
684600,208.20614173904985,0
684700,215.66080524727334,1
684800,191.4231875508027,1
684800,221.6235189444431,0
684900,251.94148708386555,1
684900,223.44303293624768,1
684900,338.99626066611836,0
684900,187.63537533312245,1
685000,336.972379283044,0
685000,209.11878879238446,1
685100,300.2365072361057,0
685100,305.6477141825617,0
685100,260.268440286308,1
685100,215.03285857271388,0
685200,279.9261789498621,0
685300,182.03419145710535,1
685300,275.9750677988619,0
685300,291.6107356816454,1
685300,228.77009403434226,1
685300,266.4636124852866,1
685400,224.93738046599165,1
685400,284.48325680426706,0
685500,220.88812986829083,0
685500,292.53066073557954,0
685500,454.09248808459,0
685600,279.538566887245,1
685600,221.24353232605478,1
685700,325.9416084491953,0
685800,388.277090092593,1
685900,266.743978962225,0
686000,372.8950336445596,1
686100,257.51044587977054,1
686100,228.7264911209521,1
686200,196.21887977566365,1
686200,223.82809418542004,0
686300,243.04029204581494,0
686300,262.6695842434276,0
686600,219.25509118795915,0
686600,239.84538983539886,0
686600,242.2761983632353,1
686600,406.01696125293626,1
686700,252.18643089803916,1
686700,275.8306032822405,1
686700,247.46147323148384,0
686700,225.21226588271028,0
686700,229.0699843979483,1
686900,269.61482228290635,0
687000,218.2809978821423,0
687000,196.248533586454,0
687000,255.95884985172103,1
687000,201.88631839040463,1
687100,311.16328509822466,1
687100,234.27358429724327,1
687200,215.8594845005138,1
687200,255.68443803814134,0
687300,230.34684829941395,0
687400,247.64404038704694,0
687500,214.69719235612862,1
687500,244.32595450745862,1
687500,202.14870188419877,1
687500,221.34274322333766,1
687600,266.3187140508698,0
687700,253.83500067010522,0
687700,229.74133390496277,0
687700,212.8697711985303,0
687700,315.8342120546084,1
687800,214.43194386308525,1
687800,295.331102696618,0
687900,235.79437719572476,1
687900,267.26473450457445,0
688100,286.17280809274155,1
688100,261.41470699686573,1
688200,212.60507675118237,0
688200,249.00056720222122,1
688200,258.574706326464,0
688200,229.43535748143137,1
688300,236.4370995598955,0
688500,263.9706592044138,1
688500,309.716459362671,0
688700,288.73427254759736,1
688700,230.73861157411343,1
688700,317.20430509045576,0
688700,260.6933026307889,1
688800,238.64114616888233,1
688900,245.0906356972461,0
689000,247.70013152204177,0
689000,182.98660238795975,0
689100,338.7331241555918,1
689100,245.08976925545343,0
689100,243.11417324521844,1
689200,291.1618624953505,1
689300,210.07965826639048,1
689300,277.09428743385166,1
689400,284.5746903967597,0
689600,237.62096409424763,1
689700,278.7676818350698,0
689700,290.3124813343163,0
689800,215.200718951496,1
689800,303.3862458369462,1
689800,233.15278909373583,1
689800,276.62402221237795,1
689900,247.19815139662873,0
689900,234.5390969700416,0
689900,220.62387855704148,1
690000,213.55046026427476,0
690000,328.5927459245481,1
690100,232.84402880689822,0
690200,251.94102985227013,0
690200,225.4032987500197,1
690400,257.88725501070354,0
690700,196.38920830415557,1
690700,264.97932681449487,0
690700,317.0144060144582,1
690800,201.77421492332434,1
690800,300.91285512024973,0
690800,323.13633286290667,0
691000,184.9193266491653,0
691100,238.64272759711565,0
691100,246.44069993120272,1
691100,245.15848656985958,1
691200,209.46675835673057,1
691300,321.0342279939829,1
691400,341.8532016068715,0
691500,278.3119740685847,1
691500,332.616019280257,0
691700,320.48772655968776,0
691700,199.8002442545138,1
691700,298.7293016461075,1
691800,317.39675858095603,1
691900,321.7975325078519,1
691900,212.35559130502043,1
691900,335.92582347247725,0
692000,215.22424943166234,0
692000,215.63338494143068,1
692100,327.1570663075092,1
692100,337.05953214057007,0
692100,322.19169065710423,0
692100,203.14704734346623,0
692200,185.362727510066,0
692200,292.6274591467271,1
692300,246.60084782757113,0
692400,233.7420481112374,1
692400,282.3244952890802,1
692400,372.75196394021344,0
692500,279.7289468248617,0
692500,351.7404884748601,1
692600,322.2479591814081,1
692600,196.1854485994966,0
692700,208.31991613421505,1
692700,199.39191048990463,0
692800,248.08337201812816,0
692900,272.85611021015023,1
692900,227.62812512024246,0
692900,349.25178158247115,1
693000,282.67628609598046,1
693000,237.0894610161665,1
693100,177.4318371975233,1
693100,299.9301466230959,1
693100,198.89578227914657,1
693100,293.3898563170549,1
693200,371.38620043617584,0
693200,324.9236223435664,0
693300,336.09753384540556,1
693300,309.8873137866482,0
693500,312.6571649749522,1
693500,198.75551565008104,0
693600,250.48031625406162,0
693600,287.17002272857764,1
693600,352.123295312369,0
693600,219.7733568395452,0
693700,319.1605771486509,0
693700,209.04167905819898,1
693700,188.9388856443783,1
693700,183.1720584942745,0
693700,225.48022144626458,1
693800,288.8104833349591,1
693800,253.3346788627844,1
693900,335.3377119504321,1
694000,198.50850311138487,1
694000,205.00140050323049,0
694000,240.57338024753994,0
694000,207.74677446540133,1
694000,201.84480402156865,1
694100,203.45050768915016,0
694200,217.0268298955595,0
694200,200.18544044375304,1
694200,258.58244980835605,1
694200,208.99387582747744,1
694200,298.70204545227756,0
694200,208.89991230265218,1
694300,407.9392629785381,1
694400,383.9897758580384,1
694600,299.5634857981009,0
694700,182.25056844557253,0
694700,217.1071373950015,0
694700,520.1218100125673,0
694700,352.00075312511257,0
694800,281.76313297784617,0
694800,263.5035990680216,1
694800,240.24852164514158,0
694800,229.20943580445223,1
695000,354.20024980698093,0
695000,223.64586341496872,0
695200,217.3059047373274,0
695200,219.41774479195496,0
695200,407.1137556299668,0
695200,217.94437941929885,0
695300,216.80327445354263,0
695400,252.70511314592963,1
695400,205.33420482492713,1
695400,218.4173117815249,0
695400,233.60558910402963,0
695500,200.34108221632,1
695600,221.7360475818525,1
695600,216.504233564925,0
695700,223.01997895687165,1
695700,357.6136692152662,1
695800,207.83157583558153,1
695900,212.53850826050572,0
695900,388.77315206636933,1
696000,209.26531322244443,0
696000,359.32652555867713,1
696100,201.4303084620966,1
696100,207.70039182057246,1
696200,208.83147213617434,0
696300,195.14910963269753,0
696600,214.49582261798523,1
696600,445.9178396442257,0
696600,194.02796855150837,0
696600,406.6402688513773,1
696700,240.00993025506085,1
696700,200.94465356736958,0
696700,246.0362760910425,0
696700,231.1979820922558,0
696800,229.7843102268429,0
696800,432.9226262208189,1
696800,203.52002257115777,1
696800,232.0452748316995,1
696800,222.1169031180994,1
696900,226.91400477698988,0
696900,270.18082665502993,1
696900,209.8296345985718,0
697000,208.03882895206945,0
697000,207.16237398812257,0
697000,228.76576803057193,1
697100,227.0009447408007,1
697100,247.7465869430473,0
697200,237.71173188257924,1
697200,199.52279486064054,0
697300,218.27739105100224,1
697400,199.65809683595063,0
697500,190.40012944085873,0
697600,223.682592263838,0
697600,200.923123362833,1
697600,217.89604613311766,1
697600,189.65256802551622,0
697600,188.46714568055373,0
697700,227.0104274078283,1
697700,190.67223529267918,1
697700,197.09001931276487,1
697700,236.03199169343858,0
697700,236.61298311507585,0
697800,230.54731262550087,1
697800,222.9012746882881,0
698000,243.73091065995658,0
698100,221.51243471946543,1
698100,214.91080344477186,0
698100,198.91117894885403,1
698200,222.85028840260256,0
698300,206.0928757170414,1
698300,195.35946563925967,0
698400,240.4069811239324,0
698400,216.22497990908363,0
698400,250.33779223810933,0
698400,223.4713680729799,1
698400,226.88283425001126,0
698500,243.77690792005214,0
698500,211.02888320371792,1
698500,208.85144556055891,0
698500,208.39556529823167,1
698600,232.60594641033725,0
698600,218.3863087852264,0
698700,338.5692226997184,0
698700,228.74557733741216,1
698900,204.29712502731613,0
699000,205.99439081688675,1
699100,188.19245658581724,0
699100,170.88570087967577,1
699200,213.87250774847246,1
699200,222.0502165392359,1
699200,360.93496260502576,1
699200,205.03471049501016,0
699300,263.42240791982306,0
699300,276.09770988483865,1
699300,223.77446140590754,0
699400,223.87527965114052,0
699400,196.7401556986431,0
699500,191.4985107948242,1
699500,218.81365731307812,1
699700,197.0334733706016,1
699700,278.6950152858313,0
699700,243.78633433015506,1
699800,207.0566490016825,0
699800,218.22029106819696,0
700000,218.65851536310137,0
700000,234.640672430586,0
700100,239.97988480966487,0
700100,209.56626175913507,1
700200,276.65914875241987,1
700200,210.59810077194453,1
700200,210.55304275800097,1
700300,203.3230452629726,0
700400,206.96755961090912,0
700500,206.46785393038198,0
700500,300.68548200598246,0
700500,199.7976373711108,1
700500,321.31712085647814,0
700600,212.4039950143074,0
700600,393.59536727399313,1
700600,243.8401536892187,1
700700,188.77658558830026,1
700800,191.10358568582407,1
700900,235.54309654193372,0
700900,254.06238221645916,0
701000,212.0452414127972,0
701000,201.15280354274554,1
701000,339.96703972188476,0
701100,196.61815454575486,1
701100,259.4188716460864,1
701100,193.66527161226304,0
701200,215.5588827969709,1
701200,196.1181377724024,0
701200,224.05857985404938,1
701200,211.46546732219437,1
701300,220.7223805686797,1
701300,313.70071706123343,1
701300,225.92304446303183,0
701300,286.3848126464375,0
701300,210.18795109723908,0
701500,184.87337280010567,0
701500,232.22014280287303,0
701600,210.1804321028536,1
701700,195.19135994343017,0
701700,236.53700043054346,0
701800,228.7505481349513,1
701800,218.37497836758376,1
701800,228.6553163071613,1
701900,243.59989442236568,0
702000,198.32202050210074,1
702000,234.46117612761054,1
702100,207.30258133856847,0
702100,217.11716452846645,0
702200,224.0566549416381,0
702200,213.17019550090714,1
702300,200.52954831031562,1
702300,258.08066542107593,0
702400,233.33240455651284,0
702400,210.98915271672104,1
702400,190.59187267350276,0
702400,284.9507245677748,1
702500,238.31014370986702,1
702500,244.9270621259674,0
702500,239.23272634650684,0
702500,233.44313318873768,1
702600,204.24046476588532,1
702600,232.77587354073233,0
702700,212.67953252443024,0
702700,220.83029722551413,0
702700,201.79915126077364,0
702800,191.90194214850183,1
702800,209.70734300381832,1
702800,223.94555005376805,1
703000,218.28105574505688,1
703000,216.2978101194063,0
703100,223.50606235254486,1
703200,249.0330142593868,0
703200,237.71075303743433,0
703200,201.25916216904412,1
703200,238.63934354140375,1
703400,228.37039056756132,0
703400,196.6963872784283,1
703400,235.97504105088277,1
703500,244.48290838453588,1
703600,216.54507300136567,1
703600,205.44591811404345,1
703700,218.2271961400665,1
703800,236.171411714352,1
704000,364.68117623728597,1
704100,234.78176940440568,1
704100,206.2188237460619,0
704200,244.97722368782766,0
704200,233.38715291643035,0
704200,236.03378519943232,0
704800,253.50766796268084,0
704900,269.1964246010539,0
705100,276.9393628978778,0
705500,243.19232762374415,1
705500,352.1164575626935,1
705600,307.8506964502441,1
705900,238.11726783375957,0
705900,258.44202642606206,1
706000,293.66001010089275,1
706200,326.78557082798534,0
706300,288.4907310395572,0
706400,307.83371501584884,0
706500,298.0004018528647,0
706600,273.2635149239732,1
706600,324.9015298993943,0
706800,253.44969567149963,0
706800,221.20348913937042,0
706900,375.63298173948016,0
707000,335.6254862784446,0
707000,282.8598243577058,0
707100,343.3808440254337,0
707200,352.4396680058306,0
707300,357.86747303862205,0
707300,300.28632562564235,1
707300,349.9503098598914,1
707300,360.44383480306243,1
707400,313.9347048175932,0
707400,350.24405429648886,0
707400,375.9205626199285,1
707400,336.95934664985515,1
707500,283.9282647944423,1
707500,312.98953114739123,1
707500,301.76031242169194,0
707600,257.5927150732631,1
707600,241.1964028566223,1
707700,326.38106700103674,1
707700,253.46873181688426,0
707800,398.55427973815966,0
707900,320.89692055998427,0
708000,373.14513772481695,1
708100,339.6769307279942,0
708100,295.25206573754025,0
708200,283.5406172210358,1
708300,318.90198760161314,0
708300,367.1755255066087,1
708300,354.4221110834508,1
708400,343.90731947407085,1
708400,374.1447517421179,1
708600,366.2474933388623,0
708600,408.5949803002259,1
708600,389.632724730028,1
708700,378.0195930721433,0
708800,323.6866310042705,1
708800,561.7468377939954,0
708800,326.63557355997847,1
708800,344.9109387442195,0
708800,248.33320589323884,0
708900,468.07835230953816,0
708900,355.9328497750515,0
709000,388.5937301747508,1
709000,311.25891973002155,0
709000,314.10044709685127,1
709100,341.68139860478607,0
709200,326.97476015178165,1
709300,303.44500936714013,1
709300,352.70896302733337,1
709400,363.1565466954574,1
709400,429.6916087889268,1
709400,358.72846382593923,0
709400,425.7578505355471,1
709400,286.1851195650965,0
709500,312.4038104720015,1
709600,362.04549474253474,0
709600,310.4924054863892,0
709700,339.3160243900848,1
709700,333.6109472584174,1
709700,334.6119375775769,0
709800,327.8670205201653,0
709800,366.287125054036,0
710000,297.6336491055866,1
710000,381.19683272291365,1
710100,375.32366606620843,0
710100,387.9825544953754,0
710300,325.96827423085375,1
710300,316.2519387105882,1
710400,387.25754648641595,1
710400,451.3526563925791,0
710400,352.9063581398095,1
710400,313.94472232828144,0
710400,366.17756438466654,0
710500,345.732037934032,1
710500,377.1744329599361,1
710500,287.03009356320854,0
710700,370.9548409556939,1
710800,335.0686960899303,0
710800,341.3608333831386,0
710800,365.30458084566214,1
710800,421.2247090806012,0
710900,408.3988710149787,0
710900,280.30688660185575,1
711000,297.6255661377994,0
711200,357.29399475391193,0
711300,477.29611142982225,0
711500,293.0315281299425,1
711600,298.82212133329654,1
711900,295.2961696225271,1
712000,316.53145725690524,1
712000,264.47021623030975,0
712100,310.27211852928184,0
712300,279.28029721914874,0
712300,269.1293312115601,1
712400,287.96133418482634,0
712400,305.0012770460643,0
712400,307.4206820077773,1
712400,273.97352588791136,1
712600,334.93658686587554,1
712600,274.3977303494562,0
712800,294.0080293331202,1
712900,263.0991480069074,0
712900,285.57651484519687,0
713000,279.0559872477599,1
713100,269.42382516485475,0
713100,265.3717620964507,0
713100,278.3384291973433,0
713100,283.9806762789797,0
713200,282.3607340627051,1
713300,287.64132886024777,1
713400,297.0176675039032,0
713500,357.7242641074287,0
713500,319.434819178573,0
713500,281.36766313563726,1
713600,300.5907632410546,1
713600,307.08120286664536,1
713600,279.7983580859275,1
713600,316.0316816000865,0
713700,271.7226599084741,0
713700,276.8152248946523,1
713700,293.7104815695925,1
713800,264.0392764422239,0
713800,312.49149049591944,0
713900,275.2241157620941,1
713900,283.5031802431376,1
714000,197.3570216957213,1
714000,314.54803206552907,1
714200,221.26808197335671,1
714200,182.4766017137526,0
714200,222.2450792795804,0
714200,267.26088428216997,1
714300,224.85462223591804,1
714300,268.2833558055552,1
714300,272.03410157763017,1
714300,262.99006203391303,0
714400,181.32896968187256,0
714400,295.69430362326176,0
714400,232.99009362253477,0
714400,230.5983411161904,1
714400,299.30614373100644,0
714500,301.18079473553047,0
714500,273.1211893194661,1
714500,255.46753026111614,1
714500,249.72933530356536,0
714600,281.6873139543125,1
714600,200.8335648579653,0
714700,289.9143498842493,1
714700,266.53211914031647,1
714800,226.93962925971246,0
714800,190.45523353565946,0
714800,204.64456411706047,1
714800,292.80269265904553,0
714800,293.3795691834004,1
714800,237.68377889891133,1
714900,296.44747518013565,1
714900,285.75482354135187,1
715000,297.55424386203583,0
715000,221.8189459706291,0
715000,197.7317550496586,1
715000,212.25420752120405,1
715000,370.1086172915246,0
715200,205.1284155591351,0
715200,234.76269488544804,1
715300,292.32402840075383,1
715300,208.94961733825798,1
715400,221.8291902474886,0
715400,196.49998839823476,1
715400,244.9157255758745,0
715500,294.9462397296313,1
715500,228.917458740186,1
715700,291.22465555450856,1
715900,365.1145572637554,0
715900,231.82737061513166,1
715900,320.96397794086954,0
716200,380.10247575778743,0
716200,300.62387086158265,1
716200,184.25584969755482,1
716300,340.4364413391439,0
716400,316.68125050866195,1
716500,360.2771624597025,1
716600,300.9190056294769,1
716600,238.50841172158476,1
716700,204.15906802280654,1
716800,256.7668247387424,1
717000,204.98616131341547,1
717000,183.8922113541949,0
717100,286.19285867927454,1
717200,207.9091048696607,1
717200,367.9666696110028,0
717300,320.41024847968987,1
717300,244.82555988685135,0
717400,255.8252203125188,0
717400,186.23187355913342,1
717400,351.0417672280285,1
717500,218.83395731179843,0
717500,206.71542828890165,1
717800,228.49649161503027,1
717800,258.93751029771755,1
717900,294.182181164352,0
717900,271.08213238177495,1
717900,205.60578770073985,1
718000,211.90094266939823,0
718000,195.64778934592562,1
718000,212.30674721456035,1
718100,205.88710846980462,0
718100,193.96347289308298,0
718100,258.73061699449636,0
718200,310.36456798543657,0
718300,509.1898442656789,0
718300,225.9504706749789,1
718300,179.9578411492769,1
718400,231.59199655257137,1
718500,262.82757538836273,0
718500,199.7590725666861,0
718500,410.487708901659,1
718600,319.6687053728404,1
718600,253.33731938927,0
718600,203.22377615862632,0
718600,280.63283913514726,1
718800,260.00510815549035,0
718800,211.98877902059863,1
718800,218.99342935247995,0
718800,308.64434516528775,1
718800,231.03295561984186,0
718900,252.9543802623238,0
718900,226.50470118109433,1
719000,216.00504474471697,0
719100,226.76252829729785,1
719100,245.13622237113907,0
719100,217.82703824027544,1
719200,354.73103478842637,1
719200,244.7853130963512,1
719200,225.72793544100634,0
719300,287.1907145060615,1
719400,288.5897827106763,1
719400,238.26697493675954,0
719500,260.6242733512012,1
719600,322.18119058821486,1
719600,254.18801832138087,1
719600,267.0268377738577,1
719800,266.2659654372119,0
719900,303.2029082244657,0
720000,206.31300462113902,1
720200,263.0942637451257,0
720200,281.76739545689867,1
720300,258.32907721617767,1
720300,284.9577810377685,0
720400,281.08185699360905,0
720400,278.75282822705276,0
720500,277.96036439300923,1
720700,280.8344541919054,0
720700,293.2953138876167,1
720700,264.0643899502088,0
720700,254.20178794658963,1
720800,225.3275030076924,0
720800,298.0711292915176,0
720900,300.8722064292099,1
720900,277.8918105795336,1
721000,291.0153219502832,0
721000,232.9763943013953,1
721200,285.2848382299426,1
721200,254.77670050684807,1
721200,314.56403661591406,1
721300,296.11636693233163,1
721400,382.8461567983723,0
721700,353.9242375363463,0
721800,338.31608340818275,0
721800,284.81226566992797,1
721900,284.14908550071385,1
722200,270.69298424673894,1
722200,272.75908876607485,1
722300,353.35045651457244,1
722300,264.5358008835755,1
722500,388.99319860089815,0
722500,326.6824495519002,1
722600,230.6750777267239,1
722900,388.1798154399733,1
722900,246.9009974956684,1
722900,403.3361232617726,0
722900,279.9593692446459,1
722900,273.7114748603801,1
723000,293.43875015001254,1
723000,316.3984958970999,1
723000,321.0490659683973,0
723000,384.18397443018534,0
723100,272.2549357050344,1
723200,399.6834306546405,0
723300,214.29261833201633,1
723300,293.01530718109365,0
723400,367.0945163952499,0
723400,396.5603071650681,1
723500,243.99202715055878,0
723600,304.3288468497955,0
723700,347.47365751824213,1
724000,347.7752076182555,0
724000,263.13500654450917,1
724600,356.9261086052637,1
724600,309.43796036128316,0
724700,312.99410231415374,1
724700,335.9899101741255,1
724800,187.43326809483753,0
724800,279.27083118793206,0
724800,341.5467274661447,0
724800,324.26927730732547,1
724800,330.70642468351093,1
724900,379.261771099671,0
724900,388.2379065251465,0
725000,377.16558764840283,1
725000,327.3409025914267,0
725000,341.7816547653417,0
725000,294.5385998967358,1
725000,355.4590850953497,0
725000,350.5025115766448,0
725100,309.3920589431949,0
725200,361.8868451019378,0
725200,239.16042876083537,0
725200,355.51117824300326,0
725300,453.17165888804914,1
725300,374.6712864064173,0
725300,315.5518504883513,1
725400,328.4866449308193,0
725500,268.55203672346215,0
725500,340.82448631714516,1
725600,274.44841508948394,0
725700,302.641147344837,1
725700,382.31648443734366,1
725700,343.21243677857905,0
725800,335.9293124761704,1
725800,388.69388683280675,1
725900,383.72999152954986,1
725900,341.1909058056913,1
726000,357.839942642166,0
726000,281.2903623460592,1
726100,327.55884075833546,1
726100,337.51159639494693,0
726100,336.2114486674712,0
726200,358.4054071530618,0
726200,381.8974621015779,0
726300,325.2845801803558,1
726400,386.9782502945891,0
726400,365.7297470343733,0
726500,304.28180028028373,0
726600,408.35126170522346,0
726700,376.35931807223653,1
726900,313.61050072764505,1
726900,328.4293448491016,1
727000,329.9411065058635,1
727000,371.9747443124863,0
727400,242.9161954877453,1
727400,403.15434597811844,0
727600,323.7891523497729,0
727600,226.7839285277856,1
727700,291.63398672807193,1
727800,354.75177810103344,1
727900,345.231990982543,1
727900,326.65187583533225,1
728000,209.5207498241474,0
728000,359.4871532658941,1
728100,351.7890597864275,0
728100,364.9819153942626,0
728200,415.79849710252466,0
728300,372.27539977865877,1
728300,353.8786331225551,0
728400,377.5608571345791,1
728500,372.94277711798094,0
728500,356.1809405341946,0
728500,437.56167613802074,0
728700,280.88091808955807,1
728700,278.9219959448802,1
728800,290.751031092098,1
728800,346.30549228415884,0
728800,380.17286871622355,0
729100,410.0195023249338,0
729100,368.58429262576766,0
729200,375.7251095516951,1
729200,197.64297854505972,0
729300,350.68212378646757,1
729400,358.9613527265906,1
729400,308.3601987881378,1
729500,361.57906247553143,1
729500,213.85789905823438,1
729500,223.80612537723627,0
729500,299.14958909483056,0
729500,231.69255686102798,0
729600,331.25724791778384,0
729600,312.81272511099405,0
729700,226.16154314786493,1
729700,311.11008726282694,0
729700,315.6626625706697,1
729700,353.81996683388985,1
729800,208.06477355609135,0
729900,314.2704045453361,0
729900,383.79435823763555,1
729900,353.44761653482203,1
729900,296.7710370687192,0
729900,251.30687917811198,1
730000,217.67942830828957,0
730000,265.9934567588147,0
730000,234.63794424647855,1
730100,356.4428785222615,0
730100,383.31716608496265,1
730100,198.94178991075142,0
730200,216.563526315392,0
730200,304.2304873153894,1
730200,275.9995085030921,1
730200,356.67970142668906,0
730300,281.1225139567738,1
730300,245.27023216209753,0
730400,213.61842201374722,0
730400,206.74242791156806,1
730500,373.64739654602386,1
730500,236.3996372556053,0
730500,282.7441839270664,0
730600,348.9423026489883,1
730700,285.2459845029057,1
730700,268.50850303653334,1
730700,231.6356022897867,0
730900,286.71098864167703,0
731000,305.43775179101647,0
731000,303.1015609572163,0
731100,289.3598082970442,0
731100,288.70156949450757,1
731100,221.6581650526647,0
731300,322.471986193897,1
731300,281.742416356754,0
731300,223.43196274151413,0
731300,231.39631686150375,1
731300,244.72125015181726,1
731300,310.87752046324636,1
731400,317.57938895817614,0
731500,261.4760423301398,1
731600,196.82946036423618,1
731600,268.79039239665457,0
731600,345.12447102892327,1
731700,292.3378714505402,0
731700,282.88206423102446,1
731800,319.76577910065834,1
731800,300.1756251275106,1
731800,316.72946547856407,0
731900,245.04309305476534,1
731900,268.71662458452494,0
732000,312.3051972307425,0
732000,278.1354442473863,1
732100,224.89552306891494,1
732200,256.6703112992613,1
732400,215.42002451089394,1
732500,271.77852078800476,1
732600,455.21378508251723,1
732800,334.0222237137673,1
732800,231.9913984963703,1
733000,218.08020076530494,1
733200,238.59075418387124,0
733200,217.25816547317692,1
733200,358.94800556730905,1
733300,280.4630292295011,1
733500,247.09951397655735,1
733500,252.40343216878205,0
733500,210.22041125445188,0
733500,273.58401150250677,1
733500,278.42935187389463,1
733600,285.68729678747076,1
733700,241.72956310564143,1
733700,275.0097640224571,1
733900,339.62764746622156,0
734000,220.61451544537027,0
734000,216.0482948941987,1
734100,264.3329182700485,0
734200,281.2418019440829,0
734300,271.2774075910505,1
734300,336.7154956057733,1
734300,339.58752389250196,1
734400,237.24060379477413,0
734400,202.69087529868932,1
734500,239.02540776587824,1
734500,337.75538803003406,1
734600,231.04330271840257,1
734600,231.41055972970813,1
734800,216.8812322971374,1
734800,239.95188694841977,1
735000,271.04815139277275,1
735000,288.97054463903066,1
735000,283.2793372845621,1
735100,280.6820298967623,1
735100,331.1088622150742,1
735100,264.7735472285583,0
735100,286.68405445977976,0
735100,284.90187482715965,1
735400,260.1989328668608,0
735500,259.8310197646019,0
735600,281.2632454349661,1
735600,305.8504664060347,0
735600,216.92182787436192,1
735700,384.31688799195274,0
735700,273.55323160006196,0
735700,302.96802906141187,1
735700,281.4382911249002,0
735800,312.0563825750359,0
735900,231.35510679706928,0
735900,297.5168279610263,1
736000,305.11163825989803,1
736100,313.0483664007727,0
736100,228.05047675306713,0
736200,241.4653816332985,0
736200,282.3774534902956,0
736200,216.7957367179622,1
736200,275.0160592308206,1
736200,293.1117757008724,1
736300,217.90339267824746,1
736300,296.3320121387682,1
736300,213.63644845904528,1
736400,208.32252050668524,0
736400,355.9784219923267,1
736400,377.3404478651566,0
736400,261.34574472419723,1
736400,320.8207906465045,1
736500,320.1946116925996,1
736600,304.2929783544111,0
736600,295.4425986906993,0
736800,330.4503312304794,0
736800,343.3694903862986,1
737000,288.69947141606053,1
737000,283.10771437380447,1
737100,352.99475443176885,1
737100,338.44915320825146,0
737100,239.32766870458602,0
737100,357.4173870621405,1
737200,300.40103409590677,1
737200,333.4131550075754,1
737300,286.10769915391563,1
737300,232.00100294820032,1
737300,334.5991372258001,1
737300,293.67863327454427,0
737400,330.76167208045615,0
737500,207.43581413739636,1
737500,307.3467076444769,1
737500,276.1511124452715,0
737600,293.7829060742794,1
737600,339.9587128993558,1
737700,302.71835495761064,1
737800,357.1968315142477,1
737900,295.0578655866513,0
737900,216.16006047766658,1
738000,233.0371699258205,0
738000,329.6351314571679,0
738000,315.9695209287122,1
738100,303.0948180361171,0
738100,214.7652606457745,0
738400,369.34607863755656,0
738500,298.7710448970052,0
738600,209.76366902152458,0
738600,317.6788171506465,1
738700,260.92696746743167,0
738800,273.4709062786059,1
738800,242.7414987069634,0
738900,257.5464503125317,1
738900,279.3347458803778,1
739000,307.62660275994523,1
739000,309.512001332736,0
739200,271.4933152859702,0
739400,374.8177263816113,0
739500,189.01744580419532,0
739600,225.34407143456977,1
739600,281.5536970769023,1
739700,304.452456691087,1
739700,272.6518507899817,0
739800,309.0808318320107,0
739800,315.26264850155087,1
739900,269.61831313515637,1
739900,297.5262282963015,1
739900,280.49669203912237,0
740100,351.56872153727466,1
740200,272.37128595296855,1
740300,229.47763588899608,0
740300,225.15876949895366,0
740400,218.21298495647187,0
740400,312.82501765269564,1
740400,273.7017336543044,0
740500,412.11859150275353,1
740600,238.88584894742482,0
740600,303.30286350110595,1
740600,265.21567350779253,1
740700,314.5591348429449,1
740800,288.3358377620955,1
740800,218.7185899395214,0
740800,249.91380078206737,0
740800,299.0333038028051,1
741300,242.54429714173517,1
741400,352.34103453971494,0
741400,266.4917176998656,0
741500,282.1392933060218,0
741600,328.83167118360944,1
741600,262.84076499733555,0
741600,217.2443851984276,1
741700,275.96790828271554,1
741800,348.4977308075733,0
741800,330.6757919990672,0
742000,354.76626180266413,1
742100,297.22661585161524,0
742100,351.18239222145223,1
742100,201.9581987748184,1
742200,326.5207860031802,0
742300,276.6408439829442,1
742300,286.37917703455565,1
742400,289.68015555555843,0
742400,357.20268222974613,1
742500,309.45697055013494,0
742500,302.0309243762261,0
742700,345.0350428735404,0
742700,323.7783735453614,0
742700,317.8131169599423,0
742700,221.23266585804646,1
742700,307.5870011470845,1
742700,246.65685949702018,0
742700,227.77490715062024,1
742700,231.05410355173433,1
742800,285.69744787911367,1
742800,278.287390983034,1
742800,362.2585448371724,0
743000,286.1185062159534,1
743000,334.062339948933,0
743200,276.5380887899972,0
743200,314.7745082645448,0
743300,299.6149920262993,1
743300,361.0647511534142,1
743300,337.7621773342604,0
743300,346.0115384356547,0
743400,292.46858609862704,0
743400,322.8491518367092,1
743400,280.1994875810038,1
743500,316.2537037704822,1
743500,456.27766621556384,0
743500,302.02592088075613,0
743600,296.8248576337906,1
743700,391.5132047839532,1
743700,375.90005459232367,1
743800,377.76514554502484,0
743800,227.83454560473078,1
743800,329.7756202017611,1
743800,287.7966671805646,0
743800,330.48609126388965,0
744000,339.38658780444405,0
744200,187.72475630605578,1
744300,318.23219925058527,1
744400,271.3919888448985,1
744400,273.37927223403284,1
744400,346.0020906177386,1
744400,365.3744889894144,1
744500,292.27162264981314,1
744500,197.64149803063165,0
744600,368.73277519845993,0
744600,350.2124139362055,1
744700,220.28289095427016,1
744800,319.55197283948337,1
745000,368.73770512161974,0
745100,219.50346010226406,0
745100,301.7746914717614,1
745100,263.2516182341851,0
745200,359.6335264432735,0
745200,246.43537734169814,1
745200,305.969434983694,0
745200,222.96940848088335,1
745300,270.7088731915635,1
745400,263.52806623231965,0
745500,335.378378054073,1
745500,275.75857300433626,0
745500,292.2592576996864,0
745600,271.2087108287441,1
745700,292.78552729318164,1
745800,265.3653654678573,1
745800,245.03720728478348,1
745900,286.95017195105504,1
746000,271.5716400736732,0
746000,213.3339026207825,1
746100,275.86847453555737,1
746200,262.79151593958386,1
746200,276.65921458411304,0
746200,264.2474020093204,1
746300,368.4023562567558,1
746400,380.7632428834451,0
746500,279.39288570619885,1
746500,279.6502963178912,1
746500,396.7922425543841,1
746600,345.79400851758163,1
746600,348.9083984028455,0
746600,410.10859867859165,0
746600,291.48007893984845,0
746600,231.4478599888016,0
746600,185.4224289191778,0
746800,212.98297846477865,1
746900,171.92962225301167,0
746900,186.83362554468206,1
746900,275.0632609773049,1
747000,274.52135230063533,0
747000,265.573982849868,1
747000,211.45305774212113,1
747100,268.4813659721565,1
747300,282.17700817723,0
747300,240.15047364867982,1
747400,269.85303259292516,0
747500,252.47954330313112,1
747500,267.75169605991096,0
747600,198.0875842745691,0
747600,182.07173330140822,1
747700,274.2982319468144,0
747700,263.85794101906754,0
747700,240.00914374424096,0
747800,223.59497490234125,1
747900,255.39603085110366,0
747900,287.88490647242656,1
748000,308.16150080091427,1
748100,421.79913688302213,1
748200,279.86808934089544,1
748300,242.3485461771751,1
748300,266.6487542284755,1
748300,285.2387680253353,1
748400,281.2894439397899,1
748400,269.6775903909701,1
748500,278.2338122281758,0
748700,297.0866046022432,1
748800,196.56238108190507,1
748800,312.64485111529575,1
748900,277.6939896374037,0
748900,262.29722960353683,0
749100,350.61105668998147,0
749200,263.0481516956477,1
749300,308.57452315859155,0
749300,284.6008976670676,1
749400,267.0895138759278,1
749500,333.00537568038015,1
749600,306.76983817071874,0
749700,191.2227956114417,1
749700,227.5192130974596,1
749800,188.51003023523756,1
749800,223.28252365498608,0
749900,216.50719116869968,1
750000,328.44051036197226,1
750000,319.6528737652869,1
750000,317.81625003257824,0
750100,190.0321917046128,1
750100,237.80443122290274,1
750100,302.2666430554866,1
750100,315.3360741317524,1
750300,320.10520210372874,0
750300,202.29513727396997,1
750400,437.33790827540236,1
750500,230.7767953116084,0
750500,301.1114806052135,1
750500,391.87872099534474,1
750600,242.01774684370375,0
750600,285.269121586013,0
750600,250.84027649724032,0
750800,288.6195772867993,1
750800,331.6071434353224,1
750900,321.6226687437524,1
750900,275.0094223949326,1
750900,277.0727611532273,1
751000,201.91706570827938,0
751000,264.5161747974386,1
751100,339.42238343814347,0
751200,326.3762066011984,1
751300,264.01018588308546,1
751300,242.96032716043626,1
751400,238.01841497848065,1
751400,364.9333431547688,1
751400,190.42412751103058,1
751400,405.5994380832395,1
751400,230.4681243185418,0
751600,346.3272975792635,0
751600,315.5844872926822,0
751600,225.8605327018627,0
751700,400.8711132212762,1
751700,286.88987159219505,0
751800,374.09645075995803,0
751800,255.93942320090406,0
751900,278.1081707435296,1
752000,267.3674745876782,1
752000,383.5988525459341,1
752100,277.24439917568833,0
752100,296.1898205072387,0
752100,195.48948132442217,0
752100,228.37155630721878,0
752100,278.84494460063803,1
752200,356.31485726642927,1
752300,297.633836990414,0
752500,233.7890889729487,1
752500,372.145982842614,1
752500,242.49632206654087,0
752600,286.7571205662926,0
752600,271.67448129078514,0
752700,301.04392609438355,0
752700,279.4630530550389,1
752700,242.66824411561035,0
752800,215.9723125398866,1
752800,396.9278195829223,0
752800,416.17059566842215,1
752800,448.77772957041276,0
752900,298.0120895134272,0
752900,239.2291728953911,0
753000,333.9778788556288,1
753100,254.0792100799695,1
753100,202.6866003122725,0
753100,262.06395123859517,1
753100,280.5258321857513,1
753100,307.48041783834714,0
753200,279.23297382382714,0
753300,310.3891277864472,0
753500,331.9758951941371,0
753500,244.58407943332986,0
753500,205.26169309513756,0
753700,282.16958980476494,0
753800,246.13428105798144,0
753800,219.54277341189606,1
753800,293.1190578914553,0
753800,220.70751808615992,1
753900,277.4621641186578,0
753900,276.52450258518,0
754000,314.94890972281826,0
754100,285.89755451034245,1
754200,193.27332660863544,0
754200,285.2612463532995,0
754200,191.76273274587837,1
754200,209.75676097525,1
754300,281.65394481586145,1
754400,269.3956707456693,0
754400,274.27583087202845,1
754500,369.8052452671523,0
754500,355.6649329794211,1
754600,240.30807679294358,1
754700,255.96732027188216,1
754700,194.1507783503123,1
754700,257.621245738057,0
754700,315.05783700703137,0
754800,281.23847010801927,0
755100,428.80569686011177,0
755200,285.39538893720646,1
755200,227.57078688235367,1
755300,239.1021722271534,1
755300,220.76582602870704,0
755500,218.641673723472,0
755700,274.5322853181983,0
755700,229.23588939061923,1
755700,251.28828023237324,0
755700,292.00112621786246,1
755900,299.0692702203871,1
755900,265.9176409097219,1
755900,248.6189700721334,1
755900,249.28067503857574,1
755900,307.99637727759193,1
756000,280.7018062649589,0
756000,304.0980774580274,0
756000,251.44212336616908,0
756100,293.49093654910257,1
756100,305.52930534462826,1
756100,184.32304897461663,0
756200,290.51512729378123,1
756300,236.55074051498525,0
756400,248.02450405858437,1
756400,265.67630245554994,0
756500,224.3874134290129,1
756600,300.9927346808554,1
756600,241.79346469529546,1
756600,258.68882370760497,0
756700,247.25701900790128,1
756800,296.46394130725304,1
756900,336.8702970883444,1
756900,221.10984734809992,0
757000,243.91985652096017,0
757000,266.6734828927715,1
757100,259.9960950503945,1
757100,289.61298287651766,0
757100,278.91836127003677,0
757200,324.276257072381,1
757400,230.35162724537702,1
757400,280.45734031613415,0
757400,225.77909333757728,1
757500,313.7777190484334,1
757500,221.16091289089096,1
757500,264.0943176064244,1
757600,302.56093156823266,1
757600,274.4902405650407,1
757600,273.57269796629924,0
757600,313.4145266298381,1
757700,237.76525728918182,0
757800,295.9525072909305,0
757900,286.0546280392589,0
757900,248.13833014298535,1
758100,199.17220800138622,1
758100,272.6418766487558,0
758100,276.9041132866205,1
758100,299.38823868590254,0
758100,214.215474257691,1
758200,301.05331945686953,1
758200,265.3354869195096,1
758200,212.32110079290138,0
758200,325.6960968750284,1
758300,287.3446687524254,0
758300,291.2995157371979,0
758300,254.67123191660713,0
758400,209.55805221011622,0
758400,212.22648437771048,1
758500,221.99528866938795,1
758600,283.90785590124625,1
758700,302.1620721043191,1
758800,283.40948708165536,1
758800,217.34921680128014,0
758800,310.47682120843166,1
758800,280.0814410562092,0
758900,299.5420210807199,1
758900,232.2891348486631,0
758900,288.6269704267814,0
758900,288.0645202249196,0
759000,226.11180605880728,0
759000,205.89428293177826,1
759100,210.94930448260718,1
759100,221.29004433630098,0
759200,240.56768232041557,1
759200,287.0316320984547,1
759200,214.8687636387974,0
759300,276.6146917689985,1
759300,248.4171291307664,0
759400,301.7078765586552,0
759500,250.8982091864999,1
759500,297.22300933855206,0
759600,219.1923319624674,0
759700,260.44460025542526,1
759700,256.8919685844881,0
759800,223.3070479015125,0
759900,319.93415726611545,0
760100,225.04116828558128,1
760100,207.64033238114098,0
760100,211.2435764654653,1
760100,193.12010529414675,1
760300,318.1737921774292,0
760300,227.38950661776852,1
760300,205.96802930060946,0
760400,294.7120632692751,0
760400,227.48575839132704,1
760400,216.46295228489083,1
760400,218.82909528404883,0
760400,254.17560182988578,0
760500,376.3482443915284,1
760500,281.4884489698188,0
760500,220.33039190269636,0
760700,207.73089966290894,1
760700,272.99307148847384,1
760700,239.86241913529986,0
760700,195.9682049683665,0
760700,216.58529817691354,1
760800,275.2299386981482,0
760800,326.1608504060363,1
760900,303.4204241279619,0
760900,237.0947855395068,1
761000,224.93616773780687,1
761000,187.11393770754427,0
761200,221.27973246642784,1
761500,353.6552852320031,1
761500,225.47854819057474,1
761600,230.74825095636814,1
761600,261.17636766918105,0
761800,227.29870478537214,0
761800,229.52191574513728,1
761900,230.90386616901753,1
761900,199.5876631381216,1
762000,251.97752536893094,1
762000,209.85025178056776,1
762100,220.35022281509262,1
762100,199.12860653729243,0
762100,223.14010696379884,0
762200,267.20773921596964,0
762200,242.51228813868389,0
762400,289.66325084192925,1
762400,316.57054533863413,0
762400,327.65208511154526,1
762500,271.28457312071447,1
762500,326.6824119895893,0
762600,204.76867269069754,0
762600,218.19973482010707,0
762600,251.03340801847395,1
762600,299.578712211163,0
762600,218.67461498975763,1
762700,307.5644195938544,0
762700,316.03023602504373,1
762800,233.16515122996944,1
762900,257.11007722760417,0
763000,243.10402348254715,1
763200,249.07515898955572,1
763300,284.9386716324024,1
763400,223.87848615532766,0
763400,249.2739590218938,0
763400,219.32080365774522,1
763500,206.57080449012608,1
763500,214.04300198346573,0
763600,219.0728593806663,0
763600,229.52125493326253,0
763700,242.52572560136025,1
763700,287.2897442820142,0
763800,276.9430076607968,1
763800,282.29899920120374,1
763800,209.91369674192003,1
763900,251.45966426263084,0
763900,315.8006196158516,0
763900,233.29585280025404,1
764000,226.49163097883664,0
764000,296.0333201334791,0
764100,252.66246241427763,1
764300,303.2134486065493,0
764300,351.56497200975906,0
764300,271.15484258827405,1
764400,227.3012901274635,1
764400,301.38279288336076,0
764400,251.07893387982375,0
764500,199.93864195895367,0
764500,257.9225152379728,1
764500,359.2874595082313,1
764500,229.37547229966813,1
764600,207.08181019766698,0
764600,199.16203725701547,1
764700,206.27498846441424,0
764800,217.11437964067176,0
764800,322.4680307585368,1
764900,212.3190391168785,0
765000,209.00303914794864,0
765000,205.2065558590184,0
765000,239.76189159339216,0
765000,339.36281124663435,1
765000,308.8863823789368,1
765100,210.44020057694118,1
765100,227.8710456186689,0
765200,208.31332688042667,0
765300,329.44245403410804,1
765300,233.11407562901218,0
765300,353.8850844890991,1
765400,227.25229281528394,1
765500,238.5892141905473,0
765500,235.05823971537063,1
765500,219.5407150980336,0
765500,331.3140947823279,0
765600,240.05167343456003,0
765600,259.97007380961065,0
765700,351.3734241605181,1
765800,315.8424709838174,1
765800,423.8742416207912,0
765900,213.3838739824374,1
766000,312.7244258525029,0
766100,308.3410305293204,1
766200,222.83429569961982,0
766200,347.9705324849697,0
766300,211.3290280218683,1
766300,315.20043413241973,0
766400,217.99222383447832,1
766400,337.52023695761477,0
766400,212.90023437153846,1
766400,271.9654989624025,0
766400,286.69745574971546,0
766500,211.1080687152568,1
766600,179.3604353477458,0
766600,219.07941342015263,0
766600,354.7654700171075,1
766600,324.4019443215193,1
766600,225.7539128589612,0
766700,227.1941932014419,0
766900,219.38429193637725,0
766900,260.85984407617775,1
766900,346.5603599935743,1
767000,220.05293643085304,1
767000,238.72386143246504,0
767100,256.11470522885685,1
767100,294.67481140685817,0
767100,237.32513493080793,1
767200,251.01287168149443,1
767300,232.78777628066905,1
767400,229.52368311285358,1
767400,318.59912340147264,0
767500,208.51084884626192,1
767700,244.61385924903502,0
767800,320.87931692840914,0
767900,213.05025718222757,0
767900,215.09067115206037,0
768100,246.0978051926832,0
768100,215.0263246739758,0
768200,215.525091477212,1
768200,224.57889861355358,0
768300,236.8334449085179,1
768400,291.11332432863134,1
768400,229.65036887189171,1
768400,217.15196712007142,0
768400,301.3038324641949,1
768500,288.80182960096164,0
768500,225.8005273048867,0
768600,220.35008822919116,1
768600,339.19920398384863,1
768700,201.26673879088193,1
768800,297.063668043056,0
768800,244.10082063577823,0
768800,225.57344991574095,0
768900,238.80596022662482,0
769000,222.53403757870151,1
769000,279.6504288785586,1
769100,231.6307714467575,1
769100,237.01866247899682,0
769100,227.56151443523166,0
769200,237.92458927703277,0
769300,224.5739370123615,0
769300,439.01644604286514,0
769400,229.41106271497387,1
769400,280.7653470821278,0
769600,292.76075987994744,1
769700,230.8939993229159,1
769700,225.31340105940504,0
769800,360.27440392829214,0
769800,200.32566594208245,0
769900,238.74789587349133,1
769900,234.59919952094677,0
769900,243.1173656657002,0
770000,266.6448719978628,0
770000,249.89117862917522,1
770000,221.42870548527057,0
770000,220.6427342380934,1
770100,378.1574848684215,1
770200,293.759923678686,1
770200,225.25987295735882,0
770300,285.0967729188453,1
770300,241.1781962532667,1
770400,221.41360416079914,0
770400,249.46798494973706,1
770400,258.3622214134786,1
770500,359.3713926671543,0
770500,251.96482806628902,1
770600,229.35057395903698,1
770600,409.13686186590434,1
770600,242.28385450775593,0
770700,275.5538457023245,1
770800,239.51434281366798,0
770800,282.24182810865824,1
770800,291.79916619982816,1
770800,262.06263262998095,1
771000,214.33778778653814,1
771100,229.57080663584986,0
771100,231.11091382088492,1
771200,330.20280602048814,1
771300,270.6160421285243,0
771300,363.300251354235,0
771300,238.49098565068493,1
771300,240.05375264448097,0
771500,223.71486960567003,0
771500,241.27679600536442,0
771500,242.4544080971828,0
771600,222.19805734304248,1
771700,253.47594308607063,0
771700,231.94424411773977,1
771800,263.373680941352,1
771800,272.1591297018888,1
771800,265.80045618457393,1
771900,253.14088255348156,0
771900,238.30986776190306,1
771900,255.34742066247094,0
772000,218.82547740113537,1
772000,272.1370569442142,0
772000,297.8752035014409,1
772100,228.72408457798298,0
772100,331.5845593422918,0
772100,293.83438265181906,1
772100,228.84692617999784,0
772200,256.19695893571117,1
772300,249.35313701456627,0
772400,284.03085859770727,1
772400,306.73486173220266,1
772400,242.63281400993012,1
772500,280.9708694609137,0
772500,205.59455427174572,0
772500,251.98811223833022,0
772700,228.7369401872815,1
772800,282.3550331029751,1
772800,216.64008887522633,1
772800,249.82926298971296,1
772900,425.4415018611174,1
772900,190.55127828744028,1
772900,225.94670639189872,0
773000,244.5215296366225,1
773000,232.10136773734396,1
773000,453.7196372045882,1
773100,295.0061250998343,1
773100,217.64726073830138,1
773200,192.45883723442745,0
773300,211.08946438098488,1
773300,224.81488530805788,0
773300,232.98878922017542,1
773500,246.02421170054788,0
773500,229.56695589990346,0
773500,257.31340244531174,0
773600,226.75657235633886,0
773600,253.0956296533507,0
773600,237.6268735270678,1
773600,286.4757264985424,0
773700,259.7632285999617,1
773800,230.17712219510375,0
773800,260.8073258235743,0
774000,223.26033186496585,0
774000,226.17995862910405,0
774100,245.91565096127485,1
774100,235.41016460164118,1
774200,257.7958176715222,0
774200,243.0305157324011,1
774500,256.6940492676883,0
774600,237.9456607094924,1
774700,225.7597414702607,1
774900,274.51834816423224,0
775100,267.86454403604057,1
775200,240.40804860177786,1
775200,260.83375398723325,1
775300,216.00416888067187,0
775300,265.4366269691075,0
775300,283.20097324482873,0
775300,265.4541964810574,0
775400,279.03516551713903,0
775400,251.23149522189516,0
775400,271.1414788492393,0
775400,248.429959842751,1
775400,301.4977505406807,0
775600,291.3645549293367,1
775600,231.15534290899822,1
775700,255.98287173021504,0
775700,226.6157128949889,1
775800,271.78444607525887,1
775900,278.3054403036143,1
775900,307.67994690004986,1
776000,300.8926448823868,1
776100,304.3239773941132,0
776200,283.8376921015142,1
776200,294.82134726079136,0
776300,255.12429816998002,1
776400,225.49068121497245,0
776400,280.2708153324261,0
776400,233.97712362791052,0
776400,278.6706229597324,0
776500,254.2626827688232,0
776700,271.7463743004608,1
776700,270.24565387877493,0
776700,276.4323427687681,1
776800,232.73450505751606,1
776800,307.9194724706635,1
776800,253.33791999490774,1
776900,256.8491329655133,1
777000,256.45812672408795,1
777100,292.6586572798025,1
777100,331.9729693618036,0
777400,267.344502076158,1
777400,334.9407732351121,0
777400,288.2993996089543,1
777400,285.5833541673766,0
777400,294.070646320635,1
777500,273.6189197576168,0
777600,305.83538034772295,1
777600,317.8035978280132,0
777600,267.4659659624696,1
777600,273.49171645036785,0
777700,284.5540552379187,1
777700,229.82743350768965,0
777800,265.10358881148437,1
777800,256.44561066480895,1
777800,261.9193203283224,0
777800,379.91478063708365,1
777900,245.026602001147,0
778000,238.4131693331636,0
778000,277.1521265189011,1
778100,275.22683166643293,0
778200,387.1904412828109,1
778200,300.099173774143,0
778200,240.4753645499196,0
778300,327.0616071308809,1
778500,322.4551049894082,0
778500,310.7658111219829,0
778500,256.90613164560597,0
778500,294.27801540810077,1
778600,272.06439885104686,1
778600,300.34023044296725,0
778700,228.33617708563347,1
778700,245.83194478823705,1
778700,334.65140223183016,0
778800,295.5305994853835,0
778800,302.45024887980895,0
778900,300.01693440328165,0
778900,239.71080336922626,1
779000,230.7045572377722,1
779000,272.6898620039869,1
779000,203.99392623362732,1
779000,310.2811914116157,1
779100,361.7645425111511,1
779100,272.56201951883037,0
779200,232.38069300842344,0
779200,299.6842360461049,1
779200,271.1753610975864,1
779300,290.63593194373465,1
779400,297.9696978544847,0
779500,297.61376431692037,0
779500,271.9457370536356,0
779500,275.41315056479516,1
779600,211.39015090431937,1
779900,287.79869185436036,1
779900,384.4757505674099,0
779900,313.4032098806178,1
779900,346.5800115078746,0
780000,328.03407007695455,0
780000,266.5439636472226,0
780000,287.2040655049893,0
780100,258.056760158819,0
780100,194.954350051831,1
780200,233.46346358267587,1
780300,352.397075215938,1
780500,241.54827496555046,0
780800,278.24824111554426,0
781100,243.03937547967155,0
781100,312.7989828380185,0
781100,230.49450030784885,1
781100,198.3109695468144,1
781200,232.89208615184558,1
781300,215.0266785859422,0
781300,254.90362965504576,1
781400,237.96971784296218,1
781400,310.58066496186,0
781400,244.56277320962434,0
781500,235.50205938292737,0
781500,294.6658047198667,0
781500,302.02182876891027,0
781700,315.762521486098,0
781800,234.88024988519484,1
781800,328.8436696840803,1
781900,308.71379666405204,1
781900,283.20133042092414,1
782100,224.13411775843105,1
782100,253.67584349573286,1
782100,315.47288036178674,1
782100,334.94442690024545,0
782300,324.57158317446255,1
782400,232.39280811547516,0
782500,203.71798266273782,0
782600,291.82143173646165,0
782600,310.238103403879,1
782600,311.04768618349595,0
782700,323.8166495132172,1
782700,291.557164725135,1
782800,327.5055318284089,0
782800,252.57099868233743,0
782800,359.62293430679597,0
783000,235.18852092537605,1
783000,294.54194644354027,1
783000,312.22736861465455,1
783000,250.9655996032808,1
783100,242.27112535825475,0
783100,278.8891992015963,1
783200,223.98033321686808,0
783300,281.60837425059066,1
783300,212.264395048361,0
783300,265.9880275106868,0
783400,217.32411025129178,0
783400,239.23701242240745,1
783400,287.495501681716,1
783400,208.52591454978426,1
783500,322.8451659687484,0
783500,244.1674315342329,0
783500,343.5931643054205,0
783500,217.22831026516437,0
783500,293.3843115739925,0
783600,391.2995543881048,0
783700,278.9884639676594,1
783800,319.20548758070356,1
783800,265.78853367097867,0
783800,228.53851981630473,0
783900,255.53666560348572,0
783900,219.78259402065459,1
783900,427.89797956333257,1
783900,314.55696611319087,0
783900,253.40098646572417,0
784000,305.89344235541864,0
784100,213.23827824598987,0
784200,241.36209954935887,1
784300,319.0683502321857,1
784300,208.18526541512225,0
784300,290.73450941761337,1
784400,244.21673115429158,0
784500,280.59365601844115,1
784600,347.01095052445817,0
784600,293.7333011757047,0
784700,256.35099872975115,1
784700,314.0053908936376,1
784700,272.8446900217753,0
784800,330.3371568805006,1
784800,241.88412822574574,1
784900,310.9241631268289,1
784900,356.84215600910665,0
784900,242.4847144978919,1
785000,367.36393871610676,0
785000,257.95111847441206,0
785100,295.20846205288154,1
785100,292.4276102649975,0
785100,387.4633839376268,0
785200,246.06135779689137,0
785200,255.734221314911,0
785200,261.69414751897466,1
785200,249.24938705051287,0
785300,249.14168234989185,1
785400,199.852447040888,0
785400,318.29456614495007,0
785500,298.1412052361709,1
785500,313.2660936427944,0
785500,230.54201459231226,1
785600,401.53663847537507,0
785600,221.6822292986201,1
785700,218.2769911330061,0
785800,337.8288178795565,1
785900,424.4052317697473,1
786000,217.8551970538111,0
786000,271.7687041846838,1
786000,294.14059836321354,0
786000,209.06778340486647,1
786000,233.10902484465953,0
786100,237.9943085585815,0
786100,308.2646061681112,0
786100,196.34279485900424,0
786200,236.0695226866282,0
786200,241.22505502350083,0
786200,229.6810815894489,0
786300,228.79845705440297,1
786500,214.55337500315693,1
786500,210.31946243591315,0
786500,212.28900439401758,1
786500,240.46927953682197,1
786900,244.57753816432302,1
786900,213.97758868014722,0
787000,241.3339394069545,0
787000,299.80210854113835,1
787200,229.27341562817057,1
787200,238.36536291724974,0
787300,287.8286453539684,1
787300,203.36875461150436,0
787300,249.78516708981735,0
787400,213.96231772019104,0
787400,203.801742156025,1
787400,225.06180275516846,0
787600,223.19802724198124,1
787600,233.8026470700662,1
787600,282.44359133050847,0
787600,250.5084928675441,1
787600,225.31609762766345,0
787600,248.2823955761948,1
787700,257.83405985918426,0
787800,202.24698006685097,1
787900,237.6475550743595,0
788000,249.73778812751326,1
788100,255.3698230342648,0
788100,221.654665196618,1
788200,222.707871138351,1
788200,210.2025222694933,1
788200,247.02782697339038,0
788300,220.90600152874006,1
788300,234.1204090240854,1
788400,254.05475651889142,1
788500,255.4683719427423,1
788500,220.0083079296128,1
788500,197.76688442342297,1
788500,215.78137870183417,1
788500,218.1413751638972,1
788500,249.26984817241365,1
788600,200.17537114927953,0
788600,260.46234892798407,0
788700,226.1464764223566,1
788700,260.22527171741194,0
788700,238.97294695646514,1
788700,294.8399289061427,0
788800,264.040241585795,0
788800,275.25651592866103,1
788900,229.5374401752747,1
789000,263.29828938144004,0
789200,239.88811796354494,1
789300,230.48857452363472,1
789400,248.20282669084582,0
789500,268.4674209259208,0
789500,223.67277610907516,1
789600,241.38211653837251,1
789600,291.38823562185837,1
789600,281.2402422307282,1
789600,274.37204639653976,1
789700,254.99965651493844,1
789900,254.301657852862,1
790200,346.1877064375796,0
790300,261.4345897852223,1
790300,239.11027829928463,0
790400,278.5852621922662,1
790400,221.70688048906226,0
790500,225.3655817135923,1
790500,252.69833396727208,1
790600,278.35923357607356,1
790700,279.7027300345788,1
790800,270.6019577323409,0
791000,283.0212232237203,0
791000,265.4860674065081,0
791100,272.7645581609793,0
791200,319.37885013359863,0
791200,272.5735892532432,0
791300,295.4511417005934,1
791300,320.9581863703729,1
791300,297.50211374489436,0
791300,305.26446525754585,0
791300,324.7497888190122,1
791400,272.06098714775277,0
791400,264.6492522324884,0
791500,270.2365193287363,1
791500,256.96177996408903,1
791500,297.3146489417166,1
791700,278.79474346775424,1
791700,332.9656389942708,0
791800,288.87056201223237,1
791800,291.8443293661215,0
791800,290.8463301112779,0
791900,286.7809922139542,1
791900,283.6683655534909,1
792200,341.4232336716416,0
792300,295.0973732517477,1
792300,299.02832643388774,1
792400,292.7931401551584,0
792400,319.8486969526882,1
792400,294.55020682932206,1
792400,275.4692105262218,1
792400,316.9774377231271,0
792600,263.7391312750908,0
792600,364.1170714480011,1
792700,292.0603026643785,0
792900,272.69820090150705,1
792900,272.4626076122127,0
792900,278.27638541717533,1
792900,321.1741077848681,1
793000,293.4509622114397,0
793000,278.6759353627726,0
793100,250.80289029187378,1
793100,271.22142260118505,1
793100,266.3170647915871,1
793100,301.40939771905676,1
793200,425.6175618115064,1
793200,244.84046654201066,0
793200,266.2182304900932,1
793300,278.53476568286743,0
793400,290.88871075335527,1
793400,283.6647591245896,1
793400,297.65300899186707,1
793400,292.59494169174985,1
793500,260.32340581875195,0
793500,260.3770030553658,1
793600,293.96229802441786,0
793600,297.5605029288967,1
794000,294.192810878411,0
794000,280.76478197962064,0
794000,272.49400385389856,1
794000,256.33875620321396,1
794000,265.5957469121997,1
794100,278.780270819575,1
794100,267.20229418199284,1
794100,228.47020324643523,1
794100,279.11256747261655,1
794100,290.84759106766256,0
794100,253.5826661745104,0
794200,304.17383638619606,1
794200,390.72885795361714,0
794200,264.26857447549787,1
794300,291.0976305905837,1
794300,282.9715163518437,0
794400,264.82041504763856,0
794600,311.39780111625237,0
794700,301.5452241641145,0
794700,325.2247262765752,1
794800,265.6257408805592,0
794800,304.7774251304204,1
794900,387.0657005471997,1
795000,268.61905339319634,1
795100,281.62602383603394,0
795200,268.95762347492223,1
795200,242.9863168590036,0
795500,292.40998942660565,1
795500,284.00639185555235,0
795500,346.94859836583544,0
795600,353.7805018613764,0
795700,260.4373953817772,1
795700,368.42461815179973,0
795800,261.1261279040258,0
795800,337.4676542086426,0
795900,318.97189637922094,0
796000,302.1570964044019,1
796100,279.8796004403626,1
796200,340.67696118656266,0
796200,271.93265897049673,1
796300,302.5392415811443,0
796300,305.6881352809128,0
796600,298.63246532048254,1
796800,268.01407981220547,1
796800,263.5443126718799,1
796800,259.7545378111256,1
796800,278.1999309929488,1
797000,250.39912037992286,1
797000,310.0398379311775,0
797100,292.37981808059794,1
797100,212.63711526574704,1
797100,301.7246294729701,0
797200,262.56081414911284,0
797300,257.71604719404894,0
797400,308.62616999122497,1
797500,301.42891120893006,1
797500,247.41185989459075,0
797500,297.2643163982303,1
797600,260.048477427788,0
797600,314.58611927150383,1
797700,297.78708522849536,1
797700,327.46902231336554,0
797800,290.67659378816654,1
797900,310.468527605035,0
797900,265.85709355264817,0
798200,283.31663703624173,1
798200,359.2558817721365,0
798200,312.6240683624958,0
798200,353.1448753700189,1
798300,254.967420442581,0
798300,287.4995553499883,1
798400,282.83745990387644,0
798500,374.85125271323767,1
798500,347.8431753238017,0
798600,299.9746114894271,0
798700,315.5142551104834,0
798700,249.82963604750253,0
798800,181.53125073341388,0
798800,290.5296307974249,1
798900,197.05778135075306,0
798900,272.2868687670555,1
799000,302.8759505741316,0
799000,191.2183145035077,0
799000,365.94484388131684,0
799100,300.7125926374661,1
799100,287.46783221175764,0
799200,288.59138862616254,1
799200,212.80002078225897,1
799200,338.6710057029284,0
799200,295.4806802658586,1
799300,176.77538426926495,0
799400,336.43481170417016,1
799400,302.20683264395416,0
799400,308.1840667983283,1
799500,310.9911919063978,0
799500,297.20911561313966,0
799500,291.77618982584744,0
799500,297.1795916736871,0
799600,335.3475257151036,0
799700,271.38638591505423,1
799700,304.3255898981466,1
799700,234.93350925267686,0
799800,280.8641697305769,1
799800,337.5245718836802,1
799800,332.19601826757713,1
799900,326.3386319528715,0
799900,274.21308043721183,1
799900,290.0836378272765,0
800000,200.53922609675882,1
800000,204.5561166779341,1
800000,258.87792771788645,0
800100,302.8034204154515,0
800100,297.2218357715893,1
800100,356.8016729771143,0
800200,222.081603629405,1
800200,248.02836642860183,0
800200,307.2687707254346,0
800200,298.9449270763931,1
800200,299.4117118903917,1
800200,258.2400878532568,0
800200,308.0596622160735,0
800400,299.05766715776906,0
800400,315.6735192019951,1
800400,229.84388324829538,0
800400,375.8907342871984,1
800500,318.482280660916,0
800500,202.7929967679956,1
800500,267.9790766127992,0
800600,211.64907964442,1
800600,317.0320667081812,1
800800,324.7242411002115,0
800900,263.84703719587475,0
801000,200.17083180913673,0
801000,349.58329986634226,0
801100,290.125602344275,1
801100,236.99663371402087,1
801200,210.55976190479345,0
801300,185.83435281704652,1
801300,242.4991891899687,1
801300,269.51807196679385,0
801300,218.1345416811535,1
801400,137.42811098636153,0
801500,260.5476036911071,0
801500,302.7787523025277,0
801600,229.9157485208585,0
801600,206.81570434087544,1
801900,206.5796254367057,0
801900,286.15319912847025,0
802000,175.29280294933477,1
802000,159.09911897954225,1
802000,215.85244986218763,0
802000,208.3760289947555,0
802000,225.5815973549062,0
802100,255.29743654668545,0
802200,312.21374714083123,1
802200,248.00749759192996,1
802200,180.77164272088345,0
802300,228.10384665274023,1
802300,170.02583346674845,0
802300,265.22826310339536,0
802500,271.24929729916374,1
802500,202.29534872389166,0
802600,249.06587323965684,1
802800,240.6607051850599,0
802800,427.2783540886148,0
802800,222.55424603358813,0
802800,272.0107834584738,0
802900,205.80458046559187,0
802900,229.23241121868153,0
803000,249.35469700195236,0
803100,205.98891676891728,1
803300,282.84190043720923,0
803300,269.2649914170399,0
803400,272.42328926634735,0
803400,203.66527374386123,0
803700,235.46225496813474,1
803700,240.9697528084629,0
803700,232.02668019782266,0
803800,257.37519738681954,0
803900,216.11170459408294,0
804000,231.92321134961506,0
804100,266.2986720111257,1
804200,248.99753998123697,1
804200,338.30145415389967,1
804300,271.68378854906035,1
804400,257.3155405078573,0
804500,266.4919940974449,1
804600,261.85871256006965,1
804700,264.4611502318889,0
804800,223.54903552806357,1
804800,289.3103970107158,0
804800,261.6453847483195,1
804900,257.3896632638312,0
805200,272.4227510247536,0
805200,271.64149190337315,0
805300,301.60730606311154,1
805300,263.69895760353273,1
805300,269.9401156540893,0
805300,287.0981724132342,0
805300,292.7400664379805,1
805400,273.5501803885674,0
805500,262.08566328675926,0
805500,305.7087021408212,1
805600,261.1365248712371,0
805700,241.40035488850387,1
805700,265.0786393016559,1
805700,280.66643218845957,1
805800,287.8916347456406,0
805800,286.77309850588284,0
805800,278.4397796429253,1
805800,257.0705779721988,1
806000,279.16402907263165,1
806000,359.9824840952267,1
806100,292.76109016741,0
806100,288.14023366039714,1
806200,341.1894286712305,0
806200,236.16516822564876,1
806300,322.4749879716208,1
806400,224.1917556840194,0
806400,256.0037570855232,1
806400,312.01702665603733,1
806600,279.14891088737926,0
806700,319.5629555155745,0
806700,277.79847110783027,1
806800,289.5046667699599,0
806800,318.99097639347485,1
806900,330.4436546567129,1
807000,286.1302355630806,0
807000,361.7563221548057,0
807100,379.5655303288065,0
807200,274.3947596680534,0
807400,302.1312191954281,1
807400,387.29460596865226,0
807400,351.9427673121699,1
807400,290.9626134479003,1
807400,269.9234078478603,0
807500,275.2697556977677,1
807600,360.2726123413161,1
807600,276.0593964602182,1
807600,298.2755478421777,1
807700,369.6273620075331,1
807700,271.11380113425366,1
807800,273.17840659612926,0
807800,279.17415778695363,0
807800,322.68313913858174,0
807800,331.66265424879856,0
807900,292.7270138726626,0
808000,374.2016883247825,0
808000,370.23045993445555,0
808000,280.76311194539556,1
808100,297.52445620627975,1
808200,260.38589912527334,1
808200,270.45883396106115,0
808300,336.32264607308923,1
808400,425.71142720940713,1
808500,297.91721204378183,1
808500,305.0876040823768,0
808600,337.03254645742965,1
808600,230.45990844861296,0
808700,362.97327266885094,0
808800,270.73579402585665,1
808900,283.06969198787857,0
808900,306.11838741694925,1
809000,288.3293566369966,1
809000,304.48176391934993,1
809000,307.2544449595442,0
809100,438.3103229213377,1
809300,220.96877483981254,1
809500,360.9045577904161,0
809500,231.33402754889892,0
809500,301.780080588388,1
809600,291.2768795232089,0
809900,344.04446433841815,1
810000,271.01752619542765,0
810000,290.861381303188,1
810100,307.47110950597386,0
810200,311.7073495879193,0
810200,321.1582928262214,0
810300,281.71141026336187,1
810300,396.81728939744636,0
810300,221.42857256799297,1
810500,253.72063311271455,0
810500,228.12951954546054,1
810600,315.59300542719416,0
810700,386.7843743130427,1
810700,342.95003600053553,1
810700,370.3815963160967,0
810800,403.58967074212035,1
810800,272.32927525971155,0
810900,253.3597888192858,1
810900,273.538236698336,0
811000,276.0324500133853,1
811000,327.3794961955271,1
811000,274.4237120433049,0
811100,380.39778280970853,0
811200,235.52319116843015,0
811200,313.06594199445414,0
811300,272.4784535486386,1
811300,268.13492534170535,1
811300,231.2351004043877,1
811400,281.6118494765576,1
811400,282.90109932707827,1
811400,260.9223052667951,1
811500,283.1687960998707,0
811500,267.27291562790566,1
811600,264.34393950199757,1
811600,255.77839456427338,1
811600,367.4570335928154,0
811600,271.6729423385672,0
811700,359.2786046111093,1
811800,245.75811973276865,0
811800,256.10256407556375,0
811800,334.8782436558418,1
811800,345.75385355095807,1
811800,336.84481563530375,0
812000,483.9468111830126,1
812000,253.40434744146617,1
812000,344.3626198860167,0
812100,268.0015149748682,0
812200,224.99614611797142,0
812300,251.74521375007058,0
812300,258.34500894428936,0
812400,306.94306483663297,0
812400,306.8550205503689,0
812500,268.9506600633118,1
812500,360.67655033013233,1
812600,233.47222762758648,1
812600,253.67412945475576,0
812700,274.8266612036825,0
812900,301.3223556344464,0
812900,543.6641883367871,0
813000,247.58837303715933,0
813100,280.67792689374716,1
813100,320.9368533463681,1
813100,272.1657713374776,1
813100,245.73054830086673,0
813200,365.92684295945605,0
813300,262.12406521431353,1
813300,269.95111358340614,1
813400,279.31072580446664,1
813400,255.83022483589917,0
813500,409.35895926511506,1
813600,248.70345594203351,0
813600,283.6099643044926,1
813600,257.5286781517321,0
813600,232.52263413389747,1
813700,248.07745379523467,0
813700,272.71200498181713,1
813700,256.73395646669024,1
813800,304.5051328733214,0
813900,254.11936684910592,0
813900,303.5768971991205,0
814000,303.8238823218873,1
814000,328.2617837545716,1
814100,261.0647522093069,0
814100,252.3363689963931,1
814100,325.9150199141718,1
814100,258.48374650727976,0
814300,280.5885350754905,0
814300,312.86893105782576,1
814300,283.2064135066177,1
814400,263.90917319020065,1
814400,342.7084308110978,0
814400,358.6899361083453,0
814500,238.77328232934244,0
814600,276.2770731592232,1
814600,273.770524679812,0
814800,256.6929760641208,0
814900,276.4175217339924,1
814900,255.4503568720302,1
814900,226.09791363615255,0
815000,231.7810936643904,0
815100,238.2320258744557,0
815200,251.85947121587475,1
815200,253.58307668448114,1
815200,152.11722227398593,0
815300,408.25951139697577,0
815300,254.74830969387347,1
815300,226.36499549835509,1
815400,224.71836929506904,0
815500,221.59046466454404,1
815600,240.30657640684495,1
815800,256.1930222684724,1
816000,237.35079275142976,1
816000,227.74934976057327,1
816000,260.88472460796413,1
816100,213.81726630573746,0
816100,328.4240545124801,0
816100,277.608114462857,1
816200,224.8204050523717,0
816200,265.29420603805386,0
816200,258.36821826040256,1
816300,248.33388509130364,1
816300,246.24839606871723,1
816300,310.25304522419947,0
816300,233.48100650373294,1
816400,259.1310175960178,1
816400,280.6474219192834,0
816400,241.3861031715023,1
816400,259.5209679707828,0
816500,226.31665116773135,0
816500,253.30063284029927,0
816500,315.9267673824739,1
816600,249.24953020722714,1
816700,284.37952365700767,0
816800,265.88721895448276,1
816900,234.85469172418294,0
816900,291.86471333065634,1
817000,267.37475125568017,1
817000,252.89831742866963,0
817000,239.4742951442283,1
817100,295.37692785558494,0
817100,265.5217333984319,1
817100,241.71685797135734,1
817100,335.8907079191715,1
817100,220.87596845722035,1
817200,264.9326961996144,1
817200,255.0308381043336,1
817200,233.41588146008496,1
817200,231.0924167156495,1
817300,237.21608558494296,0
817300,282.8549564986536,1
817400,247.80189222176884,0
817500,285.7278928905297,1
817700,240.93720767028952,1
817800,264.3672047147957,1
818100,259.00096948007405,1
818100,256.4801831403148,1
818300,258.6469306769754,1
818300,312.55478563772016,0
818400,266.4752400151811,1
818400,271.36418462100943,0
818500,312.45179985146876,1
818500,230.31287674536955,0
818500,289.76246940150554,1
818500,251.7281162948388,0
818600,270.3024131829351,0
818600,249.52094531084225,1
818700,246.00053497127902,0
818700,244.22131974229322,0
818700,253.8998775723306,1
818800,269.5406576099709,0
818800,227.91040812988211,1
818800,264.85856810068964,1
818800,255.26975306550565,1
819000,242.1110878401628,1
819000,265.19470924635834,0
819000,234.23036927476468,0
819100,254.58174100980554,1
819100,254.49515952843828,1
819100,261.23709384983425,0
819200,275.9805413589707,1
819200,250.91850988202862,0
819200,237.44774217428593,1
819300,276.14405731285666,0
819400,259.9032482469386,1
819400,262.4757237197592,0
819400,238.76188897771684,1
819500,247.30445064681203,1
819500,252.3053568841965,1
819600,245.54040840395155,1
819700,269.4575974479397,1
819900,274.79932928627665,0
819900,239.40204089957606,0
820000,243.86578749984227,0
820000,243.878471055141,1
820100,242.37005780299796,0
820200,350.725402190478,0
820200,354.8793196843403,1
820300,263.88946869644553,0
820300,301.01196507415557,1
820400,235.672761750955,0
820400,258.8544258648138,1
820400,252.11708801968814,1
820500,255.8689155950179,1
820600,266.946172119642,1
820600,261.12488647791326,0
820700,271.1642070824908,0
820900,272.0117505186685,0
821000,257.4550049854277,1
821000,266.4163545070004,1
821000,242.49414240354326,1
821100,248.43649412195083,1
821100,235.6007051658972,0
821300,247.53796427967237,1
821300,245.96059678052757,1
821300,247.7114194910333,1
821300,254.44843833660585,1
821300,332.76022917123873,0
821400,268.90179499779697,1
821400,236.52524889019682,1
821500,253.0508117635492,0
821500,264.36239091468065,1
821500,257.3742241063007,1
821500,251.7134171223471,1
821600,269.08688185644746,1
821600,249.81162664135013,0
821600,352.7965488346585,0
821700,264.74698350731745,0
821700,215.06211580548666,1
821700,259.6272068270218,0
821800,234.40052628174024,0
821900,263.2037014159659,0
822000,288.8415290836501,0
822000,234.69987525214177,1
822100,276.8782620245543,0
822100,269.43849450584105,1
822200,259.082003592635,1
822300,296.34940940257985,1
822300,266.1318036356055,1
822400,277.0496121091394,0
822400,269.9701660244097,1
822500,254.7514881868546,1
822500,265.97247177745965,1
822500,266.6186402209961,0
822600,253.5143158787872,1
822600,277.33235905520365,0
822600,262.17323926535863,1
822600,274.8150508338078,0
822700,276.3180591673396,0
822700,254.94331027611003,1
822700,277.47013115969776,0
822800,275.4861401097248,1
823100,298.8702181790862,1
823300,251.28003605870268,1
823500,261.9989317691761,0
823500,235.28908921786092,1
823800,308.3784982802912,0
823800,301.2236179113091,1
823900,236.43961135403558,1
824000,293.4514790500876,1
824000,270.03542288454344,1
824000,286.6940421993661,1
824000,271.88622936347224,0
824100,285.56136600304535,1
824100,272.19057580947344,0
824100,262.66154106166493,0
824100,259.0998680863959,0
824200,266.80470769232585,1
824400,262.34974283727655,0
824400,284.69141441555945,1
824400,283.0410672349683,1
824600,255.57638020107223,0
824700,286.67816632362985,1
824800,301.7315360899145,0
824800,267.1777466171744,0
824900,130.49897748196827,1
825000,295.64013705534126,0
825100,291.93160184857123,1
825200,279.4601448811452,1
825200,348.8789520717095,0
825500,306.17771381757564,1
825900,321.2430320463408,1
825900,263.9683998742974,0
826000,347.6346953919284,1
826100,295.31334661610697,1
826100,322.57094345537394,0
826300,345.9163181597368,1
826300,323.69119080243667,0
826700,387.2420344648606,1
827000,334.57281905545295,1
827300,346.9358610451837,1
827400,314.7783026454694,1
827400,458.9534291458842,0
827500,409.3920320671835,0
827500,372.42633077569144,0
827600,322.8703268064802,1
827800,378.67114529062735,1
827800,475.35815944045635,1
827900,380.74837833320214,0
828000,350.6124193768957,1
828200,401.2604935672787,1
828200,379.19691805971155,0
828200,335.80194639177324,1
828300,324.7446759130136,1
828300,342.04766823437336,1
828400,303.1662906145129,0
828500,323.65533702426677,1
828600,328.1379169241886,1
828700,397.17901229900576,1
828700,306.08467759788977,1
828800,308.07569283126645,1
828800,350.81090529507696,1
828800,482.85280747846303,0
828900,389.044588408899,1
829000,390.4951202321859,0
829000,322.7467597605192,0
829000,302.9703955671573,1
829000,316.9306801148835,1
829000,452.17696246181293,0
829100,547.7541787525657,1
829100,330.5933827865474,0
829200,247.84044150827765,1
829200,410.77317276738495,1
829300,294.2885782221387,1
829400,437.9166840525018,0
829400,342.499049620372,1
829400,401.1079134565362,1
829400,330.45930718889554,0
829500,393.1836584121237,1
829500,396.1121838429517,1
829500,314.5036083493735,1
829600,371.60077267844935,0
829700,418.0466629514987,0
829700,305.4081535550539,1
829900,379.6529610587461,1
829900,459.55635673186157,1
830000,343.9988304057629,1
830100,302.85174704905035,0
830200,427.4222944305008,1
830200,392.0172248488597,0
830300,443.28220061646886,1
830300,467.545793849035,1
830500,491.257823625573,1
830500,320.6318223125492,0
830500,462.3385714436361,0
830600,306.4568010059175,1
830600,318.01174166497805,1
830700,428.96029353972915,1
830800,332.60780994204345,1
830800,292.964704716924,0
830800,518.8347796967884,1
830800,396.9404390420376,0
830800,359.1273157370445,1
830900,348.876620595219,0
830900,291.25506683930075,1
830900,319.1562486984616,0
830900,323.40652217610193,0
830900,530.6715264259061,0
831000,416.09118253295327,1
831100,447.3602932961176,0
831200,372.3569414842577,1
831200,254.94729080537186,0
831200,496.832859392034,1
831200,354.0408624651806,1
831300,344.6502877658188,1
831300,420.46215382850613,0
831400,324.81356931820625,1
831600,518.2710087867544,1
831700,277.90188869429966,0
831700,399.6233465062336,0
831800,294.140584785699,1
831800,274.8453318939768,1
831900,320.9330930624377,0
832000,397.96657970274913,1
832100,135.59831800702767,1
832200,353.6679450022827,0
832300,371.2175980542967,0
832300,307.14850815667415,1
832400,382.6948277658342,1
832400,419.4946309536012,0
832500,274.8932893441941,1
832500,137.64026328150896,0
832600,144.12438605667228,1
832700,624.06464745727,0
832800,265.8052168336745,1
832800,402.8478449885361,0
833000,315.3271195142173,0
833200,590.6252465523279,1
833200,285.9498304286272,1
833300,471.49209707363053,0
833400,291.8410007888391,0
833400,261.3709107965361,1
833500,287.61148876835915,0
833600,205.72335905743697,1
833600,425.18505897615916,1
833600,269.1335311647112,1
833800,411.05427087788206,0
834000,291.19330333788656,0
834000,302.55317404310455,1
834000,140.05744602269345,0
834000,318.44560415067536,0
834000,331.36997200200636,0
834100,313.42998384195226,1
834200,289.8574100070631,0
834300,350.1930118472427,0
834400,595.6422684303998,0
834500,291.6436867209728,1
834700,299.57644293123764,0
834900,273.06450778623633,1
835000,258.1474339961682,1
835000,133.78181694552268,1
835100,455.80836035968775,0
835300,350.5718814407631,1
835500,327.78117448420966,0
835600,259.5083417271778,1
835800,243.06803256271814,1
835800,312.00079993939494,1
835900,281.77580608698787,1
836000,345.0046732141655,1
836000,297.17766896835036,0
836100,333.7748264264132,1
836100,360.65180408732243,0
836300,640.1689618415479,0
836300,348.7999431725952,1
836400,284.224737201491,1
836400,325.3947771618901,0
836500,299.5594326091447,1
836500,286.8011144816925,1
836500,301.5811277217341,0
836500,258.675748678219,1
836600,369.73070713892236,1
836600,274.129380151928,0
836700,369.5524323409453,1
836700,348.9298188347313,1
836800,149.1118139663757,1
836900,424.6199474403236,1
837000,297.0770788254798,1
837000,264.4667539789562,0
837000,320.50251035538366,1
837100,398.74463102815446,1
837100,267.12865017982585,0
837200,325.40357042572066,0
837200,339.29525277006684,1
837300,321.9182282428145,1
837400,473.0838541709773,0
837500,436.86860160137263,1
837500,419.5756250029535,1
837500,356.03120591153726,0
837600,325.8275998614984,0
837600,327.282805008633,1
837600,294.9212430901144,0
837700,342.2510386075945,0
837700,292.9421410874223,1
837800,409.1015933952478,0
837800,450.4711587501093,1
838100,340.1389278719421,0
838100,479.56584311660566,0
838200,339.36843993522285,1
838300,454.8481795834016,0
838300,356.5040377639244,0
838400,454.22967081148096,1
838400,344.74162019924205,0
838400,490.52137799080765,0
838400,328.6565809374122,0
838500,338.5074466004393,1
838600,281.0930261869938,0
838600,303.8425913640814,0
838700,410.24997958126175,0
838700,531.0458245552256,1
838800,303.9705506789781,1
838800,292.76987642304744,0
838900,362.9194201566599,0
839000,270.6679403079539,1
839200,531.8049739388246,1
839200,250.15476533362556,1
839200,363.8975611836547,1
839500,292.9097583750658,0
839600,244.8630989436936,1
839700,265.30577397117827,0
839700,290.6406558088066,1
839700,361.14622369249446,0
839700,344.31617115585726,1
839800,385.4661778059788,0
839900,337.4594515972537,0
839900,520.6219273022821,0
840000,590.9946963935515,0
840000,496.2011932894133,0
840100,374.5198435159179,1
840100,289.7981772800418,0
840100,308.35486447392714,1
840200,269.46779200596745,1
840300,394.1924066396533,0
840400,301.4050212706177,1
840500,410.840156064584,0
840500,396.5915856213079,0
840500,498.6234027265113,0
840600,280.6185790857232,0
840600,320.2095259311319,1
840700,338.1570044379922,1
840700,370.06320875737623,0
840700,335.84710819100025,1
840700,360.08814110066317,1
841000,391.62472112823986,0
841100,260.6986504415466,0
841200,264.2249831727645,0
841200,311.9002669729547,0
841300,323.83613073288865,1
841700,383.5106084514876,0
841700,283.52290062126167,1
841700,245.85850037367322,0
841800,324.26691177261705,1
841800,300.78628972146595,0
841900,271.3696322830994,0
842000,262.9224320666686,1
842000,281.64613448583515,1
842000,323.09119106440465,0
842100,429.8586757071315,0
842100,398.77774723471066,1
842200,240.1069599707641,1
842200,282.7709196463807,0
842200,309.98666323116316,0
842400,269.06829453788396,1
842500,249.91991747591152,1
842500,214.47717515077812,0
842500,311.8311747169921,1
842600,249.73101881082695,0
842600,288.5666255955643,0
842800,307.72028157240953,1
842800,315.59767155547695,0
843000,289.2005009127851,1
843100,261.19406030799877,0
843100,335.9912075850318,0
843200,285.8986580277218,1
843200,280.70782550399514,0
843300,345.48612943193024,0
843300,391.6347655092306,1
843400,345.72737516471943,0
843500,324.3240337722981,1
843700,548.089019666111,1
843800,336.46063183541514,0
843800,253.25347129536743,1
843900,284.9103732118314,1
844000,272.72072846955945,0
844100,244.84646788640043,0
844200,292.4397747681,0
844200,444.19895050042095,1
844200,287.9499315521869,0
844200,260.1951911748305,0
844200,289.8706225271067,0
844300,339.0695744063351,1
844400,314.4665707795099,0
844400,364.23879016444204,0
844400,303.2609692583525,1
844400,290.1871077675393,0
844500,345.9938942880173,0
844500,285.8319177276946,1
844600,347.0345859707697,0
844600,426.98154566913087,1
844600,222.46407097176188,1
844700,291.5110639242995,1
844800,363.785306105822,1
844800,322.2610537449956,1
844900,254.56351750589684,1
845000,288.79024038029416,1
845100,342.99204203201776,1
845300,416.54774068533834,0
845300,459.0871165439307,1
845300,280.63216433358707,1
845400,309.87971350803474,1
845400,268.86444198973663,1
845400,265.52942826828706,1
845500,232.0113192876521,1
845600,301.46956802012824,0
845700,427.68207704242167,1
845700,260.2973109311183,1
845800,300.72077818098165,0
845800,305.70194849577325,1
846000,229.49470807924476,0
846200,277.17660170255283,0
846200,377.6068137808279,1
846300,280.64626908729844,0
846400,226.67333259821177,0
846400,311.95111964164573,0
846400,332.09357936086525,1
846400,289.3282438820405,0
846400,298.63521391576063,0
846400,513.2840669689587,0
846600,329.97507700801316,1
846600,246.0526683945302,0
846600,302.23504122633716,1
846600,449.3598299071262,0
846600,275.0851138079524,0
846700,386.28065273437886,1
846700,341.2139623371535,0
846800,322.11422645028506,0
846900,770.6807273996336,0
846900,351.3002259055305,0
846900,244.67538327066796,0
847000,351.7334641720442,0
847300,274.2850160563153,1
847300,247.17200219956825,0
847400,272.9256894360734,1
847500,241.09472064875064,1
847500,312.3495919587201,1
847600,346.5289389204837,0
847700,279.16801464318405,0
847700,280.55949490965327,1
847700,359.4653472864072,1
847800,286.1061570149947,0
847800,451.3853018204981,1
847900,254.07137828836426,0
848000,280.1878577577961,0
848000,222.12093185714068,1
848000,568.0894071536796,0
848100,856.4931237826019,1
848100,303.2152145230571,1
848100,296.1918411056923,1
848100,262.39314506227754,1
848200,278.3714318407306,0
848300,287.64458444254416,0
848300,240.54401732279305,1
848500,264.508084144483,0
848600,198.08674446234798,0
848600,246.40703450377063,1
848600,247.29961548886493,1
848700,338.9605268554952,1
848700,307.40013790358756,0
848700,244.40984128480207,1
848900,384.6620063419518,0
848900,249.57899461393413,1
848900,267.9634668918585,1
849000,225.5081276032986,0
849200,215.4716779160179,1
849200,327.9747489176911,0
849200,145.6139941485278,1
849200,247.79238210517755,1
849400,273.401330683356,0
849400,346.47791525150603,1
849600,308.3983765090252,1
849700,282.76609652717536,0
849700,149.6701509628402,1
849700,248.5137497121558,1
849700,267.995686163451,1
849700,384.34542605351,1
849800,190.91508702701455,0
849800,260.23745362538114,1
849900,261.4480242278154,1
850000,149.9663017560946,1
850100,274.75145372530227,0
850100,300.09258019699723,0
850100,460.21133939789814,0
850200,407.8476444928196,0
850400,231.02739899328574,1
850500,245.40487677577673,0
850500,603.8966195911537,0
850700,303.7956029034722,1
850900,253.93033318076627,0
851100,287.6223373624613,1
851100,224.51854354156762,0
851300,221.60108059713752,1
851400,362.71529101001374,0
851400,372.47497511956703,0
851500,306.78379080359895,0
851700,345.2909069768445,1
851700,339.50203764712154,0
851700,303.86553482170393,0
851900,253.42587171854655,0
852000,403.1165547049497,1
852000,347.1174468649191,1
852100,335.31387070028336,1
852100,286.7943985341143,0
852100,252.3719033595013,1
852100,221.23836845505596,0
852100,268.5733743444289,1
852100,274.2583304409136,0
852300,262.145561705949,0
852400,289.51342558649,0
852500,223.77731048245448,1
852500,356.3984384928788,0
852500,390.16435240520167,1
852600,315.62055960668783,1
852600,333.38460597428394,0
852600,207.17030256058814,1
852600,486.09459385199835,1
852700,420.27820002502216,1
852800,224.83302204664847,1
852900,238.16814765311403,0
852900,271.8848201000285,1
853000,319.89713811614325,0
853000,351.1639048246327,0
853000,302.4773712948111,0
853000,689.1390545414595,1
853000,271.88214767102903,1
853200,264.9022981674161,0
853500,530.4004342605919,0
853500,355.6919047390574,1
853500,226.16102374788295,1
853600,294.71795504186827,1
853600,267.64786710079755,1
853700,283.2711433621507,1
853700,311.8713152561664,0
853800,251.85608215772612,0
853800,286.84517342465597,1
853900,311.1047970083199,1
853900,276.0913357495885,0
854000,386.7243784770042,0
854200,255.2815013201189,0
854200,318.88079714884145,1
854300,322.2548518054032,0
854400,317.7266419344872,1
854500,281.9851001279287,0
854500,218.7159599557229,0
854600,292.69118175369186,0
854600,352.84809303971133,1
854600,265.18421930005945,0
854600,246.33336110702714,0
854800,385.35477422009706,0
854800,290.84705554747154,1
854900,374.8242838279317,1
854900,236.20558113434873,0
855000,281.88877398543906,0
855100,250.03268643708088,0
855100,261.8742383279864,1
855100,525.6464984306368,0
855100,437.74789510443503,0
855200,307.3264445554245,0
855200,503.40162830573905,1
855200,253.31798774740872,0
855600,290.81688544855365,1
855700,376.54917539308974,0
855800,382.92328269353436,1
855800,284.12257960331294,0
855800,485.81566483537824,1
855900,562.8549571347663,0
855900,300.62864268387295,0
856000,498.49276936910826,1
856100,289.52698041454863,0
856100,281.4846176525644,1
856300,327.0551638101956,0
856500,241.66950503961263,0
856500,317.6756663550541,0
856500,338.95294175554494,0
856800,327.7224465833218,0
856800,298.2508946387362,1
856900,396.7937687280148,1
857100,300.96199553505613,1
857100,239.60367455261465,1
857200,212.8436429556471,0
857200,286.1281216508153,0
857200,261.06035907584027,0
857300,436.70971262672145,0
857300,266.0880594480809,1
857400,352.7694990780239,0
857400,410.5610597279389,1
857500,508.68315135141734,0
857500,270.8290035617839,1
857500,291.7033977078624,1
857500,286.9732305093534,1
857700,447.1591474371984,0
857800,440.89823273833343,1
857900,234.87948113805018,1
858000,270.40977930058494,0
858000,450.3500362349,0
858100,310.3074031856003,0
858100,296.3575048696015,1
858200,406.3930785827087,1
858200,411.3972570153074,0
858400,669.6429416226622,0
858400,286.6219786570677,0
858400,336.1440947208039,0
858500,332.8044738987067,1
858500,411.0388798682291,0
858500,266.14768972405295,1
858500,280.7693912554899,1
858600,364.309688489665,0
858600,285.7843223985937,1
858700,293.1342559594503,0
858900,322.0433017803066,1
858900,295.2145246374508,1
858900,171.76412877544848,1
859000,213.93359659169425,0
859100,350.08014110812684,1
859200,310.3539425395485,1
859400,247.74574052967296,0
859400,271.1947834453577,1
859600,292.6933187437768,0
859600,387.54234603918604,0
859600,392.3709821693778,0
859700,290.71210155018315,1
859700,288.8835522096293,0
859800,328.09905570109385,0
860000,307.3834001621217,0
860000,277.03691815320997,1
860100,401.1663964342359,1
860200,272.6017926067956,0
860200,274.9016327421155,0
860200,374.30736366310305,0
860200,273.13755979723385,0
860300,301.89019482104436,1
860300,349.4126114697009,1
860300,262.9275651807236,0
860400,348.88693302220844,1
860400,295.6906622962423,0
860500,309.95956683587883,1
860500,253.79707949215418,0
860500,272.0616633611332,0
860600,268.44810515330056,0
860700,305.8889067690312,0
860700,337.37340387563466,1
860800,291.08681533668164,1
860900,413.6840676473325,1
861000,616.3898565046939,0
861000,243.65232004862656,0
861100,225.67612301260738,0
861200,360.09612719806546,1
861300,311.2632577260017,1
861400,303.46763655171765,0
861400,444.6744278729764,0
861400,277.880384384209,1
861800,406.29886885021705,1
861800,199.44641055774832,0
861900,253.1620688004429,1
862100,296.71201919283897,1
862300,276.12040671454974,1
862400,451.62325609273176,1
862500,240.91217100987444,1
862700,472.76358228227366,1
862800,274.72251128780016,1
862800,311.56649804945954,1
862800,347.0836308908107,1
862900,296.4797577257402,1
863000,503.59339372493093,0
863100,500.72237781475457,0
863200,366.9934441562023,1
863200,567.3509288429196,1
863300,244.96575626189494,1
863400,239.04728610225038,1
863600,255.54085830197167,1
863700,433.15394956602495,1
863800,457.4842652953286,1
863800,398.68045210453033,1
864000,354.98894951691796,1
864000,210.01651926470802,1
864100,234.56813567758905,0
864400,241.29369690106918,0
864600,358.1040518691504,0
864700,353.69221799587575,0
864800,369.62410862170157,1
864900,398.8322615848388,0
865000,509.4386188210548,1
865100,642.1195013358443,1
865100,412.8889960647268,0
865100,359.305202357428,1
865300,321.649046720103,1
865400,497.41004639532787,1
865400,327.47812262349777,0
865400,454.2089169403551,1
865400,345.9109548708591,0
865600,405.0260919334214,0
865600,382.7824983044282,1
865700,421.8083835290906,0
865700,506.82064781929756,1
865800,362.4615532341597,0
866100,359.85223314535676,1
866200,526.9329226713064,1
866300,419.0519533289086,1
866300,350.34616730198223,0
866400,327.2460995136879,0
866400,351.0690613661453,0
866400,305.40028080175296,0
866400,302.70625982687267,0
866500,416.53536555418776,0
866600,359.43509549953467,0
866600,670.1563087161566,0
866700,308.43637253014714,1
866700,448.21282519554757,1
866800,432.21835354489036,1
866800,380.44539685968317,1
866800,387.8723031106599,0
866900,326.1161686639331,0
866900,356.4721197600109,1
867100,349.559446015237,0
867100,436.7881548974442,0
867100,378.90891477919854,0
867200,377.3638146430116,1
867200,473.97247231791783,0
867400,399.31732058525563,0
867500,332.89793554920476,0
867500,580.035672206311,0
867500,430.72531810009156,1
867500,263.69920129621204,1
867700,363.0551454176382,1
867800,376.62510234673994,0
867900,398.1004620249925,0
867900,545.7174415801289,0
868000,254.20381924803115,1
868000,325.8652732554348,1
868200,222.33275886908262,0
868200,533.602781676897,0
868200,456.1576321318131,1
868200,340.4434687035471,1
868300,330.9110018510956,0
868400,601.452515857825,0
868400,564.1759506274033,0
868400,399.33267679133763,1
868500,379.3257705645422,1
868500,369.66892500847536,0
868500,352.8563274698628,0
868600,268.33473363385593,0
868600,340.54269640145276,0
868700,371.1169276003798,1
868700,422.74318912535085,1
868900,228.9857051544058,0
869000,389.34170876909076,1
869000,388.8332151859082,1
869000,424.72320085718485,0
869100,412.6283691665812,1
869100,331.05079531425065,0
869100,291.3323948641353,0
869200,434.08975709364137,0
869200,353.85183175539646,1
869300,424.4904768705523,1
869300,385.56599935444365,0
869300,284.4090032626507,0
869400,311.305512121967,0
869500,204.22008512312235,0
869600,407.8061804263893,1
869700,220.34051603790138,1
869800,507.4787187130637,0
869800,350.85023309995245,0
869900,338.01015847042555,0
869900,354.4521491274942,0
869900,273.6718737893322,0
869900,336.1355668737066,0
870000,244.6920329727625,1
870000,273.393547157594,0
870000,288.267347907213,0
870100,394.45000080828726,1
870100,266.83944506869165,0
870100,641.351259886763,0
870300,236.94850258126286,1
870500,251.49851410494497,1
870600,257.8615753835732,1
870700,279.17475353951744,0
871000,472.8006741814205,1
871000,268.0899301792694,1
871100,386.9020306555099,1
871300,387.92829960925684,0
871300,284.8125158925567,0
871600,210.89977563785706,0
871600,213.36520239702628,0
871700,281.8000628587433,0
871700,334.0115226468679,1
871700,337.223712170803,1
871800,474.7830756381305,1
871800,339.10711874684415,0
871900,315.3148794788524,1
872100,264.3657546499438,1
872100,293.4520799341165,1
872400,446.25098232130614,0
872400,230.04246497668066,1
872400,265.86883529540984,0
872500,365.43503414508297,0
872600,352.97910566392835,1
872600,363.5889621923592,1
872600,465.37705496242455,0
873100,317.87722556893567,0
873200,260.6611780909187,1
873400,318.25602320193053,0
873400,338.8253795183175,1
873400,331.12454947739974,1
873500,323.8066308946665,0
873500,269.553582856366,0
873800,259.00898797222646,1
873800,371.35057494112664,1
873800,292.0771417124952,1
873800,353.37810880415805,0
874000,309.51894763700744,1
874000,254.3003422801033,0
874000,236.10167330174926,0
874100,272.05223641695187,0
874100,666.0041370413428,1
874100,329.33642909345815,0
874200,288.98527318112303,0
874300,296.4378520239802,1
874400,417.6268762034252,0
874400,354.5887727118007,1
874500,370.90095167288297,0
874600,320.46743181556985,0
874600,456.8716049896041,0
874700,266.87889468419644,0
874900,424.46091464572874,0
874900,211.08111344494603,1
874900,285.03737688103996,0
875000,262.9006206828791,1
875000,187.6861801016037,1
875100,294.1477586155215,1
875100,437.8872755659208,1
875100,344.70251610699324,1
875200,391.05482281169617,1
875200,285.87743388454845,0
875200,408.81176267301385,0
875300,314.1346725609611,0
875300,357.82726395286204,0
875300,316.71851390291874,1
875400,347.08025485002804,1
875400,284.1593432066788,1
875400,316.74149382281166,0
875400,288.19227335195603,1
875500,375.25480661562233,0
875500,271.90613679202824,0
875500,273.9092872031478,1
875600,282.2528809554647,1
875600,274.4678419458028,1
875600,275.90061846190343,1
875700,476.84976488993306,0
875700,454.22865012788884,0
875800,475.47975590365814,1
875800,361.3020322975658,0
875900,455.6237772120807,1
875900,582.1812638216155,1
876000,291.6034306241285,1
876100,347.0365212333235,0
876200,443.92142308788254,1
876200,276.2963544338214,0
876400,247.6346846842687,1
876400,485.9920981993871,1
876500,413.5692108691615,0
876500,381.25341339463733,0
876500,314.2564654179135,1
876800,378.1872805090518,1
876800,437.3576084274983,1
877000,268.5859369817737,1
877000,304.4995733255994,1
877100,367.33998216945656,1
877100,267.5105760319743,0
877100,283.5878890463177,0
877200,422.8344079746438,1
877200,419.820372918361,1
877200,270.1825631264905,1
877400,271.2787105075439,0
877400,256.65538889822625,1
877400,372.8264519211341,1
877500,284.1184388645722,0
877700,381.01409500631684,1
877700,348.46275116999163,1
877800,323.40914975588834,0
877900,490.952539807055,0
877900,281.5858260305265,1
878100,270.72331735399524,1
878100,434.37633943030323,1
878100,451.7478736432842,1
878200,206.59906343220666,0
878400,334.7703607454978,1
878500,221.89573168343745,1
878500,306.5720883245379,0
878600,334.94141146074696,0
879000,318.35282932667855,1
879200,384.6708868775223,1
879300,264.55217580230027,1
879300,295.8863202114602,1
879300,552.7260041260403,1
879500,353.4374166336014,0
879500,320.11801752052537,1
879700,348.725196487474,1
879800,277.43572728668687,1
879900,285.74705307915,1
880000,244.9191514461971,1
880000,228.5086951234661,0
880000,330.98909685209077,1
880000,221.56853226655977,0
880100,393.8279195776483,0
880100,309.7006258055816,0
880100,220.80446789406926,1
880100,542.3551802399152,1
880200,228.93313249415843,1
880400,377.4178656263282,0
880400,275.4896002951229,1
880400,302.0338613113064,0
880500,267.483768705206,1
880700,307.3486915276082,1
880700,286.2989711471403,0
880900,220.58175849239495,1
881000,352.69233050732214,0
881100,270.98678413137395,1
881100,196.77866950910266,1
881100,289.994842660185,1
881100,262.41382355496586,1
881200,259.3633105115071,0
881200,253.0498161970042,0
881200,267.38821832807116,0
881300,290.83820805350456,1
881400,306.72370780519685,1
881400,286.6713182788742,1
881400,356.65395304415784,0
881400,203.85134181040746,0
881400,407.36722267064926,0
881500,266.08012177223327,1
881600,350.6469491276956,1
881700,326.8090639319142,0
881700,260.87789864734765,1
881800,373.3860784363597,0
881800,320.2427993254036,1
881900,270.4906391687191,0
882000,313.7794540425652,0
882000,389.8157213452125,0
882000,416.2394515274023,1
882000,304.0603603743092,0
882100,359.5246383578389,1
882200,462.66483343172905,1
882200,228.6382253951179,0
882200,377.1562178069767,1
882300,331.3521473638788,1
882300,284.50969157288176,0
882300,227.14158017419211,0
882400,293.56476068791,0
882500,699.0425016211462,0
882600,405.76277710919356,1
882700,288.5698732752981,0
883000,288.28551112305234,1
883100,261.49153347502545,0
883100,264.00627284646623,0
883200,260.4968945506992,0
883200,268.84302960463776,1
883300,231.6640082521369,1
883300,397.24780485314204,1
883400,440.96247668143934,0
883400,476.2003447821561,1
883500,331.20045561053985,1
883600,310.1547865922797,1
883600,324.3379406782215,0
883700,427.14753147761536,0
884000,513.52438742018,0
884100,457.71206032332196,1
884200,350.88110865907475,1
884200,342.823334708677,0
884300,241.53354956574114,1
884300,280.52405293400915,1
884400,439.14917303013067,1
884400,404.96234994369536,1
884500,340.5977738915941,1
884600,394.08038519099193,1
884600,228.88439109514326,0
884700,330.44258477580803,1
884700,270.7565295463889,1
884700,277.5487584190718,1
884800,257.9527020926967,1
884900,330.8350933420837,0
885100,343.8919050941966,0
885200,217.54914028695518,0
885300,501.90653851243576,1
885500,680.9491001404714,0
885600,276.59532356441827,1
885600,236.67028003192917,0
885700,267.1167525567156,1
885700,392.2514701892191,1
885700,446.30626835063794,1
885700,284.42878228465094,1
885800,338.40087419895764,0
885900,534.8173028339878,0
885900,272.1001350395718,0
886000,343.30702898989574,0
886000,222.54131094970705,1
886100,223.2344013616206,0
886200,311.9463169938634,1
886300,230.499036752507,0
886300,326.29335931340694,0
886300,583.60345025339,1
886300,238.85917159172737,0
886300,309.5992312997767,1
886300,311.2724218163338,1
886300,310.1001757982126,0
886600,327.4004417787035,1
886700,255.921607182831,0
886700,217.5104692782333,1
886800,316.58259519967913,1
886900,343.63868831719014,0
886900,343.86825389339947,1
886900,254.6248847143571,0
887000,300.6754893684994,0
887100,461.36964514011413,0
887100,321.0547803962144,0
887200,384.85089178986823,1
887200,254.54630976044007,0
887400,275.44907253496166,0
887400,290.11933219990397,0
887500,288.8330036828804,1
887500,253.82643451616352,0
887700,355.6832581766961,1
887800,550.3113903441664,0
887800,331.3507800990418,0
887900,333.29237337874093,0
887900,219.32445127675587,1
887900,339.9191248491798,0
887900,207.66322517597308,0
888000,290.9436071473711,0
888000,252.6979776567594,1
888100,202.45223087986952,1
888100,308.241118930498,1
888100,402.48352601305345,0
888300,350.5994853012904,1
888400,301.6500896234412,0
888400,520.7959875198776,1
888400,329.96327112090694,1
888500,274.0305242417181,1
888500,318.858629760756,1
888600,453.1361694696176,0
888700,321.6283199788497,0
888800,310.5562393314419,0
888900,346.6823676130252,0
889000,278.9771816387427,0
889100,395.97095778122343,1
889100,370.53157254233986,0
889200,232.3051334684187,0
889400,265.2985678816823,0
889800,201.1682745031997,0
889800,398.60799311810064,1
889900,260.6081947414738,0
889900,277.78558577553036,0
889900,316.81934404851785,0
890000,245.4303121000476,0
890100,252.87232662382436,0
890200,203.62980363069886,0
890200,275.40645218940193,1
890200,343.3439278210742,1
890300,264.17766968214625,0
890300,403.2105826321547,0
890500,370.75633247564576,0
890500,253.82063720786718,0
890500,283.18902425866486,0
890600,330.5986948144496,0
890600,383.9891296118655,1
890700,421.8929243826907,0
890800,397.6907536773025,0
891000,297.3824516596353,0
891100,259.56380614885865,0
891100,261.1456096618519,0
891200,276.6333956352959,1
891200,399.1751074615502,0
891300,293.2894597708319,1
891300,253.7976021036504,0
891400,269.5291021414227,1
891400,263.58706052971587,0
891500,254.8020982037143,1
891600,225.27143366632606,1
891800,240.69817056546162,0
891800,258.11910599435816,1
891800,294.4101471747764,0
891800,718.8110659903972,0
892000,267.5789814054312,1
892000,242.95040929086156,0
892100,293.2765402324154,0
892100,291.8161187030389,1
892100,264.54066037773947,0
892100,416.33972716265816,1
892200,353.8777687823653,1
892200,236.1922934588052,0
892300,228.80229880410542,1
892300,249.4851274192385,0
892500,291.5649723158084,0
892500,686.4996704214408,0
892600,299.5812568168109,1
892600,421.7010993199115,0
892600,253.7424839464987,1
892700,524.5282872805117,1
892800,258.95966223761354,1
892800,221.0007558180912,1
892800,265.3074123445526,1
892900,271.34418583294075,1
893000,234.17097823379288,1
893000,232.78370408662278,0
893000,474.9596098969717,0
893000,301.06365080144474,0
893000,253.0212866574077,0
893100,234.44301297918253,1
893100,309.1133583826978,0
893100,263.15903312456936,1
893100,228.86810576500625,0
893100,291.20644098200063,0
893200,536.7670122549786,1
893200,249.29782917475526,0
893300,240.20634424825207,1
893400,257.7337579090708,0
893500,238.71707475068496,1
893500,264.56653978793264,1
893500,294.24715290579434,1
893600,261.01535301243274,0
893700,282.5463569949198,1
893700,233.2376611245309,0
893800,214.1676939895988,1
893800,244.98304379616323,0
893800,338.6284813523211,0
893900,245.11721673132735,0
893900,275.4618763139138,0
894000,258.3692011656204,1
894100,583.9526301506797,0
894300,497.72837222163747,0
894400,617.0013744752167,0
894500,248.0779967225484,0
894700,316.2833101940863,1
894800,450.21855524550097,0
894900,407.4683801778274,1
895000,286.6485395759549,0
895100,236.57569438814312,1
895200,293.37167483205985,1
895200,226.90007039604055,1
895400,278.5053364198107,0
895400,251.54704973694106,1
895500,464.30346614266534,0
895600,247.04976080799835,1
895700,586.2747529197696,0
895700,236.6340880702492,0
895800,234.48591507861755,1
895800,219.94934846896044,1
895900,239.9467220370442,0
896100,260.16738129684165,1
896100,226.27057973252826,0
896100,147.78412474820192,0
896200,579.4115073667523,0
896200,267.77885893653536,1
896400,405.78278814473634,0
896500,228.98825605577107,1
896500,223.37001811895857,0
896600,276.3243750046957,1
896700,191.09088878557927,1
896700,351.2336857977983,0
896800,349.3397312056035,0
896900,317.2567157529427,0
896900,338.7082171232656,1
896900,533.1622809816943,1
897200,398.60643406552066,1
897300,194.73098357705237,0
897400,236.8560081572055,0
897400,195.75232371411974,0
897400,500.80145011034335,1
897500,246.2897591980916,0
897600,238.5444447980405,0
897600,251.7299949359177,0
897800,258.80010457788603,1
897900,223.44122801071896,1
898000,279.0681968375863,1
898100,227.67506301520535,0
898300,262.8506290891587,1
898300,385.3398633519709,1
898300,254.45037795920442,0
898300,322.75616172273357,0
898300,233.74627242734687,1
898300,244.51457615997003,0
898300,251.77659553426963,0
898500,351.09675777976656,1
898600,370.6262471152216,1
898600,351.88629876021344,1
898600,364.6004785519801,1
898700,367.7723288240484,0
898700,368.45153358875393,1
898800,338.9409403665122,0
898800,217.2393750729918,1
898900,436.9419801695559,1
898900,156.21004776526354,0
899000,249.97319030199452,0
899000,221.9037455113879,1
899200,245.49635148228785,0
899200,157.8573842588362,0
899300,202.4466076869604,1
899400,165.14071065830277,1
899400,378.79546526923605,0
899500,353.77641578821607,0
899500,207.48851969499935,1
899700,246.6280673275563,0
899700,276.8516471724966,1
899700,324.6939262449284,0
899800,316.0173233826605,0
899900,327.52079813143314,1
899900,251.8361439255721,1
899900,371.9422024887168,1
900000,391.07511078731676,0
900000,322.3890126503158,1
900000,213.14819104650323,1
900000,226.106542768405,1
900000,360.7553563136769,1
900000,403.8045247521431,1
900000,241.93008561497072,0
900100,152.63081706953656,1
900100,554.473289234871,0
900100,443.91372500730984,0
900100,246.8226962794632,1
900200,329.5448260612406,0
900300,364.6303414789275,1
900400,323.63021849730563,0
900400,353.1970542717987,1
900500,414.45560197658665,1
900500,197.04938036299748,0
900600,404.7283580573759,0
900600,227.61001683280406,0
900700,458.039770735634,1
900700,323.1431269409591,0
900700,345.0063823763729,1
900700,199.2662697527228,0
900800,360.3714649268005,1
900800,247.62715407407296,1
900900,436.3139304820468,1
901000,163.02555640822234,1
901100,808.2899012058006,0
901400,258.61797838400355,0
901400,390.32518460540336,1
901400,257.1818887513344,0
901600,352.5403274543857,1
901600,360.4123666181946,1
901700,393.30194651470794,0
901700,175.5845761757816,0
901800,155.85686121823923,1
901900,276.9477703958421,1
902200,228.86442386671618,1
902200,197.30146488223247,0
902300,178.10799472240402,0
902300,219.13248311833098,1
902300,260.56338469263005,0
902300,220.56607500666328,0
902400,246.57297539690504,0
902400,165.21694938741126,0
902500,269.26470130193763,0
902500,509.2390908067827,1
902500,363.8353424836698,0
902700,250.25369444234542,0
902700,196.88669930476476,1
902700,239.93356007456512,1
902800,278.4325924662781,0
902800,201.65194481075025,1
902900,430.0425681063241,0
903000,203.43460161159504,1
903100,262.796674460578,0
903100,292.6766797893344,0
903200,486.4228691757167,1
903300,258.4265309220778,0
903300,226.2093217743949,0
903400,212.84301424310902,0
903400,508.21918275101024,0
903600,223.91822241925985,1
903800,590.3935314313547,1
903900,501.4595208986238,1
903900,566.1152304302682,1
903900,224.12680330546902,1
904100,247.35693815902457,1
904300,340.88870909692446,1
904400,380.235916401291,0
904400,262.8874656731084,1
904500,238.63384827555242,0
904500,225.00275069279596,1
904500,250.19015038854755,1
904600,232.26398386668384,0
904600,273.1594395572174,0
904700,357.0744212264396,1
904700,240.29549779932404,1
904700,309.39155144688607,1
904700,699.3665537408875,1
904700,257.96942686573,1
904800,260.92000179694526,0
904900,271.4555432467581,1
905100,287.29358093141644,1
905200,428.40190843878275,1
905500,294.1768932999197,1
905600,488.99118126461764,1
905600,291.8250396284622,1
905600,276.9796615599544,1
905700,276.8499842446451,0
905800,302.2402269662937,0
905800,281.4330294843813,1
905800,336.1652144359749,0
905900,286.9683275226044,1
905900,298.43368276019913,0
906200,323.06499949042677,0
906200,327.26318512122026,0
906300,529.6621055351936,1
906300,271.382803097854,0
906500,302.32698853373324,0
906500,318.9528733637398,1
906500,334.8374203392099,0
906600,337.9411667200273,1
906600,283.5712361719582,1
906800,303.7368315024676,0
906800,312.99392108484415,1
906900,316.4065516061326,0
906900,315.0794342599512,0
907100,331.7395992353323,1
907200,322.4467174211004,1
907200,355.9366491875922,0
907400,330.8788258504399,0
907400,491.255472446092,0
907400,357.72763059193693,1
907500,262.8033287742263,0
907600,231.42295272120361,1
907600,338.91750400522136,1
907700,300.38225076284004,0
907700,301.84980580100387,1
907800,335.3422414601991,0
907800,323.14660090274475,0
907900,384.94708566071796,0
908000,562.8633233273847,1
908000,328.66083382153397,0
908200,411.00785075858795,1
908200,275.21392853973913,1
908300,305.39533887213713,1
908300,577.0470975947769,1
908300,334.0487361303079,0
908300,378.8855401671752,0
908400,339.38698833502895,1
908400,351.4611904321311,1
908700,326.5916738687224,1
908700,301.37077311943426,0
908800,317.644824884788,1
908800,315.08471062392096,1
909000,334.9253966964158,0
909000,260.6871515179242,0
909100,375.3665273158809,1
909100,271.2665450868835,0
909100,468.5921995500452,0
909200,467.9734944793316,0
909300,337.644616660627,0
909300,340.7493494466245,0
909300,376.3028744834807,1
909400,463.50091342016015,0
909600,241.55383749792068,1
909600,318.49264640685266,0
909600,343.8594083820084,1
909600,302.2617279656957,1
909700,465.71577266086075,1
909800,247.37339062888188,1
909900,301.1574421634065,1
910200,399.58380006979934,0
910200,423.5472411277272,1
910300,375.4158476280071,1
910300,265.4553334830535,1
910300,374.26846249260757,0
910300,356.35047653379553,0
910400,293.1676822280002,0
910500,321.30821895106044,1
910600,238.4425986908325,0
910700,408.5154274970757,0
910700,314.2273478228574,1
910800,378.67281300547967,0
910800,346.8240688090883,1
910900,351.29173707914487,1
911000,288.59420515836706,0
911000,259.2664190947546,0
911000,405.1264753397729,0
911100,297.12991903449677,1
911200,270.2813076400084,0
911200,277.2760798014438,0
911200,432.2974203614171,0
911300,402.5122975129523,1
911500,350.0114076963553,1
911600,256.09003650089295,1
911600,335.43340163799263,1
911600,342.42329900633035,1
911700,375.9647891406234,0
911800,368.63494192788033,0
911900,362.7126789965403,1
911900,356.7387549179358,0
911900,303.21228770435397,1
912100,318.34549163111757,0
912100,305.55276181417065,1
912100,365.08395831599483,1
912200,256.90555782078644,0
912200,389.2424432829489,0
912400,273.75025135075026,1
912400,558.0354376178796,0
912500,251.4868017975953,1
912600,274.7179612505526,0
912600,317.0444806016647,0
912600,293.2105956011845,0
912600,328.69782507495773,1
912600,298.7208323663114,0
912700,408.1202965724059,1
912800,301.46466084861544,1
912800,304.6121879047692,0
912800,235.42975765453218,1
912900,320.36506746189474,1
912900,286.57238679633144,0
913000,267.507965767292,0
913200,331.5491878017467,0
913300,372.76642619455504,1
913300,276.5197538475962,0
913400,338.46716054105167,1
913400,260.7736780134978,0
913400,271.4290040855077,0
913500,301.6205018374496,0
913500,277.0657414705535,1
913600,272.4636655471174,1
913600,295.62684661723836,1
913800,263.474143014619,1
913800,296.215334635986,1
913900,474.6106773529002,1
913900,210.73358735397844,0
914000,329.24590761889874,0
914000,321.7160544820883,1
914000,327.33027482651886,1
914100,318.78848253182366,1
914500,309.04591216450933,0
914500,236.92758854777492,0
914700,252.35208542010935,1
914800,308.10759544015485,0
914900,284.0184707851254,1
914900,334.1200391835072,0
914900,288.3739958491582,0
914900,429.7783940511171,0
915000,335.36230997461143,1
915200,268.9733417462816,1
915300,323.52059755427047,1
915400,335.57538845278805,1
915400,303.78288957336565,1
915500,309.20585788484345,1
915500,350.69023187277827,0
915500,368.4080300178172,1
915600,266.9146919545453,0
915700,309.92749376101693,1
915700,285.7056965666053,1
915800,338.9992790719937,1
915800,440.8325624757948,0
915800,374.6253594512279,1
915900,269.73434290513194,0
916000,458.6500710548606,0
916000,319.7955041138251,0
916000,347.7298080280486,1
916200,295.22855347676017,0
916200,389.4173690424212,0
916300,240.52843763578983,0
916400,360.33592302636026,0
916400,344.709780899062,1
916400,301.8555256910702,0
916500,307.3739929151798,1
916600,277.46515059482533,1
916600,314.56216982470426,0
916600,295.86751523112224,0
916600,291.56953040225994,1
916700,274.04275732712756,0
916800,282.11273835640026,0
916900,290.5366554839997,1
917000,194.72960654609838,1
917200,420.148875410062,1
917300,283.50552122420663,0
917400,310.4422872286425,1
917400,287.04136285465904,0
917400,320.5851790257659,1
917600,262.1852108523477,0
917700,269.4878891155702,1
917800,341.34473883441115,0
917800,363.51578731070686,1
917800,254.52557545672605,1
917900,899.8589361698198,0
917900,366.7755256295108,1
917900,389.48981303497396,1
918000,376.6736144431981,0
918000,247.8031895631876,1
918100,328.23284462704305,0
918200,301.9263110601193,0
918200,260.38457496573983,0
918200,331.3105394673566,1
918300,292.2284407374941,0
918300,460.4795882609516,0
918300,292.1195513988319,0
918400,327.20562079554963,0
918600,337.8758992498775,1
918600,374.209473603347,1
918600,298.42540133767784,0
918700,219.0568770410804,0
918700,335.5579589389086,1
918700,333.06931175087203,1
918700,258.4212707621359,0
918700,292.6154150816613,1
918800,311.0472691184829,1
919000,236.8985247368561,0
919000,356.65192937978367,0
919100,278.6279840754015,1
919200,250.91904141077444,0
919300,326.58131132275156,1
919300,263.2560372943764,1
919300,252.10525829190243,1
919300,381.0815830577936,0
919400,333.4637286768696,0
919500,296.8082210807603,0
919500,274.7547992870414,1
919600,302.13118905902815,0
919600,300.59155113950385,1
919700,324.76999193419016,0
919700,375.82864182005903,1
919700,339.86825270383156,1
919800,254.95637849879893,0
919800,313.2790966729586,0
919800,241.7297651859916,0
919800,251.27384348207121,0
919800,306.7669062883854,0
919900,323.4260019644332,0
919900,287.7307360007812,1
920000,335.331651407385,0
920100,556.6217063071304,0
920200,383.6229053153516,1
920300,314.0604500225653,0
920700,300.74065162314014,1
920700,286.25502087132963,0
921300,281.33983340476954,1
921400,403.6053701423237,0
921500,321.19137321803606,0
921600,291.60779211465984,0
921600,291.8461166399721,1
921700,337.9606058941963,0
921800,277.72981660955173,1
921800,290.34825762919183,1
921800,269.5601154042971,1
921900,252.8910589130308,0
921900,326.4620026003647,1
922000,303.5859405831067,1
922000,279.0857026651141,0
922000,332.727070035002,1
922100,330.338288617683,1
922200,285.3252556351684,0
922200,362.83724658209144,0
922200,289.7161679443042,1
922300,276.3573342289178,0
922300,328.1800287323539,0
922300,332.2269180475226,0
922400,328.87753630635507,1
922600,257.12363640734316,0
922600,289.1628971732286,1
922600,303.68946046020744,1
922700,357.31524105915804,1
922900,300.29567723367325,0
922900,395.41377100300804,1
922900,319.5523706876965,0
923100,366.183545384271,1
923100,402.1296812016486,0
923100,624.826422887098,0
923100,323.9248328495846,1
923100,527.7299904183683,1
923200,334.80221989000734,0
923300,286.55371887764744,0
923400,338.92035391970865,0
923500,328.44083587655365,1
923500,394.7365278731899,1
923700,277.1478487159581,1
923800,299.3543102136842,0
923900,325.4044160444455,1
924000,304.06362367480295,0
924100,257.95296766856393,1
924100,266.4339895966575,1
924100,335.8625588035369,0
924100,319.2804270279801,1
924100,286.32302814154536,1
924100,261.1873605414695,1
924200,295.2868862748258,1
924200,344.8864300909307,0
924200,267.2542736182051,0
924200,275.3420048945944,1
924300,276.21807584095546,0
924300,273.7534815533943,1
924300,274.6553877194029,0
924400,298.8499309658894,1
924400,263.2501861362588,1
924400,299.866099938932,1
924500,335.1851273054331,1
924500,326.28952424590926,0
924600,340.8018964346848,1
924700,285.11240440695883,1
924700,274.9117071223308,0
924800,355.9482645633573,0
924800,310.4476306528014,1
924900,331.86894879689555,1
924900,336.62622321177867,1
924900,280.53361933429807,1
925000,284.7132015728654,1
925000,343.2375601206053,1
925000,274.09240828709534,1
925000,349.9081316932869,0
925100,291.9866037933667,1
925100,285.32326618710425,0
925100,257.4381930334425,0
925100,275.98795791576214,0
925200,260.69942252644785,1
925200,262.8690757824367,0
925200,273.92356157145025,1
925200,266.0905505597376,0
925300,263.2634149445153,0
925400,306.15278523885667,0
925400,282.4265119650603,0
925400,284.6288707507377,1
925400,368.9297523788142,0
925500,305.23638682339464,0
925500,292.7268876231127,0
925500,281.48676588873053,1
925500,416.7400497738426,1
925600,287.1480218546067,0
925600,293.14648564900506,0
925700,293.2462049953287,1
925700,277.381078227028,1
925900,485.47519249357464,1
925900,279.98592043984974,1
926300,278.84549393055494,0
926400,287.21674876425635,0
926500,313.81504036246974,0
926800,254.88420152313532,0
926800,249.91787232051564,0
927200,299.2851378393068,1
927200,267.84126485735374,0
927200,277.69270696580656,0
927400,270.3227703181662,0
927400,271.3413925251506,0
927400,250.99932741828033,0
927400,279.48566712886776,0
927400,261.7735755556177,1
927400,254.34928382054233,0
927500,252.68563732419125,0
927500,239.59775426589772,0
927500,296.1000862393996,1
927500,228.31659293746512,1
927500,274.27328364900166,0
927600,262.4805313834596,1
927600,288.7918774070886,1
927600,305.3099489324746,1
927600,266.1499225641814,0
927700,250.42266217021415,0
927700,278.004997803521,0
927700,284.93943757764185,0
927800,261.379798110622,0
927900,259.80778682266606,0
928000,288.8340143028777,1
928200,245.43730581242292,1
928300,264.8078587612817,1
928300,264.6114615608665,1
928300,265.34191725238765,1
928400,263.69312179060984,0
928800,274.11743032149036,1
928800,263.7569537749695,0
928900,288.8860137116547,0
928900,244.0727355762242,1
929100,303.5878335556363,0
929100,276.04921773748424,0
929200,289.95364622189203,0
929300,305.0927694085976,0
929400,259.3699412638045,1
929400,312.5426222020235,1
929500,259.8539849032512,0
929500,268.50573892287196,0
929500,244.01602916715572,1
929600,251.25025582463974,1
929600,263.47651692246217,0
929700,267.5759426777953,1
929700,280.60649921686024,0
929800,289.1015499272263,0
929800,299.1632452049023,0
929800,299.2374916483868,1
929800,275.561694386213,1
929900,274.1594456659701,1
929900,288.7564531232629,1
930000,274.57260088602374,0
930000,249.74848638831713,1
930100,254.59902174227736,1
930200,254.74065028218754,1
930200,302.588954170974,0
930200,302.5030394264714,1
930300,243.49153116659699,0
930300,274.15319929049906,1
930500,262.44999948115884,0
930500,323.58467821660616,0
930500,279.56376105049986,1
930500,267.4521677108245,0
930500,296.4970238274476,0
930500,285.301047671152,1
930600,269.19773324952325,0
930600,326.64624136834306,1
930600,276.8212797930048,0
930700,259.21583090183054,0
930700,286.736779695178,1
930800,279.9968994203802,1
930800,320.88683182847643,1
930800,252.78626046085225,0
930800,259.580373640127,0
930900,263.09956835488725,0
930900,329.3033624767909,1
930900,272.86121175253265,0
930900,275.5214862431295,0
931000,296.6726202557493,1
931000,258.5234057992946,0
931000,269.2252306990011,1
931000,274.8489938944369,1
931000,288.8365945555791,1
931100,303.72066235824406,1
931100,284.8757563351014,0
931200,304.746398123219,1
931200,274.88606685867154,0
931200,290.2626491630575,1
931200,285.21559443830193,0
931600,277.6707270695781,1
931700,301.73484555178703,0
931700,308.42568284145096,1
932000,281.56403068385254,1
932100,239.53816258458525,0
932200,314.60749874667175,1
932200,288.2010500364697,0
932300,277.1301620974877,1
932500,292.36985058985124,1
932600,230.0563037290165,0
932600,243.70548890954882,1
932700,256.8697229127479,1
932700,257.51961985287437,0
932700,257.76325710195727,0
932900,267.6396996083134,0
932900,278.3550107592449,0
933000,271.52955081884096,0
933000,259.95907788050727,1
933000,265.8514596130806,1
933000,268.51830161685365,1
933100,272.5715526391057,0
933100,274.8635897616225,0
933100,310.79529617468506,0
933300,277.2425331419517,0
933400,244.2820778289718,1
933400,285.6582150560422,0
933400,282.17882392846434,0
933400,311.772308649949,1
933500,282.68862353101576,0
933500,277.62768406100133,1
933500,273.51385514966637,1
933600,306.42050955953226,0
933600,306.5723922026806,0
933700,266.497559662688,0
933900,292.01620344028765,1
934000,280.6115897983235,1
934200,287.80071870533027,1
934200,287.8355320015921,0
934400,267.8043168293854,0
934500,278.45613405037494,0
934600,264.1466541606563,0
934700,250.98623506882748,1
934700,236.87688837520662,0
934900,264.300336593137,0
934900,271.28887536405824,0
935000,839.9078741679184,0
935100,283.6153741868462,1
935100,293.0782300074691,0
935100,259.66913850851785,1
935100,261.3017022634288,1
935200,267.1312683579765,1
935200,318.9200579811817,0
935200,315.178513252988,1
935200,271.99240138809625,1
935300,213.4433784505409,1
935300,286.5328874080111,0
935400,248.896074236236,1
935400,263.8210545517979,1
935500,313.3726968879803,1
935500,252.00134071719023,0
935600,261.44800134432046,1
935600,255.4176140869556,1
935700,245.9587788254804,0
935700,253.98911132723495,0
935700,306.9887711301844,0
935700,279.85777490008076,0
935800,252.55476247692428,1
935800,237.47193286411704,0
935800,257.33872215510434,0
936000,306.42304434088555,0
936100,276.29218641424353,0
936300,264.1768686907619,1
936300,263.9994035215376,1
936400,236.8639700286702,0
936500,340.25384393812175,1
936500,286.155899774058,1
936500,269.899308357063,1
936500,302.9276550721922,0
936600,270.15872794158935,1
936600,297.34648234937777,1
936600,305.7215499096141,0
936600,286.30869557559384,1
936600,336.03583476889634,0
936700,274.7282727489483,0
936700,305.1752913486857,1
936800,271.7939058141307,0
936900,283.58480265563077,0
937300,272.6043111136847,1
937300,270.5311831281259,0
937300,279.27115448244456,0
937400,263.23012799872777,1
937500,271.3917984871889,1
937500,234.26875025198814,1
937500,272.7129571338622,0
937500,373.8969206716559,0
937600,262.36522024201497,1
937600,244.9673501617198,0
937700,279.4756760536419,1
937900,309.53162460052744,1
937900,234.47481326674395,1
937900,282.26548800718996,1
938000,248.5191118803533,0
938000,360.658042055097,0
938200,264.9133614219374,0
938300,285.96477019779775,0
938400,267.4318393956229,0
938400,285.79509911121215,0
938600,345.3792548393001,1
938600,250.60739816168285,1
938600,280.5518643712379,0
938700,258.49240626754806,0
938700,318.9441743517624,1
938700,255.16800427320894,1
938700,288.3415362608586,0
938900,281.6914895702051,0
938900,276.1071765907959,1
939000,279.6888942857164,1
939000,262.0944306046756,0
939100,298.95597977266283,0
939100,413.8968495833442,1
939100,299.1204654669995,1
939200,274.5945417140435,1
939300,480.4703783936921,1
939300,283.3273862037185,1
939500,328.6912457600048,0
939600,277.528436560582,0
939700,489.53907533260633,1
939700,320.70151065976563,1
939800,448.9198021844081,1
939900,282.39391833858343,1
940000,304.6019626286424,1
940100,274.07858306333685,1
940200,474.1026376559508,0
940400,288.2716407053733,0
940600,480.7551341284111,0
940600,348.02021205320057,1
940700,353.7027346955586,1
940700,334.4022926412523,0
941000,311.7314350629387,0
941100,305.69239537227054,0
941300,311.47782236955743,1
941300,312.01753625596785,1
941400,329.1732356918327,1
941600,343.6819816118637,1
941700,375.56818657549235,1
941800,342.7269631685053,1
941900,341.92245989134716,1
942200,357.3301282605142,1
942200,352.84434002530764,0
942300,385.1913239275931,0
942300,344.60490542256537,0
942400,355.67742063370497,0
942500,349.73199359440065,0
942500,332.83850266823936,1
942500,377.30584689566376,0
942600,353.69831747195593,0
942600,342.1452006996276,1
942600,332.2052446006193,1
942700,356.88272680412194,1
942800,356.73172130652176,0
942800,352.72810856983625,1
942800,359.9277760236964,1
942900,318.7422723502901,0
942900,328.68583366099466,0
943100,385.7347848868668,1
943200,346.1629806970532,1
943200,395.2110034761507,0
943200,344.08635858769867,0
943200,377.0304729824886,0
943200,395.4437084292796,1
943300,401.8344838845691,0
943300,335.3379588863821,1
943300,343.08509278240405,1
943300,345.5696344334954,1
943400,398.0894883683555,0
943400,350.10235918220866,1
943500,351.29482348009606,1
943500,356.6587166251761,1
943500,344.85138999989505,0
943600,511.7376755778943,1
943700,378.45156495538595,0
943800,354.7710679035145,0
944000,376.2963685990561,0
944000,404.72868168223073,1
944100,332.484214568429,0
944200,340.7854811436274,0
944200,302.53203328349474,1
944300,378.31631002787867,0
944300,316.80091753233125,0
944300,344.2397281291066,0
944400,360.3696634127567,0
944400,306.1104936656587,1
944400,373.13521394928273,0
944400,354.7824560332993,1
944500,292.9268124391793,1
944700,352.9525544433271,0
944700,370.35348688287826,1
944700,351.15714422380404,1
944700,341.3932322891854,0
944800,361.9199559586816,1
944800,309.09003339271146,1
944900,329.87188654003967,0
945000,362.9048802993107,1
945000,365.2050471127393,0
945100,326.1281579838474,0
945200,338.359138509982,1
945200,365.28516632636683,1
945200,350.0134996696928,0
945200,326.9232283935666,0
945300,402.4036110215732,1
945300,314.0056413824626,1
945400,325.27615544386003,1
945500,350.08275853120904,0
945500,341.22482908298866,1
945700,350.77449929619286,0
945700,334.35794816933594,0
945700,339.922778980019,1
945800,349.6279973424079,0
945900,337.9576733824751,1
945900,346.03785069867416,1
945900,391.8954721151425,1
945900,609.3928715919783,0
946000,344.06890499502083,1
946000,322.5572252170441,1
946000,311.4274278001777,1
946200,336.18148614557634,0
946300,326.880135890454,0
946300,360.4728448531925,0
946600,301.8743741085147,0
946700,351.8074315023201,0
946800,323.5093026685265,1
946900,343.81476319661465,0
947000,352.4144215169206,1
947100,376.52304724278576,1
947100,354.44410401051033,0
947200,332.2842994066408,1
947200,313.47583717193487,1
947300,335.79743128918665,1
947500,347.57798908339237,0
947800,328.0654746288044,1
947800,306.1102656875676,0
947800,330.1091564650265,1
947900,319.01068059985994,0
948100,323.76062263736065,0
948200,321.37171314836746,0
948300,289.7662214719799,1
948400,353.9956332879077,1
948500,294.5436402954079,1
948600,319.9291034043676,0
948700,303.5914822807818,0
948700,297.80385177457197,1
948700,331.5608510490707,1
948800,383.9385098306587,1
948800,320.9740208264182,1
948900,315.95415764099243,0
949000,327.3379152135661,0
949000,313.21963688481577,1
949100,294.78468949558425,1
949200,298.9009956437487,1
949200,333.633651843703,0
949200,354.3456784055175,0
949300,307.9377641931559,1
949300,291.1242900220049,1
949400,361.2180353674847,0
949400,306.4412299511539,1
949400,306.21362434186824,0
949400,314.8843231106787,0
949400,287.9733120923379,0
949500,302.8005625635867,0
949600,317.3217099908887,1
949600,340.96474057609635,1
949600,323.0536711603292,0
949700,330.927773481962,1
949700,318.8182664966279,1
949700,365.5739493513178,1
949800,340.1992816209874,0
949800,346.1302666977133,1
949900,300.0160675205027,0
949900,334.237473315906,0
949900,326.04427638220807,1
950000,361.44099583310725,0
950100,320.69485695160876,1
950100,307.25142023452787,1
950200,325.1312423474036,1
950200,276.7704379328167,1
950200,268.35536567183647,0
950300,309.2314833657556,1
950300,296.94314489804657,1
950500,292.3921447440071,0
950500,310.2165642983704,1
950500,300.153980595392,0
950600,328.1082261353026,1
950700,320.49438141435115,1
950700,320.78765214731504,0
950700,260.1030483404075,0
950700,274.4730017362335,1
950800,287.0948042458554,1
950800,304.58332827330327,1
950800,275.3663159891371,0
950800,326.3632642696782,1
950900,305.9297202149389,1
950900,333.2697452524724,1
950900,334.08047345038375,1
950900,339.448229206986,0
950900,290.7943386237052,0
951000,310.04029507274373,0
951000,290.2856351781938,1
951100,270.28820967340783,1
951100,298.0159688683546,0
951100,287.416868237674,0
951200,285.2899128376693,0
951200,329.94284971837504,1
951300,294.7208301185625,1
951300,265.9481488022319,1
951300,318.44945644527485,0
951300,278.75043526376317,0
951500,278.9249388886019,1
951600,281.88244799885126,1
951600,268.65213621866593,0
951700,322.54222592720777,1
951700,280.1585637361333,0
951800,292.7348716971421,0
951800,290.1179742755807,1
951900,275.7604251474305,1
951900,305.8207731420098,0
952000,279.8072438949227,1
952300,321.405725109857,0
952500,260.58624734025017,1
952500,263.48262529925444,1
952600,273.5619489784807,0
952600,302.8128140333117,0
952600,347.10145663631425,1
952700,301.7771630952668,0
952800,284.0450798024769,1
952900,305.30881000894993,1
952900,301.83190424563765,1
953000,302.6516962247381,1
953100,275.9521524254054,1
953200,301.59964327624607,1
953200,270.37911620613124,1
953600,273.07821390741196,0
953700,299.27580603454766,0
954300,326.3367356230385,0
954400,310.1688127736722,1
954500,324.6820224929216,1
954800,284.4463844443366,0
955000,362.9155167233181,0
955000,286.8632556017863,0
955100,305.47505754640963,1
955300,333.05941576502005,1
955300,349.0609283198863,0
955400,346.9172434585269,1
955400,350.6625964365677,1
955500,306.9695278817976,0
955600,322.6414616351665,1
955700,347.7028600960368,0
955700,332.42019864166184,1
955800,328.8736199743948,1
955800,356.73041942341104,1
955800,344.12328774026014,0
955900,338.6466431422576,1
955900,334.95315277188246,1
956100,339.3781304524159,1
956200,376.72031186401676,0
956300,348.7704309974019,1
956500,385.3594664379823,1
956500,339.22717074399924,1
956500,353.0140868947575,0
956500,318.0535716670808,0
956500,358.6445528215877,1
956600,351.8596799499778,1
956600,405.91238146489815,0
956700,363.20733995730984,1
956700,351.4931721214602,0
956700,350.7575359662281,1
956800,340.8953205452838,0
956900,363.44319515765744,1
956900,365.45684566169905,1
957000,335.7610000827034,1
957100,321.8556640651218,0
957100,323.77381012460063,0
957200,364.33904110290945,1
957200,373.5962223475624,0
957200,313.0292434297449,1
957200,335.13258577069865,0
957300,321.6984449128257,0
957300,373.21055119566887,1
957400,307.1611745211381,0
957400,323.3693925998813,1
957400,330.115802264989,0
957400,329.33183340940604,1
957500,344.9962931315087,0
957500,321.7385489269368,0
957500,348.84709767354525,0
957500,333.15032331914875,0
957600,341.23443721092445,1
957600,361.2891019446079,1
957600,344.84802069435347,0
957700,317.8111432121014,1
957800,352.9706127809544,1
957800,401.64475018243195,0
957800,403.0196932123734,1
957800,328.51826561384553,1
957900,330.4830114945283,1
958000,363.1347508835268,1
958000,394.206940030136,0
958000,428.81064393511775,1
958000,357.736663832037,0
958100,400.88480235234977,1
958100,305.72245423809545,1
958200,383.49816417581116,1
958300,350.9600214607209,1
958300,356.2010393362133,0
958300,333.8964297414006,0
958400,418.77672060664355,1
958400,365.7944560247849,0
958600,370.46245486176207,1
958600,378.1304927336767,1
958700,340.10479050875267,1
958800,314.37142321985925,0
958900,301.2369140323113,1
958900,375.2049355068638,1
958900,352.697187268113,0
959000,380.89689958943995,1
959000,370.11215127435526,0
959100,386.2199646878801,0
959300,349.8154134995057,0
959400,384.4359889771079,0
959600,362.62159567085865,0
959700,345.10954664725693,1
959900,401.8456304817303,0
960100,361.29975467110654,0
960100,407.1870321772791,1
960100,282.23776869468213,1
960100,378.23438196211157,0
960200,391.7867789671769,0
960300,395.13032465936124,0
960400,364.27041696066567,0
960400,364.5327306053633,1
960600,377.2492166049601,1
960800,283.5675518107158,1
961000,369.127459398482,1
961000,310.6797736937029,1
961100,323.8353578721719,1
961100,254.0064440495162,0
961400,315.13930837099775,0
961400,339.45018458371686,1
961700,245.77952026801415,0
961700,314.8910702374071,1
961800,304.06039978605145,1
962000,289.61357534959717,1
962000,421.8328671928411,1
962100,317.1544819800443,0
962100,335.95504512022046,1
962200,319.67578970175117,1
962200,321.24496166226913,1
962400,300.8215045898163,1
962500,324.3569768850282,1
962500,483.31596807778965,0
962700,356.1143556308259,0
962700,291.99168667173467,0
962800,356.1751503845959,0
962800,353.7967910233294,1
962800,258.11275377270806,1
962800,287.32855117940255,0
962800,240.44660440734583,1
962900,289.154849910737,0
963000,232.69338323698545,1
963000,371.7901208067476,0
963000,282.02234465957014,0
963100,248.28725055273844,1
963100,356.47397542483554,1
963200,333.0528776174348,1
963200,334.534175636207,0
963300,310.15671364913544,0
963300,329.63769710503135,0
963300,267.5882668802269,0
963400,340.9209152649716,1
963400,344.2256303436432,0
963500,339.55604810510897,1
963600,289.84718374564477,0
963600,308.0456996710026,0
963600,232.36802327932583,1
963700,319.1154892164052,0
963800,324.192456730351,1
963800,256.64160535875425,1
963900,301.10827294992623,0
963900,345.8415933308433,1
964000,338.79579309402516,1
964000,374.8209537294976,0
964000,362.8009358128765,1
964100,347.1257169551611,0
964200,319.04720023258795,0
964200,307.23858603379534,0
964300,343.8586163534482,0
964300,259.97757670625197,1
964300,341.51229886665965,1
964400,307.5628533956882,0
964400,346.69842299872386,0
964500,352.14447332162524,0
964600,329.8987694054843,1
964600,334.59350127098776,1
964600,221.5335522480826,1
964600,288.9534190454684,0
964600,312.97246198184865,1
964700,322.33820527749884,0
964700,264.4217461305071,1
964700,318.1460020561467,0
964700,489.10120815605836,0
964700,333.45742553152,1
964800,264.58108135325153,1
965100,357.3662301393616,1
965200,339.40443585836255,0
965200,389.04605193673723,1
965300,330.49380770763787,1
965300,233.61995929883273,0
965300,392.0751456364063,0
965400,243.97275230997073,1
965400,420.64182383980466,1
965400,380.57759044339394,1
965400,331.99640175200085,0
965500,358.96429581850873,1
965500,209.79191892730398,1
965500,362.2019495903948,0
965700,416.13733749384204,1
965700,320.93567515875657,1
965800,335.761755958548,1
966000,350.94253058389234,0
966000,327.7627588517729,0
966100,333.7969052677765,0
966400,365.9330764271859,1
966400,247.62736080204914,0
966500,314.1392983788835,1
966600,276.8421541145638,0
966800,254.6433984508422,1
966900,364.09371669571857,1
967000,258.04262465865366,1
967000,241.23027921146718,1
967100,529.8566182040861,1
967100,240.55222355122393,1
967300,317.0731869333569,0
967400,376.31813849757094,0
967600,374.294619831907,1
967700,248.34630724634093,0
967700,352.6835303210317,1
967700,241.5578600995133,1
967800,281.4967773262212,1
967900,319.87771992806177,1
968000,373.70737041457664,0
968200,239.22461531442278,0
968400,357.2190234283566,0
968500,305.8548804054467,0
968600,241.77940172226724,1
968700,255.80317265204593,0
968700,413.4698658052973,0
968800,275.9144496100675,1
968800,306.45662502129636,0
968800,255.98224716892327,0
968800,238.6088609967507,0
969100,360.44044870253794,0
969100,256.88729806380536,0
969200,302.17414494040634,1
969300,358.5417931080756,0
969400,307.7123530628319,1
969500,257.2223143708228,0
969600,338.639511155741,1
969600,258.6873918626882,1
969800,276.9384803480971,1
969800,233.86537511841948,1
969900,256.90080865929144,0
969900,287.12523273695075,1
969900,338.6772296769192,1
970000,317.46994276582313,0
970100,324.4708917947298,0
970100,407.84218406935736,1
970100,214.61189177191775,0
970100,299.98027262825326,0
970200,350.6552810593398,0
970200,280.95565294872694,0
970200,321.10174605845043,0
970200,362.8906558689127,1
970300,361.9691756529246,0
970300,464.042777092136,1
970300,268.4427996311716,1
970400,352.7376140396317,0
970500,410.1893676828009,0
970500,374.8874252851155,0
970500,404.4014223841414,1
970600,391.9437414860409,1
970600,369.8873443723233,1
970700,361.87481600891994,1
970700,325.0452785009271,0
970800,359.4446706840501,0
970900,369.9100816798404,1
970900,284.7493097685526,0
971100,355.83868657416576,1
971200,267.3757214980758,0
971300,374.28595917319154,1
971300,301.4663085902063,1
971400,324.62273231315953,1
971500,299.44805624012224,0
971500,372.01258797401067,0
971600,327.3100624036441,0
971800,318.1076060914365,0
971800,298.7852140194598,1
971800,353.00094080183175,1
972200,374.0668797838966,0
972300,379.77748210761723,0
972300,339.1518381130926,0
972400,367.2541167163605,0
972400,384.60572524786767,1
972400,384.2242360943189,1
972400,367.8719154991845,1
972400,343.88519726360573,1
972500,400.7201552631638,1
972600,336.41693278773647,1
972600,357.47118548179134,1
972600,396.8804425575867,0
972800,369.0174765181957,0
972800,432.83690561407144,0
972900,399.54204874968843,0
972900,337.15837181074926,1
973000,302.0917286176366,0
973100,379.9021460405095,1
973400,387.3059564830991,1
973500,404.3692346514676,0
973500,378.28363078474706,1
973500,378.243054647916,0
973600,387.70433815780865,1
973900,437.7778949480931,0
974000,324.14560644941633,0
974100,389.7056961062588,1
974200,373.5181641557286,0
974300,356.5561445697664,1
974400,225.12148377440118,0
974400,368.58965990064064,0
974400,308.8477980182695,0
974500,300.3080613650526,1
974500,335.57587340018773,1
974700,221.71986462585895,1
974700,347.57162878670505,0
974700,244.45141445890175,1
974700,227.2289801111692,1
974700,347.2359716876053,1
974900,399.8445216846401,0
974900,256.5050054484965,0
974900,390.181806243855,1
974900,258.3317639054106,0
974900,236.40039294368125,0
974900,254.8455350109023,0
975100,245.04025130903142,1
975100,248.65083777703143,0
975100,218.88856369131705,0
975200,357.3599025660363,0
975200,365.5576983181257,1
975200,242.49681562298025,0
975300,242.44927423533542,1
975300,221.60324924567664,1
975300,235.70967429823483,1
975400,432.27825623999536,0
975400,373.76556675782393,0
975400,302.92887511418724,0
975500,297.3689397174627,0
975500,292.6915478849004,0
975500,339.9606257555409,1
975500,339.659104466187,1
975600,312.5882348973995,1
975600,272.1422299278875,0
975600,383.5700854459103,0
975600,221.08069972733614,1
975600,252.51399515925831,0
975900,349.5038840695094,0
975900,281.88791968304076,0
975900,321.2303596037546,0
975900,291.0656743257827,1
976000,325.96680092743526,1
976000,271.5919507635792,0
976000,253.77175625391598,0
976000,352.21514574063485,0
976100,440.2713954536672,1
976100,302.3152557497896,0
976100,369.0518294766896,0
976100,354.1074363362158,1
976200,287.57077826871057,0
976200,217.83594974689672,1
976200,291.4997005284716,1
976200,326.186324278322,0
976300,241.8464168602283,0
976300,374.56132724554914,0
976300,330.14410265898573,1
976300,365.55309576687574,0
976500,258.934505948736,1
976500,236.28803712669023,1
976600,315.20754531517633,0
976600,307.432654955605,1
976600,260.6597071545918,1
976800,478.16878324672837,0
976800,303.4428088721235,1
976800,221.6072011889101,0
976800,474.17274307198113,0
976900,342.69402969839547,0
977000,286.3035249928243,1
977000,376.66179351005314,1
977000,273.82114749888444,1
977200,250.98231495052764,1
977200,242.60217737989157,1
977200,242.73501193597184,1
977200,240.4978830892231,1
977200,296.31039819555195,0
977300,257.1803409657388,1
977300,293.8807401519587,1
977400,260.86551273478756,1
977400,243.01796140638353,1
977600,230.79343319097882,1
977700,260.7559809110782,1
977900,254.31081042965695,0
978000,285.6225726900652,0
978300,336.0669473004958,0
978400,271.74173959612733,1
978500,286.74566810253833,0
978600,231.23722129861864,1
978700,305.43897452522043,0
978700,212.48899121451447,0
978900,327.7641417259883,1
978900,249.42982564683913,1
978900,240.40190712349153,1
978900,236.2877219612033,1
979100,319.5393041858243,1
979100,291.98536793122867,1
979100,287.2023131094956,0
979200,237.71977223439032,0
979200,316.3723927802855,1
979300,242.93871539316808,1
979300,247.10154168438308,0
979500,255.49147493070092,1
979500,268.4749674175952,0
979900,268.8391452701829,1
980000,267.3904833568415,0
980100,278.4804786041473,1
980400,342.3358926465672,1
981000,308.32924357644526,1
981200,286.66736567158335,0
981300,271.5230665594833,1
981400,333.7887680070892,1
981400,401.7659488009204,1
981500,415.87006081150963,1
981600,327.9516406622734,1
981700,330.202190130922,0
981700,351.754770789092,0
981700,333.2979925562015,0
981700,275.0776963181893,1
981900,366.2332289091817,0
982200,333.51304262870906,0
982200,308.77729564434475,1
982300,362.9705721047861,0
982300,340.96187734527854,1
982400,349.7489234807344,0
982500,328.10077219761945,0
982500,371.09483299862313,0
982500,325.82767274325636,1
982500,364.57037049597176,0
982600,370.6711080908666,0
982600,368.5583456710602,0
982600,363.88983071611256,1
982700,360.33077909231326,1
982700,336.74706196147486,1
982700,340.29471866510124,0
982700,306.0464702285316,1
982700,353.83379389444025,0
982800,382.34949130542464,1
982800,359.74782284299823,0
982800,332.2051072367072,1
982800,369.037376682588,1
982900,310.6452002198012,1
982900,369.94042840074246,0
982900,292.039078822567,1
983000,409.97888072310536,1
983000,399.43381242035053,1
983000,401.7185955714685,0
983000,339.2968558771695,1
983100,337.5777644102148,0
983200,351.1382777162449,1
983300,398.2298284294765,0
983300,366.12094618664383,0
983400,361.97352473125545,1
983400,339.3900016459,0
983500,347.660114183473,0
983500,361.00883888825575,1
983500,333.8142294588226,0
983500,374.9481735058006,1
983700,336.02182725889986,1
983700,352.5960133938799,0
983700,433.5133192553563,0
983800,355.7686503994831,0
983800,427.6997439161379,0
983800,394.43443118405287,0
983900,271.0546424348715,0
983900,335.45738118789757,0
983900,333.15130425366397,0
983900,381.3135074726913,0
984000,316.0753979536353,1
984000,334.8075411216254,1
984000,398.9592183198941,0
984100,361.74865339467635,0
984100,394.6120013068259,0
984400,355.7182005512343,1
984700,370.0604384753063,1
984700,392.326338882153,0
984700,331.98467309655854,1
984700,352.23813673294285,0
984800,380.9711582585728,1
985000,391.6204144266221,0
985000,377.7154898654131,0
985100,403.62114637994114,0
985300,340.2544556753202,0
985500,361.07811820200885,1
985500,413.28455955154635,1
985500,329.94342928231123,1
985600,312.5176631397534,1
985700,384.7987807359029,0
986000,361.2147127435772,1
986100,347.5227279201542,0
986100,364.9669294847694,1
986200,372.5125573151664,1
986200,353.1032295726419,0
986300,382.89901861297574,0
986400,346.16460061634916,0
986500,358.0360427719535,1
986600,376.331254960343,1
986600,334.9903420001,1
986700,383.96073820056097,1
986700,461.6567157211193,0
986900,339.5204825857533,0
987200,403.133816958417,1
987200,406.68226212118947,1
987200,418.12172844633403,0
987500,317.96887095468713,1
987600,388.2364503353703,1
987900,427.81718027879265,1
987900,340.62951717754436,0
988000,338.4175045985456,1
988200,323.52392382806704,1
988300,404.1824513108073,1
988500,358.6172163651456,1
988600,349.75517874783725,1
988700,364.319124586384,0
988900,368.43059309818494,0
989100,388.0515571818031,1
989300,358.63871030490776,0
989300,341.35182703744135,0
989400,346.4906958966886,1
989400,376.65679732820587,0
989500,399.88411155486614,1
989500,389.6241663864998,0
989500,346.4000720436428,0
989500,343.040246740203,1
989500,370.55206053096157,1
989600,342.5081339269831,0
989900,389.7006007122328,0
990000,357.0148754321749,1
990000,317.1504187829839,0
990000,383.577118681566,1
990100,364.82010358142105,1
990200,336.7582145670488,1
990200,382.29018531762085,0
990200,372.0132611005705,0
990200,410.9655621687811,1
990200,382.7778871917012,1
990200,366.9667838493384,1
990300,373.99656261345297,0
990300,353.29469012148036,0
990400,329.1320039557445,1
990400,312.87958763514405,0
990400,359.94036365306357,1
990500,410.42335925220294,1
990500,386.1827358860942,0
990600,415.294540251911,0
990700,360.60244592116646,0
990700,397.2634658452784,1
990700,309.9965169420731,1
990800,418.1576821880097,0
990800,384.3159768486973,0
990800,386.4560523377482,0
990900,398.12629293852905,1
990900,424.62104480738583,1
990900,407.6632349108534,1
991000,354.9471990381717,0
991000,346.74363723347625,1
991000,355.0884253112077,0
991100,397.2856749018118,0
991100,354.6804630965494,0
991100,384.889163031198,1
991100,339.6710061806781,1
991200,424.07654178226625,0
991300,400.7369619462509,1
991300,400.27353028688975,0
991400,336.076936359616,1
991400,371.5390421862156,1
991400,384.7065125524951,0
991500,400.66105472207926,1
991500,396.3700959795872,0
991700,359.608509055506,0
991800,443.28303217445324,0
991800,346.1239777050228,1
991800,340.00568611125686,1
991900,355.3045032445924,1
992000,345.80783351791894,1
992200,794.9722971738948,1
992200,427.2834601494062,1
992300,339.54161800525424,1
992400,433.13412025673136,0
992500,392.5578978957828,1
992500,377.3910949627976,0
992600,316.4508698564133,0
992800,319.859013386572,1
992800,351.7095277449444,1
992900,361.65834752706803,0
992900,505.48293934791303,1
993100,476.98411594811313,1
993200,350.13198573529957,1
993200,325.29384349256986,0
993200,343.71823072182065,1
993300,297.3578648804128,1
993300,340.2185552399354,0
993500,395.72621110090216,0
993700,434.6623130301966,1
993900,356.21146539084486,1
993900,426.7952987095012,0
993900,357.51326034553034,1
994000,327.30969770092787,1
994100,416.4522368630031,1
994100,371.02139307960124,0
994100,360.9951640481197,1
994200,394.7492719829245,1
994400,349.98172450136167,0
994500,386.82040262759165,1
994500,330.6552636693278,1
995100,374.2773339449913,1
995100,384.139763546335,1
995200,329.51173792150945,1
995600,394.77906247846505,1
995700,352.7299021183098,0
995700,336.5939494903825,1
995800,377.1678146006786,0
996300,300.5928324763959,0
996400,403.7907890868174,0
996400,347.2059909410361,0
996400,344.3373153890583,1
996400,412.2721407073307,1
996500,315.5410471856474,0
996500,396.9638275616626,1
996600,359.55686081865105,0
996700,363.89398213895765,0
996800,318.7818132309398,0
996900,368.28001556383083,1
996900,374.87266333008347,0
997000,330.3963023033227,1
997000,343.2813835673029,1
997100,365.1182779908077,0
997100,337.71626893659766,1
997200,379.4996447873908,1
997200,356.72098103963896,0
997200,319.1194300225626,1
997300,354.88115108882664,1
997300,323.5511908807366,0
997400,338.038644189296,1
997400,332.51970750813035,0
997600,371.9299459349331,0
997700,347.4616947410734,1
997700,342.1914007780933,0
997700,331.43037117076057,1
997700,392.9464195345956,0
997700,424.1840103819238,1
997800,383.7390364363414,0
997800,428.3875204462121,1
997800,321.2892509291416,1
997900,359.26185056740854,0
997900,395.2567016402723,0
997900,358.3018361821037,0
998000,382.1480920696355,1
998000,409.96865673006744,1
998100,389.6374326943515,0
998100,361.00669116157286,1
998200,430.49685918361956,1
998200,398.14615842042036,1
998200,341.97044133200836,0
998400,365.9164908676712,0
998400,287.4685892728079,0
998400,351.69623081823585,0
998500,367.532119120118,1
998600,327.72735570506126,1
998600,372.8924595106691,1
998600,348.22496776913187,0
998600,344.80501766106187,0
998700,363.7479586788205,0
998700,400.77565302859966,1
998800,423.84317897598277,0
998900,393.8556637812439,0
998900,343.10992492041385,1
999000,334.4000295217564,1
999000,414.59270813227806,1
999100,397.3466234253206,1
999300,339.08858651067976,0
999400,303.810496188495,1
999400,378.28352681014513,0
999500,422.1326037909382,0
999600,353.82825023028755,1
999600,429.59052054439513,1
999700,348.56770711646124,1
999700,336.2701912006553,1
999700,458.911791176663,0
999700,348.1232525225516,1
999800,289.85254678796076,0
999900,334.3927612737175,1
999900,507.7303482007433,0
