step,episode_return,has_disturbance
1600,78.32947420532398,1
1600,75.88268119050893,0
1600,78.38500524950902,1
1600,77.69187160544662,0
1600,78.52072269323025,0
1600,78.83834119194704,0
1700,83.00860818984283,0
1700,83.03202171631139,0
1700,83.7021637357283,0
1700,83.65078499176371,0
1700,83.68647546361906,1
1700,83.74592022590546,1
1700,82.52595855571477,0
1700,83.20139921816644,0
1700,82.21780768303546,0
1700,83.3055823935696,0
1700,83.37154171093589,0
1700,83.0911820464459,1
1700,83.26288575873919,1
1700,83.40466481120505,0
1700,82.94118326832955,0
1800,87.75635253352966,1
1800,88.37935149728358,1
1800,89.17215123952191,1
1800,88.29262880585769,1
1800,88.86181786725263,1
1800,87.06321941938047,0
1800,88.06598535045113,0
1800,88.26935293755312,0
1800,87.17679310306602,0
1800,89.52902849644232,0
1800,88.51884976819562,1
1800,87.94723653747162,0
1900,96.10691910548175,1
1900,93.25381426398285,1
1900,94.73340951928725,0
1900,95.15279299986982,1
1900,94.97098900312885,1
1900,93.43207032915811,0
1900,94.6023605403079,0
1900,94.16637576962387,1
1900,94.05393063308745,0
2000,99.20364450437638,1
2000,98.80189871873003,1
2000,96.87037686778582,0
2000,96.49922234734967,0
2000,99.94048117109531,0
2000,100.03393618152639,1
2100,103.7401268531712,1
2100,106.05516233659127,1
2100,105.18380303442481,1
2100,104.96544106930114,1
2100,103.99613754322644,0
2100,103.62010477224656,1
2200,110.24896331433807,1
2200,106.18295823191852,0
2200,107.44410818391471,0
2200,110.56731331926802,1
2200,108.75061657556532,1
2200,110.43822147533596,0
2200,103.93929978165677,0
2300,103.44091678552854,1
2300,112.2594804602367,1
2300,115.901142940271,0
2300,111.29916236532299,0
2400,119.34499035770112,0
2400,118.04986944821515,1
2500,121.81400084971038,1
2500,123.44362486715248,0
2500,125.65198309181027,0
2800,138.15369876995467,1
2800,130.8760594572803,1
2800,135.5027859382829,0
2900,137.43983100495925,0
2900,142.6511155229555,1
2900,142.95027924452592,1
2900,140.65475234551107,0
2900,146.84025333757577,0
2900,142.09684832708174,1
3000,144.00238090496498,1
3000,146.3101049740182,1
3000,145.4661677897203,1
3000,145.8834786978581,0
3000,151.35831967575615,0
3100,143.6213085093542,1
3100,154.99157772805384,1
3200,147.4299088560532,1
3200,144.72365672014607,0
3200,160.87311071074802,0
3200,158.91738650981918,1
3200,157.3912601699487,0
3300,160.3011863690632,1
3400,78.6114566792493,1
3400,166.5951939108026,0
3400,78.25266945939089,0
3400,170.01600011401132,1
3400,165.84151694884216,1
3500,77.21634240845154,1
3600,83.25165168033811,1
3600,184.70056427460102,1
3600,170.32893521226865,1
3600,82.91740776016515,1
3600,168.2340774177565,1
3600,82.98427783395232,1
3700,91.8201408646501,0
3700,86.10963522858793,1
3700,95.50295509228977,1
3700,172.63693331478285,1
3800,78.56252962357702,1
3800,89.74513781942531,1
3800,83.6127016647634,1
3900,82.89294694937898,1
3900,78.44001445647595,1
3900,102.25734971970566,0
3900,96.6483938211776,0
4000,99.56887259582574,1
4000,78.27065584180777,1
4100,77.89593880013481,0
4100,81.7535276541628,1
4100,83.06171527646389,0
4100,89.51638669084902,0
4200,104.46290933380477,1
4200,105.58588702480611,1
4200,82.77433552248552,0
4200,94.9547450448777,1
4200,83.49820482790635,1
4200,106.57639382898279,0
4200,103.6518291505185,0
4200,104.0408258077549,0
4300,83.1386366871574,1
4300,117.76297986256057,0
4300,109.00122866696078,0
4300,114.74544501565887,0
4300,100.92085236064061,0
4400,225.37875541640753,0
4400,121.27833496312545,0
4500,114.7411683946601,1
4500,121.10234165932697,0
4500,105.58888494855425,0
4600,113.43332048414433,0
4600,128.11899374370321,0
4700,77.7749574952343,1
4700,131.59908265260788,0
4700,78.80868543460063,0
4700,136.58253183571279,0
4800,104.91902288453105,0
4800,89.28712449221146,0
4800,144.49368661521277,0
4800,124.8286800586521,1
4900,149.9911645376939,1
4900,136.45717178288183,0
4900,138.6660685191776,1
4900,123.07430903295742,1
4900,88.30708166248759,0
5000,121.63559498208488,1
5000,83.02066022771373,1
5000,88.58758564476265,1
5000,84.53180545516793,0
5000,94.59036706691074,0
5000,88.7841911629142,0
5100,146.90663403001017,1
5100,93.6544177775131,0
5200,151.81688538539362,1
5200,88.68627829622504,0
5200,84.08542490137073,1
5200,138.15708682260455,0
5200,152.50840597540153,1
5200,149.98553604783703,0
5300,83.48296840090923,0
5300,111.97712849609667,1
5300,165.46120038777627,0
5300,78.515534542813,1
5400,171.68887756979566,0
5400,87.98198651029861,0
5400,146.0478510730066,0
5400,115.3895184039966,1
5500,146.21784736965856,1
5500,78.99353103928351,1
5500,165.89785690853026,0
5500,83.46838705352287,0
5500,168.908045706626,0
5500,83.83193294898294,0
5600,111.30364031828834,1
5600,89.37952558928097,0
5600,78.87917535677437,1
5700,84.1525916431513,0
5700,105.52610784494091,0
5700,88.36616709602524,0
5700,78.22302735945894,1
5700,94.10004481059859,0
5800,181.58014521130974,1
5800,151.79648828163067,1
5800,136.20928001060426,1
5900,126.80536394342005,1
5900,94.93983714502677,0
5900,213.01237287545948,0
5900,117.60574789081862,1
6000,119.17020064392996,0
6000,84.25850606699434,0
6000,91.03237334951,1
6100,126.14452458072613,1
6100,157.9676755212847,0
6100,143.46424064061006,1
6200,173.5324706027444,1
6300,125.39111677344988,0
6300,100.10114445242569,1
6400,100.34984428577236,1
6400,83.46984986145223,1
6400,225.16179594899117,0
6500,99.62488466015886,1
6500,215.91231390787414,0
6600,103.32605715039058,1
6600,167.418032744848,0
6700,148.61230514499223,0
6700,120.85776759087382,0
6700,121.3880890961813,0
6700,111.36903270487635,0
6800,119.1483609153857,0
6800,244.93210216535928,0
6800,118.2219799043204,0
6900,122.46669408368153,0
6900,136.3119414031541,1
6900,140.30540826012825,0
7000,185.6051919545346,0
7000,97.66520070213598,1
7100,129.51489303498073,0
7100,95.01876039488167,1
7300,110.68814412719306,0
7300,93.91378091027032,0
7300,135.07298253955673,1
7300,97.75202562531716,0
7300,119.09814729506923,1
7300,105.1220789741305,0
7300,107.26991802758553,1
7400,95.65461979487159,1
7400,99.20145041837823,0
7400,104.71680074615065,0
7400,90.46346956496495,1
7500,135.83999677977025,0
7500,90.11064173046292,1
7600,114.87042534579128,0
7600,138.05063414664085,0
7600,175.95044798000814,1
7600,115.48523811470945,0
7600,95.79009604506639,0
7700,125.49967735689822,0
7700,168.00901116354726,0
7700,142.04293350681155,0
7700,138.19034482613864,0
7800,170.9616762580136,1
7900,141.36252103476824,1
7900,163.9771862835023,0
7900,124.32512915228585,0
8000,166.58126316274226,0
8000,153.45244687416644,0
8100,187.65535432526536,0
8100,106.75228165867057,0
8100,119.92090280532784,1
8100,112.70833076302287,0
8100,164.16762519503544,1
8100,100.84699927349745,1
8200,139.66332874558995,1
8200,167.65684592566984,1
8200,123.02227321269083,0
8300,126.7406144061529,0
8300,135.4462479091902,0
8300,170.12034571424007,1
8300,140.2454411385149,1
8300,176.0024846234621,1
8400,146.4141585527025,1
8400,198.358336131811,1
8400,157.71236779398802,0
8400,106.85930365907922,1
8400,232.58753753709254,0
8400,121.70875495355011,0
8400,143.32829910117303,0
8500,166.64578201654214,1
8500,99.71455845475619,1
8600,136.4975916800056,1
8600,136.66977439466703,1
8600,223.16138269676708,1
8600,134.43785055866925,0
8600,116.93210421144003,1
8700,176.57574310318935,0
8700,79.42484058194185,0
8800,132.53782049984858,0
8800,193.3517815566978,0
8800,106.82770767218705,1
8800,153.2421527744873,1
8900,116.31524210882199,0
8900,136.36695756784383,1
8900,124.51812879849223,1
8900,131.3982014544865,1
9000,158.95700876192953,0
9000,164.69225882028027,0
9000,176.97238954769972,0
9100,109.66917150328487,1
9100,161.02005662950157,0
9200,154.70720706079229,0
9200,179.77653872019226,0
9200,189.238108364437,0
9300,242.03304747337228,0
9300,135.4510708669238,0
9300,111.56121713461543,0
9400,133.10600457418195,0
9600,233.10899475564332,0
9600,144.17809930072028,0
9600,155.39335163283332,1
9700,168.31008935426786,1
9700,156.6010520499992,0
9700,179.31634196655827,1
9800,126.51397368997497,1
9800,114.64800548947294,1
9800,109.59015206074142,1
9900,115.05526781585341,1
9900,157.98126091438226,1
10100,125.24168610928244,0
10100,111.32074617545187,1
10100,286.3411821887404,0
10100,161.7581590587191,1
10100,124.33755310027145,0
10200,116.90216399517342,0
10200,125.77985123465001,0
10200,168.19979205865718,0
10200,132.97789672952334,1
10200,133.47524034556278,0
10300,133.73158488632453,1
10300,139.27252351007346,1
10300,118.45299498001846,0
10300,123.5133131334081,0
10300,115.35672191862014,1
10400,140.48376044638718,0
10400,159.65854504447407,1
10500,179.29204326480786,0
10500,171.99242974112704,1
10600,138.6196794252878,0
10600,242.65443228960876,0
10600,135.35530307472504,1
10700,124.11721629510795,0
10700,105.68564512535659,0
10700,186.49612340920908,0
10700,94.28628926733869,0
10800,119.29514745712424,0
10800,180.19591141961195,0
10800,240.16801362739395,1
10800,98.53893947299366,1
10800,199.66624570930722,1
10900,109.4125237127801,1
10900,120.78717381016918,0
10900,226.1410346986005,0
11000,138.32866283313305,0
11000,115.51369181272803,1
11100,102.13191844397943,0
11100,128.67083184876253,0
11100,111.12224266085552,1
11100,175.3130446000523,0
11200,151.3224477872404,0
11200,161.86552842547658,1
11300,151.32956594468942,1
11300,162.3842380504463,1
11300,114.00502665126999,1
11400,152.6900132758245,0
11500,224.70479548411166,1
11600,184.59709603354128,1
11600,148.57439715116413,1
11800,179.92533953346611,0
11800,171.95589108338723,1
11800,176.12423039449448,1
11900,208.53261448471815,0
11900,150.82621683785902,1
12400,257.89390035791945,1
12500,190.01267118884186,1
12800,208.82813090994043,1
12900,206.3096723774756,1
13000,241.64669909914676,1
13100,218.54231714468852,1
13200,276.3913646759022,0
13200,249.856717843802,0
13300,159.56489777693832,1
13400,227.87411706140225,0
13500,173.5557610505434,0
13500,221.73898088270397,1
13500,202.8201182086721,0
13500,254.95961104976823,0
13500,157.3904381455248,0
13500,171.66478238372144,0
13600,174.11222882072988,0
13600,151.53375935879328,0
13600,176.41341327652273,0
13600,163.38974041198853,1
13700,178.06862557041777,1
13700,287.56174105890824,1
13700,185.76115242788532,0
13800,220.26814106665725,1
13800,274.1279872312502,0
13800,161.64025673469268,1
13800,208.1612824577146,1
13800,169.4646030846943,0
13800,209.64502050327636,0
13800,241.93974371161102,0
13800,194.90945822742643,0
13800,197.02346806099382,0
13800,265.86033613257763,0
13900,171.86477291302768,1
13900,194.61320644177692,1
13900,170.08151198918586,0
13900,172.49300203018564,1
13900,241.10030500227884,1
13900,175.69178290942503,1
14000,170.82451943956679,0
14000,181.0892463722161,1
14000,182.11148206288829,1
14000,196.89112726503748,1
14000,287.6325888096645,1
14000,153.07649065635874,0
14000,179.79680261143054,0
14000,175.812657520702,0
14000,168.11873951467257,1
14100,162.2895688193744,1
14100,207.50476591506228,0
14100,245.9711513607629,1
14100,173.33641894472984,1
14200,175.63095683503184,1
14200,153.24144418179566,0
14200,168.36753260822402,1
14200,170.79078969054947,0
14200,303.3599892613215,1
14300,298.7138996472291,0
14300,264.5547444479481,1
14300,166.64970141497326,0
14300,251.03888596222745,1
14300,287.00905152447854,1
14300,164.4932316212156,0
14300,170.24867369934526,0
14400,280.015818275795,1
14400,188.52620351453996,1
14500,252.25937840124902,0
14500,165.10945403306386,1
14500,174.67816846809285,0
14500,159.71490422346034,0
14500,183.69695970396904,1
14500,170.39185883156992,0
14500,163.68587876430587,0
14500,183.10212986049044,1
14600,180.5066353908296,0
14600,178.01987180755077,0
14600,152.25891649631458,1
14600,275.16308949480293,1
14600,171.73449404302244,0
14700,164.46233890764844,1
14700,291.6355351859072,1
14700,261.5599894115758,1
14800,327.45627687586045,0
14800,177.32138840563886,1
14900,171.13542248257488,0
14900,161.25723067803827,0
14900,180.45424896286622,1
14900,168.7981459849493,0
15000,179.8629253166388,0
15100,179.0457942846984,0
15100,190.02359257621657,0
15100,163.0700453568647,1
15200,169.6375655764509,1
15200,292.0566712278171,1
15300,158.9146401233703,0
15400,163.55081736430938,1
15400,162.24824599671035,0
15500,181.90113214439484,0
15700,182.33930978833402,1
15900,189.9527527981819,1
16200,176.95082092442044,0
16300,181.27743851167853,1
16700,177.75396831784687,1
16700,168.83539882345832,1
16700,158.68257042817783,1
16700,177.025428306299,1
16700,150.5034474576167,1
16900,178.0795237544594,1
16900,153.42678050033916,1
17000,175.02849185339682,0
17000,158.65133354583688,1
17100,168.1466072887727,0
17100,185.62641243221546,0
17100,164.75350580944692,0
17100,161.6745897256489,0
17200,152.22172744849968,0
17200,160.20951898290917,1
17200,160.37968077650757,1
17300,156.6884411651489,1
17300,159.97969002595732,0
17300,155.8452868107628,1
17300,180.0206999639806,0
17300,180.8901915373124,1
17300,166.92664940982596,0
17300,160.3227108951836,1
17300,159.6243356105539,1
17300,163.10916035905316,0
17300,159.78434960242598,0
17400,168.89122401457053,1
17500,173.87303054812762,0
17500,170.54845349789687,0
17500,163.91108965419852,1
17500,164.9629655934787,0
17500,167.0128815896748,1
17500,144.90667913633018,1
17500,188.4835739266585,0
17500,163.2818137498417,1
17500,169.64387503294026,0
17500,165.83556743372085,1
17500,167.50755500383775,0
17500,155.91414655742594,1
17600,167.39738630385884,0
17600,147.54333062906275,1
17600,164.41041964313752,0
17600,161.85966165534234,1
17600,164.37186689550174,1
17700,167.17710522859204,1
17700,171.89987109243214,0
17700,171.958526098194,1
17700,152.57897003112126,0
17800,171.64858863814348,0
17800,160.5529925552536,1
17800,175.16357535181618,1
17800,154.27489094648928,1
17800,163.47004027404225,1
17800,172.0495271404455,1
17800,166.8085932619596,0
17900,175.6403785355804,0
17900,163.1677768866966,1
17900,180.94574532375418,0
17900,160.25880966312073,1
18000,169.43939584936294,0
18000,167.6227156669172,0
18000,167.71754251783506,1
18100,160.3979783231294,0
18100,160.1087342069235,1
18100,157.57011234255404,1
18200,164.99102883110893,1
18200,156.5602089055971,1
18200,166.01271977794553,1
18300,174.7741047014113,0
18300,178.7578134099549,1
18300,159.67184060235357,1
18400,177.9685249306555,0
18400,188.0023651300018,1
18500,178.7643965901629,1
18500,169.01231964210163,0
18900,200.637365830399,0
18900,194.40759414010893,0
19300,202.56551832845355,1
19600,203.12175002700178,0
20100,244.168773828024,0
20200,255.97326039042812,0
20300,239.5114379085426,0
21200,281.4218988085239,0
21200,268.2559745531262,1
21300,275.8640509080833,0
21400,279.0218007160174,0
21400,282.59282286446546,0
21500,304.2755405059485,0
21600,301.866805181727,1
21700,325.17263465319877,1
21700,270.36176614070115,1
21800,184.94775063918402,0
21800,303.9235216684239,1
21900,302.0051836771676,0
22100,209.67017161353294,0
22200,190.654007982246,0
22300,114.99175295221116,1
22300,243.98619709608744,0
22300,211.354584516307,1
22400,216.01178442223576,0
22400,133.0266920562085,1
22500,314.6834198309195,1
22700,207.1733712747775,1
22700,106.60964122234151,1
22800,232.71800013093312,0
22800,199.74327358690132,0
22900,108.47247575047298,1
22900,227.89787578736227,0
23000,250.45517172080707,1
23000,244.69994875510346,1
23000,222.01499441385292,0
23100,121.83533890752658,0
23100,264.92651840020517,0
23100,293.0194708497016,0
23200,364.67301060462546,0
23300,257.4227593331915,0
23400,337.60753715496554,1
23400,306.57610975538887,1
23400,265.9296322134967,0
23400,221.16494325447368,0
23400,304.84299864134977,1
23500,269.39760998198915,0
23500,234.07775552549438,0
23600,322.25471887379393,0
23700,269.5029105003547,1
23700,308.5702320219729,0
23800,276.75680656778815,0
23800,284.9819724601434,1
23800,289.0964682824385,1
23800,242.9549630193804,0
23800,106.94929602700661,1
23900,108.29679471766622,1
23900,240.90206591963738,1
23900,298.06306550431,0
23900,245.5416545880015,1
24000,249.67308066865056,0
24000,298.8872003655579,1
24000,279.6865192779277,0
24000,114.11298835179016,1
24000,320.71515581081064,0
24000,334.29672395518867,0
24000,289.08501285975814,0
24000,324.5648851508894,1
24100,346.1195293342893,0
24100,261.66506542783725,1
24200,422.81406205509717,0
24200,113.04359236352315,1
24200,119.0766866664878,0
24400,118.09571829512224,0
24400,114.15058118545286,1
24400,110.60148925924412,1
24400,128.54012689086082,0
24500,317.69580316068357,1
24600,322.08099950909843,0
24600,117.12868952573622,1
24600,312.44020046729605,1
24600,112.95158173378586,0
24700,369.3115260301913,0
24700,115.39181226921363,1
24700,344.35461378298794,1
24700,314.92808267926574,0
24800,369.7364969387006,1
24800,110.05569411041299,1
24800,291.67764808539073,1
24800,358.0209293592949,1
24900,383.9605212414131,1
24900,309.053696045387,1
24900,362.1360127339856,0
24900,332.7536342080744,1
24900,108.23612211833624,0
25000,385.7020918722543,0
25000,375.7158457543272,0
25000,293.43017389185337,0
25000,111.75830411004488,1
25000,107.61515241663766,1
25100,352.6800704066043,1
25100,354.4400868725467,1
25100,111.69970070465274,1
25100,313.9176079753534,0
25100,109.66402305910043,1
25200,132.5822101499648,0
25300,367.6617135162487,1
25400,117.4679045204068,0
25400,278.0582844927311,0
25400,394.1042331608477,0
25400,99.82824097936776,0
25400,117.8891857007062,0
25400,114.44821757346037,0
25500,362.88875898764474,0
25500,101.68754513630822,0
25500,110.57286197795123,1
25500,100.67745533320853,0
25500,333.42770088237535,0
25500,103.45951162568677,1
25500,115.87089655146059,0
25500,113.61429025713058,1
25600,321.25448906236215,1
25600,101.6720220722614,1
25600,343.4792993501311,1
25600,96.3397127635584,0
25600,348.84646845493603,1
25600,104.26601085402892,0
25600,108.30946157056985,0
25600,107.4858540868601,0
25700,382.3771141920816,0
25700,336.46631088661826,0
25700,292.4957400542125,1
25700,95.67484497719241,1
25700,89.3723963756083,1
25700,95.65515343015784,1
25700,337.2591446766488,0
25700,90.85349505639317,1
25700,95.02353866891298,1
25700,89.37004197007602,0
25800,409.64350444089763,1
25800,82.36145953343674,1
25800,85.39960933886714,0
25800,378.02835821084926,1
25800,86.99871984865037,1
25800,100.5517682792658,0
25900,338.71214523208255,1
25900,87.49772036160707,0
25900,88.79679976221196,0
25900,469.8407994771561,0
25900,355.92466325059036,1
25900,84.36101453001461,1
25900,68.97404714203537,1
25900,85.9119579059006,0
25900,85.95412499199757,1
25900,350.0938263751106,1
25900,370.93851647414056,1
25900,82.79292928912191,1
26000,391.61996341940363,1
26000,83.9423259668531,1
26000,77.46634892208104,0
26000,83.22804869275744,0
26000,85.36826856503978,0
26000,78.51095544698143,0
26000,72.13441692246258,1
26000,83.91702866914694,0
26000,87.03779711531708,1
26000,79.90664423974599,0
26000,80.16370675973332,0
26000,61.295509188426685,1
26000,77.44878823987676,0
26000,78.92321562806298,0
26100,80.89017327977683,0
26100,54.45747566368263,1
26100,55.41035554125751,1
26100,63.33279430675411,0
26100,66.96945907922421,0
26100,58.49137863386686,1
26100,77.90636482320738,1
26100,81.44848159742149,1
26100,56.62474890273421,1
26200,59.218939988447225,1
26200,57.383029085003734,0
26200,58.734811490395685,0
26200,57.75234377400692,0
26200,59.42124500286106,1
26300,63.98493729068573,1
26300,49.88748910494132,1
26300,55.89784073005439,0
26300,58.39169418212876,0
26300,55.54305887902556,1
26400,59.217657958447084,1
26400,57.513451839153255,1
26400,54.97557547019718,1
26400,55.19897751386456,0
26400,53.404998911025956,1
26500,56.45211722524355,1
26500,53.29452564045386,0
26500,53.502957600964,1
26500,58.109682814018825,1
26600,51.653667738315356,1
26600,57.73552313978955,0
26600,52.435840376397685,0
26600,57.108591156830144,0
26600,52.844484865303514,0
26600,56.351798977035,1
26700,56.89642783976498,0
26800,54.091456266208596,0
26900,57.9861320521456,1
26900,54.49416311118451,0
26900,55.622785285526135,0
26900,55.43373940851884,1
26900,56.312642213219426,1
27000,51.56008457005094,0
27000,56.50844397982783,1
27000,52.53396245987191,0
27000,50.16974039849307,0
27000,63.18196920312833,1
27000,59.09716093107475,1
27000,59.11670482113184,0
27000,52.08843703354715,0
27000,55.65413959155531,0
27100,59.48098756902808,0
27100,51.12929885583571,1
27100,57.71914942077368,0
27100,58.63366044809175,0
27100,55.675958592517894,1
27100,51.00130020070218,0
27100,56.40157525486493,1
27100,58.86495254320519,1
27200,57.642353908106266,0
27200,56.21386511252393,0
27200,55.63887828303527,0
27200,51.92085205413772,1
27200,53.034205196928255,1
27200,56.156295663782515,0
27200,55.612157148554125,0
27200,53.79085494822044,0
27200,52.0411714095151,1
27200,59.191744120562255,0
27300,55.8253924544951,0
27300,53.053439021456924,1
27300,52.51167906322298,0
27300,57.267704474178394,0
27300,58.68816987791589,1
27300,52.87074350188203,1
27400,57.783453159636096,1
27400,56.131789862777154,1
27400,51.693794897714085,0
27400,51.71682791377332,0
27400,59.544756405315304,0
27400,53.62957456318875,0
27400,54.0660406683969,0
27400,58.223894885171205,1
27400,53.81726810793945,1
27400,55.98829526656554,1
27400,58.072796429079574,0
27400,56.60686711849478,0
27500,56.49108943847612,1
27500,58.21280640717108,0
27500,56.15384167920486,0
27500,51.570869665321936,1
27500,56.260895951374025,0
27500,52.655177675174855,0
27500,53.50320390282384,0
27500,59.666125353904164,1
27500,58.49400742170553,0
27500,54.369503847862624,1
27500,58.012189900595835,1
27500,58.56714417103777,0
27500,57.5964028100218,1
27500,54.781286724543875,0
27600,57.423184653617575,1
27600,56.2567460764263,1
27600,56.707454651185216,1
27600,50.739407594697504,1
27600,57.60721984413249,1
27600,57.15686879030776,1
27600,59.34754362238344,1
27600,55.26649143274439,0
27600,56.290149362793876,1
27700,57.229509572259204,1
27700,58.93464130318945,0
27700,57.073633460120156,0
27700,57.61227880480513,1
27700,52.521081770569886,1
27800,55.58146742609408,1
27800,58.59521849911498,1
27800,58.71206525253974,0
27800,55.39704313046646,1
27800,56.248963723838365,1
27900,58.00487388084689,1
27900,52.441151738331456,1
27900,56.078564246101195,1
27900,57.28307737071292,1
27900,57.070537837835346,0
28000,56.21366235581498,0
28000,57.06585257264113,1
28000,56.104773466558974,0
28000,59.42765936326362,0
28100,55.44091520785644,1
28100,55.66130301012658,1
28100,55.56258139466242,0
28100,50.23544193112155,0
28100,58.899986873689365,0
28100,50.84050853644068,0
28200,57.3439042577286,1
28300,57.20355866841609,0
28400,55.662491004190855,1
28400,59.093227063771074,0
28400,52.959523443849776,0
28400,57.5155388395845,1
28500,58.747143552469495,0
28500,54.467483225492884,0
28500,59.29235893639966,1
28500,59.29853985824432,1
28500,54.281494575197456,0
28500,59.706879033522505,1
28500,56.37963256975815,0
28500,56.58775294635896,1
28500,48.947841086960366,1
28500,55.32853831072373,0
28600,58.77445752361487,1
28600,55.710310651290165,1
28600,59.96658477923448,1
28600,53.09935503141144,1
28600,56.221345393765375,1
28600,56.76950754086265,1
28600,59.13876001817982,1
28600,57.65533273705839,1
28700,56.239724377584714,1
28700,56.414138612039444,1
28700,57.87659114148779,0
28700,50.25690359568116,0
28700,59.43716652662873,0
28700,56.00450073770148,1
28700,54.51629224139716,0
28700,59.30767580481945,1
28700,54.24295800046387,1
28700,53.371722836636216,0
28800,57.54154824244405,1
28800,57.34342274270844,0
28800,51.045172234615336,0
28800,58.7907182928682,0
28800,55.85633292583625,1
28800,54.665177437930524,0
28900,58.239928991882934,1
28900,59.22413533369523,0
28900,53.10555825117871,0
28900,55.51464131888124,1
28900,57.14846630866419,0
28900,57.85980953845402,1
28900,53.38456821840487,0
28900,57.15989365075476,1
28900,54.90350262334644,1
28900,58.48144899455805,1
28900,53.38684680896178,0
28900,59.51237061477998,1
29000,55.871187543402804,1
29000,51.527069451634425,0
29000,52.75986942920069,0
29000,57.355064763424465,1
29000,56.19406003617672,1
29000,58.32501367979098,0
29000,56.26106470952296,0
29000,59.49418967496974,0
29000,47.166659984042916,1
29000,56.212028340078355,1
29000,58.495769421821656,1
29000,56.27793556555621,1
29000,51.26574719350647,0
29000,58.75008525642207,0
29100,57.799986880238514,1
29100,54.97553830951565,0
29100,52.357017165322965,1
29100,51.8732843336145,0
29100,57.179231783686554,1
29100,55.986038038564146,1
29100,58.566056564210264,0
29100,54.083141048670385,0
29100,53.27091677473836,1
29200,56.37775551932575,0
29200,53.66155815700537,0
29200,52.42710673384642,0
29200,55.86190602116974,0
29200,59.18757369159882,0
29300,54.57146673025047,0
29300,54.49946318488576,0
29300,56.86083387447191,1
29300,55.95484405954724,0
29300,59.37164712916641,1
29400,56.4898423291681,1
29400,49.98785227510842,0
29400,56.26178542849784,1
29400,58.36419948250628,1
29400,55.43658453063729,1
29500,46.42580827006242,1
29500,54.8568871725079,0
29500,51.82831852839411,1
29500,59.15019953841967,0
29600,56.483937697897986,1
29600,58.693307039614226,1
29600,57.90343513555298,1
29600,56.43995008622009,0
29600,53.11366526529002,0
29600,55.398521331006606,1
29700,59.88963444081573,1
29800,54.54312866025278,1
29900,57.231549294144315,1
29900,57.95047044771764,1
29900,57.07084225374935,0
29900,57.591392406654776,0
30000,59.46484129571413,0
30000,56.465553081415365,1
30000,58.46917941219913,1
30000,54.87240733667995,1
30000,53.984380084254695,0
30000,54.42119850790006,1
30000,57.680361664459355,1
30000,57.6433698695803,0
30000,51.404789137115664,1
30000,56.508617260749226,0
30100,58.52738686853968,1
30100,54.50319518766159,0
30100,52.64463074742157,0
30100,57.16716690847756,0
30100,57.42271986351455,0
30100,55.25180340557884,1
30100,52.25069963834322,1
30100,57.805826236977474,0
30200,54.54696117933153,0
30200,50.159291961063104,0
30200,54.95893219205925,0
30200,52.59877093965228,1
30200,58.69802121644538,1
30200,58.81628139730432,0
30200,55.26782338420611,0
30200,51.8228455666513,1
30200,52.7593260398057,0
30200,59.18706740915668,1
30300,57.14010523847579,1
30300,58.639158611236894,1
30300,56.298763865984604,0
30300,54.16551242980508,1
30300,51.58330221839849,1
30400,58.22769313660584,1
30400,53.88382323605834,1
30400,58.68045862839546,1
30400,57.976479552267215,0
30400,58.46597326082559,0
30400,54.45101756904016,1
30400,56.2291185473666,1
30400,56.38822039302446,1
30400,57.818099186387606,1
30400,57.195638211345404,1
30400,51.872802041442306,1
30500,60.25061290025661,1
30500,50.944741281515995,1
30500,53.25492199350857,1
30500,56.58907912234766,1
30500,55.797001282876806,1
30500,60.539963318510644,1
30500,51.68459817930329,1
30500,59.569339194436324,0
30500,55.99672210623329,0
30500,58.670523296371165,0
30600,58.17171581050858,1
30600,61.96377014306006,0
30600,61.08534680774186,0
30600,63.912001492155426,1
30600,62.631853942271405,0
30600,56.95276489718406,0
30700,62.249376553624806,1
30700,61.653547467888224,0
30700,58.5665739652363,1
30700,60.288405771325074,0
30700,62.0828442956987,1
30700,58.70841577547791,1
30700,64.26375241954892,0
30700,60.31930435421785,1
30700,57.197419389695234,0
30800,60.98203604680376,0
30800,63.51688900864196,1
30800,57.87043169462184,0
30800,59.719685173132994,1
30800,61.315319104548465,0
30900,61.147662539838755,1
30900,63.55747337804474,1
31000,62.68439275123579,0
31000,67.53230906874217,1
31000,69.06592819148811,1
31000,66.95684798291062,0
31100,68.55909282660242,0
31100,67.11472450417047,1
31100,68.48597978055489,0
31100,64.00248585100914,1
31200,69.35336461014815,1
31200,69.15749798345426,1
31200,66.8978633813369,1
31200,69.3209034755958,1
31300,67.22441507314934,1
31300,66.78089281640042,1
31300,68.056433123601,1
31300,67.86889813655938,0
31300,68.05334471616665,1
31400,66.56079194105635,1
31600,68.70069714239888,0
32000,78.40085046223844,0
32100,75.65232103447829,0
32100,80.1444231647169,1
32100,75.46885608119307,1
32100,72.83904648338164,1
32200,70.12239599305119,1
32200,70.29382914667455,0
32200,78.71169533002863,0
32200,82.40556397978878,1
32200,73.95802503013856,1
32200,81.54112538529583,1
32200,75.03398725638229,0
32300,75.3604707094756,1
32300,77.04688353116957,0
32300,78.65623758875913,0
32300,83.24818762860954,0
32300,88.05116256725813,1
32400,83.94733899416279,1
32400,83.35594774127624,1
32400,83.91219686073163,1
32400,85.54093587152404,1
32400,69.67952979231069,0
32400,87.6729245851148,0
32400,73.40925334868524,1
32400,92.12437557325443,1
32500,77.2572875871118,0
32500,84.38594640712088,0
32500,74.0624895652447,1
32500,74.07877918640482,0
32500,82.04515775014187,1
32500,82.8326911656578,1
32600,86.99966363841088,0
32600,91.51783367375863,1
32600,82.15365648233069,1
32600,72.81338322264413,0
32600,86.58008512872037,1
32600,90.36324458150155,0
32600,74.27491725906286,1
32700,83.09746545930547,0
32700,80.32029643714782,1
32700,76.368238985583,0
32700,83.5209210659038,1
32700,81.0094717269997,0
32700,82.68842632873373,1
32700,86.61861248683596,1
32700,84.11525387744527,1
32700,83.19342964683291,0
32700,80.24575622123658,1
32700,86.80616322361968,1
32800,97.70131442382993,1
32800,79.75753436047466,1
32800,88.29993037355663,1
32800,87.0235265524123,0
32800,70.44776456892419,0
32800,76.64303815408893,0
32800,74.97469508472524,1
32900,74.96253171606787,1
32900,77.00229102490397,1
32900,93.33573480271804,0
32900,96.6547566960149,1
32900,80.0232953517245,0
32900,80.05659784705809,0
32900,91.39373534655287,1
32900,77.00731074604732,1
33000,89.34151135169881,1
33000,82.217929832286,0
33000,82.60725659629286,0
33000,77.05863027171732,0
33100,79.45616999401216,0
33100,80.10495669852774,0
33100,95.75470737589269,0
33100,94.4282509819928,1
33100,96.63641381956859,1
33100,92.01463244097249,1
33200,77.73083256720882,0
33200,88.57669980802255,1
33200,90.34164540968479,0
33200,77.20274936182,0
33200,73.84162773902305,1
33200,87.31484191038624,0
33300,83.56514513856462,0
33300,94.47671092462748,0
33300,80.48219735652958,1
33300,79.83249437324685,1
33400,74.07876624266346,0
33400,89.68200664849267,0
33400,82.7146352351278,1
33400,91.02758670547485,1
33400,80.59570296501826,0
33400,78.17677261916266,1
33500,96.08317817434965,0
33500,80.0257768579636,0
33500,83.30880555532659,0
33500,85.11329588274296,1
33700,78.04766526497689,0
33700,88.37793382580202,0
33700,79.32043152219744,0
33800,95.32878248233922,1
33800,83.38976262348137,0
34200,71.01731135191672,0
34300,76.81833652452615,0
34300,70.30049385767029,1
34300,84.23510426696787,1
34300,101.02410340011285,1
34400,83.29944679076404,1
34400,79.5597953389777,0
34400,73.54158650411766,0
34500,79.90064379472969,1
34500,78.6238037697672,1
34500,79.75848551003676,1
34500,79.09237715559267,0
34500,69.87060044605428,1
34500,76.5005153835803,1
34600,70.48869638257743,0
34600,78.24038547165678,0
34600,76.75503073232579,0
34600,81.85151425345323,1
34600,89.94962401193766,1
34600,77.6637092648253,0
34600,75.0329536584423,1
34600,85.38699556274051,1
34600,89.43265438158271,1
34700,85.70188707060547,0
34700,84.65900190922258,1
34700,68.57999699594902,0
34700,76.13656188173177,1
34700,76.43132046960378,0
34800,72.93635680462481,1
34800,84.11821609066224,0
34800,75.08608491892508,1
34800,87.51809250937504,1
34800,87.0057355794959,1
34800,79.04528006656241,1
34800,77.28953571552681,1
34800,83.88759063234676,0
34800,78.8269675320498,0
34800,95.1751945284611,1
34800,85.4403362262934,0
34900,85.6848705753352,1
34900,90.34689385073206,0
34900,84.31115996770903,1
35000,78.96974506108738,1
35000,86.38245215716614,0
35000,88.78917409990336,0
35000,86.7008414090575,0
35000,82.05274190840572,0
35000,71.16968370433084,0
35000,80.8334277033579,1
35000,77.21839647085038,0
35000,82.75143277806886,0
35000,77.12887654190185,1
35000,83.18442604280301,0
35100,69.20235338702645,0
35100,86.72387664801202,0
35100,81.44650258490631,1
35100,81.50594312806739,0
35100,79.55351836752169,0
35100,75.94636273719145,1
35200,84.32137221404237,0
35200,75.21317350161209,0
35200,81.67557453431462,1
35200,89.24094264325004,1
35200,75.58081845477098,0
35200,73.79609443675162,0
35200,79.9337367487736,0
35300,93.35853119208184,1
35300,98.44667718305317,0
35300,86.41190201045765,1
35300,89.03581122087121,0
35300,73.90209403328811,0
35300,75.55365245690405,0
35300,83.72742932270913,1
35400,73.61649306993807,0
35400,75.8412301302859,1
35400,96.19058423538233,1
35400,82.93987090775256,0
35400,91.31610721012973,0
35400,79.05051289114402,0
35400,78.36836144704513,1
35500,78.6037695005848,0
35500,70.87068254432602,1
35500,76.59522137540499,0
35500,79.69313539270361,1
35500,82.18597759108071,0
35600,75.75865077938802,0
35600,88.39130705294068,1
35600,78.69217419374507,1
35700,83.74104333206012,0
35700,86.42798849120054,0
35700,71.87299969194015,1
35700,94.1876504865726,1
35800,80.93933730910595,1
35800,68.46443099233558,0
35800,75.63012282393494,1
35800,95.71478263968498,0
36000,85.21719727005399,0
36300,92.13832459502161,1
36300,101.7862218929304,1
36400,73.73680376683323,1
36500,75.52728436548097,1
36500,70.23917432360913,0
36500,74.66858628576372,1
36500,76.97415749249174,0
36600,73.20834116615242,1
36600,72.89625518202442,0
36600,86.06587473951072,0
36700,70.31419632705874,0
36700,86.24992586187159,1
36700,103.18552132502695,1
36800,73.17541383130464,1
36800,79.71699894645823,0
36800,75.00979713702804,0
36800,86.87385644287411,1
36800,77.07635525036729,1
36800,82.64479965508963,0
36800,80.90166233064734,0
36800,86.54976525225939,0
36800,80.04657314120944,0
36900,81.64877667701263,0
37000,79.6095843929118,1
37000,95.97070958662316,1
37000,72.54686264058721,1
37000,74.18028313639944,1
37000,87.94021787664292,1
37100,67.8799589552249,0
37100,79.63410946196014,1
37100,88.47972772356435,1
37100,84.96895096112237,0
37100,79.82545473746997,0
37100,83.44407790902791,1
37100,88.21239241166509,1
37200,86.070572483492,1
37200,84.79344897514117,1
37200,81.16199867318366,1
37200,83.38804807484868,0
37200,86.33554083978359,0
37200,89.84646518654053,0
37200,90.74747568022444,1
37300,70.6189958939112,0
37300,92.02925432332383,1
37300,79.66445758639544,0
37300,89.98263610943418,1
37300,88.06459042046083,1
37300,83.64008979694172,1
37400,94.51009957901299,1
37400,90.4972344728922,0
37400,87.5533913762644,0
37500,85.0209165915987,1
37500,85.92034032440505,0
37500,93.29955995598408,1
37500,91.0749834812311,0
37500,89.67928586756813,1
37500,86.41889787242289,0
37500,82.89405709590775,1
37500,84.74869875217789,1
37500,79.77112318891358,1
37500,96.36942426761857,1
37600,84.60906079789738,1
37600,76.3641738217201,0
37600,82.32496649111684,1
37600,92.08510801092062,0
37600,95.78389633645354,1
37600,63.790533277024856,0
37700,84.41335082380442,1
37700,80.84980786988837,1
37700,80.79430431753528,0
37700,84.7465764502606,1
37700,86.32698867485448,0
37700,91.38628786357066,1
37700,80.99266340169474,1
37700,89.07777451509645,0
37700,92.20808824374883,1
37800,93.00249959840677,0
37800,80.63343616446171,0
37800,84.18814505066997,0
37800,79.80405075846502,0
37800,77.73004850698563,1
37800,90.06727571716206,1
37800,85.51044464604303,0
37800,87.07414728829505,0
37800,91.93997901155034,0
37900,81.3603032580565,1
37900,92.7090733954376,1
37900,90.73731337539681,0
37900,100.32842115312397,0
38000,90.57963808826389,0
38000,82.78933721718066,1
38100,80.56418554726481,1
38100,85.84324812399402,1
38100,81.4237365058892,0
38200,97.31085068898744,0
38200,82.87211699588254,1
38200,91.76228787424093,1
38300,102.8410122625738,1
38400,76.57595592699587,0
38400,85.79764961317714,1
38500,77.96763862264099,0
38600,94.86831314084844,0
38700,75.35459724738439,1
38800,83.28268532593043,1
38800,81.54105177588512,1
38800,79.15614998389847,1
38900,79.9348000001946,1
38900,92.965825835758,1
38900,71.59426446327521,1
39000,76.84621312972135,0
39000,86.60120722488314,1
39000,94.37483691570101,1
39100,76.98868026687954,0
39100,84.99052932636214,1
39100,82.50532328757778,1
39100,70.57848352162783,1
39100,81.74707879549074,1
39200,76.21502515201384,0
39200,80.66815020857916,1
39200,83.79064155034345,1
39200,91.69507329236875,1
39200,75.92673409671563,0
39200,79.74755499504263,0
39300,93.90522073603746,0
39300,89.94094096146729,0
39300,91.4347037992205,1
39400,75.95872563222086,0
39400,87.8251308768549,0
39400,85.84746126053493,0
39400,98.27034160929274,1
39400,83.93875194343812,0
39500,82.27145120155842,0
39500,87.5859672133687,0
39600,87.13746720230164,1
39600,84.59521797182464,0
39600,87.86875577296433,0
39600,90.7687343313187,0
39700,78.76237146613269,0
39700,94.24254537724964,0
39700,86.47975709397913,1
39800,87.32903297760461,1
39800,77.71041467487589,0
39800,92.187080968945,0
39800,82.55394872999888,0
39800,90.639215280224,0
39800,88.20695807206481,1
39800,71.0879485223334,1
39800,84.76016434236207,1
39800,91.45582620712675,1
39900,75.9971651052802,0
39900,90.02304142252076,0
39900,95.21154522673,1
39900,88.53287612436428,1
39900,89.65370689751875,1
39900,88.4483813066004,1
40000,76.07701123589096,0
40000,78.62907935859046,0
40000,85.51377569915476,0
40000,81.57638160585118,0
40000,97.30589570220275,0
40000,94.50722608753676,1
40000,87.62302256124156,0
40000,92.021042881756,1
40000,92.1407371216178,1
40000,85.0315879758133,0
40100,76.46915162040719,1
40100,85.88216739208741,0
40100,85.55695079179479,1
40100,89.59573443988728,1
40100,77.52009286563842,1
40100,86.95432036171596,0
40100,85.80461265112486,1
40100,89.62766056371403,1
40100,82.13446386717632,1
40100,95.86637943447163,1
40100,97.85756846236141,0
40200,88.11019199421719,1
40200,81.8475830895887,1
40200,89.95143002147698,1
40200,91.39479279483518,0
40200,85.2995887624169,1
40300,79.4450897984438,1
40300,98.54105033960974,1
40300,95.28252890415774,0
40300,97.70103143588746,0
40400,76.03714511100942,1
40400,74.94355850231858,1
40400,85.11768870204666,1
40400,104.65155057321587,1
40400,93.66949301256831,0
40400,86.68312358286812,0
40500,93.50302898447072,0
40500,80.42801439488176,0
40600,87.26635587535829,1
40600,82.93892515817596,1
40700,92.7742718144903,1
40800,87.33764153254421,1
40800,93.04910291888812,1
40900,99.17212180909047,0
40900,85.07035429281349,1
41000,82.95033336627525,1
41100,75.2303476987028,0
41100,69.4038208233511,0
41100,87.42312730592526,1
41200,81.46370823732059,0
41200,96.94659175712914,1
41300,72.91577166671324,0
41300,83.19743144661251,1
41400,87.04695256826508,0
41400,86.49903621854807,1
41400,75.27079712742857,0
41500,100.45324360077595,0
41500,83.08286442303725,0
41600,94.30525114527074,1
41600,79.1984615020391,1
41600,113.1130053131902,0
41600,94.26153499800712,1
41600,88.86902297377448,0
41600,79.25146339938847,1
41600,93.57805848347161,1
41600,85.09402839584915,0
41700,79.32295084798145,0
41700,89.09811834616447,0
41700,83.16623494746887,0
41700,72.86023625749395,0
41700,85.75982278337085,1
41800,89.96925769315426,1
41800,89.16939777045033,1
41800,89.93796794635395,1
41800,75.98099284842533,0
41900,75.21621541168717,1
41900,92.6447945324389,0
41900,75.2378553619433,0
42000,96.92663723981882,1
42000,107.23259285171477,1
42000,85.68979854163274,1
42000,75.50514562660788,1
42100,91.18742950265211,0
42100,77.81813035056324,0
42100,79.911202747839,1
42100,96.33173679912856,0
42100,83.61499360674544,1
42100,79.40099363955859,0
42100,76.95820475061736,0
42100,88.26477566376494,0
42100,85.8376202635318,1
42100,84.53169590812503,0
42100,87.27092108922629,1
42100,73.01446158650316,1
42200,83.8537247625756,0
42200,88.52358131841093,1
42200,94.26427462660256,1
42200,79.39026764594168,0
42200,85.54486633892935,0
42300,89.83730997643886,1
42300,81.17435145454583,1
42300,80.72094242686647,1
42300,85.75122197074197,0
42400,87.58654355940132,0
42400,78.73512873778232,1
42400,87.4609948251761,0
42400,86.03576156995572,0
42400,85.75817302511624,0
42400,77.87482844343185,0
42400,83.35192873825517,1
42400,72.20373103519806,0
42500,69.94154142621638,0
42500,77.15006890132722,0
42500,83.61600872814851,0
42500,82.06526083051865,0
42500,83.91837219120735,0
42500,92.82717538231257,1
42600,91.12464227674572,1
42600,88.97723050623976,1
42600,92.3933870375001,1
42600,89.45179319206801,0
42600,86.6238719416144,1
42600,85.7020832138265,0
42600,83.40259845107248,0
42700,85.28254007226876,0
42700,89.01890336647693,0
42800,92.1857204565526,1
42800,93.40254197846421,1
42800,80.38116438998556,1
42800,104.59667603539698,0
42800,99.16079908179498,1
42800,81.72107685444801,0
42800,87.62969582059817,1
42900,85.70914986650284,1
42900,92.73448101866643,1
42900,81.91537536560887,0
42900,98.81873186395656,1
43000,94.20631432917483,1
43100,101.15916648377747,1
43100,77.71386116483893,0
43100,87.30355853467572,1
43300,89.17955973700366,0
43300,75.92321576258422,1
43300,87.69400310998252,1
43400,68.13266187757282,0
43400,82.90355274361445,0
43400,86.10800209204557,0
43500,82.52517061987207,1
43500,88.15881963508579,1
43500,100.04722800628359,1
43700,88.55105125701989,0
43700,76.05610205324898,0
43700,84.66666972567965,1
43800,92.49429879017728,0
43900,79.49389860376785,0
43900,74.99047464954697,0
43900,83.95030535373739,0
43900,84.03996223222742,1
44000,80.3658635768599,0
44000,86.7288149974297,0
44000,93.19981768974894,1
44000,106.45390448798601,0
44000,84.91277364137447,1
44000,95.41694350538992,1
44100,90.98927235880396,0
44100,93.73285141720527,1
44100,70.63685131413445,1
44100,85.81913319248281,0
44200,84.25569436144553,1
44200,92.20889223386968,1
44200,99.26524819737195,1
44200,86.87400059161027,0
44300,72.83095066229522,0
44300,88.24140763632576,0
44300,90.74921580754729,1
44300,89.75138413904385,1
44300,101.33382815674003,1
44300,74.8595072187734,0
44300,74.00760916132778,1
44300,86.19084388408653,0
44300,78.41807973238522,0
44400,95.17371053581262,1
44400,80.4072666810031,0
44400,86.08459633818018,0
44400,86.4438502047731,0
44400,84.56002567948227,1
44400,75.7505729547722,1
44400,96.64557333871426,1
44400,84.64685673275054,0
44400,88.53914700879899,0
44500,87.15969682637974,1
44500,79.58658594794618,0
44500,88.60565193456858,0
44600,88.0126374066102,1
44600,97.58269114340409,0
44700,79.35779615564276,0
44700,83.84399836087752,1
44700,81.355776410464,1
44700,89.64063606396199,1
44700,89.54776846142438,1
44700,82.80122910138249,0
44700,87.63441639100725,1
44700,82.83003852881016,1
44700,86.87989756790628,0
44800,81.50745845072424,0
44800,90.87895613130003,0
44800,85.31690410205096,0
44800,82.07941333620349,1
44800,93.95742159893048,1
44800,88.979530911663,0
44800,80.28919933346619,1
44900,85.30662175399394,0
44900,84.78902122590945,0
44900,78.88568127323622,0
44900,86.1198336576486,1
45000,86.3328051627953,1
45000,79.97197175474354,1
45100,92.6629924668409,0
45100,77.55207163659531,1
45100,94.42855890681713,0
45100,95.64251844326905,0
45200,86.21091259610415,0
45200,85.45937860759625,0
45200,99.59708074007231,1
45200,94.10669040804778,1
45200,89.75957408147603,1
45200,97.24775152090973,1
45200,89.99179169727562,0
45300,84.62114563339644,1
45300,96.18136455055222,1
45300,80.78264706562982,0
45300,86.13897651004166,0
45300,82.15611684510533,1
45400,83.1953988578623,1
45400,83.67659506523276,1
45400,92.25193647964485,0
45400,91.11516681636057,1
45500,101.79429580536103,0
45500,89.52859526771238,1
45600,82.24150954801942,1
45600,85.11674876653314,0
45800,87.26881573564563,0
45800,87.63507268340142,0
45800,91.45427354493927,0
45800,83.29499853833724,0
45800,102.86707591796448,1
45800,82.84634199639358,0
45800,90.82076028594487,1
45800,71.25839093523786,1
45900,86.91977845526651,1
45900,82.35140183975678,0
46000,77.29871019821216,0
46100,71.20477438697519,0
46200,80.6841455417139,0
46200,83.90445245961011,1
46200,86.47163441248176,1
46300,77.79061650006233,0
46300,88.42073195032557,1
46400,93.4024770112796,1
46400,84.15641985736725,0
46400,81.19145767463233,1
46400,78.87914187551145,1
46400,80.4495020254714,1
46400,89.73704229141224,0
46500,86.72624497768376,0
46500,80.83128770279318,1
46500,89.3077751256928,0
46600,83.42909204310783,0
46600,87.69660735678923,1
46600,79.5104504011271,1
46600,86.60991810447184,1
46600,82.78774365745812,1
46600,87.68250514056535,0
46600,99.03325688318988,0
46600,80.50935205643634,1
46700,77.77814293700115,1
46700,90.95468566898099,1
46700,85.66856978973964,0
46700,76.15674212748463,0
46700,83.631796367322,1
46800,92.36229406719181,0
46800,85.5017501464438,0
46800,77.66515912997116,1
46800,88.35632700121786,1
46800,74.06011615684233,0
46800,91.04877954169984,0
46800,83.79720819829954,1
46800,89.95249831477994,0
46900,91.52934102453419,0
46900,93.35348715893248,1
46900,84.32207495295872,0
47000,77.86553053475086,0
47000,85.39488841312065,0
47000,85.82957907701214,1
47000,94.65029591847087,1
47000,79.70754874864214,0
47000,92.34991578901831,1
47100,91.80857068871616,1
47100,98.80587574825068,1
47100,77.88295765933076,0
47100,86.31781417346713,0
47100,78.99469862433399,0
47100,86.24601059237163,0
47200,80.61805192805527,0
47200,101.01920406733088,1
47200,95.92778421802933,1
47200,86.49538626103937,0
47300,93.98189122762592,1
47300,80.16959200404257,0
47400,88.14172497949676,0
47400,96.76022421565474,0
47400,87.06629687814424,1
47400,77.77637548856544,1
47400,90.34154937972959,1
47500,104.90461536409107,1
47500,94.52554195483552,1
47500,94.86763843987106,1
47500,82.68597931177699,0
47500,78.84200311323946,1
47500,86.41640079375745,1
47500,90.12350500026518,1
47500,91.83797859594941,0
47500,81.01422070615745,1
47600,87.71194440423241,1
47600,88.97641510517039,1
47700,80.94234200212281,0
47800,96.17878650505918,1
47800,79.64020306982506,1
47800,82.06519173011573,1
47800,75.57639274830233,0
47800,81.82228992216359,1
47800,84.34532503385371,1
47800,88.75100243844216,1
47800,89.88802981059978,0
47900,94.99911848091014,1
47900,90.74258799288373,1
47900,76.0692362523241,0
47900,75.36923334951769,0
48000,79.15282963988183,0
48000,72.83060989494012,0
48000,108.50249871382097,1
48000,77.20240739848292,0
48000,93.0729921250992,0
48100,75.15035599434641,0
48100,84.16727783134411,1
48100,108.94036382152922,1
48100,94.19998665417819,1
48100,83.44990496176278,1
48200,107.05963375104659,1
48200,78.3468253252341,1
48300,87.5689936953866,0
48300,75.26125508711311,0
48500,76.8587188470437,0
48500,96.7864785854218,0
48500,90.00804653012607,1
48700,74.64613359738563,0
48700,83.7561508909396,1
48800,81.93101274497948,1
48800,80.62860193636335,1
48800,83.68448374777944,1
48900,82.29266640917119,0
48900,93.03591570703868,1
48900,81.53300526172727,0
48900,80.14041269991459,1
48900,90.96627719890101,0
48900,82.50759672882273,1
48900,80.0663582267312,1
48900,82.43064825517655,1
48900,89.78662510528623,1
49000,81.10694931851887,0
49000,80.98928941272008,1
49000,80.70977101754904,0
49000,75.82023326643392,1
49100,87.2751644741332,1
49100,88.77965753578545,1
49100,78.17790179843371,0
49100,75.34526044804943,1
49100,92.58886275217831,1
49100,86.47447058423525,1
49100,68.01880080370604,0
49100,103.24510089287165,1
49100,70.55333826700394,1
49100,77.79158390089484,1
49100,89.82763589293245,1
49200,86.08972946179428,0
49200,73.21691926121866,0
49200,81.29082077425764,0
49200,82.48156157787353,1
49200,88.5722583739717,0
49300,89.12412377644607,1
49300,92.06795806329228,1
49300,89.0414744430639,1
49300,80.68202174735045,1
49300,84.94945453895929,1
49400,101.9563656498817,1
49400,81.5658733916545,0
49500,82.6502300923167,1
49500,73.69287513828658,0
49500,88.32696291323018,0
49500,67.45404378510581,0
49600,92.8710421760853,1
49600,88.03779160932373,1
49600,73.4271216192189,0
49600,98.772294956066,1
49600,90.4785248164114,1
49600,81.73888111888519,0
49700,79.01178053148892,0
49700,84.27066182188547,0
49700,87.61110642709363,0
49700,92.20175587692388,1
49700,77.51994778437076,0
49800,88.45651127742326,0
49800,86.46036978479124,0
49900,82.99614281341267,0
49900,93.94525940540463,1
49900,76.89313372604275,0
49900,92.6967532497351,1
50000,76.44311530403205,1
50000,102.20504428673283,1
50000,90.77519717909603,1
50000,96.64717191204187,1
50000,89.19980468259216,0
50000,78.72795452892062,0
50100,75.1478752665976,1
50100,78.23389536533698,0
50100,110.30075423485357,1
50100,78.69035928968472,1
50100,90.4338260795624,0
50100,82.76109519777295,1
50200,86.71483312224949,1
50200,79.17496365748214,0
50200,82.14745621328618,0
50300,91.45393740861896,0
50300,79.81754724612135,0
50300,87.50472414351881,0
50300,93.92011832467473,0
50300,77.31395332959042,0
50300,81.49889600839114,1
50400,82.35000511362006,0
50400,89.04024326659336,1
50400,97.34669960549908,1
50400,77.16331004562329,0
50500,89.92376679804188,1
50500,89.36087324019154,0
50600,113.91129174657493,1
50600,95.60604064017397,0
50700,93.57335419347942,1
50700,90.726608494061,1
50700,79.28507200622329,1
50700,96.15264195337012,0
50700,106.05219056792684,1
50800,79.5738929079223,1
50800,88.0564401532458,1
50900,79.84256201272748,0
50900,82.65234859274197,1
50900,73.32744066520313,0
51000,77.37897425694901,0
51000,76.61709255704103,0
51100,72.36666757837908,1
51100,85.84169055721834,1
51200,87.22847688444044,0
51200,81.42978445923269,0
51300,80.35565469591917,0
51300,108.8483566040849,0
51300,79.67230080333348,0
51300,89.22848546836262,0
51300,87.92744546861623,1
51300,79.55100366055352,1
51300,76.85971931402806,0
51300,86.46749388942791,0
51300,79.77471404708984,1
51300,79.11809728438087,1
51400,87.07367694946203,1
51400,89.7951968114062,1
51400,86.89393594909147,1
51400,89.15916048664971,0
51400,99.57840677859811,1
51400,82.71363320505613,0
51500,85.87839276572296,1
51500,83.03647154935118,0
51500,86.90910140887745,0
51500,90.80538136315815,1
51500,90.87369864432598,1
51600,77.91548743084489,0
51600,83.69652975207057,1
51600,81.87410079231661,0
51700,81.53616086204043,0
51700,92.84041240880677,1
51700,82.27877729255357,1
51700,89.7851798307384,1
51700,78.06694219012155,0
51700,89.20121663098948,0
51700,75.80841312639863,1
51800,93.70706624047165,1
51800,79.35254149733963,0
51800,90.74876148713179,1
51800,87.17287271773175,1
51800,74.84851237836376,0
51800,78.79453969545386,0
51900,78.47586013611948,0
51900,100.64921516413811,1
51900,77.58575437415459,0
51900,85.21956176471475,1
52000,89.23013119353222,1
52000,94.73522166946519,1
52000,93.30142116798991,1
52000,80.08723880228787,0
52100,90.16250634911091,1
52200,91.53411138380889,0
52200,80.21346512104111,0
52300,96.0704031824959,1
52300,77.38502393010482,1
52300,79.80838920576454,0
52400,94.33140047676412,1
52400,85.6899854903161,1
52400,77.62842881211078,0
52500,83.79048178425012,1
52500,88.10706083442263,0
52500,98.84762445470494,0
52500,92.84808368529775,1
52500,80.66143413881785,0
52500,83.88434509702643,1
52500,88.65996421245933,1
52600,88.65422261857643,0
52600,80.35633395528987,1
52700,88.63889086520176,0
52700,87.2449434968364,1
52700,79.6165609551567,1
52700,84.51490479169746,1
52700,90.00692886994165,0
52700,92.05650320968563,1
52700,90.836384257687,1
52800,84.61483078407879,0
52800,84.80523862222336,0
52800,98.4942340939668,0
52800,104.63223557106825,1
52900,76.67041044250647,1
52900,112.74394020017161,1
52900,86.44760320272103,1
52900,99.8651545225781,1
53000,86.2891493011999,0
53100,88.89402961886917,0
53100,99.06231464515963,1
53100,80.92723207209461,0
53100,90.70417586822141,0
53100,100.5518307979489,1
53200,94.90392972250392,0
53200,68.86683125317589,0
53200,85.44053311633807,1
53200,87.04073467002839,1
53200,100.00367109453171,1
53200,84.88914882893734,0
53200,96.41204699307366,0
53200,98.98755478394924,0
53200,91.76157263791083,1
53300,82.79265628132768,1
53300,77.02533794169287,0
53400,103.05192146579303,1
53400,80.3868881325605,0
53400,76.44016653025636,0
53400,83.69569440155549,0
53500,73.89628958095985,0
53500,89.39644588119836,0
53500,78.53937039886499,1
53600,85.06309011374907,1
53600,75.10996644956992,0
53700,88.9163708996887,1
53700,87.79267577235332,0
53700,82.96080004283908,1
53700,81.1277150665525,0
53700,78.09841530715609,0
53800,75.26414147065415,0
53800,89.66939689664613,1
53800,94.57273197991121,1
53900,93.00299189771327,1
53900,91.90967859955019,1
53900,83.98452467543123,0
53900,89.72538476960715,1
53900,75.0000940349215,1
53900,86.26851822751087,1
53900,96.81416390029744,1
53900,96.25530937072075,1
54000,81.46689998858233,0
54000,94.79251190673898,0
54000,84.83014908673837,1
54000,86.82363233785875,1
54000,83.7067111741995,1
54000,75.31144030818729,1
54100,84.44566853927873,0
54100,78.1240341986053,0
54100,88.69800037786104,1
54100,86.56936582414603,1
54100,68.46453877238046,0
54100,87.09376912792504,0
54200,92.01154215424576,0
54200,83.07470721255876,1
54200,86.13183260928609,0
54200,92.0337937082037,1
54200,89.02837136779993,1
54200,91.60377709936184,0
54200,90.298940208109,0
54300,89.82210780339236,1
54400,90.63394384846524,0
54500,88.09251130486733,0
54500,94.50870142999445,0
54500,75.96906624127837,0
54500,82.8263443407978,1
54600,81.87419464485554,1
54600,81.86012807845334,1
54600,100.98080008384918,1
54700,76.75423383445889,1
54700,77.92760701278196,0
54700,84.62126753470717,0
54700,82.8418538387728,1
54700,95.89281235299589,0
54800,92.91871853622587,1
54800,77.8852384503504,1
54900,78.8918914207781,0
54900,83.36400713281084,1
54900,75.4964664916131,1
54900,89.61572282451245,1
54900,87.88920993964538,1
55000,93.36455370941715,1
55000,86.08596212162229,1
55000,84.67133148964811,0
55000,84.12556729037635,0
55000,84.28250870037547,0
55100,82.47648588927,0
55100,68.79020458907769,0
55100,96.5143889623191,1
55100,85.97832654765267,1
55200,83.35453038309709,0
55200,98.42200951056371,1
55200,85.11787439014317,1
55200,89.87586782294356,1
55200,80.71675116887253,1
55200,69.00288492477455,0
55200,88.32116974653225,1
55300,89.8387086148664,1
55400,70.79979782407972,0
55400,78.47816344881035,0
55400,108.14325144470564,0
55400,77.31647627304778,1
55500,86.54863254801626,1
55500,84.58789480364842,0
55500,94.20459089646772,0
55600,87.47370729303036,1
55600,73.10099034444544,0
55700,87.8510966229491,0
55700,80.51425421458988,0
55700,98.36195159865325,1
55800,90.9522615550064,1
55800,104.43724138708515,1
55800,93.73235179685967,1
55800,89.63740476451362,1
55800,97.04199861241008,1
55800,84.4874179227715,1
55900,94.58819514049021,0
55900,84.27992540417543,0
55900,87.19499070174385,0
55900,101.18530526749207,1
55900,91.04836130358844,1
55900,82.76722891942319,0
56000,96.30651782182629,1
56100,109.90794510776065,1
56100,76.82053083281848,0
56100,80.90759801605348,1
56200,96.51489911176988,0
56200,87.15282072166295,1
56200,77.49076156792496,0
56200,84.86165985870382,1
56200,87.91251278379934,1
56200,85.22076868476763,0
56300,92.3131032051075,0
56300,103.1790015486321,1
56300,83.66212800876085,1
56300,74.03602976411149,0
56300,94.37197492667086,0
56300,92.43792791615715,1
56300,77.96619323313917,1
56300,93.23113135112779,1
56300,92.29527499772776,1
56300,86.74317232297126,0
56400,77.1203158532246,1
56400,93.58996108546876,1
56400,93.85533631450265,0
56500,84.15806066341901,0
56500,81.05052911428206,1
56500,85.16928386976366,1
56500,80.5607555210498,1
56500,81.79537107528067,1
56500,88.64727242344142,0
56500,77.74889588677979,1
56500,92.9248056438225,0
56600,89.92129619700565,1
56600,83.7748360199583,0
56600,85.9612489900616,0
56600,82.1055564287978,0
56600,89.43281707943237,0
56600,83.05590388387431,1
56600,86.92039442978962,1
56700,81.57942264808914,1
56800,93.14181997627827,0
56800,75.52234059719248,1
56900,86.83833274049351,0
56900,86.2347451357509,1
56900,83.23400292457116,0
57000,85.09066757872287,0
57000,83.91589153807853,0
57100,69.0205236429448,0
57100,80.65965745073898,0
57100,82.21151694798657,0
57200,86.3532923673401,0
57200,87.72927978357909,0
57200,86.84465825998082,1
57200,91.99248425686915,1
57200,78.60110743021289,1
57300,88.09420112945102,0
57300,85.81284290604512,0
57300,75.55618972700829,1
57300,94.3253548435448,0
57300,93.57747226909207,0
57300,94.9417470350334,0
57400,85.7168071621201,1
57400,81.78655817027216,0
57400,83.5383245115043,1
57400,72.07011892517693,1
57500,83.40298637360249,0
57500,87.08789575120089,0
57500,94.36298757173465,1
57500,82.35788390211249,0
57500,88.08566009642007,0
57600,78.26164398422864,1
57700,102.3788462380598,1
57700,91.57624172577948,0
57700,85.55802134168407,1
57700,76.82256039875799,0
57700,77.92349166236545,1
57800,91.58248370853882,1
57800,96.38924743819817,1
57900,98.76412918199513,1
57900,77.31974823116744,1
57900,87.77941666907611,0
57900,94.65475961312958,1
58000,92.53725569847013,0
58100,93.33515870343314,1
58100,92.23099253057943,1
58200,83.99990260449773,1
58200,73.89046620570461,1
58200,96.38105386478081,1
58200,83.77066847896445,0
58200,98.98831614408861,1
58200,87.86202740067353,0
58300,79.77026850369867,1
58300,90.25140942449192,1
58400,81.3661108756223,0
58400,83.59427498177321,0
58400,86.39249560802358,0
58400,94.96115087101431,1
58400,92.8836818214836,0
58400,70.09710263420243,0
58400,80.9678583591657,0
58400,93.78498503185891,0
58400,91.55714635508355,0
58400,91.52379825295412,0
58500,80.27780060632874,1
58500,93.36786313052511,1
58500,84.60444970069341,0
58500,75.69858384960469,0
58600,83.44672924237027,1
58600,87.97338437562881,1
58600,82.7500989984324,1
58600,92.25245826149231,0
58600,81.17030635835602,0
58600,91.23217992855146,0
58700,81.2211456600778,0
58700,76.25926034420988,1
58700,86.83998449639138,1
58700,83.90283180110626,1
58700,80.5803751107098,1
58700,93.28508881248491,1
58700,79.33289253662632,0
58800,83.6557991670636,0
58800,93.2989279073106,1
58800,86.68770032867434,0
58800,87.77724078026999,1
58900,92.21019237243317,1
58900,75.77254309852768,0
58900,76.7004558335364,0
58900,84.45473417617563,0
59000,78.03270081269416,1
59000,87.97930000057295,0
59000,85.27422044326791,1
59000,79.71319026722374,1
59100,94.25797622543914,1
59100,96.4169955808659,0
59100,92.96099787412457,1
59200,84.59075454010431,0
59200,82.59628611289176,0
59200,88.97808461700406,1
59200,78.08521442548846,0
59200,79.07409486557977,0
59200,89.79383014489305,0
59300,95.34485716715233,1
59400,91.77368133477977,1
59400,100.76781471508485,0
59400,73.85663368184636,0
59400,86.62295560648823,0
59500,80.11565333756909,1
59500,102.07547272660598,0
59500,82.18475447300482,0
59500,100.42448959687562,1
59500,77.78640608027091,1
59600,81.5491505349338,1
59600,85.80112816030655,0
59600,119.19203921861568,1
59600,78.01464467695212,1
59700,83.78380933787426,0
59700,92.39937723753137,1
59700,80.32834879015614,0
59700,91.77097780128412,0
59700,85.37277056648769,1
59800,91.58194514344822,1
59800,89.93947760867778,0
59900,77.2536285421895,0
59900,93.79023023580615,1
60000,80.0818850707033,1
60000,95.64848360135441,1
60000,87.91056858252267,1
60000,69.66005396840978,1
60000,87.62007197350269,1
60000,96.23237580491605,0
60000,76.2493458446312,1
60100,75.63141882635355,0
60100,93.85070428178331,1
60100,79.04922252247847,0
60100,97.38858151814898,0
60300,89.4171197920564,1
60300,84.596135604408,0
60300,101.31595954379932,0
60400,101.45709928310052,1
60400,70.37051649064458,0
60500,97.81428810347968,0
60500,74.20341270659357,0
60500,87.31005117910766,1
60500,79.5351039681415,1
60500,82.62647958058567,1
60600,88.63947586420755,1
60600,72.6041024987404,1
60700,89.27301448676597,1
60700,67.63227240823075,1
60700,86.84129954065847,0
60700,97.36007168553775,1
60700,86.35074218322124,1
60700,93.43222393605066,0
60700,90.60090938797836,0
60700,89.32360236077056,0
60700,80.5046657723596,1
60800,87.25302834515144,1
60800,77.09955827186182,0
60800,88.85925560930039,0
60800,88.0394061212884,1
60800,89.86802326570285,0
60800,85.38089054369493,0
60800,76.29680502529357,0
60800,81.82639881750421,0
60900,71.26091395338989,1
60900,84.57975222590625,0
60900,74.96405615367445,0
60900,79.30963930391397,0
61000,87.64703275123777,0
61000,74.59998026253417,0
61000,85.50260958826625,0
61000,79.81354542329373,1
61000,84.78675606436688,0
61000,85.73679351470645,0
61100,71.13671752085115,0
61100,92.72970102411499,1
61100,91.58040911898823,0
61200,87.91357703027168,1
61200,97.0335599645107,1
61200,79.02717373055879,1
61200,76.54393010778838,1
61200,77.63916247684243,1
61200,91.22507000632305,1
61300,93.20057049082624,0
61300,93.55376798079027,1
61300,86.77112470780192,0
61300,83.85207776145378,0
61400,98.0185807438335,0
61400,78.30292589951253,1
61400,117.59718017115094,1
61400,90.45956232828736,1
61400,81.07575575115953,0
61400,83.71823973581462,0
61500,82.56885804612395,1
61500,96.19242667808575,1
61500,82.37088666535729,1
61600,86.79529442000506,0
61600,86.829654216748,1
61600,76.67276130777088,0
61600,79.66372646963349,0
61600,77.17066562912538,0
61700,75.72370847897665,1
61700,74.79237434465018,0
61700,96.2936275943562,1
61700,76.04874075592483,0
61700,77.84564438140345,1
61700,87.7313807775157,1
61800,100.00514147968714,1
61800,87.6654334096489,1
61800,84.77253323567946,0
61800,88.94239819539416,0
61900,78.84880935092285,0
61900,79.6558414240845,1
61900,85.08553867891925,0
61900,99.12264780926655,1
61900,79.81237758636436,0
62000,80.94608046083346,0
62000,84.76882131048917,0
62200,77.3726871607566,0
62200,87.65633135926241,1
62200,80.58920060290617,0
62200,85.25568793117456,1
62200,83.59721192819032,0
62300,92.76519729906926,1
62300,73.00534131640043,0
62300,86.71796082957371,0
62400,82.38282991433618,1
62400,89.14934734663613,1
62400,80.75124409780636,0
62500,81.58404750817351,1
62500,80.16727682687691,1
62500,82.01789106944408,1
62500,88.26708685764935,1
62600,79.73120897116601,0
62600,83.38082745345412,1
62600,87.52040636950713,1
62600,98.71941631594427,1
62700,70.65926026828396,0
62700,79.49184161675572,0
62800,87.14505469522148,1
62800,81.86575112497412,1
62800,72.30992876663575,0
62800,103.35465190221309,1
62900,73.4365860801419,0
62900,71.75298419885998,1
62900,72.53082323283448,0
62900,90.48753203327311,1
62900,83.29043185268395,0
62900,85.89498169443526,1
63000,81.79629213784575,1
63100,68.93164086324542,0
63100,83.34349231353603,1
63200,91.92593440547769,1
63200,88.2376880802062,1
63200,82.01969829597999,1
63200,87.4159347384462,0
63200,80.36652379318207,0
63200,93.87902066324824,1
63200,86.16087241859526,0
63300,85.82320566007286,1
63300,96.38139652361393,1
63300,86.85571268047099,0
63300,81.78544070717139,1
63300,90.69499336398488,1
63300,78.02690031210281,0
63300,84.540330035428,0
63400,81.18118289893522,1
63400,94.95276590937073,1
63400,88.26658164767022,0
63400,93.97784510980503,1
63400,73.3231742688708,0
63400,90.85905086973409,1
63400,69.00681773123728,0
63400,88.92391126325246,1
63500,90.62005945114815,0
63500,84.1876315696578,1
63500,80.90234171931995,0
63500,94.7865639967011,1
63500,96.47167654572424,0
63500,81.36790575478601,0
63600,88.6493249528818,1
63600,87.05444637151656,1
63600,89.39962018139992,1
63600,78.90113971157996,0
63700,92.66770126273705,0
63700,82.71784060899999,1
63700,79.9219016939584,0
63700,89.7965745935116,0
63700,77.70706735204743,0
63700,84.18039534481946,0
63800,95.89277529227189,1
63800,83.39949844354472,0
63800,78.91135941555751,1
63800,79.5361298141277,0
63900,98.57926191202338,1
63900,84.61099073816924,1
63900,81.24305241319905,0
64000,84.80882392508502,1
64000,87.44185137873643,0
64000,83.3631878683581,1
64100,95.41139202842483,0
64100,86.39049670105643,1
64100,73.77237574110391,0
64100,85.17890530742936,0
64200,89.82306090064087,1
64200,89.18710255788885,0
64300,92.23558632408904,1
64300,96.02853663749644,1
64300,86.29533715623626,0
64300,86.03411500543734,0
64400,73.35465420400823,0
64400,96.01738528550769,1
64400,84.05279493796134,0
64400,81.17630637914539,1
64400,94.4078466816234,1
64400,83.1823737485196,0
64500,87.94810039989578,0
64500,83.24572496891992,0
64500,73.9393076286208,0
64500,96.1462679805175,1
64600,90.47015754933368,1
64700,83.3417739094794,0
64700,82.53775543455943,0
64700,89.37133079226359,1
64700,83.7447707195804,0
64800,77.5642173925329,0
64800,91.36918879222071,1
64800,78.23445196579733,1
64900,78.96831104566549,1
64900,78.38475212826589,0
64900,81.97610244275063,1
64900,79.24062388909323,0
64900,87.64327472731648,1
65000,82.11492832023889,0
65000,100.2023822122873,1
65000,94.35439053330134,0
65000,96.84262195699695,0
65100,94.10704083558288,1
65100,93.41502999585447,1
65100,70.54777604163155,0
65200,85.7085503737998,0
65300,86.97557365783977,0
65300,82.54102814852004,0
65300,69.17427029912106,0
65300,87.65257368321362,0
65300,86.9597426581222,0
65300,89.64063046024259,1
65400,76.5098129880093,0
65400,79.85163644316256,1
65500,83.77154953524435,1
65500,80.69770915714517,1
65500,95.382005683983,1
65500,89.6352266107337,0
65500,90.31736686339111,0
65500,83.59747375570348,1
65500,79.47321149290332,0
65600,85.7040379874084,0
65600,84.35527849077754,0
65600,73.78755256291318,0
65600,77.39070673435994,0
65600,86.80563313259726,1
65700,83.82619146300325,1
65700,82.36312367396191,0
65700,76.05148057178165,1
65700,91.63112808882273,1
65700,79.0806125859901,1
65800,102.10800056013474,0
65800,86.43691770085972,1
65900,93.27338925005499,1
65900,92.93462253966635,0
65900,80.57310582446988,0
65900,89.99293975050394,0
65900,97.31762748677019,0
65900,94.49223475268494,1
65900,82.13850378623572,0
65900,85.97223223370949,1
66000,79.09774282226014,0
66000,73.46920048043258,0
66000,84.24607189580398,0
66000,100.8297779351199,0
66000,80.77424827877775,1
66000,107.09462741362464,1
66100,81.75850302289454,0
66100,92.86177867795244,1
66100,75.53130818787437,1
66100,81.2898732453384,0
66100,95.65170955694005,0
66100,79.97455340813548,1
66100,78.2315040433891,0
66100,86.02913446098184,1
66200,94.71636552450224,0
66200,75.73074585250755,0
66200,94.20386566062649,1
66300,99.95362938334443,1
66300,90.59516835315915,0
66300,82.01810362279022,1
66400,75.86546745051824,1
66400,90.83603550861277,0
66400,100.69442528620601,0
66500,87.45807919798955,0
66500,74.2277981982024,1
66500,80.01701835337602,0
66500,81.68722844891916,1
66500,77.31361549159617,1
66500,75.96240583642846,0
66600,96.362777239497,1
66600,84.98227879204492,0
66600,71.85426986209089,1
66600,90.72544231946272,0
66600,85.7547898884686,0
66700,84.96384224897992,1
66700,79.55760372518922,1
66800,93.73397605032383,1
66800,82.42813055735658,0
66800,103.16386761396735,0
66900,79.4461790165751,0
66900,91.68947384170104,1
66900,89.83567560280761,0
67000,83.58269832228318,1
67000,91.53433135299878,1
67000,79.77708592650174,1
67000,82.31308677009433,0
67000,74.56528618909927,0
67100,79.66923788082424,1
67100,84.07135083618886,0
67200,90.82588600285952,0
67200,77.71900462574872,0
67200,90.8905401880836,1
67200,82.734840231693,0
67200,74.61256641800797,1
67200,102.52791767697302,0
67300,91.13819002687626,1
67300,82.9557496414918,0
67300,72.1777001318388,0
67300,82.45883374543136,0
67400,89.30784595753686,0
67400,76.80803046721967,0
67500,76.44346745218233,1
67500,87.18658678605527,1
67500,81.67120746760145,0
67500,76.30116107988718,0
67600,93.04382734120628,0
67600,86.36707028643829,1
67700,79.84581072944916,0
67700,92.29226046953798,1
67800,78.59456786526417,0
67800,79.88051256959169,1
67800,100.04233769285725,1
67900,79.49680854697955,1
67900,83.79767815797311,1
67900,90.79262179560291,1
67900,87.95402634683185,1
67900,98.77419676337948,1
68000,88.89043376411325,1
68000,82.07145874185167,1
68000,89.78525134372202,0
68000,83.67383095357057,0
68000,75.64529690455426,1
68000,89.86863556556615,1
68000,92.64422999670619,0
68000,90.14780729590208,0
68000,88.9373319897331,1
68100,79.3669033703838,0
68100,79.92578480336205,0
68200,86.31478005175595,1
68200,88.66965319929722,1
68300,91.86789688312928,0
68300,82.41362795694246,0
68300,91.81148161154246,0
68300,91.47527955320864,0
68300,80.30340365843418,1
68300,82.84829454882852,0
68300,85.02038209469212,0
68400,76.15521998930967,1
68400,88.41090221923456,0
68400,91.24514743508139,1
68400,81.61314708605302,0
68400,82.36044380475681,1
68400,95.30130603604027,0
68400,80.14099241690218,1
68400,76.68098717162881,0
68400,91.96527397833347,1
68400,89.49006443799446,1
68400,84.93218313781712,1
68500,88.28537086037991,1
68500,80.60724340033987,1
68500,88.8903122833223,1
68600,88.6863473798055,1
68600,100.5488532644855,1
68600,96.12805082429192,1
68600,87.94044311092246,0
68600,79.94850969786076,0
68700,83.13820545950941,1
68700,78.48774155187073,0
68800,80.32012902868547,0
68800,79.17557361163743,0
68800,79.73932754974243,0
68800,87.76778789637825,1
68900,93.52667535341257,1
68900,93.03542170151029,1
68900,81.6936493207798,0
68900,87.24253438707674,1
68900,87.09545800422354,0
69000,82.13370554405151,0
69000,80.46005238773598,1
69000,80.75860637027215,0
69000,82.93931707259686,1
69100,95.30463389050364,1
69200,83.17959641865404,1
69300,81.5764978300255,0
69300,109.30321748125884,1
69300,109.3870541758787,1
69300,88.84896892009756,1
69300,72.72312359480675,0
69300,93.16539507150225,1
69300,86.25544985795857,0
69300,90.10040646333887,1
69300,81.71885777832918,0
69400,92.35675172401382,1
69400,78.8769393132548,0
69400,87.09643721210735,1
69400,89.29689300870761,1
69400,79.5267727710955,1
69500,84.82327793610719,1
69500,79.60968442428394,1
69500,81.78675356973264,1
69500,87.81269076462429,1
69600,76.88473918939835,0
69600,91.50544814084148,1
69700,94.95480892578249,1
69700,77.3352905815289,1
69700,91.00069745849656,1
69800,95.82089280592406,1
69800,81.33158120388237,0
69900,80.59162177402578,0
69900,80.29498155108762,1
69900,95.87025287552946,0
69900,89.26814391147963,0
69900,72.33621800240672,0
70000,86.45138997065447,0
70000,86.80648383811719,0
70000,95.45087303386848,0
70000,82.4006565438813,0
70000,82.63009600645545,0
70000,72.00442777212899,0
70100,75.34755387154932,0
70100,94.93925274783479,1
70200,90.34777285031566,1
70200,74.73715927391444,0
70200,79.16657291200552,1
70300,85.14097980110309,1
70300,87.70299961470978,1
70300,80.16697910931525,0
70300,87.0605759283736,1
70400,85.87596996327146,1
70400,109.10291580276018,1
70400,80.01798180156898,1
70400,73.67919186334123,1
70400,81.51431085927511,0
70500,83.29711962914857,0
70500,89.55198150016943,1
70500,76.01428671289592,0
70500,97.00067291303698,1
70500,85.40102700699205,0
70600,84.07206933002271,0
70600,80.27798299832682,1
70600,102.78671084346617,1
70600,83.0032400276404,0
70700,88.80868679200314,1
70700,83.45254294521992,0
70700,82.12382991950537,0
70700,91.58050445686511,1
70700,73.66389913429462,0
70800,88.95467195492171,0
70800,80.82370471618003,1
70800,84.96250371514843,0
70800,79.78355140382514,0
70800,80.63971663472958,1
70800,82.76721187085418,0
70800,83.30529778010336,1
70800,87.10272998481676,1
70800,85.58347602404461,0
70900,91.13423549417817,0
70900,78.47382405162303,1
71000,89.49208300045771,0
71000,83.62824037135157,1
71000,86.34346246349295,0
71000,86.95099645413512,1
71000,94.13861706434919,1
71100,92.20875360162519,1
71100,79.68595423566335,0
71100,86.48914175184781,0
71100,96.52116929700271,1
71100,112.14255383208103,1
71100,81.40969405876555,0
71100,81.00764603631329,1
71100,81.40549905013171,1
71200,83.23282626873592,1
71200,77.554646220592,0
71300,87.84747855449909,0
71300,88.11361152462361,0
71400,86.5309438203161,1
71400,76.6765250843967,0
71500,65.19752802365548,0
71500,93.71621671699583,1
71500,64.93101183058285,0
71500,99.24638263707035,1
71600,78.03037663108869,1
71600,78.38662601532835,0
71600,65.75417750754156,0
71600,80.73224176209699,1
71600,79.59427537179737,0
71600,69.64153584336869,0
71600,67.28347531427794,1
71600,82.22261857490453,0
71600,79.4340529450954,1
71600,70.30753868967977,0
71700,80.56937905128828,1
71700,70.46940971394099,0
71700,96.38957972389167,0
71700,97.99851875169801,1
71700,78.5660810843123,0
71700,68.93461838956541,0
71700,82.68195151889215,0
71700,84.22834251830336,1
71700,70.6628913112012,1
71700,82.2771801375152,0
71700,68.84846079330839,0
71800,93.2147971951261,1
71800,65.91462597580443,1
71800,92.11452505477595,0
71800,88.45869800520467,1
71800,71.33523168244493,0
71800,82.58919906023974,0
71800,70.86533774448195,1
71800,91.99043803828819,1
71900,70.33692373603121,0
71900,88.65676650007103,0
71900,65.34231962566102,0
71900,73.38327468209732,1
71900,85.50964896182828,1
71900,76.89242929118919,0
71900,69.01964283422178,0
71900,73.92542992616553,0
71900,100.03457110625541,1
71900,65.13420073094892,1
72000,82.7822948625807,0
72000,70.48899370507041,0
72000,71.54875830331349,1
72000,70.67232720629326,0
72000,70.59463544755602,0
72100,66.09398569941662,1
72100,69.93022507332783,1
72100,70.52832399986718,1
72100,65.12070486928954,0
72100,68.46397146889701,1
72100,70.51468240706787,0
72100,69.78874602595275,1
72200,67.49381318544542,1
72200,69.97515962062066,0
72200,67.72240931673572,0
72200,101.22518533657993,1
72200,65.19154517335507,0
72200,66.52186831366953,0
72300,68.97632261255508,0
72300,65.87147217400144,0
72400,70.94001822072292,1
72400,67.35456188931205,1
72400,70.79555930924116,1
72400,65.7284515806185,1
72400,68.68738383333248,1
72500,70.38248957232837,1
72500,98.82086301650746,0
72500,70.46796268671339,0
72500,70.9238141421268,0
72500,70.79137047018403,0
72500,70.52401633339782,1
72500,71.23123657834607,1
72500,70.18568122865695,1
72500,98.9015780429876,1
72500,70.23457529593463,0
72600,71.732809206768,1
72600,70.01636157040956,0
72600,66.96230264699932,0
72700,69.68745583431566,1
72700,70.89662289079632,1
72700,66.87443022764867,0
72700,70.71688147460084,1
72700,70.50372958996184,0
72700,66.40596257176801,0
72800,68.84542295861684,1
72800,69.33744386059581,0
72800,70.46304840829072,1
72800,70.34748935205006,0
72800,68.97481327428237,1
72900,71.20876760648294,1
72900,68.04111702694082,1
72900,70.11881000583872,0
72900,71.7975836990683,0
73000,69.75351600361317,1
73000,55.9368318078259,0
73000,70.17217983794923,0
73000,64.95150396881402,0
73100,69.81892518636089,1
73100,66.05389963044696,0
73100,66.03003135807904,0
73200,70.34785943198737,0
73200,65.50875221961098,1
73200,68.34206541888409,1
73300,70.47445911481086,1
73300,70.13243099876712,0
73300,70.47913005512851,1
73300,70.27524780640151,0
73300,69.90326114519618,1
73300,68.80962635751104,1
73300,65.44253188965281,0
73300,70.05902376784158,1
73300,68.60015312171392,1
73400,70.44960461563345,0
73400,69.92024123797304,0
73400,70.31944960293869,0
73400,67.61394485356335,1
73400,70.48594480360603,1
73400,65.74119651484821,0
73400,65.81863179872197,1
73400,64.97746815068741,0
73400,69.86697222177408,0
73400,69.70094549124295,1
73400,70.8642457936379,1
73400,65.1007789265543,0
73400,70.21462537585565,1
73400,70.99490117267783,1
73500,65.61287597985152,1
73500,68.7794571138391,0
73500,70.08234175369702,0
73500,70.1678566111721,1
73500,65.46674597430003,0
73500,63.12597091757381,0
73600,68.41211422266107,1
73600,66.28460528993405,1
73600,64.36213623255142,1
73600,70.38758525644202,1
73600,69.97038245202694,1
73700,61.83382446871845,0
73700,64.10125276418408,0
73700,70.19601471179169,0
73700,70.26971507485977,1
73700,67.84048469255467,1
73700,70.12227217939156,1
73700,70.11700673983893,0
73700,63.11521203275217,0
73800,70.47467049400727,1
73800,65.30437343274585,0
73800,68.9096137104147,0
73800,69.33871824903922,1
73800,72.11293193349674,0
73800,63.70312758275494,0
73800,65.16077429041466,1
73800,69.6075641438486,0
73800,72.7229028833003,1
73800,69.76968614983203,0
73800,65.53835873410206,1
73900,67.34773274590745,0
73900,70.54514648758217,1
74000,68.74042904445233,1
74000,66.30297271997618,0
74000,65.65117908431166,1
74000,70.61036575526252,0
74000,66.31209576395666,0
74100,66.04147999210231,1
74100,65.84263857666508,0
74100,70.25927321352748,0
74200,70.78458306057205,1
74200,70.4821242776234,0
74200,70.13528253902348,0
74200,69.34194235763394,1
74200,69.8516810833503,0
74200,67.81777724113994,1
74200,69.94012437349669,0
74300,66.0056455830846,0
74300,70.71028452466098,1
74400,71.95951744141486,1
74400,69.18475670324821,1
74400,70.06218600506206,1
74400,69.96378874665375,0
74400,69.03521121826125,1
74400,69.99523599521898,0
74500,69.16036608883886,1
74500,75.10187912432242,1
74500,66.43602244079334,1
74500,66.70317385033354,1
74500,72.261641303419,1
74500,64.36752003703656,0
74500,71.03419418664174,1
74500,70.69914234730398,1
74600,69.59637574298235,1
74600,69.90644964319597,1
74600,69.25509747579942,1
74600,69.11458729855545,0
74700,70.44246599771795,1
74700,66.21428091666135,1
74700,69.39066749509477,0
74700,69.42535105304052,0
74800,70.04559119067498,1
74900,67.43335112940564,0
74900,67.2008139892149,1
74900,70.12331499637185,1
74900,65.13211337928544,0
74900,66.4636791403706,0
74900,69.145189104682,0
74900,67.77495791244083,0
75000,70.62925749305424,1
75000,70.58971574365202,0
75000,64.83284927470503,1
75000,70.23964043845952,1
75000,70.4276954345943,0
75000,70.64331729337735,1
75000,68.56002772160666,1
75100,69.689210465615,0
75100,70.79116274650006,1
75100,67.78284591290989,1
75100,68.74820893377958,1
75100,65.48464065858198,1
75100,70.62309611189923,0
75100,67.88309165700008,0
75100,65.6422060575187,1
75100,65.47104669821967,0
75100,70.15416349603096,1
75100,70.01574749479562,0
75200,68.30586701661159,0
75200,70.3988416934812,1
75200,69.73677203128155,0
75200,68.00236697318928,1
75200,69.62909088039783,1
75200,68.70553755750183,0
75200,70.20479376514434,0
75200,66.60318443397578,1
75200,56.50784367786495,0
75200,69.7161819112446,0
75300,69.70685963696599,0
75300,70.62069030671114,0
75300,71.00477248828018,0
75400,65.69424332123123,1
75400,69.78800037044844,1
75500,69.26495059904505,1
75500,68.60663339492012,0
75500,70.23625015208812,0
75500,68.93828323959123,1
75500,66.88906536072726,1
75600,74.69980538262408,1
75600,73.87861120356375,0
75600,74.945546676718,1
75600,73.6580416990284,1
75700,75.53062603751104,0
75700,69.30191240596916,0
75700,73.80599499005027,0
75800,77.63720387554709,0
75800,76.797357736355,1
75800,77.50989198711336,1
75900,69.57274629978582,0
75900,79.95381396666397,1
75900,78.61520461346677,1
76200,74.71311843457266,0
76300,83.22829671819656,1
78800,175.89143437919066,0
78900,189.25833575910116,1
79300,211.39135326918844,1
79500,198.00391935778805,1
79600,210.72716262243307,0
79700,211.87297420409416,0
79700,224.04048374950102,0
79900,212.08910304576386,1
79900,212.74495641683137,0
79900,202.20150427064408,0
80000,215.19155611812124,1
80100,263.14078319730163,0
80100,259.8027553015834,1
80100,254.51465482745812,0
80200,238.1810801905375,0
80200,229.2748629156101,1
80400,243.21338333318096,1
80400,249.49584349454958,1
80400,210.65031758080275,1
80400,264.6790731329955,1
80500,228.00761929086698,0
80500,269.24974610738644,1
80500,232.22583278115852,0
80600,270.283467464941,1
80600,248.25965436515565,1
80600,240.49383909332983,0
80600,251.39198260778605,1
80700,262.10059390842645,0
80700,254.83721683200548,1
80700,254.80772496870273,0
80800,279.9261769433714,1
80800,256.3737060316709,0
80800,252.64005917305653,1
80800,248.54764778580426,0
80800,271.35061616985394,0
80800,246.64743574872892,0
80900,271.2010907718637,0
80900,290.66022022432287,0
80900,266.91163392820346,1
80900,271.5657162115627,1
80900,296.45622899290527,0
81000,282.4513445532409,1
81000,263.2069507882671,1
81000,223.33315612327274,1
81000,248.4587661400748,1
81000,275.6703796833522,1
81000,267.56270836114305,1
81000,261.00082616016556,1
81100,279.35203343713164,1
81100,278.3295516678477,0
81100,289.8613300121177,0
81100,284.3407336201765,0
81200,288.66061607415287,1
81200,289.85588886680966,0
81200,269.53464384492924,0
81200,276.48695871400093,1
81200,312.3353655024126,1
81200,271.44339237286704,1
81200,289.425788983012,1
81200,287.4183644942879,1
81300,279.2012774593501,1
81300,280.4998650737957,0
81300,246.40869078469328,1
81300,274.82473423356106,1
81500,293.32834076809024,1
81500,283.0219076584231,0
81600,277.74939994615744,1
81600,279.1146056525514,1
81600,305.16679547167786,1
81700,272.7766785432647,0
81700,290.8955837708894,1
81700,294.5799850839579,1
81700,301.1862490672212,1
81700,295.782199660561,0
81700,287.40702053034454,0
81800,296.6311845442171,1
81800,268.07515207251413,1
81800,316.3950684957271,1
81800,308.24344401233367,1
81800,290.37679835152176,1
81800,341.59239998883703,1
81800,296.4769570811426,1
81900,304.0619121398987,1
81900,326.9456178207664,1
82000,309.8636720668983,1
82000,333.2682700157284,1
82100,327.1588870857188,1
82100,352.010805697463,1
82100,303.785234881336,1
82200,337.1073405018266,1
82200,369.6217576804984,0
82300,305.9180531254999,1
82300,323.73244618196264,0
82600,347.82725238164056,1
82800,347.25678118985974,0
82800,361.55568305411316,0
82900,316.670510075662,0
82900,309.3505277854176,0
84300,260.93377152373563,1
84500,228.4498870343635,1
84500,214.90403222872044,0
84500,205.5934555716906,0
84600,233.7249091479444,1
84600,261.4472612582633,0
84700,229.33158668762005,1
84700,234.27774381042977,1
84700,242.43780328940176,1
84800,210.4363004947626,0
84900,232.42261031272466,1
84900,223.37204069363588,1
85000,246.24752057661465,0
85100,237.57111030789102,0
85100,233.45405374833715,1
85200,228.81265833628052,0
85200,238.17138205407207,0
85300,267.06901273944976,1
85300,243.38886928002586,0
85300,261.71167845718776,1
85300,235.4069266224369,1
85300,270.59306619333233,1
85400,241.85663259232913,0
85400,234.81786518345595,0
85400,222.9928996775411,0
85400,216.0736234332122,1
85400,258.5825330487171,0
85400,223.4606939413164,1
85400,459.21471295826086,1
85500,234.36041266036023,0
85500,214.57318224328716,1
85500,234.9567556120757,1
85600,223.4416461198655,0
85600,223.07966662167914,0
85600,233.72578933376786,0
85600,248.64764655872733,0
85600,238.5285793486445,0
85600,239.12044392295687,1
85600,232.4704534271169,0
85600,228.98648827612828,1
85600,245.18359496455005,1
85700,246.40711210191793,1
85700,226.67759090850646,0
85700,245.71636816472815,0
85700,228.3373556249702,1
85800,206.10533705699632,1
85800,238.57731063737202,1
85800,222.3630933751235,1
85800,228.48699634658323,0
85800,206.07763594942352,1
85800,232.9162614611531,1
85900,233.34861467120237,0
85900,218.79311812934242,0
85900,240.56973946178508,0
85900,217.89620785154347,0
85900,250.1406888143099,1
86000,258.7213081665764,1
86000,256.51053895857547,0
86000,237.74068162168166,0
86100,265.2569395727046,1
86100,236.42337914442152,1
86100,231.9783135182094,1
86200,249.22738342909338,1
86200,223.24447382847185,0
86200,231.74547028174868,0
86200,246.90764621534257,0
86200,256.2785824743132,1
86200,247.79318586152576,1
86300,254.7480943006423,1
86300,225.1406322799153,1
86400,232.11299327540084,1
86400,225.21410316021203,0
86400,227.88650219234117,0
86500,243.8643719408773,1
86500,225.5696107907237,1
86700,260.90161635357083,0
86700,243.14959586680732,1
86700,236.1374928876971,0
86800,557.6999823188877,0
86800,227.24381143439265,1
86800,257.7942788946161,1
86900,250.38464941836796,1
86900,257.95177294412116,0
86900,255.06241900122905,1
86900,253.6290874996071,1
86900,244.79183115964537,1
87000,233.0236167207491,0
87100,254.3745868679521,0
87100,249.24602190464756,1
87200,255.9060901353336,1
87200,244.14941645857652,1
87300,268.9558294508805,1
87300,242.97348276610896,0
87400,250.43388604765866,1
87500,234.78976729631282,1
87600,247.22734208618095,0
87600,234.3989208764422,1
87700,236.6818157410044,0
87700,238.5646867944666,1
88400,161.27625976115132,1
88500,301.0815132740925,1
88900,178.59292684739762,1
88900,172.57159878468767,0
88900,211.07263721005197,1
88900,205.85728748118188,1
88900,221.74116553062498,0
89000,216.24889639357218,0
89000,184.63851612348526,0
89000,213.42085841649615,1
89100,224.50642735269125,0
89200,196.67470338999115,0
89300,182.5787059676283,0
89300,188.6716739857493,1
89400,197.29219556586202,0
89400,243.01708400443962,1
89400,201.74357901003597,1
89400,186.950986334997,1
89400,178.21557856234386,1
89400,189.8206557138362,0
89500,204.88468777125414,0
89500,192.1179703928816,1
89500,185.80346504151152,1
89500,244.68865947487973,0
89500,187.42763570947432,0
89600,178.8237807687239,0
89600,178.24780108261038,0
89600,176.55002112272143,0
89700,225.20265625152564,0
89700,176.48283112001502,0
89700,199.32183417058283,0
89700,213.9779467656087,1
89800,179.98928527523958,1
89800,193.71527151326958,1
89800,203.7805997333501,0
89800,195.89090177346122,0
89800,194.36109244611222,0
89800,242.80060838531185,0
89900,199.6025187926347,1
89900,185.47557551070685,0
89900,194.12128136078525,1
89900,222.82233284780287,0
89900,207.0527746641662,0
90000,197.3900693109004,1
90000,172.024144540184,0
90000,259.61938006703815,0
90000,181.8266457968203,0
90000,225.5988559403071,1
90000,187.64866683302594,0
90100,189.52357284271346,0
90100,232.9025683408487,1
90100,258.56490764333665,0
90100,232.09553847092607,0
90100,174.50926095386257,0
90200,189.17555850566762,1
90200,218.95379285270798,1
90200,196.1781638984437,0
90300,182.83759537858495,0
90300,192.78819350829622,0
90300,266.1648656697456,1
90300,230.42400167049615,1
90300,226.361550391411,0
90400,169.50670683071755,1
90500,181.32509415706105,1
90500,240.97673713035655,0
90500,233.17454325848334,1
90700,220.4348121861468,1
90700,169.09523399128022,0
90800,183.5718148348136,0
90800,251.547752299747,0
90800,188.38846623680158,1
90900,192.18936141625358,0
90900,284.78962717825937,1
91000,205.0988779336804,0
91000,240.937284327191,0
91000,271.0521748676261,0
91100,216.0044699337896,0
91100,202.64101768269632,1
91100,195.92369726927157,1
91100,192.03504727438371,1
91300,297.49714355422606,0
91400,263.24811929051583,1
91400,225.7835814909258,1
91400,271.18887413906936,0
91400,198.50170806659014,0
91500,201.32494240296177,1
91500,187.13833215421758,1
91600,193.49004264051737,1
91600,296.63229218918326,1
91600,265.54080642347486,1
91800,244.08550170249617,0
91900,272.9076305234958,1
92000,219.87776211828123,1
92200,178.14049536509478,1
92200,262.36035629773244,1
92300,249.82460331499004,1
92400,234.74434068133104,1
92500,199.32369240421502,1
92500,301.23235711851805,0
92600,271.84453044518926,1
92700,180.238174151587,0
92700,183.58494999710163,0
92800,191.16949757610803,0
92800,296.5942016112218,0
92900,189.8143865695594,1
92900,178.1465409850019,1
93100,176.88411628862397,1
93200,181.48656127721318,0
93300,193.62770197844847,1
93400,194.97190747438307,0
93400,182.31914536359662,1
93500,191.26989657448516,0
93500,294.7277462262755,1
93500,204.39624027376297,0
93600,207.88684085157274,1
93600,206.7036914795191,0
93700,208.90399599882826,0
93700,208.68847249538928,0
93800,154.36362100540669,0
93800,210.7322587127486,1
93800,213.35794828723957,0
93800,182.97031833066052,0
93800,189.56971720178672,0
93900,248.8514857048252,0
93900,240.8697118467735,0
94000,207.93342494976244,0
94100,206.62469207255307,1
94100,194.13518613847867,1
94200,185.49756161434215,1
94200,254.22196882827816,1
94200,257.05296224087164,1
94300,195.9091018385633,0
94400,234.37369271418672,0
94400,209.20476153633038,1
94400,201.41036167096624,0
94500,249.15196303095092,0
94500,276.5144699874371,1
94600,181.95479467270172,0
94600,259.07032627081793,1
94700,208.00838234062442,0
94800,194.9377581142551,1
94900,229.46742170252924,1
95000,254.18062810821743,0
95000,230.4890725762856,1
95000,264.10397835788245,0
95000,243.95948389149137,0
95000,177.9024464007571,1
95100,273.2603561333427,1
95100,264.59606334472954,0
95100,266.0067428787858,1
95200,257.90630887218333,1
95200,263.2197466780703,0
95200,278.26818563433,1
95200,239.58255124885892,0
95200,214.7400185875092,0
95200,138.42312700774693,1
95300,230.90512446557995,0
95300,269.87772962802154,0
95400,208.76526106624584,0
95400,268.65826999136846,1
95400,245.60049639236092,0
95500,189.96219320528107,0
95500,270.642506340777,1
95600,205.10626501977302,0
95600,258.53191335052117,1
95700,268.35955952917175,1
95700,246.03320984989583,1
95800,296.88384271996154,0
95800,277.59245204871945,1
95900,240.70784856773147,0
95900,209.5417537975149,1
95900,258.7445196809292,1
96000,242.4645677823326,0
96100,245.39631038533062,0
96100,294.3339516249975,1
96200,213.2051106483124,0
96200,184.09167280033466,1
96300,266.35883708357323,1
96300,293.1255464698822,1
96400,281.92199157920396,0
96400,200.84797757743306,1
96400,286.7299872912086,0
96400,260.3093725383255,0
96400,252.5848153765142,1
96600,278.0123277353191,1
96600,202.52426933840698,1
96600,255.04247100080187,1
96600,250.89342101508743,1
96600,270.69567340109535,0
96800,290.7795309965275,1
96800,267.53773427781533,1
96800,268.2394973636485,1
96800,204.00727999876497,1
96900,205.60474343929243,0
96900,261.0013155212354,0
96900,331.8946561275679,1
97000,195.20391066815742,1
97100,283.58969708142087,0
97100,214.77628234310882,1
97200,254.06241901379505,0
97200,214.7894749008735,0
97300,190.72185546563563,1
97500,206.2511918684554,1
97500,191.40233008573816,1
97500,231.59412226456314,0
97500,219.69077402525608,0
97500,193.82490440558368,0
97600,178.18319099352914,1
97700,261.1291401819157,0
97700,202.35614975341568,1
97800,197.57900139822996,0
97900,291.4497692421748,0
97900,208.5128403976798,0
98100,190.8715515260807,0
98100,230.76738996786727,1
98100,209.95165324139026,0
98100,227.05556904533398,0
98100,203.66565683738392,0
98100,153.7886686118096,1
98200,239.12517334256648,0
98400,208.53948157157865,0
98500,216.11023654885165,0
98600,205.7169519003972,0
98700,212.6752884058743,0
98800,273.9493702064875,0
98800,195.62109314855132,0
98900,192.42209155507754,1
99000,197.40168537844815,0
99100,313.0904095901322,1
99100,246.32982411055397,0
99100,203.83762224610254,1
99100,207.02041959318564,0
99100,185.05376058084568,0
99100,197.4135648343023,0
99200,253.03245126383428,1
99200,270.50158196104127,0
99300,204.5898209589644,1
99300,213.4550086884961,1
99300,272.0240246031704,1
99400,209.3390149773201,0
99400,212.91668810734146,1
99500,210.42116119114556,1
99500,251.70987808621328,1
99500,202.91289468656046,0
99500,219.72786961669863,1
99500,224.88114703524695,1
99500,225.41271101450153,1
99600,212.9929617743187,1
99600,202.5016521292494,0
99600,221.91465696140074,0
99600,218.74188798465184,0
99800,206.7581729470875,0
99800,212.37149836891692,0
99800,208.19427542372907,0
99800,290.1479282584363,0
99800,220.55646694250797,1
99800,251.20455795426813,0
99800,191.12581715977439,1
99800,197.14150744670525,0
99900,286.7740937904623,1
99900,222.6948804535849,0
99900,191.78651843919678,1
99900,207.96918317947524,0
100100,207.97485673094528,1
100100,215.29647164394476,1
100200,198.04771701191228,0
100300,229.47062474521425,0
100300,219.16533173009495,1
100300,197.7410707450264,1
100300,207.05016320016318,1
100300,210.76364703879395,1
100400,291.61307768476587,1
100400,316.9574524319724,1
100500,203.92163383290568,0
100600,287.0913989651508,0
100600,207.25186951444084,1
100700,224.5722818076737,1
100700,214.17731980303478,0
100700,211.82085593384676,0
100700,214.6146547245286,1
100700,200.12324019348813,0
100700,204.76416215057725,1
100700,280.5209978167924,1
100700,218.6016119171683,0
100700,340.2065225193941,0
100800,209.33654606535939,0
100800,210.3996630153373,1
100900,196.1241899088455,0
101000,206.59264634113225,1
101100,187.10425061054087,1
101100,205.81512277083206,0
101100,215.06976676992747,1
101100,308.68638465568836,1
101200,230.62470395714655,1
101200,201.4817891285005,0
101200,214.43060523767713,1
101300,204.05057572357643,0
101300,223.90202416999716,0
101400,231.11341146548406,1
101400,215.5634511856176,0
101400,202.64533612383744,1
101500,193.02859399121832,1
101600,201.61582438277912,1
101600,200.0216663233569,0
101700,197.1529029412872,0
101800,215.69503461434186,1
101900,208.75440587189928,0
102000,203.22640031943052,0
102000,190.15246580009324,0
102000,249.08655200327962,0
102100,227.71124564557434,0
102200,202.93485433610016,1
102300,207.15662108176204,0
102300,208.288507887945,1
102400,210.29486893627544,1
102400,233.6349033903076,1
102500,203.52796837407766,1
102500,190.3574095456392,0
102500,212.8495735912184,1
102600,235.4398044980719,0
102600,189.50773764242876,0
102600,258.6278409909369,0
102700,228.28404816507762,0
102800,194.89863731566157,0
102900,199.83646527698556,0
102900,216.60885774301553,1
103000,190.1795145073001,0
103000,198.92875411988706,1
103300,197.26796626600228,0
103300,200.84986818938128,0
103300,197.57129996873832,1
103300,206.9502353442561,0
103400,210.21646224154807,0
103400,191.1834697943399,0
103400,219.330790364756,1
103400,212.6626934389444,1
103500,196.6920557113713,0
103500,214.41320434416613,0
103600,202.79618310972617,0
103600,224.94317668109488,1
103600,207.95614584139636,1
103700,207.78201324238518,1
103800,225.3238461885758,1
103800,214.30654441971296,0
103900,239.84093092410717,1
103900,201.00845380908433,0
103900,201.36454980328517,0
103900,202.26048207426498,1
104000,217.66984634768843,0
104000,229.3595287374805,1
104000,202.83303214159073,1
104000,208.191902494568,0
104000,224.27494352617893,0
104100,225.38827541858865,0
104100,212.18790165718704,0
104100,225.00532434208384,0
104100,207.54590643720127,0
104200,227.0660482208264,1
104200,216.89329795734207,0
104200,216.6769818212946,0
104300,218.90976721655775,0
104300,221.7154647938882,1
104400,213.93507208926312,0
104400,200.2285318839081,0
104400,201.20074143917165,1
104500,229.85086541810315,1
104500,214.90470731510314,1
104600,205.01665385319055,1
104700,218.74219922523778,1
104700,218.69584220360662,1
104700,212.18681273616372,0
104700,197.227973467226,0
104700,196.58375952512532,0
104700,196.25602664142968,1
104800,233.32603597476827,0
104800,211.75374503858595,1
104900,202.3583274402129,1
104900,208.95524316313762,1
104900,229.80664874728745,0
104900,210.06238754458224,1
104900,203.9335013872561,1
105000,211.35348085792526,0
105000,211.57155940822776,1
105200,228.44341902394322,0
105200,188.8930681184053,1
105200,223.80883048797617,0
105200,226.32557094846604,1
105200,200.9298564810642,0
105300,201.0310039150934,0
105300,207.5187584179985,1
105300,205.69389475423185,1
105300,192.38186908741082,0
105300,219.66698601087947,0
105400,239.28537153104057,0
105500,218.09710465189727,1
105500,207.47176953647732,1
105600,220.6240136167693,1
105600,229.59533621471732,1
105700,223.80072404028286,1
105800,204.59287924602933,0
105800,208.0622362059589,0
105900,222.48479188987147,1
105900,219.59355564948834,0
106000,212.84051978671897,1
106000,200.13864841062207,0
106000,206.85690386194952,1
106100,203.35790546708003,0
106100,235.76419235396685,0
106200,194.74783756355268,0
106300,213.48707597420147,0
106500,225.64197698200206,0
106600,209.0012347041652,1
106600,198.39017868545625,1
106600,194.63868979741324,1
106600,224.58446054548145,0
106700,218.4763698561017,1
106700,201.38582444088993,1
106700,208.47956997408926,1
106800,216.88133607173665,0
106800,214.39985000036782,0
106900,203.96384010946736,0
107000,232.66393986425533,1
107000,197.9407206428904,1
107100,198.23542732687136,1
107100,223.63476927416204,1
107200,219.19833026393098,0
107300,218.50432871297235,0
107400,203.05553275609446,1
107500,202.4956977973649,0
107500,228.75182888530756,1
107500,205.94545033789285,1
107600,208.2851339426953,0
107700,211.06324631711286,0
107700,219.66938602084363,0
107700,199.42256767862443,1
107800,214.04669589841816,0
107800,223.244825835021,1
107900,202.5179883283759,0
107900,213.98996740441098,0
107900,205.63653220127088,1
108000,207.46709897555095,0
108000,223.21885885335436,0
108000,215.99632835276373,0
108000,199.9870514383954,1
108100,202.53484886192265,0
108100,202.51534916857295,1
108100,206.08019515075816,1
108100,234.79416423906804,0
108200,202.60526061037865,0
108200,208.67670796324552,0
108300,203.44804064443744,0
108300,217.88069735426132,0
108300,206.70392921452515,0
108400,224.6124506159192,1
108400,219.36833337430826,0
108500,231.45947194387176,1
108600,204.9449513319057,1
108600,218.84489959377734,0
108600,223.50646559763342,0
108600,206.97625901645307,1
108600,218.89885203845037,0
108700,219.5826142032189,0
108700,198.00710943972052,1
108700,230.56275631867572,1
108800,219.91556153270912,0
108800,192.5881026176111,1
108900,208.42572104885355,0
108900,218.31795443031723,1
109000,212.3886522475637,0
109000,203.22793261828943,0
109000,235.69575259645106,1
109100,229.753492887408,1
109100,219.404802033475,1
109100,216.67066166704728,0
109200,211.8099412683115,1
109200,221.98730079333797,0
109200,230.43723989524548,0
109300,219.72876136135812,1
109400,218.5423025450504,0
109400,225.09385393437785,0
109400,205.7870289380977,0
109400,228.76104198608346,1
109400,222.3031530498741,1
109500,211.17100859938697,1
109500,204.57374732557184,1
109500,200.68960775203925,0
109500,204.94390766174146,0
109700,233.56681174325973,1
109700,220.90516043749454,1
109700,223.00311719742916,1
109800,205.36523118830988,0
109800,223.95703253734976,0
109900,226.57174836614575,0
110000,223.40281693529138,1
110000,213.2223081781542,0
110100,238.63361107334333,0
110100,243.9971354254103,1
110200,210.6221914367265,1
110200,218.03355218159115,0
110200,213.5689969990983,1
110300,237.79323417016852,1
110300,222.66475329614565,1
110400,219.73290216422757,1
110400,239.96941892659515,0
110400,213.82301182335573,1
110500,220.6141783568882,0
110600,192.51663517577038,0
110600,214.5684065293724,1
110600,229.17413575075548,0
110800,234.86610968650837,1
110900,238.14539343231326,1
110900,215.6404600770293,0
110900,206.43686878220205,1
110900,210.9015593014487,0
111000,207.52785659813378,0
111000,211.6753772082644,1
111000,220.05592088399112,0
111000,195.65515424248466,1
111100,207.64473306659445,0
111200,227.63984128363913,1
111300,231.07556087548232,1
111300,220.7416768485011,0
111400,217.7983751584415,0
111500,218.37770927244682,1
111600,218.8259697246804,1
111700,212.87290447228273,1
111800,233.80140648237816,0
111800,211.6600621827478,0
111900,205.80253875624476,0
111900,217.5316351704107,1
112000,233.9485651431593,0
112000,204.58150385530726,1
112100,230.05969980575156,1
112100,199.48822082607322,1
112100,200.45699341324618,1
112100,217.1108045015211,0
112100,181.52822051757346,0
112200,220.90580890558482,1
112200,224.58142566012543,0
112300,224.09140497189495,0
112300,217.15171358239118,1
112300,215.69002334545192,0
112400,214.02533996660551,1
112400,242.67983801954057,0
112500,226.9026679537751,1
112500,202.19019161731438,0
112600,216.93947434585888,0
112600,223.2894065629197,1
112700,209.70593655586893,0
112700,236.94842769778404,0
112700,219.091008497517,1
112700,229.04477244973933,1
112800,234.2021126670386,0
112800,205.4777884164744,0
112800,229.07563042307518,1
112900,223.27161324991033,0
113000,215.51850563640934,1
113000,220.50142129432524,1
113100,217.01747897249732,0
113100,208.00572617093968,1
113100,213.67508004167397,1
113200,227.5784088057603,0
113200,229.928359540255,0
113200,242.32903583215992,0
113200,227.98341925555167,1
113300,206.62825445674937,1
113400,210.26078610510925,1
113500,234.3047702519784,1
113500,219.18337409478082,1
113600,244.93102044515908,1
113600,228.21548403114912,0
113600,220.25457368561732,1
113600,235.7010071566775,0
113700,223.1399409013733,0
113700,205.04159284935687,1
113700,232.56902663176623,1
113700,211.8119051416111,0
113800,242.96395636460608,1
113900,227.9969753583248,0
113900,220.6105842970408,1
113900,229.01614996047485,1
113900,225.28702193914398,0
114000,225.87154074574417,0
114000,231.58511242922495,1
114000,211.0480669504071,0
114000,229.91550253977496,1
114100,246.37001104930843,1
114200,225.7751886939273,0
114200,234.15951487352254,0
114200,223.86492314370452,1
114300,225.26322748171424,0
114400,211.925921386284,0
114500,212.74398393982045,0
114500,224.71259702388758,1
114500,209.2178447694438,0
114600,223.1122538782422,0
114600,239.84884332809838,0
114600,228.35153823607996,0
114700,212.63808268550795,0
114700,238.79675600592293,1
114700,201.0990395548287,1
114800,213.72683511260882,1
114800,218.35744582412661,0
114800,233.03337564739255,0
114900,208.96151656355192,0
114900,191.9292224873264,0
114900,224.38490321438667,1
114900,227.9702237019319,0
114900,195.13124620116324,0
115000,239.2582583550738,1
115000,210.0992817416923,1
115200,211.04905882198798,0
115300,235.4092905455271,0
115300,218.11575934532854,0
115400,217.8524998627877,1
115500,230.13953985781578,1
115500,206.87559398219844,1
115500,218.08928724329786,0
115600,199.03378233455894,0
115700,198.43192707551336,0
115700,240.8386890385269,0
115900,233.35420364572045,0
116000,199.46543603072286,1
116000,249.47553259969595,0
116100,196.26237750661022,1
116100,193.42982021380908,0
116200,207.52479739816113,0
116300,224.5209014632946,0
116300,246.85248164445244,0
116400,229.86916088873878,0
116400,195.48864088088214,1
116500,264.9259796257472,0
116500,215.07017826019228,1
116500,218.8376762380367,0
116600,207.7726066812926,1
116600,202.45982929277093,0
116600,235.8869358180017,0
116600,250.27814386692754,1
116600,214.83102295698717,0
116700,207.27832341883985,1
116700,188.84058322425804,0
116700,218.91226051536393,1
116700,230.91496554182854,1
116800,242.87276949328268,1
116800,206.13464296137755,1
116800,234.3040430325357,1
116800,225.9541597020549,1
116900,202.53069406418595,1
116900,205.50605028048426,0
117000,240.46773364979592,1
117200,223.08839858418955,0
117200,227.97539197837318,1
117200,220.97035253121334,1
117200,218.9323554956653,0
117300,217.3393324946957,1
117300,229.3388117453252,1
117400,207.61163102095182,0
117400,196.97624783504287,1
117400,215.9898389410408,0
117500,216.8322742680584,0
117500,228.93821834771205,1
117600,201.51382799791622,0
117700,221.35797128696214,0
117700,240.17302203665577,0
117700,231.11242470170572,0
117800,207.77283793490724,1
117800,205.37629358789567,1
117900,239.6304754717871,0
117900,236.78335516279176,1
117900,235.86322831687062,1
117900,216.21847379417542,0
118000,222.09900805775658,0
118000,219.27708780301606,0
118000,195.00547178718227,0
118000,194.90237093489915,0
118200,203.8592264020906,1
118200,214.99682427712952,1
118200,214.64521046128047,0
118200,226.1849949560535,1
118200,220.96835900423378,1
118300,203.77627278466787,0
118300,233.8887037644573,0
118400,208.41658257138252,1
118400,245.8991020054082,0
118400,187.36965935599295,0
118500,248.76152501633499,0
118500,226.08517596720424,0
118600,236.53077142150931,1
118700,240.61036404207874,0
118700,210.65500726488872,0
118700,227.348210469296,1
118700,216.5613112531821,1
118800,195.34701947736824,1
118800,207.04461763847462,1
118800,188.74604336655193,1
118900,190.4613546787567,0
118900,208.78591352204901,0
118900,249.12077521574733,1
119000,203.53242204756964,0
119000,214.87976733745398,1
119100,211.38063245378837,0
119100,206.61389409864185,0
119100,196.59458449182108,1
119200,239.10359142870215,0
119200,219.3615081091299,0
119200,186.20650542761734,0
119200,207.65069012912107,1
119200,227.48180013190245,0
119300,239.06179894510427,0
119300,218.28395826659195,0
119500,246.80052167833958,1
119700,205.43665402683962,0
119800,210.82532712938396,1
119800,220.73501441801162,1
119900,249.04878042016495,0
120000,221.17947325624314,0
120100,217.01092587210331,1
120100,245.6159992881435,1
120100,237.55119661124235,1
120100,218.72757463647397,0
120200,229.96765914490098,1
120200,213.88089032713086,0
120300,180.6311466560932,0
120300,197.29882185653258,1
120300,200.11801901284267,0
120300,210.1157100772959,1
120400,175.3089742061416,0
120500,186.46373612948818,1
120600,213.88612331612734,0
120600,205.64215037570838,0
120600,224.65358531119423,1
120600,210.35201293278584,0
120700,235.01235421754774,0
120700,196.88875552420518,0
120700,204.69899835482465,1
120800,225.83297607322697,0
120800,207.99744922825536,0
120900,214.9528346179506,0
121000,210.79619394968725,0
121100,173.29686120240103,1
121100,217.87213711710294,0
121200,217.32926248944193,1
121200,196.87339365425586,0
121200,220.3919584648221,1
121200,236.39535236034976,1
121200,219.6055997535672,0
121300,192.37473072021356,0
121300,223.29503555901852,0
121400,243.47326160908716,1
121400,202.31645440191218,0
121500,239.30774837164986,0
121500,187.0328213314569,1
121500,237.48596938298314,0
121500,194.8752410224985,1
121600,217.47424509491213,1
121600,223.15454831107024,1
121700,241.89604540984266,0
121700,184.62672986938884,0
121700,189.69857936918834,1
121800,240.7225481947797,1
121800,221.43739236362268,1
121900,195.1060208905154,0
121900,224.74898282710532,1
122000,200.78872008851306,0
122000,203.9648864056322,0
122100,186.96420921741847,0
122100,220.67897199027425,0
122200,235.2916676180717,0
122200,235.20412535507558,1
122200,209.2219453326025,0
122300,217.66181950691293,0
122400,202.17791889423708,1
122400,212.9272567182574,0
122400,237.65951322513848,0
122400,219.83503725510866,0
122600,204.3583403814803,0
122600,233.17285845133225,1
122800,203.89185972115223,0
122800,202.13364252813818,1
122800,223.9446356312399,0
122900,249.0442142084791,0
122900,238.11774915907395,1
122900,228.2825354456177,0
122900,203.7074881414824,1
123000,203.49354995384445,1
123000,215.57803853851942,1
123000,230.6953258804227,1
123000,246.21775020467945,1
123100,242.6468613704513,1
123100,215.5246257563619,1
123100,235.6274991328767,1
123200,199.78468689635218,0
123200,215.57747531116405,0
123200,239.26964422627418,0
123200,220.33113838748932,1
123300,220.31256309413857,1
123300,202.27509534019433,0
123300,208.44163401221346,0
123400,210.49830614496335,0
123400,222.69765851921707,1
123400,217.05100432715977,0
123500,209.1009400825742,0
123600,227.38580729595517,0
123600,254.1683183974147,0
123700,222.08316607077828,1
123700,233.57447575184887,1
123900,239.02781448871713,0
123900,256.5303093606147,0
123900,221.77746718740357,0
123900,202.24700002773548,1
124100,214.7384360264361,1
124200,253.35624639400814,1
124200,205.0229017805383,0
124300,269.0833541210123,1
124300,211.50430278094655,1
124500,227.09539888500495,0
124500,203.90159719618765,0
124500,241.16908135450942,1
124600,215.7241436090382,1
124600,199.53098519897148,0
124600,228.3868482284369,1
124600,234.96591316208801,1
124800,214.07264263579307,0
124900,231.10332082756096,0
125000,242.70203627557842,0
125000,244.25385445863878,0
125000,209.81028864784787,1
125100,225.76157405387642,1
125100,240.88330571002524,1
125100,244.53644855164703,1
125200,257.88596754535854,1
125300,221.06389087725552,1
125300,237.0599918160305,1
125400,235.39977630763076,0
125400,239.9851654967703,1
125400,227.19369061943968,1
125400,210.633664018898,0
125500,214.17727160660354,1
125500,215.40354209662053,0
125600,206.99378771414345,0
125600,202.36084316016266,0
125600,226.32208766276193,1
125600,213.24582958308036,0
125700,234.5350772444256,1
125700,252.9488553579087,0
125800,263.4770215625555,0
125800,225.2676552601888,0
125900,237.74568264347886,0
125900,236.167934218435,1
126000,227.13274520288937,1
126000,231.26248385322816,1
126100,189.02926477920755,0
126100,224.30396096668568,1
126200,214.39923157219994,0
126300,223.74876738503485,1
126300,259.7440261792672,0
126300,220.4143617235589,1
126300,212.60375541305626,1
126300,243.5181449356804,1
126400,208.13744100612183,0
126400,234.53977126663221,1
126400,229.32412634808654,1
126400,243.08975414503408,0
126400,195.6203000647699,0
126400,245.34702051507358,0
126400,212.62946255143152,1
126500,243.46121125411466,1
126500,215.1476384228482,0
126600,209.1391513749299,0
126600,245.85406499582894,0
126700,222.56640592028646,0
126700,236.41589415996384,1
126800,238.3438184171447,0
126800,220.04602731424876,0
126900,213.3116622851812,0
127000,192.7827681394453,0
127000,229.9303438042349,1
127000,220.40164973927028,1
127100,204.4275026362892,0
127100,202.96822635543654,1
127200,209.06750024236234,0
127200,214.858804947753,0
127200,218.12935791885226,0
127300,218.92522885233217,0
127300,218.78401186945783,0
127400,224.95772401351618,0
127400,205.55231584938753,0
127500,204.46228178968866,1
127500,214.95435708054876,0
127600,236.88113361923422,1
127600,211.18187970533438,0
127600,231.6108752209588,0
127600,203.2886422784026,0
127700,225.88717339986465,1
127800,225.83959388748198,0
127800,210.67212960291116,1
127800,191.08616546011189,1
127900,241.93856698393316,0
127900,227.5917309656178,1
127900,242.81733817833754,0
128000,261.0351609201685,0
128000,229.65204093817442,0
128100,205.73782000824667,0
128100,237.8511763532256,1
128100,221.9811562014758,0
128100,209.45847949333216,0
128200,249.3442730294537,1
128200,223.04966068157424,0
128500,238.8179195008785,0
128500,229.34103159105624,1
128700,215.59920656793696,1
128800,223.8880193752734,1
128800,226.7536792563622,1
128900,233.68771727354562,1
129000,224.06783935605333,0
129100,228.29896977602306,1
129100,224.33043533661217,0
129200,229.10243399579286,1
129200,249.80392865707594,1
129400,239.12990337165496,0
129600,207.4214728598868,1
129800,233.68815116548677,1
129800,246.72249763421274,0
129900,243.30073566323017,1
129900,268.84044287655144,1
130000,249.60006742862598,1
130200,231.7061945951552,0
130200,260.39919664533284,1
130200,227.67747544940298,1
130200,230.11338617581828,0
130200,239.68238801722953,0
130300,240.5861367017583,0
130300,254.73577831109273,0
130300,284.91840894145327,1
130400,251.8429328183399,0
130500,253.39680136498723,1
130500,240.41917905915892,1
130500,244.48289687626186,1
130500,249.56621526287776,1
130600,237.47650326364823,1
130600,259.34512524670544,1
130700,276.30306819134523,0
130700,238.2270955809038,1
130700,238.62953427974952,1
130800,240.62729131284604,1
130900,245.34295174745242,1
131000,294.09849732666993,0
131000,256.17589072812814,1
131000,237.3070388883608,0
131000,279.5946065332061,0
131100,238.74616113118796,1
131100,283.866488230315,1
131100,240.94149264116203,0
131200,225.8611807213081,0
131200,254.92241017816374,1
131200,242.08291976754467,1
131300,236.538046001671,1
131300,238.65634283446866,0
131300,246.00497862662456,1
131400,243.72902581848706,1
131400,251.56849765205328,1
131400,282.47633315295525,1
131500,248.34444384121946,1
131600,244.69295743442987,0
131600,236.97582036536218,0
131600,267.6548076875376,0
131700,260.7544188484801,0
131700,261.4875287132704,0
131700,256.4562246481983,1
131700,238.1687418194857,0
131700,228.4005304065087,0
131800,251.7284387470119,1
131800,239.86352434041603,1
131800,270.57545623347437,0
131800,227.93843795065735,1
131900,218.31337963267737,1
131900,231.50867595594607,0
131900,273.1374762043146,1
132000,242.5653402699074,0
132000,236.13266261982187,1
132100,268.49568585626173,1
132100,237.4862294704467,1
132300,251.90178287760335,0
132400,248.6381168936478,1
132400,269.3190521221163,1
132600,250.85479954976583,0
132600,237.9070536662455,1
132600,225.71108825717135,1
132600,282.37288395843467,0
132600,246.4363545784247,1
132700,255.53549479070838,0
132700,245.44655945441147,0
132800,249.43223195838362,0
132800,235.1212942233095,0
132800,272.6700388657126,1
132800,251.709182844484,1
132900,267.5805800830884,1
133000,270.3582408122994,1
133000,242.62532266326747,0
133000,240.3547600464406,1
133100,275.8079391937027,0
133100,248.22424475399137,0
133100,251.4056170910393,0
133200,254.07651397338887,0
133200,256.83538813805256,0
133300,262.9071266426934,1
133400,280.4418289699368,0
133400,261.62577468473745,1
133500,245.1915916668114,1
133900,274.53542376564116,1
133900,258.9567898857746,1
134000,249.33937952997027,0
134100,252.16176626476783,0
134100,233.5406972863952,0
134300,201.6166228292946,0
134300,258.3037457757634,1
134300,266.3861055321672,0
134400,278.6739505288156,1
134400,273.3012693698036,1
134400,233.28195874745612,0
134400,265.82490617543914,0
134500,220.04924702813602,0
134500,251.06423987184078,1
134500,215.26597054671763,1
134600,294.4678087605586,0
134700,228.2374832249877,1
134700,246.35486238353914,0
134700,250.449869272954,1
134800,215.19062342540482,0
134800,226.84972716838467,0
134800,209.70546534188134,1
134900,233.37320728730535,1
134900,233.59204956169867,0
134900,238.31628853622195,1
134900,217.31831135076382,1
135000,231.1589370313511,0
135000,258.9380173744226,1
135100,256.5340527544908,0
135100,233.24185115150013,0
135200,227.27939317397386,1
135200,210.9218318866333,0
135200,229.35780737840292,1
135300,206.53248076504357,0
135300,216.47859778459775,1
135400,221.28472440286976,0
135400,220.41072377884674,1
135500,239.49291231585184,0
135500,213.5433511784197,0
135500,235.20881257857704,1
135500,215.97137794804328,1
135600,202.48261603167774,1
135600,229.26602694627653,1
135600,208.9687358287102,0
135600,253.88711588602752,1
135600,226.76174063361069,1
135600,212.90788539219182,1
135700,222.27315857927155,1
135900,210.01829511673222,0
136000,257.6432115482407,1
136000,223.2575654763923,0
136000,265.3037543357895,1
136000,215.49693614792903,1
136100,216.9302811137842,0
136100,212.39214096792261,0
136200,220.99104751716112,1
136200,232.78722397953936,0
136200,223.74324891346217,0
136200,246.76702877279513,1
136200,223.99166893778792,1
136200,204.58566064231255,0
136300,246.6247995622743,0
136400,229.6872434208135,0
136400,238.96845733847894,0
136400,237.68828348896204,1
136400,264.1532348315754,1
136600,271.09024865159216,1
136600,219.2150148927118,0
136600,252.35190898362652,1
136600,231.81361822140627,1
136700,240.2870771608858,0
136800,222.94849680854503,0
136800,248.5531980110457,1
136800,226.57342153233142,1
136800,211.94269455345707,0
136900,217.97149048395738,0
137000,224.44430521822392,0
137100,260.71584399892504,1
137100,238.48271373160225,0
137100,225.23381634374206,0
137200,218.61431928980858,1
137200,210.4686377753238,0
137300,238.15227472114466,0
137300,225.84792909027672,0
137500,231.45338303106934,0
137500,226.07444280427848,1
137600,248.10668740704972,0
137700,258.07686325926187,1
137700,245.09595021215034,0
137700,231.53313393458512,0
137800,247.06932014430507,1
137900,224.7737310615989,0
138000,253.84219189105363,0
138000,226.03670422355958,0
138000,250.68203772083172,0
138000,234.13244672435707,1
138100,246.20787069006005,1
138100,220.45333628135893,0
138200,254.35001199372945,1
138200,256.5229219532525,1
138400,224.46482021769563,0
138400,227.34341766452653,1
138500,198.776302284688,0
138500,221.80383059004714,0
138600,215.23370055310437,0
138600,227.18930855800534,1
138600,217.12932124076917,0
138600,209.7916917619735,0
138800,203.97581437773866,0
138800,196.59778805779231,1
138900,232.39174262282418,1
138900,228.70278021694298,0
139000,204.05566207406588,0
139000,222.4197400878103,0
139000,201.87545070969938,0
139000,206.02364784786218,0
139000,216.540689435467,0
139000,227.20329988198912,0
139100,242.76464441522748,1
139100,240.97843174586362,0
139100,210.40190871427794,0
139200,202.69313370642476,1
139300,223.0998827370269,1
139300,240.81627035059012,0
139400,246.3870845891565,0
139400,217.22933590923463,1
139400,215.4716235263985,0
139500,237.54316052619947,0
139500,210.66008333327147,1
139500,212.19512853825773,1
139600,207.2490310130031,0
139600,217.94368011114094,1
139600,198.44686585072327,0
139800,229.0519471504215,0
139800,212.13852663226356,0
139900,227.86063634270945,1
139900,224.9488643238427,1
139900,224.0612199834917,0
140000,203.53287717418584,1
140000,230.6700243801757,0
140000,219.49837657427827,1
140100,217.09261582088408,0
140200,233.2943854048712,0
140200,188.76680242776004,0
140200,194.75862178390707,1
140200,218.5750927328971,0
140300,207.4963868727342,1
140300,272.40819040399236,1
140300,235.8965747945889,0
140400,235.99621702575192,1
140400,210.04236954326797,1
140400,242.65200282745917,0
140500,204.87055345295585,0
140700,234.1885915312318,0
140700,203.554694053269,1
140700,238.37243645610087,1
140800,241.78996765406598,0
140800,210.8944014914964,1
140800,204.83010159509968,0
140800,305.3373837647296,1
141100,219.78371546906283,0
141100,214.65927784195227,1
141100,258.1242598417679,1
141200,199.19858370908437,0
141200,248.51166591173882,1
141200,244.03629287365732,1
141200,255.8270683130158,1
141200,247.9244050668842,0
141300,219.640020777414,0
141300,227.7572725895365,1
141300,208.6440380685023,0
141500,236.06546618301527,1
141600,265.0610041496698,0
141600,274.31117321915116,0
141600,247.58715519110265,1
141600,223.273853227081,0
141700,235.95430087102787,1
141700,225.1741584104354,1
141700,291.0643113416228,0
141700,209.42947690858324,0
141700,221.35318790386515,1
141700,196.0752502671195,0
141800,208.55699503053077,0
141900,221.9617713642395,0
141900,197.48254220697842,0
142000,299.07203234828086,0
142100,282.1391871781962,1
142200,210.40553246904332,0
142300,261.0350834448095,0
142300,258.2108956281179,1
142400,221.62145986974113,1
142500,217.47970476232808,1
142500,214.9427443688113,1
142600,251.51386267367565,0
142600,232.01653262985266,0
142700,216.5064209693564,0
142700,224.4282205476066,1
142700,236.7377107447362,1
142800,217.5077675683179,1
142800,217.43837102175013,0
142900,247.8017106137508,0
142900,220.7810297751606,0
143000,220.50765486847786,1
143000,204.41591397531454,0
143100,231.7039282796138,0
143100,255.39675757873835,0
143200,230.76691193799812,0
143300,218.21193253630005,1
143300,226.1887122055091,1
143300,241.01913048636004,1
143500,202.88045307694236,0
143500,298.06109595253616,0
143600,238.03159432370967,1
143600,236.65682646924716,1
143700,237.2424717814108,1
143700,234.46900284485667,0
143900,259.76757228786107,1
143900,231.11039033236173,0
143900,245.37738426036714,0
144000,226.5820863180861,0
144100,256.9372824165469,1
144200,263.3997384940193,0
144300,266.38670779690426,1
144300,277.25654110539745,1
144300,241.4830101945849,0
144400,248.07258490603792,0
144400,238.44042149840493,0
144400,253.8111099586626,0
144500,232.84371541007948,0
144500,260.4612549404722,0
144600,258.3533288564344,0
144700,229.99874386583755,0
144700,277.96789109825846,1
144700,219.75431172302658,1
144800,248.37713701960067,1
144800,251.88076983745313,1
144900,254.61708885017225,1
144900,255.06783903750687,1
145000,241.4292475113767,1
145000,213.23916210666945,1
145100,250.52861996526062,0
145100,255.36845704396663,1
145100,238.63317556433162,1
145100,237.6592536121087,0
145100,258.5443198356377,1
145200,266.7506500883894,1
145200,246.4421333608495,1
145300,259.1289525567084,0
145400,258.80833544811827,0
145500,252.86135307898323,1
145500,261.05320192044627,0
145500,310.84144436788216,0
145500,244.76389348447694,0
145500,236.99076879785414,1
145600,301.6062734645476,1
145700,210.33731112564382,0
145800,246.1397270547046,1
145800,210.39901028168833,0
145800,269.6568615544082,1
145900,256.84551318313567,1
145900,262.8731039165048,1
146000,249.00689738440974,1
146000,266.34511876790003,1
146000,226.39994361613063,0
146100,245.91044013340328,0
146100,229.60385066568134,0
146100,255.8289446096949,0
146100,224.08976260966676,0
146200,255.81451079431764,0
146300,260.342326099896,0
146300,260.8764734299759,0
146300,255.98378045899324,0
146500,235.24299488171758,1
146600,246.36597682552548,0
146600,270.8389015342484,1
146700,287.3694239016585,0
146700,254.17593898043495,0
146800,273.1303789945249,1
146900,210.0959791483683,0
146900,262.46448125711277,1
147000,251.1461542600242,0
147000,268.5913995483726,0
147000,266.97434602175537,1
147000,276.2820403642441,0
147100,247.07640778033016,0
147100,305.4290859142275,0
147200,269.25698574757723,1
147200,203.42899578217154,0
147300,227.5408860485484,0
147300,240.38122508971267,0
147500,232.38908890162378,0
147500,253.73811381971592,0
147500,272.7016268122006,1
147500,260.33170571463387,0
147600,221.91660525211094,0
147600,278.67789021427023,0
147700,273.4580238865612,1
147800,275.7330975242372,1
147900,231.41030585829324,1
148000,254.8855603543403,1
148000,239.9185191744037,0
148000,268.83720321913836,0
148000,221.6501387930462,0
148100,252.13429757475924,1
148100,264.31220807191227,1
148200,233.26035505600075,1
148200,246.4447616199266,0
148200,277.81924252509685,1
148300,262.1127793635327,1
148300,280.4039491193806,0
148400,259.5993393929604,1
148400,270.82363481257426,0
148500,232.68179197907975,0
148600,251.74298175468854,0
148700,252.67799721134,1
148800,269.902684641136,1
148800,224.30367573981144,0
149000,252.2828627362275,0
149000,258.496062978715,0
149000,260.41524151009503,1
149100,237.40072033580785,1
149100,239.8033307262827,0
149300,296.6312096372395,0
149400,256.9963415323007,0
149400,240.6880906605378,0
149400,269.6932748892195,1
149400,250.62093130543676,0
149500,237.1686217502484,0
149500,252.98426939502409,0
149600,238.98836709591097,1
149600,267.3304210160067,1
149700,232.78145999539183,0
149700,279.2285919342902,0
149800,273.6240402232059,0
149800,255.0151695784757,0
150100,268.9100640876807,0
150100,264.4350781902007,0
150200,253.98274022263664,1
150200,276.44130985463613,1
150300,234.38985484081843,0
150300,247.9598485970828,0
150300,277.81250636348017,1
150400,245.11990368953994,1
150400,266.3686707874746,1
150400,273.62010112996086,0
150500,271.65213831729335,1
150500,261.6459975377378,0
150500,280.9644039951448,0
150600,257.5100844680912,1
150600,253.02909827190032,0
150600,257.2765448865514,0
150600,270.7845840651011,1
150700,257.6174225560339,0
150800,254.37970546959463,0
150800,243.59637815776202,0
150900,248.07192309936377,1
150900,257.96550467436737,0
150900,245.2203724029914,0
150900,290.267147535473,0
151000,262.4371362540534,0
151000,243.6767383498272,1
151000,269.32721133005344,0
151100,264.6616919869137,1
151100,254.29306656348433,0
151100,309.91310657587337,0
151300,251.44682635208497,1
151300,263.9672278164793,0
151400,258.6606850851394,1
151500,277.4380956367451,0
151500,259.38510538936026,1
151600,269.67675931576355,1
151600,259.16723349743154,1
151600,275.75233282857715,1
151700,255.15584392877616,1
151700,232.15025389038186,1
151700,254.98676966150555,0
151700,260.43697970379253,1
151800,249.2778356315542,0
151900,263.38967015113695,0
151900,239.8824094999339,1
152100,249.27314401925958,0
152200,253.1689370191407,1
152200,233.01730089148407,1
152300,271.5412751369037,0
152300,268.8943201151555,1
152300,272.82455057172757,1
152300,265.3173203693915,0
152300,279.14005460996214,1
152500,267.3321739021981,0
152600,268.8460038939912,1
152600,252.6860876082969,1
152700,272.68917485498423,1
152700,240.98481099312176,1
152800,261.6334681017198,0
152800,246.3426888599847,0
152900,276.99195387707323,0
153000,228.58422266722025,0
153000,278.8731290101301,1
153100,278.02572371902755,0
153200,247.20064046139623,1
153200,289.7862834036579,0
153300,259.15575567265944,0
153300,266.6738171114244,1
153400,261.1414368464138,1
153400,256.2876403075031,1
153400,264.55436927020634,0
153400,268.0670981599241,1
153500,281.25575504487466,0
153500,233.71163720958637,1
153500,273.4817702633584,1
153600,254.16726227693266,0
153600,279.9165502099907,1
153700,282.4294057057331,0
153900,281.45533152386537,1
154000,280.16134039014287,0
154000,270.03221560700814,0
154000,258.3654131545589,1
154000,263.40804076153506,0
154100,257.6021413960269,1
154100,252.88182285577227,0
154200,255.27073769234582,1
154200,261.7969816833734,1
154400,252.2114722798804,0
154400,253.61887443037497,1
154700,251.65554979723655,1
154800,270.7941121303602,1
154800,269.81663122850705,0
154800,232.16161174482258,1
154900,287.04933895768283,0
155000,236.34905145737153,1
155000,262.7375797426528,1
155100,272.71028059353307,0
155100,270.88955230385955,1
155200,292.4224547401147,1
155200,284.2754931735939,1
155300,271.23865801606644,0
155400,294.5300830928287,0
155500,262.7374117210621,1
155500,252.9685310579457,1
155700,256.79903129404823,1
155700,265.62556346608056,1
155700,284.3746044859489,0
155800,230.25216558502902,1
155800,235.92076357296997,1
155800,256.6118306317557,0
155800,271.3539436493971,0
155800,281.7043478869212,0
155900,251.50066266983384,1
155900,251.5387703849218,1
155900,271.79900071879626,0
155900,269.9157737068343,0
156000,255.45965622530255,0
156000,283.38794689311453,0
156000,281.9711949915784,1
156100,220.59629350727835,1
156100,280.85901648393434,1
156200,278.71019694317727,1
156200,268.5721942892003,0
156200,257.9246301564098,0
156200,224.95155852412395,1
156300,288.3941227088281,1
156400,292.60228454015726,1
156500,279.7111161788434,0
156500,279.09332347429284,1
156500,272.37609403380776,1
156600,270.2231194304164,0
156600,259.16918661157877,1
156600,278.0316071601776,0
156800,255.3220994979285,0
156800,284.68734769128076,1
156800,261.27327905486567,1
157000,281.3811867183964,1
157000,268.91906596189637,1
157000,271.0743117013431,0
157100,269.0299293456019,1
157100,273.59945370619613,1
157200,269.2326817558862,0
157200,244.06414245119294,1
157300,245.97737611259575,0
157500,248.35673259437047,0
157500,262.1219304944112,1
157500,297.6181296295627,1
157500,272.47647255382924,1
157500,282.7352238171857,0
157600,297.71320642314396,1
157600,264.0390868971136,0
157700,239.14351040990397,0
157800,246.4282532516651,0
157800,257.281412580944,0
157800,276.2359748624769,1
157800,237.75887218898717,0
157800,269.81560920332504,0
157900,287.20400337073175,0
157900,265.49539708881895,1
157900,247.44315382569633,1
158000,289.935361636671,0
158100,255.6822245194516,0
158200,272.4685161306067,0
158400,261.6089452905307,0
158400,238.1529166891536,0
158600,224.78403930093117,1
158600,262.91520919286023,1
158700,268.82099327463044,0
158700,254.91027202101432,1
158800,256.146120956566,1
158800,264.7706840132297,1
158800,263.7611802425103,1
158900,240.167851899717,0
158900,252.64183109028747,0
159000,282.6655107151463,1
159000,263.92368135339075,1
159100,275.8979373848424,0
159200,291.1818896377911,0
159200,312.9759624882076,1
159200,290.27253152908804,1
159300,257.10382429473066,1
159300,306.59785246811896,0
159400,272.92280224269587,0
159500,280.858510119642,0
159500,277.7131896585741,1
159600,272.2611687307443,0
159700,263.13666796903544,0
159700,274.6804422440104,1
159800,251.50250221162716,0
160000,245.65573223454638,1
160000,257.71380946710906,0
160000,286.82906807949524,1
160100,255.63873665739962,0
160300,283.4107663673003,0
160400,266.6666938590726,0
160400,225.52606844598435,1
160600,269.75506854424077,1
160700,224.1577763046951,1
160700,299.14464538354434,1
160700,280.3699814908056,0
160800,268.52950051856345,0
160800,293.6977343448314,0
160800,273.97444800346716,1
160900,307.3206409135959,1
160900,256.55493902437576,0
161000,267.9345360315034,1
161000,260.951948617814,0
161000,265.12646762445314,0
161000,257.21397610920417,0
161000,282.0939278601129,1
161100,241.3099524133413,1
161200,252.72877880898494,1
161200,300.75736851923585,0
161300,269.60660575807526,1
161300,270.94561820019095,0
161400,292.8516567842113,0
161400,281.6659543409208,0
161400,275.5102930028336,0
161400,280.47547150427545,1
161400,263.4977823355203,0
161600,224.03096216364892,1
161600,284.7423538125702,0
161600,278.40425274046754,0
161700,301.90932908522694,1
161700,257.32564621710554,0
161700,280.7624805456685,1
161700,230.15017491438383,1
161800,264.5075858950254,0
161800,263.6999382569207,0
161800,267.3008899876611,1
161900,274.39361997995724,0
162000,314.0666002805487,0
162000,263.1029807804439,0
162100,270.1330008163756,0
162100,285.9330298760805,1
162200,242.10783140591892,0
162200,299.819285600023,1
162300,277.4880836001192,1
162300,256.7139266578797,1
162300,259.4604679544217,1
162400,274.59050284825116,1
162400,257.4258395788009,0
162500,275.3697739146682,1
162700,259.2062747422481,1
162700,264.54565934724565,1
162800,269.9149893966379,0
162800,314.8599808813945,1
162800,268.28461258972123,0
162900,254.47988458077234,0
162900,276.68093147570033,1
163000,271.7089770315634,0
163100,268.18416101943114,1
163100,268.4530456169908,1
163100,268.14958756438796,1
163100,251.6846064208506,1
163200,258.11604901290906,1
163200,271.86488841645416,1
163200,290.74644656749905,1
163200,256.88147171053254,0
163200,279.0662789243071,1
163300,244.8846039577089,0
163600,248.5843092079816,1
163800,259.4522901585902,1
163800,258.81988819757066,0
163800,227.84218870623477,1
163800,302.95661873240306,0
163900,252.83556194379304,0
163900,275.23729580716304,0
163900,241.9683954173644,1
163900,288.5663763465394,0
164000,239.94947492611578,0
164000,270.53033565772114,1
164100,318.0622613620769,0
164100,248.16930806549877,1
164100,256.7824128667079,0
164200,259.73681269194776,1
164200,274.20630342932435,0
164200,266.67454323162934,1
164200,246.19217275479633,1
164300,257.42791645855044,1
164300,244.4879592229912,1
164400,246.68861573779063,1
164400,283.6937817087239,1
164500,257.0482216879195,0
164500,284.79457047979156,0
164500,254.25369728688142,1
164500,244.26491048923884,1
164600,251.03756664201686,1
164600,230.745008025043,1
164700,241.07695554461674,1
164800,243.30159198345035,1
164900,251.78683651909185,0
164900,231.74983268361402,1
165000,262.6148463124565,1
165000,232.2167155687367,1
165000,235.64695666376585,1
165300,235.05501911239122,0
165400,233.85532138248004,0
165500,245.8139872618654,1
165500,239.81590898081743,1
165600,248.50697491021285,0
165600,239.31508785092225,0
165600,231.45664278796406,0
165700,259.0811110484861,1
165700,224.83300839859658,1
165700,243.11240502609323,0
165900,221.82739321671818,1
165900,245.59944453571134,0
165900,235.03678836136314,0
166000,233.3069257837729,1
166000,235.1293468020202,1
166000,253.95449616915832,0
166100,262.7874032153398,1
166100,256.9365234250773,1
166200,227.1691829089425,1
166200,273.0471825900849,1
166300,258.58841107115853,1
166300,271.70494261480724,1
166300,235.74644500880794,0
166300,251.01729561599433,1
166400,254.33527879342486,0
166400,237.9014209690595,1
166500,245.61629550988593,0
166500,234.2196567448767,0
166500,240.45708555124048,0
166600,257.33044863318906,1
166600,257.5641262966648,1
166600,223.678296866124,0
166700,241.75063272490476,1
166700,241.4768482798714,1
166700,227.14363681309078,1
166800,273.99019429444667,0
166800,225.49665770779166,0
166900,234.0052684300022,0
167000,234.75005848789047,0
167000,259.44218825756985,0
167000,250.25083723832387,0
167100,254.30785111374192,0
167200,243.44879703274802,0
167200,214.93420652261668,1
167200,267.789449065644,1
167300,227.41830712734514,0
167300,247.9673565005376,0
167300,226.99723478274638,0
167500,252.4538479114673,1
167500,244.54948814832932,0
167600,300.52983847412037,1
167600,243.43346523384412,1
167600,224.69624318281112,1
167600,231.5223891892875,1
167600,227.27276006174654,0
167600,227.68309571049113,0
167700,235.60249221173117,0
167700,225.48095621700776,0
167700,225.46730321117505,1
167800,227.19609048543936,0
168000,267.2777629734789,1
168000,243.39295908780534,0
168000,241.26093741163234,0
168100,217.14540717743407,0
168100,210.8430210766902,1
168300,224.73592034989363,0
168300,241.08194789961618,1
168400,232.51757186242995,0
168500,261.9141409000932,0
168600,236.8349867733537,0
168700,235.59689874265433,0
168700,290.96112850415113,0
168700,245.76486913456873,0
168700,225.51309817940657,0
168800,229.84251594745803,0
168800,234.3115010482793,0
168800,242.87058723316778,1
168900,254.1888650675933,0
168900,222.95433808178626,1
169000,230.9878712017883,0
169000,257.53184917078596,1
169100,249.2354483771877,1
169100,248.25031732244932,0
169100,237.61097844755471,0
169400,242.7742797026733,1
169400,271.9088922077659,1
169500,286.49125411871773,1
169500,245.61977641911292,0
169600,259.6158607612504,1
169600,246.02790443560738,0
169600,250.90174024595518,1
169700,263.5822242352928,0
169700,241.5289017608754,0
169900,282.15184646044526,1
170000,253.83196338008693,1
170100,258.7031984753906,0
170100,285.2327291832071,1
170100,261.0598431454887,0
170200,228.2646725161326,0
170200,235.87474798866361,1
170200,251.72408002744783,0
170300,244.58952476091196,0
170300,260.64484591653616,1
170400,223.79127204404548,0
170400,241.01827938527683,1
170500,229.2036136899287,1
170500,247.81265772445002,1
170700,231.07660923252658,1
170700,257.0076856874614,0
170800,267.6652150616457,1
170800,231.22080400734177,1
170800,261.5153802695741,1
170900,223.21612516782304,1
170900,237.57676890689055,1
170900,231.10572929326585,1
170900,224.17972549099218,1
170900,245.16978087703393,0
170900,222.85511700565047,0
171200,219.60621825658913,1
171200,243.59418514478543,1
171200,282.82273096400735,0
171200,241.89105553472317,0
171300,259.10266047992724,1
171300,268.47061987713164,1
171400,242.19195094396275,1
171400,239.17205487431286,1
171500,274.7234486129345,0
171500,228.2724581095636,0
171500,257.06117630431936,0
171500,226.64776947683615,0
171600,271.7766336894729,0
171600,242.35472473806843,0
171700,277.57260082026454,0
171700,242.95691229217016,1
171700,222.76048799626,0
171700,221.24057685128432,1
171800,266.5001668491891,1
171900,231.37783830315206,0
171900,214.89263576521893,0
171900,285.9640430762842,0
171900,267.52134401185384,0
171900,291.64503736213203,1
172000,224.65773976391054,1
172100,258.0260095378415,0
172100,277.9626386188002,0
172200,227.95765160315352,0
172300,226.68407564218592,0
172300,245.03861620222554,1
172300,257.36550234341433,1
172300,260.0487506296512,0
172400,226.2835461759,0
172500,250.68659544121772,1
172500,228.41540738951255,1
172500,265.138847433036,1
172500,238.6421577064607,1
172500,271.75681594230906,1
172600,252.41856194693125,0
172800,235.5198390040847,1
172800,255.30045842121496,1
172800,220.2216605179812,1
172900,242.86029724548942,1
173000,242.1871224922636,0
173000,228.9207699321652,1
173100,218.6017273114767,0
173100,231.58520493350315,1
173100,283.24457810504924,0
173100,221.13087630765347,0
173100,208.70474156774193,0
173300,226.41667504524102,1
173300,289.94446611206706,1
173400,230.53082845277305,1
173400,229.8451717574001,1
173400,280.0282436221936,1
173500,255.11727113303525,0
173600,238.79868606135292,1
173700,241.86272947518177,0
173700,317.2965546271164,1
173700,245.48156182221427,1
173800,214.8539941523543,1
173800,236.24894342532107,0
173900,229.28029880264953,1
174000,234.62496275777823,1
174100,254.71923232187416,1
174100,255.42568501443174,1
174200,252.2827338492466,1
174200,231.357040171591,1
174300,278.63751212111003,1
174400,250.08713944883505,1
174400,247.95654564257845,0
174400,286.3637217659883,1
174500,250.51287707613358,0
174600,249.5316107682643,0
174700,252.44261688775936,1
174700,232.88394653680254,0
174700,221.72758078095697,1
174800,213.01040109189196,1
174800,248.89845221686895,0
174800,233.9346618178611,1
174800,238.43128631431628,0
174800,231.71573442691317,0
174900,229.79161024172626,1
175000,224.27172775421573,0
175200,261.5797518677568,1
175200,250.0770958752377,1
175200,212.26668995565038,0
175300,228.32837746705007,0
175300,216.25542198230173,1
175300,245.24201680716547,0
175400,224.67625235231878,1
175400,249.9059732208949,0
175400,221.48697266538875,0
175500,237.0668893041266,0
175600,270.22342502398374,1
175600,242.87952296888375,1
175700,216.23349648865693,0
175800,250.87454091977813,0
175800,246.00646901235223,0
175800,253.45384043277713,1
175800,218.2509381145757,0
175800,228.21008650904477,1
175800,255.19915227672269,1
175900,233.98219741686907,0
175900,241.33281152693658,0
175900,216.275940136405,0
176100,247.63179801232124,0
176100,237.31495174238353,0
176100,231.92726034318304,0
176100,220.25267382203398,0
176100,245.66390726538035,1
176200,227.12133701343456,1
176300,235.19350425205278,0
176400,237.33606187795343,1
176400,222.26044721617774,1
176500,251.43651271773365,0
176600,258.0857994005364,1
176600,237.50224806987964,1
176600,260.0347485192636,1
176600,235.54153913469818,0
176700,232.35729874966952,0
176700,228.33126868297524,1
176700,249.9178681417011,0
176800,255.9766056249969,1
176800,216.58032686775425,0
176800,221.08658047535468,1
176800,221.8000353801048,1
176800,242.5487762702226,0
176900,227.70193699591474,1
176900,236.31257648837772,1
176900,250.99800115003984,1
177000,224.68687473068954,1
177100,238.0862875611959,0
177100,223.20344993518015,0
177200,237.740630915718,1
177200,230.1809354442944,0
177200,239.33461624567275,0
177300,216.284299661041,1
177300,239.52021556419265,0
177300,210.37636566506686,1
177400,281.0580743338577,1
177500,219.9269940172574,1
177500,213.57736622679278,1
177500,230.91988552881577,1
177600,226.00778920733077,1
177700,244.896556963186,1
177800,213.34558476594768,0
177800,237.92976248258532,1
177800,233.74219572340849,0
177800,210.4430021601487,0
177800,217.98360510018745,1
177800,243.09786231958586,0
177900,237.30048652186798,0
177900,221.86746524591257,0
178000,214.82726304452248,1
178000,235.13654645616379,0
178000,214.48853523662348,0
178100,215.68758678276947,0
178100,199.52740880410624,0
178200,244.745529822109,0
178200,223.88996843406608,0
178300,220.77715400942145,0
178500,211.50820293390166,1
178500,241.17839071144206,1
178600,219.89730039561707,1
178700,236.74284406062085,1
178700,220.54270098339015,1
178700,209.26381244924747,1
178800,218.25982936868738,0
178800,230.98427521129926,1
178800,209.5481308585126,1
178900,200.22003142260664,0
179000,225.76520851597087,0
179000,221.74499633828918,0
179100,212.63567766683232,0
179100,234.72775239823966,1
179100,215.43825603484814,0
179200,221.736029651641,0
179200,218.48914300906014,0
179300,227.57925752954804,1
179400,228.05810491831218,1
179400,219.375905663884,1
179600,237.8425739547796,0
179600,215.87067427835547,1
179700,234.97835386150615,1
179700,223.58426937006212,0
179800,226.1268718287187,0
179900,211.18404126066883,1
179900,229.33769733682047,1
180000,234.09289131089818,1
180000,225.9045569907129,1
180100,213.1652559897814,0
180100,243.85899925718618,0
180100,230.29536951844892,1
180200,213.32113242185955,1
180200,220.87192745619802,0
180200,244.5427183301071,0
180300,216.5824230077415,1
180300,229.84202723626458,0
180300,220.01579009848356,1
180300,215.968327020409,0
180400,228.5892278688898,0
180400,209.50509754134,0
180500,243.94108153919575,0
180500,210.93040789372208,0
180500,224.67975394027764,1
180600,224.46398748898858,0
180600,235.5692078498879,0
180700,240.13999596519602,1
180700,231.99384835619068,1
180700,228.7565193967105,1
180700,216.39406609498087,1
180900,224.84050903484933,0
180900,225.88750440206584,0
180900,209.96572714557846,0
181000,220.4270278750382,0
181000,205.19238888815457,0
181000,214.9726567916245,1
181000,222.9953065246613,1
181200,217.75920656679648,1
181200,222.54469979238797,1
181200,212.98592628085763,1
181200,246.10888135282127,1
181300,226.35894442621608,0
181300,219.13427761078924,1
181400,214.49288787901645,0
181400,229.30241908530164,1
181400,232.2743317717622,1
181500,228.34495845562552,1
181500,209.227995077183,1
181600,209.0619368060334,0
181600,250.56722231280105,1
181600,247.3097179236106,0
181700,224.68097431055222,1
181700,242.78562057961108,1
181800,219.3782780209487,1
181900,220.4776418339247,0
181900,234.05763100364385,1
181900,243.85135493974082,0
181900,233.86177589747228,1
181900,219.75575292563235,1
182000,213.17142016798147,1
182000,216.48334308762531,1
182100,207.7675186352238,1
182100,193.67358099627754,1
182100,225.89860988062404,0
182200,232.33813687636356,1
182300,196.02998851551516,0
182300,214.54587662186174,1
182300,216.15573120182933,1
182400,228.87461140766524,1
182400,226.83230630276407,1
182400,211.22059577494733,1
182400,222.6053602750129,0
182500,203.30216539494035,1
182600,215.97927483075776,0
182600,238.31141885347216,0
182600,224.87432003428404,1
182600,239.4862473230574,0
182600,229.30692160759597,0
182700,236.4859876273758,1
182700,216.6953242165659,0
182900,204.75399890908676,0
183000,219.79455836594116,0
183100,213.27267669159804,1
183300,237.35721771757187,1
183300,232.35036713087135,1
183300,228.11095039222752,0
183300,210.9479448340484,1
183400,224.52523851612193,1
183400,205.47424385398222,1
183400,226.20016462875637,0
183500,217.79985294379625,0
183500,215.24401659517585,0
183600,246.58983876504968,0
183700,243.5335487041536,1
183800,213.69825288404797,1
183800,231.23327077617853,0
183800,241.0968217018759,0
183900,233.72552366713194,1
183900,224.23966132715913,1
184100,235.15909901035974,1
184200,227.92818380006804,0
184300,227.7400917768057,1
184300,236.79489638321257,1
184300,229.487381736884,1
184400,204.41676238162634,0
184400,217.38295726089225,1
184500,229.12461155348956,1
184600,225.74739984272725,1
184700,237.25195540820783,0
184700,236.07870477013597,1
184800,233.6586972002944,1
184800,228.3765720145079,1
184800,233.19558846642457,1
184800,228.34537877181862,1
184900,234.446956492488,0
184900,212.52508822087768,0
184900,203.49255393299873,0
184900,231.16194382924374,1
184900,220.4225960942224,1
185000,232.90917419297384,0
185000,233.1699536340629,1
185000,220.80941648425656,1
185100,220.06690316069452,1
185100,223.1646269486811,0
185100,224.73782043185216,1
185200,239.25099485688358,0
185200,208.33259836766624,0
185200,218.97374931154633,0
185200,222.26161524509718,0
185300,226.0525142486546,1
185300,214.12146299019525,1
185400,219.87040720114712,0
185500,253.37315591986024,1
185500,228.4264734866006,0
185600,225.5557685754147,0
185600,215.946773078921,1
185600,224.75885463575105,0
185700,220.36492799257968,1
185700,231.22657759161416,1
185800,226.23765222592715,1
185900,223.4705012984382,1
185900,223.44498223098807,0
185900,232.83734241958695,0
186000,222.413905372833,1
186000,229.23206740798736,0
186100,226.71741481528545,1
186100,222.06420245876114,0
186100,217.81111073232577,0
186200,228.75473937164375,0
186200,226.75681468944973,0
186200,236.39536194467456,1
186200,241.58704715236073,1
186200,195.0261293839457,0
186300,215.33189397904457,1
186300,213.8959378519688,1
186300,186.4780189016532,0
186400,222.58122436537107,1
186400,219.16170637340576,1
186400,231.4561357215443,1
186500,225.0027529379952,0
186500,196.53806007427022,0
186500,226.21748016588654,0
186500,234.6411365433123,1
186600,204.9885585728201,0
186700,225.07446225114825,0
186700,212.19851282387856,0
186700,193.23589354622328,1
186700,215.33811163966286,0
186700,206.38784490719297,1
186800,229.01179146936005,1
186800,236.55801261625965,0
186800,211.70153434579325,1
186800,222.47903685408343,1
186900,199.02978963022824,0
186900,204.36414436668113,1
187000,209.56536201344545,0
187100,178.36103294826546,0
187100,217.7868239039206,0
187100,197.24011724324814,0
187100,224.88360911447484,0
187300,230.06813770698687,1
187400,234.04638731865842,1
187400,211.86950983376627,0
187500,188.30266851138302,0
187600,219.51503740985203,1
187700,207.19997710297574,0
187700,214.05933246191046,0
187800,217.9620501017529,0
187800,213.85316714400636,0
187800,208.46710584303173,1
187900,216.36159701736682,1
188000,221.59856242777568,1
188100,209.8660837359662,1
188200,216.30347171659918,0
188300,205.8600485981813,0
188300,216.3744596351948,0
188300,213.76423374939213,0
188300,200.51239360380626,0
188300,226.76993816302866,1
188400,207.73771781719827,1
188400,219.71572610196947,0
188500,199.46027189493282,1
188500,202.21245646274565,0
188600,193.10409435518986,1
188800,216.84999946878852,0
188900,214.9998275638165,1
189000,215.2405875280476,1
189100,212.7090277886465,1
189200,216.31851370439296,1
189200,217.42795370344638,0
189200,214.01847904712128,0
189200,214.6450175587006,1
189200,194.5952694459918,1
189300,205.77693913856396,1
189300,213.8151544124883,0
189300,186.3763857143147,0
189300,216.51122524513116,1
189300,243.37317983717446,1
189400,219.82103761423016,0
189400,224.4957113442673,1
189400,209.79915944271423,1
189400,199.6587336018389,1
189400,210.72774655597982,0
189500,213.34076311032106,0
189500,213.76335283943862,1
189500,217.4310757226609,1
189500,216.59331831649828,0
189600,213.62390778517027,0
189700,218.16079576463147,1
189700,213.58369185896657,1
189800,226.26027747334027,0
189800,217.44487854492093,0
189900,191.6252622294657,1
189900,216.10839077025358,1
189900,215.18460678543852,1
189900,201.58072606525104,1
190000,205.09961117165204,0
190100,213.19195457292923,1
190200,208.53226470048168,0
190200,208.86399012605008,0
190200,223.72168291664815,0
190200,184.11722180069296,0
190400,238.07286387024263,1
190400,206.6749636292206,1
190400,205.50431486254126,1
190400,220.20873808225682,1
190400,210.70549685572178,0
190500,211.35401993830686,1
190500,208.840966078692,0
190500,208.09236351020442,0
190600,214.0987306260067,0
190600,208.64014727505597,0
190600,200.73801943562694,1
190600,214.72809214420383,0
190600,206.3981587228565,0
190600,202.00377465076247,0
190700,203.8844217501639,1
190700,200.77503903519832,0
190700,214.5900749376284,0
190800,192.0912609592796,0
190800,212.82696611071205,1
190800,213.24409703518427,1
190800,193.87595036592828,1
190800,224.334297734851,0
190900,181.7256723175404,0
190900,185.83707364777052,1
190900,200.47630561116978,0
190900,190.3725763468322,0
190900,207.9362326249573,1
190900,195.3731356061749,0
191000,203.361564718933,0
191100,210.29524748923615,0
191100,217.99683068609946,1
191200,206.30151473474214,1
191200,217.22683971046533,0
191200,188.7347820870895,1
191300,191.54280545894076,0
191300,197.56501096923046,1
191400,205.7233533758184,0
191400,189.53383132633385,1
191500,236.09875912019197,1
191500,213.4049272316079,0
191600,186.70357941751607,0
191600,198.19646833386338,0
191800,183.77118665433798,1
191800,200.20739081872196,0
191800,200.6880045415155,1
191900,196.5237313790827,0
192100,211.0779815798725,0
192200,207.9756010270173,1
192200,186.6804034461792,0
192300,207.43641777112882,1
192300,198.14717873872632,1
192300,186.3778926976888,0
192400,195.64116241125453,1
192400,188.21192623673733,1
192500,187.46956457972897,0
192600,195.76466934061,1
192700,196.5539223520091,1
192700,221.59028472256864,1
192700,199.11030660648635,1
192700,247.9006805073165,0
192800,212.68032390552585,1
192800,187.149421625444,0
192900,178.5851060684572,1
193000,225.0901948390271,1
193000,179.4779185206802,0
193200,183.71093800506338,0
193200,187.79290393468375,0
193200,187.86008053365018,1
193300,211.36567679580378,1
193300,190.63159921397593,1
193400,187.0702941221287,0
193400,189.8750436888518,1
193400,192.95845240741647,1
193400,185.18694145924954,0
193400,195.93980178074492,1
193600,187.88421853400547,1
193600,201.57895627537985,1
193600,200.46797920315808,1
193600,207.56386455227832,1
193700,215.17458094636086,1
193700,181.04039292996194,1
193700,187.25526218783062,0
193700,187.2421753412962,0
193800,198.4199804930498,0
193800,185.4013420610295,0
193800,216.54419206164914,1
193800,206.00184768635555,0
193900,184.95619744909476,0
193900,203.20118102138014,0
193900,212.8598912289772,1
193900,190.26364238837755,0
194000,193.79779144819028,1
194000,192.1822014058452,1
194000,222.7784239314754,0
194000,182.8620386728425,1
194000,185.43174405826088,1
194100,180.29533924501084,1
194200,189.15933154173158,1
194200,186.147531926158,1
194200,177.38988965979644,0
194200,187.18381988494866,1
194400,185.5114591612182,0
194400,177.58893057916623,0
194500,191.33897554649707,1
194500,192.30587316931127,1
194500,183.3146151950281,1
194500,186.54272582261828,0
194500,190.37147055444,1
194600,186.1794638212893,1
194600,176.03624207248603,0
194600,189.9195721943511,0
194600,184.10886445846435,0
194700,192.87331972731292,1
194700,183.84364052275953,0
194700,186.6917338785361,1
194800,199.245202143934,0
194800,197.27902493465862,1
194800,191.11098168485174,0
194800,175.72702504496058,0
194800,198.73736739741068,0
194800,182.5931624592917,0
194900,187.49947617021454,0
194900,195.74999521111297,0
195000,197.51875914450167,0
195000,190.4678767204892,0
195000,188.61435548771445,1
195000,177.3222002301131,0
195100,198.29476250248075,1
195100,198.09665917820058,1
195200,189.88004675000903,0
195200,195.5084924273572,0
195200,184.67305255848217,0
195300,190.7098243573529,0
195300,190.58118069589185,0
195400,180.6638326306306,1
195500,181.46289311603857,0
195500,202.71791618604308,1
195500,189.89175143989414,0
195600,194.56689409432946,1
195600,186.0082694378403,0
195600,203.06952010288,1
195800,211.24650119993575,1
196000,192.54768583491432,1
196100,188.68260202986966,0
196200,209.18452336718417,1
196200,206.5168193718974,1
196200,209.80988854326932,0
196300,184.1931926006994,1
196300,174.59316302412367,1
196300,182.19388265711706,0
196400,190.98737938606112,0
196400,168.95027070327836,1
196400,196.2836106997329,0
196500,189.65629657785004,1
196600,209.12387476999928,0
197100,235.62683311618207,0
197400,235.8551803622374,0
197400,230.3909207769745,0
197600,249.66208519271868,0
197600,248.05696881893323,0
197700,215.80315676058618,0
197800,188.35318688855986,1
197800,226.84480597936704,1
197900,245.67860579220425,0
197900,255.1771846652695,1
197900,181.52669869680517,0
198000,229.79399677348914,0
198100,249.56074957536865,1
198100,269.8028218513749,1
198100,176.1041093174553,0
198200,268.0587099490805,0
198200,245.76596458460094,1
198200,220.8122010062554,0
198200,245.42870599508706,1
198300,191.77226742110764,1
198300,245.95422983259584,1
198500,280.51840384280115,1
198500,246.19051161579182,0
198500,233.5594591641875,1
198500,252.08755252122018,0
198700,253.225302463883,0
198700,270.4774830381993,1
198700,202.4517715054027,0
198700,244.68914942487774,1
198800,239.41767903015008,0
198800,255.6366639656544,0
198800,229.68224614797518,1
198800,273.08726225843304,1
198800,242.9090280948393,0
198800,271.1814398870715,0
198800,238.89951581551938,0
198800,246.97377923900893,0
198900,228.9477749203715,1
198900,264.8121415722756,0
199000,255.40108660724678,1
199000,265.8270174842932,0
199000,226.68534315609156,0
199000,202.71142671103357,1
199000,222.77114536997095,1
199000,248.4607295059519,0
199100,264.92814804614795,1
199100,202.30243820113174,0
199100,255.0137399217672,1
199200,244.08218510126213,0
199200,283.91384532698044,0
199300,243.33995471482274,1
199300,228.80347384323414,1
199300,203.83226064012416,1
199300,277.8633078196774,0
199300,234.96110702131324,1
199400,230.5414026274118,1
199400,233.40703772210878,0
199400,268.4601098183189,1
199500,236.03766245051318,1
199500,268.6777218290767,0
199500,230.42296170823568,0
199500,243.3115318506042,1
199600,229.82992885629366,0
199600,244.23287250757824,0
199600,248.60381849704464,0
199600,260.3974423351984,0
199600,262.9780861904582,1
199600,253.20854814489851,0
199600,229.9314798713345,1
199700,249.61425167356288,0
199800,247.7450255450658,1
199800,236.04473794223816,0
199800,226.874879152249,1
199800,253.92740155451435,1
199900,208.62305751942202,1
199900,163.90936103937716,0
199900,238.21059513543358,1
199900,239.59381223596853,0
199900,200.6868574802556,1
200100,260.26010683942616,1
200100,246.0547380248581,1
200100,232.00295103911748,0
200100,231.08629976699788,0
200200,231.32975967358803,1
200200,232.4327637524401,1
200400,248.37754015056828,1
200400,261.5728005291098,0
200400,254.1909174156475,1
200400,198.74753909661044,0
200600,231.47902692685886,1
200600,189.77832160640733,1
200700,225.08869251884977,1
200800,225.35854841307358,0
200800,211.7803054853399,1
200900,234.46946431367437,1
200900,239.45489315710617,0
201000,240.84780951646064,0
201100,237.09350636933888,1
201100,234.36023807586668,0
201200,236.74250680437558,1
201600,224.47021542280203,0
202100,227.7976494881187,0
202400,245.02017093292685,1
202400,255.29035783275313,0
202500,238.75078454494792,0
202500,213.1084387624907,1
202500,241.41313188056853,0
202600,235.85191248405556,1
202600,237.23757330924266,1
202700,273.86619693052137,0
202700,246.74884619109307,1
202700,253.1190702017361,1
202900,234.97876206145187,1
203000,246.301145032438,0
203000,231.3913400399783,0
203000,246.6550679373043,0
203100,231.47984064101786,1
203100,254.990361080779,1
203100,248.09298183038504,1
203300,277.68609809233806,0
203300,235.46836843849235,1
203400,264.6964660152729,1
203400,263.540010847316,0
203500,240.96428430242094,0
203500,239.6137019708593,0
203500,254.5020975920409,0
203500,247.23188283863803,0
203500,240.14457801952722,0
203500,264.67376398781056,1
203500,224.52563465839694,1
203500,252.8539826029632,0
203500,238.80498368268994,0
203500,232.1123883520885,1
203600,241.71461521979435,0
203600,238.57183347512554,0
203600,252.05484854430364,0
203700,240.17734352292086,1
203700,233.00572023285463,1
203800,253.77275956893732,0
203800,261.9018307789839,1
203800,254.89768839551968,1
203900,250.98405581706197,0
203900,257.24590088562354,1
203900,238.01529632193845,0
203900,230.96137874008508,1
203900,240.36218505380447,1
204000,263.4101379174774,0
204000,224.6849443611325,1
204100,260.47553098874255,1
204100,239.55455235299462,1
204100,232.37950539866245,0
204100,258.9388652617356,1
204200,250.80103592291255,0
204200,258.03251320004506,1
204200,268.52903273279185,0
204200,250.5648965796753,0
204300,222.49054107344998,0
204300,251.95906413918038,1
204300,222.48761085063313,1
204300,247.86708564226382,0
204300,241.22535548874086,1
204400,261.6934742376418,0
204400,255.09862585361105,1
204400,251.0790316678545,1
204400,258.65710870507473,1
204400,252.14054352157302,1
204400,248.87296148166254,1
204500,250.7661959766421,0
204500,241.7884401969867,1
204500,251.08687256994176,0
204600,245.40919328827957,1
204700,258.51044389141975,1
204700,244.37620405935675,1
204700,237.81578816834656,0
204800,256.45544452422536,0
204800,232.2899815579052,0
204900,275.58169438556615,0
204900,256.0419833481978,1
204900,217.7223854378205,0
204900,256.06035629811913,0
204900,243.7195721955799,0
204900,245.69072140295492,1
205000,273.5245509591638,1
205100,269.5966081279918,0
205100,239.55560634528385,0
205100,258.04669541115686,1
205100,241.2837273401473,1
205200,256.51639048404445,1
205300,252.74064752732926,0
205300,240.73039668721654,0
205500,231.5639869440485,1
205500,232.4428266692881,0
205600,247.06198765732086,1
205700,269.8638826930018,1
205700,240.0809168979668,1
205800,255.86719254565773,0
205800,256.0876540644232,0
205900,247.49154956150912,0
206000,252.05698079336986,0
206200,253.02427693337265,0
206800,267.8592705966537,0
207000,223.65347278709223,0
207100,225.06417316911634,1
207100,221.4390908265579,1
207200,246.57856516414864,0
207300,213.03462137111205,0
207300,236.6844045251721,1
207300,220.28473330241405,0
207300,244.02038113601364,0
207300,237.59031511973726,1
207300,207.8337216861092,1
207400,214.10975224004363,1
207500,255.02379230682837,1
207500,221.74308878353366,0
207600,281.41827307433414,0
207600,264.19028014761295,0
207700,242.5998994136795,0
207700,216.4844475379537,0
207800,207.58878597202317,0
207800,205.90198880837642,1
207800,221.49021699403173,1
207800,202.59025971881735,1
207800,212.82829682534827,1
207900,215.08179574082175,1
207900,218.71259986649434,0
207900,204.17327333650937,1
207900,221.65013499382226,1
207900,220.34408289373764,1
208000,213.10026157779512,1
208000,193.24602473325842,0
208100,209.98547649985932,0
208100,280.33088440665244,0
208100,261.70614318572865,1
208100,210.26654204257906,0
208100,204.10438280072592,0
208200,235.6588362058596,1
208200,185.3980097486521,1
208200,181.208223100033,0
208200,240.21455194416976,1
208200,215.649739102498,1
208200,185.0205289597834,0
208200,248.5062339379474,1
208200,248.74530324834618,1
208200,238.20004051588063,0
208200,211.4911768284272,1
208200,239.35941236889263,1
208200,184.68296370726554,1
208300,220.69687276815625,1
208300,196.5136175374806,1
208300,201.76894697702966,1
208300,208.68947929750036,1
208400,231.5388499898728,0
208400,251.44600769259645,0
208400,210.59426422944037,0
208400,250.30843317142194,1
208500,223.68953076462367,0
208500,195.32273361203397,0
208500,206.0393830455453,1
208500,171.80671502737871,1
208500,221.28174798833086,1
208600,239.62547034704812,1
208600,209.3162181374601,1
208600,206.3896514465513,1
208700,218.7376439798732,1
208700,197.42261141757461,1
208700,228.463387700125,1
208700,222.79225439106676,1
208800,227.58897188149794,0
208800,234.12567821844598,0
208800,233.4078480988152,0
208900,223.44405233791073,1
208900,206.36719950765504,0
209000,203.03957644129474,0
209100,196.29658300605644,1
209100,226.96887124593582,1
209100,228.97487931107227,0
209100,196.4119193109904,1
209100,219.42054148266882,1
209100,215.01890698826475,0
209100,203.88544261638503,1
209300,195.3243733047685,0
209300,207.89733124315342,0
209400,232.88595886457887,1
209500,204.4676932355037,1
209500,232.91350682357032,1
209500,232.9497998339183,0
209500,184.73296214259668,0
209600,222.36871105296592,0
209600,231.37176858335823,1
209700,244.7007050482662,1
209700,178.00125522978743,1
209700,204.9372971022885,0
209900,219.39062615280332,0
210000,243.92631563165082,0
210000,204.8512531831627,0
210100,218.23283573185805,0
210100,213.0546075570335,1
210300,203.61071988530662,0
210400,216.0541240418859,1
210700,259.2517835438447,1
211000,186.3130445378473,1
211200,181.94826635040212,0
211200,205.85827205006092,1
211200,203.09866958160052,0
211200,226.12791194237428,0
211300,196.33766736802582,1
211400,199.5405703583312,0
211500,210.67689377938842,0
211500,207.15576607503957,1
211600,224.20311425203226,1
211700,166.41982166369908,1
211700,215.94731089870277,0
211900,230.74113636444704,0
212000,197.532391382529,0
212000,203.03350950205828,1
212000,208.22998988050585,1
212100,223.71201469013425,1
212100,184.46047269408993,1
212200,223.60693945999412,1
212200,200.4866685763301,1
212200,238.9228246997519,0
212200,213.51830305247162,1
212300,222.92080561263117,0
212300,247.70953869664305,0
212400,238.50967841264543,0
212400,206.48829717279105,1
212400,225.90104222479113,1
212400,212.1656996980879,0
212400,198.47078365475247,1
212400,204.9681401155823,0
212500,245.28934049416102,1
212500,186.89335826684828,0
212500,253.04539932014603,0
212600,220.20770126638374,0
212600,227.4224352850968,1
212600,212.3316285316358,1
212600,218.83773964050218,1
212600,194.40747639682786,1
212600,229.7948695086778,1
212600,242.33490521421666,1
212700,251.4182148831989,1
212700,206.99362558210805,0
212700,212.4175623680415,0
212800,200.5224838483859,1
212800,229.82797812067466,0
212900,210.98416825929493,0
212900,237.78327351070868,1
212900,224.52336396290804,1
212900,246.1192021685919,0
212900,258.2645852405971,0
212900,236.20394859617795,1
213000,256.5209336879411,1
213000,245.5752472783282,1
213000,237.4002885098095,1
213000,246.19736464130384,0
213100,248.44568082878712,1
213100,211.93016336062234,1
213100,234.999708231028,1
213200,242.53350056073987,0
213200,228.3572145822643,1
213200,250.2943961300863,0
213300,262.42296651454996,0
213300,232.1578054953268,1
213300,205.74754986003762,0
213300,208.77492461507308,0
213300,260.63332855307743,0
213300,237.51851676696285,1
213400,251.5007695028774,1
213400,244.1095694875748,0
213500,229.74842150224922,0
213500,220.16336987062002,1
213500,221.29806065451714,1
213600,264.2375049059196,0
213700,245.86408060812738,0
213700,222.49026120613712,1
213700,247.46580901404985,1
213800,248.29389010800742,0
213900,261.5223749095202,0
214000,251.42292629770554,0
214000,245.97125109075725,1
214100,235.74076713007094,1
214200,230.06251999887442,0
214200,227.75241426159857,1
214300,243.2867261897988,0
214300,254.87515165713734,1
214300,243.8222298913115,1
214300,231.48949711692555,1
214600,280.6824022534778,1
214600,250.82086575935253,0
214600,230.98428074350917,1
214600,261.1915394537093,1
214600,228.6348777081653,1
214700,265.5059179336769,0
214700,248.13491846594812,0
214900,257.70507347263964,0
214900,249.5832783299379,0
214900,234.2014422007699,1
214900,227.77671769019187,1
215100,255.5557554308353,1
215100,218.5782177554086,0
215400,209.24401205570382,0
215800,242.63796924479854,1
215800,235.31404214799275,0
215900,238.33991175952022,0
216000,242.55401372651002,1
216200,233.3843954994198,1
216400,268.27178453388217,0
216600,259.40511589186787,1
216600,261.1051163929087,1
216700,240.15603353077205,0
216800,250.00498550460597,1
216800,243.1125160119311,0
216900,262.8364812837595,1
217000,249.09357471275007,1
217000,285.9687669982475,1
217100,248.30888071455507,1
217100,246.63036422306783,0
217100,264.64922107249544,1
217100,269.6620925404373,0
217200,244.0641056865167,0
217200,234.86847731912718,1
217200,240.0134429973766,1
217300,257.5269624578904,0
217300,250.8243957439797,0
217300,241.8566937557801,0
217300,252.34238820871923,1
217300,230.73375120795373,0
217400,272.98338529861786,1
217400,251.27706992955805,1
217400,238.89683453268833,1
217400,243.83449006063344,0
217400,262.4337480062658,1
217500,257.37039023957783,1
217500,255.51532456489355,0
217500,231.83484901405876,0
217600,256.2281609088914,1
217600,257.1957404069084,1
217600,257.2765397737221,0
217600,267.905397860865,0
217600,254.33289821806812,0
217600,239.27688868228626,1
217700,265.9906487260054,1
217700,255.53419143475824,1
217800,237.57638309689148,0
217800,248.86785413871354,1
217900,253.08272727668702,0
217900,250.7517391012673,1
217900,256.5345046550984,0
218000,276.55042900781234,0
218000,258.725356934656,1
218000,247.94721944202723,1
218100,255.61862419516333,1
218100,268.8634277346236,1
218200,276.9687714086444,0
218200,245.766023904685,1
218200,248.44599768803357,0
218200,296.1120309426742,0
218300,268.9796758605664,0
218300,257.2548329680991,0
218300,253.59766761089708,0
218300,266.0501129803998,1
218400,252.8445552943546,1
218400,277.29954928905846,1
218400,264.5073335484729,0
218400,255.49909404680602,0
218400,259.37079046828904,1
218500,247.2555444201415,1
218500,255.79128178449827,0
218500,260.137995067806,0
218600,244.32639159142988,0
218600,276.1723691195156,0
218600,252.96198155672917,0
218700,270.454512172446,0
218700,261.65036423002493,0
218800,246.7945006664631,1
218800,244.3696649420038,1
218800,256.17856502528167,1
218900,232.57430998629718,1
218900,272.63265420037555,1
218900,235.78998924392087,0
219100,225.35453421180867,0
219100,246.2406821089862,0
219100,266.0199108031427,0
219100,227.43073773474654,0
219100,230.98905506740198,1
219100,277.40013739634236,1
219200,249.74566696124154,0
219200,258.31011919704684,1
219300,252.8330385861429,1
219300,236.10415315846396,0
219400,244.35694860276618,0
219400,265.46968635743156,1
219500,233.50279389646863,0
219600,259.33773835926416,0
219600,259.8836546487942,0
219700,246.43635890327693,1
219700,246.02360974087577,1
219700,245.1033521091361,0
219800,237.4780105781884,0
219900,243.55302801631467,1
220000,235.11800942773235,1
220500,243.12588395621574,1
220600,231.17586520458738,0
220600,243.94492296695665,1
220600,239.66650224168427,1
221200,230.22520257513122,1
221300,264.372390928002,0
221300,251.2554878798517,0
221300,227.76705712037773,1
221300,220.58412952515613,0
221400,215.27252401076134,1
221400,246.82068208630028,1
221400,236.80722329447144,0
221700,240.32535559691894,0
221700,254.2406127902529,1
221900,234.01252641771245,0
221900,246.18641383107763,0
222000,256.8540225082049,1
222000,248.03246551143081,0
222100,237.89665252685987,1
222100,252.02128924242095,1
222100,253.4019193745019,0
222100,240.2291023238503,1
222100,254.68877942918255,0
222200,241.43230661963233,1
222200,252.6694467415526,1
222200,231.8673958926619,0
222300,262.52872202589,1
222300,257.87359843742996,1
222300,233.9258472807756,0
222300,244.63400826179864,1
222300,240.69879549816872,0
222300,241.58001489191733,0
222300,241.59818288023254,0
222400,257.50362478589676,0
222400,260.88372546635895,1
222400,249.1343639628897,1
222500,262.22435271190034,0
222500,264.34238204750795,0
222500,251.01106734077376,1
222500,254.73944277848173,1
222500,234.0756013764752,1
222600,221.29098887504801,1
222600,243.52178255280728,1
222700,272.5447433899321,0
222700,212.6486562680811,0
222700,255.3017290844713,1
222700,236.93585916145082,0
222700,238.2112142183091,0
222700,235.57191060517,0
222800,241.21367592707995,1
222900,236.47711998356357,0
222900,242.57874571121403,0
223000,238.1158798619318,0
223000,235.97524926498116,1
223000,250.23849062474284,1
223000,231.90652661441163,1
223000,237.29917136273457,1
223100,262.58929928440114,1
223100,270.7274161480079,0
223100,234.17846914354686,0
223100,263.0847340157339,0
223100,248.59746712385564,0
223200,215.95125040864232,0
223200,245.54782277244843,0
223300,243.25825601190357,0
223300,254.03097295978088,1
223300,246.8207931885722,1
223300,251.80988054073856,1
223400,239.28195056932685,1
223400,229.28597171889894,0
223400,242.59276685871998,1
223400,246.39341853602704,1
223500,235.94389697104555,0
223500,238.81446510143468,0
223500,246.22071394719657,1
223600,261.4857561518505,1
223600,241.0709097881806,0
223600,224.46681237077794,0
223600,240.56676689796194,1
223700,234.18655647406524,0
223700,259.39204743368657,0
223700,233.87022237540097,1
223800,237.982906165878,0
223800,223.96425190182407,0
223800,232.22062396529665,0
223900,247.08352765611735,0
224000,234.59019984834,0
224000,235.08295387760944,1
224000,250.35844972377527,1
224100,234.28888364216772,1
224100,245.317651505345,0
224200,235.13793446294042,1
224300,265.1491594910354,0
224300,237.98042703646286,0
224400,229.6638231184615,0
224400,238.13919378892953,0
224500,244.47826435908502,1
224500,240.7701237391766,1
224600,248.24687866553293,1
224700,240.91254919839426,0
224900,217.925045803051,1
225100,224.4988761686975,0
225100,227.97856667113476,0
225400,242.83292155149164,1
225600,212.43785542882236,0
225900,227.52116030764188,0
225900,237.34160645198347,0
226000,237.4069769172454,1
226000,238.31319082204482,0
226100,238.76068180946967,0
226100,245.5240201447495,1
226100,235.843263600846,0
226500,234.50212858277214,0
226500,221.3093175650296,1
226500,245.26566994642582,1
226500,235.01571780403256,1
226600,235.8657698726644,1
226600,230.6982814664708,0
226700,216.96460320239171,0
226700,258.6622655220691,0
226700,219.7629164317955,1
226700,218.9522263007468,0
226800,224.08256296733333,0
226800,238.01312759411104,0
226800,244.95610271326723,1
226800,236.72846658185767,0
226800,240.14014080529424,0
226800,235.09423502512283,0
226900,232.5493614006526,0
226900,231.2687563690185,1
226900,237.5084898473185,1
227000,243.3163692588572,1
227000,242.1294662249869,1
227000,231.18526972175297,1
227100,214.28088022890088,0
227100,225.01617464831304,0
227100,232.62246845293606,1
227100,236.8669864853766,0
227200,236.20993632969441,0
227200,235.18759807245675,0
227200,249.99486980964863,1
227300,251.12272099655098,0
227300,232.52740006429832,0
227300,229.89910804520736,0
227400,249.53440917824375,1
227500,228.07612882255518,1
227500,224.72808829857294,1
227500,237.14754219693938,1
227500,235.00347790730967,1
227500,246.00965932669223,0
227500,228.8582073560505,0
227600,257.1793190339084,0
227600,259.1201575874018,1
227600,251.97460491128135,1
227600,220.54053095731956,1
227700,255.41326871162119,1
227700,239.4093091517932,0
227800,247.95181118073867,1
227800,239.59009781125266,1
227800,221.84511431532044,1
227800,229.32247324585182,1
227900,226.19521884193065,1
227900,252.85243302170147,1
227900,240.39585766474983,0
228000,241.95252770209277,0
228000,254.7093336142834,1
228000,237.48422145429916,0
228000,228.84436091828894,0
228100,247.29143277130007,1
228200,255.53146946631043,0
228200,235.72728146881144,0
228200,239.84842582949912,0
228200,266.08621520818747,0
228200,243.454676924258,0
228300,247.5525496410103,1
228300,234.98403516997448,0
228500,229.917940440863,0
228500,255.43837081209224,1
228500,242.47689913541444,1
228500,252.94322833263678,1
228500,230.3612144665241,0
228600,261.64627438621045,0
228600,250.80729759600163,0
228600,251.62052544927352,0
228600,253.65933462433478,1
228700,253.46895928694306,1
228700,264.05602105851324,0
228700,239.55072705928336,1
228800,243.79642894710238,0
228800,242.3425310104338,0
228800,251.82021823628926,0
229000,239.60278643097507,1
229100,249.24447341690814,0
229200,241.2977997795272,1
229300,238.99233264932747,1
229300,252.02220893119417,0
229300,239.32043501831592,0
229600,273.1662697937282,1
229600,265.7874313412054,1
229600,249.4837181097625,0
230000,259.216767167664,1
230000,229.4638679453566,0
230200,254.55786886415592,0
230300,263.6465058810628,1
230600,233.0348205184147,0
230700,253.51915985824212,0
230700,241.86310408317158,0
230800,237.54354350677104,1
231000,244.92896464332046,1
231000,253.32854648661527,0
231100,245.32263566993782,1
231100,251.62103198419493,0
231300,223.31630287504075,0
231300,222.4821521323183,1
231400,240.1991795973787,1
231400,239.60035527422264,1
231400,243.74298002637516,1
231500,219.74010268738328,0
231500,232.88684894936858,1
231500,229.14902072796315,1
231600,255.6061290663644,0
231600,260.3775610794894,0
231700,221.75164685435496,1
231800,240.4155209106624,1
231800,261.8116676841058,0
231800,249.03277040655146,1
231800,237.1045283119506,1
231900,263.7729800927223,0
231900,232.7395223629929,1
231900,256.7626991237301,0
232000,259.2737535272338,0
232000,228.38502987501226,1
232000,262.58486008935694,0
232000,240.69958651150293,0
232000,272.5143815065248,1
232000,265.8913320179727,1
232000,261.22094835942363,1
232100,239.2812352461951,1
232100,229.35916042540444,1
232100,256.8546532048257,0
232100,229.4186456232894,1
232100,244.5526117938274,1
232200,247.1855795995984,1
232200,251.72304068234587,1
232200,262.6580657368111,0
232300,243.37023519733023,0
232300,260.8642322663519,0
232300,213.52120775110703,1
232300,272.1339723297354,1
232300,237.99079732075572,0
232400,243.74251000363233,1
232500,237.85536949955258,1
232500,240.69351195766208,1
232600,254.5869952891751,1
232600,252.07229198987127,1
232800,249.07999734105465,0
232800,251.2959183762811,1
232800,253.49563155737107,1
232800,243.80019350702054,1
232800,268.114865024361,1
232800,252.2364961904809,0
232800,234.97439673295614,1
232900,233.72416920603163,1
232900,243.78339337920158,0
232900,251.7924585726223,1
232900,226.7996859413386,1
232900,256.14902140227196,1
233000,242.1061264808011,1
233000,241.60429625566294,1
233000,241.2864611728845,0
233000,251.94158025927607,0
233100,276.6977691176955,1
233100,262.2208724348418,1
233200,257.8143714549077,0
233200,229.22781922901387,1
233200,229.8307870581372,1
233300,235.88559459015718,1
233300,260.8738482645213,1
233300,248.42508065978421,0
233300,231.02537798795728,0
233400,219.3425859192463,1
233400,240.7967940524221,1
233400,243.4374112164377,0
233500,241.15649404087995,0
233600,246.60189618161507,0
233600,256.2579185431103,0
233700,264.6360165212739,0
233700,227.12437811285253,0
233800,260.8015845089883,1
233800,262.1944947821315,1
233800,247.63843336437046,1
233900,228.94447665020564,0
234000,253.1297407996969,1
234000,260.7726028021393,1
234200,253.73658408193526,0
234300,253.19248959376017,1
234300,233.33538539953622,1
234500,250.17605572648637,0
234500,268.4701043996376,0
234600,253.73559136016897,0
235100,259.70349912779386,1
235300,266.30918190329413,1
235500,232.0972985700263,1
235600,269.10953531049364,0
235700,255.02597471068555,0
235800,264.9273103668871,0
235800,265.76534522525475,0
235900,289.7312433723379,1
236000,250.2737311273798,1
236100,240.59181380297758,0
236200,248.02229138584383,1
236400,274.13283127557884,0
236400,274.20267249377537,0
236400,255.281916176759,0
236400,269.4591813891476,0
236500,250.98370893908077,1
236600,252.17895074061855,1
236600,239.71391828520666,0
236600,245.37871683655945,1
236600,246.08663701413667,0
236700,263.03438841422576,0
236700,264.3033575366808,0
236700,251.01681402282907,1
236800,229.06006826114526,1
236800,223.4211507965952,0
236900,249.95468315024604,0
236900,237.61945217758327,1
236900,250.63786351543092,1
236900,247.09217151885468,0
236900,241.5886143951763,1
236900,287.3619437939403,1
236900,253.13581002960214,1
237000,262.1686172250907,0
237000,256.37788211799943,0
237000,233.0814598997187,0
237000,228.2093269824412,0
237100,258.2214772927748,0
237100,252.40728128215196,0
237100,286.56813276854325,1
237100,249.90070818556873,0
237100,285.542721753605,1
237200,237.54433265030465,1
237200,261.63140130555894,0
237200,263.34652171959,0
237200,250.04579698125454,1
237200,268.9142631309464,0
237200,270.6939751199453,0
237200,250.96956392284358,0
237300,253.14145593799108,0
237400,246.23043543857523,1
237400,256.54938765747715,0
237500,234.84597228792202,0
237500,223.06701899855838,1
237500,233.47342706093698,1
237500,248.46433374881434,1
237600,261.1916022094215,0
237600,236.84818387926558,1
237600,269.2502673967133,0
237600,264.3982611532422,1
237600,235.41571915940798,1
237700,245.87743473415463,1
237800,250.91227145197809,1
237800,242.04711143949308,0
237900,262.22887458401266,1
237900,259.5387720706399,1
237900,223.77030128385653,0
237900,236.15220246126435,1
237900,241.16357286062404,0
238100,257.4952947214355,0
238100,262.751751344913,1
238200,240.46634499834542,1
238200,237.0819561132267,0
238200,254.43242683112234,1
238200,257.49693905951534,1
238200,262.3359589680795,0
238200,271.9436083546906,0
238200,240.9372099055159,1
238200,234.06699454517107,0
238300,245.16907632582775,0
238300,255.31210720297304,1
238300,249.55792586156986,0
238300,257.04486142952555,1
238400,226.92830754008133,1
238500,258.835271787475,0
238500,256.54766218879587,1
238600,231.27376640507268,0
238700,245.22504449323642,1
238700,305.1332799683921,1
238700,254.83878249141307,0
238900,244.25537282585063,1
239000,265.7587749641464,1
239000,243.91008076961887,1
239000,262.1499547672615,1
239200,278.81848204123526,0
239200,227.32086503435423,1
239300,246.4276672959959,0
239400,255.52078486094047,1
239600,266.5067047174156,0
239600,254.25926974481382,1
239900,268.8289368841208,0
240500,230.96975227141073,1
240600,243.30343262832133,1
240600,267.53530962121494,0
240700,282.06918263140165,1
240800,264.2195135493786,1
240900,214.41147741458408,0
240900,252.37621488036413,1
241000,245.8969074792738,1
241000,229.58624394232228,1
241000,249.29601619336302,1
241100,288.0175431115239,0
241100,232.46041565366795,1
241200,237.4913300840501,0
241300,239.7970684891869,1
241400,254.9040926011969,1
241500,282.2912005067088,1
241500,230.48819800845803,1
241500,246.39713294598505,0
241500,218.08241103909538,0
241500,263.4813593571952,1
241600,247.9080331763375,1
241700,227.0622543951647,1
241700,249.75612803659317,0
241800,239.36117962123052,0
241800,260.94901883173895,1
241800,241.3559097071148,1
242000,237.36193482409587,0
242000,240.3414859956575,0
242000,248.8739219007135,1
242000,255.26434195801227,1
242000,268.8874617154401,0
242000,260.7650613898271,0
242100,247.67466968884554,0
242100,245.86743711469109,1
242100,252.3766619857047,0
242100,223.7740805476001,1
242100,266.7146478623149,0
242100,257.5047056449659,0
242200,243.1897630411735,0
242200,250.55931626304115,0
242200,250.94495093908108,1
242200,274.9818104645901,1
242200,258.3021781755834,1
242200,276.61704268882517,0
242200,236.57744855150278,0
242300,255.9590614572759,0
242300,248.1713263786959,0
242300,256.02436927573154,1
242300,234.86494866573793,0
242300,253.01652230271785,1
242300,254.40421866392197,0
242400,268.0806875640893,0
242500,268.939130801817,1
242700,256.3149525252311,0
242700,285.2357654427237,0
242700,219.93737881570115,0
242700,252.15304419403492,1
242800,225.37945579563578,1
242800,244.53793406380788,1
242800,259.61851423046954,1
242900,270.4639563139531,0
242900,198.86918044877376,1
243000,266.7043448115806,1
243000,253.58669588208048,0
243000,277.1696835709727,0
243000,266.4378431719034,0
243000,274.0552192154192,0
243000,255.57330170141495,1
243100,251.2347897945701,1
243200,273.79385483601,0
243200,252.15480311086506,1
243300,255.30279051482253,1
243300,242.8397672087543,1
243300,256.6219511435873,1
243300,246.61445642720335,1
243300,270.95782250122676,0
243500,267.68972396794743,1
243500,263.0018143464351,0
243500,265.29293586033947,0
243500,281.47152767288657,0
243600,225.12078939181097,1
243600,266.35494206161684,1
243600,255.43631473557846,1
243600,267.13320833920505,1
243700,238.45685461859438,0
243700,273.2364928275175,1
243800,285.53666445947783,1
243900,272.727775854123,0
243900,256.446655035503,0
244000,219.0684340843796,0
244000,263.3603436843237,0
244000,264.05437820731333,1
244200,222.8275405621151,0
244200,260.119840304882,1
244300,225.3314503124002,1
244300,250.59704158546884,0
244400,267.7151654010374,1
244400,254.73880787842998,1
244500,258.54656570954523,1
244900,245.67156979869296,1
245700,249.57953295944668,0
245800,242.41824589827297,0
245900,228.41082271643035,1
245900,259.31778051641066,1
246100,267.86923122862174,0
246100,249.28872148676456,1
246100,225.31097444490638,1
246100,271.71568075827514,0
246200,210.28667794891092,1
246200,255.15442526848784,0
246200,265.70798444003947,0
246300,232.62395010129822,0
246300,262.30985246615137,1
246400,236.06947809208296,0
246400,237.50318479214437,0
246400,271.36938178509183,0
246500,210.45458925846165,1
246500,275.6902756659295,0
246600,237.57519410515346,1
246600,260.1084514633013,0
246700,237.58219087288654,1
246800,282.9642832792284,0
246800,258.70102947252514,0
246800,235.66096548461093,1
246800,264.78338850129006,0
246900,248.3392042531531,1
246900,231.83008264315214,1
246900,237.71608449422516,0
247000,241.85675624857024,1
247000,240.49369766435015,1
247000,232.26439432935643,0
247100,239.59523107533806,1
247200,245.62921943924403,0
247200,269.43535877076,1
247200,249.19158974885013,0
247300,252.29820303407783,0
247300,255.90537948771546,1
247300,286.87521117724236,0
247300,234.22860913207884,0
247300,251.94349612667537,1
247300,264.38106196565667,1
247400,249.37444496752772,1
247400,263.68723214296426,1
247500,215.55645520184768,1
247500,260.0994088037413,1
247500,267.11405171924997,0
247600,236.8645747561384,1
247600,259.9364518140702,0
247600,274.92705190143744,0
247600,218.95644156929066,0
247600,243.5108981690137,1
247600,262.05220920141426,1
247700,271.4225176953199,1
247700,259.7266711250517,0
247700,269.1140463467967,1
247800,248.3673129760662,0
247800,235.99286033693588,0
247800,272.8067783924548,0
247800,234.98694725671228,1
247800,245.33845056235893,1
247900,275.5613159904729,0
248000,233.09462270619073,1
248000,229.30352102824136,0
248000,254.95509240986996,1
248000,243.38880377624312,1
248100,254.3734195801424,1
248100,237.46140888158365,0
248100,269.6617842812698,0
248100,235.00218641879235,0
248200,272.8765452906448,0
248200,254.21595141786085,0
248200,239.74168959570048,0
248300,242.98762725858595,1
248300,261.5051032916448,0
248400,262.66999166731057,1
248400,260.1195905449015,1
248400,229.8639896009736,1
248500,241.33623586495722,1
248500,243.01668410796105,1
248600,247.07086552349205,1
248700,231.0272060710542,0
248700,258.8846737539862,0
248700,214.19942265133085,1
248700,249.67827152020303,1
248800,249.00310343277198,0
248800,266.3132345487908,0
248800,252.5507299807362,0
248900,258.2149100091275,1
248900,238.75244036856472,1
248900,236.78954216766857,1
249000,254.14554790143094,0
249000,220.75288254775788,1
249000,253.15026381093315,1
249000,220.42598580671094,0
249100,234.35337161098983,0
249200,228.15910561740034,1
249200,231.92814157982744,0
249200,251.60804177815305,1
249400,249.961704096975,1
249500,227.4977446230244,1
250400,225.60823161384772,1
250800,244.75303415792663,1
250900,251.42467507861693,1
251000,241.0919390440761,0
251100,243.44544260222713,1
251200,254.92208650424865,0
251200,212.80688521079168,1
251300,253.76318599265835,0
251300,246.70304320835405,1
251300,247.3657958452532,0
251300,233.01460071924586,1
251300,212.47787879106457,1
251400,245.66585567422229,1
251400,221.26867142406434,1
251600,249.04309224325453,0
251600,256.59379591717595,1
251600,218.8346429254942,1
251600,292.3086286924038,1
251600,268.6766135092823,0
251700,268.20352181472816,1
251700,210.27820152500868,0
251800,284.3036317008662,1
251800,284.5430412221161,0
251800,223.77332057395864,0
251800,248.01042568171405,1
251800,219.39332716402996,1
251800,236.57111170891775,0
251800,242.79224198084202,1
251900,268.3909164461177,1
252100,257.56654618171643,1
252100,219.5844926692958,0
252100,241.01718972149402,0
252100,228.3940938009975,1
252200,268.70482506287334,1
252200,223.36190225327258,0
252200,280.95200669813096,1
252200,215.88516682711003,0
252200,225.14561874539982,0
252300,270.015260997972,1
252300,265.2516612384532,0
252300,268.08367472421713,1
252300,246.38338248742326,1
252400,247.89973282986466,0
252400,258.15033925053865,0
252500,236.96123301222266,1
252600,228.22026408927564,0
252600,236.06605378486356,0
252600,256.6949646404176,1
252600,231.95638747137525,0
252700,245.10262649147595,0
252700,272.83043336008035,0
252700,258.8508839769556,0
252700,244.24880334590767,1
252700,247.93370044095778,1
252700,267.39655640225317,1
252800,244.9062336307349,1
252800,182.8963784213304,1
252800,217.4444392996636,1
252800,258.72648153030696,0
252800,257.4727591467296,0
252900,242.38204140991604,1
252900,220.67463601947972,0
252900,247.5548978356783,0
253000,239.2617393418286,0
253000,242.21667678220368,0
253000,258.44528729189096,1
253000,241.24913963884708,0
253100,230.72037013948218,0
253100,289.7653385603998,1
253200,237.29080507496138,1
253200,276.90809155328304,0
253300,273.6057399807596,0
253400,267.3601022369546,1
253400,256.0626116536351,1
253400,263.38857733951767,1
253400,224.49097654179084,0
253500,240.54416307287192,1
253500,260.1425090348459,0
253500,247.0103240564189,1
253500,233.42844853343817,0
253600,247.17423362078384,1
253700,234.8078457007035,0
253700,277.8857098936296,1
253800,224.85603465080183,1
253900,257.50577921155394,1
254000,249.8724020622431,1
254000,253.48667728828926,1
254200,279.07594039527754,1
254200,278.7252928170643,1
254300,265.06868700685715,0
254300,291.0393755743297,0
254300,268.27704347060865,0
254300,279.20553970158585,1
254300,274.8675556974785,0
254600,267.20825153684495,1
254700,261.706411737042,0
254700,285.98035980577794,1
254800,288.9353521764319,1
255300,302.3372833895602,0
256300,264.19109033325907,1
256300,250.38497223497126,1
256500,264.30813455997804,0
256600,252.7758671592436,0
256600,315.93062080733904,1
256600,280.7628408068015,1
256800,260.54019589427975,0
256800,272.2534969321528,1
256900,310.55407804964597,1
256900,298.9414989275484,0
256900,369.3622777675181,0
256900,285.6444535886173,1
257000,287.46301234076515,1
257000,283.4204455330187,0
257100,264.1249579024103,1
257100,294.7931134496553,0
257100,283.11306745603054,0
257200,286.78695764284595,1
257300,271.29080493920753,0
257400,266.71238357544945,0
257400,273.4838022420759,0
257400,260.78492099246324,0
257400,297.9025468730408,0
257400,286.4090906834647,0
257400,280.72987171842055,1
257500,277.19803262842663,0
257500,293.12939048351376,1
257500,268.86704072583314,0
257600,289.5571176139168,1
257600,270.07710525108047,1
257600,292.0871890396806,0
257700,292.57901149346793,1
257700,243.4601997649903,0
257800,247.5933003454863,1
257800,308.57347753784916,1
257800,255.70256859216894,1
257800,303.49673979537914,0
257900,285.2983789954098,0
257900,264.6886794665037,1
257900,285.69918128896825,1
258000,260.31480711609976,0
258100,284.98330460633565,1
258100,292.5893694292115,0
258100,305.41820996642883,1
258200,294.1166689613558,1
258200,301.8516366110722,0
258200,289.2001489788315,1
258300,298.8850967336008,1
258300,271.3604113178487,0
258300,304.76323770519133,0
258300,297.69468622774355,0
258500,292.0714754644006,1
258500,282.59631354092846,1
258500,314.5158593418469,0
258500,293.8167291146513,1
258500,291.6441335590794,1
258500,292.01184357865105,1
258600,300.9262932028646,1
258600,235.26255003702076,1
258600,253.88532929659937,0
258600,256.10836481497836,1
258600,292.28428675759466,0
258700,304.3890237841335,1
258700,305.9537952282176,0
258800,290.0023194191903,1
258900,267.49385745348883,0
258900,295.05445402573554,1
259000,305.0559833203807,1
259000,231.9182614217684,0
259000,276.59054966387095,0
259100,274.2725448838151,1
259100,299.5841710204666,1
259100,255.13450958542683,1
259100,270.77019490980655,0
259100,309.4530772104375,1
259200,247.17410898653327,1
259200,305.60784547329064,1
259200,292.17467137452377,1
259200,315.4941799380328,0
259200,307.6225696826405,1
259300,304.78454313402244,1
259300,321.98356863426693,0
259300,314.5144997612593,0
259400,270.09430250792786,1
259400,229.12282892868672,0
259400,253.40895009494943,1
259400,333.0978579448933,0
259500,259.86492845986015,0
259500,309.1676808594286,1
259600,280.0576996052144,1
259600,305.0707465806983,1
259800,305.99614541389917,0
259800,261.8497561210686,1
259800,274.01890565667,0
259800,282.16326882517865,0
260000,280.35558089390884,1
260000,271.7388549921211,1
260200,337.5474262613178,0
260300,252.627407088595,0
260500,286.79105213836476,0
261500,254.88202594254292,0
261500,244.1208531589237,0
261600,231.78061984453404,1
261600,249.55079545366243,1
261600,235.96450538242902,0
261700,229.82188276145837,0
261800,236.86747791087743,1
262000,247.50291226055185,0
262000,286.65069075247175,1
262000,277.5973471527467,1
262100,230.34613265330583,1
262100,275.7980945475696,1
262100,244.71892610563253,1
262200,250.8419509071853,1
262300,270.4877438886195,1
262300,263.3466778937198,0
262300,238.15720468078945,1
262300,226.50190126565107,1
262400,274.0584374092031,0
262400,252.11258179136496,0
262400,249.41690267873963,1
262500,286.2219407848331,0
262500,256.01802972287715,0
262500,247.96953994155515,0
262600,259.8889787635069,1
262700,266.6605652138169,0
262800,238.52858705109998,0
262800,291.88512244339955,0
262800,227.16808357044147,1
262900,248.4010647741551,0
262900,250.00396250448017,0
263000,289.78404324181844,0
263000,262.3148928152272,0
263000,256.58157983043196,1
263000,228.5411305226417,0
263000,270.9767578263208,0
263200,273.3158958446031,0
263200,289.8008082249394,1
263300,290.543729229386,1
263300,252.68406908792122,1
263300,251.2870234427354,0
263300,277.4721258003367,1
263400,242.63880059283963,1
263500,270.5567734830381,1
263500,294.3850917340016,0
263600,253.21839659569878,1
263600,247.3878875923381,0
263700,294.45597603530445,0
263700,256.4566891278144,1
263700,223.78331717129274,0
263700,280.8491347422476,0
263700,225.11516848542936,0
263800,260.87015735385836,0
263900,289.78580165824167,0
263900,242.32348904303726,1
263900,218.66473497641655,0
264000,324.3289104476935,0
264000,259.4003881667517,1
264000,248.43144332999486,1
264100,238.83263908046223,1
264100,300.5809260342555,0
264100,278.8310333623915,1
264100,304.69816025934017,0
264100,244.87244886037834,0
264100,287.8435405606841,0
264100,277.1025648610871,1
264200,240.18265368479192,0
264200,287.0450269043916,0
264200,261.5576897801299,1
264200,245.90773717940598,0
264300,250.6840281324391,1
264300,254.16276114204558,1
264300,238.64891029245564,0
264400,296.18899677438895,1
264400,282.41399408834343,0
264400,289.35413666061515,0
264400,259.76196045772963,1
264400,301.93731869656165,0
264500,268.1499148551119,1
264500,251.54711469174916,1
264500,263.3704684599006,0
264500,301.09909018966124,0
264500,312.9455463634204,1
264600,248.1275038763927,1
264700,242.51049535894032,0
264700,291.5056090122277,0
264800,297.59784362080364,0
264800,250.7016817699936,0
265000,278.353687419437,0
265100,249.43322462508578,1
265200,261.5552513278667,0
265200,283.58450201104154,1
265300,262.39724159728365,1
265300,303.77868288054077,0
265400,279.47322008532296,0
265400,303.60841259713106,0
265400,302.06392168089866,1
265700,257.06315082222693,0
265800,271.82457390434575,0
266200,324.03795590687315,1
266500,244.37906039277578,0
266500,250.80582803470244,0
266800,259.23651200599636,1
266900,231.78289652647337,0
267000,251.06745997921746,1
267100,248.05302057904325,0
267100,273.09069238792176,0
267100,280.0071236159808,1
267200,238.60224426909306,1
267300,268.9860049206545,1
267300,259.5904143371615,1
267300,237.25769742683573,1
267400,254.3734890692256,0
267500,297.20987270369665,0
267500,258.64896805598363,0
267500,266.1079066165735,1
267600,293.1043182690753,0
267700,262.1510160012902,0
267700,270.72798758634957,1
267800,269.5879174743708,0
267800,249.4827808324768,1
267800,292.8453647589161,1
267900,252.30471636638418,1
268000,254.77206953864172,1
268000,292.2728396505468,1
268100,256.20930725009373,1
268100,257.138137969642,0
268100,285.96780953635385,1
268200,245.36278606499602,0
268200,269.9811281938763,1
268300,255.52093390863575,1
268300,268.0775474569795,1
268300,253.26576422824402,1
268300,281.87258882659825,0
268400,230.71691483670978,1
268600,219.5356462774944,1
268600,245.04747347786974,1
268600,258.64214261674937,0
268600,253.33709475598783,0
268700,257.9813649327213,1
268700,276.07397184695753,1
268800,322.29345770799546,0
268800,295.9686852957512,1
268800,227.29816078669674,0
268800,299.085648456228,0
268900,282.7784995890055,1
268900,326.70653204388924,1
268900,263.41825728525714,0
269000,277.3153440182137,0
269100,289.27881538582824,0
269100,248.34086496022226,1
269100,255.6278746284837,1
269100,310.8160463158937,0
269200,265.62244110997506,1
269200,278.8286146787875,0
269200,259.02009558767173,0
269200,277.6297094877104,1
269200,262.83612626716297,1
269200,261.5299207978042,1
269200,249.7311563132745,0
269300,263.59986136451084,0
269300,246.48516482879126,0
269300,264.61086446323554,0
269400,266.70010201982234,0
269400,239.15936226651075,0
269400,241.9164440245821,0
269400,237.43190587940705,0
269400,223.0636688905062,1
269400,237.30694771507487,0
269500,258.6444002805385,1
269500,264.8364457678109,1
269500,254.56561021533835,1
269500,263.71195770848317,0
269600,274.27925180409187,1
269700,309.0090812457324,1
269700,264.964870300553,0
269700,293.03348042722257,0
269700,281.11572660777915,1
269700,287.4802712257344,1
269700,280.70487134468465,1
269700,276.272451303603,0
269800,280.9131811093836,0
270000,279.38903894589396,1
270200,230.3518984522568,0
270300,281.03115165751706,0
270300,308.70249260801427,1
270300,268.57231618301466,1
270300,244.2932650002701,1
270300,247.69113266576295,1
270300,255.93366133668619,1
270400,270.0491802957165,1
270500,307.68058487612956,1
270600,263.5533827668194,0
270600,258.847145476946,0
270700,317.9162485828355,1
270700,244.9354066843535,0
270800,305.7060607298536,0
270900,265.61966946465435,1
270900,289.1681397031292,0
271100,250.15154838597257,0
271300,241.34146494218214,0
271700,243.69281410466812,1
271800,229.992879762146,1
271800,267.65640637654013,1
272000,257.51955114813137,1
272100,255.93961719925412,0
272200,240.83657173341422,0
272200,264.83473616957934,1
272400,227.3487976198268,1
272400,260.1474131672527,0
272400,253.69188371026138,0
272400,260.11270087762745,1
272400,260.8202339017391,1
272600,236.40278500376417,0
272600,257.4364235504269,1
272700,241.10161618029483,0
272700,245.2020425224584,1
272700,236.57048049152425,0
272800,265.4716411700681,0
272800,272.1003724325146,1
272800,268.77989133055206,1
272800,269.5970762710208,0
272900,242.64386815326034,1
272900,263.4290639394072,0
272900,258.46575671883033,0
273000,242.13831213899437,0
273100,252.31376261503982,0
273200,236.8403216062856,0
273200,260.04570530920097,0
273300,238.44413048366985,0
273400,256.0145939402968,1
273500,268.8289737637817,1
273600,256.2597893582783,1
273600,273.50820542587104,1
273600,255.07313461716873,1
273600,234.69046886537365,0
273700,239.48824193136227,1
273700,250.26365460210593,1
273800,264.20388224293947,0
273800,225.45654640309974,1
273900,285.3979049934805,0
273900,268.4175893748613,1
273900,269.93268557913063,0
273900,243.16002079619957,0
273900,286.2950635421414,0
273900,232.4459267399887,0
274000,238.90323862866302,1
274000,237.83414260477875,0
274000,252.62034083107113,0
274000,204.90055285743057,0
274100,268.6776963086113,1
274100,258.26202813903745,1
274100,265.7121977168921,0
274100,251.60041185092825,1
274100,241.65975906536357,0
274100,250.9444345147956,1
274100,271.01731287103405,1
274100,246.9401938454864,0
274100,240.84233208908574,1
274100,234.83809989847438,0
274200,242.3940826356236,1
274200,232.45622854012882,0
274300,275.5425205403341,1
274300,222.95169578739976,0
274400,250.76083272698747,1
274400,259.3325103269196,1
274500,247.98066201863207,0
274500,258.19133752011675,0
274600,243.99157914249,0
274600,254.88791308659344,0
274600,272.11195990968486,0
274600,259.05622087109526,1
274600,249.28104978629972,0
274700,258.75874913862856,1
274700,257.3143158614912,1
274700,242.22315385019593,0
274700,245.281913084217,1
274800,259.32583385220414,0
274800,310.38206293760805,1
274800,247.60506484420534,0
274800,257.28737275430353,1
274900,263.6057468381199,0
275000,230.28314785835954,0
275000,246.46336293780803,1
275000,232.37787737052605,0
275000,228.07548069659637,1
275100,239.06544780270633,0
275200,238.6119487865782,0
275200,242.16796833266235,1
275300,254.53008163334945,1
275300,237.92297289324603,1
275400,251.00861163307638,0
275500,240.44205660181478,1
275500,228.7145233060495,0
275500,228.24971027693593,0
275500,244.29564218894043,1
275500,247.48348901243662,1
275600,238.6289333986877,0
275900,248.49955085290316,1
276300,261.8823558849781,1
276500,260.2460961590881,1
276500,230.29846535086642,1
276500,236.7461665794504,0
276900,234.53815837111253,1
276900,221.881449249299,0
276900,240.7196682821134,1
276900,248.39920917266585,1
277300,250.19826924799105,1
277300,234.1847044732673,0
277300,256.2987846202845,0
277400,245.30780577055992,1
277400,220.99778559602427,0
277500,234.79616375474149,0
277500,258.55805116789514,0
277500,237.999362397102,1
277600,253.21222501454943,1
277600,246.914463362232,1
277600,250.738667123628,0
277700,233.98242572886852,0
277700,221.01927077163677,1
277700,238.62830718949516,0
277700,249.37075417103733,1
277800,252.40589263874944,0
277800,263.3984338196087,1
277900,258.7371467739843,0
277900,246.32020475107316,0
278000,246.69907086320939,1
278000,248.66901160128185,0
278100,232.8850925205837,1
278200,248.03982576837225,0
278200,254.5595343877892,1
278400,227.55974441815124,1
278500,229.03890697626676,1
278500,242.1501087213127,1
278600,254.1631275321478,1
278600,252.27025104518574,1
278600,236.00654466668217,0
278600,232.6625207664878,0
278600,252.85213958518835,0
278700,256.53270976216265,0
278700,238.39785190589816,1
278800,244.39540914886106,0
278800,258.64341425055215,0
278800,252.14773973044552,1
278800,237.6006583053233,0
278800,245.13608742647585,1
278800,238.0853615271755,0
278800,243.01205519440268,1
278900,251.83971140267627,1
278900,245.42516572249014,1
279000,249.4989794615592,1
279000,247.0145468411659,1
279100,248.15982494052454,0
279100,257.42811616251754,0
279100,241.5087873263485,0
279100,255.15041849892955,1
279100,255.18626147198503,1
279200,254.63549125999424,0
279200,258.72413228331925,1
279300,252.17000886263472,1
279300,279.3496355794477,1
279300,258.1322536849839,0
279300,226.46650165965124,0
279400,266.81364952521193,1
279400,235.34140565804,1
279400,256.51751872903617,1
279500,255.97232837506934,1
279500,245.27347586778552,1
279500,247.06594848575745,1
279500,247.75176009003812,1
279700,272.27610643916705,0
279700,240.4351067248139,0
279700,293.0106593123387,0
279800,271.70531838799076,0
279800,243.5455814972042,1
279800,264.57324144177767,0
279900,263.44420410849534,1
279900,265.6259243027316,0
279900,251.67815940577162,1
279900,254.53671313178504,1
279900,269.1192879346587,1
279900,239.58699906522207,0
280000,275.51424153168455,1
280000,244.74628922130833,0
280000,254.89951483793155,0
280000,260.968001513011,0
280000,260.8008146951168,1
280100,257.26211540830906,1
280300,255.73701511464836,0
280300,251.70461982709818,0
280400,249.329437597454,0
280400,253.40290344294542,0
280500,254.23711175460738,1
280500,259.10879392585855,1
280700,285.4538518071899,0
280700,266.5891348138964,0
280800,270.4641811103851,0
281000,271.33183780264943,0
281300,276.03842758568203,0
281300,245.85282525928375,0
281400,249.06639709773523,1
281500,249.07663816874904,0
281500,269.5052855292132,0
281700,241.849104758335,0
281800,247.97782315483545,0
282100,246.05679016322776,1
282100,269.122799345731,1
282200,266.45113581261626,0
282300,251.38250733278267,0
282300,256.5700360053808,1
282400,249.47639817597081,1
282400,260.87262922498246,1
282400,243.1669928628645,0
282500,249.7242657542688,1
282500,241.60078223761576,1
282500,256.99749436890016,1
282500,240.85716346692766,1
282700,234.7214768650476,0
282800,248.7788942608025,0
282800,263.05555800491305,1
282800,271.1334091561519,0
282900,247.2639195848589,0
282900,267.48401613865184,1
283000,269.7966287888373,1
283000,266.9633509869569,1
283000,267.75394259155246,1
283000,247.8707282031193,0
283200,274.7933525636033,0
283200,255.81208393686555,1
283200,267.32514903749876,1
283400,243.91073713407238,1
283400,266.48201720443734,0
283400,240.526208050551,1
283600,263.94338464292014,0
283600,240.66199761610014,0
283600,261.41959492551604,1
283600,257.96921832497003,1
283700,241.2439780422417,1
283700,256.6243423698288,0
283700,257.9219074622868,0
283700,238.00787537549408,0
283800,257.6554395272543,0
283800,265.7364920741005,1
283900,257.67462940116343,0
284000,275.8866468138051,0
284000,233.38012273883427,1
284000,269.90449301431386,1
284000,248.59587493187635,0
284100,262.1225729002161,1
284100,239.40683904686747,1
284100,247.45940432916044,0
284100,259.8978949052187,1
284100,247.90103105509976,0
284100,272.50467993636977,1
284100,248.58589825597477,1
284100,269.62421033712855,0
284100,231.6752972288716,1
284200,259.59772380297443,1
284200,245.34252105566685,0
284300,222.40008173175676,0
284300,278.85299363379175,0
284300,264.660868789152,1
284400,256.80600135924175,0
284400,251.26759647428767,0
284400,258.12626892270765,0
284500,271.9189347817817,0
284500,225.52172228633836,1
284600,235.35243056161661,1
284600,260.3021382520345,0
284600,262.3418325073773,0
284600,301.3352140525296,1
284600,258.3434404811321,1
284600,259.35332955989327,0
284700,252.59248868006927,1
284800,256.31082638546286,0
284800,235.371922088263,0
284800,248.27025326644457,1
284900,225.0193408887606,1
284900,249.5120564403366,1
285000,265.3191477525298,0
285000,255.28835380581967,1
285000,261.42495486766035,1
285000,257.6890591459377,0
285200,235.89609878408672,1
285200,277.14235034585977,1
285200,283.58394497029843,1
285200,223.59090936729558,0
285200,245.79116221058945,1
285200,267.832962466716,1
285300,268.9894863318443,0
285300,268.9276463628691,0
285300,271.33115851827813,0
285400,254.91198735758758,0
285600,261.5809445615462,1
285700,252.87459192468822,1
285800,270.2022643444557,1
285900,267.1227127295297,1
286000,253.41127493129,1
286300,241.8246803250956,0
286400,263.90649982654116,1
286400,260.7737551054814,0
286700,268.127816878329,1
286800,274.37209421689147,1
287000,272.3588575414727,0
287100,247.33688951345022,1
287200,226.39296818926687,0
287400,255.09558224563676,0
287500,297.4223121291815,1
287500,253.08914484557846,1
287500,274.680224797651,1
287600,274.9424668969938,1
287600,267.3132880263545,0
287600,261.94617631000415,0
287700,273.2567719597108,1
287900,270.0186881043022,0
287900,259.33515728745516,1
287900,253.77890098814345,1
287900,253.50246576882813,0
288000,297.1678931549735,1
288000,287.0582495209066,1
288100,288.5718169973095,0
288100,260.3106959897626,1
288200,280.5398248384246,0
288300,280.66197169932707,1
288300,257.9936243217984,1
288400,289.94045937277826,1
288400,272.6845864786095,1
288500,233.01787130289247,1
288500,273.8993580714204,0
288500,261.9224420102945,0
288500,284.5371461413207,1
288600,294.1984169383822,0
288700,255.4309530546171,0
288700,251.31387642066332,1
288700,270.8347417331276,1
288800,277.4559076199956,0
288800,269.4923013057669,0
288800,261.55625306530766,0
288800,269.71411423798975,1
288900,269.13857471599135,1
288900,228.95809698337624,0
289000,248.76249653411693,1
289000,270.415534875291,1
289100,254.9881055208898,0
289100,255.25246483321052,0
289100,254.9289171375748,1
289100,261.79859966742254,0
289100,252.90570207944853,1
289100,287.15566742888564,0
289100,238.52447041914692,0
289200,244.64226712047397,1
289300,288.13827384891357,1
289300,257.0554956282611,0
289300,272.1656514066516,0
289400,275.98075680402684,1
289400,272.7299725955375,1
289400,242.77103664704202,1
289500,249.934412439554,1
289600,283.6412602027409,0
289600,270.0064976632275,1
289700,266.7400674294537,1
289700,295.7142252553585,1
289700,276.25596528327566,0
289700,247.45408939739804,1
289700,293.4910016986829,1
289700,280.26874366183023,1
289800,293.5434473069688,1
289800,272.53957590312274,0
289800,269.66737290759113,0
289800,292.2586650997596,0
289800,252.57911850466868,1
289800,273.5693816244475,1
289800,265.6236423649839,1
289900,284.3325238241193,1
289900,278.87322578096587,0
289900,267.68624839676727,0
290100,249.8986377047846,1
290100,273.5542570410521,1
290300,259.4586352011751,0
290400,298.2254829135367,0
290400,281.4406135773267,1
290400,269.9381998250911,0
290500,277.2302299570611,1
290500,290.91350364042665,0
290700,299.30257075284794,0
290700,284.6637883914801,1
290700,288.85700190952616,0
290700,296.0981502081634,0
290700,303.7166078046272,0
290800,266.69929196608075,1
290900,291.76806238220695,0
290900,300.6212538985895,0
291000,303.74712943897595,0
291100,223.12050973741194,0
291100,300.5992281806579,1
291200,266.15860076914925,0
291200,274.41261474322647,0
291200,289.54188262417193,0
291200,281.76091920263957,0
291400,256.7355789381288,1
291900,291.13085122245747,0
292000,267.3606081110523,1
292000,256.05849752470203,1
292100,305.2845587543278,0
292400,255.38404146035157,0
292500,254.5229012684794,0
292700,276.3143847358392,0
292700,296.8058696272571,0
293000,283.08627707587027,1
293000,301.7926263310068,0
293000,257.67635291770324,0
293100,289.5946038817941,0
293100,271.9088363881357,0
293100,294.17514702914866,1
293200,261.22414542939265,0
293200,288.16904727931984,0
293200,273.06764097212493,1
293200,293.5814028948136,1
293200,279.67494415007906,0
293300,260.77278789824936,1
293400,285.8528790628602,0
293400,284.29324349281063,1
293500,260.89497942513145,1
293500,252.1741512547384,1
293600,265.0136637641245,0
293600,282.10446335812185,1
293600,264.0813695321801,1
293700,283.8065964889245,1
293700,267.8910903305807,1
293700,277.19602540998346,1
293700,274.44116486278335,1
293800,247.54921890942435,1
293800,294.796299508784,1
293900,272.81058640635825,1
294000,272.30963591391185,1
294000,262.85421199855284,0
294000,251.8944236933632,1
294000,275.6744296479571,0
294100,277.1411900102934,0
294200,264.0519343658536,0
294200,267.54894815374166,0
294300,286.8799591863662,0
294300,271.25928422479456,0
294300,257.2913495672939,0
294400,297.72628557527094,0
294400,279.21729872731055,1
294500,291.3509176245305,1
294500,234.1575663476326,0
294500,299.8907802462034,1
294600,288.93994943402606,1
294600,273.0312393495799,0
294600,280.63270050371085,0
294700,258.3984412128373,1
294700,279.75837438540304,0
294800,297.91887110266754,1
294800,301.894620512682,1
294800,254.23563420929247,0
294900,264.22724517584436,1
294900,262.3357965093392,0
294900,245.18594622096495,0
295000,289.5261033161655,0
295000,253.16511225186514,0
295000,295.24149728358776,0
295100,282.6826746083224,0
295100,304.04724052477064,0
295100,278.3256150895584,1
295200,306.7537240957146,0
295200,285.6270371763601,1
295300,292.4506199470606,0
295400,300.8784305219397,1
295400,301.7471773368549,0
295500,289.84194468121206,0
295500,287.1128413798956,1
295500,262.7410337065912,0
295500,236.3945316008361,1
295600,262.3734367919844,1
295600,262.76642254648243,0
295600,299.1309212770834,0
295600,304.68536803952924,0
295700,306.1571879953497,1
295800,308.8582095502633,1
295900,327.8974428722372,0
295900,241.76593730824885,1
295900,287.95901302986016,0
296000,279.478158971469,1
296000,268.6434294661102,0
296000,297.655047549988,0
296100,290.1477441882592,1
296100,272.0900365895323,1
296200,283.0986457985425,1
296200,255.46070752606454,0
296200,272.24962869973695,1
296300,295.28391337060197,1
296400,266.5438612685135,0
296400,273.30057954261724,1
296500,264.50121120492844,1
296600,291.8832501275368,0
296700,285.70667995811567,1
296900,292.0132599260408,1
297000,320.8332227834616,1
297100,265.5288472269294,0
297300,271.21104625905946,1
297400,273.3446588919175,1
297600,247.99255660706572,1
297700,228.9060590358658,0
297800,253.8069442450943,1
297900,234.96177823142625,1
298100,247.40138397859832,0
298100,253.04711460627675,1
298100,292.6633767515299,1
298200,256.4211672340684,0
298200,237.62694701197202,1
298200,320.23984813213406,0
298300,246.65856515553992,1
298400,231.66890379018997,0
298400,233.88880715916332,0
298500,277.85458884793076,1
298500,284.3389541340597,0
298500,282.7371270552871,1
298600,227.71168922611398,1
298600,290.7061297226865,1
298700,253.59599160152243,0
298700,226.84647181910063,0
298700,249.41966865933946,0
298700,246.2361499374,0
298800,280.6934915416175,1
298900,343.61050160638194,1
298900,275.4974607993951,1
299000,308.11624119785006,1
299000,290.5839630344555,0
299000,241.94903457898235,1
299100,321.43479112791795,1
299100,260.71551869024984,0
299100,291.1990281565755,1
299200,251.75797191823196,1
299200,249.08421502685675,1
299200,248.73845397928213,1
299200,233.57429152675576,0
299200,305.8304375460193,1
299200,277.8269786798618,0
299200,273.8068733690954,1
299300,231.91125983537336,1
299300,267.80215645396794,0
299400,306.07935061845996,1
299400,247.41926210502888,1
299500,231.12427011356613,1
299500,233.60672221366428,0
299500,234.08958786241786,1
299500,222.31346232333843,0
299500,283.25731399231955,1
299600,243.23334876211473,0
299600,257.40807393519265,0
299700,251.27501158377368,0
299700,256.30863840635413,1
299700,276.9988865783357,0
299700,266.14345306510313,1
299800,249.63879125614224,0
299800,273.59000359957616,0
299800,280.929428369851,0
299800,275.2996506864731,0
300000,260.8090413021926,0
300000,244.1119693168935,0
300100,225.3934728615979,1
300100,254.07815395184258,1
300100,239.36938461851838,0
300100,225.7431512125342,0
300200,237.91458858967334,1
300200,258.8371121188629,0
300200,257.96924828124435,0
300200,252.53667520135775,0
300300,243.7621459232348,1
300400,301.76920919864153,1
300400,250.3203215761893,0
300400,279.53096822153157,0
300500,257.910791910721,1
300600,249.2407760516255,0
300600,263.4540151716052,1
300700,260.15916059648595,1
300700,260.7203716769543,1
300800,249.2304931250551,1
300800,236.93456479568053,0
300800,241.13653388482615,1
300800,268.69739772802217,0
300900,263.2754745082598,1
300900,257.5148428991166,0
301000,241.35767868246603,1
301000,252.43008008640902,0
301000,256.94828389496433,0
301000,259.3123267596958,1
301000,245.7166796447111,1
301100,230.91873045268116,0
301100,245.23532322665014,1
301100,226.60876926542883,1
301200,245.12212558487477,1
301300,248.02397752739705,0
301400,259.48151542948625,1
301500,278.03021751163556,0
301700,252.77625299611583,1
301800,241.89847111660615,0
302000,259.04013999078035,0
302200,218.73582837182093,0
302200,244.1359381182362,0
302300,265.7768866638517,0
302400,244.54280505046117,0
302400,258.28227564129253,0
302400,211.50482328950372,1
302600,221.7933456498245,1
302700,205.03513106582474,1
302800,230.69509774992542,0
302800,226.51816084152904,1
302800,257.765582020546,1
302800,231.60302613749425,1
303100,237.5026667045287,0
303100,248.58642730645224,0
303200,269.5149457362593,1
303300,242.06998074563262,1
303300,268.1426103529354,1
303300,231.8009131955069,0
303400,236.06697610911675,1
303400,249.69393827339795,0
303400,223.84282817802207,1
303400,237.85761463683252,1
303500,231.17875001252403,1
303500,265.0056874110616,1
303600,218.6002530455598,0
303600,228.71035724703287,0
303700,229.88403708584073,0
303700,238.21600165383603,0
303700,260.00887978032273,1
303700,246.64344615494136,1
303800,217.5422918756373,0
303800,217.33970241245808,0
303800,228.61043979512854,1
303800,270.76653372974545,0
303800,233.2934807414055,1
303800,237.4969529763671,0
303800,223.30890995989276,0
303800,263.7609686907228,1
303800,227.37343677958532,1
303900,213.55362078952436,1
303900,249.27984094555114,1
303900,216.67439042054247,1
304000,203.11904737842772,0
304000,230.53817746366818,1
304100,229.3632039116591,1
304100,245.02979344371312,0
304100,221.89077836307862,1
304100,222.04623409038544,0
304100,252.40159727691497,1
304100,230.7455626783752,0
304200,218.55427015621345,1
304300,225.73669035322953,1
304300,238.63309506603107,1
304300,213.36878592533566,0
304400,216.21901224175815,0
304400,238.1370111439268,0
304400,235.75425625708004,0
304400,261.33198112346594,1
304400,229.95433327416683,0
304500,215.8371370890048,1
304500,206.05702581586425,1
304500,213.76689000626155,0
304500,196.81628693476398,1
304500,235.75692965454505,1
304500,215.87089975267142,0
304600,220.2069154767811,0
304600,280.04642341342003,0
304600,236.6164777548514,1
304700,224.77080809055312,1
304700,186.09745452862336,0
304900,215.98126323154213,1
304900,211.53485835717655,1
305000,180.57616425550336,0
305000,225.66252655844386,1
305100,207.1135897040052,0
305200,215.98421017628198,0
305200,221.8552782865161,0
305200,223.1680698781768,0
305200,210.88245351636712,1
305300,222.18128950847526,1
305300,264.41682575972965,1
305300,218.734231372552,1
305300,259.4978834701709,0
305300,253.32873607345664,1
305500,263.12451530228617,0
305500,247.00518838885418,0
305500,220.56062377449885,0
305600,196.25283640141188,0
305600,210.83293444279008,1
305600,228.92839138444404,0
305600,222.64247303909613,1
305700,220.43366255275885,1
305700,235.1782107775108,0
305800,233.21051712479442,1
305800,233.63000082362717,0
305900,235.80632191382057,0
306000,208.1037426736347,1
306100,204.5685674614875,1
306200,239.172760859471,0
306600,217.92018753022754,1
306700,231.9920257342384,1
306700,212.82849088786617,0
306800,215.38704393945983,0
306800,217.35671486030802,1
306900,222.716744489049,1
307000,206.2213618336009,1
307100,244.4364402357866,0
307300,223.53302196902655,0
307300,222.72865081131079,0
307300,234.62460378078467,0
307300,217.52284142362868,0
307500,238.98785706786754,1
307700,209.25210966565007,0
307700,215.3761055788432,0
307800,225.14284123217126,1
307800,217.083102163617,1
307800,215.81640421841038,0
307900,238.21947245237257,0
307900,214.98035722475612,1
308000,245.1482377381433,0
308000,226.9488070564511,0
308200,253.9201488196895,0
308200,222.90578640758702,0
308300,218.9079197258797,1
308300,225.28922816588488,0
308300,209.41507072526574,1
308400,249.83773357355943,1
308400,225.50078499103506,1
308400,221.50120062524684,1
308400,242.6932563194009,0
308400,224.21532411358243,0
308500,247.38847691570493,1
308500,243.94962436936413,1
308500,234.17423519849302,0
308500,225.05236827879628,1
308500,239.54468474089379,1
308600,242.52137852122232,0
308600,240.93637300619292,0
308600,239.59509551896852,0
308600,241.94798658573492,0
308600,234.98371532850072,1
308600,221.17057831172758,1
308600,225.91596781731587,1
308600,240.66358114955253,1
308700,224.136010667763,1
308700,241.65825533278866,0
308800,235.9406370951925,0
308800,223.0572402974282,0
308800,234.13035970386073,0
308900,240.6330447097954,0
308900,223.78482672626214,1
308900,227.35399470477722,1
308900,256.9265127889436,0
309000,227.05255504019706,1
309000,227.554448988531,1
309100,244.58512142007933,0
309100,229.86555257645432,0
309100,234.20533253152234,1
309200,241.24665953386952,0
309200,234.6035330294128,1
309300,241.3845110902265,0
309300,240.50039167716426,0
309300,244.8959131958808,1
309300,250.69801301579838,1
309400,241.65685430811004,1
309400,242.8434801519559,1
309600,249.58089378519884,0
309600,252.41378677549272,1
309700,253.4399610288312,1
309700,233.88168607428042,0
309800,225.29061329252625,1
309900,235.66710019457616,0
309900,249.8909724130403,0
310100,271.0177744937146,0
310100,258.21413743589244,1
310200,234.270199498777,1
310200,233.35964160935603,1
310200,245.64570137466126,0
310200,246.76662086183052,1
310200,258.2770974563284,1
310200,260.16312122781096,0
310300,248.10019411528822,1
310300,251.84868018449933,0
310400,246.06196569652352,0
310400,260.4288466152029,1
310400,239.2449912339089,0
310500,244.1644217250537,1
310500,246.1386742086015,1
310600,243.58534723718535,0
310600,240.22345244417664,1
310600,274.14079609598303,1
310700,273.8842449592065,1
310700,241.7452315241384,1
310700,238.04102796929212,1
310700,257.3948835778143,1
310800,235.86075077586966,1
311000,267.82329945982406,1
311300,252.58573994239848,0
311400,235.09946283993858,0
311400,286.6282644058354,1
311500,228.9366576124972,0
311600,240.60657322876332,1
311700,255.49655336318028,0
311700,233.80055272557658,1
311700,249.67870277700774,1
311700,251.77046380766978,0
312000,244.90704763306093,1
312200,240.97991194827617,0
312300,249.5401157647142,0
312300,228.67980767152653,1
312300,224.2343319543886,1
312500,235.77462173085163,0
312500,235.47376491932795,1
312500,262.45433449373814,1
312600,255.6748858533795,0
312600,270.07095191427806,1
312700,243.37991904237296,0
312700,249.4618677586583,0
312800,241.9048816488888,0
312800,228.20217856623495,0
312900,220.81457073269598,0
312900,251.2656939318502,0
313000,234.09337048702693,1
313000,229.48735089313348,0
313100,258.6823696749224,1
313200,221.08338707022452,0
313200,242.14516069212158,1
313200,230.31699632078886,1
313200,229.67087333707858,0
313200,243.32029469033395,1
313300,233.66318101506604,0
313300,234.66694646394564,0
313300,242.52364385238127,1
313400,245.86683557190315,0
313400,235.67614236722372,1
313400,241.93879230900066,1
313400,251.92092537939234,1
313400,249.08792838655933,1
313400,264.38868958035846,0
313500,258.97522693794514,0
313500,253.46987438963322,0
313500,259.1554465619182,1
313500,254.32514276191426,0
313600,226.58991757247594,0
313600,243.75829792321818,1
313600,221.14383682555612,0
313600,235.113680734776,1
313600,211.37908995100028,0
313700,246.40411428807337,0
313700,260.18602319005726,1
313700,255.67965536002657,1
313800,228.81652149402,1
313800,251.37997678309486,1
314000,253.91122966576322,1
314100,263.3268624510795,1
314100,213.15337056549583,0
314200,264.18555993010904,1
314200,244.69842062976517,1
314200,262.2171546854763,1
314200,240.19530773132806,1
314300,272.21047569349054,0
314300,278.672578310363,0
314300,252.62645504144066,1
314300,249.3456356898022,0
314400,238.97665183347763,0
314400,248.3877268304218,1
314500,272.0191454342557,0
314600,238.06950084656648,1
314600,246.05233763140328,0
314600,247.22904506067746,0
314600,236.20161116084552,1
314600,266.950625977281,1
314800,248.27187974530844,0
315000,226.10997690812235,0
315000,229.2122150746321,0
315100,246.25149346311647,0
315100,248.2636739321885,1
315100,244.07246547060643,1
315200,230.8811950691565,1
315200,242.41966523368862,1
315200,249.02180772496848,0
315300,263.45094493233347,0
315300,256.38923103167417,0
315300,255.6862108289623,1
315300,253.9744140514244,0
315300,256.85645881709837,0
315400,243.28942667576058,1
315400,229.8235160507685,1
315400,244.67143211342025,0
315500,247.47005591948104,1
315600,243.7946766992223,1
315600,244.76752540243334,1
315600,249.21843162706017,0
315600,250.97819328804977,1
315700,254.6387040630169,1
315700,232.24591963844492,1
315800,261.5266110618961,1
316100,228.37061635251595,0
316400,255.45917292641963,1
316400,234.27554799479915,0
316400,255.65381582200598,0
316400,232.21709424116494,1
316600,246.0093873221406,1
316700,261.13922307565656,0
316800,258.6416736492323,1
317000,272.0908007083757,1
317100,256.43079268534746,1
317100,245.64294122413068,0
317100,238.27138993367495,1
317200,225.87812756498195,1
317300,251.1565197892173,1
317300,219.87857743976542,0
317300,235.951885500294,0
317300,254.0406847267583,0
317500,250.1783895073106,0
317600,236.82562563150444,1
317600,262.5411191298014,1
317600,256.06445524673427,0
317700,252.39679625920266,0
317800,250.4303078265358,0
318000,255.79279690011683,1
318000,245.70548017554555,0
318000,244.4550403986996,1
318000,227.5709081922369,1
318100,256.1466843760115,1
318100,248.94240914113743,0
318100,256.17541129892084,1
318100,244.71507952872574,1
318200,235.81737401204362,0
318200,244.22961771527878,0
318200,236.20976464195627,0
318200,252.10990686052895,0
318200,239.9676679385205,1
318300,272.6083127506927,1
318300,226.51026782495708,1
318300,246.76968998788274,0
318300,246.54598113619272,0
318300,250.32336742907125,0
318300,241.2323644920074,0
318400,245.4819879387156,0
318400,253.4586039985342,1
318500,248.57653867666005,1
318500,241.61099378496743,1
318500,244.26821830673077,0
318500,237.5857420641764,0
318600,247.98656788901454,0
318600,267.4975377381035,0
318600,257.9701421280878,0
318600,215.1177899722399,1
318700,230.00337769297656,1
318700,259.9132285332682,1
318700,245.05809274513544,1
318800,220.07002305973404,1
318800,261.17178439860106,1
318800,226.65466233846945,0
318800,259.38390643655725,0
318900,228.73036112388215,1
318900,224.20999271821253,0
319000,262.10413751305,0
319100,237.58531359487867,1
319100,233.13859754330392,1
319100,251.44957047473645,1
319200,249.43259040321982,0
319200,218.53663073506158,1
319200,220.5303805086525,0
319300,237.78398129453774,0
319300,250.39133353535206,1
319300,231.75346365571716,1
319300,252.75982001793363,1
319300,230.1926833691521,0
319400,240.60264046021425,1
319400,242.88729940850047,1
319700,215.5462633755819,1
319700,242.17077877667919,0
319700,221.6697970739542,0
319700,222.39087723621572,1
319800,212.98417236562324,1
319900,220.84980443453176,0
319900,224.35008636926963,0
320000,235.10007783737672,0
320000,244.3042965263698,0
320000,209.4650517773086,0
320000,237.20531430984323,0
320000,240.3804757020496,1
320100,238.4035640992882,1
320100,217.7733217888275,1
320300,236.82651478897517,0
320300,242.61432685645218,0
320300,245.84308883746652,1
320300,228.91223446492964,1
320400,247.2136418058637,0
320400,239.25505479930328,0
320400,255.02290458956926,1
320500,227.7630277536759,1
320700,248.06971555133032,0
320700,242.91468068189963,1
321000,225.23601876893034,1
321100,267.0525006278832,0
321100,245.53729801920687,1
321300,240.9053260458409,1
321300,235.8311586400021,1
321300,241.17729439727194,0
321300,229.61446008413776,1
321400,208.81784933743222,0
321600,243.6745254077993,0
321800,213.31065145820577,0
321800,237.21951336523497,1
321900,235.29656616631652,0
322000,226.91965364559636,1
322000,224.95847860664733,0
322000,213.69002017603796,0
322100,242.7427634759068,0
322200,239.0201929528427,1
322300,280.20751993103204,1
322400,233.68980355123352,0
322400,256.0583867397984,0
322400,237.95345726939374,0
322500,215.15448361197454,0
322500,233.5038581061913,0
322600,234.11755782260155,0
322600,230.63498833302205,1
322600,220.16111394696145,0
322700,213.41321707094755,0
322700,224.9598717125216,0
322700,216.18321137009826,0
322700,221.0101029711336,1
322700,223.3441151426041,0
322800,227.61121489028488,1
322900,237.03094843943504,1
322900,224.40451199856054,0
322900,212.57719418997098,1
323000,224.1213166231127,0
323000,239.0755906735839,1
323100,229.86328650287018,0
323100,239.91852149738386,0
323100,234.81348903003092,0
323300,232.96943434161955,1
323300,229.5124314070313,0
323300,225.73667954075992,1
323300,243.05222988024514,1
323300,230.09777748202652,1
323300,245.97513087191382,0
323300,234.18298083631194,1
323400,256.0622740539108,1
323400,238.19231708806132,0
323500,227.7405012781096,1
323500,233.98600319990905,1
323500,239.07099349969158,1
323500,244.45971861441654,1
323600,226.95070277255078,0
323600,253.64133332414713,1
323600,260.7056985199874,0
323600,240.5259548443512,1
323700,210.0135146974176,0
323800,250.80788352716326,0
323900,237.00926645961724,0
323900,235.13431726049453,0
323900,252.25478619514806,1
323900,251.8168824219563,1
324000,233.62967197190935,0
324100,252.76831963289828,0
324100,261.76439330680677,1
324100,248.37690492666198,0
324200,246.78100763353288,0
324200,239.31995010750475,0
324200,240.20179554868088,1
324200,241.0107263716903,0
324300,243.46932439284421,1
324300,244.6948006616101,1
324300,271.0259664953129,0
324300,247.20823858840527,0
324400,250.41377926841554,1
324600,243.97826951679102,1
324700,242.41956292941748,0
324700,234.06990444544306,0
324800,246.2406522724429,1
324800,255.63975594568015,0
324900,247.10107374240383,0
324900,263.0989202737467,1
325000,249.74012498261902,1
325000,253.65143359768433,0
325100,251.42797259709386,1
325100,260.1081727575212,1
325200,282.14392874332157,1
325200,243.1390560626355,1
325200,262.5107672614003,0
325400,250.8047532731197,0
325400,262.23224951730504,1
325500,255.64737395136768,0
325500,264.6450406092663,0
325500,280.49277114660515,1
325600,273.7851557141783,1
325600,261.08416197576537,1
325600,251.6790938008232,0
325900,263.7896615768608,1
325900,247.19440144437527,0
325900,277.1999361104194,1
326100,235.06812206134816,0
326200,250.2678776770999,1
326200,261.88647450763324,1
326300,273.1575686694336,0
326300,246.81302568377708,1
326500,266.2383912486188,1
326500,266.85048565923813,0
326700,263.00577044619496,1
326800,240.36224004421229,0
326800,254.4940889097655,1
326900,247.57482059123103,1
327000,260.364793853096,1
327000,257.5513195830588,0
327100,234.26791048134297,1
327100,267.7412783896513,0
327200,252.78638110120875,1
327300,261.543002140817,1
327300,251.53822216756902,0
327300,246.2872533111824,0
327300,227.60424222706354,0
327600,249.5037896827269,1
327600,266.74805935437183,0
327600,260.845805860352,0
327700,257.7882138610042,1
327700,251.26429384082817,0
327700,247.37945011985533,1
327800,255.43175119239677,0
327900,260.55195913373785,0
327900,275.427111628167,1
327900,250.4564451566024,0
327900,233.52447757288292,0
327900,272.032376504455,1
328000,254.75751008173552,0
328000,271.61856908576897,0
328000,245.38176336769394,1
328000,253.33113837748132,1
328000,234.90030077037798,1
328100,265.3298384269019,1
328100,259.3946461320251,0
328200,240.4690136347816,1
328200,250.33440347412053,0
328200,245.20499689339226,0
328200,244.9400494085657,1
328200,254.8924361059303,1
328300,252.9088250028602,1
328300,237.42154539829656,0
328400,250.2790556258858,0
328400,272.30714196473207,0
328400,251.06636464823737,0
328500,230.29308101925784,1
328500,249.5083441223143,1
328600,259.60958567881056,1
328600,259.97096437410903,0
328700,275.72711448776244,1
328700,230.2213857704769,1
328700,248.87530273717329,0
328700,257.88548494626235,0
328700,234.18775825464994,0
328700,250.36897272676669,1
328800,259.9476168844549,1
328800,265.9675952952652,0
328900,249.7205717445193,1
328900,245.67425202630352,1
329000,231.79086018793913,1
329000,243.33439654494248,0
329000,239.64976542293908,1
329100,257.1088010899381,1
329100,253.60051673314214,1
329200,271.735535203906,1
329200,240.63210489715811,0
329300,253.1533068192236,0
329300,253.84609094672138,1
329400,265.91684815995905,1
329500,238.796910665074,0
329500,267.82127882974737,1
329500,241.53147076612598,0
329600,246.76374152121832,0
329600,251.47438390702703,1
329800,245.1699537000029,0
329800,288.0317005744665,1
329800,249.22898437695517,1
329900,240.83052482441852,1
329900,222.7296585671316,1
330000,251.57511351749105,0
330000,258.644105381836,0
330100,269.1379690727165,0
330200,253.5383064701765,1
330400,246.38004409561495,1
330400,269.651918840175,1
330500,250.1078858905341,1
330500,230.36249578617134,1
330500,244.28319613636543,0
330600,274.80897159998426,0
330600,279.34779119840255,1
330700,268.72914932473003,1
330700,264.7833153700285,0
330800,264.6415917555726,0
330800,246.8343588415775,1
330900,250.7328102838213,0
330900,284.5238868528563,1
331200,234.4801072391338,1
331200,253.27188947703053,1
331300,267.7953992769383,1
331400,224.44325938303675,0
331400,260.70102000343115,0
331600,269.14620801749714,1
331700,255.0291783208696,0
331700,237.7728618492378,0
331700,245.0128217803427,1
331700,276.5633369086415,1
331700,255.734676154448,1
331800,238.1521082559701,1
331900,242.61056156570928,0
331900,214.56715808282067,0
332000,256.9143800376985,0
332200,239.78140421577507,0
332200,277.00270313764133,0
332200,249.53168912694701,1
332300,220.3517508502601,1
332300,234.08006222276785,1
332300,264.78862051392883,1
332400,263.04866528139183,0
332400,258.34623570557693,1
332500,228.2453262468809,0
332500,227.53748383586193,0
332500,247.7183505511289,1
332700,233.47448115922967,0
332700,225.9060858992806,0
332800,263.11897599457785,1
332800,255.98761307902723,0
332800,243.18949360795222,0
332800,222.39595474116342,1
332900,265.41495423112946,0
333000,229.85189994831006,0
333000,255.28471237033185,1
333000,253.03847853277858,0
333000,260.5342925749408,1
333000,226.45121554138265,1
333100,256.25601181966226,0
333100,261.12000351964696,1
333200,220.64731506620868,1
333200,231.40107923450856,1
333300,271.6503675216507,0
333400,268.57464373309557,0
333400,263.9625922255417,0
333400,276.7517169297683,1
333500,269.054090284236,0
333500,230.61322268010153,1
333500,269.03436774738293,0
333500,253.1509232892276,0
333600,249.0222859542897,0
333600,249.68292796422782,1
333600,260.2123246216436,0
333600,276.90684713752603,0
333600,260.9292073825791,1
333800,245.92846359197722,0
333800,275.87628495600376,0
333900,254.17250147377422,0
333900,258.02477954916964,0
333900,266.0206720770716,1
334000,256.24784503169604,0
334000,249.12507319383187,1
334100,277.42274027918353,0
334100,261.2599750550338,0
334200,241.5583277259456,0
334300,258.7146222219798,0
334300,283.05073354646294,0
334300,250.01866509130969,0
334300,263.4433552403195,1
334400,236.45626769161504,1
334500,271.8617831194227,0
334500,241.92278364487686,1
334600,265.2806493894388,0
334600,248.38919587457588,1
334600,275.83292292352576,1
334600,252.3276913701834,1
334600,273.6574673542483,0
334800,221.29550969576516,0
334900,257.6651026579557,0
334900,254.70497797317051,0
334900,230.8085005499068,1
335000,263.29470013453675,0
335100,219.2719590737485,0
335100,270.69159951974274,0
335100,217.6406568480626,1
335100,200.9034204758276,1
335200,234.74579128844803,1
335300,276.3189583004032,0
335300,219.45228141640965,1
335400,244.20374171783732,0
335400,243.1148656744479,1
335600,272.73116453116756,1
335600,281.72687833735324,1
335700,208.8965640572049,1
335700,246.05625585011555,1
335700,232.25012398051754,1
335700,310.73466347268953,0
335800,205.9069067729385,1
335900,254.36618439983627,0
335900,270.3420568037424,1
336000,261.9936435562429,1
336100,285.8833340967447,0
336400,241.22798785793995,1
336500,243.12294715433464,0
336500,247.5104657958642,0
336500,235.30338500817555,0
336600,223.38782231317825,0
336600,269.21252454651653,1
336600,244.86188673327626,1
336700,224.98434733478982,0
336700,278.30322492951103,0
336700,225.22588940405197,0
337000,229.34076792323137,1
337100,224.4850468034332,0
337100,262.950614747999,0
337100,218.73369852026548,0
337100,247.2310986737705,1
337200,300.6900198793888,1
337300,214.13251465426922,1
337300,256.1821402939998,0
337400,287.1056693870653,1
337400,241.68122122447824,1
337600,264.30523617044344,1
337600,273.41325778775877,1
337700,285.03540960509343,0
337800,277.63623758527683,0
337800,223.69018477132883,1
337900,245.78749001797138,1
337900,248.85850521011395,0
338000,262.0747370038125,1
338000,288.6302992836764,0
338000,273.2358752940232,0
338000,219.57342726600262,0
338000,225.46335455511587,0
338100,219.1889702957042,1
338100,260.06324721417707,0
338200,284.0387702211873,1
338200,263.0869438583129,0
338300,226.85579454963136,0
338300,257.07168940980944,0
338300,249.82347450373206,1
338300,266.51998639649867,0
338300,246.89369865823465,1
338400,278.7924836758632,1
338400,281.1887877328623,0
338400,245.4478160456159,0
338500,260.6032683136592,1
338600,288.5156721234979,1
338600,252.7712769413033,1
338600,257.9080443262497,0
338700,249.4331576970392,0
338700,230.10604932891056,1
338700,244.75697460023815,0
338800,267.0561099586198,1
338900,267.24636963992543,1
338900,215.27907108603577,1
338900,280.21056813564394,0
339000,244.86300682579088,1
339000,200.37912288500942,0
339100,282.0965218931484,1
339100,264.0372399400621,1
339200,260.55047256406624,1
339200,229.89801238393215,1
339300,262.79287288834877,0
339400,273.76563497423746,1
339400,241.5018645571814,0
339400,258.88884207620066,1
339400,253.73644426694784,0
339400,280.55846260398954,0
339500,212.6411148663905,1
339500,256.4074684597978,0
339500,246.67256550182896,0
339500,286.4516994183601,1
339600,248.49573977499796,1
339700,255.25582433410403,1
339700,214.97511079575304,0
339700,252.09763167305633,0
339800,211.21210469826235,1
339800,214.12133352401455,0
339800,247.807670944204,1
339900,249.0519464647625,1
339900,219.42607950976412,1
340000,235.6229688746848,1
340100,285.3196446213271,1
340200,251.06061803739232,0
340200,210.61715645750283,1
340300,251.029417424701,1
340400,259.13935864346087,0
340400,229.19196711181576,0
340400,241.6964558778075,1
340400,224.13896351678517,0
340400,273.6838720222717,0
340400,217.67324728131976,0
340500,225.34639501110573,1
340600,219.00682158331577,1
340600,222.6212923458552,0
340800,263.1156630138841,0
340800,243.55705067907903,1
340800,233.43087155895364,1
340900,274.6344630566153,0
341100,235.80484107686524,1
341200,238.75030304000546,0
341400,243.43212719035014,0
341500,237.5373041320198,1
341500,220.40159243657249,0
341600,234.2099181141317,0
341600,231.35866468239203,1
341600,235.3761410765173,1
341700,214.06635177720364,0
341700,230.7474091990625,1
341700,243.11099253255804,0
341700,241.86706493811363,0
341700,196.4280464595042,0
341900,212.27745389596083,0
341900,247.67978315073833,0
342000,240.952696859823,0
342100,210.44467243788478,0
342200,235.6898457823252,0
342300,206.2784244571501,0
342300,219.34816906458332,0
342300,240.34055289197457,1
342400,258.06514776829977,1
342600,269.2251072283647,1
342600,214.73974921248723,0
342700,250.5165244873833,0
342800,259.2201024888303,0
342800,208.64997483696462,0
342800,208.33673545814034,0
342800,227.41318143494323,1
342900,264.3890749176638,1
342900,234.5832509233524,0
342900,217.3883032228588,1
343000,214.1231890254549,1
343000,229.4943472180496,0
343000,243.15066086215444,1
343100,214.16991621581548,1
343100,257.45073298804147,0
343100,228.52028585720976,1
343200,247.81269636927124,0
343200,214.7116476677179,0
343300,238.39060505407159,1
343300,234.08307665719775,0
343300,257.2031548352747,1
343300,198.8644426189811,1
343400,265.2867436546273,1
343400,230.3637867517052,0
343400,219.87618217640778,1
343600,228.40384667152853,0
343600,221.77066475839095,1
343600,211.06064601251538,1
343600,249.45731488923684,1
343700,238.37845227414215,1
343800,246.44431375344925,1
343800,228.0900743658516,0
343900,225.86050523288807,0
343900,243.8343441535662,0
343900,272.7788486041672,0
344000,278.1716142883126,1
344000,231.243027014698,1
344100,240.66512836364765,0
344100,220.8454584555903,0
344200,227.97354945135305,0
344200,224.15058856070564,1
344300,254.67398372137012,0
344300,275.82941352728704,1
344300,210.83599115669423,0
344300,228.33568788808972,1
344400,216.47066528563286,1
344400,236.78117316773947,1
344500,264.8916915812784,0
344500,236.28913815899256,1
344500,248.22799642650824,1
344500,231.09132951483116,1
344500,245.10016850652192,1
344600,231.82812916458911,1
344700,202.61238678636718,0
344800,226.9080282070649,0
344800,249.33571257689613,1
345000,228.35966192653916,0
345000,254.8884362540329,0
345100,252.9889004134766,0
345100,222.12048899572605,1
345200,264.30985077217116,0
345200,276.1579452767931,1
345200,271.35391207016755,1
345300,268.4739754985877,0
345300,227.19688033356323,1
345300,213.92584998287253,0
345300,231.21302053274295,0
345400,235.23896868679654,1
345400,240.03315036121285,0
345400,245.71008730443793,1
345500,221.12289959734542,0
345500,255.05130120345422,1
345500,245.28143423000392,1
345600,236.71361703014767,1
345600,202.66116180366086,0
345700,253.11562616854417,0
345800,237.85172333553064,1
345800,241.62667591731307,0
345900,276.35755349465455,1
346200,211.02388265426893,0
346200,188.65405235120053,0
346300,228.58092847311724,1
346500,235.1992252641747,1
346500,227.8417125076138,0
346500,235.47048774973348,1
346500,249.7721219782909,0
346500,224.04544208606214,0
346500,247.5721836045091,0
346600,233.0347753148882,0
346700,269.50671017163006,0
346700,232.28636694297117,0
346800,256.143989183558,0
347000,236.08881005527815,0
347000,238.3745506600751,0
347100,211.77724974938508,1
347200,242.9798412651933,0
347200,251.58334172537604,1
347200,209.5923727746561,1
347400,202.12010457948918,1
347400,272.4270919435656,1
347600,248.34503180021716,1
347600,218.83132340176573,1
347600,235.7693087019096,1
347600,238.89701626073682,1
347700,252.3450878441759,0
347800,230.79551988967657,1
347800,227.32185445808156,0
347900,244.98878049293813,1
347900,222.58701312666125,1
348000,219.72750993766988,0
348000,204.8916343459437,1
348000,219.78043419691636,1
348100,252.35217727007424,1
348100,243.04460033959995,0
348100,261.63536295899075,1
348100,242.1555692086158,0
348100,226.85152154842677,1
348200,249.55330273819868,1
348200,259.56167372007326,0
348200,252.16947823327757,1
348200,241.02894881560158,0
348200,245.94140160010298,0
348300,240.18001480641877,1
348300,282.8060613813316,0
348400,217.73308058847002,1
348500,236.7881784580613,1
348500,239.92188776242756,1
348600,243.30854386331924,0
348600,223.7870884632359,1
348600,224.9102884384809,0
348700,259.4456809675696,0
348700,228.28006914428096,1
348700,219.89764806650928,0
348800,256.2873775698288,1
348900,218.25073568471504,1
348900,237.3008021438848,0
349000,262.7008994181407,0
349100,234.30583470411756,1
349100,239.98557204983462,0
349100,252.46338784306096,0
349100,242.36889333189143,0
349200,209.73981478064215,1
349300,249.14079647302853,0
349300,233.678010437814,0
349400,250.8906643661607,0
349400,240.52551804670267,1
349500,245.85860817164937,1
349500,248.9159448600834,1
349600,259.4003887018213,0
349600,270.4272487920959,1
349800,215.29543080553805,1
349800,276.3202229638217,1
349900,237.07822819198347,1
350000,272.39768277888953,1
350000,272.5608535265439,0
350200,232.3108805328188,0
350200,261.0181576331463,0
350300,245.1056056404346,0
350300,270.93452542106286,0
350500,242.83648600732295,0
350500,263.3711021615554,1
350500,280.33840258050515,1
350500,298.53519260042066,1
350600,264.30192811021124,1
350600,253.55471096989146,0
350600,284.8861664968418,0
350700,267.8708886695396,1
350700,260.1536918729564,1
350800,276.45448192808567,1
350800,267.25407913336375,0
350800,268.10900088625283,1
350900,269.12222186013537,1
350900,288.17092109775103,1
351000,280.33840559594506,1
351100,262.8905324761111,1
351100,264.5531756031068,1
351200,271.50412362634853,0
351200,232.66571253362878,0
351200,242.87307621459337,0
351200,280.81434660669385,0
351300,271.74123720048607,1
351300,239.41014682881425,1
351400,244.90805607736394,1
351400,264.93675292824554,1
351500,248.8746628383099,1
351600,236.03606019161785,0
351600,272.14693551253106,1
351800,264.4075840683023,0
351800,257.2526918582073,1
352100,274.8302924471782,0
352100,274.76702385107,1
352300,261.8911169252145,1
352300,254.21848012483363,0
352400,259.48742905922643,1
352400,295.60342433939695,1
352500,222.02306091797433,1
352600,247.95660179835207,1
352600,279.4586411958904,1
352700,265.41123962221326,0
352700,254.39866635089624,0
352700,275.45177271120565,1
352800,264.103624380519,1
353000,287.8566407949117,0
353100,257.9240764839174,1
353100,240.63567992670386,0
353100,244.05313398992047,1
353100,289.3327780941307,0
353100,276.8975511316547,0
353100,265.7669175442003,0
353200,267.5911436899869,1
353200,240.3113323521365,1
353300,254.9651628759204,0
353300,250.00531533936285,1
353300,231.60928659900392,1
353300,233.98940577272538,1
353400,264.9881092792219,1
353400,242.50657537416419,0
353400,257.35003987399307,1
353400,264.8266738429499,0
353400,269.94002250212446,1
353500,259.05390615508117,1
353500,238.8114046358859,0
353500,270.46033927547586,1
353500,276.51364088899055,1
353500,275.01477132763773,0
353600,236.54217183824258,1
353700,305.7556919976984,0
353700,268.7616774317299,1
353700,251.40618692160746,0
353800,226.3387490986196,0
353800,247.09435139825374,0
353900,266.3550416580715,1
353900,240.33481528109544,0
354000,235.89947617165953,1
354000,210.62957480108113,1
354000,226.50004368684546,1
354000,307.025371358687,0
354100,245.04024877868858,1
354100,235.98240390187559,1
354200,205.99912838515726,0
354200,275.0073530807361,1
354200,217.14678074330874,1
354300,252.35470553741453,1
354300,191.24671346493207,1
354300,262.249667842566,0
354300,313.2272395429465,0
354300,256.3927065936546,1
354300,269.19178062164224,1
354400,213.35121539381942,1
354400,260.2538397275792,0
354500,250.03246718150686,1
354500,244.95499338827685,0
354600,247.8736458265741,0
354700,233.62740753933772,1
354700,231.51958456721883,1
354800,218.0885304165646,0
354900,240.3568462106365,1
355000,209.63450876509376,1
355100,219.43702760869618,1
355100,216.43029963603792,0
355200,240.80799412762224,1
355200,209.15127833444103,0
355300,217.7786868481193,0
355300,233.9847506541192,1
355300,237.13238399392114,0
355300,244.7404867445297,1
355400,224.65374421383513,1
355500,203.89927465279604,1
355600,234.2021051680252,0
355600,231.02871651449558,1
355700,249.43173354565903,1
355700,232.7843112043249,1
355700,249.86570599976477,0
355800,224.02713620124996,1
355800,240.83108098237886,1
356000,238.24117333634373,0
356000,227.94783722029,1
356000,227.37465650504421,0
356000,241.66744355234817,0
356000,215.97509504786262,1
356100,250.82826496099338,0
356100,215.35911452552017,1
356100,209.49748682220184,0
356100,238.57659065186454,1
356300,252.22745405201493,1
356300,239.78938118191607,0
356500,222.95359286528878,1
356600,251.93399911409895,1
356700,236.34257302348055,0
356800,211.10731569625008,1
357000,244.31121030641538,1
357000,199.05917712689805,0
357100,210.35206846821896,0
357100,242.95787805051677,0
357100,232.07846012708976,0
357100,238.75280132500671,1
357300,222.75458759239777,0
357400,249.06347095290303,0
357400,242.74576391830342,1
357500,191.34054525222845,0
357500,207.8558155317448,0
357600,212.0829862419223,1
357600,195.4209951912803,0
357600,207.55113238175366,0
357600,245.4574737594717,1
357700,246.70783550041892,0
357700,222.64589032296524,1
357700,238.31486546162094,1
357900,240.15022996600558,0
357900,230.28531399663495,1
358000,225.92096419092485,1
358100,218.5723238108257,1
358100,218.15789754444276,1
358200,247.85268887767597,1
358200,241.35746151107736,1
358200,232.3679441284056,0
358200,249.86548014676484,0
358300,261.77464814004486,0
358300,237.66205691904804,0
358400,240.094331520117,1
358400,250.36057872110845,0
358400,256.81290838557163,0
358500,234.06298670073292,0
358500,238.29644593024295,0
358500,255.0279834713803,1
358500,230.91092719339272,1
358600,259.5564475265174,0
358600,224.75227607162014,1
358700,244.05757308712236,1
358800,244.9450463096259,0
358800,263.0368646037315,0
358900,226.99138715249654,0
358900,241.60866045736898,0
358900,241.70242645770793,0
358900,219.85242821621065,0
359000,245.19764210377852,0
359000,221.90052865750056,0
359000,245.75117092672855,0
359100,241.65785331233172,1
359100,231.01844148341746,0
359200,249.15674455571897,1
359200,239.10105050360914,0
359400,240.2476705941823,1
359400,262.83969208107334,1
359400,243.88830608432173,0
359400,251.0320542261258,0
359500,242.4232428938366,1
359500,278.7071854729833,1
359500,201.56869072617835,0
359500,223.416933809304,0
359500,236.76580174468427,1
359500,295.9357204409881,1
359600,266.2191428461243,1
359600,218.6112356395629,0
359700,211.67764833979058,0
359700,256.290012602654,1
359700,234.44641361084607,0
359800,244.53732783081517,1
359800,250.33201365549462,0
359900,215.67641524030572,1
360000,236.9601709571664,0
360100,251.18401997946887,1
360200,219.79995975007785,0
360200,233.88590318860773,0
360200,214.31086979558233,0
360200,231.65273259387897,0
360300,251.63034190962128,1
360300,253.5187172159064,0
360400,238.9964050866954,0
360500,213.66635820675384,0
360500,236.33201261001665,0
360500,224.91855182201974,1
360600,228.31070769931972,0
360700,244.23043398065545,1
360700,235.00113056698464,0
360800,208.93440531703433,0
360800,223.1147510731801,1
360800,218.27950741564493,0
360800,211.93842680297368,0
360800,219.6056975901512,0
360800,242.63952117755773,0
361000,248.77788904952448,1
361000,248.06540539926354,1
361100,251.27320494781398,1
361100,241.80619590644645,1
361200,250.0713050919879,1
361400,238.1236831083125,1
361400,225.05678303095752,1
361500,210.5253725093949,0
361800,221.22787324311116,0
361800,248.96550671117828,1
362000,234.2835963302399,1
362000,218.87881369898892,0
362000,249.79309403846625,1
362100,207.0229872510382,1
362100,246.93652697134243,1
362100,210.31037916852384,0
362100,240.12214843789232,1
362200,229.2246236683066,1
362300,242.1990041828877,1
362300,252.52772806932126,0
362400,227.6091512092214,1
362400,227.4405623309242,0
362500,230.2816568760434,1
362500,232.266299091676,1
362500,247.8275978703633,0
362500,220.54445952547513,1
362600,243.155031777606,1
362700,197.26570120272882,1
362800,210.6539013176844,0
362800,247.8120962954261,1
362900,211.38855241894706,1
362900,223.13291542459234,0
362900,216.30488269023024,1
362900,236.99825795932964,1
363000,233.64212307454466,1
363000,242.08829723340347,0
363100,241.4719847164889,0
363100,232.75936612257735,1
363200,226.92234249152324,0
363300,225.20211991901846,1
363400,209.60867083462637,1
363400,206.83977908466736,0
363400,223.38695876853714,1
363500,281.3100328410121,0
363500,219.2500375674254,0
363500,239.09198384988622,1
363500,231.3259103421815,0
363600,265.5790060804658,1
363600,223.35992096042844,0
363700,246.75984591036152,0
363700,227.89126580429107,1
363700,202.39602026761236,1
363700,216.78257334341478,0
363800,248.08602032227017,0
363800,254.82175003498833,0
363800,236.62237986248138,0
363900,257.1836105452301,0
363900,220.5980328261637,0
364000,214.04697002904325,0
364000,243.5187604908294,0
364000,211.67863294762734,0
364100,223.91590560084728,0
364100,246.08312667346542,1
364200,228.94776981583533,0
364200,218.03105701658717,0
364200,227.29855783711642,0
364200,216.1659110309572,0
364300,264.70559873989237,0
364300,234.95781260536506,0
364400,237.3149671890781,0
364400,249.78907282621475,0
364500,241.00641020943246,1
364500,250.776654297404,1
364700,247.9610268389463,0
364700,218.95524389056376,1
364800,265.259512634619,0
364800,250.13540104035758,0
364900,212.69667859806998,1
364900,243.70283705278334,1
365000,223.64553409307297,0
365000,252.9215391085221,1
365000,261.1162252645159,0
365100,226.14869690262728,0
365100,263.7975040673467,0
365200,208.62474721803517,0
365200,239.5890757592816,1
365200,239.62916106920702,0
365300,241.0604403238591,0
365300,240.9679025082394,1
365300,230.21774833473054,1
365400,205.81979981106505,1
365500,231.8084614286646,0
365600,244.0595369784569,0
365600,240.29279733316523,1
365600,266.66312463117947,0
365700,236.25965733680925,1
365800,242.66117867443128,1
365800,241.315675581107,0
365800,234.99846949157208,1
365800,262.46332918510547,1
365800,237.0984906422568,0
365900,243.69923202868424,0
365900,235.36512992017117,1
366200,223.79920185030144,0
366200,259.562847655369,1
366200,221.64695851654614,0
366300,201.99479050697548,1
366400,253.64127639724157,1
366600,231.68626765141502,0
366600,220.47290436979506,0
366600,262.5332017577864,0
366700,218.22429195701605,1
366700,216.86164388421543,0
366800,216.60243255828794,0
366800,229.93437319363184,1
366800,230.74978955085638,1
366900,238.07109615589994,1
367000,250.81683297864782,0
367000,238.72884011593717,0
367200,226.06854853204186,1
367200,228.24770330090013,1
367200,230.58489746973464,1
367300,235.16211250434756,1
367300,241.22251895123875,0
367300,210.18583521652468,0
367300,229.39268697280204,1
367400,235.55910076201874,0
367500,230.392284777796,1
367500,222.6009110431664,0
367600,258.355523812451,1
367600,233.06702253485707,1
367700,209.78194860460292,0
367700,222.7484782736912,1
367700,226.52643120217013,1
367800,244.35776728617466,1
367900,194.42672438811246,0
367900,213.2801569776096,0
368000,254.32432011476493,1
368100,249.53984775662224,1
368100,248.64047200490435,0
368100,248.9842988623867,1
368200,235.8827616171612,1
368200,234.72300134178008,0
368300,214.90772700010325,1
368400,238.71837229269173,1
368400,236.57206212131683,1
368400,236.01115012391944,0
368400,221.49626028652165,0
368500,225.06773342194106,0
368500,238.20618669075884,1
368600,218.33587150937782,1
368600,219.8616274465948,0
368700,207.8381713467783,0
368700,252.62947035210354,1
368700,215.69706762150057,0
368800,267.3157632766343,1
368800,248.38328073388988,1
368800,250.61424395775438,1
368800,231.66297376367322,1
368800,268.66014868633357,0
368900,226.46313723414485,1
368900,255.72735855053227,1
368900,228.18203844173047,1
369000,218.2571969340458,1
369000,242.96773242344952,0
369000,266.73562547192216,0
369100,222.73999401029988,1
369100,197.857210811668,0
369100,222.0984712302549,1
369100,242.09297602889035,1
369100,236.19398506331507,0
369200,245.90627923157123,0
369200,208.15804586160996,0
369300,220.13202913617926,1
369300,194.14566529343765,0
369300,219.86944209697714,0
369400,251.0583837831396,1
369400,195.85059823340194,0
369400,203.9417968132486,0
369400,213.50673097446793,0
369500,210.16833024309395,1
369500,225.84238871380458,1
369500,215.12697912044106,1
369600,217.34418994876697,1
369600,253.0273759746674,0
369600,209.11325687749792,1
369600,200.06336062622884,0
369700,215.0008783516626,0
369900,222.3066382204931,0
370100,204.1480068891197,1
370100,218.06502147394187,1
370100,201.75852271329128,0
370100,231.52330238083968,1
370100,206.99191086669094,0
370100,222.35642293185694,0
370200,203.2048865143547,0
370200,200.08835116218944,0
370200,217.86114116114032,1
370300,221.27204997269928,0
370400,219.36237564954857,0
370400,220.36629749492454,0
370600,232.7837204342646,1
370800,219.0193052844207,0
370800,172.41808477522994,1
370900,199.93648729607963,1
370900,201.37864418334004,1
370900,224.3084188562387,1
371000,209.19552877428225,0
371000,274.651927423797,0
371000,226.0728321810062,0
371200,209.8318960450647,0
371200,215.02016861059087,1
371300,244.4320282904831,1
371400,217.1563015654382,0
371400,198.99270083564141,1
371400,254.43102222756823,1
371400,207.9550046623109,0
371500,215.84486145903955,0
371500,224.01969104612797,0
371600,241.02627440040956,0
371800,192.60575339784518,1
371800,214.42635541732673,0
371800,199.8337206474747,1
371900,219.23320352210325,0
371900,209.3926562665039,0
372100,234.44353345538988,1
372100,195.51457076296307,0
372100,221.93640268949432,0
372200,231.69162658179846,0
372200,203.06244203092012,0
372300,204.1813816695993,1
372400,207.41420309659972,1
372500,265.26467091280165,1
372500,235.07493774851696,1
372500,266.77795807400673,1
372500,211.04732097604486,0
372600,208.01041476746983,1
372600,236.16416069746705,1
372600,243.537069256143,0
372600,196.71741173361679,0
372700,179.71511445335378,1
372700,203.0093254995817,0
372800,207.07978268135344,1
372800,219.55994886819224,1
372800,210.21849155111275,0
372900,217.01991939255504,1
372900,207.2481608132253,0
372900,255.2199713547249,0
373000,187.7807855820566,1
373000,253.68145654817764,0
373100,211.44527224825148,1
373200,242.48730396835836,0
373200,212.37981544359494,1
373300,211.8591647238227,0
373300,184.16769049473962,1
373300,212.6976786238113,0
373300,228.70626032470028,0
373300,208.89388042997072,0
373300,210.93554028672696,0
373300,221.78275411819263,1
373400,199.6528096324213,1
373400,201.61438928009653,0
373500,220.04631001564994,1
373500,196.53493091657145,0
373500,224.25598433441283,1
373500,212.24796374386833,0
373600,209.62276495617812,1
373600,217.38297437752485,1
373700,218.45667340028137,0
373700,198.49704055426415,1
373700,204.86363859400632,1
373700,239.63524888407701,0
373700,245.8692176641539,1
373800,232.40963466242727,0
373900,214.49902020063365,1
374000,216.5811128905293,1
374000,235.93003119794307,0
374000,210.72336433603388,0
374200,218.0229989584836,1
374300,252.6185343733729,0
374300,245.55114569225657,1
374500,235.42078967961086,1
374600,245.423892575861,1
374600,213.11098919328668,0
374600,212.1808071066521,0
374700,215.8982130204549,0
374700,246.2363599050283,1
374700,249.5089610635566,0
374700,217.44036731158675,0
374800,236.39886255063792,1
374800,261.7440412205758,1
374900,257.57906645671454,1
375000,227.14214193739537,0
375000,229.35803869754378,0
375000,211.50872058903641,0
375100,270.1750556017315,1
375100,245.67837514088413,0
375200,243.29084090437283,0
375200,246.5654846895382,0
375200,233.94417832299467,1
375200,199.89869437338285,1
375300,205.84738441070112,0
375300,240.7560929309265,0
375500,220.10303965254883,0
375600,236.01033083560193,1
375600,208.2244660475171,1
375700,198.3843472552827,0
375800,207.33691695909243,0
375800,235.39747020946803,1
375800,207.11005245856524,0
376000,216.76597396261386,0
376000,218.15682634354351,0
376000,253.74768455121568,1
376000,262.8306262784598,0
376100,284.5311109077447,0
376200,203.94603088299385,1
376300,193.74103159597408,0
376400,209.62359502045422,1
376400,255.41168929538105,1
376400,265.7997915788233,1
376500,227.94548657855208,1
376500,265.9148084817077,0
376500,258.7230330092213,0
376500,202.82109872714878,1
376600,212.48737633433225,0
376700,245.59311922204043,1
376800,208.55207629632102,1
376800,236.99772439317593,0
376900,201.87409624656888,1
376900,231.11088946991873,1
376900,229.65902771383986,0
377000,210.85964521524028,0
377100,208.24387481451706,1
377100,257.8939992110701,1
377200,218.8106089267741,1
377200,226.58954961036383,0
377300,196.723347004904,0
377300,216.83517544134492,1
377400,244.1212485919896,1
377400,217.6947064131665,1
377500,195.38763243043383,0
377600,243.87966935337602,0
377600,224.91645365109366,0
377700,199.04172786149303,1
377700,242.15826539734894,0
377700,223.56388812528462,1
377700,242.47221709466865,0
377800,237.67784286905328,0
377800,213.71847766151004,0
377800,261.0386921491577,1
377800,257.8211729738935,0
377900,201.8083012592829,0
377900,239.34301469769704,1
377900,209.3721704042879,0
377900,221.90003112906717,0
377900,232.51650884752263,0
377900,254.63562380031385,0
377900,212.14553155689794,1
378000,201.98200013268388,1
378000,249.04455459952675,0
378100,206.5355133756031,0
378100,224.352417025347,1
378100,188.1810354533277,0
378200,220.43544533222672,0
378200,220.54572105995288,1
378200,245.24541224899207,1
378300,223.332519538288,1
378300,231.62125797704803,1
378300,220.18466683569082,0
378400,237.34045491323758,1
378500,214.93061809221012,0
378500,253.8926200944013,0
378500,218.0350797121181,1
378500,233.54642336730709,1
378600,256.14171352109673,1
378700,191.55929910224557,0
378700,184.3418601186458,0
378800,233.80599576796226,0
378800,266.983102373467,1
378800,229.35298272148216,1
378800,197.4724741315878,1
378900,189.99026661852463,0
379000,224.60726966155494,1
379100,237.38602090359433,1
379100,228.45907293500494,1
379200,203.3247376797895,1
379300,193.13549517883578,0
379300,223.98284869970792,0
379400,225.6051512916123,0
379500,216.7521690452448,1
379600,187.674975559452,0
379700,198.12459075808908,0
379700,209.96363775313372,1
379700,247.9851026258397,0
379700,232.19661281781623,1
379800,233.2504548861315,1
379800,226.68589995708956,0
379800,206.112188096416,1
379900,262.0254291270352,0
379900,253.3742409517252,1
380100,231.84355500717757,1
380200,255.249063641078,0
380200,214.38387664796173,0
380200,195.8573386069228,1
380200,237.2301916470368,1
380300,200.76749363415587,1
380300,200.0056287043607,0
380300,201.0567954112167,0
380300,247.63665435176867,0
380400,247.13042358584724,1
380400,218.94408472741,0
380500,212.7881279891304,0
380500,188.55889140184462,0
380600,232.63248373190848,0
380600,203.9265774630028,1
380700,244.0239591620983,1
380800,248.22948173998688,1
380900,215.48935959030885,0
381100,222.1569574013291,0
381300,197.75067727800393,0
381300,231.45512640264803,0
381300,254.05676467278835,0
381400,232.2826480787466,0
381400,230.88104264107412,1
381400,229.40122429425497,1
381500,239.7980855589958,0
381500,220.83382802813904,0
381500,247.90781138696525,0
381600,219.59980467994396,1
381600,225.3399364399826,0
381700,229.7438015130024,1
381800,236.68012710192036,0
381800,187.37464266152008,1
381800,220.28422794040904,0
381800,206.25967494152502,0
381800,220.93577585047996,0
382000,240.52897776361255,1
382000,198.30657105712342,0
382000,207.8508379972062,0
382000,253.64938986261376,1
382100,202.0898687373285,0
382100,200.19830967287055,1
382100,199.2482367326575,0
382200,198.88621533449736,0
382200,202.3007446810816,1
382300,212.55582642995853,1
382300,197.48405998266315,1
382300,250.96999907932155,0
382400,255.35658957023963,1
382400,221.53990482725712,0
382400,217.43429362264257,0
382400,197.83703778821314,0
382500,220.74509678385257,0
382500,207.16077030211554,0
382500,210.3310052407053,1
382500,216.5375064106058,1
382500,221.83102765613933,1
382500,241.13202654757058,1
382600,221.08927281028474,1
382600,207.5489330964573,1
382600,244.44380907146567,0
382700,222.33552296963654,1
382700,259.5584421906712,0
382800,217.73034373674074,1
382800,211.70050058452244,0
382800,239.06148662060332,0
382800,241.8600036301812,0
382900,218.60169974713637,1
382900,198.1718853951625,1
382900,196.81450061675486,0
382900,219.24785480826816,1
383100,221.2762602348073,1
383200,232.97337151914974,0
383200,222.97806282795725,0
383200,215.71179064010045,1
383200,193.52924002859726,0
383300,215.90008976404914,1
383300,245.80536081290765,0
383400,205.40825716303186,1
383400,238.85095951142225,0
383500,232.62524559035603,1
383600,206.2992816651635,1
383600,226.76801126684688,0
383600,231.6170067924141,0
383700,237.7547276977853,0
384000,223.17644585157962,0
384000,232.65949766692398,1
384000,210.43289986028915,1
384000,203.98573487368185,0
384000,202.3885878478217,1
384100,214.4223078138819,0
384100,202.10397918120742,0
384100,225.5471508698586,0
384100,186.70718182398426,0
384200,202.62773960127245,1
384200,239.75107190278717,0
384400,190.5727288930218,1
384400,198.2299026209048,1
384400,197.75048629462313,1
384400,246.9792230090293,1
384400,202.4532486021949,0
384500,204.61756859125538,1
384500,224.4989724169838,1
384600,194.5436599246721,0
384700,207.76092010513983,1
384700,236.33283200087214,1
384700,186.0645213524983,1
384700,183.190745837575,1
384700,240.90247701264383,1
384700,233.3578482678067,0
384800,217.09417456167105,0
384800,201.03622775220805,1
384900,200.2435353105529,0
385000,190.7034554646076,1
385200,168.36047980964372,0
385300,240.6864655894495,0
385300,184.11387764939747,0
385500,198.66247861113837,0
385500,258.583583963342,0
385600,193.84005368018586,1
385600,257.7625205192737,0
385600,250.3383768504631,0
385600,178.4894094490381,0
385600,192.26969832816914,1
385700,171.74465446125595,0
385700,209.58408664349994,0
385800,208.74206984241846,0
385800,195.04271901305458,0
385900,216.47083929057374,1
385900,181.7863401612394,1
385900,192.40475636985428,1
385900,214.24497062929152,0
386000,200.38297204786147,0
386000,216.8358243030848,0
386000,219.32948437107615,1
386100,242.18048104112057,0
386100,201.08182119016723,0
386200,185.57529852545034,0
386300,187.86830349699235,0
386400,176.99248995060532,1
386500,186.63818127902448,1
386500,189.34247106880423,1
386500,165.36268915787778,0
386500,225.6092142378485,1
386500,187.3774431237909,0
386500,210.64064328194155,0
386600,210.92921492103574,0
386600,216.55189438230812,0
386600,199.4713297591954,1
386700,200.57196071112025,0
386800,216.16135553518853,1
386900,192.1501239837062,0
386900,223.44347597436058,0
386900,213.41609080655084,1
386900,240.1726903568876,0
387000,199.0613290873448,1
387000,219.24911487947446,1
387000,233.01060562362088,0
387000,197.44996799129078,1
387000,213.57852920677198,1
387100,206.45497098854634,1
387100,194.84686745732748,0
387100,182.337571781658,1
387100,227.27986010830452,0
387100,249.02290387633025,1
387100,217.1953245190873,1
387200,194.37838639599715,0
387200,211.62734277109382,1
387300,219.04547512821142,1
387300,226.8976741375428,1
387400,240.35023206010538,0
387400,202.33196160095628,0
387500,200.51425329028723,0
387600,233.26287384929662,1
387600,203.4650957490631,1
387700,216.33896869689787,0
387800,207.66269620071927,1
387800,216.72764664454974,0
387900,246.96698222665398,1
388000,212.57597540876233,1
388100,242.249724938151,0
388400,238.28031333005578,1
388400,215.85307665477478,1
388500,256.025827116833,0
388500,238.25457184950875,1
388800,238.2359514262983,1
388800,231.71037794913394,0
388800,236.6295883977456,0
388800,231.26169811935063,0
388900,200.490148842504,1
388900,209.71057656632004,0
388900,243.48672161155847,0
388900,235.8413294481769,1
388900,230.92965558784755,1
389000,208.96621259678494,0
389000,209.3569653862966,0
389000,253.1176391681828,0
389000,225.42742209447275,1
389100,209.2117559019352,1
389100,214.1396824824202,0
389100,254.11598646408,0
389200,239.57332531901795,0
389200,232.08476176473832,1
389200,208.97923651306965,1
389200,203.2861494666795,0
389300,200.93567975154187,0
389300,241.6527673780234,0
389400,230.29096812464104,0
389400,291.19041841207337,0
389400,231.8576836219369,1
389500,227.74828255540604,0
389500,197.43366550953104,1
389700,264.99627506019425,1
389700,204.91178632317713,0
389700,280.9821606467226,1
389800,197.6290954759719,0
389800,193.34333731947999,0
389900,225.53464745630015,1
389900,201.60085998925308,1
390000,259.3674242366628,1
390100,198.10153635795368,1
390100,209.26041980708993,0
390200,199.940852048055,1
390200,213.79466794753702,0
390300,198.00158744339694,1
390300,217.46709560526162,1
390300,227.92666603763402,0
390400,206.8046746885626,0
390400,212.5964935156465,0
390400,216.8321596489,0
390500,249.17076033235983,1
390500,197.100635736951,1
390500,253.6022775326096,1
390600,204.6622045058432,1
390600,193.2071522659937,0
390700,233.5744521799769,1
390700,220.71726263543314,0
390800,229.79833912521616,1
390800,256.6885836221293,0
390800,223.21982421018507,0
390900,208.81655317786067,1
390900,209.96920446557309,0
390900,207.54314467263882,0
391000,203.33543806086266,1
391000,207.47935958075396,0
391000,207.17878148587567,1
391100,193.3940203322836,1
391100,196.24932866724495,0
391100,222.91614361224964,1
391200,195.22002745818673,0
391200,202.59506934537302,1
391200,204.41097676634473,1
391300,196.9298527326261,0
391300,200.55027932306004,1
391300,207.23523850224183,1
391300,203.40436479606507,0
391300,195.37068292491432,1
391400,219.2776698829902,1
391400,236.840274535074,1
391500,203.92751537019285,1
391500,212.35213396117285,0
391600,221.33599896711638,1
391600,209.32715294848902,0
391700,214.66563368101654,0
391900,208.70060387337128,0
391900,214.31743669059233,0
392000,207.59366652554175,0
392000,210.575210840639,0
392100,288.009825672933,0
392100,234.26578428895613,1
392100,223.75192540748154,1
392200,257.6020311012298,1
392200,213.31559351782278,0
392300,237.75397738913634,0
392300,211.48170269103358,1
392300,250.8619309100891,0
392300,194.96712744062444,0
392500,232.61604927436392,1
392600,214.69030483248744,0
392900,299.1079651225784,0
392900,210.3289638506971,0
393000,217.54360487433334,0
393000,189.6855514731274,1
393100,213.09775038167368,1
393100,202.9751920576767,1
393100,265.78802963483264,1
393200,196.72618625683586,1
393200,207.0560303824525,0
393200,200.379447320798,1
393300,202.07973274509328,1
393400,226.45234084270004,1
393400,250.66057833380975,0
393400,202.1123217418021,0
393400,223.9002891317698,1
393500,194.88296921059134,0
393500,204.3417915380174,0
393500,215.52105908462826,1
393500,208.9201750152633,1
393500,189.17174932863244,1
393700,217.59400550963255,0
393700,214.22951417970418,0
393700,192.94466319080277,1
393700,208.54815697818816,1
393800,226.16082750893676,0
393800,236.55760401340018,1
393800,232.2943901540403,0
394000,258.26019075552165,0
394000,218.65980544174255,0
394000,251.74461750801765,0
394000,217.855799421829,1
394000,215.4927638819555,0
394100,195.98215802269198,1
394200,214.67223448493488,0
394200,221.793074247219,1
394300,207.2034224452913,1
394400,221.76208031335958,0
394500,196.15758859925154,0
394500,217.21188240342346,1
394500,215.96726624263016,1
394700,220.41340012883063,1
394800,241.46663362156903,0
394900,211.35342169333208,1
394900,216.52046325679854,0
394900,204.49405283363518,1
394900,220.1787332359206,1
395000,220.6643812956124,1
395000,210.68474530312295,0
395000,222.53994523255824,0
395000,214.95267956311434,1
395100,216.69849468535872,0
395100,223.90573476439386,1
395100,205.6268932078568,0
395200,232.6008122799691,1
395200,223.22788690037848,0
395200,232.22144466005275,0
395200,198.05393908274223,1
395200,207.83838942704762,0
395200,217.09183694388074,1
395400,217.27378660549573,0
395400,217.1715926799799,1
395500,216.70256729235584,1
395500,214.53887563072644,1
395600,227.07943150233606,1
395600,221.90667404606685,0
395600,201.8175967001222,1
395700,218.99461992414723,1
395700,222.8049663574465,0
395800,204.4846177593322,0
395800,212.7824412027215,1
395900,213.2451959004337,1
395900,195.4395767303702,1
396000,247.74377424722152,1
396000,218.48569369629882,1
396000,222.58653084561374,0
396000,210.78440117806062,1
396000,223.5163592533904,1
396000,220.50985918867963,1
396100,215.08929147353442,0
396100,240.53636509081082,1
396100,212.86301063393492,1
396100,205.24014102216165,1
396200,229.41640544123905,0
396200,237.1480914569037,0
396300,254.07580480372428,0
396300,199.39625495373485,1
396300,203.2941384510849,0
396400,197.9307797693492,1
396400,205.41098868974555,1
396600,211.16396668521236,1
396800,224.30271267581787,1
396800,216.72804592122245,0
396900,222.7948208507654,1
397000,213.54647606897706,1
397000,222.2969476996395,1
397000,203.53918542475188,1
397000,234.23820087988,0
397100,226.8042736387349,0
397100,223.54579741721454,1
397200,193.64496693768496,0
397300,194.58735928248845,0
397400,197.3734418571606,1
397400,243.25128836374,0
397500,220.3820729478142,1
397900,221.00514721547393,1
397900,211.05770561783746,0
398000,216.20210856924783,1
398000,232.95287407295277,0
398000,237.70220336531546,1
398100,235.9218912702504,1
398100,230.46321786451279,1
398200,208.17523105402103,0
398200,269.71185493819377,1
398200,209.06645437183366,0
398200,239.80029211347113,0
398300,230.49331939292532,1
398300,203.31252871137318,1
398300,228.02640631742221,1
398300,212.92430579915242,0
398400,228.98922702602087,0
398400,207.8111354094467,1
398400,237.44555332136514,0
398400,213.0844702679464,1
398400,240.39026729328114,1
398500,238.64020486908163,1
398500,230.91155871172265,0
398500,230.1656819131009,1
398500,208.13005079283775,0
398500,211.4557902762247,1
398500,221.0842536974586,0
398600,251.13790578266477,0
398600,204.07548703923814,1
398700,213.7248363502725,1
398800,205.66107550095933,1
398800,183.80149964876034,0
398900,235.3514662643473,0
398900,227.09886132608636,1
398900,232.76879216835954,1
399000,211.97450957984458,1
399000,221.1624849544402,1
399200,211.23919498207522,0
399200,221.40449387076276,1
399200,200.87499736377526,0
399300,225.79388654756482,1
399300,192.42980229182962,0
399300,209.49558245712194,1
399500,225.13885536756993,1
399600,217.58631361909565,0
399700,216.5553052418477,1
399700,195.86153118920296,0
399700,216.16164498108526,0
399700,232.38197841178666,1
399800,204.7901093335899,0
399800,192.08237548540797,0
399800,242.5912057968625,0
399800,217.72091377189827,0
399900,206.5689133029955,1
399900,238.10919786307736,0
399900,213.17621937696848,0
399900,226.8134323562742,1
400000,236.18621153122345,1
400000,238.89161677983566,0
400000,232.85919982254003,0
400100,242.72256592550585,0
400100,222.74851297205453,0
400200,206.3093585064204,1
400200,219.36728971586533,0
400300,206.08872555149503,1
400300,197.60440194197898,1
400400,215.05776319116572,1
400400,195.66669669090828,0
400500,219.51141317870125,1
400500,214.72463320662837,0
400500,236.3892292941644,0
400500,232.44155576850451,0
400600,238.05396379373704,0
400600,210.48039900464858,1
400600,213.06577626853405,0
400600,212.38855647493918,0
400700,227.34636271127835,1
400700,219.41310114764795,0
400800,220.32981342267095,0
400800,219.44021773791584,1
400900,242.23031164776557,0
400900,211.74230824240854,0
400900,239.56677743123748,0
401000,230.29508339524156,0
401100,222.17486126919894,0
401100,215.66024169432146,1
401200,187.04841531695124,0
401300,200.98196462560276,1
401300,241.8651262621682,1
401400,202.58762807530655,1
401400,222.21572463616138,0
401500,224.60287726540264,1
401600,221.61785625667986,1
401600,218.68950497351568,0
401700,226.7559519246948,0
401700,229.50105603217338,0
401700,202.72387184849094,1
401800,233.75847750506244,0
401800,207.17577303304304,0
401900,220.72223999761692,0
402300,207.12861165833536,0
402300,229.62295055782295,1
402400,205.03747364052455,1
402500,209.9674134160172,1
402500,208.09275713256827,0
402600,216.76033859908512,1
402600,227.03588512932632,1
402700,208.1566320462711,1
402700,211.88330703872535,0
402700,201.65175050539432,1
402700,216.57521439317077,1
402700,202.59862070807083,0
402800,222.00896593395936,1
402800,190.21985645587495,1
402800,233.1711755251571,1
402800,209.5974610530687,1
402900,209.90511737289333,1
402900,205.61983737523448,1
402900,212.6715240081943,1
403000,219.0339006915675,0
403000,219.26143098943407,0
403000,191.03730570446746,1
403000,228.17173314842626,0
403100,220.66397517926632,1
403100,210.72384351941483,1
403100,216.55662601533734,1
403100,220.42593113135715,0
403100,200.92728374229245,0
403200,229.43461427031616,1
403200,240.1623146446225,0
403400,215.07873665152295,0
403400,216.44119511649365,0
403400,234.27655773636863,1
403400,215.0564441522568,1
403500,244.06943645538894,1
403600,210.57464254787396,1
403700,207.453459678697,1
403800,219.16073149104008,1
403800,231.78304617827845,0
404000,230.443605509716,0
404000,246.9483610323216,1
404100,208.56668850780403,0
404200,211.11906064179587,0
404200,208.94621714976086,0
404200,239.6691277325912,0
404200,217.29495360761462,0
404200,214.163991214699,1
404300,221.1708665905151,0
404400,248.87804924561615,0
404500,213.98611956640093,1
404500,221.715427415063,1
404500,215.14319433089128,1
404600,233.60497905158036,0
404600,225.90400227719104,0
404600,224.46707768738943,0
404700,220.6322029610458,1
404700,234.56177979332227,0
404800,188.1074670328052,1
404800,225.73085543345024,0
404800,195.23157515760582,0
404800,228.59474325176768,0
404800,208.41715357571533,0
404900,269.95113130029176,1
404900,224.56109550993114,1
405000,209.9767212037848,1
405000,205.3609063104779,1
405000,250.91023194340374,1
405000,234.6223452215731,1
405100,225.27397576246398,1
405100,208.91136525858383,1
405100,241.6939223732529,0
405100,236.1317249774117,0
405200,230.98413750375568,0
405200,210.65633538261022,0
405200,221.30447224072103,0
405300,224.1132735645989,0
405300,227.61361607311258,1
405500,226.1365404161304,1
405500,220.19742233854132,1
405500,197.6393632310936,0
405500,232.02956739028804,0
405500,248.24414475584132,1
405700,212.90218199022942,0
405700,231.013814587172,1
405800,235.7951978966482,0
405800,204.92777942881807,1
405800,207.74396509686196,1
406000,236.18372663164058,1
406100,231.9914382384412,1
406100,215.4277594112835,0
406100,204.9951148231348,0
406200,222.6630579101114,0
406200,246.21703641526605,0
406300,213.27734972181747,0
406300,217.59403993865538,1
406300,214.94782976888195,0
406600,236.86854283879077,1
406700,252.91573388978424,1
406800,247.49351216911253,1
406800,208.96657263554397,1
407000,213.55532344851474,1
407000,224.02304464457498,0
407100,213.3400394677064,0
407100,251.3316112157056,0
407200,201.74273727538264,1
407200,221.72835172779975,0
407200,208.20506106724412,0
407200,205.29472966732112,1
407200,239.64266434596612,1
407300,208.683328822269,1
407400,223.33077646700042,1
407400,233.67730212368434,1
407400,211.87147444935184,1
407400,213.81681362006142,1
407400,227.85589141587144,1
407500,210.73675484137846,0
407500,230.71810322554808,1
407600,228.3332385373686,1
407700,241.74828782832415,0
407700,221.5653608960703,1
407700,212.07079979854993,0
407700,225.8666894903821,1
407700,215.32901780450126,1
407700,205.67357626391382,0
407700,238.00477475139473,1
407800,224.5272926527228,1
407800,223.27159190845987,1
407900,230.9091138551197,1
407900,247.0123647357839,0
407900,215.53875196558528,1
407900,238.45412496779053,1
408000,221.58278225574156,0
408200,254.3645074586883,1
408200,232.9273870162701,0
408200,223.72650849365726,1
408300,225.45951451431227,0
408300,226.93577083343476,0
408600,226.10260542415656,1
408700,221.4069233325657,0
408700,213.5451027811709,1
408800,232.18100357333645,1
408800,219.02581812362956,0
409000,224.05362298439817,1
409000,242.1497525098356,1
409100,222.7949612176964,1
409100,259.2434675228211,1
409200,238.23648514913407,1
409200,239.11891766967724,1
409200,219.8456269897577,0
409300,227.95993771916858,1
409300,219.30077218345218,1
409400,215.94913220812006,1
409400,248.4290901841096,1
409400,223.96736927364742,0
409500,214.23835102081466,1
409500,213.61883025043474,1
409500,233.63899996974249,1
409500,238.63780005160152,0
409600,226.98258485104947,0
409600,214.74935842292024,0
409600,229.20218230303513,1
409600,214.23774704395137,0
409700,243.28607692410458,0
409700,226.6937858108655,1
409700,234.67769153330687,0
409800,221.98167731178447,0
409800,240.85050481243994,0
409900,223.1299784698845,1
410000,240.0780737106044,1
410000,223.13897370004395,1
410000,231.40122179989126,1
410200,232.2306300806856,1
410300,231.75828321561627,1
410300,243.44315764676455,1
410300,293.66564032253945,0
410300,226.2722958125992,1
410300,254.75018516957022,0
410500,236.30306909581162,0
410500,271.8962780146463,0
410500,219.83387656844397,1
410500,228.83811739699158,1
410600,243.59487309049118,1
410600,261.9511602541854,0
410700,234.71737921669956,1
410800,239.65300283612285,0
410800,224.08288668014853,1
410800,251.9693857662881,1
410900,217.7379499416436,0
410900,225.87605916605466,0
410900,250.3633515579748,1
411100,231.29731006052492,0
411200,236.19877413383176,0
411200,231.60716951552357,1
411200,245.69346941527675,1
411200,238.24149234111013,1
411300,220.79280550143795,0
411300,250.05953715748007,0
411700,225.08811738069073,1
411800,238.6597256125445,1
411800,243.3245649347334,0
411900,232.01329205109786,0
411900,226.86353107614354,1
412000,248.98444310767923,0
412000,226.7351566770226,0
412100,224.5692379212904,0
412100,230.37229132466334,0
412200,254.75240273670266,0
412200,216.50456906919024,1
412200,216.00438388864748,1
412200,238.1072458437591,0
412200,235.40909783007916,0
412300,220.4895966514039,0
412300,220.21559457033206,0
412300,232.39695646411104,0
412400,226.1004767834117,1
412400,249.86297157010995,0
412400,237.8426034257492,1
412400,221.8546835918938,0
412400,235.18280625524594,0
412500,240.05237589220096,0
412500,220.18618661581186,0
412500,231.00264538374688,1
412500,252.24299795343862,1
412500,214.36370233212492,0
412500,222.8869994378787,1
412600,222.33062210142415,1
412600,247.863940841113,1
412600,226.46277084326996,0
412700,209.5070091670754,0
412700,253.355379541955,0
413000,230.37013037187634,1
413000,244.63054695277427,0
413100,242.19660543315302,1
413100,256.0587955965776,1
413200,217.34936199592013,0
413300,240.86180273333628,0
413300,235.81954368633473,0
413400,225.13087117683156,1
413500,254.2976570496851,0
413600,226.41694434927146,1
413700,218.7135765705684,1
413800,228.3135727839067,1
413900,230.45140280933123,0
413900,247.52548892869783,0
414000,247.56411025396952,0
414000,231.93641099971157,1
414000,215.22657883244406,1
414100,229.1769126283565,0
414100,228.33750713585957,1
414200,237.85312615513575,0
414300,235.5059955718303,0
414300,243.01061978901078,1
414300,226.48271038887185,1
414400,226.2056528540835,1
414400,236.78796745273874,0
414500,227.20790055601213,0
414500,231.7389485042009,1
414500,266.3836141807477,0
414600,248.0888266239675,1
414600,222.55148740119571,1
414700,247.82660893902465,1
414800,269.20542626668833,1
414800,259.59344455109806,0
414800,257.51416337106457,0
414900,237.03499110305964,1
414900,253.15436089225832,0
415000,216.35658682869882,0
415000,243.6890099323613,0
415000,249.8622292164205,1
415100,228.61630932770663,1
415100,265.59091401047345,0
415100,218.55372512482109,1
415100,242.9627972665187,0
415200,204.01187020802294,1
415300,225.93892044574375,1
415400,215.15279111535128,1
415500,265.1381702268591,0
415600,288.0440462268278,1
415600,245.92785142937586,1
415600,258.31363688971743,0
415700,261.9085713228054,1
415700,206.1421246093193,1
415800,277.60300263300485,0
415800,219.3198641296781,0
415800,239.97305597263258,1
415800,256.8602684019518,0
415900,244.3477123854008,0
415900,240.10106847496365,0
416000,232.80452685438152,0
416000,254.88114641169884,1
416100,252.8547221921101,1
416100,274.03197062083257,1
416200,240.04977256533044,0
416400,299.7684566083482,0
416400,255.2690846910555,1
416500,251.03093163306238,0
416700,227.92121093315384,0
416800,232.47972033898725,0
416900,212.141228373473,0
416900,248.06794494164708,1
416900,207.31849841136622,0
416900,248.61654134581696,0
416900,227.46049446234366,1
417000,245.5257721391342,1
417000,233.96403518506463,0
417000,288.19969876543075,0
417100,234.82330979224088,1
417100,215.54228333481578,1
417100,207.62083282902245,0
417100,236.85631039683653,1
417200,226.89995710043,0
417200,142.91341135480707,1
417200,213.0689327011863,1
417200,245.22996209851672,1
417300,265.3424449126282,0
417300,235.4242325640223,1
417400,234.24778436512472,0
417400,276.047660617548,1
417400,239.33035851576,1
417400,246.4861174548862,0
417400,207.62381940174518,0
417400,241.12774644863134,1
417400,237.4460890112011,0
417600,212.8163243892235,1
417600,207.95437310169993,1
417700,261.2863470227696,1
417700,264.35734967882155,0
417800,224.9320978816243,1
417900,284.78150075224266,0
418000,217.44816609335672,1
418000,272.53344473203856,1
418000,252.07154858104553,1
418100,280.115725735952,0
418100,270.3748061587149,1
418200,225.70318283805983,0
418300,243.0089877643522,0
418300,291.3209235287544,0
418400,246.11000226259455,1
418500,301.8546619889319,0
418500,200.1637032992019,0
418600,128.09537449393474,0
418600,200.45634603111517,0
418700,220.57562545200582,1
418700,283.6994479215924,1
418900,262.3752793514253,1
418900,229.5425624590268,0
419000,237.35182289166013,0
419000,213.1053867130743,0
419000,216.95439785482338,1
419100,272.3685146278052,1
419100,228.79666724043534,1
419200,265.9373245936954,0
419300,237.60641300689085,0
419300,251.2954842699464,1
419300,243.5727978259594,1
419400,210.9969872190556,0
419400,230.19917805929845,0
419400,255.58567180849025,0
419500,220.10075761951873,0
419500,220.5508812542234,0
419600,217.21826050916684,0
419600,275.9622873435707,1
419600,256.1296470959567,1
419600,255.2399530934787,0
419600,209.02390860606184,1
419700,222.4957230959948,1
419700,232.56819859250882,1
419800,122.55555561332582,0
419900,204.95508835613654,1
419900,217.6024983778403,1
419900,241.08290650356133,0
420000,264.04890962506227,0
420000,255.04565546199876,0
420100,223.22493580960895,1
420100,244.73252095046465,1
420200,195.39459813546767,1
420200,200.919695846118,1
420400,263.86020638992466,1
420400,213.9099619158156,1
420400,252.1462565607555,0
420500,236.87250767809633,0
420500,220.8976236103865,0
420600,272.93238422011484,1
420600,264.6263784355317,0
420600,242.2338688421455,0
420700,219.63977774734687,0
420700,248.6003674287134,1
420800,225.67710402473222,1
420900,258.8104698787683,0
421000,235.95333034569344,1
421100,254.6376681950788,0
421100,264.3601948752438,0
421100,253.084908778087,1
421200,229.51047332723388,1
421400,206.72362882063467,1
421400,258.90107104061667,1
421400,221.24792334008293,0
421500,216.34888712355385,0
421500,232.1609832203656,1
421500,192.06176662588177,0
421500,248.1220712709862,0
421600,244.72793879065344,0
421800,226.526916813601,1
421800,243.18769229856827,1
421800,224.4390888635877,0
421900,213.0869393439596,1
421900,240.0786833046675,1
421900,220.0636042762402,1
422000,229.99043024560365,1
422100,258.21584354277957,1
422200,249.91762338653396,0
422200,232.80376487415373,1
422200,258.2514984766566,1
422200,229.83916357789985,1
422300,248.9985080691446,1
422300,245.2736588031183,0
422300,256.80995522358705,0
422300,234.35498994318797,1
422400,214.46541282817626,1
422400,244.16688613704366,1
422500,249.1164199409815,0
422500,209.41618835483536,1
422500,219.10808805637203,1
422700,267.29492754534994,0
422700,250.84573737142617,0
422800,254.15885690900018,0
422900,276.31418602253706,1
422900,270.1539749376112,0
422900,232.83801513119244,1
423000,266.081074501524,0
423100,264.4254296514936,1
423200,217.51502219860276,0
423200,236.7762083956133,0
423300,246.97826219309894,0
423300,191.81540909591112,1
423300,203.67867380976998,0
423400,205.34750700947924,0
423400,227.44590536700105,0
423400,255.52573795100184,0
423400,200.93663914162678,0
423400,264.73855432078454,1
423500,229.85146231985487,1
423600,256.7776567585179,0
423600,252.03936284760027,0
423800,250.30481494866874,1
423900,255.50393270210316,1
423900,280.4341291407863,0
424000,226.97427359677104,0
424000,226.0199992598008,1
424100,226.68245936317842,0
424100,237.16145634066075,0
424100,213.29079761808762,0
424200,273.2079650465102,0
424300,230.53051954733513,0
424300,208.52934216990724,1
424400,226.4820781727802,1
424400,121.69665358183485,0
424400,237.94518304617725,1
424600,239.82963404279653,0
424600,228.48846669108423,1
424700,244.88071412004282,1
424700,285.85566829368634,0
424700,217.23685059763508,0
424900,247.7282992464202,1
424900,258.08721199714256,1
425000,263.20866178461415,0
425000,278.0976773719799,0
425100,271.2995356655444,0
425100,233.12169416852078,1
425100,238.14569854650156,1
425100,238.6989071453638,0
425200,212.90109458501982,0
425200,247.0899917994068,0
425200,270.2285754547855,0
425200,236.57266291800224,1
425200,207.36664457556466,0
425200,215.73382746239957,1
425300,202.49047501374574,0
425400,218.72654547911523,0
425400,222.59728212344493,0
425400,234.8433420104092,0
425500,255.73994423316205,1
425500,277.6273719588481,0
425500,227.54762857396582,1
425600,160.5997488626136,0
425700,258.70894858428244,0
425700,224.5111113382635,0
425700,204.43560757179628,1
425800,259.8013955977162,1
425800,214.3905078248485,1
425800,237.64936867965312,1
425900,218.26373185502263,1
425900,222.0310949027666,1
425900,276.1253696951956,1
426100,217.16628684369613,0
426100,238.36850936475366,1
426300,245.00627388348937,0
426300,222.44505036618995,0
426400,229.22064528762513,1
426500,229.2165941179097,0
426500,212.00184412352607,0
426500,208.0814031041775,1
426600,230.48125016398873,0
426700,209.06650785927363,0
426700,252.2174836604996,0
426800,204.77426130403842,1
426900,259.6630401430262,1
426900,233.68335114126063,0
426900,219.6541696959355,0
427000,233.10818327799853,1
427000,216.8083856401981,1
427100,246.80684040368843,1
427300,245.30465158847062,1
427300,252.02857815001767,1
427300,210.69432649842264,1
427300,221.28871235258592,0
427400,238.8093794068618,1
427400,241.75047209035657,1
427500,241.87047512284593,0
427500,178.45962557622647,0
427600,196.4321452749282,0
427600,245.859622677038,0
427700,245.53696029668995,0
427800,221.73361138144628,1
427800,225.54328258021587,1
427800,270.91555147892643,1
427800,218.69619582144844,1
427900,242.73213437953385,0
428000,240.12878697675092,0
428100,243.14647175698371,0
428100,176.66208099523692,0
428200,279.76892205807746,0
428300,253.8731767928936,0
428300,290.05276107999043,1
428400,227.91402059207456,0
428500,196.91941541958514,0
428600,246.7721693674989,1
428600,237.57101344389034,1
428700,248.61586616542536,1
428700,239.9320711623955,0
428800,272.0679202023233,1
428800,252.8454071730096,0
428900,248.59446951780723,1
429000,232.89092213512748,1
429000,263.73095064117416,0
429000,211.81547141626532,1
429100,242.16184126455218,1
429100,235.19642832207862,0
429200,240.17360795754132,0
429200,278.9921642092613,1
429300,252.64509896016273,0
429300,228.84606132489958,1
429300,269.8261004625937,1
429300,257.76199515654343,0
429300,176.93908120917044,0
429500,252.79091723976916,1
429500,240.55971483130995,0
429500,184.8977357261396,0
429500,216.24732906719143,0
429700,231.3474394411063,1
429700,237.35729258190037,1
429700,214.79860657236347,1
429700,253.11708235441012,0
429700,246.807563525468,1
430000,223.50800939643068,0
430000,223.0592364378398,0
430000,249.75584267040182,1
430000,186.8598978260429,0
430100,214.8862888046817,1
430200,249.3620633421764,0
430200,218.17959478149527,0
430200,218.73620713623697,1
430300,272.0607311993011,1
430300,211.01848644726383,1
430300,214.3777915815393,0
430400,226.19824878037767,1
430400,244.62647495784043,1
430500,229.1605768551761,0
430500,248.22169601098074,1
430500,248.71365644329427,1
430600,279.0861836033532,1
430700,268.6469824908433,0
430700,237.61609518460625,1
430700,207.9497328199311,0
430700,226.29149286356557,0
430800,249.4272946744981,1
430800,229.48491498055225,1
430800,136.29093007300602,0
430800,231.39199051783245,0
431000,187.97269841475946,0
431100,245.68811455806784,0
431100,274.01719463063506,0
431100,216.53860193334629,1
431200,255.846532425545,1
431200,162.57604555134037,0
431200,135.620095095956,1
431300,127.75514733108442,1
431300,289.93788583076326,1
431300,133.90196002622528,0
431400,131.24052781275256,0
431400,120.49407276155269,0
431400,124.98662512876474,0
431400,186.33111103881816,0
431500,119.42735749873788,0
431500,200.5404976579371,1
431500,195.70220772375183,0
431500,319.7641970921094,0
431500,206.68418943424896,1
431500,243.45183710039325,0
431500,209.2058123695754,1
431600,116.67256819989565,0
431600,163.27064446354385,0
431600,268.99310652182453,0
431600,184.5226355740144,0
431600,230.72241114274328,0
431600,116.33745078199644,1
431600,243.42383076874899,0
431700,243.28552153154877,1
431700,126.7113015113197,1
431800,122.79379370675649,0
431800,286.05796707426424,1
431800,125.83489850927378,1
431900,117.96861634178077,1
431900,125.97016011146523,0
431900,123.50538502178367,1
431900,125.63328855924819,1
431900,260.3550830780669,1
431900,237.32012487769646,0
432000,246.70422526886304,1
432000,116.86491954886255,1
432000,113.6553939562191,1
432000,199.96876006416,1
432000,212.36884392159348,1
432100,121.57200676965005,1
432100,131.2562530277949,1
432100,192.9369699636597,1
432200,173.6027873810123,0
432200,123.22306858102313,0
432200,220.4532499928584,1
432200,232.34840126657204,0
432200,114.15230121056433,1
432200,128.94950975349423,1
432300,120.12999224864198,0
432400,115.4711887910859,0
432400,266.53618292037373,0
432400,302.89670348174764,1
432400,121.76343513522961,0
432400,116.38487799861774,0
432500,136.5008398356234,1
432500,117.26533091403827,0
432500,224.40351077010519,1
432500,128.5694017424526,0
432500,270.23323810606854,1
432600,293.0134958420938,1
432700,128.44990593747593,0
432700,130.37280964353639,0
432800,212.20423971266453,0
432800,264.64882352926355,0
432800,233.10512555965332,1
432800,117.0559338662514,0
432900,120.29250845701553,1
432900,122.48150741015252,0
432900,244.6192599287406,0
433000,117.24323370106691,1
433000,118.4375993901627,0
433000,124.91648553848911,0
433100,122.2273839765588,0
433100,120.0072218221706,0
433200,219.5289767562098,0
433200,253.43166137393712,0
433300,126.24024233874273,1
433400,271.6850104026558,0
433400,131.3283974485698,1
433400,129.01592207520477,0
433400,122.84095316437778,0
433400,122.15672615178204,0
433500,122.76668936660893,0
433500,114.0344414224522,0
433500,114.80899008126343,0
433700,115.30119565432621,1
433700,130.41242804108794,1
433700,125.49542206084173,1
433700,114.48878624382861,1
433700,300.19783884413897,1
433700,122.82802647125965,1
433700,128.2435378333059,1
434000,120.11378862965778,1
434000,113.41029245736568,0
434000,119.89829810365015,1
434000,181.6345673217384,0
434000,113.71816293955587,1
434000,119.90813419282959,0
434000,123.79943196412941,1
434000,123.39333801790153,1
434200,133.75269693663398,0
434200,124.77981443755662,1
434200,116.4038664145951,0
434300,114.02824656856015,1
434300,123.40495285442438,1
434300,122.55692178815238,1
434400,120.6142328250453,0
434400,123.282055267349,0
434400,130.61339671820326,1
434400,124.63097239846522,0
434400,126.01205612684838,0
434500,122.44705120450986,0
434500,122.55177377029561,0
434500,196.95417881489792,1
434500,125.95857838848205,0
434500,129.44470549595977,1
434500,126.21160065652369,0
434600,124.47839410959973,1
434600,123.25990313824532,0
434600,168.03666462852652,0
434600,122.89825218557745,0
434600,125.00158723709735,0
434700,119.62360701210584,1
434800,125.74925678772662,0
434800,135.846855689394,0
434800,114.77027712770592,1
434800,130.092933921666,0
434800,121.77062172608565,0
434800,122.25435771525564,1
434900,134.8196719393873,0
434900,133.81944996989964,0
434900,125.54339026721009,0
434900,127.24954600326876,1
435000,119.28345308901466,1
435000,206.901137242915,0
435000,129.27665117202991,0
435100,123.90875223384735,0
435100,110.94762822653973,1
435100,138.41218330861153,0
435100,129.07901580420665,0
435100,120.09052705467843,1
435200,131.85001740222907,0
435200,118.9424671808109,1
435300,120.56634742178494,0
435300,134.11742687211947,1
435300,135.73518035653254,1
435400,121.33086155130331,0
435400,128.08168879562302,0
435400,125.53575817966993,1
435400,124.94152304711426,1
435500,119.58775749354616,1
435500,137.79864453100504,0
435500,159.26566712071713,0
435500,122.37445701933547,0
435600,134.13089310537444,1
435600,140.8083696045424,0
435700,123.40922770366318,0
435700,162.43842908626124,0
435800,121.47128708011519,1
435900,205.83006040588424,0
436100,174.24258761878903,0
436200,139.06463547451102,0
436300,147.0837712316696,1
436400,202.291082964552,0
436500,133.49712870935383,0
436600,175.72846073582195,1
436600,187.85860073655294,1
436800,172.3304502472452,0
436800,130.78979831491452,0
437000,175.79162905100043,1
437100,187.1611436797394,0
437100,200.4566884987878,1
437300,191.00528037897993,1
437300,187.70081576809397,1
437400,204.93163675476742,0
437400,161.75135648273942,1
437500,156.1195546733906,0
437700,197.87516527510024,0
437700,231.6048797166133,1
437900,216.21553116048253,0
437900,194.94106526848412,1
438100,171.2216374434005,0
438100,192.1444132337309,0
438200,208.6271457559743,1
438200,192.20646652683735,1
438300,255.37513534499726,0
438300,174.33621591240097,0
438400,218.99898064223038,0
438500,214.1176741956333,0
438500,242.7983530381244,0
438500,159.84082915688427,0
438600,230.34534668461845,1
438600,248.96691438521304,0
438700,245.47145306365502,0
438700,210.60425101655082,0
438700,258.28582711393534,1
438800,179.23621291799714,0
438800,205.81082794234965,1
438900,185.27040227817093,1
438900,215.77163330054023,1
438900,234.04762897216304,1
438900,214.63180831678673,1
438900,263.2751803140492,0
438900,251.98835359921614,1
438900,196.21072098080674,0
438900,250.23189166010738,0
439000,225.87207449049876,1
439000,169.1532940655407,1
439000,213.46271874938847,0
439100,200.67678690750503,1
439100,214.64472742219354,1
439100,225.29518319875896,1
439100,200.87452247141687,1
439100,215.90432811859418,1
439100,192.93446503824785,1
439100,188.88417968088146,0
439100,245.71496266441616,0
439100,224.17044907758773,1
439200,243.61952641232682,0
439200,191.7515359730001,1
439200,206.39597132379708,1
439200,278.5120743415139,0
439300,256.23122312557916,1
439300,183.64634011721196,1
439400,225.52010003291653,0
439400,213.77983226023537,0
439400,183.04464063214178,0
439500,215.75862626402977,1
439500,191.0951549254396,1
439500,242.36856046543755,1
439500,254.56434857760902,1
439500,222.88986572982594,1
439500,222.00958306816705,0
439600,244.7450517468597,1
439600,189.62229426499806,0
439600,182.928862179093,0
439600,256.39595781984116,0
439600,216.6880679378146,0
439700,279.19831994104203,1
439700,207.13178499766684,0
439800,245.7686230456857,1
439800,224.51224995105605,0
439800,260.8367273647996,0
439800,253.79865340779585,0
439900,208.08078072238376,0
440000,201.21741216023537,0
440000,253.1350555298636,0
440200,274.8691601941051,0
440200,261.1165873582426,0
440200,221.99726590396494,0
440300,231.42970278532772,0
440300,241.25386235748047,1
440400,172.94632009624326,1
440400,227.11631833087412,1
440400,182.47979517909286,0
440400,192.42468988043234,1
440500,267.08453535496835,0
440500,244.5237053255672,0
440500,254.74224909633364,1
440600,172.53920711781126,0
440600,174.3048539955495,0
440800,195.2379047528512,1
441000,221.0559995188938,0
441100,261.7114215644262,1
441100,241.1442745223417,0
441300,306.5425949951796,0
441400,202.8616261531846,0
441500,205.6540914104274,0
441600,292.4682393545681,1
441600,277.6046229825182,1
441600,196.950556944686,0
441700,183.4232515537924,0
441800,127.49249837381363,0
441800,125.26953617462303,0
441800,211.48893574805527,0
441800,134.02914267362186,0
441800,139.80136372254833,1
441800,123.37852493896997,0
441900,345.12915591774674,1
442000,142.60158070202428,1
442100,176.81245523544345,1
442100,162.06394213883755,1
442100,168.51847048224798,1
442100,247.66133139222345,1
442200,144.4722384151919,0
442300,129.02886906024264,1
442300,137.792712316766,0
442400,116.87537830298555,1
442400,156.99607790587908,0
442400,254.82087936301144,1
442500,161.31643846354896,1
442500,158.84455710685302,0
442500,150.28154284284824,1
442500,242.23744085734972,0
442500,184.24794323023164,1
442500,203.81392829237348,1
442700,164.5264735771293,1
442700,262.3016951459465,1
442700,166.58712914500146,1
442700,167.12062926578048,1
442800,159.40758898875922,1
442800,157.54085957855384,1
442800,222.771698253943,0
442900,149.7826038902455,0
442900,254.62595902233275,1
442900,179.25221453583427,1
442900,176.4356884854543,1
442900,239.7681893134042,1
442900,173.59961294233736,0
442900,156.40593625455946,0
443000,250.25347775089907,0
443000,212.84924469217069,0
443000,181.3045882192679,0
443000,157.08889491313394,0
443000,147.75882998694328,1
443100,160.8308530482644,0
443100,106.55934727822151,0
443100,167.06730373558014,1
443100,178.7667598977048,0
443100,176.59884616728078,1
443200,225.5079891549149,1
443200,195.15652787342285,0
443200,206.8000411443257,1
443200,159.06952378589466,1
443200,240.0986939489858,1
443200,164.5939889083158,0
443300,258.7671984061715,0
443300,129.9631247846459,1
443300,208.6463170269948,0
443300,196.91537217482568,0
443300,155.3978190371707,0
443400,210.61432828826526,1
443500,185.52362080067277,0
443500,202.47460845036196,1
443700,163.5744585370497,1
443700,173.08930710055526,1
443700,179.60543147680974,0
443700,178.63076519167439,0
443700,282.08913828045416,1
443800,146.17203758625791,0
443800,186.21707048079958,1
443900,206.0165898714806,1
443900,253.54469238203748,0
443900,150.16128103933028,1
444000,166.90314753252224,1
444000,207.66497300074064,0
444000,151.23807467365464,0
444100,178.78732994839908,1
444200,164.1698653666023,1
444200,173.3163805038303,1
444300,124.48155656514724,0
444400,162.85189255544478,0
444400,292.3014703971095,0
444400,222.09514409414194,1
444500,112.6014327542357,0
444600,202.18894230433713,1
444600,155.7847997887006,1
444600,221.95203534581782,1
444600,199.70939863359024,1
444600,248.77556702960607,1
444700,120.1482820326006,1
444700,213.10772191817398,1
444800,247.12747688632408,0
444800,212.7649686036552,0
445000,148.29554700444822,0
445000,186.00459555671296,0
445000,123.41845699378993,0
445000,152.36297128619609,1
445400,152.12052557487013,1
445400,160.13828745720096,0
445400,257.51906736437525,0
445400,288.6455346667462,0
445400,163.76374662273008,1
445400,136.51003415877108,0
445500,171.80390715933783,1
445600,133.36895042997236,0
445600,205.8015336515694,1
445800,121.68959448494857,1
445800,117.23870644207784,0
445800,119.89800501647554,0
445800,145.5163694817094,1
445800,124.71328441577099,0
445900,172.3718471704372,1
446000,146.5111772004402,0
446000,144.35134926573633,0
446000,159.8308490115476,1
446100,182.1235834699271,1
446200,176.83227998848278,1
446200,142.6976294727451,1
446200,193.48310394591678,1
446300,203.01024506752915,1
446400,259.57346839480107,0
446400,182.71591443332656,0
446400,217.09516725029638,1
446400,231.64874715760254,1
446600,246.49297327713063,0
446600,154.67944560658256,1
446800,241.663044931269,0
447100,195.94597668435816,1
447100,236.69637119710316,1
447500,216.58317817710733,1
447600,224.64894932240054,0
447600,252.25853014749222,0
447700,260.9667267948717,1
447800,249.24546191651834,0
447900,244.54619650454032,1
448000,259.7708462970468,0
448100,232.12331204881937,1
448100,261.855688367957,0
448100,262.70323637583743,1
448200,280.74364475449454,0
448200,285.7823834843664,1
448200,193.47374707407266,1
448200,247.06141109197674,1
448400,247.07969832758886,1
448400,271.2680728823552,1
448400,264.34728888919136,0
448400,296.06781768727245,0
448500,259.6464834249593,0
448500,263.3559840870825,0
448500,214.13240179382854,1
448500,272.0251052445189,1
448500,258.6891613641031,1
448500,246.87035919390607,0
448500,264.54093759738055,1
448500,260.0530225348863,1
448600,264.701644517654,0
448600,282.09747459691147,1
448600,265.72978282638934,0
448600,231.44018221919018,0
448600,244.93540372246363,1
448600,262.07338174637164,1
448700,269.0398949886868,1
448700,238.76253394387518,1
448800,238.022115491553,1
448900,235.4040673146412,0
448900,265.29430899406594,0
449000,278.8875532807525,0
449000,282.2498171988769,1
449000,260.45978272079674,1
449000,232.04710756800475,0
449000,261.01166739319643,0
449100,282.5275923486793,0
449100,138.00026726485967,1
449200,268.84205378553725,1
449200,262.97235790138365,0
449400,267.4666345515378,0
449500,242.8766515957277,1
449500,232.91482192293714,0
449600,267.35348937677844,1
449700,254.96102222960775,1
449700,283.06519124099907,0
449800,263.9002083869155,1
449800,245.9867682574379,0
449800,246.62884767705705,0
449800,244.49830700401358,0
449800,291.6557185953539,1
450000,259.12745279652097,0
450100,262.1649889959976,1
450100,249.54024418019958,0
450100,268.16520232201344,0
450100,259.51192258408975,1
450100,283.3644031113652,0
450200,291.5746888357363,0
450300,178.26947948789126,0
450400,293.1616960420725,1
450500,249.6724428012858,1
450600,272.2504007782613,0
450600,272.3014151513958,0
450600,285.72875568193376,0
450700,282.9374933682849,0
450800,264.55121642946654,1
450900,270.1129902338784,1
451000,276.3093850778096,1
451000,250.24776215104578,1
451100,262.2375657327293,0
451100,269.41175404615575,0
451200,262.1142876408037,0
451200,277.46760242165846,1
451200,243.12882348088385,1
451300,289.9840267833419,0
451300,255.52561238027258,0
451300,297.44260309993035,0
451400,276.46540946046514,0
451500,304.8794228283835,1
451600,289.5079331062624,0
451600,144.86927354418137,1
451600,275.27398393379633,0
451600,271.8241205266767,1
451700,245.38982333232343,0
451700,297.9471119323527,0
451700,282.3264781724903,1
451700,260.1878816145733,1
451800,263.6906560458414,1
451800,280.3297190969837,1
451900,259.5305875841644,0
451900,272.38570366028864,1
452000,278.9038616267122,0
452300,246.20226384358668,0
452400,253.0398884300442,1
452400,279.8505366746686,0
452700,189.12684694098883,0
452900,200.44188277758408,1
453000,207.98472559211092,1
453000,215.12452644032334,0
453200,276.09066422538325,0
453400,276.64036420705185,1
453400,293.89969025865133,0
453500,227.26637050611615,1
453600,292.3173528352359,1
453700,290.2219468200128,1
453700,251.03794649153735,0
453700,289.1962136794877,0
453700,253.78219736455858,0
453700,271.344922026438,0
453800,284.6208303844374,0
453800,260.54995889989334,1
453900,260.7665592982057,0
453900,263.0828893570654,0
454000,281.93797178374,1
454000,263.0129698971539,0
454000,247.7379076231282,0
454000,275.94108925878504,0
454000,290.8188870665216,1
454100,265.888995962534,0
454100,301.74539005744646,1
454100,280.01367153778455,0
454200,282.09148511785605,0
454200,185.7085460767721,0
454300,285.03082917453884,0
454300,293.11051546041824,1
454400,270.61748952623805,1
454400,308.1004931804994,0
454400,275.7964940061031,1
454400,267.01435885659754,1
454500,310.9537939871047,1
454600,283.08975079070416,0
454600,300.3759091972333,1
454600,301.6240883154873,1
454700,255.82421329238912,1
454700,272.9018770055704,0
454700,277.8360736984494,0
454700,183.9889609353785,0
454800,279.5945514785916,1
454900,244.67483000741487,1
454900,285.10446292438326,1
455000,254.9541000729818,0
455100,289.97191997315593,1
455100,308.3699138135058,1
455100,258.25892879244685,0
455100,302.8062787303601,1
455100,233.99048041025688,1
455200,308.77634319831606,0
455200,284.8572021215887,0
455200,259.21694989050513,0
455300,260.0854553008648,1
455300,281.0182598183367,1
455400,266.49386328644397,0
455600,260.7317340649984,1
455700,274.5820248174219,1
455800,303.7831753328027,0
455800,247.62340850354659,0
455900,291.91129421077204,1
455900,277.254870189021,0
455900,254.62107481802167,1
455900,229.8457648588841,0
455900,270.2449310156872,1
456000,254.67671294507272,0
456200,283.637320072493,0
456200,251.65599920237733,1
456200,261.77271764998557,0
456200,332.73964227184547,0
456200,258.11251672747653,0
456300,303.32609733152884,0
456300,245.78158140450358,1
456500,265.3548495909827,1
456500,256.28785874931793,0
456600,242.48524899824406,0
456600,241.82646144497022,0
456600,236.47730341987256,1
456700,262.97843417194804,1
456800,272.7774821383975,0
456900,252.1354881016801,1
456900,309.77927266034055,0
456900,256.5100219178616,0
456900,282.01880449750473,0
457000,257.2843614006863,1
457000,274.22356355027836,0
457100,257.53394410965865,1
457100,254.45192438432187,0
457100,251.2430121104495,0
457200,286.4201039051153,0
457300,278.71310718563086,1
457300,252.43495410119058,0
457300,266.57290503023654,0
457300,233.99411560506258,1
457500,312.16827679548345,1
457500,247.9263982970431,0
457600,271.23406896192034,0
457900,264.62765359691764,1
457900,302.54958423711076,1
458400,227.40051309147424,0
458500,270.9560224310975,0
458500,282.0990686100503,0
458500,265.08485727571264,0
458600,232.04433243087894,0
458600,271.1143968073774,0
458800,218.9999387239884,0
458800,258.76110839605576,1
458900,228.28756763363538,1
458900,250.43871880781168,0
458900,280.7556053144472,1
458900,240.12922296333397,0
459000,196.62172668788304,1
459000,247.40527869629338,0
459100,252.66646685810758,0
459100,260.98698083588374,0
459300,290.3709119105709,0
459300,274.1652685892522,1
459300,257.7763586456267,0
459400,243.98117443384172,0
459400,255.86050175147156,0
459500,235.10923508644942,1
459500,231.8338945674479,0
459600,273.95802575182813,0
459600,272.9396418680115,1
459600,256.7105858051911,0
459600,264.9171564751852,1
459700,241.45522175164135,0
459700,255.1716816635211,0
459700,247.92748065873644,0
459800,314.8734162782494,0
459800,266.4063535093422,1
459900,296.81039438158786,0
459900,294.7568787591558,1
459900,308.3105648041666,1
459900,280.0841165038478,0
459900,255.1783076155899,0
459900,297.6981777115367,1
460000,245.60158193074315,1
460000,249.3820730499271,0
460100,239.1883439752297,1
460100,282.3456408662721,0
460200,264.8488974924035,1
460200,230.42764695353048,0
460200,285.154976719369,1
460300,250.5141593043232,0
460300,274.1731522995456,0
460400,258.5506997526109,1
460400,271.1020120260429,0
460400,256.2075759769289,1
460500,218.59580811066297,1
460500,219.7139725667994,1
460600,272.28456628054664,1
460600,262.60247078130897,1
460700,234.8261036481142,1
460700,260.4481965516624,0
460700,277.39050397522016,0
461000,262.6469828262572,0
461000,285.8916321493421,0
461000,260.28805269794765,1
461000,279.5790387151122,0
461000,233.26863886422802,1
461100,291.87802398355757,1
461200,255.21472465585367,1
461200,264.32235348622646,0
461200,255.81244739289463,1
461400,266.43311102349367,0
461500,241.8826068043994,1
461600,259.6174112887321,0
461600,262.07983123800255,0
461700,229.9622048373014,0
461700,280.71589942378637,0
461700,267.3748036872487,1
461900,250.08210998895993,0
461900,216.46698257878762,1
461900,259.7227892709104,0
461900,284.210669285067,0
461900,218.9975610233499,1
462000,278.1726355409052,0
462200,283.5037379774623,0
462200,299.41936729173875,0
462300,253.79976336456406,1
462300,243.76473831598156,0
462400,270.45387089147727,1
462400,246.46676707001134,0
462500,295.4522625311733,1
462500,279.2222902975562,1
462500,286.1675428307625,0
462600,285.6890318221927,0
462600,239.91298990331407,0
462600,271.6576511878861,0
462700,194.18032702725972,0
462700,282.4371429375333,0
462700,252.59913968946185,0
462800,282.62993995494776,1
462800,274.31471030390423,1
463100,308.2186807306466,1
463200,261.3171740197248,0
463200,206.76411522471184,0
463300,258.0081940817434,1
463500,236.59568470898083,0
463500,305.9314544785096,0
463600,305.5972812361026,1
463700,234.85755729682853,1
463700,259.00772215820564,1
463800,257.30646761622086,1
463800,259.62170191481056,1
463800,228.44191359240696,1
463800,267.92800173877214,0
463900,228.3760783107838,1
463900,241.9101950342014,1
463900,221.6178119047116,1
463900,221.34518212669266,0
464000,248.48407370002175,0
464000,241.30422701911903,0
464100,170.97412414053926,0
464100,256.7216166708635,0
464200,235.6314813538643,0
464200,223.79635218397576,1
464300,227.4976118379818,0
464300,226.2986304877573,1
464300,232.0708556427153,1
464500,199.33200892642174,0
464600,237.47218239861448,1
464600,234.9817778070271,0
464600,274.975364736903,1
464700,256.46496032867924,0
464700,281.6209915105972,1
464800,239.3448872026754,1
464800,246.0146763422279,0
464900,256.87254562092363,0
464900,248.36415685100752,0
465100,256.9223602672203,0
465200,280.28649795514514,1
465200,240.96368116505886,1
465200,279.6236239861876,0
465300,263.7898150729374,1
465400,236.46202252987632,0
465500,279.6350985575171,1
465600,286.7812780221146,0
465600,282.1612584434069,1
465700,190.27967150252698,1
465700,259.08680573878394,1
465700,255.6072281746792,0
465700,279.01098150829733,1
465800,289.2956783391423,0
465800,232.51255160557383,1
465800,253.47426901604845,0
465800,278.26729567536887,0
465900,264.9942225526127,0
466000,292.7703780387846,1
466000,279.7073216514766,1
466100,290.4913054483751,0
466200,257.268515088586,1
466200,319.98241517098666,0
466300,292.79631759364935,0
466300,282.2323433730493,1
466400,271.8052132319058,1
466400,326.9355880363682,1
466600,292.87514413418114,1
466700,275.7931921441728,0
466700,300.8190332123035,1
466900,258.3337757681819,1
467000,250.43636512440602,1
467000,153.8577706723802,0
467000,294.8235758377698,1
467000,294.99723442900785,1
467100,267.06737895160467,1
467100,284.6843300219094,1
467200,270.1162774287141,0
467300,266.775497903124,1
467300,321.2126960547297,0
467300,323.3063696824739,0
467300,308.3827056603983,1
467400,293.64754203573983,0
467500,272.4379717479066,0
467600,169.2635522779212,1
467700,291.2848431500617,0
467800,181.4172751248788,0
467800,277.9718846411651,0
467900,314.54241387648267,0
468100,314.6262629276485,0
468100,311.9096927600734,0
468100,278.3708367312069,1
468100,257.30876308801834,1
468100,180.19755769704494,0
468200,302.24414233013283,1
468200,272.28132382658777,1
468300,273.08414617707086,0
468300,187.4175620336509,0
468400,303.09926572327714,0
468500,309.8356056897493,0
468500,315.75535925641316,1
468500,304.57298291027064,1
468600,298.72061640039493,1
468600,271.63564104671923,0
468600,300.9133931558872,0
468600,300.68197632704386,1
468700,313.9711314420646,1
468800,301.2107394207637,0
468800,153.29462955442318,0
468800,327.1806037782586,1
468800,144.6492087562694,0
468800,281.6998968360293,0
469000,229.3573393263335,1
469000,140.88339335515374,0
469000,254.37967942817642,0
469100,281.1180963603264,1
469100,286.8361238400274,1
469200,257.7799301900852,1
469200,305.58722695795086,1
469200,271.2775508387201,1
469300,232.59105920362242,1
469300,266.82001790148956,0
469300,254.4112241113436,0
469400,192.64854601430852,1
469400,233.29040522182342,1
469400,225.70598285889517,1
469400,331.9816690613738,0
469500,285.81018499826854,1
469500,241.14726035526098,1
469500,271.2103964035506,0
469500,273.21137334494955,0
469600,262.6274573491719,0
469700,106.52900538493802,0
469700,297.1682800431491,1
469700,317.4622512149593,0
469700,270.84706377006074,1
469700,245.33665050305743,1
469800,294.31135050743785,1
469800,243.98244904578036,1
469800,255.5103003183221,1
469900,251.4003328543491,1
470000,132.47956559770506,1
470100,319.4084788392055,0
470200,174.20363238552778,0
470200,321.28078212059677,0
470200,249.52936155562838,1
470300,267.9559488645479,1
470400,274.0720994685399,1
470400,256.1176575503034,0
470500,233.49949453406532,0
470600,238.529274857019,0
470700,242.16441958124395,1
470700,237.12218912388036,0
470800,260.72873764643316,1
470800,248.20461997108256,0
470900,289.99067317997196,1
471000,246.73710490387845,1
471000,266.7506988397294,1
471000,126.58460608567722,0
471100,266.07626964101075,1
471100,266.5201440122928,0
471100,189.79971478580896,1
471200,255.26963490852728,0
471300,168.67435806938457,1
471400,316.5201959692959,1
471500,143.0396451160773,0
471600,263.0778192425046,0
471700,249.27786810615154,1
471800,278.5379587239642,1
471800,268.08912288800764,1
471900,281.4904338423526,0
471900,286.45536505065803,0
472000,116.93450519271231,0
472000,302.98087585004737,1
472200,163.5705152148234,1
472200,271.3851760200029,0
472300,262.90567408045536,0
472300,243.84629692319308,0
472300,302.1588983323849,1
472400,248.70997809216018,0
472400,222.35686980547231,1
472400,268.9870399915844,0
472400,238.15522014270388,1
472500,222.97399975121357,1
472600,283.64286337768925,1
472600,208.83493005756787,0
472600,154.47896153243386,0
472600,260.3538754231759,0
472600,153.66575762675458,1
472700,170.9839028158865,0
472700,284.0791190990749,0
472700,137.39330808604808,0
472800,225.03761363305114,0
472800,204.51809561029046,1
472800,179.01978314808477,1
472800,276.740321246853,0
472800,193.99888981756146,0
472800,302.8320467973363,0
472900,166.35267898893,0
473000,271.5893124186059,0
473000,170.82662572395654,1
473100,165.3830340550923,0
473200,297.50924826616995,1
473200,133.34588161962574,0
473300,217.29995629244195,0
473300,212.98163130745337,0
473300,279.392830128189,0
473300,143.8786190249163,0
473300,175.75776043902013,0
473500,242.500837617333,1
473500,263.9694569817058,1
473500,263.8517168117329,1
473600,265.3952489115139,1
473600,206.92264695094642,1
473600,284.24005624019253,0
473700,258.2853841676956,0
473700,202.35755733204525,1
473700,221.92536195057974,0
473700,269.47668301255106,0
473700,161.762408177408,1
473800,284.2523398027367,1
473800,138.84583791709912,0
473800,208.53816438911548,0
473900,249.7376447641103,0
474000,218.96038856422902,1
474000,162.28939606857986,0
474000,205.88049751267326,1
474000,270.26828324693287,0
474100,137.33709793741394,0
474100,274.72866562485734,0
474200,214.38204333487394,0
474200,191.48205711567073,1
474200,118.200019888469,0
474300,263.64290471442456,0
474300,293.9218480418271,1
474300,279.1361605562077,0
474300,276.9014924191696,1
474300,165.2550072955205,1
474400,225.4382441841365,1
474400,263.41918162173056,1
474400,229.09182353550605,0
474500,151.34654333274065,0
474500,253.57016759457068,1
474500,245.81520106210755,1
474500,293.74756183541217,1
474600,240.72350804308743,0
474600,235.7404029398241,1
474600,231.9640455437942,1
474800,247.5308824914571,0
474800,158.8102965841953,1
474800,173.97896142246452,0
474800,190.83275045768264,1
475000,277.85948008800045,1
475000,250.53903695472965,0
475000,266.57506696364476,1
475100,157.57283949411314,1
475100,193.49335716076274,1
475400,113.50417909238385,0
475400,242.21315286395904,1
475400,231.45763143748894,1
475500,252.8409010573011,1
475800,243.74867831439857,0
475800,265.6226419311479,0
475900,245.02422425772394,1
475900,218.08221997064226,1
476100,197.54072567025207,0
476100,254.73277974768223,0
476100,241.85154429444592,1
476200,183.48603058621475,1
476300,167.14939490486947,0
476400,217.57060803280947,1
476400,266.0373765458348,1
476500,233.83473248218712,1
476500,222.48221411556406,1
476500,229.53754831897018,1
476700,237.84418797826962,1
476800,177.1856232980049,0
477000,212.45441045661286,1
477200,201.09895166853778,1
477300,228.26676718291722,0
477300,215.37669202591098,0
477500,261.8102332914714,0
477500,238.1167992747341,0
477500,281.931154280492,1
477600,252.81438632629522,1
477700,248.0419390985224,1
477900,282.1399955027605,0
477900,280.2458930289954,0
477900,285.60490562448757,0
478000,290.1107129446841,0
478000,259.65310593301496,1
478000,233.68016484793796,1
478100,259.9573050080132,1
478200,271.6365000389866,1
478200,286.5817566144406,0
478200,287.1249191118137,1
478200,275.8193404475283,0
478200,242.46527105939361,0
478200,252.08131544723278,1
478200,277.2469344864901,0
478300,287.6110730694272,1
478600,269.37122408199093,0
478600,244.82162894352783,1
478600,291.49564232370057,0
478600,270.9069353759247,0
478600,232.36500610844124,0
478700,255.34660110474113,1
478700,237.32180155963144,1
478700,264.0171211445765,1
478800,274.53292233931154,0
478900,232.538447872611,1
478900,252.56268890017145,1
478900,246.25804660118052,0
478900,243.59460083968148,0
479000,265.9007363546759,1
479000,314.4564630687965,1
479000,241.40862007988554,1
479100,263.631289824439,1
479100,312.29519481438524,0
479300,241.30238814643923,1
479300,282.0598692267517,0
479300,303.04243903969325,0
479300,250.72929315029995,1
479400,240.19947826675534,1
479400,290.40424937996323,1
479400,291.05887481762596,0
479400,264.03361830918357,1
479400,227.65391787781343,0
479500,244.46474189658505,0
479500,292.5835887895129,0
479500,249.80562562868923,0
479500,276.83071513270517,1
479500,306.274934446389,1
479600,255.41105057637918,1
479600,257.3355222300535,0
479600,225.0297793308428,0
479700,264.6340637854089,1
479800,263.14182158082855,1
479800,314.82800605108594,1
479800,256.4593280138286,0
479900,286.3286787413203,1
479900,289.6371046501786,0
479900,286.8043109187193,1
479900,293.4262285858652,0
480000,282.14887903182387,0
480000,297.3964815870032,1
480200,275.8248112436389,1
480200,287.9104555641016,0
480200,297.6098597219781,0
480300,279.3981378511988,1
480300,271.42964030130685,1
480500,275.35866450941876,0
480500,269.05314069906206,0
480500,305.46432211791944,0
480600,276.65212980605617,1
480700,304.72171344549514,0
480800,271.7278278900491,1
480900,299.7133770108001,1
481100,255.59611017247843,0
481200,291.79857791702045,0
481200,245.33345391121924,1
481300,240.77276564712275,1
481300,297.55420797417275,1
481400,285.2381104524864,1
481500,273.6406817310281,0
481700,287.2549255384266,0
481700,326.27351764688945,0
481800,185.44883302450478,1
482000,282.8912528147674,0
482000,318.33854699605394,0
482000,303.3449236120876,1
482000,294.6061810643354,0
482000,292.7673360407676,0
482300,289.21232375049766,1
482400,156.85024592109687,1
482500,305.5228689920185,0
482500,290.42312850416357,1
482500,203.2119754632852,0
482700,317.25995117625996,0
482700,188.22532654438206,0
482800,285.87221771232146,1
482800,306.8358872309103,1
482900,246.46182333714705,1
482900,281.34337634092674,1
482900,282.44275219458547,1
483000,280.39378103400463,0
483200,286.01692440988836,0
483200,247.82279810606965,1
483300,247.30912830872603,1
483300,320.9127827199714,0
483300,295.54179956495847,1
483500,295.4754190055276,0
483600,284.0275500103436,0
483600,272.9358191782958,1
483700,270.416318940802,0
483700,156.44000719193264,1
483700,284.308536653461,1
483700,268.3900345041987,1
483800,282.6963809742589,0
483800,292.0896910393374,0
483900,210.12758822587165,0
483900,307.95390532692693,1
483900,303.2956274437441,1
483900,326.26272175414147,1
484000,272.09452240200596,1
484000,255.69451907595186,1
484000,295.01961337663477,1
484300,287.0725806281292,1
484300,278.2595845921287,0
484300,289.18647502486107,0
484400,294.4184843943083,0
484400,183.3694956957067,1
484400,290.34951280455493,1
484500,277.85271848147545,0
484500,286.4620856418863,1
484500,203.31601140741844,0
484600,291.14827772210145,1
484600,295.01889050310325,1
484700,263.15687361359994,1
484700,311.69418747566226,1
484700,280.8068455227823,0
484800,283.24359322940273,0
484800,181.60134763534867,0
485000,283.6683211217699,1
485000,301.2213967238549,1
485000,248.7082165718575,0
485000,307.946212925861,1
485100,315.00805329137097,1
485100,296.89549717533873,0
485100,289.43970400020436,0
485200,288.6788476434796,0
485200,293.9817242520833,1
485200,305.32297995128926,0
485200,294.7778628580076,1
485300,274.67909094237615,1
485400,312.8706942334219,1
485400,301.36933394840844,0
485500,278.425783940424,0
485600,313.11693738343195,0
485600,316.47912092641536,0
485600,296.75202123663206,1
485600,307.97476487277515,0
485600,315.33097705586505,0
485600,306.1723480458996,0
485700,313.3532681859192,0
485700,208.6501778394043,1
485700,290.4394163635067,1
485800,311.6254506818417,0
485900,283.282776547058,0
485900,263.2886658649184,1
485900,277.48643709906406,1
486100,242.0041314798433,1
486300,320.87801738452174,0
486300,327.93051075570384,1
486300,320.26238625688967,0
486600,316.2457925355478,1
486600,303.53486583784417,1
486800,299.9419907656227,0
486900,272.7976431256223,0
487000,296.96964016244453,1
487000,316.24021892826283,0
487000,245.5489633520211,0
487100,304.0670629248103,1
487200,334.6707292135414,1
487400,281.3234142422453,0
487500,299.1301655899965,1
487500,308.0672352249745,0
487700,303.82379453578176,0
487800,159.24908494609718,0
487800,301.0779928273819,0
488000,306.65522761830044,1
488000,300.10074168888326,0
488200,289.3996987681556,1
488200,283.1146648705898,1
488300,264.0171214665096,1
488300,319.6386536956907,0
488500,295.95609371894176,1
488700,317.68428352940833,1
488700,272.04167113542826,1
488700,306.15332445597386,0
488800,297.31868042307605,1
488800,303.60847585995356,1
488800,297.0412515193729,1
488900,349.6877354426585,0
489000,286.93917540755035,0
489000,282.92815486507055,1
489000,325.48042136027334,0
489100,316.7618486570983,0
489300,276.1040522531391,0
489300,342.37877402572775,0
489400,326.80826997278984,0
489400,308.6565070744556,0
489600,239.33192785464445,1
489600,276.6993837309116,0
489700,327.2378863061917,1
489800,322.6837373563379,0
489900,335.1451689561947,0
489900,307.8618243062917,1
490000,313.29959112098965,1
490000,312.9957704535833,1
490100,316.13960672272043,1
490100,327.4671174015834,1
490200,335.4828559966473,0
490200,328.7789965952288,0
490200,272.5588120524832,1
490300,324.67752165800346,1
490300,284.4580796158493,0
490300,304.2457600580547,0
490400,333.4889594187252,0
490500,309.89333385236796,0
490500,328.83414838387404,1
490500,301.5704718430245,1
490600,298.74252784467103,0
490700,342.1564703894081,1
490700,288.07490107293887,0
490700,286.55279872938235,0
490700,291.4526962395423,1
490800,361.76485217779276,0
490800,290.58317897705393,1
490800,283.1709731409771,1
490800,318.6495970588279,1
490800,315.24047105448886,1
490900,261.7923475405763,0
491000,272.4370241975728,1
491000,270.49088399736627,1
491100,348.0109426617418,1
491100,296.5236851654938,1
491200,307.81493785567505,0
491200,294.4663227360384,1
491200,319.5064806774774,0
491200,306.5221174267643,0
491200,320.639571259687,1
491300,300.1668044589321,1
491300,334.72004291603986,1
491400,316.12915943787124,0
491400,291.1236053649332,1
491400,288.54982394182565,1
491400,300.808225748718,0
491500,324.0560446676745,1
491500,264.95442829537905,0
491600,366.011666224579,1
491600,280.2591508217582,0
491700,357.3234822674709,1
491700,302.28892715076245,0
491800,299.18131578912596,0
491800,308.98253004081613,0
491900,300.8176144312685,0
491900,350.72850386054836,0
491900,323.7909520531321,1
492100,294.09990436523384,0
492100,335.1277610533849,0
492100,286.4254155749551,0
492200,255.71626742375125,1
492200,255.55059644845028,0
492300,323.6955060785873,0
492400,344.6604108365199,0
492400,288.9008721615921,1
492500,312.60284262307215,0
492500,286.47340603304013,1
492800,262.8652499168939,0
492800,311.6882046819989,0
492800,277.942853877508,0
492800,285.907004438558,1
492900,292.2704924917199,0
493400,215.86907846543585,1
493400,324.83306520456813,0
493500,213.2446237258468,1
493500,263.01428408267134,1
493600,304.56884571161305,1
493800,249.47904697229342,0
493900,264.2168538891421,1
493900,239.79899210030285,1
493900,291.0247631897511,1
494000,297.0154098640391,1
494000,238.9384167810494,1
494000,307.67723577065993,0
494000,305.6491439452698,1
494100,318.6623200244326,0
494100,331.4851817458734,1
494100,292.6743442857409,1
494100,265.8900293679236,1
494200,342.5525499242915,1
494200,261.1240683900755,1
494300,243.6754330224188,0
494300,203.19904227605136,0
494400,271.24290022099785,0
494500,295.17217904066433,0
494600,228.6580994138636,1
494600,252.46635946303698,1
494600,222.07462357208342,1
494700,211.97406576662124,0
494700,289.89480108353143,0
494700,244.6242338572542,0
494700,232.25064156806562,0
494700,246.77130403267307,0
494800,262.5066598411044,0
494900,228.9242544977923,0
495000,225.22143403709578,1
495100,261.4415135511863,0
495100,200.13695541298097,0
495100,345.21446397755693,1
495200,222.64453495108654,1
495200,261.40606996903176,0
495200,297.488958591978,0
495300,316.8341202474631,1
495300,250.17168767392047,1
495300,248.74593569169846,0
495300,254.3280295461321,0
495400,230.58612155652295,0
495400,214.9782434428869,1
495400,218.42050792319327,1
495500,241.90930757583197,1
495600,232.99635705400502,0
495600,224.05501151108325,0
495600,254.14671728374915,1
495600,225.96221122490212,1
495700,220.78778185312598,0
495700,221.4169286482937,0
495700,232.9711788229892,1
495700,260.72883748929576,1
495800,247.69391831366434,0
495800,221.36966666232294,0
495800,264.2616146681035,1
495900,254.70884708810297,1
495900,223.50461431187685,0
495900,215.14897254320906,0
496000,243.7997770163643,1
496200,219.84468979397218,0
496200,241.87286076085317,0
496200,242.62393774090958,1
496300,230.7969144334032,1
496300,288.49371866400486,1
496300,274.9160418772903,0
496300,224.50333920774779,1
496300,242.24669420539163,1
496400,236.16027678833478,0
496400,244.49219088111204,0
496500,265.3135538602889,0
496600,222.04242354283943,1
496600,235.42610824483515,1
496600,223.95863434291695,0
496600,230.4983944315416,1
496700,233.97565182839455,1
496900,236.22244043534755,1
497000,217.16953198232065,0
497000,213.122381741325,0
497000,232.15482647137372,0
497100,225.4679746744343,0
497100,286.2530234299215,1
497100,288.4157258290821,0
497300,289.5655722429224,0
497300,211.70837839618443,0
497500,265.5975170106888,1
497700,237.59468058202677,0
497700,239.9266722896582,0
497800,233.38510922418166,0
497800,333.20608773764127,1
497900,317.68198875791495,1
498000,278.67225410621324,1
498200,294.4241242720083,1
498200,225.9364308781607,1
498200,299.0916834511656,0
498200,213.4585503588964,1
498300,318.8965266163826,0
498300,229.59888411797704,0
498400,198.08221640601863,1
498500,246.71441099076802,1
498500,331.5218507730796,1
498500,210.3505053537441,1
498500,242.79502411815574,0
498500,213.8518816466071,0
498500,205.30027458789425,1
498600,217.89253832897379,1
498600,290.25561064751787,0
498600,220.24519058064968,0
498600,219.5729070733273,0
498800,213.54207807134443,1
498800,235.21167046592006,0
498900,222.37204122104154,0
498900,220.58122308937413,0
499000,213.8600188318589,1
499000,203.98727080504696,0
499000,203.81502580157252,1
499000,235.1367403377802,1
499000,202.37646466028903,0
499100,213.16877390422283,1
499100,208.6911331182574,1
499100,252.40707488931704,1
499200,205.3323464979452,1
499200,224.65706368335177,1
499300,216.62715401610342,1
499300,213.47081878166705,0
499400,219.77028435976393,1
499400,265.33086519333773,1
499500,204.22846814070118,0
499500,248.4183458205327,1
499600,207.4571176259625,0
499600,260.97144456010807,0
499700,223.81159269392876,1
499800,226.1093995938979,1
499900,214.6434998007558,0
499900,225.16400116902565,0
500000,229.58182883662758,1
500000,217.78834027553327,0
500000,215.44014938916985,1
500100,231.89653109147795,1
500100,225.23396128476818,0
500100,225.20466787590132,0
500200,210.62580829200633,1
500200,219.9081981656575,1
500200,228.93264624821109,0
500300,213.95825351622918,0
500300,214.62031415584232,0
500400,231.15480239960672,1
500400,235.62547357959536,0
500500,218.37648965408164,1
500500,230.771480079987,0
500600,230.28547804706844,0
500600,212.0192821453,1
500600,206.68834809709503,0
500600,232.2084566723864,0
500600,228.5781854891974,0
500700,224.5396928073328,0
500800,203.64211305640302,0
500800,281.46447824393357,1
500800,210.96492220443804,1
500900,242.78576221396685,1
500900,214.72142305976257,0
501000,207.7229582836823,1
501000,225.17352241465642,1
501000,226.19989704415426,0
501000,255.90935895728558,0
501000,224.47247153101065,0
501100,225.6239564227469,1
501100,264.97720335236414,0
501200,212.4902955767212,0
501200,213.572046486563,0
501200,203.19398145264404,0
501300,201.81386190939645,1
501300,222.41774145945826,1
501300,259.5051704621687,0
501300,224.5484050788891,1
501400,256.62263784880156,1
501500,251.3827306549076,0
501700,218.33797110946495,0
501800,219.5274428071993,0
501900,256.9081109457066,1
502000,198.66543741086045,0
502100,246.0442103553456,1
502200,246.32686727330187,0
502300,220.16014667098744,1
502300,240.50456649784027,0
502400,225.25423399904577,1
502400,248.33742077838625,0
502500,263.92660145825494,1
502500,220.90634421787874,0
502600,222.84812593298338,1
502700,202.08278919109725,0
502700,219.67329249325206,1
502700,208.8379271465226,0
502800,213.96784516112183,0
502900,203.2070715070014,0
503000,193.82562084768088,1
503000,188.66965495429298,0
503100,199.68142910421608,1
503100,213.27881003624907,1
503200,211.3516303872337,0
503200,227.5127424624249,1
503300,227.81117956519972,1
503300,216.57030585706235,1
503300,241.34482108324153,1
503300,187.81955377868758,0
503300,222.99987750668672,0
503300,196.0242243603422,1
503300,228.69982213875207,1
503400,221.86605353701088,0
503500,257.5912658390918,1
503500,215.4347956014414,0
503500,213.71087490615946,1
503600,276.21375751709826,1
503600,214.9189658986348,1
503700,223.67994818206282,0
503800,254.0671500276813,1
503900,232.34588033605684,1
504000,291.6900944687069,1
504100,211.9717408352489,0
504400,219.47064405684475,0
504400,194.4448292457659,0
504400,290.5676800487614,0
504500,267.5070423838913,1
504500,195.29642081094943,0
504600,212.27042314945282,0
504600,272.26607439149313,0
504800,193.24103201367257,0
504800,249.20176662810684,1
504800,232.17025073853247,0
504900,214.49836281621103,0
504900,272.2897797329094,0
505000,275.69814088047957,0
505000,211.17540744021403,1
505000,193.01441422960792,1
505100,201.07376864105098,1
505100,180.460652801664,0
505200,262.43785770268437,1
505300,224.72304277797141,1
505400,265.3904369686274,1
505400,310.43308671057906,0
505400,314.06452664164414,0
505400,199.2636501359717,0
505500,276.5795995031714,1
505600,220.93533484283114,1
505600,268.911150879632,0
505700,228.64990533899325,0
505700,215.76268537055302,1
505700,228.05824779867459,0
505800,231.25935605052564,1
505800,216.62010945161694,1
505800,209.01709907376193,0
505800,334.9343205948842,1
505900,290.4134662027969,1
505900,211.89396167778986,0
505900,284.7515482048397,1
505900,251.07667733873302,1
506000,242.38702690819193,1
506000,333.22488106520893,1
506000,227.8424305896833,0
506000,236.5003416367071,1
506000,353.4590579146671,0
506100,311.8719441140096,0
506100,277.02791287554425,0
506100,329.7521267754016,1
506100,194.28088724758112,1
506200,210.3723622945344,0
506300,298.4090658946287,1
506300,243.05225900110773,1
506300,300.41932453524026,0
506400,253.28632068857522,0
506400,290.40971937160725,1
506500,213.18711730856919,0
506600,217.2487512460273,0
506600,303.18740542138244,0
506700,372.32309103111743,0
506700,214.4215675832096,1
506700,295.2731827284023,1
506700,187.62789164157132,1
506800,264.392647744461,1
506900,203.89758971643806,0
506900,276.0256733876384,1
507000,334.4517258596462,0
507000,201.70043298320894,1
507100,237.6759694788848,0
507100,307.02326417485875,0
507100,205.2462852641885,0
507200,193.68332924911337,1
507300,270.33022895437813,0
507400,243.07860888568382,0
507400,219.77231273025288,1
507500,205.5535921341761,1
507600,201.22892450219916,1
507700,224.39380568016315,0
507800,210.30935883457076,1
507800,323.977204545134,0
507800,197.48237824053055,0
507900,209.31807101399073,1
507900,202.93377587147677,0
508000,213.85493049527193,1
508000,230.01980843854523,1
508100,291.7969208135907,0
508100,287.7016205750638,1
508200,236.25521484905093,0
508200,272.02555702872485,0
508400,219.5559894887624,1
508400,257.8207089871888,1
508400,265.8035262593983,1
508500,243.6739875143969,0
508600,194.50928358595544,1
508600,264.06550950612694,0
508600,258.7125611100315,1
508700,228.7142910098307,1
508700,220.11840427834156,1
508800,203.60735544098853,1
508800,325.4832518529548,0
508800,196.51159133952498,0
508800,285.08570029859084,0
508900,274.6370384131628,1
509000,197.51525729138083,0
509000,196.46547944612087,1
509000,265.4063358344225,0
509100,290.64290388025483,0
509200,230.17191799788486,0
509200,196.40672630346592,0
509200,254.1875391764939,1
509300,209.76166955442494,0
509300,228.34104492519555,1
509400,298.71293630557136,0
509500,249.9607604656574,1
509500,224.5146255484194,1
509600,210.477463802426,1
509600,220.11427337205447,1
509600,258.8317487158036,1
509800,207.31846058599737,1
509800,219.83216511553917,0
509900,212.17402013346262,1
509900,199.22613726840214,1
509900,211.15143718007667,0
510000,219.34628169447598,1
510000,240.5444822387163,0
510000,225.3418206895505,0
510000,245.86276554517295,0
510100,191.66869384786307,1
510200,209.4946029442492,0
510200,207.90362534417213,1
510400,232.8976708178021,0
510400,215.3238231375067,0
510400,239.8143496899868,1
510500,239.72995882071692,0
510500,272.63337437953237,0
510500,232.55930947059676,0
510500,236.29725123799426,1
510500,214.49647677135178,0
510600,228.34974081772128,1
510600,221.11242031198873,1
510700,225.00574705380328,0
510700,218.2485360420377,1
510700,208.75993244537582,1
510700,219.91975702018743,1
510700,232.34135445676722,0
510700,213.42185875780183,1
510900,211.1678457621315,1
510900,237.2296142961212,0
511000,225.4815221744386,1
511100,248.66754153375464,1
511100,257.9325026565035,0
511100,223.29720303389712,1
511200,215.0864175748674,0
511400,227.87039634001056,1
511500,209.24527775705087,0
511500,236.15617311813014,0
511500,284.15722747110857,1
511500,227.45837663830986,0
511600,276.14539010947556,0
511600,218.40946266844082,1
511700,199.90818751308163,0
511700,229.93628581880185,0
511800,243.39467225255402,1
511800,219.46785225362345,0
511900,238.00967829681218,1
511900,222.99200126569025,1
511900,256.41616181607844,1
512000,219.17405623051272,0
512100,281.28189971263174,0
512200,244.09811487849026,1
512200,327.82268694559207,0
512200,229.3342517221531,1
512200,221.49961621111376,1
512400,207.08358022887333,0
512500,317.79824422620925,1
512500,228.02973671609482,1
512600,318.40115844317023,0
512700,309.2710049322258,1
512800,231.70147747948212,0
512800,236.31151243382033,1
512900,227.79273200303032,0
512900,202.73853350192388,1
512900,247.41459366589092,0
513100,256.53553975289486,0
513100,238.40625594676396,0
513100,229.11896737438965,0
513300,236.97036357398332,0
513300,222.0881626598024,0
513300,273.76219263934917,1
513300,253.4313379445704,1
513400,283.38873873823746,1
513400,317.85228105491586,0
513400,234.95692021083863,0
513500,226.38430314505425,0
513500,212.76073356847974,0
513600,216.0912193326194,1
513600,222.80862381658997,0
513700,240.82013231764145,0
513700,216.9313624747998,0
513700,237.245217529048,1
513800,264.3070052449632,0
513800,233.24801415639513,1
513900,256.3308370344555,0
513900,225.00009109949767,1
513900,245.9485519308898,1
513900,267.9985773864753,0
514000,210.24385029157986,0
514000,260.21869219637665,0
514000,249.73206409047987,0
514000,232.8478690800042,0
514100,230.3826514657262,0
514300,199.4364845035547,0
514300,211.44115492035837,1
514300,211.5757602354265,1
514400,239.6937172925597,0
514400,250.0175819536508,1
514400,221.63522721447185,0
514400,210.11123692446697,0
514500,210.7594471874793,1
514600,240.66310685839704,0
514600,231.0751536652077,0
514600,221.921430329867,1
514600,242.61630371733173,0
514600,255.19967671980456,0
514600,250.48120501974367,0
514700,215.68585439301992,1
514700,199.96054551010155,0
514800,211.92261599327784,0
514800,220.90260944409133,1
514800,206.15264453174515,1
514800,232.7803966282236,0
514900,240.71080030999403,0
514900,204.34482910864423,0
514900,343.48005374097573,1
515000,216.17983821269675,1
515000,204.4700298660441,0
515100,228.3015462772794,0
515200,213.14760162788485,0
515200,204.0412875102226,0
515200,223.25074030584258,0
515200,232.14045917362756,0
515300,231.99817691813797,0
515300,221.69265955604794,0
515400,210.96135107331563,0
515400,230.08038876556682,0
515500,230.53244577646527,1
515500,211.58688971162385,0
515600,215.85483061933027,1
515700,220.17631596488707,1
515700,227.83631211724511,0
515700,244.75698230502036,0
515800,211.8178058190272,1
515800,206.08408048973897,1
515800,247.726259662051,0
515800,202.8880555993943,1
516000,207.53077443453256,0
516000,227.09359615030195,1
516000,214.40370052337204,1
516100,214.0080783057074,0
516100,214.90694197314951,0
516200,228.05396473277062,0
516200,207.4540042767317,1
516300,222.53224798620604,0
516300,207.98014894908414,0
516300,213.66332527507834,0
516400,214.69005003057407,1
516600,221.7999510114138,1
516600,189.42773925217313,0
516700,198.9160021177953,0
516800,218.34393136264757,0
516900,208.9002737100422,1
517000,248.45614596147811,1
517000,232.34077174288163,0
517000,233.44397264027631,1
517000,236.75076688734146,1
517100,199.76002592237697,0
517100,203.0160787966053,0
517200,242.638410019446,0
517300,183.8052132193776,1
517400,203.2769175518046,1
517500,194.30806853150733,1
517500,234.8645517563702,1
517500,221.1742802852006,1
517500,230.49040457913202,1
517500,220.60145163700292,0
517600,211.81496915049968,0
517600,216.13490186735845,1
517700,205.29476791687978,1
517700,210.5393830386686,0
517700,205.1703513534109,1
517700,234.67920893552528,1
517800,203.98649048044717,1
517800,197.80290766832488,1
517900,220.9666136366977,1
517900,195.60370108580906,1
517900,207.77659393641312,0
518000,223.1138016058834,1
518000,203.29908173469153,1
518100,192.31998610533017,0
518200,202.74612203571735,1
518200,216.15504221956056,1
518200,212.2976072941973,0
518300,218.6020858509214,0
518300,201.69523464659255,0
518400,211.22087413979213,0
518400,212.04796554349392,1
518400,233.20023812876437,0
518500,217.93745367011698,0
518600,200.43055667543393,1
518700,200.95406934876303,0
518700,205.94225577981865,1
518700,227.2617056719406,0
518700,211.22152147503374,0
518800,229.64259593423665,1
518800,214.03122121638185,1
518800,198.56042569499522,1
519000,209.29871617152446,1
519000,211.14967656834546,1
519000,208.35943126544885,1
519000,220.99796281109866,0
519100,228.49347961680047,1
519100,212.69899244535233,0
519100,239.53337392877432,1
519200,211.42733366858587,0
519200,209.2298179813176,0
519200,208.42421924398622,0
519300,227.28982443500857,1
519300,226.64088574672266,0
519300,236.4046089089918,1
519400,211.57128164533464,0
519400,228.40398411257982,0
519400,196.44485122887426,1
519500,212.11191754819876,1
519500,224.49256802656447,1
519600,224.3104481974619,0
519700,216.36173358652402,1
519700,204.99737864709982,0
519700,230.2179442405798,1
519800,221.60298249763272,0
519800,222.1640689084485,0
519900,216.81352029051627,0
519900,241.4064876939877,1
519900,210.70937190540496,0
520000,243.03776357067227,1
520100,235.18798195298717,1
520200,236.7689071833647,1
520300,227.9925274528324,1
520400,225.7294660715793,0
520400,224.54227281639652,1
520400,220.47171306001232,1
520500,201.68490594108903,0
520500,214.7958351258228,0
520600,237.14220695417956,0
520600,245.26286674322787,0
520600,240.7050949388147,0
520600,216.70914496645037,0
520700,225.09319601349472,1
520700,239.9334120768296,1
520800,215.67502886549653,0
520800,242.1728157934612,1
520800,216.23931251677823,1
520900,228.823049224828,0
520900,218.83665297222672,1
520900,229.18723306409393,1
521000,202.0657169620943,1
521100,215.5274660104539,1
521300,223.70095282614082,0
521400,273.4394231962727,0
521400,222.4720880977567,1
521500,243.48423399950704,1
521700,226.0759794669234,1
521700,228.0017466947696,0
521700,232.28731780323437,1
521700,198.60155872338092,1
521800,192.15287516152858,0
521900,211.27402589882524,1
522000,235.3208000466046,0
522000,241.64619460187217,1
522100,245.69700552354712,0
522100,249.47840611342704,0
522100,223.45440285650957,0
522200,222.3949848845833,0
522200,235.156744951672,0
522200,216.5271638206684,0
522200,241.54922438550454,1
522200,202.95535310729915,1
522300,220.53465270937744,1
522300,213.14126546501998,1
522500,246.68485776939872,1
522500,238.29912513467028,1
522500,229.55159621569786,1
522500,239.3421900438346,1
522600,238.25877208030553,1
522600,227.29620179498878,1
522700,205.94153148963932,0
522700,234.8209442715815,0
522700,222.30651132359074,0
522800,218.15514501513482,1
522800,233.3875925927502,0
522900,232.39934809944106,1
523000,258.8158288254784,0
523000,228.77124323337478,0
523000,233.8934926536626,1
523100,225.99776732643394,1
523100,241.43863791642877,1
523100,235.1649392025824,1
523200,230.70442056658356,1
523300,204.0333274224908,0
523300,223.33442019377046,1
523400,202.61199397479933,0
523400,229.47052256542932,0
523400,223.12822515937125,1
523400,234.50633107631984,0
523500,227.09077492321367,0
523500,243.30148752278043,0
523500,203.76330946551124,0
523500,232.58425724317004,1
523600,234.22601060542226,1
523600,240.59696219904748,0
523600,218.7990260366515,1
523600,192.92859511996892,1
523700,228.52889707426561,1
523700,232.20887627317273,1
523800,234.26183547704647,1
523900,231.76958228003286,0
524000,189.10470817148152,1
524000,201.80205184060895,0
524100,232.06711984986808,1
524100,218.00965147762804,0
524100,203.6338527933193,1
524100,188.43653160972903,1
524100,213.15949435401424,0
524200,230.58951321512032,1
524200,206.16145897948232,0
524200,203.70772883385644,1
524200,229.14904044762034,1
524300,254.5257484027154,0
524300,245.61711367017304,0
524300,180.12757824355765,1
524300,218.33825001436932,0
524300,186.71543586473874,0
524400,243.85509982124395,1
524400,181.0049225947909,0
524400,243.91950204488407,1
524400,200.83849820472602,0
524400,257.30790966987496,0
524400,239.04305427645997,0
524500,222.13571683613785,1
524500,226.05640284681894,1
524600,200.0737932435897,1
524700,203.82811419847155,1
524800,200.49552874050215,1
524800,199.59044690790196,0
524900,202.68054667275308,0
525100,219.01084394997403,1
525100,212.39177516857464,0
525100,187.71396603396047,1
525100,202.45999295002875,1
525100,193.55407048021482,1
525200,204.58405978780303,1
525200,212.7213644021651,0
525300,218.00627130991043,1
525400,219.3566504648839,1
525400,212.56884038625003,1
525600,199.09592964675986,1
525600,222.8147633607974,1
525600,230.3574829311908,0
525800,214.26638684661123,0
525800,208.61738647322755,1
525900,209.5454446708716,1
526000,176.11842290612003,1
526100,209.9675273563075,0
526100,163.05932620577207,0
526100,186.4361471263683,0
526200,215.6883267689167,1
526200,194.27040910524096,1
526200,187.5353856573494,0
526300,204.6752864114609,0
526300,193.8159441039459,1
526300,215.2082322127057,1
526300,201.56991873448976,1
526300,214.08787378835007,0
526500,212.81708003048442,0
526500,234.23205601354,0
526600,193.46154372560795,1
526600,191.0237644407183,0
526600,209.52529137041603,0
526800,214.47023340976108,1
526800,238.07936202124182,1
526800,203.60729567148704,1
526800,211.90291004697653,1
526800,194.95563963670062,0
526800,171.09598936325617,1
526800,194.6365130966484,0
526900,203.27852156550094,0
527000,205.6471538412721,0
527000,195.02153773408656,0
527200,200.6030968564535,0
527200,235.02531215610006,0
527300,225.64820819683274,1
527300,213.64836996774952,0
527300,198.13250020776997,1
527400,209.10466865041616,0
527400,178.15799094534538,0
527400,188.01610412679466,1
527500,228.2286217523356,0
527500,191.94295607927705,0
527600,207.61998089332474,0
527600,204.8212891288458,0
527700,198.82020843063646,0
527700,225.8571295385543,0
527700,210.67222731104744,1
527700,218.44472154224297,0
527700,200.4985517510998,1
527800,213.1548856586101,0
527800,191.10732229566256,1
527900,195.6123079600064,0
528000,174.63777059877344,1
528000,214.05581960977136,1
528000,208.39387045818776,0
528100,218.74480467160882,0
528100,217.94395124615994,0
528100,216.54299023366332,0
528200,181.7861242034267,0
528200,201.55065054463944,1
528300,179.5006225350715,0
528300,217.90159063875177,1
528400,234.85342359353456,1
528400,216.24086467826112,0
528400,191.07792314087297,1
528400,208.7210776993914,1
528500,181.8450718545904,1
528500,205.1118918996631,1
528500,195.7734406969271,1
528600,204.6249970167833,1
528600,213.0992252148606,0
528600,199.1107981900016,0
528700,218.30563361371605,0
528700,161.51194149245202,1
528700,222.21988089465924,0
528700,207.7270162302016,1
528700,219.10597398977956,0
528700,208.8277860684402,1
528800,224.89594107895536,1
528800,219.60488946237933,1
528900,213.18336383712844,0
528900,214.02268502848952,1
528900,195.84365581370028,1
528900,227.05525190801265,1
529000,216.7798157397051,0
529000,197.5353572434281,0
529000,224.27661300255124,1
529000,169.78058757343598,1
529000,215.61086700065928,1
529100,203.5952404557784,1
529200,203.1280722525958,0
529300,194.49407700061894,0
529500,205.28730277712506,0
529600,216.05647838858715,0
529600,190.7578003531065,1
529600,209.00784897310191,0
529700,217.97278151612625,0
529700,213.8456536624571,0
529900,202.3832709720476,0
530000,209.16518315983708,1
530000,219.28836456398633,1
530100,203.69286573340221,1
530100,211.495983029979,0
530200,212.03014705249032,1
530200,192.5495159500474,1
530200,204.84982073020882,1
530300,187.0586811439489,0
530400,206.25528228581254,1
530400,197.23502129769506,1
530400,189.781762888793,1
530600,175.3981273541007,0
530600,219.17395463419666,0
530600,187.37532761826512,1
530700,178.6035969253929,1
530700,211.98366000885335,1
530700,195.05458680909092,1
530800,227.6604752257603,0
530800,198.95471637511756,1
530800,205.568446445187,1
530800,218.23942169251714,0
530900,205.12224013248888,0
530900,222.97364389902458,1
531000,196.17930391761013,0
531000,219.8923242486256,0
531100,228.3317887034357,0
531100,202.66073864646887,0
531200,181.28117969514724,1
531200,209.904524356139,1
531300,186.10247189844696,0
531300,208.8103031303093,1
531300,204.80550040355166,1
531400,183.65179281031402,0
531500,215.72255883439993,0
531500,187.6881214633171,0
531500,189.4449956457993,1
531500,200.83534208555295,0
531700,190.75257898149357,0
531700,192.23124763337324,1
531700,237.48774966023038,0
531800,188.73282148965686,0
531900,222.81797269414344,1
532000,255.42293436575045,0
532000,232.43934171944002,1
532100,220.56609728504728,0
532200,192.77750536089806,1
532200,237.40767294756932,1
532200,210.1562819448942,1
532200,211.2165407474054,0
532300,206.24421581115996,1
532300,200.33557590182463,1
532300,178.77876064935268,0
532300,221.24478241552026,1
532300,190.62714936772784,0
532300,184.8988145092941,0
532400,219.82835405996306,0
532500,209.5288225602845,0
532500,209.5642745682365,0
532500,229.75417179753654,0
532600,237.67636291061504,1
532600,207.60679915567496,0
532600,224.62463020627698,1
532700,194.9057377117135,0
532700,206.90645714315286,1
532700,196.27534024344135,1
532700,199.1024839247374,1
532700,212.06489917410445,0
532800,176.33600641696927,0
532800,199.54801635950298,0
532800,236.07682894394588,0
532900,200.2899076665205,0
532900,199.69786053043416,0
532900,216.18757159270243,0
533000,208.80423487580885,1
533100,222.62324903191123,0
533100,205.474565341619,1
533100,206.27956581991964,0
533100,202.15105807541602,0
533100,200.1996846964569,0
533100,209.67938231305993,0
533100,198.26471665819093,1
533200,215.04703234232093,0
533200,196.5338765874,0
533200,197.59095374461157,1
533200,196.66016750637016,0
533200,186.6723457639417,1
533200,199.13754872385047,0
533300,223.85573791034713,1
533400,210.1762566870275,1
533500,206.52120180820867,1
533500,215.9878243806331,0
533500,177.1851190422718,1
533500,214.44395454550101,0
533600,205.60760065378295,0
533700,197.52879730878786,0
533900,202.58235243204237,0
533900,192.7681767487122,1
534000,184.84994774312477,1
534000,203.36571217106473,1
534200,203.06626657170298,1
534200,212.25491853910043,1
534300,189.8756600886519,1
534300,195.40734246716673,0
534400,203.62246614248542,0
534400,194.31416347971205,0
534600,203.2310652336496,0
534700,218.0657423376238,0
534700,212.61550061711463,0
534900,199.50698164732066,0
535100,207.77866243013057,0
535100,195.78823739332742,0
535100,201.37420477805324,1
535100,220.19113485648523,1
535100,200.97086871945126,0
535100,206.81634551349657,1
535200,210.4152715719933,0
535200,217.7074811983361,0
535200,199.11814201464068,1
535200,208.48560208670978,0
535300,208.8151818010564,1
535300,187.01455641685047,0
535300,225.7275829446561,1
535400,213.62084974825044,1
535500,211.6472584245147,0
535600,191.89969360615592,1
535600,200.31683112816725,1
535600,210.14108579404163,1
535600,196.2394055504634,1
535600,247.78261881103225,0
535700,195.4804715763963,0
535800,207.00332852733013,1
535800,200.35357631866412,1
535800,224.99777505610405,0
535900,207.3698199737775,1
535900,223.06616762205726,1
536000,198.66047018010002,1
536000,196.66612470944267,1
536100,233.80327433036086,0
536300,238.57414951382646,1
536300,216.16736317294374,0
536400,207.05218798682375,0
536400,191.79508022505595,1
536400,226.98615663792205,1
536500,212.50454710625223,1
536500,206.27956206335372,0
536600,223.98167306477657,1
536700,210.14393542138646,1
536700,208.19907431785205,0
536800,207.28425255566717,0
536800,198.78741644385323,0
536800,211.89084600767075,1
536800,212.8179860498943,1
536900,201.1384200575398,0
536900,224.83617386371856,1
537000,205.38973014156568,1
537000,208.80497871023036,1
537100,229.94469177032448,1
537100,225.0164280382267,1
537100,228.0381658450632,1
537100,186.1171064261466,1
537100,224.44251635738635,1
537100,200.56387874442535,1
537100,212.70342183009342,0
537200,219.07789450323818,0
537200,215.08220736717752,0
537300,217.08875497078935,0
537400,223.14414266279832,0
537400,209.99862144022703,0
537400,215.52112445938843,1
537500,203.55551271999008,1
537500,217.95848396657777,1
537500,204.9241349857532,0
537600,204.60687904642703,0
537600,210.94742285599744,0
537600,212.70030034084053,0
537600,229.11074466015341,1
537600,214.27405748610252,1
537700,217.77749391255878,1
537700,229.0248454586021,0
537700,213.50385278887322,0
537700,232.45085866377,1
537800,245.00618088749096,1
537800,221.20724404832234,0
537800,207.7209664595829,0
537800,199.44387743725923,0
537900,221.48263101352694,1
538000,220.74185626556323,1
538100,218.38898130085286,0
538100,247.0345945843128,0
538100,210.23361251383503,0
538200,221.97450809333694,1
538300,218.6645629739415,0
538300,243.64562358538467,0
538300,180.1633588509265,1
538300,240.17453484612187,0
538500,196.12739755587322,1
538500,198.6669860699521,0
538500,214.88246217273309,1
538600,201.84969657389067,1
538600,244.4916097541159,0
538600,218.54490472958489,0
538600,214.5080524491838,1
538700,204.65340931604143,0
538700,225.72695312098713,0
538800,216.93505344431398,1
538900,196.0298698897356,0
539200,212.78166453623476,1
539400,197.06124853702298,0
539400,226.07564913986545,1
539500,201.24670210931586,0
539600,212.23980118461867,0
539600,212.66784380311879,1
539600,208.69252500846687,0
539600,222.4629748131543,0
539800,221.94825620119462,0
539800,211.89983182993277,1
539900,197.6709881072454,0
539900,230.5738383044722,1
539900,209.4947847181522,0
540000,220.96121420060766,1
540000,206.06811426761746,1
540000,230.51404240778797,0
540000,209.50557487590677,1
540000,205.8181081271241,0
540000,222.39743013855067,0
540100,198.92590830832444,1
540100,223.9304450252256,1
540200,229.72744922309616,0
540200,217.17677645255168,1
540200,207.83822492398735,0
540400,216.32851865177537,1
540400,213.90266212180146,0
540500,208.47532944502458,1
540500,235.4776004041085,0
540500,208.50777730662014,0
540600,225.5053014061318,1
540600,210.22820371666842,0
540800,211.2265384597184,0
540900,216.09894488800353,0
540900,235.2799610165085,0
540900,198.363372405734,1
541000,200.51692119191753,0
541000,214.9994384835098,1
541100,218.52487230995104,0
541100,224.00506899509628,0
541100,216.91873117000645,0
541200,204.5807069324049,1
541200,201.16420734781295,1
541200,204.6544268143992,1
541300,194.83282497835458,1
541300,218.93590010793162,1
541400,199.5574982706688,0
541400,209.29661879966756,1
541400,207.67244129422758,1
541500,222.03813428656724,1
541500,221.2535785634138,1
541600,213.87602924900142,0
541600,212.13635486681235,0
541600,210.54375953233594,1
541600,245.77548792478237,1
541700,184.05492212897272,0
541700,221.3219324520234,1
541700,233.412833039525,1
541700,190.85180107577773,1
541800,223.80147452233598,0
541800,201.39807602839682,0
541800,216.5149323871388,1
541800,201.84007363919136,1
541900,210.65471645097406,0
542000,204.79091575736967,0
542000,218.7752587185607,1
542100,201.076950704143,0
542100,201.2838762788201,0
542100,202.7169528725221,0
542100,232.94705595583503,1
542100,219.24195140077993,1
542100,207.6546935516297,1
542200,212.92982064916768,0
542200,218.1219114395883,0
542200,213.55675140491806,0
542200,196.42848847006164,1
542200,190.90166611917522,0
542200,227.6681913216378,0
542200,222.4172682731232,1
542300,194.9631413239847,0
542300,189.87877995712086,0
542500,220.10874592510288,0
542500,197.46172411318412,1
542500,204.39251656521938,0
542600,194.84957613165577,1
542600,197.10862647496953,1
542600,238.71863708460367,0
542600,236.21413100433116,0
542700,189.50070150538767,0
542700,204.5934629905086,0
542800,190.76695601526882,0
542900,203.0539219414058,0
542900,206.25069668194672,0
542900,206.61329620710063,1
542900,212.35579805071097,1
543000,204.5076649237631,1
543000,197.1898732754315,1
543300,206.17938948048746,0
543400,220.17773877260896,1
543400,221.36735656334332,0
543400,212.278915507165,0
543600,190.0421062598486,0
543700,200.1848535301343,0
543700,202.4202178021355,0
543900,200.90717852156604,1
543900,218.80829669168241,0
543900,201.45110838076084,1
544000,196.13806041124226,1
544000,195.82791830889138,0
544000,179.37949424353508,0
544200,201.91867773099875,0
544200,196.5289505453438,1
544200,192.0038052166074,0
544200,199.96272181178463,1
544200,197.93921555292323,1
544200,213.11666531239783,1
544200,198.41852565687793,1
544300,221.5523728989452,0
544300,203.7557204175974,0
544300,199.12261096544435,1
544400,204.90689169726795,1
544400,206.01019775529826,0
544400,192.0330699184731,0
544500,191.41917144312282,1
544500,197.55291519104415,1
544500,203.78166116974663,0
544600,194.4652893141274,1
544700,187.88164656077137,1
544700,191.58897142866164,1
544800,199.81764792269823,0
544800,192.650258370033,0
544900,204.99185579547358,0
544900,189.70335247253774,0
545000,190.916689169701,1
545200,201.50483145850606,0
545200,192.9006675520117,0
545200,186.36573905165278,1
545300,188.79739996281918,1
545300,205.8896076210704,0
545300,203.57310380154175,0
545400,196.018499820844,0
545400,199.65779740544266,0
545500,198.17479584619787,0
545500,204.94724975335947,1
545600,203.99354999647034,0
545600,198.02041430803146,1
545600,191.7683066592879,0
545600,181.76709206627865,0
545700,195.87663113083414,0
545800,201.6466073552361,0
545800,191.05965076300805,1
545800,201.93493178737813,1
545800,198.54850623454155,0
545900,194.2699697949541,0
546000,202.46824259260856,1
546000,195.11190736387618,1
546000,201.34760970381606,0
546100,213.6983599774709,1
546100,204.59137245292862,1
546200,212.9250251924734,0
546200,195.4546801594838,1
546200,178.50225517563248,1
546200,205.2789273802625,0
546200,207.380451045301,1
546200,204.26947693566885,1
546300,188.8930657910513,0
546300,192.42777571557264,0
546300,191.15091713977628,1
546400,199.89100365486198,0
546400,198.45574099331913,0
546400,208.0037503223149,0
546400,199.93938489594703,0
546400,191.6814149719915,0
546400,198.8717346087313,0
546400,196.4098536973109,0
546500,217.00447663895093,0
546500,205.6466390986915,1
546500,190.93126833809288,1
546600,213.1598000118708,1
546600,190.44404677353236,1
546600,205.6696959200563,1
546600,186.31694728041936,1
546700,208.81778859264216,0
546700,191.68619837901574,0
546900,198.77924217888196,1
547000,187.66706425205737,1
547000,213.60042070971753,0
547000,201.66250602957564,0
547100,193.57728688200459,1
547100,194.0705050474747,1
547100,206.65837695584952,1
547100,185.79037912073386,0
547100,200.4656814991532,1
547300,206.07743551402146,1
547400,206.36164282804486,1
547400,216.93325387865036,0
547600,194.92748622739364,0
547700,198.71327868639517,0
547700,207.57015842655062,1
547800,205.94900698824617,0
547900,182.83924230606635,0
547900,199.6997393445308,1
548000,264.99517567658717,1
548100,188.07808230635558,1
548200,198.43468348107766,0
548300,190.83107890142324,1
548400,192.61112912596792,1
548500,218.06832866707703,1
548600,226.87768804728944,1
548600,235.4480451464463,1
548600,216.5779236155594,0
548700,191.1273637697648,0
548700,172.49780057281754,1
548700,244.76448869270038,0
548800,206.58491127630026,0
548900,218.763970764866,0
548900,212.16434873437404,0
549000,197.9960976974223,1
549000,216.83099851727607,1
549100,193.38974795450633,0
549100,238.74648933265027,0
549200,242.7106464247156,0
549200,225.44933678730158,1
549200,204.91534654441858,1
549200,242.36061771198072,0
549200,244.70849513616162,1
549300,189.32441736000493,0
549300,242.38915152145276,1
549300,236.048408384766,0
549400,243.12052325117097,0
549500,195.2353693838263,0
549500,212.11805632811468,0
549500,196.94777499044685,0
549500,236.20847620582526,1
549600,192.36374911142974,1
549600,261.89909846383824,0
549600,205.3166007839003,0
549700,238.70603624331937,0
549700,189.87207982479626,0
549700,188.9791413491554,0
549700,202.059050065756,0
549800,182.49289141297288,1
549800,201.27050039168418,0
549900,217.96745841729023,1
549900,186.59730369874723,0
549900,221.3317449409569,1
549900,200.41684702369488,1
549900,248.60468357402195,0
550000,194.33672802608507,1
550100,221.63941488487606,0
550200,172.40429443715237,1
550200,190.0605739825968,0
550300,188.46852476023594,1
550300,211.3332659040622,1
550300,220.30034411197406,1
550400,200.16941881405927,1
550400,182.75261914005233,1
550400,184.21122731624723,1
550400,192.7622021759087,1
550500,204.67397517942524,0
550500,235.89549808004958,0
550500,210.40882898048363,0
550600,202.35102987846608,1
550600,192.44652503976127,0
550600,205.58889057830226,0
550600,196.12795993354246,0
550600,192.00461220106388,1
550600,200.89948930565714,0
550600,207.10375262223008,1
550700,202.30117473051575,1
550700,213.1449237717343,1
550700,194.4225513962774,1
550700,198.65692729882733,1
550800,228.6645159410297,0
550800,206.11611638311783,1
550800,200.9544472233599,1
550900,192.58754717992443,0
550900,203.70066181742496,0
550900,200.9472261741031,0
550900,246.41863571556954,0
550900,200.36393454596816,1
551000,205.05214521235828,1
551100,191.05904945267233,1
551200,200.50226427105162,1
551200,246.41014938695756,0
551300,199.45084268350624,0
551400,205.9125906996137,0
551400,220.16087660385426,1
551400,193.351137475464,0
551500,191.3261801934105,1
551500,207.7253029404599,0
551700,190.5623235738462,0
551700,214.16578755545137,1
551800,201.90620254005435,0
551800,192.5065598599427,1
551900,230.5669117822463,0
551900,233.15809412937418,1
552000,231.13795792849973,0
552100,208.63865391007502,0
552200,204.89023995836294,0
552300,205.87976044277946,0
552500,221.19688914111205,1
552600,211.42452153141116,1
552800,205.21067408013974,0
552800,233.96564306880762,1
552900,224.69505045392168,0
553000,200.15261814658467,0
553100,215.69681002610432,0
553200,207.7894189641364,0
553200,235.35218326618147,0
553300,207.07210359592875,1
553300,219.16769648882175,0
553400,208.98764566026634,0
553400,200.5174061184143,1
553400,229.27474397763,1
553400,200.8128481236858,0
553500,219.53113772626298,1
553500,197.46214965472114,1
553600,251.43648820598892,0
553600,216.48513434924124,0
553600,208.92905570618262,0
553700,196.85063269570992,1
553700,243.77687788274028,0
553800,198.6756380689871,0
553800,256.58970199988994,1
553800,209.24455994439188,1
553800,200.5211751378285,1
553800,217.74719161555296,1
553900,208.35288332805646,0
553900,199.03433470260006,0
553900,225.41960861307265,1
553900,198.3403496596213,1
553900,215.2549899277232,0
553900,218.0294378407046,0
553900,203.17707695854529,0
554000,194.09368841735952,0
554100,192.53537588306014,1
554100,188.46905062611006,1
554200,215.8168252597403,1
554300,248.78079268109502,1
554300,218.1376725266598,0
554400,207.70571539964303,1
554400,212.01509837640867,1
554400,237.68485405296,1
554500,220.02879856400835,1
554500,208.5464177137048,1
554500,199.84723716671672,0
554500,195.2822837046057,0
554600,223.9925278696508,1
554600,194.5000332164384,0
554600,201.32369396756417,1
554600,235.55448657183513,0
554700,195.70423119004028,0
554700,209.46902146495958,0
554700,178.77683942827613,0
554700,206.53838202110168,0
554700,190.85396205994292,0
554800,234.8790105020429,0
554800,201.8274422068779,0
554800,196.7599426536628,1
554900,196.94430962752327,1
554900,201.9743005965252,1
554900,210.55193758678473,1
555000,213.22602812336075,1
555000,212.47729086325532,0
555000,208.64402086601987,1
555000,282.2010050568172,1
555100,205.21024113035315,0
555100,206.5841057727813,0
555100,194.49903638623553,0
555200,217.40117014702187,1
555200,221.7433445996585,0
555200,200.08095014965238,0
555200,207.11094893313606,1
555300,209.63294057828858,1
555300,198.5971713126797,0
555300,203.8089599458169,1
555300,220.4958757549937,0
555400,210.83647088851728,1
555400,224.57237299575115,0
555500,230.8816000413494,0
555600,200.54356528902002,0
555600,205.60318255992806,0
555800,198.8528595651851,0
555800,205.72942262422316,1
555800,208.83602851759866,1
555800,207.94317198429403,1
555800,209.11417227545368,1
555800,204.78183819049016,1
555900,196.64721598639784,0
555900,190.74414777111312,1
556000,201.20472902530486,0
556100,197.73665941257568,0
556200,193.0084959879755,0
556200,254.66303730064803,1
556200,201.1444254284161,1
556500,204.49896063120295,0
556600,200.30344345717688,0
556600,217.74912859703878,1
556600,229.1975146975328,0
556700,192.5572828158674,1
556700,290.0419421897755,1
556900,207.53743365909074,0
557200,206.93350694689838,1
557200,208.83898090646542,0
557300,205.892590629124,1
557500,204.95543059480616,1
557600,204.4500967089201,0
557600,201.63566883701625,1
557700,195.19402984010333,0
557700,202.6438934309548,1
557700,202.70501628885975,0
557800,188.16504093295902,0
557800,207.70519476324517,0
557800,202.6288679639836,0
557900,214.03887948250565,1
558000,190.7993028907796,1
558000,231.23941295778707,0
558000,191.09236329154865,0
558000,210.0471332337963,0
558100,197.90980817794295,1
558100,208.14707238383042,0
558200,201.80115764188832,0
558200,219.28438260459126,1
558200,199.13189485940816,0
558200,214.88693911368927,1
558200,211.55717592330214,0
558200,204.1986968768264,1
558300,258.5885449055268,0
558300,205.05614212342064,1
558300,210.47215551672363,0
558400,203.42315589732712,0
558400,210.65843505263868,0
558400,205.63143573034444,1
558400,196.6948661148974,1
558500,216.73991341051678,0
558500,205.694660260473,1
558500,226.35463763091184,0
558500,195.7214723590963,1
558500,218.46545489723775,1
558700,199.65594377052952,1
558800,200.1328417739111,0
558800,195.16248593714343,1
558800,204.82184573233874,1
558900,207.14281227715986,0
558900,215.33008204202216,0
558900,206.5026408153004,0
558900,196.39954409193408,1
558900,205.5527603068008,1
559000,198.8078412250033,1
559000,208.3115144713551,0
559000,212.8608312128264,1
559000,197.90828424249966,0
559000,187.9913093127538,1
559000,181.30518236718936,1
559000,206.44519124602766,0
559100,201.99803445197293,0
559100,201.82430948897402,0
559100,211.15557139935913,0
559200,207.8734688313104,0
559300,217.58167724388815,1
559300,203.33537255500497,1
559300,202.27428406007542,1
559300,199.31401005430328,1
559400,214.23689821799047,0
559400,188.76559469836926,0
559400,219.5338929958837,0
559400,206.24862621034538,1
559400,195.73925478815164,1
559500,202.71291095222315,1
559500,200.77500816853703,1
559500,201.28358662399125,1
559600,200.57424431385593,1
559600,200.33081003013237,0
559600,212.0534458982845,0
559600,201.82307840560847,0
559600,209.6099159925903,0
559700,200.95903296152647,1
559800,200.71603780055406,1
559800,220.720980492352,1
559800,207.35702151512632,0
559900,191.2253112535033,0
560000,202.11437395876072,1
560000,196.7885928894731,1
560000,206.67189782296882,1
560100,199.60017901215468,0
560100,187.54322894031299,0
560100,201.35203475444095,0
560200,204.92198921074302,0
560300,190.266649954777,0
560300,202.48717291000858,0
560300,206.79732851055564,0
560400,195.46285791739018,0
560400,220.03360334938384,0
560600,184.566419513799,0
560600,206.43383286318252,1
560800,223.62584962792624,0
560800,191.53628940939853,0
560900,195.1729872109958,0
560900,203.40074741113284,0
561000,205.7667127583393,1
561000,191.53732971607855,0
561000,213.251894460588,0
561300,189.63327390798136,0
561500,199.15904676730605,1
561600,201.32306609214618,1
561700,163.95377447433242,1
561700,196.55799549805204,1
561700,190.96460260433278,1
561800,190.37012191464794,1
561800,184.1663211695593,0
561800,188.8588814312031,1
561800,168.76445497294944,0
561900,201.01487879618688,0
561900,187.39420655047937,0
561900,154.83993835480607,1
562000,186.133057313065,1
562000,209.28172843202967,0
562000,186.3381686001906,1
562100,198.72365443922502,0
562200,182.61077761596454,1
562200,177.65069495241522,0
562200,178.95231947102005,0
562300,197.82485462633943,1
562300,197.70780700872567,1
562300,178.01971946630445,1
562400,198.1454990551933,0
562400,201.23317386295096,1
562400,176.9605805997007,1
562400,207.44735567812333,0
562400,194.90581050927887,0
562500,192.6540882593195,1
562500,194.4804362787052,0
562500,185.45333321648675,0
562500,199.83645081336962,0
562600,210.48853779839024,0
562700,195.32377835244142,1
562700,177.72683143993657,1
562800,167.30806787603603,1
562800,182.00023432518321,0
562800,201.23678296392987,0
562800,207.11375567517962,0
562900,169.74898882211332,1
562900,191.25642700806375,0
562900,184.80504002222088,1
563000,189.00245831964273,1
563000,212.43335470344942,0
563100,207.8710125307249,0
563100,189.82080842078713,0
563100,188.22822256713283,0
563100,197.41205176508325,0
563200,203.0056016858292,1
563200,193.81165960269277,1
563200,177.89259723017133,1
563200,194.6006451001872,0
563200,201.56185689567008,1
563200,189.79843344248712,1
563200,190.1268427034559,1
563200,195.68144817104115,1
563400,206.53312180891078,1
563400,165.9276299060252,1
563400,187.73496112477102,1
563400,188.28668760534683,0
563400,178.47088794434111,1
563400,206.4796227555934,0
563400,170.09721991377415,1
563500,167.32048864091544,1
563600,195.826612493449,1
563600,194.14804220276625,0
563600,198.81485289376454,0
563700,190.9826006668129,0
563700,191.83053191953567,1
563700,193.8078571621667,1
563700,183.48684054380055,0
563800,195.3324386791651,0
563800,205.78882685307585,0
563800,196.85491026156095,1
563800,207.38290349724312,0
563900,200.20596067716835,1
563900,189.91414826214833,0
564300,190.4128847121378,1
564300,231.9657001147205,0
564400,205.4324575238148,0
564400,203.89615678471287,1
564400,191.10663415867873,1
564400,196.87249456166268,1
564400,190.24411649466353,0
564500,201.3439419920477,1
564500,208.42959302321552,1
564600,200.2697652920485,0
564600,209.66610057964746,0
564700,199.13296251072506,0
564700,225.55020915917694,0
564800,204.61649542064393,0
564800,192.46232099006573,0
564900,177.83046535826924,0
564900,185.49159434291988,1
565200,195.1136432760189,0
565200,197.77909093552415,1
565300,221.00423137912756,1
565300,208.36052527405218,1
565400,205.1421700510116,0
565400,188.33234998828186,0
565500,181.84114973723942,0
565700,231.38692268032122,0
566000,195.87235027551446,0
566000,202.88403547554105,1
566000,200.47858848909294,1
566200,202.88105137215487,1
566200,198.27717828029714,1
566200,198.82254595381107,1
566300,193.6861950034729,1
566300,205.99589947824506,1
566300,201.29760870134086,1
566300,207.44793079120882,0
566400,203.65410939429324,0
566400,194.2151650054699,1
566500,188.1337941469822,1
566500,198.86388541856707,1
566500,226.0949348803229,0
566500,228.16690360480462,0
566500,212.16112775692343,0
566500,200.3220485784145,0
566600,183.3167416971756,1
566600,194.33419378447743,1
566600,215.35734928011618,0
566700,196.5025843012537,1
566700,193.75142957170584,0
566700,204.211353315857,0
566800,209.99145648977705,1
566800,189.5125794925345,1
566900,204.7434355737136,1
566900,186.8892532763973,1
566900,205.15203773219616,0
566900,193.92117487308332,0
566900,217.13093217446055,1
567000,214.10122148668427,1
567000,212.0846871806838,0
567000,214.0224706975061,0
567100,190.9906497417651,1
567200,194.84515117664105,1
567200,185.238308344966,1
567200,185.82878292082071,1
567200,208.42848235495666,0
567300,193.3933203200104,1
567300,210.3744133930016,1
567300,193.20788351117147,0
567300,205.28048444406423,0
567300,194.81111277431626,0
567400,198.58406857562326,1
567400,215.69382514141705,1
567500,201.89685018593048,1
567500,200.94828741743913,0
567500,199.46514978135986,1
567500,201.49241966765413,1
567600,194.88622112563394,0
567600,209.12992853852086,1
567700,187.5594169992745,0
567700,207.23868730289138,1
567700,199.00993605959397,0
567700,226.2100180013112,1
567800,193.71944768325898,0
567800,193.59752400704787,0
567800,188.35948866109115,0
567800,206.61171216794085,0
567800,213.76867975810976,1
567800,204.1722529143322,1
567900,205.6651711679256,0
567900,205.88334146048834,0
568000,213.31737961832866,1
568000,199.3269422483351,1
568000,201.4943081962682,0
568200,207.03988815143225,1
568200,202.94599288535062,1
568300,226.7518203409073,1
568300,207.21328169942592,1
568300,205.53103045127696,0
568400,225.8763727036823,1
568400,214.41628546755976,1
568500,193.2224832562055,0
568500,186.78292097821333,0
568600,202.9090043248863,1
568600,194.28414346113956,0
568600,192.40050841778773,1
568600,225.48173226421102,1
568700,195.08176533968341,1
568800,204.1595279209967,1
568800,198.21362970271036,1
568800,205.14460189512707,1
568900,219.88736597057004,0
569200,214.6129190146971,0
569200,203.18165138769234,0
569300,218.21096544520597,1
569300,216.86507641791542,1
569500,195.45540087654723,1
569600,220.42550391659748,0
569700,209.16261461318058,0
569700,204.59478622604627,0
569700,201.24998192878022,1
569700,230.9260429673753,1
569900,207.8423540902702,0
570000,239.74081552185908,0
570200,224.1500092749976,0
570400,205.18915406548314,1
570500,226.03787092672786,1
570600,250.97278934257048,1
570700,208.23169797766133,0
570700,206.90445044780847,1
570700,201.66309905599192,1
570900,211.90767397808838,1
570900,230.68443377424154,0
570900,211.1880587952178,0
571000,223.71000806364975,0
571000,211.78986571259992,1
571000,199.90023538619624,0
571000,215.69052907333472,1
571000,200.99391791592586,0
571100,240.21098889590337,0
571200,197.20355443911973,0
571200,217.9340149915143,0
571200,222.85516036808696,0
571200,232.68726554724458,0
571300,231.88367380410253,1
571300,225.79727023248344,0
571300,209.72267137528985,0
571400,210.0872708429798,0
571400,210.13455276017828,0
571400,214.38119130622485,1
571400,219.98818917758894,1
571400,221.51261060764324,0
571400,217.0610053079735,1
571500,208.34049234606914,1
571500,233.403103845393,0
571600,219.97335673065518,0
571600,236.71338743377055,1
571600,196.5311683855316,0
571700,205.48380941405534,0
571700,206.74072441787928,1
571700,210.2174749458613,0
571700,208.0699141704053,1
571700,204.12638167233487,1
571800,244.84870263216152,0
571800,198.06706725644202,0
571800,222.4308277650346,0
571900,192.3781550501511,0
571900,213.49166488978432,0
571900,238.04898937118142,1
571900,212.92101671796877,0
572000,225.97021381883866,0
572000,208.9857717843796,0
572000,225.0327931956713,0
572000,220.61542155297488,1
572100,204.82144845227268,0
572100,217.23677036939606,1
572100,238.01209300594877,1
572100,221.69975960212415,1
572100,215.0203121129853,1
572200,201.7108938172673,0
572200,245.09313380763737,1
572300,194.51094602731848,0
572300,210.26458181378382,0
572300,221.16741259099666,1
572400,218.88516683556315,1
572400,208.94337041755566,0
572500,219.41039667959163,1
572600,219.67825686907108,0
572600,223.26156704403292,1
572600,224.75525990587954,0
572700,205.62833476529943,0
572700,205.51267614201254,1
572700,206.7637442174983,0
572700,218.19913253730994,0
572700,229.7022273205521,1
572800,244.35034610673318,0
572800,205.96096970929233,1
572800,205.93686736379564,1
572800,199.94843679383897,1
572900,232.11731349406998,1
572900,211.5159212533163,0
573000,199.4169581536956,1
573000,199.8586217997562,0
573000,204.1390336928818,1
573100,213.4827656000698,0
573100,208.1922425726565,0
573100,205.9103795662224,0
573200,200.34312786753085,1
573300,203.77856819769897,0
573400,207.3359805838854,0
573500,228.9643829485228,1
573600,200.36113328190748,0
573700,227.4665752747215,1
573800,216.80960127843932,0
574000,214.84637330124716,0
574100,212.16345288265887,1
574100,226.34497732156368,1
574200,210.83151569357588,0
574200,209.19384683248504,0
574200,208.91277401320988,1
574400,219.82944125344233,0
574400,218.72968417645356,0
574500,212.71093632847368,1
574700,208.05175713911865,0
574700,219.57382305806172,0
574900,201.25914942724702,1
575000,213.0589211944321,1
575100,205.19079094697193,0
575300,213.40976037139188,1
575300,205.08034638090948,1
575300,223.24661763359433,1
575400,210.6453723882666,0
575400,204.34041253687266,0
575400,205.4196164227773,0
575400,199.36029432402557,1
575400,203.28609001579122,0
575500,201.4446075333714,1
575500,206.44289533706808,0
575700,204.16990481744944,1
575700,231.1755058379651,0
575700,209.2803438883571,0
575700,205.37691451310238,0
575900,227.293550713295,0
575900,204.47866559368958,1
575900,216.37418354544928,0
575900,206.27887951805081,0
575900,217.41245437776138,1
575900,209.71379672779122,1
575900,203.65130608153433,1
576000,203.03066731282553,1
576100,235.4598130703323,1
576100,222.03076217271717,1
576100,205.76869876558882,1
576100,224.74503811731776,0
576100,221.68019451737962,0
576200,208.0095861578772,1
576200,220.55823185263134,0
576200,210.01985028086474,1
576300,211.3953776849942,0
576300,200.57046798663185,0
576300,217.35044871561095,1
576300,207.17116041248008,1
576400,232.58112718623627,0
576400,196.5993367515145,0
576400,217.52009938148447,0
576400,207.70851227993512,0
576400,214.18961695627831,0
576400,209.34691301406698,1
576400,199.6537304012973,1
576500,213.43815236123274,0
576500,223.0530641473748,1
576500,215.7325716842232,0
576600,198.48837696577885,0
576600,212.3780022705727,0
576600,214.69919395585273,0
576700,206.72121054328176,0
576700,202.79127236885637,0
576700,213.16882793595275,1
576800,213.5776595472023,0
576800,217.49246774349902,1
576800,190.99276620257336,0
576800,219.08035508497795,1
576800,207.53066466762843,0
576800,222.3962251937223,1
576900,219.82162133337803,1
577000,197.09013778705366,1
577000,212.15028002836544,0
577100,213.83241550816052,1
577100,218.15348200297754,1
577200,200.60880068748273,0
577200,194.2523030865989,1
577200,214.6736009133459,1
577200,209.87816189146537,0
577300,211.8966084585541,0
577300,224.6322870312568,1
577400,218.47170490621858,0
577400,214.51855347121764,0
577400,215.5376393972928,1
577500,211.95684077934047,0
577500,204.06064860263916,1
577500,215.65844826058316,1
577500,200.89088091913925,1
577600,219.8380689918984,0
577600,219.86356745074715,0
577600,213.1244204561573,0
577700,228.31065669960927,0
577800,209.49949960831663,1
577800,229.4949970826746,0
577800,214.1848085967568,1
578000,211.2683099045033,0
578100,189.67733382717051,0
578200,223.04515309164333,0
578300,217.19243610445082,1
578300,210.15415774003756,1
578400,223.51813667040554,1
578600,206.04941394798857,1
578700,209.67582978350632,0
578800,218.00336035672632,1
578900,222.16032425972176,1
578900,203.476814623764,0
579000,221.73071924386298,1
579000,218.96006512934525,1
579200,226.64277033576414,0
579200,200.58478840715725,1
579200,206.88150930732758,0
579300,217.85040340906573,1
579600,222.62964295994993,1
579600,210.36395287930216,0
579700,200.6237358005308,0
579700,201.26066410433182,1
579800,205.39752075702856,1
580000,214.4345301572527,1
580000,212.51810740650714,0
580100,211.86830575639272,1
580100,219.19852785647234,0
580100,225.28429393955966,0
580100,207.41546516624905,1
580200,236.27399134313782,0
580200,212.53500633542484,1
580200,208.84319508828264,1
580300,188.2744150628952,1
580300,219.5229126624918,0
580400,204.4108218372029,0
580400,207.75416464656945,0
580500,208.56268688729426,1
580500,195.35546964032778,1
580500,218.93389361155783,0
580500,229.72201111744997,0
580600,219.08238068288435,0
580600,190.85143225247464,1
580600,220.3779275746355,1
580600,222.52260823642962,1
580600,197.36042592492606,0
580700,202.9702128071476,1
580700,210.43890393862077,1
580700,213.20214342463572,0
580700,226.5929569724931,1
580700,216.23336929314735,1
580700,214.3778201626839,1
580800,211.59710922077602,1
580800,205.18100558011088,0
580800,204.88740547033564,0
580800,210.02192721479324,1
580800,214.7394971449562,0
580900,233.75185102980927,0
580900,214.72880738834232,1
581000,205.10780750653072,0
581000,208.29393081535395,1
581000,210.91338786743586,0
581000,211.03804180301537,1
581100,194.32234184294748,0
581100,187.33792553731365,0
581100,209.9460942870447,1
581100,217.80715115099193,1
581100,224.7663383601607,0
581100,223.5298693413533,0
581300,221.209682526359,1
581400,219.1504622349218,0
581400,216.87045409772054,0
581400,215.68434363108958,1
581400,229.5425579940613,0
581400,215.45623479775742,1
581500,226.09128562952515,0
581500,200.22220245160653,0
581600,218.70709265697843,1
581600,217.88542362564243,1
581600,212.70575012827132,0
581700,213.9639735441302,1
581700,229.96478755732244,0
581800,205.4609531082862,0
581800,245.59794065023428,0
581800,205.74059825708295,0
581800,212.753238446242,1
581800,217.4835917018985,1
581900,213.66734143093566,1
582000,220.3373615495328,0
582000,227.506497784337,0
582000,202.22369024473747,1
582000,209.75569038111627,1
582100,203.3501888654804,1
582100,213.68245601149667,1
582200,220.00388150194826,1
582400,228.0591456927802,0
582400,232.66021185753996,0
582400,235.79989569333688,0
582400,214.14050569934682,0
582400,214.82155685674815,1
582500,219.62607488242529,0
582600,239.98285416126458,0
582700,206.0673329712487,0
582700,208.16470042022846,1
582800,229.42304317478437,0
582900,217.99381119580642,1
583000,233.71107001414933,1
583300,232.9597498060699,0
583300,223.5349967158047,0
583500,218.86234727335955,0
583600,228.3723926768446,0
583600,220.4609204584417,0
583600,220.27615552558248,1
583800,232.78609478293947,0
583900,221.10103494954387,0
584000,255.39454594570233,0
584000,228.47055985001384,1
584000,223.4554031798872,1
584400,248.82936074430208,0
584400,232.44289037819007,1
584500,211.45267726404646,1
584500,227.2882284444119,1
584600,222.41820915615781,0
584600,238.55412280734694,0
584600,212.21899527618496,0
584600,211.47825768408694,1
584600,215.41585407463862,1
584600,227.11779323640297,0
584700,240.67899307312007,0
584700,212.50692850834832,1
584700,212.58022676610796,1
584700,186.893353156382,0
584800,214.7888764962946,1
584800,212.50746600432205,0
584900,209.84421169096603,0
584900,239.7337165871611,0
584900,197.22451502941303,1
584900,212.28613158908956,0
584900,200.8474386066632,1
585000,220.3789418247713,1
585000,226.6860379522229,0
585100,215.29879017094555,1
585100,214.1047281690475,1
585100,190.91205633815952,1
585100,217.40583749867787,1
585100,205.74119921325067,1
585100,211.2393002316787,0
585300,198.61571404458118,0
585300,212.58094786475218,1
585300,219.83132689827053,1
585300,207.45773814155802,1
585300,217.6500335969977,1
585400,216.701816238724,1
585400,217.8106923185608,0
585400,205.8666476655384,1
585500,241.97888126569808,0
585500,234.09328785843692,1
585500,223.96721423992432,0
585600,192.60425271253365,0
585600,211.28441090312307,0
585700,239.20662567546893,0
585700,213.28563543285512,1
585700,213.0800662063464,0
585700,218.23024511873504,0
585700,197.72667410437344,0
585700,229.33149552194914,1
585800,226.9658272734343,1
585800,226.6072675140192,0
585800,205.18377233258636,0
585800,231.92459119655155,1
585800,264.1180287834764,1
585800,233.64545584079053,0
585900,218.65254640724118,0
585900,204.25243877237898,1
585900,243.5749559683619,0
586000,217.05901032611865,1
586000,204.9141524837811,0
586100,204.50878309920637,1
586100,224.17101185082976,1
586200,216.1352115587045,1
586200,209.98064325692732,1
586200,223.01914184760275,1
586300,215.04672187725905,0
586300,219.85745723131768,1
586400,229.39719519401095,0
586400,209.31536096899785,1
586500,215.69039156147215,1
586500,226.322311558587,1
586600,218.30410244259426,1
586700,222.4418031689189,1
586700,220.23898408865713,1
586700,238.9834164880599,0
586800,212.56260527283428,0
586800,216.838480274454,1
586800,210.58660712619755,1
586900,197.0520972925446,1
586900,215.87102348624936,1
586900,212.7832627538741,0
586900,234.4266004353554,0
587000,221.7791579814175,0
587000,209.34462194108272,0
587100,216.9458134468674,1
587100,211.06143924023726,1
587200,258.1863670360036,1
587300,209.6319533847901,1
587400,215.70716762278923,0
587600,213.85974360140384,0
587800,214.33341664070318,0
587900,203.67766682115067,1
588000,207.3752598869878,1
588000,219.51118001082307,0
588100,210.22974472180286,0
588100,202.2603569056713,1
588200,212.55395852568594,1
588400,210.62665458606094,0
588400,209.35952533098157,0
588600,215.96954120540343,0
588800,229.62508025562514,0
588900,199.853148357737,1
589000,211.4497328109116,0
589000,203.35627051737038,1
589000,211.0926232246878,1
589100,223.23072950500864,0
589100,209.48253931145268,0
589100,205.5260254057267,1
589200,215.09366426647998,0
589200,214.67685821743527,0
589200,209.0657925367654,0
589200,212.54451700744835,0
589300,232.4704704535855,0
589300,214.07023399232745,0
589300,214.94959297471533,0
589400,211.73972556579324,0
589400,197.7866971078422,1
589400,223.29849361365868,0
589500,214.89770889811726,0
589500,205.76282411812255,0
589600,221.01460034936412,0
589600,205.91313126588196,1
589600,201.37283797226232,0
589700,222.65068214507673,1
589700,230.004196384681,0
589800,228.67746259304934,0
589800,226.17029573937867,1
589800,209.17398217301488,1
589900,227.49633864817858,1
589900,209.90173029675128,0
589900,231.3857147800805,0
589900,203.2312002372897,0
590000,195.70139800766913,0
590000,212.34337829735588,1
590000,216.22941562020492,0
590000,218.8319774521985,1
590000,202.49167697352905,0
590100,204.11789399462356,1
590100,204.8077713070298,1
590100,248.26705773620634,0
590100,212.847594886663,0
590200,229.87455954899838,1
590200,206.43705724370216,1
590200,201.4661817069974,1
590200,229.01576767387365,0
590300,258.61522694926464,0
590300,231.26649887201123,0
590300,217.59618624079357,0
590300,205.59392380584384,1
590400,202.97627597633132,0
590400,208.83442770839955,1
590400,227.86522383454437,1
590400,220.19121496653963,1
590500,224.8189727116905,1
590500,223.0779473695859,0
590500,216.9121243378148,1
590500,211.04133589315848,1
590500,217.60470664873353,1
590500,224.53274288544014,0
590600,197.32421644137278,0
590600,190.99247394098884,1
590600,219.24346205659685,0
590700,209.81854406793178,1
590700,226.233689779382,1
590900,219.29708982433263,1
591000,199.96010833854575,1
591000,225.0555737797167,1
591000,195.18127645547173,0
591000,198.70580376567355,1
591000,231.9157614737145,0
591000,223.28572423569236,0
591100,196.54281327595592,0
591100,204.15320276824258,0
591200,229.63372744172275,1
591300,200.6491926483704,1
591300,219.65645171757475,0
591400,230.7560502529942,1
591400,193.35383204170395,0
591500,212.91154660479876,1
591500,239.45123723027524,0
591500,218.32461239390875,0
591600,217.33367906893153,0
591600,209.27355341949956,1
591700,214.8634022467524,1
591800,194.83630438361809,1
591900,241.45788853319877,0
591900,240.2675557866843,0
592000,237.17007976090443,0
592000,225.688705845166,0
592100,218.63517240764097,0
592400,206.27907167537552,1
592600,213.17502689626124,1
592700,230.22804404323,1
592800,225.57954547680535,0
592900,212.29938942671262,0
592900,222.15497492007376,0
593000,245.62049304662852,0
593100,242.6095594120548,0
593100,224.89989721150283,0
593200,214.26606410261687,0
593500,224.58331646602593,0
593500,214.48323906153115,0
593600,228.13289645845805,0
593700,216.80056718306273,0
593700,216.3789855964882,1
593700,221.50608152285906,1
593700,226.55089486479133,0
593700,224.87086884935866,1
593800,218.58282858798393,1
593800,212.73547308058556,0
593900,233.77494297433628,1
594000,232.28558813876725,0
594000,230.81175348405634,0
594000,213.57706509568385,1
594100,228.73896274160518,0
594100,219.20029029528044,0
594100,222.78349579841395,1
594200,232.95884275336311,1
594200,231.66566275896005,0
594300,207.64432253331438,1
594300,225.6223151916094,1
594300,219.75499273241886,1
594400,216.27805422263475,0
594400,231.838833281259,0
594500,223.92527218098928,0
594500,233.913532422365,0
594500,213.31331411285748,0
594600,206.15541399576992,1
594600,217.964654907057,0
594600,212.95900251007353,0
594700,220.6333391550339,1
594700,246.2254338697114,0
594700,228.42715400522047,1
594700,223.00539388771014,0
594800,265.90241003268596,1
594800,216.64193609533788,1
594800,235.49631225947445,1
594800,235.38440134516907,0
594800,230.67930710082572,0
594800,233.73827539757028,0
595000,240.53377968678535,0
595000,223.97291824087307,1
595100,213.35115856502628,0
595100,228.06802564895335,1
595100,225.53321258037076,0
595200,231.32250784852508,0
595200,226.22486757346715,1
595200,229.01016290244044,0
595200,230.55601858219686,1
595200,234.61107118362273,1
595200,222.94827109275462,1
595200,224.34941382802344,1
595200,230.51318441589098,1
595200,218.49728550960145,1
595300,231.74956325296,1
595300,251.89502383964424,0
595300,235.50695779610876,1
595400,208.6887662116048,1
595400,228.47987806779963,0
595400,244.62283697542608,1
595500,215.05014720338374,0
595500,224.9217461583336,1
595600,215.69757062904094,0
595700,241.86737707513134,1
595700,215.70873767643687,1
595700,268.9704362792557,1
595700,227.81301330878824,1
595800,231.1224636045961,1
595800,271.7757213723629,0
595900,256.65568783191793,1
595900,217.320797775804,1
596000,239.18034516741633,1
596100,219.78405285931413,1
596100,234.42900496846858,0
596100,226.00251083120426,1
596100,216.18323425279948,1
596200,251.51841964152652,0
596300,227.96741467847414,0
596300,262.0860821673542,0
596400,228.76595773559777,0
596500,209.60673456106102,1
596700,278.54279371523234,0
596700,230.76565890955126,0
596700,246.49797653815486,0
596800,243.43065338488364,1
596800,242.16491641148164,1
596900,233.99667030218149,0
596900,262.1561584280366,1
597000,219.9022756046558,0
597000,240.1749425590429,1
597200,242.47463162236903,0
597300,219.731882434264,1
597600,229.86907491221464,1
597600,223.3340062887644,1
597600,216.98362041285338,1
597600,228.4451668351578,1
597800,199.36377180287008,1
597800,212.50886652326298,0
597900,228.4022595525647,0
597900,221.69299171885277,1
598000,204.5702109060956,0
598300,243.04083829136624,0
598400,222.1685491187417,1
598400,219.97647598045617,0
598500,235.41239799519195,0
598500,207.48065899298257,1
598600,230.8419568751636,0
598700,224.78271412704035,1
598800,212.06358923374955,1
598900,235.98134855134333,0
598900,245.47093852481584,1
599000,249.12876460163096,0
599000,231.84857861418166,0
599000,245.66782573522582,1
599000,253.56487129685198,0
599100,233.6418405891367,1
599100,233.6556075770507,1
599100,215.62283512086398,1
599200,221.59915234851422,1
599300,233.83165000997252,1
599300,248.0128438867717,0
599300,234.93627046407877,1
599300,245.25328319369234,0
599300,235.3989510574255,0
599500,249.67343308211684,0
599500,232.89286971659303,0
599600,228.46407723854523,1
599600,226.44993628972182,1
599600,243.49544737063383,0
599600,238.19789020632632,1
599700,270.07701335225494,0
599700,232.82478581490977,1
599700,241.05087312915202,1
599800,231.6993624650556,0
599800,238.06453055374453,0
599800,246.494958305075,1
599800,244.11167561598896,1
599900,245.33440175471497,1
599900,242.4923255530796,1
599900,223.07968306550507,0
599900,235.81465254359682,1
599900,219.69263076921666,0
600000,246.63289395249143,1
600000,229.75801063598578,1
600100,243.84310784464023,0
600100,231.7404144379216,0
600200,244.63825646408992,1
600200,241.35205973865376,0
600200,236.52448752734406,0
600300,233.88238191751358,1
600300,224.78829153941788,1
600400,229.74538219464924,0
600400,240.47177194798644,0
600400,231.68208190916778,1
600400,247.50250394717315,0
600400,250.30705457997905,0
600500,253.3353100391373,1
600500,230.3205867100008,0
600600,254.98313420785365,0
600600,234.36497805160107,0
600600,261.57950230600954,0
600600,232.17738838793477,1
600600,248.50530909331505,1
600800,277.89010292557447,0
600800,264.1242430059375,0
600900,226.95329171571223,1
600900,236.84467096123026,1
600900,256.9534622107058,1
600900,231.28575103253004,0
601000,244.74345208196834,0
601000,248.7658853584345,0
601100,260.9541749458464,0
601200,238.23314225127336,1
601200,246.89948792211365,1
601200,248.2652399079751,1
601200,258.0593350118859,1
601400,232.62393224287078,0
601500,246.94149199116924,1
601500,250.01612910714192,0
601600,231.12489717167102,0
601700,254.93235455511564,1
601800,226.4873629678474,1
601800,245.40512935103527,1
601800,269.4558434025671,0
601900,253.46873777291546,1
602100,251.01753346878758,1
602200,264.85590912930235,0
602400,271.3359704781659,0
602500,236.8863891697253,0
602500,276.765120533575,1
602500,259.04292779899066,1
602600,282.8204002781485,0
602700,248.63722970156098,0
602700,252.30369145710517,0
602800,266.42987257427177,0
602800,242.3168871811659,1
602900,253.99764476472566,0
602900,238.42871408238443,0
603100,256.1533394432921,0
603200,241.0694615365511,0
603300,208.4974456472327,0
603300,262.6427352242304,0
603300,239.37170596871533,0
603400,245.73051789061688,1
603500,237.9228769207783,1
603500,234.3568855143418,1
603600,237.21035062461257,0
603700,221.26327337909578,0
603800,260.37738086063433,1
603800,219.51841776764016,1
603900,234.7349560494626,0
603900,220.6431185559907,1
603900,234.78590246595923,1
604000,219.33670744600136,1
604000,251.6027254995629,0
604000,232.0650218954947,0
604300,245.34202592829067,0
604300,256.10682286675797,1
604300,231.74363502683667,0
604400,250.4707792554764,1
604400,221.79330965848092,0
604400,245.78362568484795,0
604400,245.49644249553526,1
604500,241.56187728659884,0
604500,230.55406200163358,1
604600,244.47557211381297,1
604600,224.88484193648185,0
604600,253.83752778332848,0
604600,225.19463469448465,0
604600,215.8262570528827,1
604600,228.7481501497838,0
604600,273.03545404506434,0
604700,249.9361520164158,1
604700,242.7311868609151,1
604700,222.83581404285994,1
604700,247.41595128192662,0
604800,235.06463631958366,1
604800,233.78099497368518,1
604800,260.00475170122655,0
604800,223.21046942657443,1
605000,221.3225886693903,0
605000,229.60757916058463,1
605100,260.6415068320744,0
605100,236.40090287970844,1
605100,222.5335477932778,1
605100,243.18512904845005,1
605100,256.34702072877354,1
605100,248.92640947903388,0
605100,251.5906617684346,1
605100,225.32637193660707,1
605200,237.75014142036122,0
605200,204.15783663641557,0
605200,215.88539961179126,1
605200,235.911566096081,0
605200,229.01162645842365,0
605200,228.04975228884555,0
605300,214.59130985915016,0
605400,227.34154847008577,0
605400,240.94623484996478,0
605400,248.8242393276909,1
605500,268.47836973294613,0
605600,231.70183910518378,0
605600,239.67598751079856,0
605700,227.35953463368003,1
605700,242.0346553323034,1
605700,231.7710539815214,0
605700,253.33615164300323,0
605800,232.864553240731,1
605800,222.6583675810587,1
605900,254.02187425287994,0
606100,250.00764015216603,1
606100,235.20602776200715,1
606200,233.36566487385358,0
606200,253.6241923423859,1
606300,246.595804892912,1
606300,246.40764609156895,0
606300,234.52582730409762,0
606400,219.81375796452068,0
606500,246.79753486547827,0
606700,234.00562884109297,0
606700,239.3954045486546,1
606700,229.74543677194862,1
606800,254.01444577452526,1
606800,217.6155354554189,0
606900,264.2389543159078,0
607000,231.5513258988976,0
607000,212.95542447449859,1
607100,258.5384670266619,1
607200,206.4011618191415,0
607400,231.52937824967498,1
607400,220.39349850424952,1
607500,239.2248002862521,0
607500,231.41395729240188,1
607500,234.21294588239897,0
607500,222.8012746221598,1
607600,239.38882866749424,0
607700,229.6237230859555,1
607700,220.1513157768107,0
607800,238.57903672527303,1
607800,205.61636465996003,0
607900,215.29502285370802,1
607900,223.74425278900233,1
608200,195.06618734772826,0
608200,202.9465901268816,0
608200,226.27192913610662,1
608400,234.40488897120497,0
608400,226.6214100370395,0
608500,254.15570524527223,0
608500,249.8286835386354,0
608600,171.9217935795817,0
608800,242.92587366795107,1
608800,170.16133875639076,0
608800,226.5764146575785,1
608800,233.46657101457947,1
609200,196.25064493011388,0
609200,233.26848161162417,1
609300,260.8950397294793,0
609300,233.89493028223114,1
609300,150.58032725537728,0
609300,253.9157429277291,1
609400,233.5803083356007,1
609400,266.32981581674625,1
609500,237.2133449971752,1
609500,280.15116004435816,0
609600,240.36336676636057,1
609600,239.58300075094698,1
609600,232.66920752242075,1
609600,236.20446985117107,0
609700,233.6284848247622,1
609700,236.32622886857507,0
609800,263.13984024166524,1
609800,220.0455312835273,1
609800,256.6841247642969,0
609800,188.23569373447282,1
609800,245.64634109000437,1
609900,219.0144071492839,1
609900,249.8235513262226,1
610000,228.8460136924985,1
610000,271.9910274268522,0
610100,235.50577266019963,0
610200,288.3399776188555,0
610300,281.52335650235455,0
610400,211.93565598195948,0
610400,268.9266060247502,1
610400,220.16168678852338,0
610400,242.99867173999067,1
610500,284.6158644756714,0
610500,310.79236006953005,0
610600,266.7164844243059,0
610600,241.12571284703395,1
610600,264.2137220980055,0
610700,250.40944211722947,1
610800,178.87292214609616,1
610800,261.1560459744952,0
610800,300.172339556135,0
610900,282.69384841652567,1
610900,284.679737953548,1
611000,296.6611273867195,0
611100,254.84134528909124,0
611100,316.03786749098686,1
611100,288.1173915763974,0
611100,291.40555877462145,1
611200,238.22746252479956,1
611200,272.4900094435855,1
611300,279.4679049890828,1
611300,294.92717207629323,1
611400,230.0310729785103,1
611400,306.66619249803546,0
611400,241.02505087942603,1
611400,340.8879628137106,1
611500,226.49963941467715,1
611500,323.7545243180988,0
611600,228.0373272828046,1
611600,255.56925873459463,1
611700,322.1144072638581,1
611700,276.4390196738882,0
611800,301.2685124823049,0
611800,180.59071994603076,0
611800,199.33432808031523,0
611800,185.2499789076638,0
611800,160.10943410775565,0
612000,285.8472387882236,0
612000,250.9870843213904,1
612100,193.1863135507363,0
612200,244.23909145981872,0
612200,327.99911655685776,0
612300,243.61223256955324,1
612400,277.4836993985143,1
612400,298.2717014393838,1
612400,316.21120205870557,1
612400,305.6731008778865,1
612500,127.25793313270032,1
612500,232.86135974613725,1
612600,143.17283180782016,0
612600,209.4335746141451,1
612700,206.8384602837758,1
612700,145.94776121228017,0
612700,133.65887973434005,1
612700,175.34565099292848,1
612800,266.29374164419187,1
612900,165.14340664202558,0
612900,264.78584212108376,1
612900,287.86811029946796,1
613000,168.98936059345021,1
613000,200.30160992416648,1
613000,258.3621345837598,1
613000,313.32379959550656,0
613100,295.4625620617279,0
613200,276.70993847657803,0
613300,228.47061038117533,0
613300,279.94820152839,0
613300,225.88497564238358,0
613600,312.86310777152715,0
613800,205.05134256088985,1
614100,255.37661903204244,1
614100,223.24227628787327,1
614200,333.7861226108293,1
614400,228.2356577972294,1
614500,192.18861465147458,1
614500,254.9857056122005,1
614600,213.060429042427,0
614600,230.3157902995245,0
614800,225.81211671273076,0
614900,328.6340264236296,0
615000,268.47576225620355,1
615000,244.94908573234164,1
615100,229.25356649532375,1
615100,359.89165807128495,0
615100,273.7219202104185,0
615200,273.30346196188225,0
615300,225.64938623872368,1
615300,272.68467706232633,0
615400,277.3149417898766,0
615400,308.62989875923796,1
615400,254.41695240664674,1
615400,344.4454092903678,1
615400,217.57313332453253,1
615400,318.9989957956019,0
615500,167.05842012589198,1
615500,234.3811144414027,0
615600,201.67619193579796,0
615600,272.8978353234248,1
615600,283.75926759292173,1
615600,225.05862432235733,0
615700,201.13181428772302,1
615700,343.47859277963687,1
615800,227.15466217094422,1
615800,306.616725035489,1
615900,254.6719621070241,1
615900,240.52512652073963,1
616000,275.9488202070099,0
616000,212.72972635691747,1
616000,225.2025194742129,1
616100,246.21722383040046,0
616100,324.8864811764367,0
616200,273.42045353967495,0
616300,285.11710894713093,1
616400,230.92799045420466,1
616400,218.24705850723873,0
616600,278.51742258762226,0
616600,236.89842792784742,0
616700,310.28494276062736,1
616700,274.94312093465896,0
616800,358.6492443131067,1
616800,259.8957253814745,0
616900,245.09615962883362,0
616900,176.42049488157787,0
617000,322.40575941752155,0
617000,323.43562183178045,1
617000,267.5688694342737,0
617000,236.14263289679857,1
617000,231.06191482245947,1
617000,265.7105884828602,0
617100,268.0071297674624,0
617100,228.81381834112378,0
617100,271.06868263996984,0
617100,363.7151846982228,1
617100,210.43427671000862,1
617100,244.58287719254025,1
617200,306.82438764736924,1
617200,228.47081819899068,1
617300,233.10361970144208,1
617400,231.50540167982442,1
617400,319.016702014879,0
617400,269.2178039291985,0
617500,288.2087132629761,0
617500,310.63800142475156,0
617500,221.30306405966058,1
617700,257.09895483009393,1
617700,257.68290776720124,0
617700,257.6502702943403,1
617800,216.52899626433438,0
617900,267.3257615920746,0
618000,243.91532491547008,1
618100,243.7016556976175,0
618100,353.83648875492673,1
618200,264.3820098174338,1
618300,294.387635840792,0
618300,205.82518960272606,1
618400,325.75264316365946,0
618400,323.81863208673116,1
618600,293.3675058494089,1
618600,281.9419759612096,1
618700,283.46600982320865,0
618700,264.774586489723,1
618800,299.0744928163676,1
618900,232.24396022698332,1
619000,309.2257977102965,1
619100,292.6238898992136,0
619100,171.16585232874243,0
619200,327.166056624935,1
619400,254.76896700097532,0
619400,328.0938993341239,1
619500,235.30768860464926,0
619500,304.5180707238852,1
619600,310.9231028555473,1
619700,214.29352437682437,0
619800,162.91095846691906,1
619800,227.28071651241598,1
619900,180.08409813296103,0
620000,269.43545164812156,1
620000,262.595331489484,1
620000,235.7677962166239,0
620200,247.04820118244055,1
620200,362.2138642742025,1
620200,239.17527668219824,0
620300,334.42303870913025,1
620300,227.63829437163002,1
620300,233.53813085646345,0
620300,199.13616697948297,1
620400,285.12027082894764,1
620400,210.25817859732217,1
620600,309.718649533132,0
620600,306.0571704604062,1
620700,182.95063149286625,0
620700,216.47772979438892,1
621100,269.96192956037345,1
621200,194.53842903278468,0
621300,206.89973304569537,1
621400,165.79084481970114,1
621400,196.50311774047745,0
621500,231.25918578756287,0
621500,285.2865787835649,1
621600,223.27318713178215,1
621600,201.4163634766372,0
621600,292.27215899735694,0
621700,225.56373050263267,1
621700,257.5679844570693,1
621700,307.6482026497225,1
621800,229.11056662573407,0
621800,224.83307851118738,0
621900,342.7200898250045,1
621900,283.8101343685291,1
621900,304.7354979702788,0
622000,248.76099658701162,1
622000,304.9574266294821,0
622200,186.06405487920372,1
622200,130.78674859679083,1
622300,215.80313306119126,0
622300,337.9542544196496,0
622400,194.57853182493315,1
622500,365.0307094322089,0
622500,167.73080670965638,0
622600,336.57874107233226,0
622600,272.65023931972195,0
622600,365.95671302524084,0
622700,156.3894359425531,1
622700,252.23173759665792,0
622700,316.45151954624924,1
622700,357.2914877291398,1
622700,132.64634522456583,0
622700,268.56785385399763,1
622800,235.89155709495603,0
622800,307.640166464039,0
622900,220.45274059357044,1
622900,135.0510802341031,0
623000,287.191383178849,0
623000,190.9120862285975,1
623000,183.92408898989058,1
623100,326.4594655071255,1
623100,293.29996143267624,1
623100,383.07388806117257,1
623100,372.33115943818484,0
623100,402.11028496962894,0
623100,227.3529771344104,1
623100,210.4112237134184,0
623200,210.59092035261568,1
623200,269.74803348044003,0
623200,375.2798479070944,0
623300,204.39203489853878,0
623300,383.1435819035815,1
623300,305.24953847185793,0
623400,259.84609072150755,1
623400,358.8107745506826,1
623400,229.70571148210098,1
623500,239.25478024564137,0
623600,301.1543733846883,0
623700,327.91404680069496,0
623700,323.52446465883963,1
623800,346.12641039556576,0
623900,344.99521285514226,1
624000,165.96137650894448,0
624000,182.30188863528633,0
624000,366.3710420909387,0
624100,224.42321942192302,0
624100,186.6902009084807,0
624100,150.29960361251742,1
624300,188.2769935843504,0
624300,341.1937953040227,1
624300,228.974330609921,1
624300,343.449995581523,1
624300,375.45073154571077,1
624400,210.5493200775073,1
624500,190.70998527770666,0
624600,229.1188559400936,1
624700,206.6106998394568,1
624700,485.68135568430375,0
624800,255.8828030983054,1
624800,242.8480835871861,0
624900,389.39452350202896,0
625000,215.85522986463232,1
625000,199.43631114463176,0
625000,219.47193233029498,0
625100,318.82506948684403,0
625100,179.2383476315677,0
625100,203.6605833664197,0
625100,153.0712741286007,1
625200,382.98005652554934,1
625200,364.35559086045293,1
625200,141.33458862085067,1
625200,165.70864759235909,0
625400,273.29126929474205,0
625500,158.54642720861995,1
625600,299.1908238491168,0
625600,256.0866660897105,0
625600,127.0954913583025,1
625600,265.24561425124875,1
625700,254.47246864800775,1
625800,124.23006904396468,0
625800,412.5371913932743,0
625800,264.9473964561911,0
626000,196.1576246182514,0
626000,390.8198306819117,0
626000,164.58323658928623,1
626100,150.39590491514008,1
626100,186.99153834236114,1
626100,146.50031868241066,0
626100,134.04160386069043,1
626200,260.8523471554455,1
626200,218.67174304028242,1
626200,174.7771126016298,1
626200,242.83746268749414,1
626200,198.02773262890472,0
626400,143.2499700739473,1
626400,161.50328641583494,1
626400,225.357175422154,0
626500,186.84194253732392,0
626600,160.90444650232055,1
626700,242.33544533103898,0
626700,155.92122617013953,1
626700,259.41061247449045,0
626800,173.91396989870393,0
626800,180.26872860704572,0
626900,234.83792071236348,0
626900,256.36530267630457,0
626900,216.43800559543496,1
627000,194.69357042660883,0
627000,219.21733374146515,1
627000,244.8314976703951,1
627200,265.22645900191236,0
627200,154.94825491112053,0
627300,225.4534992165418,1
627400,260.02551352349946,0
627400,132.1097435503835,1
627500,226.2372517551836,1
627500,277.3988715868083,0
627500,264.9125074418567,1
627500,226.68886131513418,0
627600,174.08984686639243,1
627800,215.8300884633662,1
627800,235.89853185545513,1
627800,215.73096163419436,0
627900,146.79091120122126,1
627900,244.95762561605483,0
628000,142.6183877139675,0
628000,175.90644183524284,0
628200,226.61335282144557,1
628200,211.43906952236776,1
628200,229.53996007932008,0
628300,232.41731753806397,1
628300,221.28816581922973,0
628400,281.4893244864484,0
628500,190.87582638820894,0
628500,240.84749813755505,1
628500,266.5324701039031,0
628500,282.78944507725777,1
628600,193.17962000585015,1
628700,230.14783025796484,1
628800,271.03380905821695,0
628800,235.21349948426862,0
629000,268.8657795848158,1
629000,286.69867629567574,1
629000,198.16555104241914,0
629000,272.9642932178086,0
629100,289.3870127046006,1
629100,242.65304138751415,1
629100,286.60498691160257,1
629200,240.60618701116272,0
629200,292.7632994687652,0
629300,251.501920802486,0
629300,252.86784982653487,1
629500,254.1433017950996,1
629500,282.84645358349434,0
629500,200.1711333431368,0
629600,269.26478941812087,0
629700,133.6113169200613,1
629700,257.5153764671264,1
629700,187.85740734735336,1
629800,218.16916815833113,0
629800,179.89299614653424,1
630000,232.3063402111079,1
630100,253.9290472155649,1
630200,235.94702345401546,1
630200,248.31741536280757,0
630300,189.9219952267684,0
630300,261.97882028290525,1
630400,297.43517658969586,0
630400,218.00831402949015,1
630500,218.61112219902284,1
630500,253.47531509052178,0
630600,271.79713405741643,1
630600,224.60938861908784,0
630600,167.8413429450409,0
630700,209.51247234142411,1
630800,218.68313699023818,0
630900,278.8967837484899,1
630900,157.76385736908367,1
630900,280.11013440135923,0
631000,265.31920060151884,1
631100,172.981907229959,1
631100,236.72646569297703,0
631100,175.22409744427696,0
631300,195.235397962869,1
631300,284.2100163937293,0
631300,285.3014768524328,0
631400,308.28988834612994,1
631400,268.71363200399054,0
631400,279.82657655165895,0
631500,153.15893175868683,1
631500,242.5601416822405,0
631600,248.96825150844433,0
631600,259.7471298062204,1
631700,248.63857803317697,1
631800,191.25112519789536,1
631800,320.16257438606516,1
631800,276.0064920739028,0
631900,284.8798584547616,1
632000,272.75554151906397,0
632000,241.93049619599918,0
632000,246.50694870979265,0
632100,332.73301383677244,0
632100,301.92610764743074,1
632100,250.58484266810578,1
632100,267.9423200958997,1
632100,218.04958182703857,0
632100,283.60262332039605,1
632200,265.564688555031,1
632200,318.11165537581417,1
632200,281.23981505929413,0
632400,275.7526525793258,0
632400,260.3274236588754,1
632400,181.67552715760118,0
632400,184.99231241863134,1
632400,226.34566788201346,0
632600,217.8954524100571,0
632600,310.04513537496706,0
632600,180.54092654537214,1
632700,277.0498978534484,1
632700,232.08617181461932,0
632800,234.02340494565533,0
632800,288.90027358870685,0
632800,214.0315209961824,1
632900,133.08384202567152,0
632900,258.12744358653765,1
632900,280.2410500639036,1
632900,253.40863029995697,0
633000,159.04309198745173,0
633000,177.82299116091863,0
633200,249.8624426651742,1
633500,229.77677638609757,1
633500,199.64178472504648,1
633500,120.34662528186743,0
633600,227.62091807277662,1
633600,139.8450893857649,1
633700,153.73128310009585,0
633700,201.4867880144979,0
633800,263.0594162960176,1
633900,139.86374611822552,1
633900,313.82599920966453,1
633900,137.71662709077924,0
633900,126.87854560715824,1
634000,133.193280113569,1
634000,298.3563460068312,0
634200,166.1070363275192,0
634200,280.0556481930399,1
634200,245.14180969450638,0
634200,296.0558621109743,0
634200,264.5192907574396,1
634200,276.99745335800884,1
634200,216.34880673590553,1
634300,247.66316989809633,0
634300,243.2161078430856,1
634300,150.04649271308645,1
634400,304.87672103272456,1
634400,129.80183360067474,1
634600,266.85943060830243,0
634600,286.91222349590527,1
634800,303.6655754106305,1
634800,232.99944081071098,1
634800,271.7534414012326,0
634800,267.2054470448476,0
634900,298.3164595135637,0
635000,124.98834417715268,1
635000,165.44430974796185,0
635000,172.31396642564968,1
635100,245.80149498571978,1
635100,258.17847353612615,0
635100,213.77899871208348,0
635200,134.01246475018473,1
635200,149.81516092953245,1
635200,131.02416050156285,0
635200,265.4859515601207,0
635200,188.87672751526569,1
635200,145.26942710728648,0
635300,213.98325654478634,0
635300,280.89075549312906,1
635300,269.0215598461037,1
635300,155.3994900030647,1
635400,312.4995466158807,0
635500,174.58087273136783,1
635500,182.72920094038494,0
635600,183.55864618155744,0
635600,309.577810206765,0
635700,161.62143962492706,0
635700,294.3105207212039,1
635800,280.2913857716338,1
635800,265.4695538202431,0
635800,183.19869902460164,0
635900,237.3978965629487,1
635900,276.2659936652279,0
635900,173.3429134941805,0
636000,141.46961553853043,0
636000,168.81773970468933,1
636100,165.57717670199406,0
636100,136.94592503792603,0
636200,140.01714830475163,1
636300,295.66550353419393,0
636300,164.2006245349915,0
636300,284.6027404669022,1
636500,258.775708318364,0
636500,281.4316956269089,0
636600,187.27755298967682,1
636600,226.2993997712211,0
636600,202.35532228077352,1
636700,243.11643210771166,0
636700,172.05568053400108,0
636800,136.40884242876226,0
636900,176.4240538704542,0
636900,151.4384825127105,1
636900,269.1187610864879,1
637000,152.23382350407098,0
637000,180.25220658770593,1
637100,273.15287112932543,1
637100,233.9935499549312,1
637100,130.8031891582144,0
637300,142.67763252759482,1
637400,212.66904303007684,0
637400,305.55700535143717,1
637500,233.43880588255678,0
637500,226.29323484531326,1
637500,251.11831707881328,0
637600,241.19096224689324,1
637600,176.9781666418436,1
637600,144.81860825709649,1
637700,255.68314431861768,0
637700,250.30070399733194,0
637700,303.8652583045019,1
637800,153.14812079737246,1
637800,230.92152763556962,1
637800,240.54112683764944,1
637800,171.87562636753623,0
637900,263.7839435791831,1
637900,301.84842506569964,1
637900,271.36736542409255,0
638000,257.9153682798106,1
638000,146.80717427230582,1
638100,207.71215160053356,0
638200,181.88052085015184,0
638300,254.84662435971916,0
638800,238.07518461627666,0
638800,201.80690263285328,1
638800,230.0788461361138,0
638800,270.6848955167471,0
638900,288.1101549388694,0
639000,217.00602373795252,1
639100,233.58683133904734,1
639200,228.2200898253395,0
639200,230.3243784789668,1
639200,257.46964425088794,1
639200,241.36813228040756,0
639200,189.26597816539476,0
639300,276.01516864643,0
639300,187.21745228991202,0
639300,147.66557110703695,0
639300,240.505274305607,1
639400,205.73473438265714,0
639500,199.11729780352067,0
639600,252.3540917472054,1
639600,216.82455471558328,1
639600,274.0165463195814,0
639700,221.41454105531653,0
639800,267.3075145914776,0
639900,218.39095249022188,0
640000,232.86925463920446,1
640100,223.3652572340409,1
640100,236.26000114057553,1
640100,216.07845123063427,0
640200,177.02995031541874,0
640200,249.89017704360154,1
640200,276.629682754277,0
640300,191.33641724072407,1
640300,226.1618410113635,0
640400,251.3165894148594,0
640400,225.5721142711168,1
640400,281.41013022596934,1
640400,170.69750816858826,0
640500,228.34289842728512,0
640600,210.16398234458475,1
640600,227.58289588822973,1
640600,213.34353534198922,1
640700,255.09179970455835,1
640700,256.5181318263338,1
640800,293.8428914159483,0
640800,224.1369945679077,1
640900,270.5335527086555,0
641000,269.0963463324156,1
641000,246.2367276603673,0
641100,194.8996760047808,0
641100,293.51419104430784,1
641100,125.18637720831514,0
641100,232.87633096266893,1
641100,271.50019861674696,0
641200,226.48771886250324,0
641400,265.3681648054629,1
641400,284.2987842290459,0
641400,172.75360083835727,1
641400,271.52196885258866,1
641500,274.1777792132992,1
641500,235.3362660031479,1
641600,272.66683042910364,1
641700,180.945006233961,1
641800,251.9275067314376,1
641900,210.1704863257447,1
641900,282.44818784910956,0
641900,320.06088633378516,0
642000,254.34189083537356,0
642000,244.88850643478176,1
642200,269.9306774049866,1
642200,254.60862869728936,0
642400,273.56083829409755,1
642400,333.1252911840319,0
642400,248.7450256451856,1
642500,219.32420681315892,0
642700,250.4155377736216,1
642700,284.95787861786073,0
642800,291.92397047893934,1
642800,250.26823544749251,1
642800,247.506059763252,1
642800,268.84517816430673,1
642800,283.9814515360831,1
642900,244.22902187461818,0
642900,272.00311509960596,1
642900,231.20954620660797,0
642900,280.118358240124,0
643000,257.78322466088025,0
643200,135.05233759789738,0
643200,262.7376463867261,1
643200,143.89527467976066,1
643300,133.28322655643493,1
643400,305.04366567270887,0
643400,273.74611440700835,1
643400,139.02286730006657,1
643500,262.19597721866126,1
643500,210.83349050947476,0
643600,267.91688938833965,0
643700,280.9159958955097,0
643700,272.27454378831055,1
643700,278.46260186054946,0
643700,298.11047856330987,1
643800,212.88010117178848,0
643800,233.10669879978107,1
643800,156.15597851325523,0
643800,216.863223832173,0
643900,225.67750689197425,0
643900,131.2062290612775,0
644000,322.64097880940767,1
644000,241.35256181282335,1
644000,224.28072914327558,1
644000,281.99676098207044,1
644000,308.25958397817834,0
644100,292.3820211025372,1
644200,243.94488420611515,0
644200,260.22924310075325,1
644400,291.76183634559993,0
644500,200.28438609126553,0
644500,276.56572013747,0
644600,209.64775879753356,0
644600,171.57504571001752,0
644600,241.19400656390374,1
644700,157.04762685794375,0
644700,251.99120435142595,1
644800,239.38557668772893,1
644900,298.8253495857527,0
645000,194.94343243243492,0
645200,218.39329302131685,1
645200,268.72202487275086,0
645200,214.67541209811162,1
645300,274.37341499617474,0
645300,287.36203030242666,1
645300,278.11165883463633,0
645500,232.47269551562005,1
645600,248.38888592239977,1
645600,308.0216712926307,1
645600,225.70400612440724,0
645600,189.98823036997794,0
645700,289.88250838095405,1
645800,207.38659300369775,1
645800,328.25143996555454,1
645800,223.9136467525786,1
645900,322.0061484225842,0
645900,197.16644541710397,0
645900,215.9083790775136,1
645900,127.65098276360514,1
646000,306.1860387207429,0
646000,250.26623231852446,0
646100,281.5944891219338,1
646100,295.12871246198506,0
646200,201.15718042804946,0
646300,208.0106756526298,0
646300,234.18342069706645,0
646400,289.0141847844013,1
646400,295.9576020469004,0
646400,288.56400557251317,0
646400,194.4880740336543,0
646500,262.5821662449485,0
646600,264.776303487169,1
646700,313.4863689193508,0
646700,225.03101434457056,0
646700,268.96258994434356,0
646800,224.80822621654184,1
646900,274.96140754521474,1
647000,232.86532851428595,1
647200,331.5984473200716,0
647200,266.0996271396667,1
647200,277.85135595920434,1
647300,175.1721366930294,0
647300,294.55574886223087,0
647300,207.19347877332575,0
647700,274.61010410199816,1
647700,259.08751659251345,0
647700,167.10382133950608,0
647900,307.86231703319294,0
647900,221.03134448726624,0
648100,246.67940601775788,0
648100,277.28434315853724,1
648100,300.02785543711485,1
648200,199.87143786470787,1
648300,251.39785480721386,1
648300,283.63841182654267,1
648400,215.9833133234875,1
648400,133.5031426495468,1
648400,224.58118779227007,0
648500,270.7098379906832,1
648600,261.0250913395722,1
648600,181.0224442545541,0
648700,234.2674738484323,0
648700,270.8393074695521,0
648700,282.2333172034364,0
648700,245.41105451584494,0
648800,253.92724026656634,0
648900,289.1139476061456,1
648900,296.6434117994384,1
649000,226.3522946715114,1
649000,257.73668424971396,1
649000,290.3437344592464,0
649100,269.7473347051958,1
649100,331.3104697098496,0
649100,299.5463104232234,0
649200,236.18445062001967,1
649200,241.0613950831517,1
649200,251.3188588538541,0
649300,250.97162608579575,0
649300,224.11365335454974,1
649300,262.27903833418077,1
649400,270.647002997114,1
649400,315.8701712116025,1
649400,265.78800038121204,1
649500,282.5302426745937,1
649500,289.3731630201134,1
649600,136.87278835941413,0
649700,314.71660212804744,0
649700,185.18145945816175,0
649700,165.5812058822809,0
649700,278.47034788842547,0
649900,365.3009446868074,0
649900,284.55546505026683,0
650000,262.8575437706817,1
650100,293.9073936325162,1
650200,207.52991601462858,1
650200,218.9729449479997,1
650300,274.87648596052367,1
650300,209.70881337617865,1
650300,324.69228154400287,1
650400,291.79566689643684,0
650400,272.41634217449047,0
650500,239.69972783819546,1
650500,233.8307805936288,0
650500,249.78139347259446,1
650500,109.62717967054853,0
650600,278.76467046348944,0
650600,279.2593525201633,0
650700,283.5687805401305,1
650700,265.0555490323671,0
650700,282.40883686227204,1
650900,267.55100896052215,0
651000,233.05149057497636,1
651000,305.7586245612146,1
651100,171.80903742197506,0
651200,232.98494078077138,0
651300,259.74485469741296,0
651300,251.40272605836677,0
651300,295.2372049665144,1
651500,245.80102039372417,1
651600,238.61621095543353,0
651600,226.21345831670442,0
651600,290.78650375321166,0
651600,225.55882428100708,0
651600,169.89145080324695,0
651600,278.7428152440792,0
651700,279.41796112953654,0
651800,210.62797384579304,0
651800,252.48812371246964,0
651900,140.34486349082084,0
651900,284.2131881545781,1
651900,135.6088231599207,1
652000,260.7103692540412,0
652000,264.7604513205131,0
652000,271.332960118624,1
652100,300.95045222335307,1
652100,284.72101662131087,1
652100,127.47238244214417,0
652100,291.6733904465006,1
652200,233.17742784382915,0
652200,267.2276823008243,1
652200,190.50866086565318,1
652300,285.22289501600306,0
652400,302.50766941650437,0
652500,194.3045042875145,0
652500,188.05523609138976,1
652600,276.7673142498884,1
652600,260.88753561408913,1
652600,181.27659008472259,1
652600,212.05857439123227,1
652600,133.11503820490617,0
652600,247.52481335350842,1
652700,213.9732246184649,1
652700,259.38063255611695,1
652800,295.01017908467384,0
652800,186.97367177291696,1
652900,134.3324622212853,0
653000,229.83574223655313,0
653100,180.79562205238446,0
653100,169.34218270644394,1
653100,255.79420507853757,1
653100,166.8692815060569,0
653200,297.6718913979526,1
653200,215.04352034069683,0
653400,293.908519930273,0
653500,216.61350668091393,0
653500,189.5118854374941,0
653800,234.53010540088323,0
653800,187.41343052564417,1
653900,247.25189573900565,1
653900,271.3209488537744,1
654000,236.44073256194164,1
654100,196.65278108536197,0
654100,204.3901764009876,1
654200,238.91871222919272,1
654200,159.8440353372981,0
654200,271.7333609692675,0
654300,275.2727939683686,1
654400,306.0338225242407,0
654400,178.00909800902548,0
654600,293.3298772328873,0
654600,254.13520057947264,1
654600,227.94020863702448,0
654600,260.5952342768083,0
654600,243.71278188628094,1
654600,190.1467961837247,0
654700,194.35773116618338,1
654800,256.22120892936425,1
654800,194.3731677237954,0
654900,123.53401662988398,1
654900,267.85366734288397,1
655000,286.9009079686547,1
655000,297.01057849626625,0
655100,325.94377164274454,0
655200,230.9107495791734,1
655200,251.4663723921356,0
655200,174.78844131020065,1
655400,187.99861253061056,0
655400,205.07121710152776,0
655400,125.00735284546215,1
655400,239.01231377737042,1
655500,150.1437095538886,0
655500,324.07980409615726,1
655600,257.8108696423813,1
655600,290.9134149361765,0
655600,183.59301610349718,0
655700,271.67619595541106,1
655700,234.85221663068396,1
655700,298.33379626753344,0
655700,292.699552768757,1
655700,258.05333995338316,1
655700,183.43577455347742,0
655800,175.4629032874143,0
656000,201.1854754394923,1
656100,271.16315618160166,1
656100,176.65575147650588,1
656200,256.9529372087586,0
656400,280.72984420802936,0
656500,260.1228363991956,1
656500,266.650858954425,0
656500,177.2505295703663,0
656500,230.33832142261153,0
656700,207.4732093022747,1
656700,254.67553114644485,1
656700,237.9417701738356,0
656800,322.4774072674944,1
656800,323.8877582852919,0
656900,254.33751659010267,0
657000,258.1258594417053,1
657100,211.50991701856617,1
657100,295.73331566149085,0
657100,286.2097860663681,1
657100,216.34168003710275,1
657100,283.2312680840274,1
657200,248.27270020939528,1
657300,217.71717482900772,0
657300,254.758526110671,0
657400,249.38609458947084,1
657400,275.341730163483,0
657500,255.32825818916493,1
657500,263.92437709694144,1
657600,254.18441480456048,1
657700,352.11237733493033,1
657700,275.97339286886603,1
657900,207.65714310124736,0
658000,274.62945910211346,1
658000,280.20821880453315,1
658000,246.88958904192222,0
658200,186.24048501327385,1
658200,273.16126443697476,0
658200,300.9616710315218,1
658200,238.1839824523448,0
658300,254.281478105001,0
658300,199.7471753211608,1
658300,241.3261411960523,0
658300,244.12756175995517,1
658400,260.5644895340812,1
658500,277.0038390131295,1
658500,325.9151036893044,1
658500,196.95147781938755,1
658500,286.0728929276242,0
658600,213.11490612912195,0
658600,209.74279924355304,0
658700,266.76880642494046,1
658700,259.3881086915275,1
658700,229.67897578166279,0
658800,273.9944404439664,0
658900,259.51887022018497,0
659000,200.83897951378864,0
659000,186.51927375450936,1
659100,194.52398954798264,0
659100,185.43509193480267,1
659100,303.5908075999708,1
659200,240.2813120161617,0
659200,285.01965260445724,1
659200,306.66738816043863,1
659200,327.50494656877953,0
659300,237.0871718444235,0
659400,161.52437403847483,0
659400,291.8317791891884,1
659600,248.59576627527116,1
659600,256.31220160460373,0
659700,213.17855429828302,1
659700,242.8099020228848,1
659800,268.1292553369471,0
659900,241.84942291073682,1
659900,211.9275410062399,0
659900,248.19650437823978,1
660000,257.3781814124176,0
660000,302.9950970572472,1
660100,206.23781630583065,1
660200,240.22008070505743,0
660200,151.20803080892046,0
660300,285.8720292027997,1
660300,233.34740183068706,0
660300,218.3014624180002,0
660400,224.73575749848789,1
660500,241.85131675541356,1
660600,201.95078925737354,1
660600,286.6411572171627,0
660700,277.192616540892,1
660800,248.49805581187272,1
660900,253.6346330069982,0
660900,303.02786946900494,0
661100,276.04104992983787,0
661100,256.4013201273254,1
661200,303.77176344862715,0
661200,271.60250954316996,0
661300,214.3546951434105,0
661300,268.86587582313,1
661300,262.9519351200157,0
661300,275.9066958847198,1
661400,270.53116222058736,0
661400,239.04708662517015,0
661400,131.20778637595475,0
661400,198.1529241284784,1
661500,249.09114658497785,0
661600,274.9419575002564,1
661600,128.1337849607176,0
661600,294.04065815378715,1
661800,232.34498684505402,0
661800,141.7298352903433,1
661900,255.26067799839362,1
661900,172.22059004763022,0
662000,164.99396182256896,0
662100,205.27117225182548,0
662200,180.0361986212464,1
662200,257.95992506253543,1
662300,273.1984251258755,0
662400,147.28003837696633,1
662400,279.1528521179673,1
662400,248.50686387518954,1
662400,304.844211867484,0
662500,175.79130958815892,0
662500,242.16969511709163,1
662600,278.2251608486502,1
662600,262.41352088555044,1
662600,210.01619872298664,1
662600,275.53997854075476,0
662600,195.70274797428502,1
662600,230.68165606208427,0
662600,329.11847646177176,0
662700,249.4956794207469,0
662800,299.1980422485429,1
662800,251.52898565457804,1
662900,269.52293566013014,1
662900,167.22123236577355,0
663000,285.6964330516165,1
663000,162.2333954153181,0
663000,278.9495525022471,1
663000,201.44049489292624,1
663000,247.50672583683817,1
663100,194.298094021097,0
663100,270.04489902066433,1
663200,312.508163427354,1
663200,206.5517297548154,0
663200,221.6428227645538,0
663300,227.90584496530582,1
663400,187.93957288881896,1
663400,196.43480893804744,0
663400,265.1967335633359,0
663500,246.15844284052721,1
663600,231.97812078482286,1
663600,270.01008898015937,1
663700,184.9007548708978,1
663800,331.66054706656723,1
663800,273.18575942128086,0
663800,292.8985093200122,0
663900,269.06678729423777,1
663900,235.50224527600815,0
663900,265.9326306094243,1
663900,221.78924678769832,1
664000,158.90518672001755,0
664000,178.47981675849337,1
664100,251.4407885431977,0
664100,211.07292026974713,0
664200,274.6985623118393,1
664200,266.7987011565551,0
664300,199.35115254899463,1
664400,136.49881586510486,0
664500,122.07477074556748,0
664500,190.19563541655728,0
664500,129.28614453853848,1
664500,199.3412882937643,1
664500,248.95492754360558,1
664600,218.06986611319667,1
664600,254.58722822494806,0
664600,257.5356410898521,0
664900,160.56507045899073,0
664900,266.532017436258,0
665000,224.49793618715879,0
665000,132.40476955640528,0
665000,118.23660810349135,1
665000,250.8591373591684,0
665200,176.92766372172076,0
665200,212.9691053764726,0
665200,252.79378831573695,0
665300,268.7932681622652,1
665400,250.68216635934746,1
665400,323.5527533979755,0
665400,229.7874107121764,0
665400,265.10006647850986,0
665500,192.07089008945093,1
665500,185.22448439733145,1
665600,245.88964440730575,0
665600,152.14805279030975,0
665800,198.3568195084529,0
665800,122.93127661000074,0
665800,293.6623611362122,0
665900,260.7659875165222,1
666000,216.61362707160998,1
666000,126.97136506973627,1
666100,263.3970735564846,0
666100,250.23475377420755,0
666200,262.338631794069,1
666200,232.99426963757196,1
666200,237.60958470051088,0
666300,156.30627855246365,0
666400,158.11219670295117,1
666400,183.97085822047163,0
666700,221.50506889891727,0
666800,123.55307818110116,1
666800,239.86404478821032,0
666900,263.63541591221906,1
666900,123.70622310208151,1
666900,241.64447350057762,0
667000,307.08258955168907,1
667100,260.7242397580258,1
667100,205.54467804175292,0
667200,313.7612059258056,1
667300,199.7018404173515,0
667300,252.23655720566626,0
667400,186.847686157301,1
667400,218.53881997959732,0
667400,193.2224656022944,1
667400,222.4071945006287,0
667500,244.74105459590552,0
667500,309.06209634735745,0
667600,295.57219799842574,1
667600,129.7781315791683,0
667700,118.81524292269505,0
667700,292.8079507682618,0
667700,138.8578196632611,0
667800,257.12955155609615,0
667900,261.7173363448124,1
667900,245.43644597674563,1
667900,304.4081646211254,1
668000,243.7172058764399,0
668000,254.9028380767652,0
668000,288.3654261621042,1
668000,247.1293211791073,0
668100,233.56784166924203,1
668100,203.06512820618352,0
668100,277.8018372558522,1
668200,116.4652620013266,0
668300,252.12177331935888,1
668400,243.18772902169474,0
668500,289.06213690939757,0
668600,281.6100571027365,1
668600,217.83067077067975,0
668700,206.55311109506007,1
668800,273.2215393611713,0
668800,299.69242658458217,0
668800,263.65470813149943,0
668800,265.5394193684364,0
668800,215.45672053175943,1
669000,246.645800833727,1
669000,167.36665777666934,1
669000,275.69297470533365,1
669200,290.51423356130755,0
669200,229.76320227627733,1
669200,300.62793400462385,1
669300,214.62878160976445,0
669400,271.9767818217467,1
669500,255.09770895954637,0
669500,285.71226595665104,1
669500,273.69124058489734,0
669500,192.36795280681514,1
669500,266.7879469053591,0
669600,295.6649529737415,1
669600,108.92271228141345,0
669600,210.50809063140014,0
669600,282.8714872488489,1
669700,301.1683864248969,1
669700,128.070755532438,0
669800,217.54943838391085,1
669800,286.2216820136928,1
669900,155.27742837051088,0
669900,277.18773720757423,0
669900,251.8250503498309,1
670100,258.18018411217764,0
670100,241.84187883877502,1
670100,271.9035460828436,1
670200,280.6930555981546,1
670200,303.78847306183866,0
670300,282.2504398089835,0
670300,249.897873401125,0
670300,198.14122182862283,0
670400,122.0965842834516,1
670400,127.22868053315159,1
670600,128.18848165326332,0
670600,295.8426763913741,0
670700,163.645330524788,0
670700,149.33619978621127,0
670800,131.30470162486358,0
670800,296.69331721247835,0
670900,267.18318705065315,1
670900,122.2725944010526,1
671000,262.48081507549495,0
671100,271.3487630954728,0
671100,191.86256008984392,1
671200,265.17568307243585,1
671200,250.00417740816934,1
671200,282.1709169239305,1
671300,316.3326146214593,0
671400,277.6309793114481,1
671400,262.29496189220436,1
671500,284.4416403087997,0
671600,311.1913971200421,1
671600,180.6216439722297,1
671700,258.39082986939286,0
671700,204.53165501057154,1
671700,213.2226646607974,1
671700,289.3187056590947,1
671700,136.9971024049397,1
671800,126.15161676092386,0
671800,227.76748059696035,1
671800,129.73834775500495,1
671900,209.6295985363152,0
671900,288.43663993204274,0
671900,277.85877933721207,1
672000,276.9257217594159,0
672100,281.76575839029914,0
672200,287.7771708245611,1
672200,295.70914213082153,1
672400,338.06036063437347,1
672400,120.32641306805559,0
672400,229.2443152598434,1
672400,296.83267009484155,1
672500,215.07901465797124,0
672600,261.4139258054663,1
672600,298.00154065951887,1
672700,126.28525938749563,0
672700,190.98344604482378,1
672800,289.3429394762938,1
672900,281.13272130977253,0
672900,145.4647677624117,0
673000,231.34418506079643,1
673200,283.62135771441933,1
673200,116.92571133775623,0
673300,245.77761518329737,0
673300,268.760396088718,1
673400,264.7297196528702,0
673400,145.640138552657,0
673400,250.67236870947195,0
673400,292.4490783648316,1
673500,197.75841221498564,1
673500,266.76435007723046,0
673500,192.00957872300455,1
673600,129.84796259134237,0
673600,281.72840416485934,0
673700,159.95772893085007,1
673900,182.11527575232637,1
673900,274.87709920108887,0
673900,292.07660598969267,1
674000,287.34202556957496,0
674100,195.38753734878983,1
674100,290.83534743363003,1
674100,120.98348546560364,1
674200,169.82085300153105,0
674300,281.8605845456948,1
674300,270.7073776067399,1
674300,293.5885957799484,0
674400,326.89541898763974,1
674400,168.3016271452365,0
674400,271.0640174596831,0
674400,158.14782380875326,1
674500,217.71887893564613,1
674500,179.92982908480124,1
674500,279.16429945881447,0
674600,173.60754072717805,0
674600,304.21304329428096,1
674600,297.9808329421245,0
674600,269.6329645168616,0
674600,157.68690839573063,1
674700,238.72600215748898,0
674700,280.20503041083623,1
674700,281.6682964058331,0
674800,247.71408551214924,0
674800,175.13414493001946,0
674900,125.64670529756633,1
674900,172.60691403564815,0
674900,221.9316401125923,1
675000,127.3290348551469,0
675000,258.2691899484913,1
675100,174.74141488615066,0
675100,261.723252390193,0
675100,166.62671659871347,0
675200,154.95924238578328,1
675200,275.81776719390956,0
675300,311.0964920445363,0
675300,242.84575672726888,1
675300,126.15354744442925,0
675300,289.3456890847288,0
675400,129.98114001616082,1
675400,291.00714796425757,0
675400,251.8219866442216,1
675400,185.96039980662184,1
675500,252.57252365558477,1
675500,179.60629878116276,1
675500,277.3761438424966,1
675500,285.53060605432245,1
675500,302.85989394704364,1
675600,207.85383414481643,0
675600,187.110991778439,1
675600,290.8082483632669,1
675600,223.93373208034336,1
675700,159.85937302441283,0
675700,216.48885490430436,0
675800,177.83642355664315,0
675900,126.5914820338749,1
675900,304.1679991238659,1
675900,195.76705298880813,0
675900,286.98460778103794,0
676000,137.0430126765826,1
676000,137.84842319321515,0
676100,119.43076286255193,0
676200,274.2789277974825,1
676300,333.19692213198493,1
676300,173.01597213326932,1
676400,199.7412648281114,1
676400,269.05393984905476,0
676400,218.45840911847532,0
676400,214.66792908242192,0
676400,122.41481553469275,1
676500,228.1978313152186,1
676500,147.11892750580262,0
676500,116.07775762628471,0
676600,227.635064295932,0
676600,136.3798928978798,1
676700,145.4456488763841,0
676700,183.6004650716208,0
676700,323.4536997087181,1
676800,150.55015395770084,0
676900,254.17083031977,0
676900,259.5135116847311,1
677000,227.5372158820707,1
677000,107.80920126688468,0
677000,118.0125851876979,0
677000,115.53699725243449,0
677100,127.08495501756171,0
677100,115.49523928670929,0
677200,110.09764177425512,0
677200,122.63096439568525,1
677300,121.75117763683345,1
677300,176.5129859500885,0
677300,167.38764739239272,1
677400,197.91302281792457,1
677500,154.5105352090381,0
677500,184.5608537965323,0
677500,145.04077482821302,0
677500,117.95959425338864,1
677500,192.39602479410703,0
677500,163.79426557083121,0
677600,280.8527383321444,0
677600,114.34356599717009,0
677700,144.10737649276152,0
677900,155.97124462855413,1
678000,179.2978841081333,0
678000,167.63437036317364,1
678100,157.67377742741488,0
678100,284.60145193728624,0
678200,163.71317535877415,0
678200,121.77024405759354,0
678200,203.00807149930694,1
678200,290.04590450352254,1
678200,160.86491699728768,0
678200,204.50144538557115,1
678400,246.5746882995121,0
678400,300.06724014310475,0
678500,155.21020614524215,0
678600,182.00548415057636,1
678600,184.69384272670115,1
678700,307.51924950823553,1
678700,134.10043364440074,0
678700,163.87763059206438,0
678700,171.77691783727158,0
678700,153.0039725259702,1
678700,249.87431102390207,0
678800,125.19506122926805,1
678800,360.6218464270396,1
678900,120.11885278642187,1
678900,203.23687548755797,1
679100,195.72561708437885,0
679200,320.3160044259693,1
679300,186.60672039240106,0
679300,163.53889093601782,0
679400,155.22231220560036,1
679400,231.47415691926486,0
679400,167.8264951660719,0
679500,199.54063240592583,1
679500,185.66461794686916,1
679600,140.3250214018831,0
679800,157.61559860705543,0
679800,197.9174324307323,1
679800,232.41795263995223,1
679900,230.97356249318938,0
679900,159.06829658069057,1
679900,210.1490999553114,0
679900,212.72633293141064,0
680000,123.37057301765303,0
680000,211.8094008321883,0
680000,361.1079316938954,1
680100,254.5007346131711,0
680100,200.53630911882695,0
680200,233.28966315660773,1
680200,155.80656425347414,0
680200,241.31393391909094,0
680200,265.4174371844555,1
680300,253.74919776908877,0
680300,221.3463877345535,0
680300,205.40917150246173,0
680400,234.9070523628077,0
680400,233.48644234050923,1
680400,187.2768506718856,0
680500,173.14751864291478,0
680500,306.3470823771597,0
680500,243.93901362235513,0
680600,171.77586929783627,1
680600,202.61717268411712,0
680600,242.88595343606815,1
680700,167.49745513883406,0
680800,202.5056753801972,1
680800,188.16433103136612,0
680800,272.5977554516877,0
680900,211.40227476736015,0
680900,237.6690526485415,1
680900,255.5884370853561,1
680900,229.95947582456407,0
681000,156.12095129361379,1
681000,166.56406907122957,1
681000,185.079052504835,0
681100,172.30167315171553,0
681100,253.1461086557648,1
681100,207.85127922393875,1
681100,120.83503069832895,0
681200,224.82452959569167,1
681500,235.71468197804145,0
681500,239.01720765883329,0
681600,206.27907901591934,0
681600,166.1054304175757,1
681700,191.7222548909957,0
681700,243.84349167334932,0
681800,194.08368752461413,1
681900,218.64376464635652,1
682000,233.32357289119867,0
682000,236.72031019452066,1
682100,282.26624595214525,0
682100,218.62222179722363,0
682100,184.82567924423867,1
682100,288.3826903277421,1
682200,250.3009881635209,1
682300,182.1048337725209,1
682300,233.1195816360158,0
682300,236.09374695497755,0
682400,227.13354236804958,0
682500,275.16121326939106,1
682500,180.5605354712826,0
682500,200.2871549986375,1
682500,159.38448647145884,1
682600,239.74122177446793,1
682600,241.6360498896119,1
682800,209.70389692012878,1
682900,224.28911791290028,0
682900,237.40799371851415,1
682900,225.4381463688716,1
683000,257.876606359023,0
683000,230.65298266376783,1
683100,234.17121414056183,1
683100,217.40151503290835,0
683100,277.53717355291514,0
683200,234.77907630976526,0
683200,205.2744039626297,0
683300,184.00567876582016,1
683500,225.33886421479548,0
683600,151.80091447241904,1
683600,238.931689035054,0
683600,269.436363242898,0
683700,223.78553755456826,0
683700,183.47716770058128,0
683700,209.0105323405686,0
684000,225.68718724643003,1
684000,254.51270463420894,0
684000,257.8456254424878,1
684000,200.1449674646123,0
684100,238.26973148965703,1
684100,176.57214155022396,0
684100,262.91838206903043,1
684300,276.5716590710335,0
684400,218.23942073991324,1
684500,204.4620244861304,0
684600,197.41182456805362,1
684600,223.2402325793761,1
684600,194.55624027233074,1
684600,200.17537573936806,1
684700,247.19292314035025,0
684700,233.04528888123275,0
684800,180.93006926450562,0
684900,228.13913007721436,0
684900,232.92332279298302,0
685200,195.70916189065065,0
685200,202.5308337270611,0
685300,326.2696518481444,0
685300,330.2747886560094,1
685400,270.1136069842151,1
685400,204.35249321806336,1
685400,289.9549863105112,1
685400,211.15877215385422,1
685500,245.92948974131664,1
685800,260.9652536738988,1
685900,226.25006955571985,0
685900,295.6807305517261,0
685900,317.51838954802463,0
686100,244.03984304722718,0
686100,260.60694971347095,1
686200,178.41342359750888,0
686200,259.23395307630295,1
686300,294.9431683252825,0
686300,150.04210203966954,0
686400,351.5894366379842,0
686400,204.70320231022268,1
686500,386.39491877506475,1
686500,282.46365616865,1
686500,260.9248189391376,0
686600,232.07179203703686,0
686600,226.31870360390104,0
686600,204.35567725399957,0
686600,218.15083070365822,0
686700,199.96936167346888,0
686800,192.6462504592633,0
686800,227.34566514294337,0
686800,318.5905421066194,1
686900,344.10995464967914,1
686900,294.8969703689266,1
687000,292.2595402743467,1
687000,300.6824587862343,1
687000,235.28651939021827,0
687000,231.43697425090167,1
687000,327.8952291314581,0
687100,281.58117350331776,0
687100,246.2668398161091,1
687200,309.1102400887468,1
687200,278.99822762383167,1
687200,389.61718297072156,1
687200,236.18322928999362,0
687300,337.9603618740902,0
687300,249.75068306293565,0
687300,353.80896844268926,0
687300,330.64901909600076,0
687300,110.36295289649271,1
687400,330.65641424967754,0
687500,292.55013162281404,0
687700,245.02635310574024,0
687900,357.93471737031655,0
687900,218.47993535825245,0
687900,383.06769362605684,1
688000,231.84145011659783,0
688100,320.14946473134853,1
688200,210.98229544241832,1
688200,407.5017995027538,1
688200,216.6613461490421,0
688200,184.91367648300826,1
688200,275.7563815165506,0
688300,288.6067233330552,0
688300,194.63332673940266,1
688300,239.49655683875798,0
688500,187.90253980521928,1
688500,258.7949027626583,1
688600,276.3599866216099,0
688600,188.67751122190364,1
688600,276.14280181764326,0
688600,299.9161373614695,1
688700,246.1218154988354,0
688700,408.60085514324817,1
688700,274.01430590070294,0
688800,310.48329917074824,1
688900,290.81507019567937,1
688900,251.31443137014463,0
688900,299.1856004212175,1
689000,237.51686121889784,1
689000,161.8751729418545,0
689000,234.4821408512496,0
689100,257.0479464097038,1
689200,304.8233819673875,0
689300,334.66308142314085,1
689400,257.26909668361884,1
689500,180.68190128274952,1
689500,194.14034853302968,0
689500,267.32532150779997,0
689700,330.68921384011855,1
689700,300.36643660223154,0
689800,243.8859217844535,0
689900,239.5945385460123,0
689900,292.0255953488928,0
689900,251.17341943274963,1
690000,186.77900811378325,0
690000,253.31043015877194,1
690000,280.94125548195325,0
690000,319.96128590891266,0
690000,261.7141714890889,1
690100,227.27121677348202,0
690200,149.23806812781626,1
690300,246.8503114033732,0
690300,258.88351867145286,0
690400,278.34129929446857,0
690500,176.6128742908361,1
690600,449.2543378767765,1
690700,193.3805926280865,1
690700,227.26356020864623,0
690700,190.64380857272232,0
690800,289.96831692689665,1
690800,234.1816642909031,1
691000,269.2115092658519,1
691200,256.6799871856974,0
691200,293.78249245394125,1
691300,182.47592242649074,1
691300,298.31738403475714,0
691400,289.0144978000356,1
691600,205.26960254348077,1
691600,206.39885540511105,0
691700,175.36048302770826,0
691700,203.88038187586696,0
691700,214.5268799495594,1
691800,266.28350052245884,1
691800,236.73156874409315,1
691900,246.02428653259958,0
691900,270.914327735888,1
692000,173.70932359271245,1
692100,262.626662630898,1
692100,240.2479701905188,0
692100,267.2564148544469,1
692100,297.1448312187939,1
692100,263.6817049116777,0
692200,277.72423163306553,0
692300,286.8030270907919,1
692400,304.50826010920895,0
692400,310.3218701448214,0
692600,274.4623034535633,1
692600,277.88851456633154,0
692600,293.6319140729553,1
692700,274.30116198877204,1
692800,309.9221860989295,0
692800,237.7055958085044,0
692900,294.4210989482898,0
692900,291.06019295950324,1
692900,287.3462218220356,0
692900,196.93513478144823,1
692900,269.04904806181827,0
693000,300.7226682870103,1
693000,285.8427649535894,1
693100,273.75291169376595,0
693100,254.1150801402828,1
693100,205.56268808616383,1
693100,242.1582229131135,0
693100,285.16010984564434,0
693200,315.161216975829,0
693200,236.05300621810707,1
693200,285.3950512118314,1
693300,288.01004873678755,0
693300,286.2248625260306,1
693700,259.47756819591285,0
693700,290.33043989742157,1
693700,226.92876197580517,1
693900,277.01481836549243,1
693900,271.8331506999401,0
694000,265.33053198997493,0
694000,278.2410895449758,0
694000,251.38764906020614,0
694000,269.2072551527931,1
694100,263.57846132671074,1
694100,266.50535981143764,1
694200,195.40595338084253,1
694200,291.2274369874215,0
694200,251.99585814521564,0
694400,254.42291050957982,1
694400,289.79009265297157,0
694400,315.32141706734654,0
694500,236.32091465123906,1
694500,316.22888917496306,0
694500,257.45279533123124,0
694600,293.99524749321205,1
694600,194.74493833887917,0
694700,247.51682107904335,0
694700,223.4576971344508,1
694800,266.7208741480203,1
694800,307.9512069466917,1
694800,285.12159530970115,0
694800,255.48024762467253,0
694900,126.85853661380048,1
694900,263.1205079299178,0
695000,199.40610547685367,1
695100,218.9449481180633,1
695200,299.6148825835007,0
695300,313.0976522891889,0
695400,278.6546673789083,1
695400,248.27179881935385,1
695400,266.6641412460735,1
695400,215.8147159969936,0
695400,255.8715195001823,1
695400,168.85757160030872,0
695700,203.74012546175535,1
695700,277.11169747618635,0
695900,226.47301897242392,0
695900,278.0545440818887,1
696000,297.07235798239697,1
696000,280.4268875268561,1
696000,353.7380702189622,0
696100,182.56635393057047,0
696200,209.7615843144447,1
696300,223.41542611293042,1
696300,268.3076420242055,0
696300,336.4994119146212,1
696400,319.7926458742735,1
696400,281.7845244024957,0
696400,322.9978378754843,1
696500,204.51098223997715,1
696500,193.18359985704248,0
696700,301.355494499392,1
696700,168.5828265501694,0
696700,186.81996808084665,1
696700,216.0944712927706,1
696800,227.45719935870997,1
696800,217.29415257810433,0
696900,347.0787803783306,1
697000,316.28411619940397,0
697000,229.36377098723653,0
697000,253.2219298889882,1
697000,131.37372522952793,1
697000,280.9917119654914,1
697100,175.81718280341892,1
697100,229.659020543034,0
697100,178.46682847795765,0
697200,368.28321526538946,0
697300,274.0935195547303,0
697500,308.5412424117428,1
697500,219.93442559370146,0
697500,207.06152664708523,1
697500,213.51056564923147,1
697600,235.52804507067748,0
697700,298.89167331555507,1
698000,272.81039351482207,0
698000,329.2976206314944,0
698200,347.8069488816158,0
698300,252.32501710614895,0
698300,147.5969391556572,1
698300,259.36557736044574,1
698400,252.3996875317621,0
698400,253.57900202466377,1
698400,281.91287400812706,1
698500,282.12478054386366,1
698500,290.1634711932787,1
698600,214.39434293584,1
698600,340.45383806361303,1
698800,222.65717066383598,1
698900,284.6039311477035,0
699000,346.4635154774366,1
699100,333.23255452973194,0
699100,311.6773673928225,0
699300,314.95557939561076,0
699300,243.12599860125746,0
699300,309.6172702639983,1
699400,312.2255918564529,0
699400,325.01686984568266,0
699500,275.82305245040516,1
699700,298.11358298876445,0
699700,243.0980273994997,0
699800,325.1093902604204,0
699800,203.60653488776384,0
699900,309.038830981919,0
700000,163.1424652558847,1
700000,332.2228730215415,1
700100,269.57800327237555,0
700100,256.7361099588358,1
700200,312.45095856188357,1
700200,167.41601024873395,0
700300,275.2347540614301,1
700300,268.8213422104303,1
700400,306.37992757022147,0
700400,212.29294224874187,1
700500,292.3694289230584,0
700500,312.9125385115944,0
700600,318.73363847959064,1
700700,324.35371724528864,1
700800,281.672469825384,1
700800,293.6505275877594,1
700800,309.77680374554694,1
700900,316.61803804313104,0
701000,274.6628837063387,0
701000,331.0674447516367,0
701000,307.932881961407,1
701000,338.1164554962476,1
701100,321.58189256351096,0
701300,267.5811126329749,0
701300,292.4614756231659,0
701400,262.59814205655886,0
701400,307.5291864240081,1
701500,283.867259677945,1
701500,308.14839321124396,1
701600,323.0259587911528,0
701700,231.02441376761945,0
701800,402.96467347503284,1
701900,351.4759516856444,0
702000,290.1914114303432,1
702000,304.23426091627533,1
702100,274.720686215288,1
702200,294.0980936443052,1
702200,335.9404258817525,1
702200,389.56248140519847,1
702300,341.4805108755353,1
702300,301.69181471118554,1
702500,352.7210881305282,1
702500,304.89847016267515,0
702600,326.3695209016638,1
702600,383.1901412827478,0
702700,170.66607467954424,1
702800,244.97094993199747,0
702800,274.54943227877425,1
702800,320.8046899911741,1
702900,322.5388743478265,1
703100,291.61540965057856,0
703200,281.5952691796941,1
703200,312.17851757712407,1
703200,339.55936697900114,0
703200,271.8122177902088,0
703200,359.91732122225955,1
703300,295.4877156037969,1
703300,330.5587705324421,0
703300,279.91630719063716,1
703400,309.7897520530332,1
703400,329.6753677197105,0
703400,333.90938045143525,1
703500,298.6800842264533,1
703500,333.64936020446885,1
703500,315.077656936155,0
703600,331.2015523728805,0
703600,342.66231356804496,0
703700,274.3998705603265,1
703700,344.78775428284604,0
703800,183.58464414593823,0
703800,332.70369424249867,0
703800,345.9671152850052,0
703900,320.59031153392687,1
704100,296.7191996632685,1
704300,371.06264057640993,0
704300,298.5769276406271,1
704400,297.1767569998923,1
704500,297.9739757787166,0
704600,307.8341893345497,0
704600,292.7411057835175,1
704600,208.3432895789963,1
704800,325.06230245513973,1
704900,304.63032042468586,1
704900,240.85236610873048,1
705000,312.87209288537514,0
705000,338.4961807023907,0
705100,336.7427443186443,0
705100,317.40234921770747,0
705100,301.936197683339,0
705300,336.5665529343901,1
705300,315.4607576129647,1
705500,314.04445106429614,1
705500,305.11316768467975,0
705600,311.5589585161503,1
705600,315.46853725919294,1
705900,331.1479802702194,1
706000,312.4015355771506,1
706000,261.80966660646044,0
706000,254.11803668906447,0
706100,291.66890593322415,0
706100,281.9333417569976,0
706300,230.0187491327632,1
706300,352.1308085873035,1
706400,326.1982164098987,0
706400,303.28888913523474,1
706500,301.96018601655305,1
706600,287.1479038450031,0
706600,359.38155580166534,1
706700,338.38870734289475,1
706700,333.22495265045836,0
706700,286.7615791224428,1
706800,321.7820432795791,1
706900,204.97574934230786,0
706900,306.53948645516635,0
707100,347.1459174468316,0
707100,302.71146103719855,0
707200,339.43249574649207,1
707300,323.8605808671615,0
707300,363.8183336483675,0
707400,347.1834421442354,0
707400,298.42931632838423,1
707400,303.7731446449709,0
707500,325.72085417688913,1
707600,196.22517507087673,0
707700,316.23189247806897,1
707700,269.01494163781854,1
707800,313.34525538065463,1
707800,333.5375227557521,1
707800,319.0855537220309,1
707900,289.81402638861397,1
707900,302.3077401802132,1
708100,319.0841924919857,1
708200,311.2426126961931,1
708300,377.37485021862904,0
708300,214.67847132564134,0
708300,364.53246229023307,1
708300,298.2007318206236,1
708300,332.78892120180575,1
708300,344.13652595968335,0
708400,159.04361649122285,0
708400,286.9325705082529,1
708500,323.4058961264463,0
708600,250.07340774094288,0
708600,280.04198739382,0
708600,314.2615921777733,0
708700,264.5245876389792,0
708700,362.413549858122,1
708800,306.7914260087317,0
708900,239.41312457151454,0
708900,331.4524480942613,0
708900,306.54616818617455,1
708900,310.77656957600175,0
708900,336.83029227594847,1
709300,302.24517670093456,1
709300,273.9815049071698,1
709400,247.1736125118152,1
709400,298.8452294235997,0
709500,344.393850706818,1
709500,299.34109540161194,0
709500,300.2414257197974,1
709600,340.473394259276,0
709700,312.0963200705132,1
709700,239.0174624867898,1
709700,130.67022145924986,0
709900,351.04409678230985,0
709900,265.73564066905567,0
709900,338.2583289270103,1
710000,304.29619206673595,1
710000,335.64386202617,0
710000,322.90154003831174,0
710100,320.5885573552341,1
710100,330.35374539360896,1
710200,274.16748197612634,0
710300,294.07732656529885,1
710300,317.19704512361795,1
710300,332.7737079019938,0
710500,290.53022772258,0
710600,358.0511358518052,1
710600,174.5534508636106,0
710800,351.7797543303845,0
710800,274.5841281500941,1
710900,275.4210335726737,0
710900,163.2463163704943,0
711000,391.40429286176345,0
711000,351.6353468021532,0
711000,299.5130430636732,1
711100,293.1434183236006,1
711100,331.7486408586831,0
711200,272.63691689462496,1
711200,295.9263565631904,1
711200,285.2977491396981,1
711200,400.08596355718674,0
711300,248.7816810793065,0
711400,322.3266058580275,0
711600,304.4919534166221,1
711600,339.86361035882646,0
711800,264.3929517179996,1
712000,252.4614097671444,0
712000,293.2605010244055,1
712100,346.77754627898804,0
712300,314.94817626565595,0
712300,310.93125498061056,1
712300,272.5463012039445,0
712300,314.74032085452603,0
712300,346.1259588768403,0
712400,212.05898266067595,1
712400,314.81186515561296,0
712500,223.3647005974117,0
712500,303.3665627053564,0
712700,316.3221954283643,1
712700,260.98965891807205,1
712900,276.528987515288,1
712900,359.4340695949912,1
713100,277.1230144528811,0
713200,317.68479096797074,1
713200,327.8489070179079,1
713200,304.18137008874305,1
713200,233.54481689695507,0
713200,267.2715148649167,1
713200,256.39693484940227,1
713300,247.19149675448298,0
713300,267.6916593545053,1
713500,261.99682571208365,1
713700,369.3501124408148,1
713700,322.3475654860872,1
713700,311.9073447425032,0
713700,298.4831691087671,0
713800,345.8824924453682,0
714000,281.0018799459461,1
714000,259.68823588405814,1
714100,337.93237320137456,1
714200,349.16196693391805,0
714300,347.6427445987353,0
714400,322.9742340231092,1
714400,272.6459724748459,0
714400,293.8134935781647,1
714500,346.1265942344288,0
714600,314.62799895905084,0
714600,410.98140916332,1
714700,296.5431444314081,1
714700,216.11874834707288,0
714800,323.1616230406558,1
714800,310.6253916136413,0
714800,323.8687463930303,1
714900,263.2274175887611,0
714900,292.3837299898114,0
714900,332.19307296956333,0
715100,314.9250647455522,0
715100,309.6634398150024,1
715100,277.0804920147296,1
715200,293.3894000185717,0
715300,324.1946981799627,1
715400,273.22601881101,1
715400,281.58006191378723,0
715400,342.9176465444678,0
715400,244.3457595531361,1
715500,331.6046712087134,1
715600,280.0322358327943,1
715700,266.0065525711602,0
715700,310.4313119711889,1
715700,302.74533335235975,0
715700,358.316473361864,1
715700,269.1118410640521,1
715700,288.03921325342554,1
715800,239.21821223663792,0
715800,296.20306147796106,0
715900,244.46747506846043,1
715900,284.61590117195146,0
715900,285.49282475701045,1
715900,312.8504249922148,0
716000,397.2910171646483,0
716000,283.4232782307479,1
716000,325.9351258055744,1
716000,264.14468696084435,1
716100,270.90400761078655,1
716200,292.0149536671387,1
716200,276.01111827083326,1
716200,323.3076535456031,1
716300,245.49766969067164,1
716400,339.8062754373098,0
716600,275.6310670041704,0
716600,355.6723134635842,0
716600,262.3213115262207,1
716700,396.15705437456677,0
716800,211.22625625547954,1
716800,267.34192831687443,1
716900,292.35971960826544,0
716900,296.58384042370903,1
717000,288.51134620224644,1
717100,302.90618223333024,1
717300,294.6746588994926,1
717400,214.11685129620193,1
717400,309.8671776941429,0
717400,284.9943240046643,1
717500,234.71341519864458,0
717500,335.4537948328031,1
717700,278.7990444627934,1
717700,331.2112153500071,1
717800,266.71959792153444,1
717800,183.6002625506849,1
717800,300.60564449243435,0
717800,259.41051474434477,0
717800,215.8825449935184,0
717800,277.54754532578113,0
717800,243.02650676738503,1
717900,343.639917951922,1
717900,288.77456167961816,0
717900,270.9202900681829,0
718000,195.12157239775286,0
718000,264.5586971998765,0
718100,231.9863339097545,1
718100,283.3399467802083,0
718200,190.98868159641344,1
718300,186.51941837697174,0
718400,256.11407079136256,1
718600,307.95595546668824,0
718700,321.4170759580079,0
718700,267.70339266703695,0
718700,269.5469581652545,0
718900,302.75286241348516,0
718900,216.32852265983766,0
719100,151.78575245044132,0
719100,283.4506986865187,0
719100,297.6310029285925,0
719100,370.2911605264191,1
719300,301.6555332191883,0
719400,170.17609172190552,0
719400,309.87503127395075,0
719500,291.91051727467647,0
719500,174.44707087463462,0
719600,291.561722856173,0
719600,174.84068692723082,0
719600,174.50487887715755,0
719600,294.2014497870402,0
719800,244.3142157685936,0
719800,282.89008153858765,0
719800,313.6231435435499,1
719900,188.72443700373074,0
720000,199.6996222461552,0
720000,302.7524410767517,1
720000,358.48694423519953,0
720000,191.2563099153881,1
720100,173.16338538788872,0
720200,288.1639888123942,0
720400,301.37961193407966,0
720400,170.3015446067583,0
720500,287.7715144867472,1
720500,204.39052298525147,0
720500,275.219957160801,0
720600,220.26116848293,0
720600,174.18531030656138,1
720700,298.20477203382285,0
720700,275.2989303646268,1
720700,274.9104848652325,0
720700,301.9788028003687,0
720900,234.35102401351932,1
721000,278.0733696253237,1
721000,311.48642513598963,1
721000,333.7190685545544,0
721100,319.6641029829236,1
721100,327.0421691313852,0
721200,322.1810723766912,1
721200,342.5442002058699,0
721200,192.26174418421485,0
721200,297.98824271881125,0
721300,284.2411025319028,1
721300,324.7530262724953,1
721400,276.157538477809,1
721500,291.6552520235733,1
721700,298.17154656851284,1
721700,324.5689468694281,1
721800,275.3178156228322,1
721800,180.81071318913337,1
721800,172.99229026826126,0
721800,232.3762449791959,0
721900,190.20514091667567,1
721900,289.3723603386805,1
721900,183.5407516784737,1
721900,209.58174078352363,1
721900,283.4812524483988,1
721900,278.0233981338615,0
722000,311.92816468075625,0
722000,334.90909186623065,1
722100,301.0126286737216,1
722100,306.8152361824689,1
722100,337.7860179403478,1
722300,315.2512367435626,0
722300,208.6590811661477,1
722400,283.9617486225472,1
722500,225.79328985041138,0
722600,227.52113886050486,1
722700,323.08992566504253,1
722800,275.12102375176255,0
722900,238.01758342023805,0
722900,311.1481020911475,0
722900,244.82045188091078,0
722900,334.8906354625327,1
722900,307.8177440889772,0
722900,312.57183067756597,0
723300,306.4000107079303,1
723400,307.1902258270538,0
723400,258.6233913700757,1
723400,248.28589255379006,1
723400,268.54090910914266,0
723500,334.6832288070856,1
723600,193.2015944935451,0
723600,308.1680626464159,1
723600,280.1981367607949,0
723700,218.54280193973835,1
723800,178.7440285917226,0
723800,296.53908752458005,0
723800,214.10272707871607,0
724000,337.500655710879,0
724000,192.2364385192871,1
724000,258.32874883515797,1
724100,309.18321610188985,0
724100,242.8814599404447,1
724100,286.45144436708506,1
724300,208.80918187919295,0
724400,330.16675950394796,1
724400,194.117491816078,1
724400,256.65505974522347,0
724400,273.81255609269914,0
724600,346.3666378917288,0
724600,187.51708340832516,1
724600,290.5546997244572,0
724700,210.7015539834897,1
724700,164.2525973803001,0
724800,328.3176075969953,0
724900,330.6425481596206,1
724900,204.54613163420933,1
725000,270.14748090816937,0
725200,270.09245975772,1
725300,304.1173275497143,1
725300,319.21080439080305,1
725300,273.49440146299577,1
725400,262.50455581153767,0
725400,333.5073357179209,1
725400,198.15779343798326,0
725400,202.61515002684249,1
725400,294.39753929845017,1
725500,232.21266951716072,1
725500,192.60698084402307,0
725600,173.01724403977082,1
725600,164.63621272253891,0
725600,273.636284461103,0
725600,203.19684457299735,0
725700,335.9222624992199,0
725700,299.7828357961521,0
725800,179.6652394465755,1
725800,299.07101248334095,0
725800,287.6131323329711,1
725800,220.40432009562625,0
725800,246.86435913060882,1
725900,316.09462750884944,0
726000,198.6601300029676,0
726100,308.0365860001522,1
726300,346.0648865170123,0
726400,254.04767507794978,0
726400,241.88468195968636,0
726400,202.1018153932008,1
726400,207.5230454946332,0
726400,297.71689755529985,1
726500,297.65834512985543,1
726500,143.0737749307787,0
726600,294.73011580033165,0
726600,215.4143371172878,1
726600,293.10810294323534,1
726600,191.71546184364476,0
726800,217.09169046582034,1
726800,189.34076905159645,1
726800,212.73145796955717,1
726900,232.08436081041776,1
727000,322.0411563356952,1
727000,201.00209682167016,0
727000,274.98411957446046,0
727100,263.1031467634144,0
727100,169.63613792725954,1
727200,341.69908823987004,1
727200,296.5532073663776,0
727300,302.96451884215895,0
727400,311.68435787020525,1
727400,214.04786024546954,0
727400,348.3754196217929,0
727400,207.87924198348097,0
727500,297.02632515952797,1
727500,281.1656337204652,0
727700,338.16696104744807,0
727900,192.9200427485838,1
727900,212.8765767675925,0
728000,311.5615782513763,1
728000,310.4555608187953,1
728100,214.90944906727242,0
728100,289.2630675223713,1
728100,224.2352674928905,1
728200,208.10598317419448,1
728300,322.28125243155824,1
728400,321.7879488261843,1
728500,275.29100164645024,0
728500,332.9447891077529,0
728700,339.54228153340284,1
728800,254.8769032694384,1
728800,242.04092031051476,0
728800,315.823389410561,0
728900,211.89909357118967,1
729000,204.89985462463366,1
729100,244.52731368150702,0
729100,200.1208156468339,1
729100,311.590412452446,1
729100,320.127156355231,0
729200,271.9032647920994,0
729200,326.5220907691966,0
729200,288.55774501651445,0
729200,228.1183858274047,0
729300,218.91907956638985,1
729300,328.67621991601476,1
729400,263.91550384997777,1
729500,194.1982985702148,1
729600,278.32017599059117,0
729600,302.37715824601077,0
729900,214.405549189338,1
729900,248.82843833941413,1
729900,186.14038716992775,0
730000,308.21920690527185,0
730000,297.26130272901014,0
730100,204.06878657154763,1
730100,219.11539926259775,0
730100,232.59543275775528,1
730200,200.367201755443,1
730300,268.85064189618845,0
730300,220.1488328402086,1
730400,288.3914766938727,1
730400,210.5837374202542,0
730500,326.69242526034805,0
730500,251.09765377676223,1
730500,316.27225868400006,1
730700,202.7492709387689,1
730700,318.80851826029374,1
730800,242.22601102415408,1
731000,314.9510116290876,1
731100,255.49415816694759,1
731100,220.65239046749585,1
731200,284.5886994336603,1
731200,361.79273871090237,1
731300,257.9504365541761,0
731300,217.00672239246882,1
731300,324.7329055216021,1
731500,208.68871372076185,1
731500,292.9244532351612,1
731600,374.3175747627677,1
731600,339.0919641892891,0
731600,257.6613833655811,0
731700,248.00588738088044,1
731800,322.4736367734125,0
731800,334.8815636190137,1
731900,208.75013981122396,0
732000,230.45880472400728,0
732000,304.3257304646273,1
732000,335.150235171913,1
732000,272.0339002130658,0
732000,217.11580338228327,1
732000,310.7432267848149,1
732000,190.66256761943882,1
732100,327.61069175538,0
732100,240.54602460459657,1
732100,254.7132626162314,0
732100,338.715139243718,0
732100,221.74525705518982,0
732200,335.56223551469446,1
732300,242.19212498618606,1
732300,193.77227098558848,1
732300,294.8457375345942,0
732300,205.18052181914186,1
732400,192.79530570364557,0
732500,292.0674264361469,1
732500,247.17366944973296,1
732600,309.4288167057711,0
732700,364.09823788686475,1
732700,183.4915741809462,1
732700,301.5900640863174,1
732700,275.84122135921336,0
732700,266.0758705201953,1
732800,342.53221993914497,1
732900,325.2227293275381,1
732900,321.7706172118863,0
732900,320.11010976321796,1
732900,298.5775499566709,0
733000,288.2624004661211,0
733000,182.296924823956,0
733000,179.49759690811018,0
733200,238.44743772262095,0
733200,321.22617645551253,0
733200,324.3919009278711,0
733200,253.6511175270994,0
733400,214.30191179985178,1
733400,193.1049093886833,0
733400,235.0756603126571,0
733600,188.31565029837148,1
733600,197.19942067888616,1
733700,315.64896608041823,0
733700,217.09163912505554,1
733700,301.7789321063524,1
733700,234.57215436940467,1
733800,168.8448526470185,0
733900,325.25294894990685,0
733900,285.209824678241,0
733900,245.2032571405975,0
734000,192.41842003254504,0
734100,286.8080091749112,1
734200,198.22296949246157,1
734200,241.4883866072255,1
734200,228.42321593235428,0
734200,190.3686301074219,1
734300,307.80490406340533,1
734300,237.00936999063072,0
734400,323.71183488628,1
734400,265.1144788432026,0
734500,291.6923995682369,1
734600,221.1942778530793,0
734600,191.5985107142056,1
734600,258.2827673006755,1
734700,281.2634028707667,0
734800,224.44056774704362,1
734800,320.99275126179583,1
734900,214.7191363244832,1
735000,207.86856736048185,1
735100,298.7502836754438,1
735100,209.53836922848157,1
735100,186.2392585471565,0
735400,278.0511893784914,0
735400,225.11096956291655,1
735400,192.08729420207848,1
735500,318.9078318255899,1
735600,305.36306665399536,0
735600,284.78618533607175,0
735700,227.49680424542296,0
735700,193.0430980321051,0
735700,273.6022580957673,0
735900,203.23197087194097,0
736000,200.15803339721094,0
736000,287.9161232401261,0
736000,187.0645859133331,1
736100,191.16109179938516,0
736100,290.6841607364059,1
736200,203.3733439298047,0
736300,189.05477117889933,0
736400,204.87210260890615,0
736400,202.6122438069248,0
736500,240.29251580025914,1
736600,213.90125780435105,0
736600,196.4269049977026,0
736600,234.19896797150747,0
736600,125.08846775507254,0
736600,214.77232837844912,0
736600,321.34506050171944,1
736700,220.65312178671087,0
736800,189.04512736471622,1
736800,324.04702437477016,0
736800,229.78404805681285,0
736900,288.5746417565674,1
736900,262.74643309996986,1
736900,179.65229714181575,0
737000,287.24734627899045,0
737000,196.9494639403597,1
737000,184.87747130290143,1
737100,195.71942476803557,1
737200,219.19790619545955,1
737200,257.1929921810046,1
737200,308.5939789966354,1
737200,328.3288164439785,1
737300,207.85078282030415,0
737300,316.65157509183564,1
737300,217.67826675319324,1
737300,297.8988663427984,1
737300,220.00624499916097,0
737300,238.56448474745596,0
737400,230.84841042546327,1
737400,308.9446130910423,1
737400,253.234084713318,1
737500,188.30771063118536,0
737500,256.70555366948156,1
737600,232.38921824335281,0
737600,260.8876306322664,0
737600,294.2181669000644,1
737700,192.79260039068163,1
737700,176.98934820553652,1
737700,202.39098980313602,1
737800,286.3161525290329,0
737800,264.4725956869882,0
737800,220.42894321690574,1
737800,190.57451143369093,0
737800,223.8244828628481,1
737800,182.83294476819134,0
737800,294.7245217923205,1
738000,177.25794272149352,1
738000,246.7889833489512,0
738000,305.31865141267474,1
738100,228.3560114582949,1
738100,249.6577720785515,0
738100,195.36722447853126,1
738100,165.3079577198856,1
738200,217.33476212830016,0
738200,274.88258719767344,0
738200,177.99120397135698,1
738200,196.49259114126167,1
738300,166.06209934177835,0
738300,219.500298289524,1
738400,233.75696297916346,1
738400,280.61603451843735,1
738400,173.90439806047632,0
738400,221.81217176821374,1
738500,166.20503825871313,1
738500,159.98759880801214,0
738500,179.61651538472154,1
738500,180.41941365482762,0
738500,166.51730335530843,1
738600,208.89634726602839,1
738700,205.24245512410926,0
738700,215.33478024075404,1
738700,165.36208029466687,0
738700,215.5469025516064,0
738700,198.66420222571838,0
738800,276.937783257264,0
738900,190.71191829743756,1
739000,161.1238643029831,1
739000,177.35285741659024,0
739200,156.68183181014416,0
739200,172.4049245589347,0
739200,306.8909358810357,1
739300,136.62942906131053,0
739500,172.05305633256418,0
739600,189.55970404101663,0
739800,192.43239481292352,0
739800,120.68449101898469,0
739800,207.74272641307272,0
739800,191.3796796380619,0
739800,284.83487637282235,0
739900,178.24326622565468,0
739900,172.96664750338334,0
739900,130.66419148041214,0
740000,184.97575308466625,0
740100,244.8770627740503,1
740200,200.5062704894342,1
740200,285.9140012434642,1
740300,169.79993910686287,0
740300,184.16854077825914,1
740600,183.20970322902386,1
740600,206.93057445890508,1
740600,241.44303630883118,1
740600,167.10672455093083,0
740700,180.8068015011724,1
740700,219.1543520427237,1
740700,178.8964035392077,0
740700,188.63232914103713,1
740700,177.44476163941255,0
740900,167.71430093336187,0
740900,124.8405406542253,0
740900,169.86521275166334,0
740900,188.15308324112405,1
741000,176.4783881561681,1
741000,169.94742834604767,1
741100,180.97614973858938,0
741100,171.73480521915718,0
741100,212.87308267385632,0
741100,209.0409582551174,0
741200,217.35305538428258,1
741300,176.73918604326883,0
741400,229.42482610318095,1
741500,185.10794159527688,1
741500,198.77849489553688,1
741600,164.5313544927873,0
741600,175.28245749693988,0
741600,237.35565594943841,0
741600,198.81683068723854,1
741700,179.91836344302698,1
741700,166.52337824190218,0
741800,161.07987085876104,0
741800,192.4781133803704,0
741800,190.97391523589948,0
741800,181.7094816370919,1
741800,190.43749490906742,0
741800,204.71829906191752,1
741900,202.6134298369383,0
741900,155.4303967817537,1
741900,189.8318764944824,0
741900,194.11827217365814,0
741900,274.08307054454434,1
742000,224.88311261226576,0
742000,200.6821243668081,0
742000,282.4146830085535,1
742100,189.5977200711864,0
742100,251.42668426688627,1
742100,184.11875312828167,1
742100,181.73227971671747,0
742300,289.73513354257875,0
742400,177.75573681101847,1
742400,176.31910748393722,1
742500,194.94647915886804,0
742500,174.7690754778697,1
742500,175.0847540215216,0
742500,247.68467146351554,1
742500,181.5424741315166,1
742500,224.15168737999116,1
742500,193.46629932453646,1
742600,189.5567199495649,1
742600,206.60918576122995,0
742700,205.77451762240426,1
742700,254.19852274494158,1
742800,198.9809008947233,1
742900,230.83937865539787,0
742900,261.59510962399617,0
742900,213.9173417758816,1
743000,206.16540997955707,0
743000,142.56786809610963,1
743000,286.43179111804017,1
743100,189.17274051627462,0
743200,271.66769923986806,0
743200,251.32292379195206,1
743200,201.89374059082036,0
743400,207.01891774866604,0
743500,184.0938927709554,0
743500,226.3919923163355,0
743500,225.74932701308663,1
743500,264.27036730407366,1
743600,261.4943744990976,1
743600,205.11437021910268,0
743600,233.04815720665638,0
743700,215.20566036438782,1
743700,179.10133221408077,1
743800,179.4758675964831,1
743800,186.23116796523817,0
743900,183.6625975100656,0
743900,339.7696107990507,1
744000,180.97032757005056,1
744000,231.4379955018978,0
744000,149.37935551813476,0
744000,209.69708936483414,0
744100,174.83723165020936,0
744100,231.4035988098521,0
744200,186.61674416836325,1
744200,278.1141444679624,0
744400,219.9631904593734,1
744400,188.14762476720304,1
744500,155.51758890118452,1
744500,181.8264444298226,1
744500,180.2843274611688,1
744600,227.29178811778166,1
744600,220.2445308685642,1
744700,165.39102809473914,1
744700,212.7318661944012,0
744700,238.4456498475026,0
744800,193.87698937381805,1
744800,182.01611332256797,0
744900,195.05134170907263,1
744900,201.25076468855997,1
745000,136.89839674236953,1
745100,189.88898138265873,0
745100,165.5495228410199,1
745100,180.3568125116159,1
745100,185.01680232507752,0
745100,134.7082409322449,0
745100,154.68838256266235,1
745200,149.69194593070154,1
745200,191.59276625499558,0
745300,167.4010861336232,0
745500,226.20613038206437,0
745500,169.77279121758707,0
745600,237.18623472390104,1
745600,235.31866376123034,0
745600,200.15335224702358,1
745700,187.83647360582228,1
745700,209.2963798847032,0
745700,228.632629055587,1
745800,203.2523287728189,1
745800,177.58738652018818,1
745900,239.4959701721123,1
745900,184.792271727966,0
745900,237.1494851899044,1
746100,212.27047044457493,1
746100,166.55571465753115,1
746100,138.26988477222005,0
746100,186.6830866972272,0
746200,219.77851858879774,1
746300,198.29234801215327,1
746300,216.62583806631326,0
746400,207.39979248215948,0
746400,222.36487696263333,1
746500,190.78411526462352,0
746600,233.81581897451392,1
746600,192.90704914057028,0
746600,203.0156431994177,1
746600,229.00392078765472,0
746700,194.23928368663826,1
746700,193.21612319781116,0
746800,241.92607513892634,0
746800,149.76690613764706,0
746800,194.11257062316736,1
746900,231.25983275267203,1
746900,208.11441743875028,1
747000,210.99798590817787,0
747100,224.8614879538893,0
747100,267.2995445238784,0
747100,311.2059202330226,1
747100,211.2717825552731,1
747200,259.0171466740965,1
747200,197.3258678581013,1
747300,274.8547836298555,0
747400,212.57807582919668,1
747500,173.5354272865691,0
747500,223.85921760620442,0
747500,225.19941635906233,0
747600,248.41527466725452,0
747700,252.87848862912082,0
747800,263.0881326673541,1
747900,196.47248162326684,0
747900,200.80843176543078,0
747900,298.07937926096065,0
748000,251.6020609852025,1
748000,245.24926277623803,1
748000,183.25686058339826,0
748100,218.91631542512565,1
748100,212.47739444144906,1
748100,178.17905603697497,1
748100,179.22023733510798,0
748200,247.70617564580039,1
748200,239.92835142085457,0
748200,243.64075016218396,1
748400,175.8963662640185,0
748400,247.54160829510172,0
748400,141.9921891047161,0
748500,240.38024115073048,1
748500,218.45807107326465,0
748600,267.80116367326093,0
748600,249.04481330955912,0
748700,170.82539769347582,1
748800,188.72697122597546,0
748900,248.79519824116707,0
748900,251.29678381795554,1
749000,237.17909715532085,1
749000,242.25815008944917,1
749000,242.60835686071243,1
749100,224.79733671516607,1
749100,200.32708849307076,0
749100,197.24629594088853,1
749200,193.2018853567096,1
749200,165.52816826361925,0
749300,195.52182869132736,0
749400,296.37913699132196,1
749500,243.91065316848932,0
749500,288.12753530166043,1
749900,234.21011722935438,0
749900,301.00421668312515,1
749900,257.6450994983061,0
750000,151.7058604248303,1
750200,227.74190660350752,1
750200,280.1693686848012,1
750200,307.19815787767254,1
750300,249.41498174269253,0
750300,298.6951528200709,1
750300,244.02411572321188,1
750400,213.52154566974025,0
750400,192.68877291974195,1
750600,284.1946275260474,0
750600,272.6147585357408,1
750600,243.13405797525215,0
750700,207.6657730462794,1
750700,135.2254958102913,0
750800,251.49666909097945,1
750800,316.93148120819103,0
750900,210.94846233327397,1
751000,245.61091917075134,1
751100,336.8494920783547,0
751100,327.5358578482702,0
751100,213.4256000262964,1
751100,176.06853191231727,0
751200,212.03548805060103,1
751200,187.33219384685455,1
751200,146.55439558282825,0
751200,208.27121644889286,0
751200,175.39779660015498,0
751200,251.44793694567136,0
751300,322.9203063173757,1
751400,253.2452272390163,1
751400,259.2811424730357,1
751500,299.1249629297846,1
751500,219.51637778390793,1
751500,216.14893329490275,0
751600,208.00657382357468,1
751600,147.55587366453048,1
751600,199.98022870991687,0
751700,329.6797781089896,1
751700,235.20603222215627,1
751700,292.9956079115554,1
751800,339.4995720921668,0
751800,294.1572303166565,0
751900,266.7320305851953,1
751900,239.1062817774331,0
752000,286.92215255190735,0
752000,314.57943366882574,1
752000,320.7973068367897,1
752100,318.4351360827091,0
752100,303.6397708752591,0
752200,221.28592936957205,0
752200,244.5282777840069,1
752200,144.14978490517552,1
752200,187.07398348787882,1
752300,166.42706929610029,1
752400,237.48733954324987,1
752500,345.7405111710775,0
752500,279.4240350459289,1
752500,172.17093494714757,1
752600,302.375391551812,0
752600,187.22060467164715,1
752700,325.5417785338018,1
752700,221.34059533956065,0
752800,209.25735033937448,1
752800,296.7421853528648,0
752800,287.7988817725756,0
752900,210.35803016808632,0
753000,301.20954046126127,1
753000,238.18123674441603,0
753000,159.96664194415533,0
753000,255.7497079316244,0
753100,188.531950850269,1
753100,326.86307604797315,0
753300,137.68428980361358,1
753500,203.02426598276253,1
753500,184.4529577631287,0
753700,260.7807535972017,1
753800,222.2470539534455,1
753900,290.7490174719653,0
753900,294.22743744829467,1
753900,328.86228402501433,0
753900,204.5747743417892,1
754000,255.49086433458248,0
754000,306.9283492724066,1
754100,314.21235431655543,1
754100,308.8532566928364,0
754200,311.9372878793627,1
754300,248.64498049104301,0
754400,313.21292836422333,0
754400,257.246565352568,0
754500,307.69194768960523,1
754600,206.63610978425024,0
754700,304.30488563911996,1
754700,331.4886857080279,0
754900,232.16442480031264,0
755000,300.25334755222946,1
755100,360.60858175694295,0
755200,239.42645408623693,1
755300,323.4169472831123,0
755400,175.46507659250156,1
755400,203.1829579907068,0
755500,191.01184906837142,1
755600,174.87273048531608,1
755600,230.12749079710278,0
755600,339.0837498700853,1
755700,174.27318605586285,0
755700,321.34320199097044,1
755800,212.5227783865625,1
755800,171.18574769568656,0
755900,178.6359740583436,0
755900,300.90609647401305,1
755900,327.89903409528165,0
755900,298.2129738440325,1
756100,235.9458247234627,1
756200,209.6597730488743,0
756200,275.93953727704496,1
756300,171.30872649583375,0
756400,190.12037327154678,0
756400,305.48147321618853,0
756400,253.78516884216845,0
756500,326.75717855010026,1
756600,301.1346605069695,0
756600,272.8795710469493,0
756700,309.1282573075663,0
756800,274.71989216123535,1
756800,108.98821287106199,0
756800,325.53285506964914,1
756900,177.41100562641856,0
756900,315.40740747825487,1
756900,332.090229685217,0
756900,117.41371974230941,1
756900,208.45638234843057,0
757000,180.2644836404482,1
757000,323.65699122126847,1
757000,286.5196140971351,0
757000,312.4488528318084,0
757100,266.3786921628133,0
757100,274.55665963927635,0
757100,306.14705938506506,1
757100,293.85996653168354,1
757100,135.7068818192702,1
757200,306.3375119581453,0
757200,197.5017963596886,0
757200,344.6152500317583,1
757200,276.3821234769688,0
757300,217.94471159505719,0
757300,299.3142171764241,1
757400,161.08729938328685,0
757400,311.5442991115379,1
757400,330.153760732713,0
757400,166.4293725802327,0
757400,298.46345643586085,0
757400,281.0482099721592,0
757400,210.30680524834045,1
757500,195.26266536102423,0
757500,260.82700886180135,0
757500,232.95559627628217,0
757500,249.5900149416588,0
757500,124.15571309324388,0
757600,154.20351017315426,1
757600,167.49663601916401,1
757600,145.25857968807813,0
757700,234.20189501603116,1
757700,221.07287437169194,1
757700,238.1735882515782,1
757700,339.6710360111346,1
757800,280.52031554497137,1
757900,203.8639039015794,0
757900,248.36343560208715,1
757900,323.5819765600488,1
757900,120.39662222568427,1
758000,251.67300433484297,1
758000,160.707992880773,1
758000,189.89546577306163,0
758000,234.26676694166946,0
758000,267.3384845379275,1
758200,157.71778164539413,0
758200,335.25392986771374,1
758300,288.1490275161625,1
758400,310.5682096535473,0
758400,207.6692187356189,0
758400,176.3191699410946,1
758400,181.93068677417205,1
758400,215.79927800770562,1
758500,174.350258324098,0
758600,293.02241003385916,0
758600,339.01682512804797,1
758600,166.90498950990363,1
758600,326.01360365638016,0
758600,243.73569683893476,1
758700,122.55061388351155,1
758700,171.55625159685857,0
758700,356.7019598579164,1
758800,331.0995258524612,0
758900,343.19297327760154,0
758900,161.58743093363424,0
758900,135.1050726574202,0
759000,157.51267141586098,1
759000,135.06644325296085,1
759000,248.17098334121133,1
759000,151.79040937439504,1
759000,164.9496396104178,0
759100,156.02359690411603,0
759100,114.32615020727789,1
759100,148.03997456279785,1
759200,334.3210652150447,0
759200,153.64184254639753,1
759300,166.7114225692833,1
759400,135.6567320028017,1
759500,144.93676977525087,0
759500,126.30925863887173,1
759500,128.85081671111516,0
759600,207.4888488924355,1
759600,110.48381739359812,1
759600,192.91949665719375,1
759600,155.03881505140848,1
760000,128.2626722304764,0
760000,201.79291783861595,1
760000,192.77989496661561,1
760000,133.645758835194,0
760100,138.5125712663569,1
760100,151.24052427995179,0
760100,170.83265877130003,1
760200,183.61851923797946,0
760200,200.86555064586847,1
760300,159.41601078823498,1
760300,137.96302197393126,0
760400,131.7514773864063,1
760400,145.83167317302465,0
760400,184.78659927643952,0
760500,164.7938646925016,0
760500,372.701619992295,1
760500,176.79563310130146,0
760500,166.98748178960284,1
760500,163.09672746942852,1
760700,174.60224462010095,1
760700,161.6465826840247,1
760700,168.89652232639818,1
760800,177.07926045590528,1
760900,156.8005564958527,1
760900,152.43606656228843,1
760900,150.62613063234826,1
760900,188.4926281501794,1
760900,157.65311114256275,1
761000,177.08357418654245,0
761000,190.46561021061288,1
761000,157.32238712542275,1
761100,176.43468262244926,1
761200,168.30465417017714,1
761300,127.40462915129994,0
761300,185.90422923223747,0
761300,189.7545327778491,1
761400,169.64090634110258,1
761400,153.82111348806305,0
761500,174.8761469977264,1
761500,176.16184793463214,1
761500,174.36265674346583,1
761500,208.5702485928028,0
761500,198.58823866066328,0
761600,160.2394489497524,0
761600,189.99050736172012,0
761700,169.46289820835094,1
761800,176.90190083346275,0
761800,197.7119262844424,0
761800,152.65462795221612,0
761800,225.8133008439544,0
761800,160.5950115778297,0
761800,203.2698772110932,1
761900,207.45625554743975,1
761900,181.87248502060447,1
761900,148.9454428299301,1
761900,158.90125247785593,0
761900,148.99834377937913,0
762000,222.3126592944192,1
762100,198.72705147912208,0
762100,209.8151595646782,0
762200,191.15089302220278,1
762300,215.87000168365321,1
762300,180.64671800943447,1
762400,146.91754683586282,0
762500,126.14671149342782,1
762600,201.39129772524052,1
762600,240.54556879465216,1
762700,207.7128675195383,0
762700,135.33819929512157,1
762700,183.85490950606442,1
762700,187.80438534545132,0
762700,188.72178533553748,1
762800,193.96676922081375,0
762900,165.9158036192862,1
763000,128.17392025691612,1
763000,206.9116901106878,0
763000,118.69653423843663,1
763000,243.63340182825695,0
763100,190.74842520453865,0
763100,194.4316174896679,0
763100,204.0729907657383,0
763200,167.76403180040572,0
763200,194.63377624205418,0
763200,186.9924594947591,1
763300,177.33375692292415,0
763400,140.4056336256317,0
763400,146.23739010882082,0
763400,262.9384752179773,0
763500,194.66524044540142,0
763600,189.69521395917255,1
763700,227.04038804278247,1
763900,172.0432592815348,0
763900,249.05506392082765,1
764000,208.08687578723735,1
764000,293.0238194346383,0
764000,181.35741648317554,0
764200,236.5838355368518,1
764200,171.30036826261474,0
764200,257.6541055912019,0
764300,195.63469982329735,1
764300,128.42782734292166,1
764300,166.47478762135657,0
764400,175.91349011971027,1
764400,294.90275391718603,0
764400,202.6975603393359,0
764500,190.62970102958485,0
764500,208.1613699583947,0
764500,237.12624463156743,1
764500,180.33074137662288,1
764600,194.147730207505,1
764600,276.03177051769563,1
764700,185.98286125593594,0
764700,249.59686573592109,1
764800,174.39041911113682,1
764800,139.09174396320452,1
764900,285.11454790949546,1
764900,207.6059742476574,1
764900,278.0089467269767,1
765000,184.18758116839157,0
765000,222.05398951002692,0
765200,155.72714376812937,1
765200,313.0732090075524,1
765300,187.89932948938286,1
765300,172.13146562118533,0
765300,156.70484027035258,0
765300,166.50936005099481,0
765300,229.13583794970899,1
765400,174.47983733343145,0
765400,192.78566017429065,0
765400,163.10326893853357,0
765400,204.67933790977426,1
765400,205.45814445960042,0
765400,220.61035664742016,0
765500,196.32979616789402,1
765500,318.06878842488214,0
765500,203.93074665706874,1
765500,142.5686595037526,1
765600,247.12102338425103,0
765600,223.19500110521182,0
765700,178.8237193812463,0
765700,194.00140190513247,1
765800,167.50938802537684,1
765900,205.3919620798898,1
765900,115.95337581456955,0
766000,186.21071757486652,1
766000,195.47165800377056,1
766000,252.05152779754258,0
766000,145.31038667320107,0
766100,279.1941442369241,0
766100,189.99844159910938,0
766200,205.95438695065855,1
766300,113.5314167385341,0
766300,123.76857376250197,1
766300,205.06483023505973,1
766300,255.51109392993584,0
766400,209.09454397699133,1
766400,238.77362186694089,0
766400,141.31193851497562,0
766400,161.10506853180334,1
766700,272.36117405245153,0
766700,183.05797161527155,1
766800,188.35464682767068,0
766800,194.9020178935451,1
766800,120.47980642156404,1
766900,167.5318699623317,0
766900,178.24996799145003,0
767000,219.03028343474577,1
767000,116.27862288548361,0
767000,187.92702440092492,1
767000,207.09497808082196,0
767100,201.79352024690516,1
767200,243.9947008307976,0
767200,172.5051307927034,0
767200,252.75574096437484,1
767200,234.75813635808035,0
767300,280.75277744898034,1
767400,291.6786715438047,0
767500,157.58037946686542,1
767600,188.98360749634273,1
767600,209.6683648287098,0
767700,340.190729681552,1
767700,144.483360745518,0
767800,226.60063430615608,1
768200,272.6326371510575,1
768300,315.56121531904853,0
768400,184.35052245263677,1
768400,132.10500451853048,0
768500,186.2815447763702,0
768500,145.30160159223396,1
768500,195.9930164364569,0
768500,122.69310636363662,1
768500,229.38447655410792,0
768600,187.52624412322214,0
768600,154.27047997878213,1
768600,222.3110616334964,0
768700,252.15811277697358,1
768700,166.5025997537847,1
768700,291.123454116054,0
768700,181.7633709307199,1
768800,211.6010315451338,0
768800,344.070683327516,0
768900,212.08835961122938,0
768900,185.76288203435928,1
768900,295.7869243046037,0
768900,314.07925575088257,1
769000,146.57377914295864,1
769000,283.4445621231056,0
769000,194.99538424445623,1
769100,136.9686770742991,1
769200,236.13339189225536,1
769200,161.46364511104449,0
769200,137.6443555652055,0
769200,171.56660327662544,1
769300,204.30016297084458,0
769300,174.7985587148887,0
769300,133.31409367332222,1
769300,179.93211868186108,1
769400,210.807636104734,1
769400,256.03245612497847,0
769400,190.3972695785225,1
769400,188.67070600701436,1
769400,192.13602767755478,1
769400,227.19077378397563,1
769400,237.17911597510067,1
769400,177.98660225901736,1
769500,219.71519889782488,1
769500,157.00331821207126,0
769500,151.66925723180492,0
769600,180.92358073374965,0
769700,146.28002412694948,1
769700,201.45520552755158,1
769800,134.30487182619655,0
769800,211.75567472528763,0
769800,199.2723724079941,1
769800,257.56020190757994,1
769800,281.41350411594533,0
769800,344.4676362591867,0
769900,323.52593484189487,0
770000,216.43202511954988,1
770000,185.97249926720565,1
770000,214.38623863574426,0
770000,167.4053443087423,0
770000,163.16139559164787,1
770000,260.62160148001993,1
770100,165.45798368141376,0
770100,195.56714776042642,1
770300,161.84025709355907,0
770300,255.15325211928328,1
770300,180.48380130372027,0
770300,202.795093053834,0
770300,309.41623639435875,1
770400,121.76307757860202,0
770400,314.16640147091545,0
770500,192.5453748015302,1
770500,159.605610093179,0
770600,201.30711951017372,0
770600,380.9368222214503,0
770800,181.53881756335903,0
770800,151.92292742216145,0
770800,160.94615022400708,0
770800,175.45667439322338,0
771000,239.05540298303177,0
771000,179.48912119702925,1
771000,175.01993662261015,1
771000,184.44271497092618,0
771200,329.07925712650433,0
771200,264.22199869921525,1
771200,207.34339883260634,0
771300,189.42860669948323,0
771400,215.001698715085,0
771600,311.3432710139479,0
771600,181.7593801508878,0
771700,175.87059100139686,1
771800,323.38936037853114,0
771800,193.7830229980288,0
772000,279.3241098488647,0
772100,244.8724807747476,0
772200,214.56499812365624,0
772300,127.41680776015733,0
772500,261.31711957470804,1
772500,182.53756529193947,0
772600,183.91376108927216,1
772600,262.8052756285691,0
773100,203.78354565877322,0
773100,189.81742148188448,0
773100,261.9483048215658,0
773200,187.15753297552618,1
773200,195.46322225441412,0
773300,183.29046979235872,0
773400,183.36239945408957,1
773400,232.33798380678388,0
773400,221.13423980910014,1
773400,242.98954077308284,0
773500,190.1037935868378,1
773500,257.7773439053106,0
773600,247.06081864465406,0
773600,233.60529150590975,0
773600,326.63669429009974,1
773700,257.00117231275703,1
773700,321.9552391602212,0
773800,211.4540797990476,1
773900,259.57194864791614,0
774000,228.41485821373567,1
774000,200.267617949574,1
774100,281.2635565597217,0
774100,216.79501228848792,1
774200,257.23881343967616,0
774200,230.1645745329618,1
774300,267.1602254707924,0
774300,270.2287594995973,0
774300,250.34020026708765,0
774300,206.52419926019806,0
774300,249.92534714507914,0
774300,222.61285642259716,0
774300,240.10474019786707,0
774400,178.50922518713588,0
774400,220.8745588070469,1
774600,250.7414101061173,0
774600,163.38856314114233,1
774600,248.00253768815773,0
774600,299.271600927841,1
774700,305.7759131153804,1
774800,241.1305146038219,0
775000,252.1861221526695,1
775000,226.52203140199876,1
775000,266.2398746213495,1
775000,246.0389742747289,1
775000,250.173357923368,0
775100,273.85250016357224,1
775100,307.96402335876024,0
775100,316.3205443793395,1
775100,314.0861271664597,0
775200,228.75154422988064,0
775200,333.08288341526213,1
775300,253.46766355083463,0
775300,218.55625866139675,0
775300,187.90048463694487,0
775300,162.3889284856518,0
775400,274.90226201170293,1
775400,312.53046370493956,1
775500,316.18318297673835,0
775500,261.15953165747163,0
775500,246.44146826294383,0
775600,279.63434443872177,1
775600,201.36628208821966,0
775600,223.94660618344773,1
775700,254.6871324043516,1
775800,314.3454416113917,0
775800,196.5364216166759,1
775900,238.00520744554686,1
776000,357.3672561457187,1
776000,247.39117616920265,0
776000,301.3048533509259,1
776000,223.2361792719286,1
776100,285.72619250091395,1
776100,258.4032330594331,1
776200,341.48348371298636,0
776300,294.54241095336226,1
776300,274.4649239736165,1
776400,286.72833652997355,0
776500,332.52980102665657,1
776600,271.9300084983774,1
776600,268.0851870815745,1
776600,342.37983797431303,1
776600,320.0689335500003,1
776600,234.54066103762727,0
776900,205.45117664199086,0
776900,348.6746558472963,0
776900,315.07845934021486,1
777000,241.8240818506125,1
777100,391.8987617772361,0
777100,298.26206726100094,0
777300,229.53636740393895,1
777400,304.3489898372564,0
777400,248.59380444086975,0
777600,147.97312967188012,0
777600,236.3422665910368,1
777700,241.62389892079625,1
777800,299.26509760488926,1
777800,388.11075287630223,0
777900,301.0945104165263,0
777900,220.20532364880373,1
778000,221.23867520240495,0
778100,376.4619109318687,0
778100,297.5111626120859,0
778100,237.3919195648839,1
778200,243.9296763895751,1
778200,243.60229198139848,0
778200,152.73368022550122,1
778400,300.0206916332845,1
778500,247.91551471952886,1
778700,201.0299552571961,1
778700,258.48882163075865,0
778700,226.43877330971128,1
778700,187.43458361837529,0
778700,213.2691392966619,1
778800,214.40574533368704,1
778800,218.82923951158403,0
778800,240.07192089738993,1
778900,277.34051880937784,0
778900,247.66827212681713,0
779000,232.3203919812623,1
779000,268.92500136838754,1
779100,282.8266745351039,1
779100,246.24527109126322,1
779200,260.9269360599549,1
779200,278.4742866559649,0
779200,190.81196007590793,0
779200,230.2164403995152,0
779300,195.96916040054026,0
779400,159.84364297666207,1
779400,201.5606496801233,1
779400,190.8967931618633,0
779500,212.41661584202447,1
779600,255.32249486005048,0
779700,316.23724860624986,1
779800,308.6380294034983,0
779800,162.16594658090264,0
779800,198.65904669756702,1
779900,227.26116883950496,1
779900,225.13432418416465,0
780000,316.6746075292062,1
780000,301.9824461519719,1
780100,227.1679775194112,0
780100,298.7419663280987,0
780100,215.11640431468786,0
780200,271.5578320885855,0
780200,187.13514422020302,0
780200,279.88741591716195,0
780300,245.15433414635697,0
780300,249.6981675816318,0
780400,253.35359286404636,1
780400,352.8716058009438,1
780500,301.10014067519677,0
780600,201.53717929435567,1
780700,318.3844186128016,0
780700,324.6005688839771,0
780800,310.66608706711344,0
780800,164.52400052097994,1
780800,326.1448479226856,0
780900,311.2414003841978,1
780900,283.2760051100397,0
780900,188.04312385768924,0
781000,234.9888882153972,0
781100,274.01920141442776,1
781100,286.73790090976684,1
781200,276.0448757508299,0
781300,294.0776593860132,1
781400,285.5389385209196,0
781400,163.80368558836912,0
781400,227.14602409998523,1
781500,283.0176400840558,1
781500,332.3409515253108,0
781600,239.38835319726724,1
781700,277.22309954951226,0
781800,300.01704195513963,0
781800,268.29278424297723,1
781900,316.60270100617777,1
782000,265.8327950020748,1
782000,203.313335477859,1
782100,266.14762121634834,1
782200,250.9992977521717,1
782200,310.2903619567506,1
782200,210.9359197398217,1
782200,322.59897121250276,1
782200,243.6517827851439,1
782300,315.9953947590751,0
782300,269.20499438504834,1
782400,264.0416626143838,0
782400,322.0418166850739,0
782600,238.94457302199731,1
782600,306.80694328321545,1
782600,360.8282479043873,0
782800,235.61373523857492,1
782800,317.72762818909257,1
782900,240.19455694547347,0
782900,270.08112965311534,1
783100,324.9401873104587,1
783200,292.6844026984524,1
783300,245.29723550932619,0
783300,282.4338522343739,0
783400,265.42777477117966,1
783400,254.63685502155064,0
783500,209.2918571599465,1
783500,335.2692167417483,0
783600,203.78403415110074,1
783700,239.47524695941377,0
783700,281.7957074188341,1
783800,203.9151929755489,0
783900,241.29371254631357,1
784000,262.15147875418893,1
784300,245.19642997629705,1
784400,190.75836958148517,0
784400,314.23525454491886,1
784500,304.3998233227985,0
784500,219.5406937062822,0
784500,284.31850580891137,0
784500,275.338465451324,1
784600,275.5482717365614,1
784600,248.47385055902618,0
784600,295.51720212493393,0
784700,261.4932320617844,1
784700,247.7025445660256,0
784800,230.99672107226317,1
784800,274.11296219765103,0
784900,329.6777038638629,1
784900,308.317260955158,0
784900,318.0834405128629,0
784900,289.4344251646935,1
785000,265.4489798646173,1
785000,295.31893902074137,0
785000,315.3313690101797,0
785000,281.832737121294,1
785000,335.32168234236826,1
785100,176.5942559566808,0
785100,169.6949333737212,0
785300,317.03571995997874,1
785500,335.9771312106062,0
785600,226.0212888406478,0
785700,277.0531225536392,1
786000,320.266110415609,0
786000,274.62800953582195,0
786100,291.96630034645835,1
786100,316.6243137240303,1
786200,293.3711882542467,0
786300,293.1248967969742,1
786300,301.4102295026599,1
786300,296.1699731420452,1
786300,265.9281831492518,0
786300,245.79000295550748,1
786300,296.118052755627,1
786300,351.03245125552115,0
786400,319.63458998742715,1
786400,213.38241402228854,1
786500,268.5072525395335,0
786500,305.0584383360339,1
786600,167.63378529520682,1
786700,346.5684119378577,0
786900,292.82471925540875,0
787000,319.60751017749607,0
787000,321.2457017980525,0
787100,307.159308698578,0
787200,280.6622343099311,1
787300,265.60597835860636,0
787300,230.4031696963826,0
787300,314.5646339757746,1
787400,349.6212876890332,0
787400,251.95418477389313,0
787500,287.94751812580114,0
787600,327.99374244532555,0
787600,365.5433458482241,0
787600,297.7394225945899,0
787600,326.6945138293746,0
787700,248.01725741600018,0
787700,334.18007133200587,0
787700,361.9387906283589,0
787700,338.9228294540844,1
787700,301.3982709796795,0
787800,273.82606676030116,0
787800,294.5829024637561,0
788000,267.76218575513593,1
788200,253.86316561497446,0
788200,320.6882297864399,1
788300,315.2096639428721,0
788300,304.27403234589053,0
788300,303.5439956358941,0
788400,298.53068389889586,1
788500,344.858604804353,1
788500,307.2116030957253,0
788600,292.6305730546016,1
788700,319.3307154737931,0
788800,302.4485055537078,0
788800,313.02723852934383,0
789000,188.9251891524628,0
789000,295.4062434543771,0
789000,310.33028211761064,1
789200,333.14514310585344,0
789400,255.4231824040468,1
789500,293.3978530872233,1
789500,280.5011468864056,0
789600,294.451508603838,0
789700,306.421847582156,0
789800,300.61806621548493,1
789800,311.4403077724117,0
789800,336.41748588411866,0
789900,299.1965354677137,1
789900,309.9227909744614,1
790100,274.5147865543252,0
790300,246.80176108191552,0
790400,318.43484841107886,1
790400,270.8067752307563,0
790500,288.1729812213991,0
790600,280.71096961112016,0
790600,279.32346280556965,0
790700,299.3687101742075,1
790700,374.2735103295542,1
790800,350.6719396881289,1
790800,266.15980811421167,0
790900,299.8777910966217,1
790900,284.89924533591386,1
790900,357.5412732291663,1
790900,324.1123137216008,1
790900,275.82811302741175,0
791000,286.98152989226907,1
791100,292.7000225439637,1
791100,277.89418622464945,1
791100,307.4729977500762,1
791200,308.1513243227123,0
791200,265.8993227147265,1
791200,323.2515411700938,0
791200,295.16458690497177,1
791300,280.54842410064083,1
791300,296.59783780783357,1
791300,317.63276553455614,0
791400,330.05027231937527,1
791400,228.09731654362048,0
791400,234.73336664713375,1
791400,327.1005669162834,0
791400,349.1149648230419,1
791400,367.7429018275151,1
791700,193.41478037773638,1
791700,250.9271421283502,1
791800,340.68551681549275,0
791900,270.87320057604427,1
792000,252.6608993939397,1
792100,228.55509392256977,1
792200,237.39945691025468,0
792200,298.27507611913103,1
792200,215.68225463950932,1
792300,292.07122146978725,0
792300,160.75033717886618,0
792300,293.4787482641971,1
792300,308.7278502103671,0
792500,217.34424409585094,0
792500,198.74941494577274,1
792500,218.47638692383043,1
792600,291.28450882668494,1
792600,221.74203766315497,0
792700,282.7694186326685,1
792700,344.9045952584214,0
792700,334.0836667762021,0
792800,269.0135300537214,0
792800,257.63029680776805,0
792800,174.54396629387116,0
792800,315.24314041064775,0
792900,334.61604162928927,0
793000,250.1364585279623,1
793100,337.9898791736024,0
793100,254.4080816609821,1
793100,195.96900223008333,0
793200,334.4920982772819,1
793200,286.29430578758394,0
793200,259.97499234625343,1
793200,315.30008765255,1
793300,268.05367602089547,0
793300,249.6402640576399,0
793400,203.26603616228425,0
793500,239.16223605412256,0
793500,233.96489959253157,0
793500,245.63234881813253,1
793500,356.1919107221289,1
793600,308.09737405216333,0
793600,290.03725346688543,0
793600,246.60799409389068,0
793700,290.4595696013833,0
793700,321.7326744236219,0
793700,292.8287446550824,1
793800,285.75554604365266,0
793800,202.58904115469164,1
794000,367.7486781866669,0
794100,243.77698325482882,0
794100,261.202133215696,0
794100,273.1229868120447,1
794200,266.09381305823507,1
794300,265.47590779474024,1
794300,295.23151892055455,0
794400,232.41785588129605,1
794500,244.1532694445241,0
794600,232.72855426382603,1
794600,218.12478542877633,1
794600,357.52054921501775,0
794700,242.55401232164434,1
794900,187.62360199636706,1
794900,166.2822487256028,1
795000,238.98380287780014,1
795100,259.8013999949004,0
795100,199.79692130335877,0
795100,179.6068623927052,0
795300,219.77880022590813,0
795300,190.30583719466622,0
795400,265.4764118887981,0
795400,221.29764275303012,1
795500,213.9081199546887,0
795500,156.73232790254403,0
795500,231.68725571235032,0
795500,218.16141302009487,1
795500,261.0760460928065,1
795600,280.42844700876594,1
795600,191.800770168069,1
795600,270.977335664608,1
795700,196.62733114771214,0
795800,263.5255879483852,1
795800,205.55689109990027,1
795800,260.0020034399063,0
795900,212.91618182475997,0
796000,199.25006552508978,1
796000,248.78276951559906,1
796100,249.37209046194215,1
796100,216.1859847820167,1
796200,242.66370991375138,1
796200,161.90940061634527,0
796200,282.773717837805,1
796300,183.737425287765,1
796300,264.59805401377645,1
796500,184.87912405566098,1
796600,173.63854614365684,0
796600,135.51571035801433,1
796600,248.27699700657018,0
796700,265.5468304277624,0
796700,277.0487344634004,1
796900,267.64084183609486,0
796900,213.7611121971142,0
796900,221.8723651669591,0
796900,215.9950260327139,0
796900,267.53442642007593,1
796900,286.6271436036101,0
797000,278.2252626830722,1
797000,220.6431069992756,0
797100,208.93540610286587,0
797100,291.1363689246347,1
797100,260.382304992369,1
797200,329.7103750280641,1
797400,214.9735049103622,1
797600,327.91160024768664,0
797600,242.58445574855904,0
797600,217.64569315338701,1
797600,277.96800330941,0
797800,259.30369556213964,1
797800,234.80735724110897,0
797900,245.16256864556834,0
797900,293.551524119215,0
798200,234.59857204577995,1
798300,293.6631106134656,1
798400,278.52114946767824,0
798400,298.3428209020727,1
798500,278.7845440344196,1
798500,216.82309980552338,0
798900,277.00771339390235,1
799000,270.78243603285927,1
799000,273.78742076796044,1
799100,279.64674106813237,0
799200,301.8446733755912,1
799300,287.6356640483362,1
799300,290.12863786428915,1
799300,285.39384141052153,1
799300,259.38045744195273,0
799300,296.1716101552663,0
799600,293.43214205110684,1
799600,281.1485319673612,0
799700,289.6389734544554,1
799700,289.4401181325494,1
799700,297.3555003625844,1
799800,260.352032159259,0
799900,315.7960016786134,1
799900,311.8996174278383,1
799900,346.03485279651363,0
800100,331.9855965082812,1
800200,289.38452925178166,0
800200,321.20770621039094,0
800400,333.98645648505834,1
800500,297.47847836187145,0
800500,315.47039901355095,1
800600,294.25297161126923,0
801000,310.25015369433663,0
801100,341.8699650641512,1
801300,367.0510864640202,1
801300,314.58929734857935,0
801500,296.64908147255056,1
801700,331.2260765778048,0
801700,276.7236698528757,1
801800,297.13079707141924,0
801900,342.95054327931854,1
801900,272.629172215518,0
802000,304.74938549462917,1
802100,319.4710724783821,1
802100,301.80643840122934,1
802100,311.0200174689104,1
802100,252.38541459034178,0
802100,300.9858967996438,1
802200,287.3386476790929,0
802300,295.83570939818037,1
802300,266.1288388257733,1
802400,351.9053450086562,1
802400,353.40643213057064,1
802500,287.26819285686776,1
802500,371.25015406712953,0
802500,316.51928048877414,1
802700,330.1585556081066,1
802700,327.57722179789454,1
802700,303.7782681705246,1
802800,343.4827465933131,1
802800,355.99307139940305,1
802900,303.5324600994489,0
803000,335.2773413245676,0
803300,322.3450374150929,0
803400,372.37001245372,0
803500,345.49433577463896,1
803600,405.0781135846673,0
803600,318.691991679909,1
803800,317.71169066816753,1
803800,322.41952028934355,0
803800,364.76466045513723,1
803800,312.4183859183007,0
803800,288.01559615310856,1
803900,329.3865018439826,1
803900,280.0211493389596,1
803900,312.71594230887354,1
803900,309.15898189925707,0
803900,307.66485303842103,1
804100,377.7375576629124,1
804200,297.4297860273741,1
804400,390.99256501368444,1
804600,357.3180478895181,0
804800,239.77579199101282,1
804900,389.09938290417904,1
805000,349.1333912151145,0
805100,390.42429552909823,0
805200,309.6268901566772,0
805200,214.61667963359298,1
805200,395.81306912379944,0
805200,288.5287899138882,0
805500,300.59144092530664,1
805500,331.47969596373133,1
805700,388.811816241334,0
805800,350.7778545281369,0
805800,411.78356905138634,1
805800,301.9900442894933,0
805800,270.50564040836997,1
805800,455.90009554864537,1
805800,343.5903117361239,0
805800,410.3516384120489,1
805800,315.03596951720544,0
805900,521.3203564550082,0
806100,309.30730715291605,0
806100,294.1293974880267,0
806100,425.3237463583149,1
806200,373.7274818252731,1
806200,305.8195203731611,0
806200,396.0270822724901,1
806600,562.2441858263908,0
806600,453.2781611373336,1
806600,414.23762615654704,0
806700,345.3633303340315,1
806700,449.89909094497915,0
806800,180.5200460848277,1
806900,330.93738616634425,1
806900,320.3937701671162,1
807000,348.83932331773514,1
807100,358.4522914487508,0
807100,429.0616193738426,0
807100,227.36579874751868,1
807200,152.1783383227826,0
807200,332.6243187651719,0
807200,272.94862126039607,0
807200,414.96325899934783,0
807300,221.5598981577993,1
807300,355.0917726904893,1
807500,383.3421453327398,1
807500,295.52010857032764,1
807500,255.51836075818053,1
807500,282.2760188146159,1
807700,220.75905105704,0
807800,263.51792521844686,0
808000,420.32430464273864,1
808000,203.58175165883853,1
808000,187.757147081288,0
808000,183.7054903189924,1
808100,331.5469313747095,1
808300,259.7809424063277,1
808300,188.3622360962326,1
808300,288.10219739178365,1
808300,401.03471845108794,1
808300,365.23144854708863,0
808300,415.99861151050766,0
808400,304.6842028502618,0
808400,282.2005151774925,1
808400,210.58353964964027,1
808500,302.26051201392164,1
808500,206.7235995038249,0
808500,440.5179161065861,0
808600,234.17587571885676,0
808600,181.11920539098952,1
808600,217.40565889265926,0
808600,222.9419487663336,1
808700,450.5342063978694,0
808700,206.96618209995657,1
808800,409.94948578743174,1
808800,300.10711488016005,1
809000,348.5586049603105,0
809100,314.237170634748,0
809100,243.88007936770495,1
809100,239.73727019623786,1
809100,380.6418026747381,1
809200,362.4638892866996,0
809200,310.2241031458952,1
809300,223.88932382643486,0
809300,185.1239602344274,1
809300,169.77007278510777,1
809400,345.3259421905284,0
809400,194.82935164147426,1
809400,267.91237080862055,0
809400,186.7429947225041,1
809500,166.6330299082096,0
809500,323.7466351056282,0
809500,166.76042714246705,0
809600,203.72258736800836,1
809600,398.3912645322507,1
809600,169.1288194687533,1
809700,212.36673136870925,1
809700,170.61200256140472,1
809700,216.2159542187003,1
809800,178.29240030715707,1
809800,177.8018481403375,1
809800,371.8249177816005,0
809900,366.587757679859,0
809900,201.1057842424983,0
809900,636.0536562782032,0
810000,232.30830662950297,0
810000,305.0832068068723,1
810100,403.75798325073333,0
810100,177.41966801796062,1
810200,567.5953214163674,0
810300,185.8952171826737,0
810300,184.204456583126,1
810400,203.6977738821365,0
810400,471.50427084886957,1
810400,335.5329491281284,0
810500,176.74220855625504,1
810500,194.4503865830257,1
810600,166.84169062175005,1
810700,162.53206971876725,0
810700,163.5172390155752,0
810900,413.70634589258117,1
811000,194.86757239750108,1
811000,167.44668533475678,1
811000,184.99108803131793,1
811100,203.7505322203091,0
811100,244.19075597018593,1
811200,183.3373281535284,0
811300,185.18655451451096,0
811300,246.48040747799666,1
811300,379.155274222691,0
811400,144.31656479502956,0
811400,223.66644014088845,0
811400,240.6227457835703,1
811500,274.7954259868718,1
811700,227.19152670092672,1
811700,207.204679680903,1
811800,231.11409707375134,1
811900,222.52035411471408,1
812100,350.9000974348884,0
812400,203.44086832427476,0
812400,243.11622229609537,0
812500,210.22106762290292,1
812600,232.48508868098776,0
812800,189.49664749411477,0
812900,473.123035931019,1
812900,204.04755172203045,0
812900,264.1229607267973,0
813300,550.1727895426556,1
813300,277.85530621087895,0
813500,240.7930584959598,0
813500,215.4505459907682,0
813600,275.54529354269835,0
813700,232.62499565836026,0
813800,241.50379044331206,0
813800,262.3145965888839,1
813900,245.33005679400904,0
814000,171.4774497650479,0
814200,276.0212505148652,1
814200,319.9278828287549,0
814400,294.18055011871115,1
814600,293.0512137682574,0
814600,309.27765024994426,0
814600,222.5300934863262,1
814600,205.73399948957785,1
814700,241.1341404984349,0
814700,231.1613505237885,1
814700,146.25965572919438,0
814700,196.3648372778105,0
814800,199.77851552105807,1
814800,295.7562607946317,1
815000,318.67633159809174,0
815000,228.5280121272425,1
815000,321.7005162710494,0
815000,326.53787888894846,1
815000,279.0381537106293,1
815100,263.13633975917224,0
815100,269.68276054963104,1
815100,313.6751045790029,1
815200,313.27970431116137,0
815200,255.29164526919493,1
815200,444.1927399956928,1
815200,324.61306079522626,1
815300,281.4063345874691,0
815300,355.3982885390031,1
815300,260.19193726131584,1
815300,615.4542979229578,0
815300,279.0181964964528,0
815300,278.59158613594855,0
815400,284.7377354805796,0
815500,165.50633859441623,0
815500,279.09676485982476,0
815600,255.68121060084547,0
815600,220.18987608574943,1
815700,358.19050651611235,1
815700,195.58122935719203,1
815800,138.93481489775093,1
815800,293.07869443387045,0
815800,328.6920613779858,1
815900,302.6856113220085,0
815900,287.6579275121115,0
816000,214.12704933000285,1
816000,379.8903407188705,0
816000,340.4430795075109,0
816000,325.13141338217076,0
816000,293.37026149002935,0
816200,324.8475117769301,0
816200,170.85554910439964,1
816300,351.6682454690591,0
816300,310.13093087182125,0
816300,359.3378734868572,1
816300,340.8855270759077,1
816400,279.4698255574533,1
816400,346.3337925138998,1
816500,264.35404124390305,1
816600,330.5626008328911,1
816600,434.5006373019194,0
816600,270.34815184190984,1
816700,298.6605581983492,1
816700,280.46974124757395,1
816800,313.0271153991484,0
816800,307.6697164830054,1
816900,317.7884632384936,1
816900,364.3633051696793,0
816900,247.17553855605874,1
817000,469.5235137976962,1
817000,280.83044867612904,1
817000,322.0743998798801,0
817000,333.3111598102924,0
817200,308.81232725275737,1
817200,151.96003066643854,1
817300,198.89048840952069,1
817400,313.1902914508286,1
817500,308.70346782465714,0
817600,290.4538237943294,1
817900,323.6152425372115,0
818000,425.69725824515405,1
818100,225.77635128326943,1
818200,329.41077102463856,0
818300,458.98069981604334,1
818300,452.3676360510006,1
818500,198.43512070033856,1
818700,461.26588189544225,1
818700,254.19623741703313,1
818900,291.74891918593323,0
818900,207.0386520990978,0
818900,327.28262028111214,1
818900,342.75068055747244,1
819000,261.901701084967,0
819000,299.327782974564,0
819000,353.4289509241466,0
819100,273.7542724110178,1
819100,323.1836914479541,0
819500,326.81810369569894,0
819600,276.8800940543333,0
819700,293.20043054419415,1
819800,288.9325858970354,0
819800,269.08593773955755,0
820100,258.4102578617015,0
820200,227.50576877828476,1
820200,266.8266579643991,0
820300,313.8835789725366,0
820300,280.01923316150845,1
820400,260.69618999690624,1
820500,266.0839568573323,1
820500,251.919671037928,0
820600,365.45621007886194,1
820700,281.1644600207066,0
820700,276.3515755159412,1
820800,299.3327784370763,1
820900,258.31583599939586,0
821100,281.5886806765149,0
821200,295.1606949210557,0
821200,303.41691272745135,1
821300,320.2182190769657,0
821300,332.60431447636637,0
821300,286.1857968160644,1
821300,268.7899636386047,0
821400,274.6528439725492,1
821400,312.29311423625245,1
821400,296.85255028706126,0
821500,302.82370857987337,1
821500,346.99309388341027,1
821700,275.6242834564771,1
821700,296.09140569987846,0
821800,314.1426945817534,0
821800,326.68227696969007,1
821800,278.42079834295237,1
821800,283.94301568342615,1
821800,331.5114365361972,1
821900,344.70241693518483,0
821900,347.57144194489456,0
821900,317.78121682684616,1
821900,286.55920417880844,1
822000,271.0683558938394,0
822000,295.332463762616,0
822000,272.3032707839348,0
822000,338.5582764469044,1
822100,302.0579684001181,0
822100,328.49243724308303,0
822100,318.9837644284916,1
822200,312.74382363695656,1
822200,256.78980009940193,1
822200,521.2669436855465,1
822200,301.88275824448255,0
822200,286.921289452518,1
822300,281.9387494093127,0
822300,302.4840847571919,1
822300,284.7322190408042,0
822300,356.84282286287396,0
822400,226.80344337912322,1
822500,286.764651193989,1
822700,284.2722188415664,1
822700,337.7203169344448,0
822700,363.3903978899083,0
822900,282.7807593682735,1
822900,304.29554458290335,0
822900,324.8491348136723,1
822900,302.53772005883167,1
823000,312.84575951044695,1
823000,336.47932963134554,1
823000,333.4537927702558,0
823100,293.5900782134518,1
823100,288.5114307125799,0
823100,326.74153959285906,1
823200,309.6008416938394,0
823200,315.76773483543917,0
823300,314.7923510104291,1
823400,243.3386474045759,0
823500,292.95370638099666,1
823600,261.6628620963053,0
823600,338.26495291158943,0
823700,272.55585305300764,0
823700,352.42926454703473,0
823700,325.4938520167443,1
823900,232.51367742955065,0
824000,325.0266704988993,1
824000,327.146476996723,1
824100,253.34024477788387,1
824200,239.85161994747,0
824300,251.15042606974598,0
824300,286.39989424060155,1
824300,281.9864462446125,1
824300,339.9762577825561,1
824400,264.4087336185162,0
824400,276.4864669612792,0
824400,252.45044445546006,0
824400,256.5934889320623,0
824500,296.56375902012365,0
824600,271.7289245750797,1
824700,239.72949361515893,1
824800,253.25795587461613,0
824900,280.41681548497314,0
825000,285.9167940205259,1
825200,263.4230464512386,1
825300,236.87300502067492,0
825400,275.7456671540567,1
825400,249.6669306086837,0
825600,307.9762493798502,1
825700,362.2678795140419,0
825900,258.11981437541135,1
826000,289.6439980836134,0
826000,216.24617282827862,1
826200,275.15947172197536,1
826300,299.1244834653313,0
826400,271.4850609735214,0
826400,305.26500660476415,0
826400,255.1781354985877,1
826500,300.7799618917793,0
826600,241.7348418493977,1
826600,253.98339941851975,1
826800,300.1441457244774,1
826800,298.100916896547,0
826800,270.31661697358993,0
826900,268.06241255287466,1
826900,252.66765957234358,1
826900,246.19329030866228,1
826900,279.8289465556956,0
827100,248.28752784320116,0
827100,293.006042097061,1
827100,332.26522681854914,0
827100,282.7767349263715,0
827100,254.5804882357061,1
827100,242.98533950044848,0
827200,323.22206605178695,1
827200,293.8618626528978,1
827300,270.8631866074614,1
827400,310.4733557636787,1
827400,283.80921845600363,1
827400,260.06875184390304,0
827500,258.0372061569755,1
827600,284.9834495827745,0
827600,262.4790971720269,1
827700,269.75078614758826,1
827700,277.8143762684463,0
827800,286.5412090812099,0
827800,249.77051588723205,0
827800,283.6521444963102,0
827800,282.61344069686396,0
827900,303.5010613044921,1
827900,294.7198121589187,1
827900,284.9283737959094,1
827900,233.9479846505035,1
827900,258.0447736045343,0
827900,303.3992815270974,1
828000,285.712858103726,1
828000,281.0403619027893,0
828000,278.9275172934845,0
828100,309.57200168053237,0
828200,288.9505631602065,1
828200,251.57663084904942,0
828300,282.02521621518287,0
828300,302.1581923551909,1
828400,305.61004134363094,0
828500,269.7628168081905,1
828600,287.7446742971834,1
828700,309.1039922800793,0
828700,274.3393358268325,0
828800,287.09213843219965,0
828800,205.28606050642685,1
828800,274.39630790193905,0
828900,269.3517939780761,1
828900,293.25233782095404,0
828900,274.02599730811426,0
828900,277.32714900022324,0
828900,290.46296767812686,1
828900,360.53961553656626,1
828900,260.6899380530872,1
829000,301.3270583858693,1
829000,290.2918131140894,0
829100,264.785632032005,1
829200,305.4719161579264,0
829200,272.52848175550685,0
829300,277.1640067574031,0
829500,273.57030597516797,1
829700,243.95393052118538,1
829700,265.66998637494237,1
829800,301.4813730840287,0
829900,301.4091019031842,1
830000,300.4586715366358,1
830000,274.35288685834433,0
830000,278.43105636167024,1
830100,277.988462576421,1
830300,314.01469933722507,1
830300,263.3974090489961,0
830400,304.2340657886364,1
830400,289.79770310329354,0
830500,263.378113409659,1
830600,314.64759565928534,0
830700,314.10383671313406,0
830800,306.69576254107346,0
831000,308.51692848158865,0
831100,366.2388182700844,0
831200,336.6803502394879,1
831200,299.49464756714826,1
831400,244.90752179406684,1
831500,304.7511092270698,0
831500,298.6764229465182,0
831600,285.23848598058913,1
831600,206.75125021973412,0
831700,281.7176491303461,1
831700,245.71335894005207,0
831700,293.78197484927193,1
831800,312.3127661022119,0
832100,335.35193415722927,1
832100,291.49784250727646,1
832200,312.6761566622422,1
832300,265.2358991750462,0
832300,284.4477427352314,1
832400,300.7341971724815,1
832500,283.59104966106526,1
832500,304.8502548020155,1
832900,172.00019336650038,0
833000,306.30512693277353,0
833000,294.47563625286466,1
833000,318.5579398308329,0
833000,281.0165045759984,0
833100,311.06331273336826,0
833200,292.17775394299474,1
833200,306.4666801131111,0
833200,329.85174226131215,0
833200,284.6950734989634,0
833300,274.76569035550733,1
833300,280.66239452091924,0
833300,296.5715385439128,1
833300,240.76459386005922,1
833400,310.0771019121222,0
833600,320.8495808768051,0
833600,273.995945212747,0
833600,346.18915162226403,0
833600,236.8040158085558,1
833700,257.8054289135163,0
833800,355.0934501913292,0
833800,343.8819248590963,1
833900,292.4295453531226,0
833900,297.3983585379028,1
833900,277.0245442227914,0
833900,316.3235670051317,1
834000,347.6166037685804,0
834100,306.3913339228343,1
834100,316.41992480572327,1
834100,320.2747595451168,0
834100,314.4671032186962,0
834300,376.43681714404437,0
834300,329.80152322849244,1
834300,315.702354812167,1
834300,214.75535940447762,1
834300,302.77003747152577,1
834300,314.6007795995906,0
834300,318.66694255003216,1
834300,277.9474061880015,0
834300,354.549396926561,0
834300,326.3406624615121,1
834500,337.70694995145715,0
834500,317.71729286333647,1
834600,278.31312042673017,1
834600,340.860231204714,1
834600,283.19856085103874,0
834700,336.34576223966644,1
834700,302.51764309133165,0
834800,367.992054373539,1
834900,233.7980055441656,0
834900,296.2299463284452,0
834900,295.76059665243713,0
835000,316.41286441927394,1
835000,308.98664530432734,1
835100,297.0216809395892,1
835200,311.24615713034285,0
835200,326.78817887783674,0
835300,341.2973753040633,1
835300,325.19252326243617,1
835400,293.2982249438444,1
835500,240.90401630570423,0
835500,312.7312717064772,0
835600,277.8680946531797,1
835700,345.02709072188003,0
835700,335.0214080458292,0
835800,260.792244872611,0
835800,286.116037935231,0
835900,292.0588005133749,0
835900,349.057271466731,0
835900,336.2483719527407,1
835900,287.8755353372743,0
836000,257.48106693708206,1
836100,288.93034501450074,0
836200,282.9033340382508,0
836300,332.53649638312754,1
836400,305.5509111785846,1
836400,306.2384616857225,1
836400,278.28578012184715,0
836500,276.4065666383442,0
836600,279.18868920818636,1
836700,254.8980710205981,1
836900,262.8436431674034,1
837000,294.81570548334196,1
837000,256.2294513439066,0
837000,265.37758797201195,1
837100,287.51425421816066,0
837200,251.6224538796535,0
837200,280.75432898489373,1
837400,371.7347995184991,0
837400,277.61750214966816,0
837400,317.203836760754,1
837500,293.56933037005143,0
837700,307.4056748653879,0
837700,223.8974739830342,1
837800,277.863901378012,0
838100,228.38310246974845,1
838100,297.74776048610215,1
838100,290.34504845893713,1
838200,180.96013028070738,0
838300,306.7204436159468,1
838300,257.41063137886186,0
838300,251.74210154820133,0
838300,294.92352710077483,1
838400,247.48586048606117,0
838400,249.66016500307003,1
838600,227.34032884150818,1
838600,278.53435487114587,1
838600,264.1855441534777,0
838900,274.91164205264687,0
838900,291.6345979910594,1
839000,322.53764059578106,0
839000,278.7928896602635,0
839100,266.5790532312261,1
839100,297.4129713553808,0
839100,271.79239232045444,1
839100,267.4832027937414,0
839200,267.97032590580295,0
839200,256.64518068859,0
839200,291.99487642284686,1
839300,263.32632183057,0
839300,317.38018792637877,0
839300,343.9815989419367,0
839400,248.62392858803153,0
839400,254.20118446167004,0
839500,253.29110621557584,0
839500,274.85269531339924,1
839500,269.9419492696223,1
839600,274.19575018526984,1
839600,257.0315334517249,0
839600,277.40659145145383,0
839600,263.51190130980547,1
839600,300.3438153487977,1
839700,276.08098050172475,1
839700,278.64510983811044,0
839800,266.5662004313559,0
839800,266.6079281361126,1
839800,251.16814659260433,0
839800,251.4019739983431,1
839800,334.9436900252689,0
839900,275.5083616513934,1
839900,276.7460538313603,1
840000,266.1902818966465,1
840100,264.1321332502577,1
840200,260.2746664931623,0
840200,268.8511012547519,1
840300,302.9113365585248,0
840300,287.0605322780685,0
840500,306.7385483743158,0
840700,258.1893441250622,0
840700,285.8384210976299,1
840800,295.6069319632558,0
840900,258.5254306387184,1
840900,289.3164367937579,1
841000,288.32311512310423,1
841000,332.01448080010584,0
841000,282.51707595152186,0
841000,234.9211567950229,1
841100,285.34629125663133,0
841100,261.58350603022393,1
841300,270.478069266453,0
841300,307.3715409108374,0
841300,287.8619410495127,1
841400,327.46597398496544,0
841400,303.2041297034163,0
841500,278.8865714363813,0
841500,278.06777859117705,0
841700,345.34265472439273,1
841800,308.2756788276572,0
841900,330.35058451881605,0
842000,300.36738554100515,0
842000,286.99833373710425,1
842000,321.5419218331996,0
842000,250.24165560686365,1
842100,279.70995031086517,0
842200,315.868958046737,1
842200,269.5308836392887,0
842400,324.67276719903117,1
842500,299.46519084016626,1
842500,270.1080751395951,0
842500,284.8967911218332,0
842600,305.91126181497117,0
842600,306.1907460011275,0
842600,277.5898454407628,1
842700,263.3005764575047,1
842900,338.1495221553057,0
843000,287.74882804136524,1
843100,278.3993462496355,0
843300,312.03812301938035,0
843300,290.4035360679436,0
843300,284.8099756764252,1
843400,320.662307242421,0
843500,291.7838901286041,1
843600,244.1810786024711,0
843900,289.96976957365035,1
843900,277.7032041037929,0
843900,223.2690231154368,1
843900,277.6590787547744,0
844100,294.53746686646934,0
844100,260.9820462443743,0
844100,347.2042012787555,1
844100,325.89988726815307,1
844200,307.3319594889907,1
844300,268.6007606775337,0
844400,242.39951722260196,0
844400,304.25044686702574,0
844500,264.64365939710746,1
844500,342.6614660567549,1
844500,205.0161451566393,1
844500,302.11633543019815,1
844600,264.37246362000377,1
844600,279.2881543528466,1
844600,309.6022357736704,0
844700,281.68678475135704,0
844700,246.72940904546013,0
844700,281.8166702029207,0
844700,302.78675939313956,1
844700,319.6059562509156,0
844700,332.1966968907452,0
844700,245.552490483595,1
844700,244.01534134650322,1
844800,253.9757462879659,1
844800,281.9617752515376,1
844800,296.5785233910404,1
844900,335.87798267694996,1
844900,299.082452827293,0
845000,275.1168110400759,0
845100,294.5302226674725,1
845100,295.16535439355954,0
845200,292.7233468037794,0
845300,277.0485907328119,1
845400,281.7300272023864,0
845500,309.02359219093915,1
845500,299.3607958053014,0
845500,300.46112399221624,0
845600,307.1822406696797,1
845600,264.86346956219904,1
845600,291.3423127017161,0
845600,265.7835628434379,0
845600,296.67733599529237,1
845700,291.67174593287274,1
845700,296.5183089547214,1
845700,301.1906897330838,1
845800,313.63481213380544,0
845800,211.80037473446015,1
845900,317.4080066386115,1
846000,314.9001274102844,1
846100,292.9693548323506,0
846200,280.2942979577974,0
846200,258.5619414330937,0
846400,239.19566488911917,1
846400,327.91265625149964,1
846400,277.2948054209414,1
846600,222.55550935568345,1
846600,292.5414747969901,1
846700,285.62089767051265,0
846700,275.38196624868436,0
846800,313.09113050243815,1
846800,310.29328644335305,1
846800,290.1737011766504,1
846900,290.16287638211503,0
846900,250.74453203664277,1
847000,308.63227848188336,1
847000,305.73850392799545,0
847200,294.3051666409056,0
847200,305.3527636379744,1
847400,238.09617441733408,1
847400,253.03448580792065,1
847400,256.15246256448813,1
847400,311.32399447889804,1
847500,271.1054652811439,0
847700,252.46731536654175,1
847700,292.5392845413376,0
847700,317.8663041916996,0
847800,260.6157374274057,1
847800,257.029476513054,1
848000,305.61719367935507,0
848000,272.9981490119998,1
848100,339.8217956899309,0
848100,306.8761351264731,0
848100,286.89717069704767,1
848200,319.0431412162974,0
848300,244.35855048536942,0
848300,281.10449190254434,0
848300,266.4412140239157,1
848300,291.54886184351824,0
848400,342.50566695353854,0
848400,266.2602412745162,1
848600,216.99681271246882,0
848700,238.49880368846567,0
848800,233.15862048454508,0
848800,257.59612866668874,1
848900,301.9150964584282,0
848900,287.73820339357735,1
849100,209.5526035681099,1
849100,256.6572404525205,0
849200,232.92460086078168,0
849300,292.26556500174934,0
849500,308.2061946998092,0
849500,213.64838717846808,1
849600,244.7291501997605,1
849600,271.5684746353107,1
849700,199.1292613361692,1
849700,321.5038541578922,1
849800,287.3217291789223,0
849800,239.42786915649552,1
849900,268.1137312522515,0
849900,238.9601023901065,0
850000,292.38328985177543,0
850000,254.74275372260894,1
850000,258.783153250531,0
850100,303.0402438478927,1
850100,212.36142313590793,1
850100,273.47313525994986,1
850200,280.3657102687661,0
850200,301.37686375046377,1
850200,257.84956056685684,0
850200,281.5657101990862,0
850200,267.27319189335185,0
850300,269.83520742897673,1
850300,227.17798103206067,0
850400,307.77606255165205,0
850400,240.57931865478864,0
850500,220.27149834313602,1
850500,302.0267010547094,1
850500,232.53600533239725,1
850500,242.77135793431435,0
850600,267.1232781098504,1
850600,291.19290743057553,0
850700,226.54409898481865,0
850700,309.137810199146,1
850700,243.29561864772404,1
850700,310.9533460430033,0
850700,301.1599373123114,0
850700,251.37600049747442,1
850800,250.95089983361427,1
850800,239.74244403820316,0
850900,307.9855953080255,1
850900,240.23217306763956,1
851000,211.79978465393415,1
851000,312.6642488075033,0
851200,215.67264653303684,1
851300,276.89271247086145,0
851300,299.96541763815685,0
851400,236.56190994870894,1
851500,289.46295907152916,1
851600,283.48364675996567,0
851700,348.95160515560156,1
851800,210.40446574890632,0
851900,241.93878993839718,0
851900,258.3539170278352,0
852000,319.4498860644377,1
852000,252.63176928407302,1
852200,356.3642941457751,0
852200,296.980286865178,1
852300,313.275772573135,1
852500,286.698582007577,1
852500,246.4150206089297,0
852600,257.2109262340821,0
852600,205.20331720336324,1
852600,310.01520183169,0
852700,228.74862724678493,1
852700,278.45117704618133,0
852800,223.58115053897865,0
852900,300.33304772029084,0
852900,282.7903174535486,0
852900,342.19948651657893,0
853000,322.0892833566556,1
853000,310.1710692765807,1
853000,292.03528221917225,0
853100,232.13538586810694,1
853100,300.9088822942927,1
853100,248.12772082924724,1
853200,259.0001267029381,0
853200,279.7113199384949,1
853200,232.0961020373862,1
853300,288.2608566528768,0
853500,219.37764929356695,0
853500,271.9530438394829,1
853500,298.33420818180076,1
853600,238.581899255333,1
853600,268.0875059345253,1
853700,303.5041719770582,0
853700,245.3414562433066,1
853800,244.60646139660824,0
854000,301.62359393336993,0
854000,227.85268436217578,0
854100,262.0344028100829,0
854100,323.51659716592076,1
854200,309.72169899080177,1
854300,294.80748608742874,0
854400,342.77031713162216,0
854600,257.35928515267767,0
854600,219.19109544506153,1
854600,244.9853703110071,0
854600,239.93794381227983,0
854600,318.6793760473932,1
854600,264.9150664260038,1
854700,275.62381868698867,0
854700,219.51358423678923,0
854800,296.0884855761556,0
854800,240.56750232843456,1
854900,244.62214766093504,0
855000,228.26891692938372,1
855000,262.24594337559535,1
855000,339.8309424698118,0
855100,258.13471856917715,0
855100,235.2292581468492,1
855100,246.46543983973908,1
855200,244.55702330578495,0
855200,245.44835686970885,1
855200,242.9790035556341,0
855400,234.28993165859913,1
855400,296.14656794430385,0
855400,233.08887375720028,1
855400,296.17920268945926,0
855500,288.12429462727044,0
855500,228.8529444653668,0
855500,237.1925721365016,1
855500,262.0300488988639,1
855500,258.11667506847715,1
855600,255.96146968791973,0
855600,212.69844942772886,1
855600,212.46499019206425,0
855600,264.54209297818863,1
855700,238.9445155551649,1
855700,249.08811850496198,0
855700,281.01889411997666,0
855700,196.95024666909362,1
855800,246.6095207748139,1
855900,258.44014568728016,0
855900,248.44109354331775,0
855900,251.243932835635,1
856000,276.11842033834836,0
856100,260.7423140183605,0
856200,281.131104463185,0
856400,307.8873788983739,1
856400,281.99754275233533,0
856400,269.9125277046083,1
856700,307.8859393502376,0
856700,332.2777359974512,0
856700,244.25043483148164,0
856700,265.39259792108226,0
856800,274.63358987515977,1
856900,294.5988568362828,0
857000,239.3935363147215,0
857000,207.45453952229738,1
857100,209.50631975113134,1
857200,214.45035313564375,1
857200,225.61332594749652,0
857500,269.29786997157373,0
857500,294.00142895351865,0
857500,257.8886862719348,0
857500,229.90560016571922,1
857600,231.20350659593961,0
857700,225.5359548221993,0
857700,293.40058477154906,0
857700,230.2961023516172,0
857700,289.9359116532466,1
857800,330.66271174650325,0
857800,273.50058761790666,1
857800,231.98722064431416,1
857900,223.6852720618891,1
857900,331.62930700808624,0
857900,227.3668047888321,1
858000,276.491599156948,0
858000,245.35354788379516,1
858000,230.80261464688112,0
858200,248.97494966202078,0
858200,244.68196346576804,1
858200,248.1795768526317,0
858300,227.45302252445853,1
858300,223.2114824787639,1
858300,230.5024726190968,1
858300,222.0290491846054,1
858400,271.64417706869926,0
858400,317.4577930091929,1
858600,268.77195255380707,0
858700,219.76020746008916,0
858900,284.2119025710184,0
858900,254.44254392548754,1
858900,243.77801206402984,1
859000,237.68466536656175,1
859100,226.25484352072675,0
859100,244.5318845319395,1
859400,303.3435978238223,0
859400,309.46222567594805,0
859500,233.26403829254406,1
859500,238.49079645498136,1
859500,272.00336380643404,1
859600,309.4111383068401,0
859600,251.2925909635958,0
859700,215.82983729622384,0
859900,227.92689428449813,1
859900,245.52790482401218,0
859900,220.9461833068677,1
860000,240.18095060462548,0
860100,247.57958643606855,1
860300,265.25941414748326,1
860300,241.6745577680594,1
860400,289.9210401457097,0
860400,348.63340202577126,1
860500,256.9246409720513,0
860500,247.25185164217322,0
860500,293.7699074379761,0
860500,226.07162182309673,0
860500,247.8123190504171,1
860600,290.30696980638965,0
860600,242.29442651079438,1
860600,292.22577801958204,1
860700,258.61672005323777,0
860700,281.2456164956876,0
860700,290.735394566981,1
860700,329.8561937651488,0
860800,279.02009598637386,1
860800,244.9934215369095,1
860900,263.19642209902406,1
860900,244.06544795835518,1
860900,300.6238766689389,0
860900,243.8268336358513,0
861000,256.57707256514163,0
861100,267.3795169245858,0
861100,320.5662855684496,0
861200,284.88581461777443,1
861200,248.46042521188826,1
861300,243.2608607171975,1
861300,285.0663793752713,1
861400,275.5223584722188,1
861500,277.2771451622432,1
861500,302.69934024294076,0
861500,302.2830690344259,1
861500,271.20364622086305,1
861500,230.72332274337205,1
861800,308.3053896261264,0
861900,250.70176069811677,0
861900,333.4203529820873,1
861900,266.441791965018,1
861900,254.03673180043253,0
862000,316.5211812707556,1
862000,249.62141728903137,0
862200,249.43626687527473,1
862300,291.4794664832899,1
862400,264.38686380731946,0
862400,306.6563165522299,0
862500,286.96690103232305,0
862600,228.87349700189225,1
862600,328.63180028856914,0
862700,252.37858890185655,0
862700,295.0127824564662,1
862900,290.56840426783646,1
862900,264.01726829685356,1
862900,226.2382181959037,1
862900,267.75374770548,1
862900,234.1230834871737,0
862900,236.1214461386749,1
863000,257.1685597756897,1
863000,243.70603304889778,0
863000,284.2411915874975,1
863000,261.00637224396917,1
863100,276.5128643292123,1
863100,216.59399034908677,1
863200,278.1813315267706,1
863200,308.2763811690076,0
863300,264.03467782213716,1
863300,268.41393132252813,0
863400,294.0404944129997,1
863400,279.5304666607823,1
863400,245.92009016756626,1
863500,289.45882528217163,1
863600,256.32474681670493,1
863700,289.4156167724461,0
863700,276.1719185801776,0
863800,271.80898669942405,0
863900,309.9585355940026,1
863900,238.79727406725192,0
864100,215.20085134061836,1
864100,266.869356431442,0
864200,290.0177401014162,1
864300,255.37155402687497,1
864300,301.21133675489006,0
864300,259.4764851049166,1
864500,247.20141322116527,1
864600,243.82083499320194,0
864700,308.29158622872444,0
864800,283.5650858008822,0
864800,266.01288998627234,1
864800,263.0273025729701,1
864800,246.68071623719104,0
864800,281.98035001114886,0
864900,240.5155715121737,1
864900,290.77694350583386,0
865000,274.16310237669813,0
865100,267.5202219059659,0
865100,247.51073233760152,0
865200,252.61579408465468,1
865200,226.5023159201979,0
865400,268.27728528011767,1
865600,258.3045708417294,0
865600,254.5779925528266,0
865700,248.53763469265905,1
865800,258.97706384944445,0
865800,252.21024671889123,0
865800,252.71157624625607,1
865800,258.0394877795962,1
865800,259.67681296464565,1
865900,275.04582882531236,0
865900,226.05052643912398,0
866100,247.53066005178212,1
866200,260.7358748811961,1
866300,412.0706893389561,1
866400,296.8597322393518,0
866500,276.058481009999,0
866700,287.0823151234734,1
866700,291.5491356040833,0
866700,281.95137262357144,1
866700,270.19200968334417,0
866700,304.7910267101361,1
866800,255.17108106228378,1
866800,256.0503734790302,0
866800,317.97245238598225,1
866900,303.10449708224786,0
867000,291.72552390817265,1
867000,244.73169485202592,1
867000,325.0896180444862,0
867100,277.7336515520418,0
867100,313.2596094806803,0
867100,326.9306051293138,0
867100,291.05801109546854,0
867200,247.67999345853156,0
867200,255.96815002389798,0
867200,321.76915747809545,0
867400,289.8922029875273,1
867500,287.0550157193148,0
867600,287.73300551228664,1
867600,280.7548722238018,0
867600,244.55626444703657,0
867600,286.8685298988695,0
867600,259.71267014931,0
867700,264.8139764668666,0
867700,327.57750758732897,1
867700,317.0495652261883,0
867700,283.13600853332497,1
867800,250.5382651839709,1
867900,272.52964567490415,1
868000,249.3559928406279,0
868000,242.87633972956436,1
868100,243.06609292125637,0
868200,335.98923334748093,0
868200,195.47600682396146,1
868300,264.43960526701176,1
868300,263.25423732013473,1
868300,263.75601833995785,0
868300,271.43374174108743,0
868300,251.74672991482132,0
868400,297.6560952973572,0
868500,271.1206352400581,0
868600,256.7591749183199,1
868800,276.9142292277937,1
868800,246.3374356783688,1
868900,286.4584021878859,1
868900,292.2624021391431,0
869000,201.0791324055706,1
869000,311.1469821615592,1
869000,351.7257588945354,0
869000,255.42743144393998,0
869100,272.16780646561807,1
869100,190.17135681612217,0
869100,234.1285595699798,1
869100,238.41709893138196,1
869100,310.15424838658254,1
869200,268.1333896225389,0
869200,290.96444905720676,1
869200,292.9272766780161,1
869300,293.45087305222904,1
869300,297.0581532075134,0
869400,296.4943019579047,1
869500,230.06440315686905,0
869500,252.59171579140553,0
869500,256.4440216947846,1
869500,281.37331026629477,0
869600,236.9820935850235,1
869600,238.83360619550356,1
869700,264.53073045307525,0
869700,284.4462674311645,0
869800,273.2582170527054,0
869900,243.2578146744024,0
869900,275.0048874021808,0
870100,261.7738322300695,0
870100,274.66978970224244,1
870200,342.3945641110644,0
870300,224.6929646632941,0
870300,220.71873698397658,1
870300,251.49616738500032,0
870400,223.48668802799196,0
870400,227.92223587699644,0
870500,241.4695855107725,1
870600,290.4634586258757,0
870600,288.3590607866596,0
870600,279.50836206558733,0
870600,249.21848706380703,0
870800,213.2052788590074,1
870800,207.66944979958004,1
870900,267.4689576430302,1
870900,202.40117859735054,0
871000,254.40319430321165,0
871000,318.03469028726835,1
871300,302.3159223687741,1
871300,223.82727926985126,1
871400,234.388049435551,1
871400,273.59275831468113,1
871400,295.0989698394153,0
871500,222.50983690249262,1
871500,265.2859221311608,0
871600,185.8068651578791,1
871600,293.8657560749448,0
871600,238.2871059061289,0
871700,223.27663925398642,1
871800,252.80985142788873,1
871900,232.30552114124194,1
871900,237.86917177124684,1
871900,258.0571839311772,0
871900,230.4512721102788,0
871900,240.87360228063827,0
871900,242.2320030840709,1
872000,236.27504862008956,0
872100,272.1288042714979,0
872100,310.8008019895584,1
872200,251.28564630295594,1
872200,189.35271571182977,0
872200,268.8362471475342,1
872300,256.8743391080581,0
872300,292.1807882521183,1
872300,233.13228749461143,1
872400,213.8559711203791,1
872400,195.22026873505393,1
872500,231.44895950692938,1
872500,239.75619706139847,0
872600,294.55547488257673,0
872800,233.49314068056444,0
873000,264.3494061040639,0
873000,255.73917653002465,0
873100,243.93090342709527,1
873100,270.4984428815823,1
873100,252.92552479881994,1
873100,263.98832151254373,1
873200,242.76254585278738,1
873400,253.65954141878998,1
873400,301.42504540579677,0
873500,244.9102978072247,1
873500,296.83354302449004,1
873600,218.2873800208077,0
873700,276.22996783229456,1
873700,312.22457457382126,0
873800,281.91261461525676,0
873800,233.91210309695268,0
873900,328.64544066587473,0
873900,222.05202913260487,0
873900,309.20633940198763,0
874000,275.2357837525359,0
874100,232.72554463443524,1
874200,291.8865371884301,1
874200,243.80027247042838,1
874200,229.54239772508288,0
874200,239.47367649091365,1
874300,272.9526687917291,1
874300,274.6704439044067,1
874400,232.69179355722545,1
874400,250.07105262475653,0
874400,202.6010126937685,0
874500,243.59881794461637,1
874500,232.85967557592795,0
874600,293.4801763864298,0
874700,216.3196121224703,0
874700,281.5966215414975,1
874700,266.11118879418046,0
874700,268.3080196016062,1
874700,286.28524759610576,0
874700,248.2808236870026,1
874900,251.31904901952805,1
874900,315.07861087665736,1
874900,266.5866259675666,1
875000,283.84753797818956,0
875000,260.53196723004726,0
875100,293.50723547841204,0
875200,262.4675286112408,0
875300,274.67285707956574,0
875300,251.82351762108723,0
875500,295.11331435877037,1
875600,303.785025334227,1
875600,254.54735900994598,1
875600,228.49063683619744,1
875800,290.7366645816024,0
875800,237.32184386136646,1
875800,272.77302366435293,1
875800,247.1332054854188,1
875900,236.90750882994527,1
876000,256.0167320504653,0
876000,224.40874937078877,1
876200,285.37677065791723,1
876300,270.1931857476258,0
876300,229.33933140733762,1
876400,243.01331344135284,0
876400,302.205144416342,0
876500,291.16351165230975,0
876500,236.72730429534485,0
876600,215.67120545990915,1
876600,249.35964473620288,1
876600,272.8180592220056,1
876700,234.32681416168958,1
876800,263.3838881554574,0
876800,253.4144275426849,0
876900,304.46858328114934,1
876900,274.5309885999082,1
876900,211.9492061144295,1
877000,307.22934092382303,1
877100,216.8866117935626,0
877100,338.6285215186495,0
877100,267.7218254528692,0
877200,279.5091906405717,0
877200,251.14129824774957,1
877300,273.3616231048979,1
877300,248.47198774391006,1
877300,262.0915354172092,0
877400,245.0604943313329,1
877400,266.26688529489024,0
877500,254.97958120907202,0
877600,250.96130021377476,0
877600,275.12776513164863,0
877700,267.0864686257245,1
877800,390.80581317127354,0
877800,288.62392588595986,0
877800,288.2362532488687,1
877800,292.44801553771157,1
878000,237.42059564041395,0
878100,255.62187795023345,0
878200,226.43684669960118,1
878200,292.96485536402867,0
878200,288.57187883091177,1
878200,177.87574375027432,1
878300,299.6741373030186,0
878300,280.00008903109585,1
878300,253.96207949954976,1
878400,187.39752388487057,1
878500,265.07695113519844,1
878500,267.8142283578933,1
878500,200.78619286678625,0
878600,266.5931010159586,0
878600,255.33215832070607,0
878600,183.267067462948,0
878700,302.01140501858873,1
878700,280.2659545876886,1
878700,245.85547755897971,1
878700,187.92786925677567,1
878700,185.93453969624528,1
878800,279.54456269360116,1
878800,257.83786930332815,1
879000,251.94670686698058,0
879200,261.7519166934674,0
879300,246.88588807883883,1
879300,221.68630142406164,1
879400,274.27591740766877,1
879500,274.8029399071934,1
879500,262.0526517247341,1
879500,253.53845031105382,1
879600,259.2528043273069,0
879600,248.23779341698474,1
879700,182.69098930022187,1
879800,294.5076789210735,1
879800,202.7024877224479,1
879800,304.5245272835647,0
879800,189.63545656659946,1
879900,322.18214145524325,1
879900,279.3664992854592,1
879900,279.996253660443,0
880000,301.22775250589723,1
880000,243.5479384390044,1
880000,262.94174199076014,1
880100,192.7770375029913,1
880100,302.29030856491045,1
880100,276.91652624303435,1
880300,234.07925247229466,1
880400,229.91037471199155,1
880500,274.792785435064,1
880500,242.86692513746516,0
880500,271.6213594645477,0
880600,289.8816024053569,0
880600,301.319744996576,1
880700,199.8601016143747,0
880700,280.69854077116065,1
880700,273.2745703509343,1
880700,286.5915815113168,1
880900,286.46928491411774,0
880900,332.0677941222877,0
880900,177.09190308709213,1
881000,201.94197289936102,0
881100,194.18142203698991,0
881100,199.14625105141297,0
881100,253.91777982629736,0
881200,267.0281121469506,1
881300,293.1522362190803,0
881400,231.4801062482109,1
881500,203.74824796258733,0
881600,231.23915057329182,0
881700,260.4639452381373,0
881800,284.9160323692162,1
881800,189.37918691823444,0
881800,255.9270030319287,1
881800,270.47254066307795,1
881900,282.5275999466195,0
881900,266.74824401634123,0
882000,218.44067941983351,1
882100,351.58393189492426,0
882100,302.26992478067694,0
882200,258.12242429322134,1
882300,223.5391105714072,1
882300,226.34574649391075,1
882300,303.094879092635,0
882500,187.84593717832215,1
882500,259.8119491852974,1
882500,257.3612285582116,1
882600,293.211218383284,1
882600,251.48816718801325,0
882600,297.93535106534443,0
882600,276.67285856035727,1
882700,230.58679386888895,1
882700,185.65976096797164,1
882700,279.9566223746071,1
882800,257.82789753899266,1
882800,279.53503977853387,1
882800,248.61943997209295,1
882900,281.25858688547464,1
883200,266.91054613866737,1
883300,290.8451694665478,0
883500,286.63939832426666,0
883500,260.8484783283408,0
883600,259.38327772546535,0
883700,279.60933816868874,1
883700,341.6299452949421,0
883700,261.26628602976365,0
883800,271.54110221032846,0
883800,255.448970695205,1
883800,272.523447785744,1
883800,269.7704768966499,1
883900,250.37034979061536,1
883900,284.3534964409239,0
883900,257.33054549108874,1
883900,254.93815884548948,0
884000,259.29215717453013,1
884300,271.96973094290786,1
884400,347.85323059168417,0
884400,285.7025737670239,0
884500,322.2126994248049,1
884500,282.7124125918248,1
884500,300.39424408376215,1
884600,225.28067920993573,1
884700,264.2063901149564,1
884700,298.9594006106527,0
884800,269.42139256226164,1
884800,275.15731828157425,1
884900,304.6134352811514,0
884900,237.47682417154027,0
885000,262.90609906141117,0
885100,259.9806097184742,1
885200,267.07212328752297,1
885200,248.85264263526332,0
885200,277.2660263277875,0
885200,293.2595085257775,0
885300,274.393901019673,0
885300,215.0281361384226,0
885400,282.3672108069412,1
885400,231.80177002786255,1
885400,328.36990717570535,0
885400,276.031309088623,1
885500,285.9124011197518,0
885500,273.8927025889194,0
885500,271.66807570852717,0
885600,238.2250315484717,0
885600,283.45068265994144,1
885600,321.1932296627731,0
885800,297.15859370889024,0
885800,277.136446184987,0
885800,253.87461201038042,0
885800,314.27741484666575,0
885900,279.9290289613166,1
886000,306.5448520481343,0
886000,239.90546736785308,1
886000,237.51998249199335,1
886100,286.99846578874264,1
886100,290.94293649400714,1
886200,275.4494936844757,0
886200,253.19086663895416,1
886200,241.53831233993608,0
886300,276.71232173027477,0
886400,257.6574763420952,1
886600,242.35521341318784,1
886600,278.8898380267718,1
886700,314.76542904826067,1
886800,262.0893921048792,0
886800,258.2418042220957,1
886900,252.61895447984008,1
887000,220.33478531905297,0
887100,320.45400935970713,0
887200,255.7556265183646,1
887300,351.9968047108384,0
887300,309.17827770989635,1
887400,266.957215509529,0
887500,253.01842779195255,1
887600,307.2847996925497,1
887600,261.7347254563443,0
887700,255.7724970845958,0
887700,264.33224698738564,0
887700,246.25539174283892,1
887800,251.63501253338478,0
887800,293.8837899671662,0
887800,294.2362797171992,1
887900,290.91923700881784,0
887900,293.06664072916567,0
888000,263.8537355012936,1
888000,249.14044244392477,0
888000,256.24897104248186,0
888000,278.2697334912272,0
888100,224.69819622803053,0
888200,286.5455639037125,1
888300,324.2505758200111,0
888300,302.8704378700134,1
888400,288.99276237852763,1
888400,271.2079760496721,1
888500,279.2966781429445,1
888500,251.22633538861,0
888700,227.43747795871843,1
888800,250.89849425096506,1
888800,295.9361678886849,1
888800,293.8713397975701,1
888800,245.44820510260476,1
888800,243.02077865499174,0
889000,317.1926456619495,0
889000,320.1276769367462,0
889100,233.45839806598826,0
889200,278.7439445457157,1
889300,254.53590704988318,1
889300,235.25496620583496,0
889400,279.9858010994883,0
889500,223.50099854019416,0
889500,278.41449511632857,0
889600,297.4579090673929,0
889600,277.63804064184285,1
889700,291.5323592989115,0
889700,292.54995534448227,1
889700,256.73252865779165,1
889800,295.60431047681163,1
889800,256.37894878936595,1
889800,220.22792185202405,0
889900,311.8539432982365,0
890000,277.6803370689707,1
890000,262.9449509851598,0
890000,244.7237406025008,1
890100,203.127717088053,1
890100,223.06894948351587,1
890200,275.7086774274857,1
890200,250.34102446144357,1
890200,284.9526957876407,1
890300,252.1423178406343,1
890300,242.81831576668776,1
890400,320.8174412184899,0
890500,275.91471741043586,0
890500,235.3835564974596,1
890600,281.12957853906636,0
890600,231.3177968204656,1
890600,244.215407674634,1
890700,286.7524719171343,1
890800,251.9542348255169,1
890900,265.7292931066753,1
890900,285.65687632715617,0
890900,248.60019017790907,1
891000,269.0227744443078,1
891000,249.8615916220374,1
891100,269.5014521438137,0
891200,235.61729344560285,1
891200,252.05028721335393,1
891300,236.28483665575624,0
891300,204.80751748742074,1
891300,274.0902594988765,0
891300,276.8381384418903,1
891300,274.89247350886336,1
891400,274.5441180346988,1
891400,261.44698261059455,1
891400,253.44465640565866,1
891500,302.1019380711461,0
891600,314.7659376985747,0
891600,236.51786485874007,1
891800,229.80732192490444,0
891800,284.4060264936662,1
891800,291.44400260914,1
891900,218.35477451418174,1
892000,269.2493209059976,1
892000,248.96600974519717,0
892100,262.25249376285177,0
892100,333.4101109539068,0
892200,278.5805002229774,0
892200,237.44076109406257,0
892200,188.54068597635603,1
892200,245.47238157350304,0
892300,235.75411324327112,0
892400,178.5670560497094,1
892400,223.1607253398258,1
892500,216.36864210874475,0
892500,233.56802603808936,0
892600,285.27953255043207,0
892600,300.0180435745872,0
892600,234.00626728021794,1
892700,228.91230629195505,0
892700,226.15416116428807,1
892700,235.7588969673524,1
892800,297.9657473944888,0
892900,229.46649867346713,1
893000,212.03848894563302,1
893100,229.14469747051646,0
893200,253.84985030953018,1
893200,273.835292076989,0
893300,242.69647953919008,0
893400,181.5156719004076,1
893500,223.467040769221,1
893500,272.289046930694,1
893500,175.25746164840987,0
893500,183.23530888538207,0
893500,239.4809167919922,1
893600,274.8271077982742,0
893600,285.97301899661636,0
893700,225.1866739800965,0
893800,196.81210445732933,0
893800,169.7352495286042,0
893800,238.1467422582351,1
893800,264.30946785970184,1
893900,208.80030102385095,1
893900,258.67783379558244,0
893900,210.30072312852226,1
894000,285.39126795356714,0
894000,230.87108872679076,1
894000,222.47526681358607,0
894000,201.62054485851573,1
894000,184.23320582128517,0
894000,223.91489130733314,0
894000,197.8564192254044,1
894100,261.05575744771943,1
894100,287.16033873277416,0
894300,221.8883934590422,1
894300,216.2491916196749,1
894300,313.70146044483545,0
894400,216.37796788029712,0
894400,217.85013721650643,1
894500,274.8107016695172,0
894500,276.33764016012714,0
894500,218.48053178380388,0
894500,261.2107070860512,0
894700,194.624224597323,1
894700,225.80491889357657,0
894700,206.69832392737337,0
894700,205.19329792863417,0
894800,234.82347511724808,1
894800,230.76993183724633,0
894800,279.2065426732112,0
894900,226.08821519995246,0
895000,209.95620167845516,1
895100,174.9956891594603,0
895100,176.44553134869813,1
895100,211.61876869524457,0
895200,253.41669093808486,1
895200,224.06565975945432,0
895200,289.10635481231776,1
895300,223.4631829107379,1
895400,216.86497285455246,1
895400,201.1526601978572,1
895500,210.8011233671562,0
895500,223.94556269138428,0
895500,252.22110859538589,0
895500,224.54562295337178,1
895600,239.10438678886615,1
895600,231.2610876345344,1
895700,211.2923603133114,0
895700,219.33194065033462,1
895700,218.34897912271768,0
895700,210.0934414272497,0
895800,229.92971450515657,1
895900,218.07081277054158,0
895900,186.7686122797746,0
896000,212.96762392105694,1
896000,215.96338261389536,0
896200,225.3165643754815,1
896300,221.2096815299268,0
896400,220.23285402764344,0
896400,237.51421532862005,1
896500,214.18886929696907,1
896500,226.16377425910946,0
896500,206.2240197124458,1
896500,209.24495423036709,1
896600,234.9195766088125,0
896600,206.32275045229483,1
896600,182.24092275251311,0
896600,193.51114811812323,1
896700,256.442728818914,1
896700,204.87150152175874,0
896700,218.33178247502266,1
896800,188.3192516380389,1
896900,227.7859417919939,1
896900,204.28146528395254,1
897000,237.21205578830842,0
897000,233.26796271872863,1
897200,178.90986881094503,0
897200,218.31304530291104,1
897200,236.2760309474885,1
897200,172.73523220491523,0
897300,241.4629412597763,1
897400,228.16066698615654,1
897500,210.2359025392793,0
897600,191.41595617167724,1
897700,254.70985681421698,1
897700,245.98628620719438,1
897800,186.37241629234586,1
897800,221.75201358817054,0
897800,178.31552600074286,0
897800,264.10024346924007,1
897800,226.95432893740997,0
897800,231.54965336727145,1
897900,183.83411537149004,1
897900,196.33108198864295,1
898000,254.6681737996019,1
898100,201.12526579462823,1
898100,198.8771547249917,0
898300,210.4474486624798,0
898300,239.1331265733977,1
898300,238.03863739552824,1
898300,227.03564238834284,1
898300,238.0468522389687,0
898400,250.95031763858472,0
898400,227.64660345886824,1
898400,247.89811234463014,1
898600,228.16709871406596,0
898600,222.9317242424608,1
898600,226.45623327749934,1
898600,181.32840255031846,1
898700,227.4105313252542,0
898700,193.73461638914355,0
898700,224.1752090693488,0
898700,244.07161918542798,1
898900,243.02085221795008,1
899000,240.44681526596239,1
899000,222.1465611339017,1
899100,230.70755617563105,1
899100,223.31650326321522,1
899200,226.508800037076,0
899200,228.98973260739473,0
899300,204.27151447851003,1
899400,212.1450819180311,0
899500,234.50501541591098,1
899500,230.0518671932977,1
899600,228.7554785783116,1
899600,247.35764623772374,1
899600,268.6255102600892,1
899700,224.7656455559583,0
899700,238.61658169824008,0
899700,226.79675987517888,1
899900,261.33706015251136,0
900000,199.24950611758027,1
900000,245.01605841304612,0
900100,227.98536380279273,0
900100,215.90327513115588,1
900100,213.87266193513193,0
900100,244.46718905562363,1
900200,233.4842772859402,0
900200,234.03101390329115,1
900300,230.90118050533843,1
900300,258.79323103205286,0
900300,207.1062385990041,0
900400,245.3858028314225,1
900400,217.31232104028885,1
900500,230.99712020155062,0
900600,248.045899854228,1
900600,253.43910932772528,1
900700,227.08357114567923,1
900800,230.25548578906802,1
900900,243.49237106445435,0
900900,251.23399618761013,1
901000,268.4108591758599,1
901100,247.105182307327,1
901100,227.97746027705955,0
901200,219.89560558430685,1
901300,221.5182699324379,1
901300,223.95980739252036,1
901400,239.36773682903575,1
901400,226.88228463077567,1
901400,296.8961215833732,1
901500,242.0642138256523,0
901500,190.65186497979468,1
901500,216.36786846933958,1
901600,232.124873141936,1
901600,229.0371847575454,1
901700,226.532893299261,0
901800,238.42097813081253,0
901800,216.99280823180598,0
901900,267.7066830165155,1
901900,239.3671889577615,1
901900,249.82093503017933,0
901900,229.47223943956308,0
902100,194.14918737513847,1
902100,281.8643814323543,1
902200,314.186941653271,1
902300,325.11087719497107,1
902300,244.09445232834756,0
902300,248.42620386197902,1
902300,275.79978601230954,0
902500,265.3510066520831,1
902500,222.2646769503798,0
902500,221.98875713327203,1
902500,219.88569050946387,0
902500,190.54299887955162,1
902500,255.0258553718443,0
902600,297.15076563643805,1
902900,244.99088541716412,1
902900,253.11882719432109,1
902900,219.76949984191532,0
902900,251.88887266742518,0
902900,198.6943613431562,1
903000,275.86497993445124,1
903000,220.00424419981024,1
903000,259.54540766057283,0
903000,238.16590612289158,0
903200,261.3157871548129,1
903200,222.29889919254444,0
903300,246.56729386392834,1
903300,267.1441187778666,0
903400,242.13047264975037,1
903400,235.7175683358301,1
903400,270.65079886677034,1
903400,259.4335530110144,1
903500,196.05938843474792,0
903600,206.30386436798943,0
903700,215.492653588783,1
903800,248.33095691236608,0
903800,231.6969935771783,0
903800,241.79192709206066,0
903800,250.06499921844642,1
903800,198.19417503478803,0
903800,221.1839525096651,0
903800,176.65566536195485,0
903900,280.6681392255973,0
903900,251.6919908947577,1
904000,201.0991837151992,0
904000,234.49859421941824,1
904000,216.27805952861905,1
904200,259.62440891222207,1
904200,195.24605336566032,1
904300,192.8375397548736,1
904300,235.32896186440257,1
904300,286.0730843687584,0
904300,183.85951339972218,1
904300,235.55822717376424,0
904300,217.59694316399984,0
904300,197.92013494887226,0
904400,209.23530060178732,0
904400,287.8659670051584,1
904600,215.2263396366806,1
904600,240.36153763356504,1
904600,201.47339211451714,1
904700,234.9167436289328,1
904700,238.28693870990486,0
904700,185.88331214368907,1
904800,210.18135733957507,0
904800,282.12958525487227,1
904900,236.10774165940114,1
904900,214.13899732017583,0
904900,203.76781016268055,1
904900,317.7578774842057,0
904900,231.84045190613926,1
905000,306.59234917632074,0
905000,208.0032414153928,0
905100,185.3017033670266,0
905100,280.17987082883354,1
905200,239.79347231686023,0
905200,205.39149975830733,0
905300,343.720365218592,0
905300,262.39585999078884,1
905400,203.7543470773239,1
905400,215.46192559527572,0
905500,194.4659207758728,0
905500,227.90369212796597,0
905600,247.8204607894962,1
905700,212.22787153828241,1
905700,201.3643934198078,1
905700,202.43439579267215,1
905800,204.85635834667715,0
905900,186.51722102572583,1
905900,213.3023094942937,1
905900,230.94183195364033,1
906100,237.7279553309067,0
906100,209.89703477127014,0
906300,213.09242136425462,0
906300,213.7119612297806,1
906300,233.99858264603506,1
906400,227.464829002919,1
906400,234.90651288320765,1
906500,216.36531881910798,1
906500,223.19127059339823,1
906500,190.4948763478357,1
906600,208.02378235380374,0
906700,211.4001983222633,0
906800,173.66238625822868,0
906900,223.79266012193426,0
906900,247.640773711725,0
906900,234.63339023433895,0
906900,237.00663625916496,1
907000,220.5432095164218,0
907000,212.97586951327438,0
907000,262.14203431697086,1
907200,226.84515384476978,1
907200,228.98581531008202,0
907300,215.8892964703608,1
907300,239.39240015242436,0
907400,232.13794713031294,0
907400,228.78679855823395,1
907500,223.82409403428358,1
907500,214.67721443661628,1
907500,221.7070929021604,1
907600,201.30903439027853,1
907600,226.17469127000433,0
907700,214.04641329890785,1
907700,206.26950168752674,1
907700,231.8750730717272,0
907700,210.51736993706194,0
907800,236.83701458698735,1
907800,230.79348465068614,1
907800,215.14624058069825,1
907900,194.9686938381361,0
907900,192.16963735685707,1
907900,188.72105202018028,0
907900,222.79126417878095,1
908000,206.64157859606897,1
908000,174.71314519975707,0
908000,208.44389143252977,1
908000,201.15511402924813,0
908100,185.59448468578157,0
908100,242.8139363722743,0
908100,203.05137172702214,1
908200,185.63238214697358,1
908200,229.32749496410864,1
908200,218.37173547837685,0
908300,206.8042454023101,0
908300,207.0858861698979,1
908400,189.81002055224516,0
908500,225.52625707455533,1
908500,251.0852656751977,1
908500,230.2335862732663,1
908600,203.76649843242876,0
908700,170.47407828416368,0
908700,166.60428700874593,0
908700,194.83387215037152,1
908700,204.26801171843618,1
908700,234.5002102215498,1
908800,210.0603755907667,0
908800,187.39980996669627,1
908800,200.41595936427916,1
908800,221.29323800418192,1
908800,202.6090116434247,1
908900,177.02420931479563,0
908900,183.10405018442995,1
908900,171.8127163420922,1
908900,190.30561806917473,1
908900,195.8861706967712,1
908900,231.89674820406285,1
909000,173.1391582022004,0
909000,178.61133895440545,0
909000,231.20234715619938,0
909100,197.83545237258642,0
909200,178.72504118564268,1
909200,173.07266207586363,0
909300,233.54657722824817,0
909300,265.8105302303235,0
909400,250.18740662037123,0
909600,221.04725215751864,1
909600,202.05651523637323,0
909700,181.76819049584765,0
909700,244.41692194041553,0
909700,245.1240461411297,0
909700,194.3380789920539,0
909700,197.11687578193278,0
909800,192.42346408274383,0
909800,218.31474980146507,0
909800,174.45036157640388,0
909900,246.291073868764,0
909900,198.57500734581723,1
909900,252.19444124388428,1
909900,189.9298307564608,1
910000,202.85940272447507,1
910000,191.75530488359175,1
910100,215.1428261887628,0
910200,176.54473100273086,1
910200,181.54219323379073,1
910300,181.15558466268146,1
910300,197.3814865606388,0
910300,182.43258859055416,1
910300,174.76890265540632,1
910400,185.0975091036828,0
910500,180.00684911733998,1
910700,172.06979627166544,1
910800,209.35159220148344,1
910800,198.34201332933546,0
910800,184.99904312765722,1
910800,181.39968990899158,1
910900,219.95601729298585,0
910900,194.51613745578945,0
911000,168.5284279990278,0
911100,183.8364610085491,1
911200,179.35664014058733,0
911300,214.77564319313458,1
911300,208.8338999621953,1
911400,186.0685370864126,0
911400,215.25153442809753,0
911400,173.69370928400008,0
911400,186.4957264734723,0
911400,177.3584367757237,0
911500,170.41142371834914,1
911500,161.73626276533182,0
911600,190.82074283527527,1
911600,209.2065640694537,1
911600,179.0170685681779,0
911700,172.5748885169315,0
911700,170.96501725386375,1
911700,174.57229656889922,0
911700,236.24221400279438,0
911700,203.15488175647914,1
911700,170.79015267930382,0
911800,205.56750596674718,0
911800,186.33383387084965,1
911900,199.0106605899257,1
911900,220.29715253055102,0
911900,196.83978063372945,0
912000,191.71209307796215,0
912200,220.35384645784194,1
912200,207.26324277181016,0
912200,189.62218343678774,0
912300,202.12274684675856,0
912300,193.41428405547458,1
912300,177.91508698928143,1
912300,179.14186615962655,0
912400,216.68718619314976,1
912400,201.97342513128655,0
912400,177.157290520318,1
912500,180.96637574220574,0
912500,178.5936972762061,1
912500,164.85745495682798,1
912600,175.82540418244875,1
912600,183.87457520451628,0
912600,168.87335242148606,0
912600,210.98283817462763,0
912600,174.18505980883387,0
912700,180.15414858285249,1
912700,186.5504449005734,1
912700,176.75296270903652,0
912700,204.3116474224347,1
912700,173.68781423391977,0
912700,210.38922267203873,1
912700,212.41803845448274,1
912800,180.58098268968263,1
912900,215.90467217560294,1
912900,161.5865596539731,0
913000,202.0507520314847,1
913000,184.40787308657616,1
913000,180.71230588405467,0
913000,177.48576783870655,0
913100,170.84767152099954,1
913100,198.21292233851526,1
913100,237.20375467761684,1
913400,175.8367633002147,0
913400,181.11896403992273,0
913400,235.95148459621592,0
913500,233.97199821369384,0
913500,207.09500661079036,1
913500,175.07463283781206,0
913500,227.4457974982037,0
913500,179.38323559873862,0
913600,181.73600620207398,0
913700,180.16198923836282,1
913700,237.20629676204885,1
913700,173.50244441194067,1
913800,233.83306628285203,0
914000,199.07298622212835,1
914100,185.8402419408645,1
914100,181.78524035703424,0
914100,203.84593824734753,1
914300,212.77375866359034,1
914300,212.96903862297702,1
914400,229.10008071665982,0
914600,236.50299915445194,0
914600,198.13615725505767,1
914600,229.85676020625442,0
914600,238.92227006967227,0
914700,174.24146990591626,1
914700,212.97714190243792,0
914800,185.34237389750933,1
914800,204.11521784501545,0
914900,245.9639624432219,1
914900,194.4443189594141,1
914900,202.76898722522031,1
915000,242.12200664853293,1
915100,214.31029185700166,1
915100,210.61211073815244,1
915100,168.85009072219455,1
915200,212.15827368490812,0
915300,183.19724612457497,1
915300,202.49687409247184,0
915400,255.81786655016705,0
915400,204.45928280823804,0
915400,256.4842180581932,0
915400,172.25785133281792,0
915400,252.50475698067507,0
915500,230.7788223972177,0
915600,201.73857114207456,0
915600,181.62169385445168,1
915700,215.19163683937694,1
915700,208.50553562586697,1
915700,201.45545957429405,0
915700,194.7099769629433,1
915800,196.35343507850098,1
915800,186.9180357089181,1
915800,186.76153647210256,0
915800,202.64181168758256,0
915800,197.37643251969698,0
916000,195.01967081272142,0
916000,213.55286166304163,0
916000,207.00107925082432,1
916100,201.8301493420015,1
916200,224.22112701798773,1
916200,203.16808095854012,1
916300,228.4235731250085,0
916300,245.41837848405308,0
916300,239.81807611538406,0
916400,175.5772798659858,0
916400,174.2982617105318,1
916400,183.6975800378474,1
916400,197.07641702569003,0
916400,184.36776686972678,0
916500,176.0425082957303,1
916600,207.45158376808303,0
916600,197.82507208465944,0
916600,260.64693658972936,0
916600,195.42697775006195,0
916600,192.77578646236708,0
916600,207.69428319100552,0
916700,220.3658870799469,0
916700,218.0759184453289,0
916800,223.45815471888412,0
916800,180.9580816887821,1
916800,203.213579420764,1
916800,197.12082112759924,1
916900,231.30314265860176,1
917000,193.08736467891575,0
917000,205.39676957501408,0
917000,182.88115469428715,1
917000,191.6725463760954,1
917100,232.84095063826058,0
917100,189.07755723808194,0
917100,204.9748935292609,1
917200,220.47100121573845,0
917200,222.15455009690177,0
917300,229.66172655272456,0
917300,178.85148691244356,1
917300,177.15106296464532,0
917400,212.4639038229999,1
917400,184.56864801941882,0
917400,212.07503770803348,0
917500,236.80302661859602,0
917500,200.53523898221468,1
917500,219.5995281721301,1
917600,183.10532317560467,0
917600,179.68789153647526,1
917600,196.21726107064046,1
917600,249.9783242235379,1
917700,266.4907891342095,0
917900,211.01049445001294,0
918100,213.17651332199824,1
918100,230.21216201851811,1
918200,253.27029280541254,1
918200,178.05521678953522,0
918200,193.73160619247025,0
918300,203.60379378330083,1
918400,220.74635477350674,0
918500,257.41932146228214,0
918500,210.71000334601462,1
918600,216.05108088506137,1
918900,201.3694660011684,0
918900,195.1456234427427,0
918900,229.66000459958613,1
919000,212.50224696512782,0
919100,278.299141550158,1
919200,241.8132234398134,1
919300,207.76753200687855,1
919300,229.3252302478672,1
919300,193.2312583423013,0
919300,232.23088653297498,0
919300,181.17122682728558,1
919300,222.97534712607694,1
919400,177.41284639792767,0
919400,190.46597067692954,0
919400,216.53793132785333,0
919400,235.68402889118732,0
919400,185.2244549616919,0
919500,212.53705685852728,1
919500,178.79830727268754,0
919600,209.26882140326975,1
919600,240.64438860572568,0
919600,182.74569283966193,1
919600,219.5858533917373,1
919700,187.51025012535735,1
919700,228.17217979438274,0
919800,211.75220224695988,0
919900,246.57939852404064,1
919900,204.5091425327062,0
919900,182.57185625705813,0
919900,175.57980072853087,1
919900,214.17024703225886,0
920000,200.37057661266073,1
920000,207.77146437102746,1
920100,182.16168417150442,1
920100,231.98275852449356,1
920100,192.90787076869537,1
920100,207.56610169585576,0
920100,189.85209182594704,1
920200,176.0125244705613,0
920200,209.27131283563202,0
920300,210.95258071259752,0
920300,261.3045103222009,0
920400,193.95652770754688,0
920400,184.72777182035964,1
920500,249.0918992295344,1
920500,191.59812025118725,0
920600,196.20927146785905,0
920600,199.5829530373688,0
920700,192.74186296844144,0
920800,190.77791912344503,1
920800,180.85838019976413,1
920800,219.87866667381084,0
920900,207.66297730595915,0
920900,202.342481959028,0
920900,196.37874291056463,1
921000,185.67382723493958,0
921000,267.94855971452495,1
921000,186.50234507746472,1
921000,210.529472060406,0
921100,197.37171882672658,1
921100,217.1505743561635,0
921200,190.9849676651945,1
921300,180.4879625798696,0
921300,201.91875593509184,1
921300,236.0162196710617,0
921400,183.3376499043227,1
921400,221.5707976849691,1
921400,227.6449443204322,0
921400,195.9342078880984,1
921400,250.2491139259424,1
921400,193.32400233376796,1
921400,199.2879070567014,1
921600,188.74595409850556,1
921600,226.56627389524255,0
921600,242.99767699623882,0
921600,186.9642520770143,1
921700,191.35351751900572,1
921900,250.78462678921468,1
921900,213.89715574243291,0
921900,252.59501022136618,1
921900,202.45116305136492,1
921900,233.89966415212487,0
922000,255.67623006464484,0
922100,226.39813640666412,1
922100,216.7980555144665,0
922300,183.03280321443765,1
922300,254.31430059451682,1
922400,197.7876143989533,0
922400,185.0919008025308,0
922500,213.5618359423426,0
922500,258.68685297582994,1
922600,211.48855235234174,0
922600,172.56868244598192,0
922800,267.3020966377807,1
922900,235.33078760990728,0
922900,205.816157443087,0
923000,198.6227525493472,0
923100,229.73108920664157,1
923100,245.00597424247067,1
923100,188.3523436413326,1
923200,264.78809582681595,0
923200,178.10459964795132,0
923200,188.26047340166159,0
923200,188.73385751028434,1
923300,185.4072516508725,0
923300,188.5992256542297,0
923400,301.08490642004745,0
923400,195.83351820845098,1
923400,190.38178434107104,0
923400,194.38854837730008,0
923400,190.4066789966395,0
923500,180.80935003969805,1
923500,186.33685428492345,1
923500,196.94125116584465,1
923500,190.07640691927068,1
923500,226.6524416654576,0
923600,175.82476083322086,0
923700,175.74764616571957,0
923800,199.85908324666224,1
923800,183.14631014962245,0
923800,193.002711751296,1
923900,171.02701429948118,1
923900,201.93694400103956,1
924000,187.91965731680335,0
924000,183.43701818049882,1
924000,199.11415309875565,1
924100,233.6573846658829,0
924100,187.0665589983669,1
924200,228.028287019169,0
924200,198.4531406974994,1
924200,287.5623010434437,0
924200,180.68557427232972,0
924200,194.5232622895217,1
924200,190.5080061305948,0
924200,234.22563241850784,0
924200,223.2941388938691,0
924300,177.97143775378575,1
924300,185.34526529875745,0
924400,179.52467321197136,1
924400,207.38373305630753,0
924400,178.50603865100314,1
924400,180.58122077255598,1
924600,196.4278541811245,0
924600,282.8253350456208,1
924800,193.42442779217922,0
924900,179.609259569083,0
924900,234.36005024648767,1
924900,243.00521491719073,0
924900,287.3090702733892,0
924900,190.3550049723966,1
924900,196.84210101965158,0
925000,227.39116435802939,0
925100,181.17163737530535,0
925100,179.1093706772571,0
925100,180.0799489185446,1
925200,191.12530987608275,1
925200,180.18675845649994,0
925200,201.1729294504552,0
925300,204.42871644603989,0
925300,203.98460643244246,1
925300,173.44524623133643,0
925400,189.92225888206556,1
925400,226.94167034330712,1
925400,178.5807534097907,1
925500,214.56565650588237,0
925500,178.40457901902215,0
925500,213.04698056590783,0
925500,197.2382480862251,1
925500,223.4825950134526,1
925600,177.03033004055618,1
925600,233.81200782128488,0
925600,200.57157652514587,0
925700,198.9044938682366,1
925700,176.68122446494002,0
925700,274.2920183608386,1
925700,181.02498700095217,0
925800,188.68876806804383,0
925900,207.28093246248795,1
925900,241.87386434423877,0
926000,171.91112883680472,0
926200,195.37586588684277,1
926300,177.74212788849516,1
926300,243.8105416999211,1
926400,244.48605254982272,0
926400,216.59634310251863,0
926500,195.0070131869435,1
926500,186.1623836834962,0
926600,198.87290651133588,1
926700,237.01119015660777,0
926800,209.20578273721208,1
926800,194.6284633379732,1
926900,190.72084376628035,0
926900,239.18128974318515,1
926900,181.42438420478172,1
926900,223.0116110413277,0
927000,172.64126734120234,0
927000,181.76160520207924,0
927100,170.30197002842323,0
927100,182.17246160741493,0
927100,174.87160617608922,0
927200,194.73437054302028,0
927200,194.02365493588576,1
927200,177.4784853510246,0
927300,213.58478186013522,1
927400,182.78926934150607,0
927500,194.55932449762415,1
927500,190.60178570849894,1
927500,258.3723306960325,1
927600,175.79097820669674,0
927600,204.78586469095453,1
927600,180.9243970238312,0
927700,176.86953744915706,0
927700,205.36766339630537,1
927700,215.01270109735577,0
927900,183.64794612518392,0
927900,215.77197313390005,0
927900,199.19390678155298,0
927900,234.8377109243579,0
927900,176.90812398715616,1
928000,186.34291894951218,1
928000,180.26747929673598,0
928000,182.9306673291514,0
928100,178.69326893070553,1
928100,186.10215246168798,1
928100,183.49461561400233,0
928100,223.72191805234755,1
928100,180.2607404275369,1
928100,245.08146219331502,1
928200,233.91697577047884,1
928200,177.89899683875205,1
928200,229.90760805508768,0
928300,187.59845960370896,1
928300,187.38915221326388,0
928300,213.36845725737865,1
928400,198.2399183823525,0
928500,192.51370724387152,0
928500,204.4718179796055,0
928600,179.80775016816654,0
928600,167.6965980068186,0
928800,228.07590289013342,1
928800,169.69133195670923,1
928900,195.78016714226985,0
928900,191.09929447911827,1
928900,254.6915010647259,1
928900,191.7703367909179,1
929000,184.69208252874483,0
929000,204.17236101847723,1
929100,232.0810420169784,0
929100,254.25069172118756,0
929200,188.66724428882208,0
929300,209.38176090351254,1
929300,190.64620669103206,1
929300,200.69898748143865,0
929400,190.88021523111487,0
929400,206.02108258415393,0
929400,213.7177665739161,0
929500,192.89957193077535,0
929500,192.44111990402672,1
929500,241.77671713125983,1
929500,220.86724386510704,1
929500,191.06154045304717,1
929500,178.84912151632201,0
929600,187.85738406007755,0
929700,212.1299488335919,1
929700,204.55827822625528,1
929700,180.94873375280727,1
929800,268.46306050521855,0
929800,196.27182893932587,0
929800,203.96790960239213,0
929800,194.58148647427913,1
929800,202.15094869442825,1
929900,209.80156610804738,1
929900,205.91068704332832,1
929900,193.52860466646828,0
930000,203.78226159769503,0
930000,207.98456113055383,1
930100,240.82909205570323,1
930200,246.83899198760398,0
930200,196.21174991449564,0
930300,192.91973165851314,0
930400,194.68710082757198,0
930500,190.70698450946543,1
930600,249.23884341539127,0
930700,212.70486606882272,1
930800,185.78186752393998,1
930900,194.5712166694983,1
930900,193.333435038338,0
930900,184.55504109523093,0
931000,197.56170706340558,0
931000,192.28063317015315,0
931000,195.6239367520544,0
931100,189.47222262525622,0
931100,194.50684900929434,0
931100,178.03535490956054,1
931100,186.57286963786348,0
931200,196.71056424393697,0
931200,189.56381699675805,0
931300,230.91250459702263,1
931300,231.21413301236794,0
931300,194.74545419690045,0
931300,272.9011235025277,1
931400,201.3941247660267,0
931400,183.66157384371564,1
931500,190.28674122596706,1
931500,181.2492351684133,1
931500,184.73832657068792,0
931600,221.49076353082847,1
931600,247.3076254468754,0
931700,197.64208135771125,0
931800,199.10745476603228,1
931800,185.09505189251558,0
931800,208.27560928815345,0
931800,205.1191116104364,1
931900,184.07929809382057,0
931900,185.2578026921934,0
931900,201.81518987591815,1
932000,187.1758258956223,1
932000,191.63486375996487,1
932100,187.7027892582172,0
932100,188.647059605297,1
932200,213.3954460938696,1
932200,195.63170054647253,1
932200,207.30673048512284,0
932200,192.25915141199604,0
932200,190.93741569497283,0
932200,186.90186776830342,1
932300,228.5196456370137,1
932300,204.95730698495794,0
932300,180.2954814329578,0
932300,189.0286728292378,1
932300,186.9581400250679,0
932300,194.2129384045175,0
932300,216.51116779345517,0
932500,208.26610611007445,1
932500,214.7981606874461,1
932700,219.5022741440801,1
932700,187.02685175879614,1
932700,190.78616880053968,0
932700,187.51125135637915,1
932800,187.96623801001877,1
932900,184.46480305071566,1
933000,197.63627923632566,0
933100,195.57526735711258,1
933100,199.67035134383227,1
933100,225.19238639079674,0
933200,205.0162300817204,1
933300,211.54526728785916,1
933300,193.64663064856424,1
933400,195.13724543564862,0
933400,199.59299308130176,1
933500,201.12418718649448,1
933800,179.9955572123585,0
933800,200.85277341701976,0
933900,209.58852108732873,0
934100,201.0786709019989,1
934200,214.9139004529469,1
934200,181.56892368865346,0
934200,204.69921877975187,1
934300,213.62595780542028,0
934300,243.03302248342766,0
934300,237.50046112415325,0
934400,205.06414693831752,0
934400,239.7658343539803,0
934600,219.27621962441387,0
934600,248.69192662780134,1
934600,237.29835326861317,1
934700,225.2394418080553,0
934700,247.450797101431,0
934800,213.09830421581538,0
934800,230.3170989156384,0
934800,261.59217368352165,1
934900,186.6889723513043,0
934900,223.70427114022115,0
934900,238.1629825557323,0
935000,266.9422647981441,1
935100,271.72708977235953,1
935100,244.37924404641703,0
935200,262.8287175387558,1
935200,263.5972648704707,1
935300,207.42095234187795,0
935300,285.16120420414137,1
935400,208.40706340645377,1
935400,190.42465431318877,1
935400,230.2157733845648,0
935500,254.34118722040054,0
935500,235.27569462756912,1
935500,200.6536006110855,0
935600,211.77747618231606,0
935600,237.54411115634403,1
935700,233.79350469530266,0
935700,207.34079632727185,0
935700,213.83444863802924,1
935700,213.36005663292343,1
935800,226.98227693820894,1
935900,213.86203951441328,0
935900,230.11316397727873,0
935900,225.674668268017,1
935900,300.9927352217658,0
936100,213.32387302326327,1
936100,206.92852283142375,0
936100,213.53146472538543,1
936200,260.03016550470863,1
936300,237.18821217749758,1
936300,245.12597221944364,0
936300,198.30635920886382,1
936300,184.95673857988902,0
936400,233.64384513981045,1
936400,273.17308591920136,1
936400,204.1248333426543,1
936500,219.92758752449254,0
936600,243.67287377842484,0
936600,220.53529067092316,0
936600,230.2383032336784,0
936700,248.65821843774663,0
936700,250.65584964383564,1
936800,214.3449327924547,0
936800,233.51760185528454,0
936900,227.00999067839572,1
936900,235.73661122977956,1
936900,227.9324321374199,1
937000,247.05380718508835,0
937000,230.75314704808514,1
937100,236.11773975596864,0
937100,231.47033713548637,0
937200,213.1725970200121,1
937200,256.87168380422713,1
937300,209.1314680716091,1
937400,254.0354348478076,0
937400,243.42518327153343,0
937400,224.34811460022715,1
937500,194.37054521512988,1
937500,224.54923564164199,0
937500,255.2138720283812,0
937500,233.41576542589505,1
937600,250.03352562707227,0
937600,214.77365699713775,1
937700,204.83176370271082,1
937700,255.0401366131242,1
937700,224.9304925148108,0
937700,299.2130118193801,1
937900,268.4939662329951,1
938000,241.0710322592128,1
938000,225.65886270248603,1
938100,268.4942874863183,0
938200,200.3419952913491,1
938300,288.1681633387779,1
938300,226.68326268020908,0
938400,294.73814073785786,1
938500,253.44188459799622,0
938500,259.76456341487545,0
938600,203.71495438546177,1
938700,182.40857847270598,0
938800,194.31177403744238,1
938800,239.47224260625757,1
938900,204.15651098187172,1
938900,271.40784754543654,0
938900,193.9433827952287,0
938900,223.33916528769848,0
939000,274.9096919861086,1
939000,211.9648842237587,1
939000,224.7905391531757,0
939100,241.4615899914582,0
939200,203.38986541882412,0
939300,238.71731397479167,0
939300,238.05800455301207,1
939400,178.44349587149847,0
939400,221.61548558419193,1
939400,214.14758405938227,1
939400,211.2201613294624,0
939400,188.00875751230856,0
939400,200.6755321316864,1
939500,283.8296261802376,1
939500,263.78177895956776,0
939500,192.68397662311818,1
939600,188.80737244277356,1
939600,227.0834205257883,1
939600,209.0112208717544,0
939600,225.3380278160899,0
939700,202.21824406484293,0
939700,225.21023892722425,1
939700,190.99555451596245,1
939700,211.46010930818062,1
939800,188.50870405682153,1
940000,206.74574571656672,0
940000,231.54125536674957,0
940000,276.77192027631907,1
940000,208.17107733930524,0
940100,221.7193609517415,0
940100,197.75491239287788,1
940100,217.2525774319505,0
940100,215.19062279982595,1
940200,203.9849416696997,1
940200,189.2941564762313,1
940300,178.22988969843192,0
940300,208.54693988767733,1
940400,220.56383602683363,0
940400,252.8870686773484,1
940400,216.35502302092058,1
940400,214.05913244555478,0
940600,196.45183771520087,1
940700,229.1985990364375,0
940700,208.67036857014554,1
940700,208.49806364517522,0
940800,174.82552199115707,0
940800,203.46920334700653,0
940900,269.2547750429813,1
940900,222.4748200165595,1
940900,208.0780103176264,1
940900,201.52076613621793,0
941000,184.86419101126268,0
941100,204.95555411721142,0
941200,223.36393361323957,1
941200,202.89913849081728,0
941300,222.178408391456,1
941300,250.2938010704092,0
941400,184.8946695349299,1
941500,218.70213075096754,0
941500,213.4016727619274,1
941500,195.87630389081482,1
941500,208.79531152257388,0
941600,207.05450796556067,1
941700,202.93187975695764,0
941700,191.1799074172441,1
941800,220.2973271040004,0
941800,253.9896416683643,1
941800,247.81168701712608,1
941800,269.7694048419943,0
941900,198.83357014846604,0
941900,217.71121923766907,0
941900,241.9670833656644,1
941900,197.91778915615947,1
941900,228.6326882454171,1
942000,243.86870335360464,0
942100,186.2149275016328,1
942100,213.62807815352193,0
942100,219.4234867078683,0
942100,220.77327704194153,1
942400,192.05291612281735,1
942500,230.24488945375268,0
942500,211.06005721763339,1
942600,199.30859011244092,1
942600,258.0300722762171,0
942600,184.85580671566288,0
942700,232.0085038113037,1
942700,194.88643159957294,0
942700,238.15989410522337,0
942800,254.2161506833783,0
942800,176.5405190763156,1
942900,233.27843666886474,0
942900,188.89406775879277,0
943000,223.8095416182685,1
943100,191.32637861270265,0
943200,199.09717191439842,0
943300,202.60232202776177,0
943300,213.66293626063853,0
943300,216.52271301737204,1
943300,204.4085498005189,1
943400,191.2131500423452,0
943400,187.19867979757453,0
943400,189.5985469839873,1
943400,226.95322169715587,0
943500,194.11693694141263,0
943500,238.82550928901608,1
943500,207.82999210101872,0
943600,225.82888203406154,1
943600,204.4193226148914,1
943800,209.0656699744895,0
944000,216.32371729775284,0
944000,222.6366512524629,1
944000,274.7123212946217,1
944100,209.37971495715277,1
944100,212.7817312346811,0
944100,236.17383867450815,1
944100,216.92622631563705,1
944200,211.73095268872268,1
944200,210.6171806199891,1
944200,214.0860103282589,0
944200,223.94493678830452,0
944300,203.5811520570865,0
944300,191.89605252222435,1
944300,191.85906549825052,1
944300,218.29456722808283,0
944400,222.59772445013598,0
944400,205.94647254291183,0
944500,235.55064454741952,1
944600,215.29758704935895,0
944600,203.53029317463958,1
944600,200.79359594671905,1
944700,194.2609441525502,1
944800,227.43150162138045,1
944800,206.8475937740619,1
944800,254.21420779007178,1
944800,248.17385238120025,1
944900,227.55725867468212,1
944900,213.5414989299611,0
944900,233.442598349748,0
945000,219.35181068262318,1
945100,210.39982078341401,1
945100,200.69071654161473,0
945100,177.50091453269283,0
945200,238.18566877507945,0
945200,228.83864876049213,1
945300,209.20878169815998,0
945300,219.58230079374556,1
945400,213.95035338268934,0
945500,221.4084998018821,0
945700,208.07912952925102,0
945800,239.84305156205198,1
945800,202.19856071126338,1
945800,196.63875805125565,1
945800,224.7953497197723,1
945900,217.71136004921277,0
945900,244.31156614738364,1
945900,198.7617587911646,1
946000,221.49602790539404,1
946000,229.16481221153256,0
946000,300.50213323704963,0
946000,249.56655255889427,1
946100,208.97013454387115,0
946100,192.74517676916045,0
946100,221.1221237059444,0
946200,230.32795296960202,1
946200,193.73019539400167,1
946200,213.07794919664832,0
946300,202.2090713310018,1
946300,214.21863108923992,0
946300,209.51103997730874,0
946300,217.81414776014483,0
946300,245.18741444635344,1
946300,197.8568707804298,1
946300,210.62225523091817,1
946400,210.13973914142434,1
946500,208.3454821810181,1
946500,186.62228363812235,1
946600,228.57550445891468,0
946700,192.4659696919688,0
946700,218.97156892589692,0
946700,206.09253726419507,1
946800,200.34274707994754,1
946800,232.15270703156173,0
946800,238.36733839816688,0
947000,207.40609245978686,1
947000,205.01972351174288,0
947100,197.08524086822774,1
947200,214.46501226502264,1
947200,207.19886969694053,1
947300,225.84786568563302,1
947400,194.09527607077086,1
947400,214.76866369321877,0
947400,182.4415750319364,1
947400,227.49328961321234,1
947500,196.51481731028235,1
947600,231.81461089034187,0
947600,192.67316865820996,0
947600,203.41148599577684,1
947600,211.25668656350618,0
947700,205.34516706828734,0
947700,186.5582147208514,1
947800,208.08451120324594,1
947900,210.46408375119375,0
947900,205.6932962017518,0
948000,219.93872203253244,1
948000,218.07167474976043,0
948200,197.0126423792021,1
948200,263.14972557606666,0
948400,217.9945050928303,0
948500,206.05608796055023,1
948600,213.34496643755267,0
948600,213.67192590775937,1
948600,217.8355037330868,0
948600,198.07078073424896,1
948600,240.88365685753246,0
948700,217.37340891222894,0
948700,231.74730268997683,0
948900,225.54962236624849,0
949000,217.7743362315061,1
949000,224.42885440626827,1
949000,195.78660095902953,0
949000,223.9587941922052,1
949100,189.6173091001593,1
949100,223.53877093332864,0
949100,229.2964820605199,0
949100,231.40878156274127,0
949200,189.77169850958745,0
949200,248.8999296558018,0
949300,256.1240015358833,1
949300,233.90582201704038,0
949300,231.01361867742943,0
949300,213.92598928011722,1
949300,215.31416591473817,1
949300,241.31066625725038,0
949500,225.197914400827,1
949600,244.6250859314053,1
949800,223.1260655389136,1
949900,236.52385034474895,1
949900,180.4601085486057,1
950000,235.49370759964899,0
950000,253.36682791675835,0
950100,265.85106949756295,1
950200,206.43428438308112,1
950200,263.07875194790375,1
950200,181.7382767228963,0
950300,264.6646572585753,0
950400,251.34898285460852,1
950400,238.26392634112216,1
950500,257.64394102947625,0
950600,256.11876802508147,1
950600,229.1784896883673,0
950600,261.11362398172815,1
950700,218.37205986870572,0
950700,197.7616161298151,1
950700,192.53479579050477,0
950800,238.00601098540682,0
950800,228.3800159219019,1
950900,214.8259633080659,1
950900,230.7807964652628,1
950900,235.05415851363233,1
950900,268.3126931320677,0
951000,241.69418029292305,1
951000,250.54517385377923,1
951000,226.2056547606989,1
951000,234.70274146147938,0
951000,195.27571637969103,1
951000,202.46809111021204,1
951000,258.94193871676543,1
951100,231.74386322979947,1
951100,245.41860667527067,0
951100,255.63774287708083,0
951100,211.2395425749709,1
951100,227.446081934429,0
951200,237.47566602851413,0
951200,245.35797143873006,1
951200,231.67890546144554,1
951400,258.1097786280288,1
951400,237.39593819991646,0
951600,234.77002411310264,1
951600,219.91452744715838,1
951600,253.0488929289272,0
951700,194.85523506543586,1
951700,267.5970470513913,1
951700,222.1950538626339,1
951700,233.4491513342757,0
951800,215.7491196551128,1
951800,267.37772887864094,0
952100,205.14760776104927,1
952100,229.80684497480735,1
952100,216.90472970756767,0
952100,231.03619301705007,0
952200,249.86221806882324,1
952200,219.30964578163787,0
952200,226.72670114717977,0
952300,230.0878593356525,1
952300,233.02906266163583,1
952300,188.1447884595141,0
952500,237.59455354313585,0
952500,217.09595814132763,0
952600,238.41418782534276,0
952600,254.2465396812614,0
952700,238.1705613773643,1
952700,240.53457146051107,0
952700,227.37887937071585,0
952800,202.8943451253121,1
952800,236.18797409426935,1
953000,279.87514799142843,0
953200,215.84064254288745,1
953400,232.98161993634776,1
953600,266.78086940761284,1
953600,253.86122712366088,0
953600,272.64585794546304,0
953700,225.20934136549437,1
953700,225.20636183112384,1
953700,245.63318111144386,0
953900,254.55099831790452,0
953900,232.86157587199367,0
954000,259.33664685800494,1
954000,242.9328824509698,0
954100,242.73758486423878,0
954100,239.60756619579016,0
954100,233.86161606058207,1
954100,238.14679361354635,1
954100,241.58542976800982,1
954100,224.76523025371355,0
954100,262.50465476836814,0
954200,243.50414077656094,0
954400,247.0217756465751,1
954600,255.37011401300046,1
954600,296.6796456602033,0
954600,261.66256912843556,0
954700,220.96505820406696,0
954800,277.2840012512376,0
954800,268.4775887218808,0
954900,269.7286872295482,1
955000,256.1784184923394,0
955000,230.4024723320632,1
955000,211.23859323510172,0
955100,279.1507884320168,1
955200,249.54024950507403,0
955300,225.40356360648735,0
955300,267.4806195436278,0
955300,232.89652807136943,1
955300,238.94767125863072,0
955300,241.89603375679332,1
955400,273.86805584708856,1
955400,275.48413496570646,0
955500,232.09592147773066,0
955500,206.9960934531281,1
955500,247.69813211228902,1
955600,215.93595753375715,0
955600,246.44238430547904,0
955600,243.00009705869758,0
955700,235.44617438888912,1
955700,225.35247424395862,1
955800,224.63669544619003,1
955800,221.85444218311397,1
956000,241.53884908532018,0
956000,249.7741380943561,0
956000,257.5244381758551,1
956000,243.1122021477919,0
956000,251.85278540723738,1
956000,255.8707669771842,0
956100,244.0446438959811,0
956100,252.79892139766815,1
956200,243.60509045198467,0
956200,228.31155218620995,1
956200,242.97609024926956,0
956300,255.0412339728015,0
956300,243.98870399866266,0
956300,238.09334164816744,0
956300,224.37077760406427,0
956400,262.1754558933558,1
956500,219.90956030234867,0
956600,286.6247173523828,0
956600,263.5522353238768,0
956700,254.00514974935737,0
956700,261.2137084261128,0
956800,284.7113583494955,1
956800,268.3450876526847,0
956800,241.73518737869716,0
957000,252.93539349191275,0
957100,259.74500735420867,1
957200,236.3232818680544,1
957200,268.9282447105986,0
957200,259.34720226474474,1
957200,273.00770229456987,0
957400,244.01691334907065,1
957400,256.7066337021889,1
957500,235.3703344053895,0
957500,253.1277601294132,1
957500,238.53682106439976,1
957500,258.89182537354424,0
957500,280.96447077303276,1
957500,254.90669922531004,1
957600,235.06899348080782,0
957600,248.91925189754994,1
957600,229.40439867336397,1
957800,280.26287536714483,0
957800,252.23702648308262,0
957900,197.1320395363399,1
958000,283.7289554743506,0
958000,263.3117503474801,0
958200,266.73085368022396,0
958200,246.505970225117,1
958300,271.4037099743077,0
958300,282.814043174665,1
958500,234.73977698034173,1
958500,214.74563915380503,0
958500,204.63534617247382,0
958600,270.957384874491,0
958800,272.9945310444482,0
958900,227.73617697072524,0
959000,259.97064681763317,0
959100,279.5877160092108,1
959100,257.9652513528372,1
959100,232.75507333067648,1
959100,251.776304299241,0
959200,249.13952304456276,0
959200,246.05162325010986,0
959300,247.95636938545434,1
959400,283.2305852087328,1
959400,261.4392482707155,1
959400,256.51168117342417,1
959500,262.1595968711196,1
959500,286.79986946138933,0
959600,251.6709395047197,0
959600,263.0797067106021,0
959900,257.32415776297336,1
959900,244.51854693580844,1
960000,260.77523026082577,1
960200,249.5806819950779,0
960200,236.58745408681366,1
960200,274.8503112079077,1
960200,239.70962583364957,0
960300,263.99330972945336,1
960300,262.22602004805066,1
960400,234.80878770647047,0
960400,280.78499047974816,0
960500,250.6881289110564,1
960500,253.43580865944628,1
960900,260.0540414147479,0
960900,298.9585445947836,1
960900,263.04516002916125,1
960900,278.5933097441851,1
960900,295.6275808115594,0
960900,246.80107647725066,0
961000,268.54108536411195,0
961000,240.24287514694296,1
961000,266.00989308763974,0
961200,242.89570740715422,1
961200,253.87648396850702,1
961200,285.99608581376276,1
961300,308.88343049819633,1
961300,299.94961174676536,1
961300,256.9257004321672,1
961300,264.58393909472977,1
961300,235.3330963413544,1
961300,278.0662743115243,0
961400,254.05826001900803,0
961400,285.3826945881236,0
961400,243.42185563746568,0
961500,226.59871446380856,1
961500,242.45784983548728,0
961600,298.50506360128,1
961600,259.5648707908641,0
961700,277.6431216227305,0
961700,274.9979847272756,1
961700,292.4496286456965,0
961700,244.0459738868828,0
961800,288.37687089032914,1
961800,272.6964037232749,0
961900,246.58403571200304,1
961900,268.2789963515659,1
961900,281.842896539743,0
961900,250.69848378992896,1
962000,224.75736974359927,0
962000,236.40504716040002,0
962100,262.3843788916728,0
962200,248.6358337792023,1
962300,263.75024423930637,1
962300,267.17865161624536,0
962300,221.65015784450188,0
962400,249.44392366476296,1
962400,238.9645828687113,1
962500,232.00453835943114,1
962600,330.79897829276223,1
962600,264.7835022368261,0
962600,290.76852104628443,0
962800,251.69340932296203,0
962900,249.04754292398002,0
962900,258.1943944742694,0
963000,255.8458539780253,1
963100,276.37372481349,1
963100,270.7996582524761,0
963200,229.64925190286752,0
963200,279.0002934677575,0
963300,253.84944358374275,0
963300,284.2821836134941,1
963300,218.48932670460536,0
963400,295.39107526385664,0
963500,312.45501395779536,1
963500,233.8944635785633,1
963500,230.0092012487428,0
963600,271.94954754649984,0
963600,258.58815008214634,0
963600,253.33726392411694,1
963600,261.98620626272,0
963700,205.9205537390587,0
963700,290.285854252353,0
963800,219.76394693475785,1
963800,292.5675686391313,1
963800,231.12711971319098,1
964000,231.97445890700234,0
964000,244.72281823608017,0
964000,234.24333786787167,0
964200,237.1962194378114,0
964200,222.4207136045217,0
964300,201.29840835022907,1
964300,281.0561303054956,1
964400,231.44981766940197,0
964400,235.75529178044314,1
964400,241.66605849186007,1
964400,229.5278986886064,1
964600,270.19362449120774,0
964600,264.80462720311635,0
964600,248.739681363194,0
964600,243.38741763663953,0
964700,207.4215328116215,1
964700,220.98682418932765,0
964900,228.54011688431135,1
964900,218.3289022761859,1
964900,250.33120316867416,1
965000,210.03948315344206,0
965000,211.49915501140697,1
965100,230.09775844886067,1
965100,247.49019848520126,0
965300,245.9964236730861,0
965300,228.22265503583532,0
965400,207.2353626961773,1
965400,212.018948524101,1
965400,211.59515747306048,0
965500,209.88540818799837,0
965500,210.55178774561986,0
965600,192.32155903613477,0
965700,209.20105633104026,1
965700,203.67218825935564,1
965800,208.67450864358864,1
965900,232.469258271471,1
965900,228.73411262123227,0
966000,278.556888543236,0
966000,195.79280710763985,0
966000,228.23086562115313,1
966100,269.697854359652,0
966100,207.4797828619873,1
966100,217.9527247738431,1
966200,245.51541165996335,1
966300,186.00766926096935,0
966300,199.74783816648917,0
966300,233.72234766617692,0
966400,242.65311187781685,1
966500,277.13444199794793,0
966500,258.3422532639225,1
966500,208.79004032514143,1
966500,218.52494316391125,0
966600,253.53405073970006,0
966700,261.5300470097152,0
966700,261.67558211787195,1
966800,236.98400266433302,0
966800,204.40178009856444,0
966800,264.98976727477213,0
966900,253.25732436869848,0
966900,257.59938363726206,0
966900,254.86557103147575,0
967000,218.29977043707603,1
967000,249.68545996116316,0
967000,262.9452700065642,0
967100,247.01399535316466,0
967100,224.0849515669027,1
967200,272.2511639886737,0
967200,225.89786377255962,0
967300,268.07805511733164,0
967500,250.24126264446906,0
967600,275.877197194581,0
967600,241.55708740529423,0
967700,211.74377425185745,1
967700,242.83232184704863,0
967700,207.50157675138774,1
967700,255.92394449938985,0
967900,237.0215676275697,0
967900,259.50271421510564,1
967900,258.85077265735055,1
968000,234.80883860212998,0
968000,214.4213142907497,0
968000,234.81512319050438,1
968000,249.48500799132214,0
968000,201.00821873902999,0
968200,252.65209160936988,1
968300,238.0289752274377,1
968400,251.34211867670584,0
968400,268.926062835126,0
968500,236.0037357461474,1
968500,237.69041695853946,0
968500,220.90193743519097,0
968600,248.51996406949468,0
968600,244.66028080349002,1
968700,244.69049590308546,1
968900,246.68636617235708,0
968900,251.27711475267722,1
968900,246.92809034236012,1
969000,266.82629175972164,0
969200,240.14488654797296,0
969200,237.20035956668067,1
969200,243.53705693851677,0
969300,294.5474376948262,0
969300,253.56503463567557,0
969400,279.5780180316956,0
969400,258.5635744250704,0
969400,232.21377009883744,1
969400,249.60099698733464,1
969400,244.8623400078991,1
969500,242.94764067066876,0
969600,236.78268232968117,0
969700,279.52705317765196,0
969800,249.13875553353768,0
969800,218.97626565440916,0
969800,245.93004974971146,1
969800,229.50189190020242,1
969900,266.7679279385529,0
970000,242.79260104370505,1
970000,266.16190059892716,0
970100,281.2135817001545,0
970200,241.4196838410513,1
970200,273.45960022253297,0
970300,235.94989387619904,0
970400,263.6908517413992,0
970400,220.32178299467716,0
970500,268.90498613820614,0
970700,256.3042467387258,1
970700,258.0519423676408,0
970700,241.30341142825645,0
970800,248.96688797739156,0
970800,279.1689983393259,1
970800,253.72016017320246,0
970800,259.4850612769746,1
970900,250.5340676471668,0
970900,230.7905448125445,1
970900,269.47806659159966,1
971000,269.57959812969216,1
971000,249.97828761458712,1
971000,235.6304754590468,1
971000,239.19010869337163,0
971200,240.60244957768748,1
971200,217.03340935614466,1
971400,245.8238612414768,0
971400,240.08343402996502,0
971500,271.5111090765554,0
971500,259.2574784440591,0
971600,258.85708333301875,0
971600,244.98038650826567,0
971600,242.2685798866828,0
971700,258.3949938249885,0
971700,233.9656667221291,1
971700,254.75134916391508,0
971700,242.2171848895928,1
971800,260.40876903185875,1
971800,287.35041764395964,0
971800,279.75859105703194,1
972000,252.40697562783438,1
972000,257.40185601127087,1
972000,243.62739588440598,0
972000,228.85542396859876,1
972100,210.72702220071832,1
972200,250.79372343295535,1
972200,252.07626477082624,0
972200,263.7398366986037,0
972300,259.6307928027531,1
972300,264.67471038735516,1
972300,241.84292435185492,0
972500,230.9119749357815,1
972500,267.2242860294785,0
972500,252.2454607018323,1
972600,265.4412244676207,1
972600,268.1434814711055,1
972800,251.6074651304182,1
972800,227.1022510887779,1
972900,225.0429825816859,1
973000,234.35892504382252,0
973000,245.49167541525662,1
973000,244.52738869687232,1
973100,261.6196075715219,0
973100,267.5592179331303,1
973200,226.23034206280306,0
973300,259.4889523681332,0
973500,273.8164448859512,0
973500,279.3287936116073,0
973500,264.7678338632907,0
973600,253.66657749527778,0
973600,266.32083085120496,1
973700,273.4180365185406,1
973700,249.29693571858553,1
973700,260.61070973920147,1
974100,235.06255078056964,0
974200,229.28712915658312,0
974200,267.5704707768468,0
974200,270.82532432878867,0
974200,258.38114942035355,1
974300,280.7591900675469,0
974400,253.8696362210518,1
974400,266.46855311962344,1
974500,289.83823297877973,0
974600,267.2381591064226,0
974600,257.81393882992717,0
974600,279.91421916193633,0
974600,278.26417934785485,1
974700,256.28028090444025,0
974700,257.25108345126904,0
974900,250.42626839852747,1
974900,266.4201778459892,1
974900,247.15469276832357,1
975000,284.3204908232908,0
975000,245.18413028912406,1
975100,277.36948574821207,0
975100,275.63301936109866,0
975200,247.74148671104447,0
975200,289.3141195623826,1
975300,276.0820491645852,1
975400,268.8579696814982,0
975500,278.93661200922304,0
975500,258.3621082083131,1
975500,265.2093943321924,0
975500,252.30391359597184,0
975700,256.4521128996797,1
975800,281.8756793437487,0
975900,274.52294029909905,0
976100,240.77442607513976,1
976100,251.61886334346988,1
976100,277.38622099696636,1
976100,265.72881846946694,1
976200,325.1501982479018,0
976300,257.23744214989955,1
976300,261.2663725381357,1
976300,257.1977785421361,0
976400,264.3330384189911,1
976500,288.7423615348055,0
976500,246.53573670686032,0
976600,304.88566594982734,0
976600,298.90433514121275,1
976700,243.309106385072,0
976700,247.70324493692559,1
976700,258.25548251684245,0
976700,272.5730981332122,1
976700,285.6808578916149,1
976700,262.89602739521996,1
976800,291.16107318532437,1
977100,266.70227236781335,1
977100,260.5389416415008,0
977200,258.54442018166844,1
977200,266.4274537362868,0
977300,261.7808472727283,0
977300,269.27076367192893,1
977500,308.0685499567109,0
977500,255.9089103528343,1
977500,339.1971785620622,0
977500,270.3480453184369,1
977500,298.16498119621525,0
977600,274.48889675536583,0
977600,334.7148739108575,1
977600,285.8641347517004,0
977600,254.25311597750547,1
977600,250.89915614853197,0
977700,254.4184050850365,1
977700,236.44694925526056,0
977700,295.759503581575,1
977700,274.8685461148138,1
977700,260.11978984417004,1
977800,251.59509998598253,1
977800,276.6633122486338,1
977800,277.3029004701897,0
977800,286.3677608758943,1
977900,231.2441212495024,1
977900,277.0338170399882,1
978000,265.5589381378525,0
978100,262.2064003200616,0
978400,267.1672361013022,1
978500,308.47025888523325,0
978700,269.0615692095369,1
978700,271.28792959210375,0
978700,250.06113003049057,0
978700,289.87851538214437,0
978800,263.5968348578015,1
978800,245.7247002145196,0
978800,248.1358546856384,1
978800,260.6011267608107,1
978800,288.05048086963234,1
978900,249.60664938431745,0
978900,284.32216383154315,0
979100,267.36629020882174,1
979100,261.4559936879519,1
979300,295.6237886868952,0
979400,238.29995873392815,0
979500,242.28743036268517,1
979500,297.731671228528,0
979500,255.83651616774983,0
979500,249.9508838117795,1
979700,245.6200555097643,0
979700,272.0607216086897,1
980000,162.56002257538324,0
980100,256.6196202514532,1
980100,286.1822212050621,1
980200,256.24648834927194,0
980200,260.00873560472775,1
980300,231.88814168530502,1
980300,296.9568950459732,0
980300,273.4823838936569,1
980300,276.17629094905067,0
980300,239.71715047513848,0
980400,287.17979752040316,1
980400,232.15550806260237,0
980500,264.515707773549,0
980600,264.76005405986973,0
980700,268.75235979372565,1
980800,256.17104996285263,0
980800,321.46877159279313,0
980900,287.8193746003162,1
980900,210.50996690064432,1
981000,240.27673867288382,1
981100,325.2004362850592,1
981100,262.8547085395907,1
981200,264.98658918270667,0
981200,290.31395336824886,0
981200,280.7604246561173,0
981200,304.68256673255877,0
981200,273.97022424055245,0
981300,237.02044046636098,1
981300,330.1683287121805,0
981300,378.98246316330096,0
981500,255.62390872181396,1
981500,203.66953105108897,0
981600,246.12227159933428,1
981600,278.72665989062864,1
981700,236.8785736253083,0
981800,275.11644322593327,0
981900,241.75622322747802,0
981900,268.0350915734514,0
982000,249.99313285733155,0
982100,258.32494852256025,1
982100,251.25651897178636,1
982300,275.5280076911413,0
982400,282.8956569898795,0
982400,306.49254116720493,1
982400,278.5629508718637,1
982500,243.0688210010498,0
982500,227.19150088996452,1
982500,283.2623502472809,1
982500,252.1698783741006,1
982600,234.66028442847926,1
982600,235.89111373975118,1
982600,257.93871105616654,1
982600,282.3019549312932,1
982800,227.03753608014273,0
982900,238.16466188007718,0
983000,234.02059486279376,0
983000,245.27217197591563,0
983000,271.59368761357865,0
983000,260.24195766282907,1
983000,311.9682759092121,0
983000,284.18296136353706,0
983000,258.3560659025214,0
983100,259.8552894685205,0
983100,351.9811596450915,1
983100,252.8966776068853,0
983200,264.4862276894761,0
983200,254.23258664534671,1
983200,256.97262316879966,0
983300,257.386362807649,0
983300,258.06433426630605,0
983400,275.26164573312,0
983400,247.5967489208079,0
983400,250.0695516925809,0
983500,280.4791449339354,0
983500,241.45553356441954,1
983600,213.10868589556873,1
983600,257.4144722678872,0
983700,302.46223129868577,1
983800,290.0992639193116,1
983900,242.02132939268282,1
983900,237.99404069245185,0
984000,265.2827456174683,1
984000,236.65699329276958,1
984100,246.86623243843616,1
984200,233.11174356197546,1
984300,273.29773851957617,0
984300,268.979734755337,0
984300,254.19710187986087,1
984500,247.92461852687825,1
984600,282.60215295794694,1
984600,277.12395133941914,0
984700,256.01587848830883,1
984800,252.71896092287386,0
984800,269.20435984682524,1
984800,292.8892755318735,1
984900,253.29221788366536,1
984900,267.62753932592483,1
985000,258.2947659862274,0
985100,252.36487292503563,0
985200,241.72575246513338,0
985300,231.36238509196383,0
985300,263.13675543499454,0
985400,242.02644107551868,1
985600,246.67364475152826,0
985700,219.52534915959032,0
985700,224.97248995278267,1
985800,228.50626362204818,0
985900,253.57484055850992,0
985900,263.83934276450174,1
985900,233.4779083817072,1
985900,262.95442123168414,0
986000,279.5042095559501,1
986100,248.5493071685535,1
986100,280.3053842619055,1
986200,252.24262737317903,1
986200,279.6005048637375,0
986200,258.42089635482597,1
986200,267.20027133365124,1
986400,223.6581958003651,0
986400,241.55289596453017,1
986500,244.55651955380716,1
986500,248.34713924958317,0
986500,241.15179552831066,0
986500,241.50211262455846,1
986600,293.34884026210483,1
986600,243.66119264818002,0
986600,240.0977820504864,0
986600,248.60627023305764,1
986800,323.638199854889,1
986900,277.2132478819087,1
986900,270.7058057991275,0
987000,269.5008389416533,1
987000,237.80907583788522,0
987100,263.0271823558047,1
987100,253.44407326502267,1
987100,234.8462855763944,0
987100,244.51217111503806,1
987300,221.17849760385886,1
987500,288.806035020622,0
987600,246.45322061657512,1
987700,229.65515530903852,0
987700,252.18957752734747,0
987800,240.38547620308051,0
987800,241.4495446673638,1
987900,280.30207838867415,0
987900,269.9041352847862,1
987900,281.8185565098118,1
987900,256.88245961527673,1
988000,259.9839248584738,0
988000,275.0719768507707,0
988100,229.6562179940933,1
988100,294.42422754600415,0
988100,237.55133246469023,0
988200,266.21409305376744,1
988200,240.91316661244736,0
988300,276.39665401666576,1
988300,281.1403565471546,0
988300,230.33388184471204,1
988400,239.191838604476,0
988500,236.59213557824268,1
988500,260.37153092340037,0
988600,250.4120191041625,1
988600,266.33439699194486,1
988600,251.01141525722838,0
988600,250.71117467510993,0
988600,219.22657263059423,0
988600,238.36619334337416,0
988700,271.9459905951979,0
988700,248.16626476370143,0
988700,257.7202256312239,0
988700,284.12430851643376,1
988800,268.10496359287316,0
988800,251.0724681311961,0
988900,284.9766515946185,0
988900,298.41161138016105,1
988900,238.91049708955555,1
988900,268.49650938882553,1
988900,262.54730773329294,1
988900,239.1616416202764,1
989100,218.855297605982,0
989200,246.1737947325206,0
989500,288.1100517840365,0
989500,282.51086873426556,1
989600,251.61630500979655,0
989600,235.73255596530026,1
989600,282.3778738679997,0
989700,225.72964562196876,1
989800,237.55331924863955,0
989900,263.61368504245,1
989900,243.28520486287513,1
990000,241.63898140658102,0
990100,261.05556267046495,1
990100,285.2525609017392,1
990200,288.99941678602283,1
990200,280.07404943725595,0
990300,232.35561368407272,1
990400,247.54332643883671,1
990500,250.34871994610768,1
990500,244.6103671844616,0
990500,263.46816886025056,0
990600,237.16436177487802,0
990600,205.2429763993794,1
990700,287.79186171921884,0
990700,275.2047822999673,1
990800,226.43935569585076,1
990900,228.3779260335079,1
991000,247.29948581399825,0
991000,243.7509454554441,1
991200,253.7973327331614,1
991200,232.1906844152585,1
991200,243.9018598911587,0
991300,242.41259629391587,1
991400,268.4038007017738,0
991400,262.89824110831626,0
991400,289.75755885543407,1
991500,241.4005696680967,0
991600,288.3532479518031,1
991700,277.2986290657513,0
991800,259.00235762367606,0
991800,248.8820563081121,0
991900,256.5136875020705,1
992000,232.74138825532035,1
992100,280.1480461201074,1
992100,264.8745415155359,0
992200,256.4090894261584,0
992200,266.77978655370373,1
992200,242.3590986710548,1
992300,260.99977083774223,1
992300,273.0617307693171,1
992300,285.28632003818586,1
992400,282.0685321290257,0
992500,230.476210690079,1
992500,236.7784651786753,0
992500,294.92558141309416,0
992500,276.9333508927887,0
992600,270.7590298595715,0
993000,277.43897780847,0
993000,242.61548508460803,1
993100,272.49716071551114,1
993100,246.1712243613988,0
993200,271.0579822427957,1
993200,249.6795919072003,1
993200,252.21113071064826,1
993300,295.69325427494545,0
993400,249.94648111803028,1
993400,269.159390367825,1
993600,275.5638745993443,1
993700,301.14380846790476,1
993700,263.61643056280565,1
993800,329.69237861671775,0
993800,269.5520683397108,1
994000,270.65004916439017,1
994000,284.2125106926202,1
994000,254.17507226928925,0
994000,257.0789980635689,0
994100,295.13813489271865,0
994100,293.0665599224929,0
994200,264.37919877126313,1
994200,323.90805716201,1
994200,253.40921295302346,1
994200,263.1836704598075,1
994200,291.67471921414455,1
994300,272.0225373974077,1
994300,256.3157247972781,0
994300,242.8086869501556,1
994400,280.0553372437033,0
994400,280.73325175560615,0
994400,270.57659457599016,1
994500,293.4344028195061,0
994500,291.9605853121713,0
994600,279.6230415073169,1
994600,260.2015758951905,0
994600,241.01546604549577,1
994600,320.2541333001025,0
994700,288.86955439676126,0
994800,240.4134603486937,0
994800,253.0128826719617,1
994900,305.9451309101686,0
994900,288.26681343765364,0
994900,296.6530172241628,0
995000,313.9953647543444,0
995000,312.6637093118704,1
995100,297.279691571817,0
995200,270.3641878414143,0
995300,238.04392126211152,1
995400,220.20993561460352,0
995500,257.83381816904364,0
995500,295.8635763174731,1
995700,314.25550580448277,0
995700,280.36213926602596,1
995800,290.7484646939103,0
995800,246.62476190969187,0
996000,263.5003237680493,0
996000,267.4131712760587,0
996100,377.9737190671552,1
996200,262.1790989955753,0
996200,270.9743780465286,0
996300,243.61207364486003,1
996400,341.8297083069909,1
996600,245.42890172856804,1
996600,240.9400361346034,0
996600,184.50685778066958,0
996700,275.5285146240142,0
996700,323.1071337532107,1
996700,329.84109150060186,0
996800,287.16042968939564,0
996800,259.60209395734205,1
996900,319.4350773925249,0
996900,282.66844611143483,0
996900,325.91274834220064,1
997100,344.3933944176938,0
997100,301.97162930171993,0
997100,241.21465960063273,0
997100,255.16529999375211,0
997200,267.78626589065294,0
997200,223.0522682383884,1
997300,284.4535753132509,0
997300,360.2676513857989,0
997400,331.25543478190264,0
997500,320.8026106541808,1
997500,247.76535152816365,1
997500,269.80048900662575,0
997600,144.96645719345855,0
997600,307.88962686843513,0
997700,252.52649905589627,1
997800,309.9332884811203,0
997900,245.1503681410799,0
998000,291.6819063142328,1
998000,280.7417677472647,0
998100,141.93604506684235,1
998100,237.7436459668073,1
998200,295.25837293227795,1
998200,290.47028325804206,1
998300,271.7964881311336,0
998500,259.0922700678628,0
998500,252.1711758725663,0
998500,256.27304736037473,1
998600,313.6945435298759,1
998700,257.6802589369994,0
998700,333.65832295941067,0
998700,261.9060323992845,1
998800,251.41286921876423,1
998800,339.5911006788149,1
998800,319.31941913054834,1
998900,224.82036999654534,0
999000,250.00272148835447,0
999100,219.78969980234933,0
999200,289.97351499597113,0
999300,308.4499060295185,1
999300,279.01596811458927,0
999300,256.56076148431595,0
999400,338.52335991271593,0
999400,232.27821820908898,1
999500,233.25921957455412,1
999500,252.3248678772699,0
999600,277.9827243177354,1
999700,258.4399049461468,1
999700,307.18933095926104,1
999800,272.9345615270056,1
999800,282.1713148764567,1
999900,254.35465738986986,1
