step,episode_return
700,4.2159191991454925
800,4.800900814458219
1000,7.607572534747505
1000,8.907564474818265
1100,7.150621512879355
1100,8.517155232149227
1100,10.122241732811343
1200,9.189177749871876
1200,8.689440468433538
1200,7.857260618604892
1200,5.7785807173608825
1300,12.272217402255263
1300,10.852870944218775
1300,9.40919546320223
1300,12.039283974970969
1300,10.416580591518882
1300,12.754959395850735
1400,14.311433573872504
1400,8.875841425528908
1400,11.569807013181418
1400,10.076675288772188
1400,12.334993216323115
1400,10.409596181443431
1500,15.30901299598407
1500,12.91427363965888
1500,11.842980869216387
1500,10.38077941881707
1500,6.4267488013536225
1600,9.553822623877416
1600,9.594225111697499
1700,11.438196029888504
1700,14.087126726862975
1700,18.013746905220884
1700,10.065815858813261
1700,6.919558392909249
1700,17.581989266478434
1800,18.034254949983154
1800,8.684550787182305
1800,15.529690540824548
1800,10.324003506370351
1900,9.019795582435615
1900,19.654987463256766
1900,13.036983818604826
1900,19.55960801929117
1900,20.919692635958192
1900,16.596812928582985
1900,16.55839655111726
2000,8.239048471902752
2000,18.70412800739468
2000,7.231116947488415
2100,23.37351421350708
2100,21.993929511351542
2100,10.974001194077761
2100,11.47456761257809
2100,22.69493105445032
2100,8.102358462145755
2200,6.672522929404362
2200,16.653956953134323
2200,7.761094228583742
2200,15.874285642716202
2200,14.43364562161011
2200,15.396696619139748
2300,17.91610984474559
2300,15.314982387526566
2300,16.035007543271206
2300,7.43280639359716
2300,11.381348385517091
2400,7.570820698302493
2500,15.066265037878807
2500,29.902124471466458
2500,17.452170424174533
2500,10.596823413593103
2500,9.524635157847198
2600,5.809880842784799
2600,11.074378521106336
2600,7.02569071316827
2600,25.38090213275281
2600,9.776348225996466
2600,11.065745400032728
2600,11.839125986338479
2600,31.637584021356155
2600,8.357782615301604
2600,23.585115862429795
2600,16.498007687838385
2700,31.09783808616342
2700,14.909022967233838
2800,7.738104644533787
2800,5.894785288527009
2800,15.932021408007211
2800,15.22657444942473
2800,10.23368006375361
2800,25.174629902571063
2800,7.786261695446199
2900,9.20073591039448
2900,4.362893652874143
2900,9.762234778273248
2900,15.660034355791431
2900,6.873968697404495
3000,26.400277101631715
3000,19.180750810274574
3000,9.503763461266255
3000,34.34709215559581
3000,10.599941466320733
3000,38.158206238612706
3100,5.478356577209242
3100,41.35407072238639
3100,30.266566480667926
3200,13.360940387284614
3200,10.93057023939341
3200,12.344223550106769
3200,6.701954581905177
3300,10.692912327502585
3300,10.546068559077261
3300,6.419847588606325
3300,6.825392973759477
3300,24.007908788378423
3400,17.9785848859276
3400,21.218859409117876
3400,9.22325034822279
3400,6.837556189843094
3400,14.501037888529254
3500,5.781039807186622
3500,23.133636506680247
3500,41.83514625254533
3500,12.318760451280973
3500,17.20763177068263
3500,23.954914186783494
3600,19.59081839535161
3600,13.972854672457018
3600,17.54118872012575
3600,7.682955341072828
3700,17.162723106655648
3700,6.258960681960622
3800,6.474389696981232
3800,58.266114286649476
3800,13.665178578667032
3900,13.022859091242626
3900,9.504456476089787
3900,10.364813117814244
4000,4.0490512113742785
4000,12.13289942982156
4000,9.454630417683093
4100,29.43913827815018
4100,14.120133230066383
4100,11.637453752608483
4100,35.36807338621002
4200,18.448598528814202
4200,21.263822834074475
4200,16.691227637938574
4200,47.38966565194823
4300,6.335627593889835
4300,13.13202519849126
4300,6.61704342565876
4300,8.823931862290712
4400,6.166594178334872
4400,13.31132036966361
4400,6.882142359437542
4400,11.175652136438515
4500,13.011541237758927
4500,8.076501020784312
4500,33.700152574741566
4500,6.2100845976304795
4500,10.519731361549201
4600,11.79398919466697
4600,4.605694023925785
4600,12.039014367450829
4600,16.444969588550585
4600,25.049646676187447
4600,16.461981233849183
4700,10.217753345036583
4800,12.462191148615059
4800,30.88058744843789
4800,8.643102324181392
4800,13.840531414210107
4800,23.932490108549374
4900,12.338693493711592
4900,14.52527592685267
4900,16.642132661284894
5000,10.502740183553012
5000,26.83322188816966
5000,17.456035113463194
5000,15.77625577402746
5000,9.981857607878204
5000,29.2849940044718
5000,15.71574400634124
5000,57.39907878863033
5100,8.035410466226974
5100,10.10724578370578
5100,16.018662482241503
5200,23.45876393796397
5200,16.801822460051916
5200,11.158523245005298
5200,11.898973422111094
5300,12.026980355211194
5300,19.13717728711273
5400,24.453775178034704
5400,80.2555077721759
5400,19.592108769704616
5400,32.547338670764674
5400,20.970487119491974
5400,13.615283877426295
5500,7.20228229190311
5500,8.533221161776147
5500,17.75961148481194
5500,10.877237682780857
5500,26.451583939611098
5500,19.768393750667713
5500,19.611347884754252
5500,6.459337442280612
5500,37.39813685635072
5600,9.258036263950858
5600,16.785689091235437
5700,8.013326343931414
5800,14.87479087814731
5800,10.85909660331042
5800,16.82697522962232
5900,15.923527312290657
5900,8.18345127873959
5900,14.361381370934625
5900,10.83981535388182
6000,15.381957623478149
6000,24.765422011597877
6000,26.74107835764248
6100,20.213251475977376
6100,16.985007081729137
6100,12.708976739634528
6100,30.812547224449816
6100,13.434781816782452
6100,18.92654651126878
6200,41.62244082878499
6200,9.71955125533466
6200,11.917817190785453
6200,17.68464861310289
6300,26.979170376412398
6300,15.981610241813364
6400,15.721003854485781
6400,31.312832506889468
6400,50.80082034954552
6400,13.785876420909045
6400,14.034492047205473
6500,20.8675582105576
6500,44.61405692075763
6700,13.849676978181297
6800,11.696326776116154
6800,33.670625326437225
6800,19.34133416510049
6800,14.562749238737652
6900,22.695321271792917
6900,14.762265810739786
7000,19.68920303749903
7000,82.17604990315006
7000,13.257743165640726
7000,27.723664193529657
7100,14.742141034562502
7100,18.383982688123215
7100,17.62711101026728
7300,22.204436160063732
7300,23.100753712172306
7300,34.30275940736589
7300,26.86799381166143
7300,38.528517507776264
7400,18.394073491191094
7400,21.757555266936567
7400,20.223118798294376
7500,25.708998492350517
7600,36.25791370902209
7600,17.938038778332384
7600,20.896162865563916
7700,15.971811260694652
7700,23.94324260321061
7800,23.20595592351818
7800,21.51580077414783
7800,20.15007640971657
7800,23.630984748054605
7900,24.708823386040542
7900,25.305673561466037
7900,21.870079185651356
8000,26.863364308984337
8100,24.17545626035283
8100,23.029533313177993
8100,22.106405157252652
8200,27.815736851171707
8200,21.65159941029041
8200,25.172234875883948
8200,21.915565519647533
8200,29.09410644636298
8200,26.80215921103057
8200,38.22870966082754
8200,23.816661568068035
8300,29.58396621402246
8300,32.31251279766414
8300,27.763969468607257
8300,24.134263968970775
8300,22.018756981498136
8300,30.951112332347353
8300,34.19176918356242
8400,34.91876588756507
8400,41.13374742774992
8400,24.87111747566725
8400,25.46040469789892
8500,82.8896499860937
8500,25.442929519552823
8500,19.440231251259732
8500,32.98927018461424
8500,23.06561278878689
8500,21.806770021465464
8500,21.954125115471548
8500,19.258607016517807
8600,26.060277834623832
8600,30.090630175103314
8600,25.254255337044157
8600,28.855873870735813
8600,20.67599152259495
8600,21.551152290997674
8600,23.245661128636907
8700,21.90119805878633
8700,32.30122659908364
8700,23.16288611948225
8700,38.69661986249371
8700,30.490896906221966
8700,25.397333147705012
8800,30.974864516915304
8900,26.446707593257685
8900,19.960147853853158
8900,23.881561664759367
8900,24.860190189726644
9000,19.70840817393873
9000,72.96213560152356
9000,22.027441634662186
9000,22.07351916447738
9100,21.553354932331995
9100,24.52343558540816
9200,20.310743755399255
9200,18.50234552316153
9300,30.489723565586246
9300,29.504233733275733
9300,34.92036744198058
9300,17.740935591839598
9400,30.07328176786832
9400,24.428628233895452
9400,21.955435500268898
9500,21.99842078159731
9500,20.963346417149022
9500,24.382963981375166
9500,32.33302998192341
9500,17.80814987130315
9700,20.505150003136233
9700,20.147652435989624
9700,26.41358572573392
9700,22.51505618654638
9700,23.381658098770192
9800,81.69198022744443
9900,29.278341031018396
9900,24.654726184880822
10000,23.495584724724317
10000,34.5942434690543
10100,18.20732440809471
11700,175.71361757640125
12100,57.01610432954795
12200,54.64673959635697
12200,48.192627187695294
12200,52.906107282719944
12200,57.31414966279315
12200,49.85315937761999
12200,43.098077754192715
12200,46.45681561973934
12200,49.469994384847205
12200,43.296879899406264
12200,64.39671938366232
12200,51.30041931238377
12200,53.332737238015746
12200,45.987391778755345
12200,50.938508234580254
12200,53.04045149181559
12200,44.75645480668562
12200,46.12764361577125
12200,43.39178365757529
12200,51.794156139965416
12300,56.142311636832275
12300,54.25596702430741
12300,46.39082877390352
12300,58.9050338236572
12300,53.059497729190895
12300,55.462626384527574
12300,56.797716976175266
12300,54.786872490967035
12300,41.54158598005473
12300,57.88690685814292
12300,61.97128993597593
12300,50.05234019875107
12300,47.480067692582224
12300,46.182419990889485
12300,44.9190982689893
12300,59.21863886220288
12300,41.832321847274706
12300,44.810260568265285
12400,43.341583847957025
12400,59.16453697540028
12400,56.64800932587014
12400,55.56160000197855
12400,63.54364360600536
12400,57.0005574734451
12400,60.129809431879174
12400,59.49428756648663
12400,60.536386630708776
12400,54.41649665001816
12400,69.50901479652194
12400,40.205862145412254
12400,57.528957557826125
12400,54.70785782219525
12400,58.428833292073065
12400,59.75357602957928
12400,43.27828269659065
12400,57.284840341334466
12400,39.810205966847846
12400,43.10293280278911
12400,56.769706491501545
12400,64.13803571663438
12500,63.52999517329284
12500,67.51896222554045
12500,56.73574204572
12500,97.42192441104375
12500,59.530509722249676
12500,66.52729507588204
12500,70.81971720131962
12500,65.11141985667284
12500,63.71029126099666
12500,85.05821985632859
12500,43.33412111438013
12500,61.584166014310206
12600,66.46672484247966
12600,61.90011742821667
12600,62.77685059552112
12600,67.28677943976143
12600,41.920661876401034
12600,65.53807217824291
12600,58.93670881844777
12600,62.093444236731784
12600,65.82085293346016
12600,62.18054851783091
12600,57.794782600379015
12600,82.17543819584165
12600,64.19426618785724
12600,63.881195509886645
12600,79.4999719899357
12600,70.5179316966133
12700,43.20168104339038
12700,64.71388483856157
12700,64.53270518517901
12700,82.90828741525445
12700,80.50552831012946
12700,41.96095675950891
12700,73.16750297820283
12800,71.04189720315748
12800,69.09036966913091
12900,79.80436534672488
12900,72.69868762155026
14300,41.571840358589164
14700,40.01328003096773
14700,40.31011799350349
14700,41.54280284037726
14700,39.95875520258782
14700,39.94950110718245
14800,41.64122098620655
14800,40.06618122060505
14800,41.752384340346225
14800,40.29938277047225
14800,41.65002332834223
14800,42.047770748043895
14800,40.1154472635405
14800,41.62979137210275
14800,41.33361296935324
14800,41.702293412198095
14800,41.420651021088474
14800,42.21811692718983
14800,42.030378016214556
14800,41.74486383215264
14800,39.93212381407208
14800,40.38908209588473
14800,42.033581839440465
14800,41.73960973224645
14900,43.23345864443002
14900,41.519829519980455
14900,40.04594847015781
14900,41.90486576763685
14900,39.94731842665431
14900,40.22847762618942
14900,40.477653120071565
14900,40.24403948819565
14900,41.85290554936139
14900,39.85409487822129
14900,41.86602697953976
14900,40.33959360818394
14900,41.87925214082114
14900,42.087114164837324
14900,42.19194775569172
14900,41.7986600737243
14900,42.88817057128306
14900,39.79221747826004
14900,41.8030386647179
14900,41.699357247151326
15000,43.489173466516405
15000,42.130006574066726
15000,41.8061678964886
15000,41.625771267448506
15000,43.03970690247827
15000,41.586223275949685
15000,41.942312828353046
15000,40.19823118084763
15000,41.9996615736417
15000,43.252409931465316
15000,41.57056105041442
15000,41.697770835114795
15000,40.06626005787042
15000,41.65787278258021
15000,42.0116044479459
15000,39.97732785714335
15000,41.963841587186515
15000,41.9365884809771
15000,41.48789940017927
15000,41.443967989374976
15100,42.05786736941398
15100,40.185900968213325
15100,42.11006190249087
15100,41.64443142082348
15100,41.84776776152173
19800,132.339295233736
19800,129.37059513226384
19800,126.99151701326532
19800,133.11596850280296
19800,129.41587980085953
19900,135.33795680086723
19900,133.69999960016497
19900,132.8875565463742
19900,130.52692216212165
19900,132.15919792327864
19900,134.67196703898085
20000,139.51728776865644
20000,134.2130106104529
20000,136.27422563186332
20100,139.2044581038051
20100,139.2932208594626
21200,116.73667484769152
21200,115.01806707433107
21200,105.01385715231021
21300,112.22024262930542
21300,117.42034217763319
21300,110.45884369699912
21300,113.45229012837979
21300,114.23135837494472
21300,115.24299132491075
21300,112.72420086157423
21300,117.50059109867512
21300,117.56888135621828
21400,113.50891940062536
21400,121.15801635115884
21400,115.480547933255
21400,118.15896178602961
21400,124.0688384366515
21400,118.3546583027034
21400,117.99106525741159
21400,116.23828683727895
21400,115.47046381448563
21400,115.47735255153503
21400,120.81407667375666
21400,120.79382849569195
21400,117.87088006483249
21400,119.1320193058748
21400,115.67554681718593
21400,113.02709170937477
21400,117.936887431346
21400,115.09771274318268
21400,122.10516698411524
21500,119.11427670383668
21500,121.49924886105498
21500,118.98386737322505
21500,121.06595589722163
21500,118.10087218979031
21500,124.14451504125492
21500,123.62433486632294
21500,119.2343706530548
21500,118.09262836271523
21500,121.31044111317861
21500,120.69067165318071
21500,114.05716611805366
21500,121.26202940554276
21500,123.19820240093047
21500,117.17243839659409
21600,120.92744412251034
21600,123.87144316568073
21600,121.29217941959783
21600,123.71548292870729
21600,116.87422334952744
21600,123.80831314353006
21600,124.24304644146707
21700,124.25378380060963
21700,124.29213106802027
21800,127.56770459057144
21900,189.99613753520072
22000,189.67009431833242
22000,192.15558614118513
22100,189.57308300810251
22100,190.09011455461567
22100,190.08333749544948
22200,190.54182067530652
22200,190.82751798016437
22300,189.78642421868804
22300,191.3482569123201
22400,190.32595548077074
22400,191.6057252509411
22400,191.97159271308723
22600,189.52643668783617
22600,192.04160284838386
23400,194.68880901720271
23400,184.89655959578747
23500,187.88433728016363
23500,190.4195933294114
23500,188.57486884436176
23600,191.04162501827415
23600,193.3440698870298
23600,189.08149627272394
23600,191.8381415866778
23600,194.27302167934846
23600,189.41769841422123
23700,193.9557631228456
23700,193.64232279861685
25200,87.57765189780596
28700,127.28076348907305
29000,132.91639994012962
29000,165.58657167968798
29100,129.84375039452772
29100,132.76141592630302
29100,130.59549369927674
29100,168.5223379621081
29100,125.22660406308646
29200,172.0874318244937
29200,128.77276568978834
29200,131.49862554505455
29200,170.2558410888773
29300,131.5620836360717
29300,130.45484268694213
29300,169.2827072759103
29300,135.3211234024259
29300,170.30868890490544
29300,132.74511810448058
29300,169.0348622910751
29300,128.48895204642477
29300,169.4695854847232
29300,169.924407639069
29400,125.86875842807977
29400,134.89168222433244
29400,137.6128362292493
29400,136.49113485367627
29400,132.82127574910032
29400,169.57204621362277
29400,135.7277641180522
29400,138.78044267618083
29500,134.57739045072694
29500,136.92049287629746
29500,131.03430048587393
29500,136.43270488399725
29500,134.31082454948347
29500,137.32205446624985
29500,131.9491550163639
29500,136.87614700772735
29500,134.25169649313762
29500,134.03119591754313
29600,142.45990635943213
29600,138.1435242861953
29600,137.88088140861072
29600,134.95726456725194
29600,140.8441279573723
29600,139.9477801012413
29600,137.88220561455313
29600,137.92590927384137
29700,135.83547722568315
29700,139.87738976024144
29700,126.68076954281936
29700,139.76177798588438
29700,175.90734232421957
29700,142.37925918933496
29800,139.7163312667613
29800,131.73579159618842
29800,129.64966074469802
29800,145.3813325820415
29800,140.0625846773865
29800,149.6359608696229
29800,139.99473157236756
29800,127.68195264387674
29800,131.3354235858872
29800,142.45636218454834
29800,169.46499913217875
29800,140.86418241721444
29900,141.8621773112372
29900,152.22670173126238
29900,149.8260923665397
29900,143.66494537252828
29900,129.2965718152059
29900,144.8410470013876
30000,146.11590080617643
30000,180.68872736412538
30000,148.28889671638
30100,124.97131822317253
30100,132.70706924136084
30200,129.3646606806164
30200,130.71158444065458
30300,181.8086563590633
30300,132.8615286050667
30300,133.01334865405158
30300,136.55682928424707
30400,187.27244563762855
30700,124.93946031006998
30800,126.25884020815748
30800,133.15160029503838
30800,131.93201065871548
30800,127.722958798988
30800,125.75580431646691
30800,127.11772878686867
30900,142.21847112213078
30900,134.06157729341547
30900,130.5661016039833
30900,131.92312012352374
31100,145.88566354368004
31100,134.3396581421231
31300,173.51913463063661
31500,170.21829566326926
34100,192.36171107336725
38100,200.66313253742555
38500,201.33662814594308
38600,206.72376047656397
38700,203.13962219857547
38700,203.66628150929694
38700,198.34488436866394
38700,207.1824916335764
38800,202.43838256249103
38800,208.02068583826863
38800,206.6602087089338
38900,207.28451172904673
39000,202.5481983156111
39000,212.28662595848195
39000,204.11172745094456
39000,202.58427321244716
39100,215.46544101209037
39100,209.87263583148737
39100,213.16764638152236
39100,215.4386888450926
39100,211.38133179666974
39100,217.55339568296202
39100,209.7384640954088
39100,211.85883596227734
39100,207.11623872600802
39100,209.78359148701037
39200,214.88136316719894
39200,210.14928723690636
39200,209.15780013082684
39200,221.56687359765755
39300,209.11825046374625
39300,211.28593574326504
39300,215.8045125923091
39300,209.95886000437199
39300,204.79445176158677
39300,211.99433847737316
39300,211.75392038584135
39400,204.2515991664913
39400,211.25922594952837
39400,210.89064515801937
39400,215.91957681244486
39400,221.97417827915413
39400,212.96152016370274
39400,218.4958278353084
39500,214.60632048095673
39500,220.03881468541843
39500,217.50701072296073
39500,218.85863030698152
39500,213.62623421429655
39500,216.81825921480714
39500,214.39695727427832
39500,220.59962679848348
39600,213.46807984334345
39600,212.21557724658842
39600,201.6867481177092
39600,212.61398532247185
39600,217.02808460435324
39600,211.5855900176436
39600,219.10213257533402
39600,225.6773185973966
39700,215.28709888343545
39700,212.7143173707734
39700,220.51457879091527
39700,216.22505580147396
39700,220.8271175899348
39800,217.36493870098212
39800,217.35175071417862
39800,199.06238822921495
39800,216.57231254753697
39900,219.74074445688274
39900,216.4340599922313
39900,221.8913176922971
40000,220.23753297805044
40000,224.9690676486668
40000,212.9204462086902
40100,223.16476280305423
40100,213.95744956646013
40200,225.15762433382363
40200,214.345286205511
40200,217.1596087112003
40200,224.72629274471018
40200,225.66518175027616
40300,222.32732469787553
40400,219.04107354768163
40400,224.78724182084082
40500,211.15594989858198
40600,211.91205897852333
40600,212.1989335553888
40700,215.3107447644981
40800,216.0428583340146
40900,219.41376469156089
40900,222.02476116536204
41000,215.81553423994734
41100,201.83567979509107
41100,227.02055747160003
41100,225.48567666780946
41100,205.27550726203035
41200,226.47843058135845
41200,222.3007489026884
41300,228.51170248887271
43500,180.7536206832544
46500,116.19326896302897
47000,121.30400115306853
47100,120.76448334504619
47100,119.10221304986807
47300,116.67597636771393
47600,173.55010874207898
47600,174.65193708565405
47600,171.07122728323648
47600,171.73542958979027
47700,174.12141241660555
47700,110.64697190938926
47900,171.88467010968722
47900,177.9132600789277
47900,186.36842545489483
47900,170.08565887878157
48000,171.2080583207789
48000,177.37788020323976
48000,177.03224141716152
48000,171.36741846926168
48100,175.37150593565732
48100,174.98740967541826
48100,173.20458341225608
48100,174.228277836262
48200,169.5244157116096
48200,172.47232354337692
48200,177.5771337209441
48200,174.8521659019446
48200,170.45757356995676
48200,172.3093402288734
48300,173.45906338458403
48300,178.729423088562
48300,167.00000210575476
48300,172.34905335109082
48300,173.52931588043484
48400,172.39874630216838
48400,173.83875433912584
48400,177.2057767111579
48400,173.48723107004457
48400,168.5371176751944
48400,175.2158158807624
48400,178.0943467758255
48400,183.76878751340178
48400,178.58916643480455
48500,172.39483232432042
48500,172.42687725027216
48500,180.69970956634953
48500,171.52986216357226
48500,171.38245067051375
48500,170.6577862039999
48500,168.58970295549818
48500,179.118636194157
48500,180.66021201428228
48600,178.710601090751
48600,180.15276607546798
48600,174.86953411483327
48600,171.0938421502635
48600,175.93240001583393
48600,177.0851875801543
48600,175.6338265753911
48600,170.04295542334071
48700,175.21999724490695
48700,175.83191874150398
48700,176.16288342110374
48700,178.71781126529893
48700,177.52539556159664
48800,171.12325286249003
48800,182.00693420102039
48800,174.93953403607514
48900,183.68039903649478
48900,177.34714905073764
48900,175.81959475846574
48900,180.0182145161358
48900,180.76088819848306
49000,182.00675956138898
49100,177.032037953054
49100,171.89327832929163
49100,169.70479539850962
49200,168.39103154457314
49200,173.21930264729045
49200,177.8669026700526
49200,178.56500117846608
49300,174.988712927917
49300,178.80067819417405
49300,172.1249932704855
49400,182.61843624031
49400,177.79301975961462
49500,167.97391644230356
49600,179.8608406930933
49700,176.62941024753286
49800,175.59278438503281
50000,172.23798359998895
50000,167.61657655061185
50000,175.72283300368608
50000,172.9872025674073
50100,178.08922574223283
50200,177.0265867257098
50200,175.2450893259446
50200,177.35206026002928
50500,179.71913650889255
52400,172.987476312964
56300,177.54330083906598
56300,189.35023617967397
56400,187.41251092485209
56500,187.73533594462052
56800,179.3633699576457
56900,189.54481374452916
57000,182.00414142440812
57100,176.1561692282045
57100,184.40582661951547
57100,186.94532111195275
57200,178.56552747871575
57300,189.69119320053713
57300,168.17019483901123
57300,186.09313703575606
57300,188.27373771418806
57300,173.89196081564359
57400,171.38337943797106
57400,175.63743262439755
57400,184.46004760779746
57400,180.5489975219751
57400,166.21424614767884
57400,178.95896272356995
57400,185.49053158736638
57400,167.9194990796864
57500,170.35249196093653
57500,171.3311364619178
57500,182.7596775261128
57500,187.71890921406717
57500,190.15374185942073
57500,187.16407165384905
57500,171.8048933587604
57500,188.4062228457322
57500,173.53327151867336
57500,183.48434735891266
57600,174.61334956584597
57600,173.28480055585317
57600,188.09480435141253
57600,186.7863706924304
57700,172.9801495885381
57700,176.09004255216593
57700,188.2085286007466
57700,189.15229160215966
57700,173.76981485598395
57700,183.93951370250159
57700,173.68382290901684
57800,188.44279613646216
57800,178.8043333352386
57800,171.80539172321213
57800,184.93257945780664
57800,188.47760989850687
57800,173.0426593107861
57900,191.56065819824576
57900,192.36973987356743
57900,177.47748341028034
57900,180.874311244727
57900,173.31002447961777
57900,184.03543172171845
57900,185.94072535778918
57900,183.4909631577979
57900,189.03661966545803
57900,171.94637746051947
58000,182.69718365700822
58000,185.5443987813911
58000,169.35690184422205
58100,188.6765826991245
58100,191.61116403315503
58100,184.18290810576676
58100,184.05199315839465
58100,187.86760003481535
58100,172.85001827468417
58100,181.86039108325403
58100,177.16458798230093
58200,178.62586420790632
58200,177.31851789295987
58200,180.0291523133326
58200,176.04709205441588
58200,188.30807774398878
58300,172.28090616544583
58300,171.9603663956953
58300,171.70778480698021
58400,177.16215626239386
58400,178.38380065004017
58400,171.84543613073438
58500,176.15027134962733
58500,178.7727523823259
58500,176.37295285778148
58600,181.32482792248337
58900,172.04637314632058
59000,178.1940533159949
59000,176.80696523635484
59100,182.3475252134378
59200,173.53949201844884
59300,177.03481911600662
59300,180.09053023675233
59300,174.177153344963
59400,180.85802921738866
59400,180.5027130411839
59600,175.10230705707454
59800,185.31339839360436
61800,180.13636481481453
66000,188.04981029537143
66100,187.89529407002976
66200,190.16674767325264
66300,190.71536739863856
66400,184.1373340573924
66500,181.62808044914755
66700,180.61170139352416
66700,180.67309670830264
66800,191.88923146528043
66900,177.50337392336593
67000,181.24231284977685
67000,192.8805227438263
67000,194.8746161583012
67000,187.78565623638795
67000,189.44984431214317
67000,185.67676565745822
67000,185.82735308031997
67100,188.08814378201987
67100,185.0483723514761
67100,186.53298930697022
67100,187.8918328453277
67100,187.01780305540555
67100,188.80645352108905
67200,192.3231708412716
67200,187.03811243257073
67200,190.5660597946076
67200,187.46833788565087
67200,187.7005390568444
67300,189.008068516779
67300,188.43467123453297
67300,188.29570620884513
67300,193.01559017784325
67300,185.67791520282952
67300,194.68059553930138
67300,192.1305572607313
67400,191.47381571209255
67400,190.9424460020607
67400,178.09940919242504
67400,186.99971877732682
67400,186.08911304441062
67500,192.51197678631667
67500,194.50558480628553
67500,188.9189022062724
67500,192.1201996291582
67500,187.66824754320297
67500,189.02580850564308
67500,187.4580579359633
67500,186.2239771766371
67600,184.71671297809127
67600,192.28222611888117
67700,189.66393561267716
67700,185.27002693490505
67700,186.9749252720737
67700,192.4010634958683
67700,186.54837582798584
67700,189.5280444511289
67700,190.00798550626772
67700,189.2333280546965
67800,190.4121070157571
67800,190.1453524003116
67800,191.15131741130446
67800,190.10678537921603
67800,187.33046429394767
67800,191.93580700391615
67800,192.95891290749077
67800,191.5629740982831
67800,196.4641071012891
68000,194.2204770133768
68100,192.40849833973948
68100,183.73070260704998
68100,192.07833068236175
68100,190.81606781169592
68100,194.107362791775
68100,191.45789060698792
68100,177.17655727550252
68100,188.24130451824638
68200,193.6631663010942
68200,191.6796517871631
68200,178.62735390797363
68300,181.85859074886352
68300,195.04295575465716
68300,196.31417724550548
68300,174.69168477041958
68400,195.27811398569992
68400,179.82091168788727
68500,195.13801954893432
68500,193.32828399367088
68500,194.51618586844705
68600,195.582194612715
68600,194.93618494152048
68700,182.09192003494994
68700,198.0454571523214
68800,197.96405495757406
68900,186.57164507528012
68900,183.497550985587
69000,187.05152199130404
69000,185.31954018260254
69200,39.34289262537467
69300,184.94488823386774
69300,187.36012387353182
70000,37.41054419845252
71400,186.365177736962
71500,36.90831849170296
72000,78.70913986519942
72900,80.42704048361166
75100,172.41529547526247
75200,175.45039690948698
75400,181.5664592931139
75500,174.45454431103104
75600,168.34802475407622
75700,180.16721723884055
75700,168.7255821939759
75700,180.64314940206896
75900,176.0022182739807
75900,180.5178450356351
75900,171.97921050656097
76000,175.3134380124371
76000,172.46310334185029
76000,175.7841698439979
76000,170.3747782574579
76100,171.93151241525135
76100,182.7377306361208
76200,179.0360765555138
76200,170.68181688902527
76200,174.60544960508543
76200,175.70469680444526
76300,174.9289565317754
76300,172.11515285563374
76300,172.11280900311542
76300,174.6898460469203
76300,177.57725100791419
76400,171.5839583006656
76400,179.5864946251153
76400,174.8425280443445
76400,182.1648841458771
76400,180.56776473576295
76400,173.76315596505646
76400,173.43650233362138
76400,179.11110417962058
76400,166.53594751324977
76500,183.78941980515447
76500,180.8464210394263
76500,174.7508351369095
76600,171.19593740770225
76600,180.54339251373753
76600,177.3768174804
76600,171.81820911459735
76600,172.63969085357235
76600,175.16831670323282
76700,172.7697684246254
76700,177.8116297522912
76700,187.18659418138813
76700,177.66435841453207
76700,173.5263642370502
76800,183.71820486613976
76800,175.65054934794753
76800,180.6091594201117
76800,183.26798007728425
76800,175.26135635263046
76800,177.0514932185867
76900,181.08365787722414
76900,182.27760296416955
76900,171.68590286927363
76900,177.7334931857404
76900,177.10573095525265
77000,178.96075899196208
77000,171.94780884838875
77000,178.9678090505913
77100,181.4676313144753
77100,175.52477112949612
77200,172.9522211871835
77200,171.402103757121
77200,166.22238962219896
77200,181.13033190499115
77200,184.99137398251736
77200,173.34015977848748
77200,180.1224826631876
77200,168.83228991897778
77200,174.86291200606865
77200,180.44685801011676
77300,170.51462967799188
77300,176.90234811099734
77300,177.49533519513577
77400,175.0378642199516
77400,180.47198261962146
77500,177.46333154535685
77500,179.85494492519675
77500,169.66805395699063
77600,181.06302926903217
77700,175.37090144884806
77700,181.02326331054394
78100,189.748417351915
78400,182.00478180190697
78500,177.55589922103792
78600,185.95827716915537
78700,186.05672089382364
78700,185.57147181110744
79000,198.32664701024777
79100,198.0389629713654
79200,191.18484902720004
79300,197.34632657696383
80300,68.30706757928351
80600,72.16558122521569
80600,65.84134436863485
80600,74.35300330001009
80700,178.80684562319666
80900,70.77840916652006
81000,68.7043228529742
81100,77.31282507173368
81100,72.65460715260835
81400,228.118695652172
81400,74.8136726440359
81500,81.72620508735295
81600,79.01166775726341
81700,69.65154889521807
81800,72.68942063145423
81900,74.79001666209307
82000,194.1750307132076
82000,74.69878118943163
82000,82.8214080850289
82400,14.797552369922299
82400,16.53783189928149
82400,78.27686108481647
82400,75.48356503299382
82500,18.10405640029719
82900,197.02427269426673
83700,21.349867158594364
83700,69.98539850849329
84600,14.881415439003849
85200,189.53425657141042
85300,185.83738784416568
85300,179.99952287735917
85300,181.51146559270387
85400,177.04913129181102
85500,182.08731891659824
85500,176.2470264580767
85500,188.63405092959474
85600,218.82569919452183
85600,262.9047286501196
85700,191.52834433262876
85700,190.71656261415433
85700,180.46870109527063
85800,192.39539034264635
85800,194.7725253321566
85800,242.87534082995595
85800,211.78505168247364
85800,194.8254351460316
85800,186.1594787657107
85900,195.0184692363817
85900,258.5412685982141
86000,187.811069738695
86000,189.469831515916
86000,187.19821154902655
86000,186.93461705022085
86000,235.31074951250704
86000,252.53724510399817
86100,174.23544841681053
86100,198.7359189877787
86100,225.01689834246557
86100,181.01982104198547
86100,176.47323892469387
86100,201.4341840503582
86200,187.5045216041315
86200,227.7616214553281
86200,196.66975110944156
86200,190.0295293764648
86200,231.2846822884722
86300,197.80573415931934
86300,181.59539119480397
86300,224.99431062162387
86300,218.4558149768849
86300,214.4260249289698
86500,215.45853780053486
86500,216.62994868107305
86500,192.55632045283656
86600,216.62212424427926
86600,226.32954081139638
86700,227.6168471901334
86700,216.3389682809921
86800,238.70023006877955
86900,208.18398527366026
86900,196.79924888887805
86900,223.69083296261195
86900,219.29652876416907
87000,234.0030817502453
87000,224.80763270461944
87000,209.79498809611215
87000,241.07089994297021
87100,192.65793299455078
87100,215.42469937231556
87100,203.1256236038466
87200,240.5321432932825
87200,218.2965313522442
87200,204.12684503420755
87300,235.5623565298796
87300,212.37552697974067
87500,217.63778349492617
87500,230.81201012897077
87800,182.90457140227073
88000,182.5590949771328
88200,213.33859250265053
88400,229.40869672542843
88700,211.44786891719443
88800,236.19640814386787
89300,243.49337772015207
89400,236.1909961179061
90200,227.8188793485115
90600,211.4988026020905
90700,195.3535199582405
91000,225.2655065985835
91000,239.7505278758553
91000,230.3859174589738
91200,216.41174052222067
91600,195.67875546586365
91700,240.27692241852426
92100,247.11722907074537
92100,220.0942353653687
92400,248.15092323130892
92500,248.12065135312676
92500,255.34217402383726
92500,249.64280349482493
92700,243.32834489644486
92800,220.84600552342235
93000,243.68014973464457
93000,252.40266454896758
94000,260.42861341902545
94400,231.75300085380238
94500,235.58042553492595
95000,238.7570770190642
95600,237.35484329281977
95700,215.7071913154958
95900,223.54233523752558
95900,232.7823541120087
96000,245.1974758166295
96100,216.13969845789
96200,219.3847709606129
96200,218.97331597546793
96200,228.7005185340965
96300,231.66729723559598
96400,254.08316136100908
96500,251.50457116779094
96500,210.08382669314744
96700,238.62494817083527
96800,228.60394176992972
96800,243.33021634891224
96900,265.3977289970897
96900,238.111077648091
96900,207.5126067093719
96900,235.70824952229768
96900,237.89670616999805
97100,244.12337694610503
97200,261.72415811847657
97300,242.90004835397096
97300,246.11411762551785
97400,235.84248763526367
97400,236.03394630220325
97400,241.223252769457
97400,246.40998593238723
97500,259.53677595032474
97500,258.5460750013554
97500,258.92800197579663
97500,244.904845621075
97600,246.7727505175631
97600,243.2978560459451
97700,253.08089656346695
97700,259.3790527625218
97700,262.52207873931616
97800,248.80792315680696
97800,255.28997259460394
97900,248.75546090601708
97900,232.904589736241
98000,248.03573802741332
98000,245.72490337840642
98200,259.89613208400056
98200,252.3427961606338
98300,275.1620568287704
98300,253.44292704960162
98400,242.4531349441105
98400,251.64952554641016
98400,262.56492228044215
98500,261.6043636039372
98500,254.58513470513662
98500,252.93977438224843
98500,244.93543413656568
98500,257.89987890236597
98500,243.9678606758071
98500,260.3510456938182
98600,271.8754841997374
98700,258.72700825988085
98800,256.08001977912454
98800,248.39601293578394
98800,255.73173457069072
98900,264.8038450764492
99100,258.74016707140703
99100,234.1357462833948
99200,244.04081003861828
99200,241.22398833655836
99200,253.3726410337348
99600,268.62539025238914
99700,258.50476791791266
99800,280.9683233315087
100000,272.34450401533326
100500,259.05815962241405
100600,261.7635348284243
100800,254.91363010079905
100900,249.61086675133163
101000,246.36361785063946
101600,224.36523690862677
101800,238.0205723859354
101900,234.79819712788662
101900,238.98596888154108
102000,235.46577384145547
102000,244.75610130595672
102000,231.63400662761242
102500,221.33431942427322
103100,225.92111886051154
103100,225.8224562851343
103200,240.88044213665495
103200,229.8728854037398
103300,250.04027930273907
103700,234.41580600441634
104000,237.295108982848
104200,260.4021747915571
104500,257.79630730063275
104600,227.12419196546506
104800,250.1979181303905
104900,219.46678259769536
105500,223.19508543358668
106000,252.5358199740977
106100,216.4949287385585
106200,230.8891816079498
106200,219.7559672052914
106600,228.86034166696376
106600,222.8616085822245
106600,226.4144274788374
106800,234.82184300425814
106800,244.46232184685863
107100,222.21443629138835
107200,221.18733130395697
107300,234.59046958385434
107500,236.20708791267884
107500,231.81422181121803
107700,228.49126793315256
107800,234.65627909614122
107800,222.4697777307585
107900,232.46384292159718
107900,238.9664366648688
108000,195.14425153319303
108100,238.00115832209696
108100,244.21138389552493
108100,248.9411844980257
108100,223.97077035243728
108200,218.8850105266522
108200,231.16604626195831
108300,236.02854132733484
108300,247.98680405286927
108300,253.95489819067035
108300,223.1803987954937
108300,234.49187893168485
108400,226.7453215824222
108500,249.00569265409942
108600,238.5851305665635
108600,237.4943940883317
108600,229.76247666786082
108600,235.82676109291322
108700,239.01883291809793
108900,235.03179060686261
108900,230.20181386078937
109000,226.43474939732988
109000,231.9230608194907
109100,228.4900000801663
109100,223.81986380460066
109100,235.30925153968363
109100,240.20942156037128
109200,257.9391765582386
109200,229.18548269174286
109400,243.84583508232143
109400,236.23422140453937
109400,234.06500055763692
109400,255.73729200152002
109500,229.06727040336392
109500,222.43403719864986
109500,244.5245415926363
109600,239.8676566308993
109800,244.11253751507536
109800,217.3603329542767
109800,236.02306802626669
109800,236.36802013927334
109900,247.6719082179484
109900,223.0192285994382
109900,258.0647792546043
109900,240.7336156682189
109900,240.4228983159791
110100,230.52692219285717
110300,241.86406974322932
110300,233.38967735720365
110500,249.22257132733296
110500,210.8140335369907
110600,224.61305673105684
110700,259.59748174566965
110700,233.98892742221702
110900,249.5880657278864
111500,227.1243613227817
111800,238.2244273499052
111900,237.64949448555726
112300,222.9320071795181
112400,253.53123624588915
112700,257.8807541579917
112700,230.05295210317567
113000,243.98625339310735
113100,231.01610149819888
113100,235.23506407805556
113400,247.95047596753682
113900,257.5544407827224
114300,264.03787848691877
114400,236.61878845960953
114600,245.78444312168736
114600,247.62023965747028
114800,249.78198540127107
114800,252.2704252031417
115100,231.93872726904573
115300,246.62601647065577
115500,232.23540049878972
115900,238.7886114036359
116000,254.98251608438068
116000,254.2105752742359
116300,238.61618411374576
116600,261.1977981402009
116600,268.07956430695043
117000,254.34930606764271
117100,252.74823695515673
117400,233.74125571837337
117500,234.94115574079552
117800,257.99957315608214
117900,236.9408636059107
118300,244.32082160523632
118500,252.68408369608548
118600,207.2322746913459
118800,239.03971304347917
118800,258.1543906847992
118900,230.0705708194353
118900,227.68349945152883
119000,243.62606887488175
119000,243.21295244709282
119100,285.220197426419
119200,256.9340899919982
119200,265.79626923479225
119200,235.99426948255825
119300,251.0244252241885
119300,260.22594255957404
119300,226.63613187324208
119400,246.44561074766875
119400,245.35880128335845
119500,245.8796321544689
119500,250.0954588854675
119600,267.21062364978405
119700,242.45124391489605
119800,238.11370889388144
119900,212.89166519343576
120000,261.17867266948997
120100,262.6216422487987
120200,258.1745856694332
120300,261.7610923141275
120400,263.04102809150737
120500,252.64466810488204
120600,250.38270685599747
120600,236.8653020238947
120600,235.76389494546484
120700,267.3739202574944
120700,246.78635343961218
120700,283.0590608405985
120700,271.7405804149008
120800,271.3103421087456
120800,237.54958468186547
120800,275.3076683379456
120800,242.29563218525345
120800,253.71920450650282
120900,242.93676735436875
120900,247.94436104604654
120900,243.88466774166818
121000,255.82713071421847
121200,256.97663886530137
121300,269.39502250513084
121400,271.6481991005164
121500,247.76504393482665
121500,259.45974171330505
121600,256.9752585013717
121600,239.1558898921392
121600,249.31376010528024
121600,252.71378456930984
121700,271.62104300457884
121700,242.34734866419672
121700,239.6445253436531
121700,264.74399868136396
121700,262.6451945540536
121800,238.93021723664958
121800,259.6197102453912
121900,267.19519850370364
122000,230.38800713006975
122100,261.2318622793743
122300,242.0305609423996
122300,264.2046238816363
122800,264.69293331412143
123000,248.3741098001834
123100,247.27912461803618
123500,236.98759457697292
123600,225.59034512565407
124100,263.99831887063283
124200,241.09885152771022
124300,237.75921235114464
124300,233.77489792501527
124500,256.1870233552271
124900,263.4514486792819
125200,222.2301726934745
125400,211.95735336986655
125600,218.0262673692639
125600,263.0152976662178
125900,278.15210301738534
125900,234.22467394837577
126000,253.05810782082978
126000,251.64600050645095
126000,234.31151236553754
126000,248.58773778103557
126200,265.6717946701849
126400,244.74676933944497
126800,260.8941246321163
127000,246.9790503438762
127500,228.9208177549397
127700,255.4142394724218
127700,249.83506092683785
128100,234.08235858807208
128100,236.22047310428712
128200,231.0803394183648
128400,242.9956178908268
128500,219.57669716994542
128700,247.35040518646395
128800,215.24530427904637
128900,219.24769123291202
128900,233.66791348507826
128900,209.11560801203365
129100,250.8008648874705
129100,220.65025271023174
129200,204.0063764525038
129200,232.11801630018903
129300,217.02752094022452
129300,230.2506840684383
129300,226.09821783997893
129500,223.97924497649075
129600,235.10253172556665
129900,233.0896402147446
129900,239.99355275688254
129900,218.6806848255429
130000,234.78199194946728
130000,236.79574712520062
130100,196.18250287256427
130300,233.0750341760564
130300,212.08608745651836
130600,209.28868197519319
130600,247.20748532749636
130700,240.69033842741038
130700,229.66065659879646
130800,244.46440189247048
130900,225.4145594164182
131000,251.2911501072844
131000,252.29103298355892
131200,248.2642361131108
131200,250.18189761549394
131200,246.80530619359968
131200,232.5036203164968
131200,256.2938732198544
131200,242.59948830483626
131400,217.13195843917936
131400,238.99575584185465
131500,232.61302713041576
131600,202.4097184954248
131600,247.68534286177942
131600,246.7577612427121
131600,244.50408981764315
131700,228.5314538770207
131700,240.55655667475494
131700,228.47162715707177
131700,228.82868287980003
131800,261.2581198754109
131900,235.589657369109
131900,248.90350736641736
131900,242.21588677887866
132000,253.16032691433432
132300,242.04618414946194
132500,243.08647322296866
132500,253.5188689140436
132600,267.6349410492727
132700,237.61812241144256
133100,248.51263065103853
133100,249.0633363853585
133200,270.2679880788955
133300,251.88395490389442
133300,249.5697518421305
133300,257.37026404762236
133400,296.54320634186433
133500,259.9245741604228
133600,257.74685559769296
133700,236.1773146978169
134200,254.06911674052174
134200,243.3180383772174
134400,232.45705836304913
134400,274.8676435348537
135000,272.73216976193424
135200,236.70482525312428
135300,254.56556548013597
135700,291.2317927452433
135700,232.31437781723128
135800,253.19464828999494
135800,248.70060051030512
135900,222.9635920538418
136300,258.8581001446846
136300,254.45901005568282
136400,246.57334628350927
136400,226.05216622769498
136600,262.57134298780284
136700,227.64652921198186
136700,216.30931159733274
136900,269.3391667244563
136900,258.8873945261694
137300,269.1330470619343
137500,240.3946798953601
137500,281.58177009123193
137900,205.9640256618849
138000,215.26918906902262
138100,11.709699927709023
138200,268.92790579047715
138300,10.235402212871186
138500,269.1662802860016
138600,253.6378860795291
138600,195.07208038929778
138700,258.7125807998852
138700,262.53685962035405
139000,266.05535860922413
139100,227.76948270861214
139200,244.87014375468794
139400,214.56468308509207
139500,209.57559235210792
139500,253.10729656658876
139500,206.44549965721902
139600,243.22338412575354
139600,264.39991472867695
139900,253.0974558747322
140000,224.31425148262565
140100,256.788950821541
140100,266.9873571420899
140300,7.815609530563706
140300,273.8910467411788
140300,245.92983146871376
140500,257.86126687207997
140700,257.3692188413509
140700,233.65197955424406
140900,276.68056344197237
140900,257.99923441293413
140900,250.60424868211828
141000,225.91225097228113
141000,264.1577804114576
141100,282.7335858730073
141100,257.2118944707273
141100,211.57180181097326
141200,230.13609659519497
141200,254.57604930572464
141300,250.97048812732925
141400,245.9577805370774
141400,237.70339586485247
141400,278.60852977603446
141500,212.6082610326745
141500,241.64043211432005
141500,260.0920076740921
141500,251.06100748254715
141600,245.89941870461865
141700,273.1488397040275
141800,263.7159353331304
141800,244.77965208600492
141900,239.9425687271778
141900,250.82869453620353
141900,250.31092648455305
142000,245.21732896469825
142000,211.15594895668772
142000,239.18221591271805
142200,282.86919350158126
142200,256.7185351193987
142200,254.4253377475804
142300,245.22421627298175
142400,241.52579554077585
142600,271.1170197828495
142700,245.50480594737664
142800,270.24974313257036
142900,239.25748318040732
142900,249.46981207005447
143000,256.6603035965293
143000,199.9202261514758
143200,201.28898529906223
143300,246.80965692065584
143500,244.25093562124047
143600,238.6187956858763
143600,248.363201353503
143700,253.71993839618116
143700,259.1996547635277
143800,254.31789572859682
143900,243.30463978202326
144200,247.48411845631512
144800,256.79904775902196
144800,244.4842989632036
145000,261.20073429517106
145200,251.08108198349782
145700,244.92005923532912
145700,260.9678748350487
146000,266.08284615479835
146500,262.9689290769942
146600,253.45458079001824
146700,267.75163818733046
146800,270.852031242448
147100,281.54582044412837
147100,254.84954001469373
147400,263.2981631415804
147400,246.73191897167789
147600,260.32969518020377
147800,279.65857866476017
147800,265.49378406437125
148300,256.04232013919665
148400,297.8111241478909
148900,305.11811998528947
149200,271.9281011349309
149600,308.45994651409643
149800,275.91359009826385
150000,306.16568466446995
150000,287.7892903046339
150100,300.61785219597556
150200,320.6363291072694
150300,288.5051015979423
150300,284.00605336191677
150400,321.2844180974299
150500,284.00323509877705
150800,316.81793077247175
150900,267.3649309928493
151000,292.1841166902752
151100,292.7619037057428
151200,308.0526587649101
151200,311.2611556904414
151200,289.8858785721795
151300,260.31689513360374
151600,315.06078177955527
151600,274.14224313612044
151600,287.08348756798625
151600,284.54714482114025
151700,324.0356337710929
151800,303.8607453955193
151800,307.26227226104606
151900,274.9932107613732
151900,267.0457455810273
152000,276.39616912237693
152100,297.61823899243944
152300,278.99651074116446
152600,247.77563323362
152600,291.7646588432386
152800,292.89555186730547
152800,284.1325736421449
152800,298.59857432654445
152800,291.80342372925867
152900,312.9409028710374
152900,266.9365087763859
152900,300.8738830812509
152900,285.87852804751856
152900,275.43815903474723
152900,286.4839889599517
153000,275.6494119885786
153000,288.1036343653814
153200,303.6645177577891
153200,303.33683792469213
153200,275.5954834682988
153200,301.9222209104011
153400,284.25996752785557
153400,278.69515646438197
153400,314.7339095715507
153400,293.44217505345614
153500,266.38607792669313
153600,300.2981099677641
153700,286.194996193571
153700,290.9311705745482
153700,286.7792095736043
153800,299.4624036401397
153900,290.8821780163505
154000,307.755611991
154100,269.54323590156724
154100,304.5023252809689
154100,292.16997368885814
154200,276.20394295236764
154300,291.97744979998157
154500,292.3522849451452
154500,268.7792095677112
154700,277.70184043434864
154700,307.4304667206985
154900,297.2954210449344
154900,292.7925930001203
155100,299.09492821876086
155200,286.0012538458918
155300,298.09480413531463
155400,303.8403928614677
155500,278.771962924336
155500,303.4798810546308
155700,298.6090111735833
156600,297.37349480221764
156600,293.7978812878391
156700,295.6999106452217
157000,301.3294233116383
157100,264.9383534222009
157500,296.2787204730659
157500,296.50501885989553
157900,278.16565904740594
158100,283.8118660883053
158200,290.66104204700576
158400,275.0686099292549
158400,280.1824652472975
158500,271.4892191140093
158600,279.12939584654106
158700,281.59823887213975
158800,270.969764991521
159200,270.98783081258506
159300,288.8762593101903
159400,297.82945069748956
159700,276.01212487158097
159700,267.4362051750518
160400,274.68764960026124
160500,268.3639080334762
160900,275.58013358320727
161400,276.595772464485
161500,292.96705130114003
161500,295.84565211651164
161800,298.8939632933425
162000,251.81787398716202
162000,237.90770004408697
162000,283.30413741425394
162100,301.1661664417758
162200,307.35084053853825
162300,305.8782855181647
162300,286.5188400597855
162500,287.3515368706404
162500,281.11053687890524
162500,294.3757159669254
162700,288.5296011365194
162800,297.35878854001015
162800,299.6657302302319
162900,307.6574138113517
162900,274.82849483492123
162900,286.5146641011838
163000,274.1470313378363
163000,220.02222908340858
163300,294.33725738258266
163300,256.8307538272804
163400,268.75819868217627
163500,295.6908794529349
163600,255.63562137409673
163600,267.1032001250723
163600,308.2253644449179
163600,294.70533434461424
163600,301.2214965722183
164000,276.79699411692684
164100,300.0902734772764
164100,237.9832899128065
164100,283.0042208043444
164200,280.44085131206157
164300,279.4398221030793
164300,235.89847408897435
164400,232.62449456041625
164400,291.9140150043642
164500,277.6814686611128
164500,270.71925839583207
164500,295.702038178981
164500,291.2335663073917
164500,291.6908826302768
164500,281.5560166503716
164700,276.50165636356246
164800,291.26964482251606
164800,292.0900667257803
164900,249.04572429694684
164900,283.45478502241224
165000,246.64639143959104
165000,272.50225569080345
165100,283.32217033390526
165100,253.2998289791206
165100,246.55949903457721
165200,223.7969443632596
165200,305.33063417126067
165300,282.9539203889417
165500,271.4560282477541
165800,263.7020298390366
165900,274.7752489249173
166000,273.2792690648093
166000,264.64034146849
166100,247.30817762768422
166200,267.2984953396473
166400,240.5517629598304
166600,245.5223403131324
167100,252.09920832502087
167200,293.9295012888253
167300,256.43253628039355
167300,278.7748330634957
167300,279.5762946198926
167400,263.61412426517876
167700,284.27830885506785
167700,288.0715743343282
168300,258.9085213280714
168300,119.67282593260327
168600,249.17071296459682
168900,278.0674633048569
168900,274.27400950120807
169000,260.7536581091705
169000,260.7600356205953
169800,279.4790939494409
169900,259.26463018853735
169900,267.2985638602076
170000,245.2488327114782
170000,235.94909723192276
170100,265.909618695511
170600,288.8639536848744
170600,270.8395599759815
170800,261.47491582352205
170900,277.4131988738909
171100,249.68592861000252
171200,271.5919167407612
171200,276.24369242058384
171300,235.6626285004397
171900,256.73880474850984
171900,260.03990537552073
172200,244.26184220320073
172500,203.4279083160955
172700,276.9800969674435
172700,270.01695484872
172800,264.2483075746454
173100,251.93803797292588
173100,258.4628833280663
173400,257.8828078826658
173500,247.90405317834353
173600,247.27614484861857
173800,270.3144210259974
173900,258.72213508674065
173900,270.6685473808252
173900,276.1618272130332
173900,276.1329221075171
174000,260.01240856699513
174000,261.6986530938462
174000,253.13066396260777
174400,263.9634432452125
174400,265.43005179040523
174400,257.83423452753414
174400,266.7350974497696
174400,255.0094274778494
174500,248.97633280294764
174500,241.32528573742434
174600,263.33828128159536
174800,262.0161578995508
174800,267.2279424326519
174900,266.41904621361533
174900,272.68204815753757
174900,267.27054246517093
175000,261.9526569372892
175000,258.22238441999144
175100,119.5522168344577
175200,206.62186368964245
175300,265.9020933002217
175500,260.4522928774675
175500,244.49495799015145
175600,249.29056848739776
175600,272.0346660963523
175700,236.34642251172414
175800,230.01330493386985
175900,261.4366994730297
176000,251.4501162305243
176100,234.39411127937706
176100,223.0064546627405
176100,242.12235568764652
176200,251.88964893762537
176200,267.97504199567913
176200,232.45666469431953
176300,259.99928860686515
176400,228.4122093853759
176500,273.72286733406986
176500,237.75788885489087
176500,264.787725608494
176600,263.5768764498023
176600,259.6124252850034
176600,278.3024527513207
176700,254.24416299861855
176700,228.53972164915206
176800,223.91604179856233
176900,255.56368579124793
177000,249.86055358551556
177000,223.62601205349767
177000,217.57675569996192
177100,254.29043954279442
177100,235.08919526585913
177200,272.7938922907462
177400,259.2588162650588
177400,104.54706931035676
177700,291.1244046690619
178000,262.7355927417792
178000,223.7202551557119
178700,262.2718860862525
178900,244.19803287367463
179200,231.57548446323335
179400,262.5623147137597
179400,260.25156951429324
179500,259.23034431234237
179500,260.85319141765683
179700,259.71967785286006
180100,251.42262653731046
180200,246.50575170304725
180500,246.83187066778117
180900,250.45094361978275
181000,235.6195671757863
181100,258.06184824037206
181100,240.03115515075382
181200,252.88314582226158
181300,244.56456987641465
181700,264.92650068428145
182000,238.02166612617066
182200,245.26663302559254
182400,250.30977705386627
182600,266.0463622593331
182900,255.6765787432227
182900,257.55338741244987
182900,250.69013146501405
182900,236.35808363367786
183700,236.7345676739386
183800,259.3128913594985
183900,279.85582229849336
184200,249.0122029131069
184300,242.93667662122985
184600,266.5936204165557
184700,232.89507334514718
184700,251.09887381266455
184800,227.37652769670055
184900,235.12135182001467
184900,262.57528805924676
184900,268.50062380298874
185100,258.67521371975846
185100,255.6032790270532
185200,244.51830737257725
185300,247.146007332911
185400,181.75596548045596
185400,250.50993591771072
185500,264.18621184086857
185600,251.48926615447837
185700,251.9040804854161
185700,236.727298654203
185800,240.3246281339066
186000,258.6381921016785
186100,250.39770461917857
186100,242.94520282616844
186100,265.32396202210896
186200,257.3199962814819
186200,249.01471605580642
186300,278.19680721410475
186300,250.30202974243613
186500,252.0586700225573
186500,212.78556453114948
186600,256.25134382834494
186700,179.3014125219839
186700,239.6601245179609
186900,254.7202041885997
187100,253.16666630364656
187100,232.3159998128716
187200,260.96792351760445
187200,259.2799879910598
187500,261.3044440189431
187500,267.850692643162
187700,252.21762507379987
187800,249.34301610228877
187900,256.01524249126453
188000,268.0701807831698
188400,270.5301711162595
188500,290.1673780890931
188700,257.0764176344463
188800,282.78137284255257
188800,287.2067968225996
188900,247.0191234686369
188900,253.89993429370293
188900,278.3966148161602
189000,263.1212178235367
189000,285.24364780496995
189000,273.73319075801004
189000,251.55408562844528
189000,262.465635559876
189000,261.48901848448156
189100,267.05211246358266
189100,268.93231307890983
189100,257.3014359852191
189200,256.8101258514056
189200,287.586978136934
189200,286.72272174468384
189300,234.0396708580832
189500,239.62046790372017
189600,282.1379100871312
189600,284.7868497684644
189700,270.61812224362257
189700,237.29939675085964
190400,277.53476833596835
190700,237.17242949067227
191100,271.6704267203429
191100,277.87685287199844
191200,259.70092979449345
191500,265.3503321381717
191600,242.40007152524663
191900,271.27799242083165
192300,243.61756795135912
192300,280.0151691864673
192400,259.31717586070334
192500,259.2813345275372
192500,265.40043286307287
193000,251.54395618097988
193000,270.78933434066664
193100,253.0041833752203
193100,259.5130024559649
193200,269.84853274589466
193500,267.85267860310785
193600,233.87911353857623
193700,248.76695612927273
194300,247.14765413890981
194600,250.58001986605345
194600,96.92228107289962
194800,253.84433373087512
195100,263.43813748920576
195100,312.3969803151245
195500,254.21220592802632
195500,257.1966645113786
195600,231.83256176212228
195700,288.02907973729054
195800,277.35360917535263
195900,274.71632364141567
196400,307.13028201021984
196400,269.08119558412574
196400,281.73105184797697
196500,252.82832035032052
196700,265.0425685451227
196700,287.7009910841588
196800,282.60109939834734
196800,288.37624573910796
197000,310.2735097124814
197100,259.7802018657738
197200,275.1084203671791
197200,261.5293460446333
197200,301.04137377032816
197300,251.08960152080655
197400,269.0302278972858
197700,273.22841069100804
197700,264.3066758836013
197900,249.8885289540323
197900,278.99153365150323
197900,294.63790331597306
197900,237.60126127846158
198000,286.912279709812
198000,296.70517454108005
198200,332.51823147051874
198300,230.27402862453457
198500,255.43986464557733
198500,265.1642515059763
198700,290.4781404847131
198800,262.31454068945953
199000,298.6483103097064
199000,271.2246698752036
199100,294.8660851928418
199100,260.4859342948154
199200,337.20226173776064
199300,288.4156274817089
199400,237.3495227866843
199400,258.2735874360939
199500,297.4267920726839
199700,309.69848376383425
200000,257.5879316204853
200000,276.8131827899791
200100,250.70066958070313
200200,252.10293794361903
200200,264.6412019041052
200400,317.47355181088204
200500,244.64237851771838
200600,290.96366864558155
200600,261.50405304992927
200600,311.15713121336546
200900,322.6926412625643
200900,296.2981479244606
200900,251.1239176434061
201100,331.22822211247745
201100,260.1726367618867
201300,317.5306427549377
201400,277.33463672963137
201400,260.23117261403655
201700,332.74929729095936
201700,309.4477870810193
202000,316.51363940510146
202100,340.2853907894637
202100,311.4700595053902
202100,330.8383377738588
202300,288.2874073560395
202300,336.0429010531402
202400,351.63569123432507
202400,325.10674786980223
202700,315.07973165017813
203100,282.28575371953286
204000,292.2167330412264
204100,296.0368874844525
204400,289.6689411295117
204600,364.54843006049697
204800,291.0654234377732
204900,320.97778263750064
205300,371.1816466598593
205300,329.26386358965516
205500,363.72192170333955
205600,330.6631126008615
205700,323.54790095547213
205700,368.1166516841048
206000,312.4754715546621
206000,342.00150114373344
206500,392.64508365942453
206600,353.1952745597371
207000,320.90970708946287
207200,369.82859873439406
207400,368.945690226548
207400,322.9603969020241
207700,351.6718466193949
208100,340.5177129438654
208100,321.31323336855456
208200,338.0656339589156
208300,341.1344022590396
208400,353.13483442580673
208800,291.34962684781937
209100,349.58157746205694
209300,344.50494077208776
209500,368.911686360383
209500,347.2627126949996
209700,371.3930804514327
209800,378.55835027930397
209900,313.02338502265036
209900,324.45370312117086
210000,372.07126670676564
210200,332.7094988921361
210300,365.1642690095584
210400,387.7710586236153
210500,354.39322191099643
210500,355.51387874196723
210600,301.752183568031
210600,376.7014051145747
210800,329.1922976431667
210800,373.6722387451591
210900,351.391508234568
210900,389.14901720360865
211000,358.1635090257703
211000,341.748690462076
211100,401.5948597001078
211400,284.9721155689885
211600,356.86497795654367
212000,369.4799002685938
212100,353.3596531888249
212300,401.4213396417379
212300,385.3438841824923
212300,393.28820967278716
212300,343.58698237561345
212400,361.95891527928944
212600,379.65746012083173
212600,320.52480464571636
212600,349.79819163400066
213000,362.8520995697444
213200,350.3007440507939
213300,388.90055390594915
213300,374.5557002543162
213400,372.2781931522539
213600,337.9602173093189
213900,359.7499544148521
213900,383.58520789385324
213900,392.2099416020608
214100,371.381616856525
214100,385.3422982678034
214200,355.9482389229964
214300,328.86347919693117
214300,340.3879553348335
214300,313.1950447918097
214300,333.54487556618614
214400,384.4021329281042
214500,321.6953152586226
214500,340.73258402618933
214600,334.0099226177446
214600,368.0727304033316
214700,369.3897066538516
214700,368.3929084213201
214800,365.675127300739
214900,324.62979297735706
215100,386.7795164004116
215200,376.06162646538905
215500,356.5955816899552
215600,346.88590457941933
215600,367.83488099123446
215600,340.11627614775466
215600,350.3110689737566
215800,374.10112971744564
215800,342.7223393046202
216000,364.4668626581787
216100,343.8110480337517
216300,308.08552861940746
216400,357.4277359647296
216500,376.9382374652452
216600,285.6781110271049
217000,311.6492777997149
217000,293.2045054301803
217000,40.11649589086522
217200,332.51912050551
217300,343.1060089410207
217300,345.24457951057724
217500,267.2601140244574
217800,299.05456964184475
217900,48.30560690060806
218000,331.0595623001816
218300,332.4914946408172
218400,304.66725234456345
218500,344.7806262434052
218700,314.1759018364694
218700,299.21360386138343
218800,52.339194506906345
219300,335.69408548687954
219500,344.46190034777254
219900,335.51600090171723
220700,35.7969142581776
220900,352.32570988818713
221000,347.4484856637214
221100,339.7373714584955
221100,316.44679856315645
221200,42.2996023082414
221300,369.30752381037064
221500,36.9423149614806
221800,26.877367766247563
221800,374.59281684241284
221900,351.16577290830855
222000,380.5578314879048
222000,30.655072047454343
222100,325.0559800857743
222200,48.542244147621126
222400,48.60948280843511
222400,369.6003120162504
222500,342.98135975445564
222600,335.53996077147923
222900,373.26495976171213
222900,354.2545729603674
223000,380.6988648173286
223200,339.9282287056542
223400,362.5811247162873
223400,355.8577512230624
223400,361.6606520369746
223500,31.433513860971537
223700,334.5614985656758
223700,27.55300725612702
223700,371.7974335110757
223800,351.17747262581304
223900,32.29314550701581
223900,339.8664783939957
223900,346.55917518337696
224000,365.91338774265665
224100,370.8122965769074
224100,351.91563435463536
224300,364.3547015223665
224300,30.899536860775175
224500,376.12983212713203
224600,367.14707636407803
224700,49.05045207143326
224800,347.89724936792766
224900,33.83448015415518
225100,391.7634485746609
225100,374.70588882610207
225100,381.91784455725775
225100,39.430958374085634
225200,374.00502537104813
225500,355.28606391117654
225700,369.54218927573226
225800,359.63098073319173
225900,371.1836008688759
225900,348.98673347132654
225900,320.67911408675207
226100,376.4445245559736
226300,379.88346907288263
226500,338.28253683103554
226600,335.7009699151691
226600,380.0422353989251
226800,373.93641524885084
226800,395.3156441101821
227000,391.7730902461715
227000,346.3351885390171
227100,353.83366242748633
227100,335.58518514366756
227100,358.67411044784535
227200,344.8541876272628
227300,352.59077238283476
227800,352.4068892090321
227900,347.66875614455176
227900,391.00043917889576
227900,391.50431238225974
227900,375.5622517936558
228000,370.583986643603
228100,392.7851677235961
228200,322.06221536488323
228300,362.5359938479803
228400,345.0260577913816
228400,394.9919457306414
228500,377.39541776143466
228600,346.93590595402134
228700,355.1153571243284
228900,384.4238985955854
229100,332.31574634569665
229100,360.5036040952254
229100,369.08282602502834
229300,314.1964223593846
229300,375.21083352807545
229700,364.7249810762379
229700,365.7895522735441
229700,339.94424360299536
229800,345.67535757428004
229800,365.55289796958095
229900,359.3680977832626
230700,362.19129569787407
230700,357.92337886308303
230800,366.50883660928906
230900,359.6725876928366
231100,339.9938652564092
231300,365.82010499642416
231300,343.06292267592033
231400,343.2937129836453
231500,368.2749113990531
231800,363.07158373715635
232100,383.8560560301253
232200,324.48863691593436
233700,354.5494955308619
234100,356.5774553747298
234200,349.8650336836946
234200,255.8993177827646
234300,344.6216078984056
234400,255.9874276293237
234700,349.23012747277414
234700,329.66566553082134
234900,344.594201972914
234900,289.1082278162672
235000,343.66730460601383
235100,344.64276724943386
235200,308.58683463868965
235300,228.99264880905665
235500,343.8881696243283
235600,296.99692397731525
235900,364.5012177335015
236000,286.55120252282836
236000,358.37398605545195
236100,375.1848359055058
236300,346.14631875896845
236600,340.9134383222193
236700,375.8159415418831
236800,373.38025016012904
236800,351.48675705463364
236800,349.4000249980045
236900,365.8900275622693
237100,334.989968201272
237300,361.13899928781234
237400,361.7800811460999
237600,362.6664545791053
237800,351.2460286528055
237900,352.6378786644596
237900,335.9139081224985
238000,348.14055216437004
238100,356.44169348152474
238100,373.6949153442665
238100,375.6142618478262
238100,341.09003738983375
238100,353.76333047481575
238300,334.60475365330143
238400,356.7920315451092
238700,349.91190488333535
238900,385.8751533839793
238900,343.6558842033282
239000,359.90531966573417
239300,365.0622039535206
239500,353.21609658053904
239600,377.86318006326525
239700,382.3911815009476
239900,336.6888550861835
240300,350.11910142892395
240400,319.5627443447819
240500,368.2900900261893
240600,375.901904613645
240600,349.52855570567834
240700,378.29308952332497
240800,381.2616586881182
240900,354.54745300987645
240900,361.2833676370511
241000,359.1212051382197
241100,389.8058993876308
241200,391.603860961153
241300,365.96364879254907
241300,392.67105798392726
241400,358.04501229352354
241500,331.33372781384423
241600,342.5441478662798
241600,355.7651625571586
241700,398.39988896648197
242000,381.88671445996226
242100,343.2020586093618
242100,397.1714055607633
242200,372.21293829353095
242300,372.39772011570284
242400,376.8356118764173
242400,378.0671878664724
242400,368.8134354504531
242500,372.1564964736073
242500,343.27852782668066
242600,376.98893578044965
242700,363.60615878663737
243000,365.42766782314214
243200,348.82317393439143
243200,12.983340885057164
243400,323.5890185364743
243500,384.1654224148772
243500,344.290908365103
243600,353.9152637088456
243800,344.90986545597576
243800,333.4282011095425
243800,370.3616496863322
243800,386.53086249055696
244000,368.8449987012549
244000,13.701096733393149
244400,342.2053459225662
244600,338.48927150257833
244700,343.0636685840125
244900,11.03434241878653
244900,11.844650150220962
245100,334.5307393215452
245100,336.0787620935128
245300,357.6249408423164
245600,362.9062663486569
246200,323.4645848564314
246300,340.2950746548156
246400,291.2959296798269
246500,11.411717498335914
246700,326.2856407239922
246800,298.93293370697796
246900,314.08991938556863
247000,323.352988102038
247100,300.4168690743058
247300,319.9997136814818
247300,331.23839246036067
247600,322.3836056842705
247800,294.5210451672346
247800,319.93241815334073
247900,227.49497530553117
248000,12.292705917293008
248200,329.89037683382844
248300,313.01865527065524
248300,286.42848373100634
248500,317.76639176410856
248500,292.8312969341778
248700,335.0805267899274
248700,306.5893933810415
248800,336.17866903057086
248800,325.3046795101136
248800,310.53857493652663
249000,285.3272313071949
249300,327.09910736032737
249400,339.04620687041336
249500,360.8492557892764
249600,336.34048992704373
249600,322.6871381016644
250000,10.37749741815511
250200,334.00934634467166
250800,11.516794876453519
251000,356.57324431672134
251000,355.50857312983703
251100,331.516390714592
251200,327.6729424427877
251200,367.6655676277277
251300,341.52952198218077
251600,348.85935329916816
251700,343.0364838579458
251900,362.79842260235944
251900,349.18678998423997
251900,343.98184040868654
251900,338.7544965292207
252000,359.9089197111697
252000,353.30828427372643
252100,350.7216717374052
252400,332.03631305547816
252600,12.598286986923899
252700,15.52156366655894
252900,255.59443570874603
252900,10.642085160168513
252900,336.93866416903006
252900,304.6224207342549
253000,330.6652715232681
253100,11.362778958140527
253100,320.2772281984349
253200,332.39242170401155
253300,327.3396480941927
253300,310.74854465986493
253400,12.690709994524498
253400,342.14342554088006
253600,328.4297202625383
253600,332.93315093826266
253700,340.9264196022128
253700,333.354049506738
253800,349.1558051314531
254000,329.65605316815373
254100,327.07565723693256
254200,331.1435462452387
254200,335.0114912755108
254200,335.7697875688264
254300,11.725983855193828
254400,356.7033024404255
254500,339.23267955671685
254500,256.3724573880568
254600,253.63708903347717
254600,319.0844471237269
254600,333.60455290774354
254700,14.616297888401485
254700,277.36787651618965
254800,343.15220591177837
254900,13.676731931000276
255000,41.71115393894235
255000,296.14722680107565
255100,301.4913757317443
255200,333.724375754091
255200,13.845349247208073
255200,362.3749002691974
255300,364.96840164681083
255300,351.0446783050317
255400,359.9945886629378
255500,12.714087523695982
255600,13.256267608991633
255700,315.3278509865358
255800,271.4772014299155
255800,354.7103928505865
256000,332.5068083070547
256000,355.4202726679165
256000,12.978438912061943
256100,14.334938550117787
256300,324.14287779729244
256300,59.82726642166023
256400,12.692531218126874
256500,332.05520781290056
256500,322.79451101565627
256700,328.23471703856364
256900,319.86255858800155
256900,11.815024392418563
257000,315.54867145102423
257100,247.29413647895078
257200,345.9291098172561
257300,202.44475572974017
257400,70.8841599345329
257500,181.79951478972788
257500,11.58615461115131
257700,321.0193951898514
257700,323.3605370302536
257800,318.4716986336337
258000,307.56768843632125
258100,65.84681611711548
258200,333.0448673991592
258400,64.10290839540575
258600,300.35794448608107
258600,318.5086610253076
259100,325.61549085868484
259100,315.8526201066816
259100,49.43431471362705
259100,69.73263336303754
259300,310.06575269506897
259400,274.49843171390756
259600,301.31309995680454
259700,324.9020957452826
260000,332.48088552027434
260100,340.18422701827296
260200,339.9975417491358
260300,280.8789695881175
260400,304.72796777509546
260400,156.95837414544977
260500,172.75416040760317
260500,333.32890838034587
260900,358.5208230349359
260900,283.557703067863
260900,328.29055176644704
261000,320.07844913784885
261200,275.5203280651544
261400,211.08397411467658
261400,147.2523460990363
261500,152.39636398886205
261600,333.9518147391133
261600,247.58241074462828
261600,331.83213129806256
261700,327.9980011825864
261700,313.69115738229374
261700,341.2215554869166
261800,333.40398756577616
261900,231.75884826373093
261900,335.8348073973404
262000,321.4039667021212
262000,333.55385520672047
262100,204.60580590853525
262100,153.6937481058131
262200,155.70819113669708
262600,283.5251620530755
262600,326.41294071105176
263100,148.1106988723591
263100,299.7534250722471
263100,177.43404505685766
263200,279.19951913631485
263500,230.61183206417323
263500,246.17394332827325
263800,150.48116518495831
264000,203.30877496543044
264000,305.50999618484553
264000,165.56665464794
264000,166.7372647737135
264100,277.1374052983176
264200,229.04659709318975
264300,335.64327073042995
264400,159.92164858837054
264600,290.2883774301571
264800,314.8686500486092
264900,290.75670259418774
265100,254.81827865581326
265100,361.6076904307795
265200,241.41098934767834
265500,332.8388727778566
265600,154.8252822119035
265600,249.8401404961089
265600,334.7754860801269
265800,252.7992326044853
265900,231.7553701714513
265900,188.9208116900643
265900,157.78232105119085
265900,147.7310103957574
266000,149.22401510725703
266100,281.2532631612755
266200,322.66897096136057
266300,263.57051055222126
266400,151.75228695599432
266500,338.3891738450215
266600,223.84018588094014
266600,254.9700341780883
266700,141.6231726677503
266700,142.63329720606177
266800,162.2810120935321
266900,289.60137351893
266900,145.26524245636332
267000,142.41943859911214
267100,146.75031873646822
267100,324.16281255667354
267100,230.9058334574297
267200,313.2527873955346
267200,143.56091692676046
267300,263.30221188929187
267400,314.8475641094849
267500,277.2591154858675
267500,324.83371319357576
267700,142.66976334417714
267800,161.27888158232133
267800,149.54296421219595
268000,141.53158724433516
268000,141.559008519847
268000,278.0318245274494
268200,304.8094014159545
268300,309.1158813757837
268300,141.0486108041465
268400,348.25689273655274
268500,171.91095735004868
268600,143.99370299058236
268700,143.5783959843599
268700,299.249069693401
269000,283.3256184207754
269100,325.687412559096
269200,149.57280881976223
269500,153.76183505429643
269600,279.70647572026394
269700,143.44867981236402
269800,170.1805812993612
269800,142.772005528622
269800,149.77156723398681
269900,335.2731824235504
269900,165.7403748200649
270300,161.91808795317957
270500,169.27847236157646
270500,330.28562729507536
270500,340.7164000996583
270500,197.25089984619885
270600,154.57269808514448
270700,351.3573023208039
270900,339.24546032176795
271100,243.2785803531813
271500,170.04014517110784
271500,158.78386746072778
271500,273.03023963939467
271800,182.7620601309067
271800,146.45283137647309
272000,340.3776338601222
272400,168.6122641951421
272500,150.28597561264957
272500,147.20336370319967
272700,301.7618355002689
272700,168.45921071562114
272800,145.95858182694425
273000,180.2649506165288
273000,285.12011068116425
273000,154.89845778021999
273300,144.9483457527675
273300,242.41515533452284
273600,156.92463973870082
273600,185.67260981886108
273700,144.6609395045537
273700,334.46719820352337
273800,302.8570485353187
273900,265.5480690026727
273900,308.3154567843737
273900,145.4987749949498
274000,309.2861168712542
274000,162.9619985326012
274000,152.8976591367408
274100,152.48646654114194
274100,162.8443996064369
274200,146.92094906178642
274300,314.7630348003585
274400,142.97351555963687
274500,259.92397333235033
274500,303.19944645529347
274600,297.3910894672395
274600,148.5931843005324
274600,315.2784900703646
274600,154.85740257950476
274900,160.72659373983177
275000,153.80691326445864
275100,260.33810252643235
275100,269.4403314287931
275200,147.08272186405182
275200,307.4867015109536
275300,166.21038408152208
275400,292.98091770529516
275400,158.0811894310514
275400,142.94520165479568
275700,146.13866678646988
275800,297.4635023814632
275800,308.3905939402371
275900,157.32629309348022
276100,222.44115701367332
276100,257.4560373135829
276300,167.63719949153358
276400,217.34682629078466
276500,263.00589325677095
276600,152.2085358726731
276900,169.3093731959837
277200,175.14295703770128
277400,150.82615045919331
277500,319.9020531091953
277600,258.57471354615484
277900,221.0000447946627
278100,166.01516395983847
278200,168.1866829522222
278300,324.55198287997115
278300,279.9154734555612
278300,283.8354858701124
278400,322.75067901282955
278400,179.81112283036458
278400,274.832173338879
279000,162.0309731449291
279100,186.43598836515773
279300,310.03994994848426
279600,279.9614622004262
279600,162.42353142803475
279800,331.9842227841746
279900,297.0984368113534
279900,321.9549545492296
280100,359.5012077346559
280300,349.870511678431
280600,154.9358950127856
280600,152.53491646758445
280700,164.91047069088793
280700,289.47723756048975
281000,302.47810731272074
281100,255.47073892521553
281100,301.2307369766266
281500,196.3074340188615
281500,182.6015040416822
281600,350.2099692581483
281700,284.04037685819435
281800,236.36171203043003
281900,376.0219110131831
282000,318.6700241074762
282100,369.32825902853557
282300,394.2896873662756
282600,377.11102014967094
282700,316.82114992656807
282700,187.99723746834508
282700,350.25776069240817
282900,323.16393116880806
282900,176.59408310490508
283100,179.9529273206067
283300,166.65061590139786
283300,175.93748724805494
283500,18.84474839987978
283500,354.9194003889249
283600,176.74810117206434
283700,168.23294206915813
283800,237.01577745555304
283800,244.46626978914682
283800,228.63118882827607
283900,268.2095289702065
283900,256.4577240800508
284000,169.63875355347412
284200,153.89755463722994
284400,354.5160535161178
284500,237.54779149113983
284500,170.12258360167448
284600,164.7018264889963
284600,163.873383601124
284700,364.735405215414
284900,273.56986355944883
285000,174.4680592000404
285000,268.4825191124187
285200,331.05978835336884
285300,356.2895652502787
285300,172.1699276140484
285300,273.8989451755025
285500,275.0169828337319
285500,362.9298878671573
285600,362.5612776964962
285700,299.8298407777592
286000,263.03215209876726
286100,272.6405562359626
286100,302.8446102661377
286300,347.36060788302916
286400,308.51527960957276
286400,302.05509296427454
286700,180.25517593999518
286900,179.17442563593747
286900,383.1604222060535
287100,359.0459480816904
287100,352.01933214303114
287200,207.54357923918812
287500,356.90183825353887
287600,334.000275475784
287800,221.23533948006948
287800,367.68275015227607
288000,334.49996978158947
288300,247.30597934198525
288300,365.08194380405644
288400,356.5130096429899
288400,380.96678166614186
288500,323.35101026239516
288600,217.15047032797543
288900,399.53737786142335
289100,203.12581052271003
289100,300.79518712939813
289100,342.7211619597655
289100,155.74600777626873
289300,397.6223238481718
289300,310.0132483799825
289300,270.8406187807837
289400,395.7903891275921
289400,378.3510903549987
289500,402.23396476448755
289700,389.95300956220876
289700,200.89678580566974
289800,250.2617420416183
290000,395.1897922412728
290100,306.2357787283128
290300,338.53651200989196
290400,173.19735917623976
290500,150.340868739608
290800,152.60114603339997
290800,293.40891054986037
290900,336.05753060117144
291000,363.0321560809566
291300,181.5098931704087
291400,166.6082133564243
291400,234.75342302599242
291500,150.2415106157039
291600,147.80110559404798
291600,266.45868120150624
291700,372.16194683751235
291700,168.97686806401958
291800,331.40959662125994
291900,228.39366033692787
292000,160.2272675778937
292300,151.47488845811193
292300,300.7295019278179
292300,148.37485192740124
292400,318.38619001131354
292400,152.95349006277337
292500,359.38368665023484
292500,184.48547646473565
292600,151.61441944522684
292600,235.45082628095955
292700,151.23449728974433
292800,356.9579433818508
292800,148.16169016724857
292800,153.82024438749897
292900,145.9206800289483
292900,151.20625854827503
293000,351.2138519097112
293100,143.4277087511112
293400,145.99511706285958
293500,301.73034923797434
293500,161.5667105507415
293600,284.20738528175013
293700,231.99648262570625
293700,348.42948524252836
293700,297.3547588575124
293800,148.11163617198
293800,149.3235573652597
294000,153.3202372492831
294100,148.59895539970438
294300,148.86076597018547
294400,366.84676905462516
294500,160.0236331771532
294700,148.76527706508443
294700,243.84097600663404
294800,295.07265089953484
294800,158.49603668092402
294800,208.97176260110564
294900,376.8120980692893
295000,150.4702184161569
295000,151.4526023906375
295000,160.2986169681872
295300,286.5420159919167
295400,147.49395421178298
295400,373.8119917685479
295500,284.6279342741152
295600,172.14029127693226
295800,149.92393581888336
296000,162.5253150194858
296000,399.6114008583854
296000,163.15901164413913
296200,360.32764891545406
296200,366.823739222027
296400,160.67142110701104
296700,169.13011012312404
296700,348.8443421450248
297000,361.1515067221285
297300,356.87030747469873
297400,389.59608500025246
297400,170.15687082508032
297500,15.199510564237348
297900,180.60282406776554
298100,172.3933236542473
298400,382.9508239395292
298600,232.86524973987102
298600,168.17215826873837
298600,363.7786685133682
298800,154.95048693135882
298800,181.3643748251325
299100,375.5757320126009
299100,244.4429340362234
299600,280.3932827276554
299700,185.70040028123836
299700,245.6349982081532
299900,254.34033070992464
300000,288.574699835895
300000,301.7798833504341
300300,187.83402417796984
300400,273.61099980631997
300400,176.0665711849021
300500,16.46442405016225
300500,158.06279891441153
300600,181.56291407864
300800,174.17779060929806
300800,266.48522906305595
301000,377.8240687919872
301000,176.47360694223465
301300,318.52957508957576
301500,340.3603022261052
301800,408.1271543663643
301800,314.6969195135125
301800,191.87782018610537
301900,211.93969224620594
302000,171.48625721259845
302000,177.6655411675139
302200,249.50676128578962
302200,75.60239263227466
302200,172.84372524947216
302600,169.0920835243649
302700,316.10019909662884
302700,381.94289091157566
302900,155.98596717592218
302900,284.07699575188246
303000,246.612526274199
303200,256.86142976692435
303300,286.28667885799354
303400,382.990027280053
303500,388.48103916518113
303600,393.6058175360184
303600,342.1141828132333
303700,264.2810864314244
304100,325.56846139424965
304100,323.418939685816
304300,192.1780599586453
304400,311.69900274911924
304500,363.60097365662574
304500,354.78353648287566
304600,404.2121089647617
304600,302.6543189482445
304700,359.9851623294371
304700,253.5905002797038
304700,322.9178460107103
304700,301.6947286875059
304900,74.44952303189385
305100,285.9821374303879
305200,181.97750702434556
305400,297.54130656097
305700,356.3679445353413
305800,276.32185114665765
305800,307.00512546331703
305900,309.177021244843
305900,380.0560380073317
305900,323.88404252160274
306000,388.43721898226454
306000,332.20277329785546
306000,251.16678112815325
306000,272.5388219795301
306100,286.0800975022598
306200,349.88270644390025
306200,290.02817446245825
306400,275.16616220498736
306600,310.1916778968462
306600,351.0135725918587
306700,227.91528765324733
306800,306.9109930222437
306800,167.6949208763052
306900,384.12505072884926
307000,367.6083383501579
307000,311.21288446347467
307400,382.42624934983814
307500,172.72745270859008
307600,288.5183827120826
307600,320.380186393053
307900,309.02753030065236
308500,28.540135088156333
308600,377.4141213810494
309000,299.48423026074306
309200,282.5334779513062
309300,344.75052701061566
309400,341.11886050147433
309500,331.6954710426346
309700,333.50767889973304
309900,375.8732574701536
309900,365.86365354159943
310000,185.87218081328223
310100,200.7587507076849
310500,168.96057073426212
310900,249.77901968915307
311100,149.1580145660315
311300,362.3870493073264
311400,335.1737382601642
311500,176.95632877118302
311600,348.23305649090025
311900,423.99450050109806
312000,387.59395327769425
312000,349.712209471145
312400,331.26913025811695
312700,336.658910734854
312700,384.3584156024149
312800,338.6212865847132
312900,394.53506049464863
313200,347.5489187157514
313500,385.25876865985174
313600,380.38802759382236
313700,280.2517598950804
314000,352.8056646435034
314100,162.20284267342967
314100,148.35400699431017
314200,328.34789069258716
314200,326.32328186543083
314300,301.7943004729227
314300,331.9446061868433
314400,395.4500387638066
314400,374.08368690421446
314500,343.8407302242873
314600,369.4825402356989
314600,341.3305490299423
314800,391.2942588832003
314900,328.1426487772688
315100,335.0888864623593
315100,298.08824863759213
315200,210.73345911556876
315300,383.681249105859
315500,142.71224913663696
315500,373.8584409608429
315700,319.64271224769755
315800,328.5920170594332
315800,396.04330755618474
315900,351.79179063616516
315900,330.67517062359724
316100,283.9791938443502
316100,217.33531956564283
316200,380.56081432799033
316200,259.0076576126067
316300,293.872103584213
316400,381.9204910882061
316400,151.6928450664626
316400,146.10208643439495
316600,260.05116053736646
316800,238.040488979536
317000,376.5710367133992
317100,37.17138465625188
317200,288.19286035976205
317200,241.13515702095353
317300,38.766276634373305
317500,356.70265732790807
317500,339.94522837276077
317600,348.3585970692841
317600,14.589641035232995
317700,167.33031917960966
317800,329.62279565616706
317800,299.01839099475956
317800,373.5726790427162
317800,351.15733951909544
317900,331.11679602184796
317900,275.8082009334063
318100,393.48198597071547
318100,399.1518225241085
318200,411.7462615325279
318300,356.57939501497145
318300,379.14340973858776
318300,325.5378438338299
318400,423.0475335676817
318700,427.27892703499907
318800,332.0407976268258
318900,350.53840473697505
319100,335.85766152997303
319100,372.1154755242784
319100,359.335835288107
319100,412.0646129560585
319200,40.86510527689175
319300,238.3644191035573
319400,49.15834598005268
319400,42.37594078490066
319400,346.65511590656365
319800,336.7637700975742
319800,313.48108298052654
319800,345.7310581600076
320200,322.7139827936466
320300,272.0088224187303
320300,387.608479040124
320800,253.78610598064003
320800,346.4483996701779
320900,401.8406249158112
321200,347.83392747800326
321300,420.2639600307075
321500,335.11079112741265
322600,339.65328141071296
322900,337.32622633809456
323000,291.58223653948045
323000,345.90179270275206
323300,306.1252042012198
323900,347.0480755329588
323900,304.733174463486
324000,321.84919373681794
324100,352.91035232733225
324100,353.902512891171
324300,318.98454872749835
324300,342.2436236680819
324400,267.22306752978113
324400,352.44562219731733
324700,322.4547473354468
325000,312.3974805674888
325100,321.8643212927365
325200,335.8446426541648
325600,332.9524024745479
325600,305.97440500766174
326100,320.3341095024762
326100,320.6428670515547
327200,324.27898812414963
327300,361.7803000604759
327300,345.5234925832859
327400,326.10598478393615
327500,342.40995775739844
327500,355.20003585072106
327600,309.6451669158783
327700,367.6530688307499
327800,344.36147238822775
327900,356.8763418264658
327900,385.04914047281363
328100,291.35657188336074
328100,342.12816036874455
328200,274.8077741936194
328200,343.52810317822366
328500,402.66317186677344
328500,395.944903003458
328500,394.4281604325864
328800,281.67683543903473
328900,371.04223766322923
328900,369.5053214135221
328900,394.1295809435943
329000,382.9109188175931
329100,382.8301769587005
329100,326.84526714101185
329300,338.3018468334655
329300,401.1210533774052
329700,351.8105147320963
329700,386.51853132003333
329800,382.65704979200683
329800,341.5797731318711
329900,268.6839146127198
330100,390.7599486095853
330200,362.8574150923344
330300,283.02485615897126
330600,323.2218766754198
330600,367.9576456902647
330800,348.2235186656929
330900,338.6292124821378
330900,386.92068113943407
330900,343.0681478629368
331000,337.5280088138553
331100,281.9344879416983
331100,385.4047651865665
331100,337.0558076345812
331100,366.508046257853
331300,373.84788423128884
331300,382.8000712731199
331400,362.42380359670057
331400,303.80872604485194
331600,322.4714084402993
331600,336.1600386864902
331700,306.22446264590803
331900,353.9836487769562
331900,308.7503401685652
331900,357.3884014370308
331900,300.31180114589006
331900,374.4813133920383
332000,319.2512277206046
332100,341.5234444914854
332100,345.6462487737933
332200,306.0656869623557
332400,358.56448848597455
332600,365.87278425128335
332600,299.74581870960543
332600,304.083429286882
332800,352.72396013489606
332800,320.62052831198446
333000,368.0086236783053
333400,363.80621017755226
333900,307.34293047999597
334200,341.7128123872018
334200,307.9957456107386
334300,359.6734977859656
334500,361.4939568892616
335000,275.06136149483206
335000,342.5720429560751
335300,329.67662817884724
335800,292.75951123631546
336200,277.8483290694964
336700,369.94465904426926
336900,339.8663672380505
337000,310.82842890316925
337200,370.99144841482854
337300,289.3572271167469
337500,333.6547448269017
337500,347.9751730102993
337800,326.60860227532316
337900,338.74579562696533
338200,318.8456159976588
338200,307.5447074576673
338600,340.2568229176929
339000,324.10019058289674
339100,319.75701211515906
339400,333.9410020342557
339700,421.91668264489687
339800,302.1048925948138
340000,321.1540243459161
340100,342.47392973387883
340100,322.6648110695446
340200,286.8552507510111
340500,275.8165288685961
340700,257.67078792189346
340800,303.9013413161188
340800,273.49999595191485
341000,286.4800177157977
341100,341.2977067537601
341200,298.7141482280734
341300,400.8349879341128
341400,318.568015494254
341400,260.3349921221568
341500,335.6658936251027
341500,301.71387465094284
341600,303.6981422514994
341700,316.61674556553254
341800,304.1974578664498
341900,338.70798666582056
341900,398.0175702021582
342000,326.1252354391974
342000,332.7560328992274
342200,304.5923959606587
342300,284.215132760591
342300,294.1659723201931
342300,293.85377769851016
342400,295.51856463048335
342600,394.74853548188105
342900,312.87628070256767
343000,354.99741698039503
343400,269.9803814400048
343700,267.17872051114193
343700,349.2711019509126
343700,359.5777777769535
344000,326.0205734781477
344000,363.70443521848483
344100,254.45055390753643
344200,326.3828385610506
344300,333.89597152002204
344300,277.7081782021684
344500,273.3053180192149
344500,353.34431165940913
344500,412.5937707015087
344500,252.52948495342878
344500,295.06599489417636
344700,375.85288052694983
344700,368.4308343598527
344800,251.48861155970516
344900,382.1427415806111
345000,324.0242917382256
345100,284.651685077443
345100,334.8159795709311
345100,344.75889805595955
345100,299.0879207035658
345200,292.55909104274406
345200,282.8237900407763
345200,320.2285963953166
345200,287.27757385121566
345400,337.5401976415257
345600,335.1462495789164
345600,288.0050398012097
345700,310.24027971259665
345800,390.8179815158476
345800,337.0117711383071
345800,301.2951531102504
345900,368.30985710398534
345900,380.8731773262346
346400,388.4578027747007
346800,326.3516546029406
347100,296.0196448629573
347200,254.45661144734348
347300,408.2568683390564
347400,328.6907355288434
347400,295.12939755089087
347500,271.6818976345153
347700,351.15252110254073
347800,287.7157212297849
348000,430.5592053261058
348100,288.3782247930472
348300,358.3387564270457
348800,289.85004825665675
349000,283.7095407178527
349300,278.5784367369117
349600,253.02610001393404
349600,283.96389583174124
350200,272.2760387930168
350900,288.0701536308943
351000,272.6068077060003
351000,352.3005819932683
351000,272.5453744033077
351400,269.221351883273
351600,288.8538969744031
351900,348.5681704527578
352000,295.3739561072581
352300,262.0318333396869
352400,291.2216141947246
352600,309.1780480633296
353000,291.5048248797695
353000,252.30792640342602
353300,297.2567759130587
353300,362.85505188093623
353400,273.6724927753373
353800,295.8225288816656
354100,306.5806080595301
354200,337.26311839325683
354300,316.1527883571266
354500,281.55982980681284
354700,289.2260753653201
354800,411.3284426291437
355000,278.4007112242242
355100,365.53202879634887
355100,361.2148822849676
355100,325.4221892551224
355100,388.14009552684115
355200,321.43326013074625
355300,310.98957426108757
355400,321.2253106313419
355400,367.3894771562416
355800,307.51913294734476
355900,281.77616006283716
355900,288.20812699367116
355900,354.75994159748905
356000,338.85954346017104
356000,390.64045262382535
356100,280.13350062286764
356200,294.05977437887407
356200,308.5458441880572
356500,332.30342314702267
356600,300.62156649468955
356600,299.3931749891903
357000,297.6145376567812
357000,309.8855341793977
357400,275.66836825087296
357600,373.9387600928418
357700,307.205777508098
357700,306.5902735046432
357700,280.0690616381962
357800,314.9598403853869
357900,309.22174695908086
357900,312.4017973050358
358000,320.74526793374247
358100,317.6135153185964
358100,304.305540345315
358200,295.8567297725532
358200,309.45115341214705
358400,294.1605209148421
358600,305.9878662262837
358600,287.7452690384378
358700,312.88462891631985
358700,399.7288664507401
358700,298.65551405626684
358800,358.6848532918897
359000,310.56100333105303
359000,326.09457817583586
359100,297.40138911985207
359100,294.8949308230933
359200,397.5864623905582
359300,303.18879973450555
359300,282.03942011446117
359400,283.67774633803526
359600,363.10276682112317
359600,290.09074161153427
359600,329.58912107870384
359900,264.1993903115643
360100,271.47021314203903
360100,377.6659114496758
360200,267.90166924659854
360500,281.557698748841
360500,313.60126200096926
360700,255.93101171781984
360700,274.4883619903161
360800,249.63277614760216
360900,296.2745222289731
360900,388.2355484934965
361100,305.5268805899999
361200,287.1577996863835
361200,315.18836083787954
361200,258.58375298285637
361300,415.80255826290426
361700,303.1630689084384
361900,304.66154357110446
362000,444.55328477697026
362000,256.46186709398273
362400,317.8028237043552
362900,331.951492748581
363200,322.650505807887
363300,256.85330978312334
363400,259.00483799056934
363700,270.5379732704916
364000,298.4827066999722
364100,348.3682343821987
364500,269.02405400290843
364900,344.19960292456176
365100,288.22689298737254
365100,347.0311776678191
365300,241.03488290451628
365400,276.87470257164625
365500,310.840943343419
365700,321.47167881207156
365800,263.6687809576699
366000,361.7535946096208
366400,272.30516967885893
366500,339.6020802612825
366500,340.97468387690725
366700,245.32429920060756
366700,362.31771562600625
366800,247.57106757234678
367100,325.3583165214528
367500,272.2119250006821
367700,260.5884818493739
367900,360.8429935744445
367900,343.86161436067573
368100,258.79466719885687
368100,337.95623980064636
368400,363.5754127646221
368500,362.5142235563873
368800,355.3488991594147
368800,357.1064085224649
368800,259.7023715089303
368900,352.22081476775605
369200,337.25048140386747
369200,255.36713616395605
369300,262.80580135663047
369400,371.0307487769271
369400,318.4460891268883
369500,293.63169434013804
369600,261.3629915500947
369600,376.50307747835643
369700,321.5288327596626
370000,373.6844420811055
370100,341.2371778444151
370500,290.70276688141416
370800,317.64509518214453
371000,299.9892038170405
371100,354.28237384888166
371100,316.4056256815749
371100,312.3871455798875
371100,337.95205234173136
371200,354.9754000288441
371200,281.11939134421027
371300,257.450085374413
371400,257.0067580286646
371400,317.0302436333639
371400,317.9261206195754
371500,349.9157006456467
371800,298.9182100233047
371900,344.89043916952136
371900,294.6668015749786
371900,376.04128728651614
372000,309.71076669084977
372000,314.6797838316916
372200,306.0556872628897
372200,355.9288526904884
372300,351.9983099769435
372300,242.58618581997237
372400,268.6330060106594
372400,345.32851603650556
372500,377.4129731515902
372700,307.9618808787798
372900,370.1110347734316
372900,361.96862614005494
372900,340.7163335263773
373000,240.01801445254785
373100,310.62248275238795
373200,363.86658521696444
373200,350.19362647397037
373200,285.2926020197978
373300,258.7492416389368
373300,314.6091504195071
373700,283.4256710512018
373700,245.94716739284635
374000,304.409544710326
374000,319.7986966277298
374100,350.63378868450377
374300,275.6040384761827
374400,275.1739459182518
374400,280.26989362548505
374500,235.4364208706796
374500,244.62916715601003
374500,303.18484122629576
374500,337.49281666517453
374600,333.7583365980602
374900,370.73490998803794
375200,256.0231910496445
375900,288.4811037372819
375900,271.28084047509844
376000,250.53896727445246
376200,284.11862003461454
376500,273.86716215504964
376600,256.05450828326224
376700,339.759396918707
377100,347.3862419307748
377200,272.85666089550364
377500,269.31630728203714
377700,260.3413340811315
377700,288.6588082887228
378000,249.38364243078857
378200,250.61488043199674
378300,281.2128210545795
378400,243.121810965505
378400,253.524890091996
378700,228.42768671524036
378900,255.62767082714583
379100,256.7294473148967
379200,243.36177128941043
379400,224.88705264678543
379500,270.1630514171087
379600,253.17368192512825
379700,312.82052896175054
380000,223.92651720932017
380300,246.08749516720846
380300,292.76062816836503
380400,241.80866242979127
380400,251.48546305702345
380500,226.18892197173957
381000,336.74008024048106
381400,251.88898245048912
381500,250.6812770452974
381600,255.51564116581704
381600,252.59758512831806
381700,249.55364973763133
381800,263.5023054065791
381900,267.96009236955194
381900,266.35943796414284
382400,362.3687302078692
382900,333.19532782970975
382900,323.97881337049245
383200,334.02577304151527
383200,334.17621603229503
383300,227.03081317044746
383400,351.96618103610894
384000,363.36187533171847
384000,389.14602495801824
384100,249.03633582532024
384400,361.31627605099
384500,361.21468286371703
385100,378.5376655502075
385200,358.9093068375531
385200,312.4273923703447
385300,392.054570898837
385400,357.335819212134
385400,389.54428068134575
385600,382.42299052678584
385600,406.3173865579442
385700,367.38684764451443
385900,386.51941727414646
385900,341.7151906351593
385900,365.14724348443394
386000,329.4283677109748
386100,374.93007258647975
386100,404.27263636447407
386200,431.0087395264163
386300,419.01616050639046
386300,390.15794335385846
386400,364.57908583249554
386400,356.1937066957642
386600,416.9443106759864
386700,378.209436508202
386700,397.42426471328844
386800,372.31873919546956
386800,347.9047837930077
386900,390.7113580891935
386900,398.23006115184364
386900,377.3976675674318
387400,408.0369466147009
387500,427.2349602687393
387500,383.6052685570184
387700,402.7598150988841
387700,364.093704070899
387800,432.88780142305126
387800,353.7816776219384
387800,379.38393373807645
387900,346.2902695901396
387900,363.56683127623586
388100,342.09483407413245
388100,335.68670547481224
388200,363.35838206307375
388300,328.56634263484466
388600,378.47568238555937
388700,301.15920142863627
388800,328.1010672916307
388800,255.5543704764291
388800,229.04208993704287
389000,264.83631874584944
389100,316.67276985158867
389100,347.4179736966759
389100,384.8637782425639
389100,371.5855587725054
389100,348.1901202112848
389500,432.33678183545925
389500,61.95469317785383
389500,348.66666870259405
389700,333.3348578708706
389800,290.541210641112
389900,220.77500356725008
389900,316.4360498716997
390100,51.44113961606777
390400,269.02997118588024
390700,353.7549531542582
390900,323.44931681457734
391200,314.89992579409176
391200,341.9760089818596
391200,311.01408607020466
391500,270.0326228706501
391600,351.0244800399869
391900,311.5851033415533
391900,57.24508898668484
392000,356.2965907086081
392100,333.19093253197184
392200,269.8704926163136
392300,312.2429472224451
392300,329.18677646627026
392900,293.52719034462166
393000,325.38257176553674
393300,320.5912387869154
393700,341.52192178140984
394100,361.4532079475087
394100,340.53844832188094
394200,303.012587475266
394400,301.39011591789665
394700,369.74959726400215
394900,334.24561378357976
395000,348.9017791379599
395100,306.60771320893446
395400,341.14196462640433
395500,351.1210065264738
395500,246.54614559630022
396000,372.8078254403402
396000,346.7241919828652
396200,363.1690995015453
396400,223.33850857447206
396500,328.6054256080809
396500,344.9370684969512
396700,342.42453942648615
396700,333.0500892297549
396900,348.04303622564726
396900,260.13114813420026
397000,327.6716737438094
397100,248.33108049714082
397100,350.71139533436144
397100,316.04850692993625
397100,212.88338976117743
397200,207.39727533221946
397300,337.8803347091341
397700,29.09558262510125
397900,333.8238324253471
398100,337.3041932191993
398200,339.0046879475378
398300,296.62314729705975
398300,357.18189909456083
398400,221.13113998129018
398500,332.05807636447446
398600,325.8479975325799
398700,321.4877975536958
398800,319.84887643077013
398800,350.4210992988962
398900,328.7746424157518
399000,328.628546129545
399000,224.0903545276767
399000,314.8892994383618
399100,223.78467752217534
399200,330.283824447021
399200,307.75271090328704
399300,226.34295395931522
399300,320.8456635427326
399400,344.0002400363969
399500,356.2903744871071
399600,314.96289525121915
399700,221.06792724747666
399800,340.5306798864495
399800,328.7775212403527
