step,episode_return,has_disturbance
17,83.42650208879428,0
36,84.1340006153512,0
59,105.09556942759302,0
79,88.25103340005934,0
103,110.5407286062972,1
122,83.76459028826302,0
140,77.67980480807032,1
174,149.24644832783503,0
209,150.51924764901753,0
229,88.88195612664312,1
253,108.40942632453023,0
273,87.97348864297732,0
304,139.42928174947846,0
322,78.48046638251589,0
341,83.8045753180566,1
370,128.9046153907182,1
410,187.18052308433903,1
428,78.44683493124481,0
448,89.8205191404635,0
491,202.00515458570104,0
512,93.60606005522413,0
531,84.41029406734008,0
562,144.5209618489171,1
592,136.93143849750325,0
620,127.76880136513628,1
638,78.4729315945288,0
662,110.38321972235596,1
697,160.51317942617598,0
724,124.07331242560821,0
743,83.54576181421649,1
766,97.07612290268887,1
806,189.38298192480056,0
836,125.5542771856983,1
866,138.65389218899273,0
886,89.79067299741082,1
905,83.1021901443102,0
931,113.55013505133834,0
955,104.05450902333538,0
978,102.213538506262,0
1022,206.07129094135325,0
1044,96.96714982618056,1
1063,84.41501027425757,1
1083,89.07646258355304,0
1102,83.25204996057542,1
1122,89.27357204627842,0
1140,78.06853017337485,0
1159,81.46536452791838,1
1177,75.72762975588194,1
1210,148.3621335753658,1
1254,192.44824651671578,1
1272,78.4760052282452,0
1292,88.80506959077185,1
1338,211.31505719465594,0
1368,134.9941464666475,1
1391,104.07737541005363,1
1409,78.30169456198091,1
1428,83.88291313128806,0
1449,94.32896348752637,1
1479,136.66813907700646,1
1502,105.0800007749415,1
1532,138.06882242670704,1
1551,84.49734191073223,1
1578,120.72572258708699,0
1615,176.8914911628242,1
1655,174.79235204940042,1
1677,100.81581123942797,1
1698,95.12604997098468,0
1726,128.43422854123614,1
1746,87.65932130349906,0
1767,94.53373046613953,1
1793,117.42030007805776,0
1821,129.2538784082744,1
1866,205.9977356351893,0
1904,170.80402429622933,0
1922,78.34935320199764,0
1948,122.52103104147066,1
1969,92.5650383745008,1
2022,241.93210379200903,1
2040,78.36233478155408,1
2066,107.84598372891624,1
2101,151.79676463944176,1
2133,139.05615831789407,1
2162,133.19470364210906,1
2180,78.51622262672022,0
2200,88.43828101528909,0
2231,140.73265642307754,1
2262,139.93550887425664,0
2290,131.3918342579468,1
2308,78.27887167767467,0
2338,131.9101313294718,0
2357,83.41735429894572,1
2377,86.15823988603319,0
2415,167.1122541529971,1
2438,104.7180460772767,0
2458,89.22529337883606,1
2480,97.58286591147356,1
2511,142.42375764687935,0
2533,98.92330123013664,1
2563,143.3230408327714,0
2584,93.79929719449942,1
2602,78.15402870240153,0
2622,86.67437722824289,1
2662,177.2307620995666,0
2681,84.12449520638594,0
2704,103.02930203602746,1
2726,95.49459673417122,0
2759,150.17939334469418,0
2792,142.33855694291975,0
2816,110.89576724238722,1
2848,150.85049085390435,0
2867,83.4953198199166,1
2894,124.50853905776836,0
2912,78.73316996522706,0
2932,88.67473954440125,1
2974,183.46746789423466,0
3003,133.5238093294982,1
3026,101.56523526432247,0
3047,95.82210729867808,0
3067,88.78917331762753,0
3090,100.48870882053711,0
3114,97.54952235269921,0
3140,118.157233341394,0
3190,230.05247047362485,0
3213,105.82839552601925,0
3235,100.63357237460863,1
3259,105.84053504446064,0
3278,83.16829736236818,1
3311,147.06232315321805,1
3333,99.85273462343477,0
3364,143.71171541992425,1
3383,83.20594373885291,0
3424,190.92686833634252,1
3443,84.03804378726981,1
3471,125.28595971535283,1
3505,159.04372772231872,0
3523,78.48308344322962,0
3541,75.09333543457151,0
3559,78.33859280051468,0
3578,82.72615416594384,0
3597,83.43793953201961,1
3618,93.7215462795615,0
3641,105.64206345491809,1
3660,83.4687719691002,1
3678,77.71375309444718,0
3705,119.58226270589498,0
3737,149.03191886430184,0
3761,112.70812427642944,1
3784,104.90980539045489,0
3812,126.84877847899551,0
3839,113.44980857500873,0
3859,89.48911504814164,1
3910,227.39397790999288,0
3937,127.52993394850807,1
3960,101.52859064710705,0
3993,140.1664137992971,1
1600,78.78477798817279,1
1600,76.93329480668572,0
1600,78.59748504123051,0
1600,78.30202746496693,0
1600,78.37293240784578,1
1600,77.99220603344419,0
1600,78.11763683673796,1
1600,78.6248318658563,1
1700,83.5285472717718,0
1700,83.7291683596901,1
1700,83.41278130249924,0
1700,82.98319746767287,0
1700,83.07345498532678,1
1700,83.21602220482293,0
1700,82.75078252695056,0
1700,82.62271656305927,1
1700,83.6344637473312,1
1700,83.68105446194213,0
1700,83.8375687706551,1
1700,82.5486007816587,0
1700,83.74118654197912,1
1700,83.97965323390214,1
1700,83.65436926108727,1
1700,82.54225910014235,1
1700,84.68096629938975,0
1700,82.21260357916255,0
1700,83.82542456577185,1
1800,87.83575558794423,0
1800,88.19810453465156,1
1800,88.16370087552046,1
1800,88.33416102646521,1
1800,89.6459356685438,0
1800,89.74934823127312,1
1800,91.89213668200685,0
1800,90.26767570958677,1
1800,88.93538253826908,0
1800,89.4833107682875,1
1800,88.9053213635569,1
1800,86.33175100191235,0
1900,93.31926194149526,1
1900,94.24826258971882,1
1900,92.34747666399706,0
1900,89.05179493053255,1
1900,96.56508285211982,1
1900,92.19789776060713,0
1900,94.07811220061508,1
1900,93.2418415475999,1
1900,93.29307604473074,1
1900,92.52725606071743,1
2000,95.52514115851459,0
2000,97.87193587407255,0
2000,101.05566268573615,0
2000,97.02182957389724,1
2000,100.9740132335452,1
2000,94.3797873150272,1
2000,92.70021647216632,0
2000,99.91834130775503,1
2000,101.16274667507275,1
2100,105.82173825811438,0
2100,103.84510535111151,1
2200,105.45085275322356,1
2200,106.9934889608747,1
2200,102.83004114880018,0
2200,110.62926785126454,0
2300,114.7322038799754,0
2300,110.83537037340886,1
2300,110.20180111922498,0
2400,116.50821363243249,0
2400,117.93002709704143,0
2400,117.6618413113955,0
2400,112.88152829182297,0
2500,117.04698502220268,1
2600,133.97076605521383,0
2600,123.56444565391448,1
2600,133.6262524783647,0
2600,128.6163826040841,0
2600,126.37289281384459,1
2600,123.31778474627686,0
2600,130.14361444950907,0
2700,130.9792722737703,0
2700,131.69415360191607,1
2700,136.30785258709616,0
2700,120.97782961942718,0
2800,137.8739128036229,0
2800,126.57859571249637,1
2800,135.02678850254728,1
2800,120.9164766875742,1
2900,142.87775052073226,0
3000,150.24732329877247,0
3000,153.68489002719485,0
3000,148.40840658208407,0
3200,163.47877111396656,1
3200,160.93777730824132,1
3200,143.77144732776128,0
3400,77.51228794948148,1
3500,84.8134506875505,0
3500,79.07087151293753,0
3500,78.14600609226552,0
3500,164.54273150141393,1
3500,167.64564247688637,1
3600,78.67979682371498,1
3600,84.2887596807985,0
3600,87.23332240491831,0
3600,172.31470314280696,0
3600,82.8380549409057,1
3600,83.61171081706857,0
3700,89.20377916733068,1
3700,83.28939704977829,1
3700,178.6638880388914,1
3700,77.85875547111245,0
3700,78.41713001036692,1
3800,78.40271697934335,0
3800,89.11127440483305,0
3800,78.44641725014772,0
3800,179.0395246906675,1
3800,89.75694848257817,0
3800,92.33739679320925,0
3900,177.7954175070898,0
3900,98.0780776002767,0
3900,93.4157460267336,1
3900,89.55714489620078,0
4000,101.45507482487416,0
4000,83.1609260904734,1
4000,88.31297243989474,1
4000,100.49588265162919,0
4000,103.64641313225579,0
4000,88.09801551757808,0
4000,91.00060949479708,0
4000,97.73797365654762,0
4100,81.87385682209903,1
4200,111.40986956175267,0
4200,77.75009645611512,1
4200,84.77933299900607,1
4200,109.28017599805081,1
4200,113.24871639272908,0
4200,93.76065463157984,1
4300,90.02292405000735,0
4300,116.92407640894436,0
4300,83.48570255139448,1
4400,115.73161103430837,1
4400,120.91081303593623,0
4400,109.94668102649064,0
4400,107.93590536434472,0
4400,78.4679852913859,0
4400,118.6071171964676,0
4500,83.50758469635288,1
4500,105.13440858950841,0
4600,78.10861597422455,1
4600,132.60019595602148,0
4600,132.68516369857844,0
4700,93.08002236432476,0
4700,104.82530237052329,0
4700,82.7003900284717,0
4700,123.51294377063871,1
4800,132.05799299455887,0
4800,132.26044967773515,1
4800,141.99641102805887,0
4900,145.1628188676521,1
4900,104.4833115066875,1
4900,133.84462044293633,0
4900,104.1752692547738,1
4900,122.6492840934462,0
4900,96.42798960838259,0
5000,137.47960183596996,1
5000,141.9927015557947,0
5000,128.52223271582042,0
5000,78.40412022598201,0
5100,94.89296712676379,0
5100,125.92365814321744,0
5100,121.55176486454708,0
5200,135.0370396988046,0
5200,148.1265130476324,1
5300,102.94684651395363,1
5300,72.88667166196008,1
5300,157.59990512273598,0
5300,121.89729561579884,0
5400,78.41332063671369,1
5400,175.42335841464603,1
5400,111.29570552676655,1
5500,84.27203430452379,0
5500,77.49009472701863,1
5500,104.31597166326038,1
5500,83.7100951887619,1
5600,162.6400800873421,1
5600,83.53251707871607,0
5600,78.89823060349347,0
5700,125.28013550325552,1
5700,78.78005024223286,0
5700,83.26813386498931,1
5700,89.49774499937615,0
5700,115.93082156784712,1
5700,190.60277971245512,0
5700,100.39250806506233,1
5700,191.68812687482367,1
5800,89.68979133758573,0
5800,91.6742773474491,0
5800,140.43743438659578,0
5800,174.43924736650106,0
5800,102.58580337036496,1
5800,79.24232043778866,1
5900,151.76633135600719,1
5900,94.88547718686311,1
5900,95.14876306735763,1
5900,94.96713691343348,1
5900,183.73892989628285,1
6000,159.52041463727366,1
6000,194.9902640108859,1
6000,89.98305428157018,0
6000,103.53130243863319,0
6100,99.71602984849537,0
6100,185.5601350393676,0
6200,89.27843800708914,1
6200,97.9851125865795,0
6400,106.88570942027388,1
6400,84.43618005393917,1
6400,100.26923502773236,1
6500,106.19640143566598,0
6500,95.35245170134937,0
6500,179.41282253249673,0
6500,96.19978580381752,1
6600,139.74905044466354,1
6600,117.86790391091205,1
6700,123.61547397028923,1
6700,149.28052902405327,0
6700,99.43017013100027,0
6800,99.96497853305056,1
6800,116.3325759231621,1
6800,95.4352512865375,0
6800,147.16848701088952,1
6800,122.05744044891934,1
6900,126.08427460908426,0
6900,99.30287723724182,0
7000,93.48639200375104,1
7000,206.30533526415599,0
7100,105.67158694926316,0
7100,210.69185353243353,1
7100,124.90677592667805,0
7200,161.46731451973054,1
7200,100.79738304339979,1
7300,105.50840771945248,1
7300,134.17798040694782,0
7400,123.66858077167399,1
7500,129.684827686418,1
7500,146.38664795535732,0
7600,109.83288499015211,0
7600,152.11925069117228,1
7600,105.2178729223644,0
7600,125.47462439654568,1
7700,89.89973773268889,1
7700,175.2676181365697,0
7800,123.22049063625524,1
7800,176.719113959822,0
7800,96.38747560516614,1
7900,138.8648114444288,0
7900,126.16316231177234,0
7900,102.21109933825807,1
7900,113.17774349447983,0
7900,138.19252400412023,0
7900,138.31619142539688,1
8000,123.24302495094207,1
8000,147.03227045089974,1
8000,110.28961973554732,0
8100,153.11906692084185,0
8100,111.11024346641298,0
8100,131.1202273957903,0
8100,152.5644954169689,1
8200,155.57495031706335,1
8200,125.63643278317815,0
8200,122.09258397253456,1
8200,229.44931977542137,1
8300,119.0627870361135,0
8300,122.8312131622343,0
8300,272.5147739045495,0
8300,173.9727811836321,1
8400,129.1562837308671,1
8400,111.7957685694807,1
8400,173.75030706894157,0
8400,143.5182531399639,1
8400,191.2001978806313,0
8500,145.59594033185365,0
8500,148.65291317654524,1
8600,141.05844721168384,0
8700,146.35738178720598,0
8900,221.68034219970468,1
8900,105.68551623743305,1
8900,139.57064216348965,1
9000,151.50422252762564,0
9000,167.9437443931935,0
9000,133.95285026955466,0
9100,147.0422338231971,1
9100,123.16563217690347,1
9100,104.50924230576472,0
9100,155.18807388407396,1
9100,125.60371988809221,1
9200,96.15503284580095,1
9200,152.303160709824,0
9200,85.67027530843302,0
9200,148.9469312469694,0
9300,166.41439163011918,0
9400,135.8794502012843,0
9400,141.21417059271332,1
9400,127.6864451764125,0
9600,153.04963327255004,0
9600,221.1822923584792,1
9600,250.24044973214006,0
9600,122.44203038389777,0
9600,127.64995745828176,1
9700,138.12581655411933,0
9700,115.87956180679203,0
9700,107.59216835042561,1
9700,148.35120245792592,0
9800,300.85300500545736,1
9800,145.58156762279552,0
9800,142.57367418565372,1
9800,136.8412794579202,1
9800,180.8222146537714,1
10000,117.5298129060806,0
10000,94.18737525675967,0
10000,147.36928607584352,0
10000,159.75561538610268,1
10000,101.58495106034441,1
10100,89.6277140546718,1
10100,95.64719135793057,0
10100,258.7833932223813,1
10200,104.54347628041954,0
10300,240.92510072624327,0
10400,180.14225468190918,0
10400,275.1674965512377,0
10400,292.7363360483467,1
10400,98.70246302026415,0
10500,98.27527650569856,1
10600,320.84466859391904,1
10600,162.08063862348124,1
10600,152.99363280454892,1
10600,137.76425067892188,1
10900,150.6357324674029,1
10900,141.25510554541447,0
11000,138.74262906417508,1
11000,213.78412543668364,1
12100,315.7918660688885,1
12400,333.11888121182716,0
12500,212.74054724315025,1
12600,195.51833950886532,0
12600,274.8445366753209,0
12700,326.4670172264949,0
12700,192.49495945340325,1
12700,304.92218550340385,1
12700,186.0384510528912,0
12800,332.4382502074787,1
13100,355.69579765403006,0
13200,217.9624738431168,0
13200,348.76436562124803,1
13400,269.656185155568,0
13500,299.34420165435944,1
13500,214.7486294366059,1
13700,275.8488138070473,1
13700,333.782880200647,1
13900,283.8173141903191,0
14000,411.8447574320769,0
14000,261.16994305968626,0
14100,386.8139486656323,0
14100,272.8744055231269,0
14400,246.61339328120326,1
14400,268.42689656618677,0
14500,362.9910817636582,0
14500,292.49765514799316,1
14700,324.7740113064085,1
14700,258.2447264001333,0
14700,314.0296571191914,0
15100,359.0277296120847,0
15300,295.6397906809176,1
15300,286.2131373947905,0
15300,282.6309571598061,1
15300,284.61478749702286,0
15400,302.4982077851962,1
15400,365.2774147632339,0
15400,301.0603657439657,1
15500,280.740958454539,0
15500,317.66609178531183,1
15600,277.92564892977884,1
15600,277.90531596043735,0
15600,283.2022258585474,0
15600,286.82221779469955,1
15600,303.32052346136544,0
15600,323.88062239809284,1
15600,240.63591776027278,1
15600,285.9410778610843,0
15600,310.04185732540014,1
15600,282.27470978994097,1
15600,294.66322770214987,1
15700,261.01462637561195,0
15700,270.5091199601719,0
15700,279.6208680952611,0
15700,432.8839319362648,0
15700,264.65891226210266,0
15700,262.149495804656,0
15700,280.38581160622067,0
15700,248.03942817055972,1
15700,282.242486672069,1
15700,336.55609164348465,0
15800,368.1107238788187,1
15800,134.31600065606588,0
15800,130.2750102993133,0
15800,243.74028267459678,0
15800,313.3867544507517,0
15800,106.72108546215853,1
15800,263.71829908461035,1
15800,133.50231882375476,1
15800,253.15176513494956,1
15800,138.02623332277338,1
15800,316.3429495031546,0
15800,236.92934886785022,1
15800,95.32978434583617,1
15800,271.25706505614136,1
15800,257.5146576748574,1
15800,316.63979777972304,0
15800,297.20260824120464,1
15800,216.49304626654128,0
15800,276.5452571442907,0
15800,367.4672238141921,1
15800,129.47534591303616,1
15800,142.58949176750932,1
15800,125.13477429167955,1
15800,71.49702869251618,0
15800,241.1412332602691,1
15800,71.29039574646423,1
15800,241.7792283789425,0
15800,273.8352767650566,0
15900,98.64788244368134,1
15900,235.61473344742126,1
15900,98.90518807195845,1
15900,61.30514376495003,0
15900,360.32273498188675,1
15900,91.10785146975219,1
15900,259.73847447572825,1
15900,115.76378436717778,1
15900,316.8245443455965,0
15900,266.3881052235297,1
15900,216.03979037528114,1
15900,270.6148713914238,1
15900,342.3487415618537,0
15900,227.67117019079535,0
15900,108.0954377617798,1
15900,346.42014049520105,1
15900,343.12511958456145,0
15900,145.79228933468988,0
15900,232.08163925003728,1
15900,372.68910775964633,1
15900,245.15399438824514,1
15900,285.8180066955982,1
15900,221.78527964608634,0
15900,164.4158313689979,1
16000,357.2792148742459,1
16000,66.35565955954904,0
16000,137.0766315627489,0
16000,82.94361651806523,0
16000,94.34657221516092,1
16000,60.796145509752996,1
16000,410.44906761907464,0
16000,61.28438766573976,0
16000,340.6809442000061,1
16000,84.60422562886572,1
16000,351.9948392660222,1
16000,402.055634915152,0
16100,401.3823970617845,1
16200,59.784173684048696,0
16200,61.54325741877002,0
16200,59.031943073077095,0
16200,92.10401364217464,1
16400,49.56393211091236,1
16600,50.88931240027354,1
16700,56.6165886506733,0
16700,56.71545470311628,0
16700,55.433458277789896,0
16800,56.53396923902805,1
16800,56.686914239018066,0
16900,60.85520687162151,1
16900,51.93298164115231,0
16900,56.91996257614108,0
17000,56.801849597044374,0
17000,56.312657969672486,1
17000,56.15949014366468,1
17000,57.04151992085402,0
17000,61.44449346890054,1
17000,56.75353528026752,0
17000,56.43218005457469,1
17000,56.25435230870572,0
17000,55.4566759562376,1
17000,56.73240409903833,0
17100,56.75822389628184,0
17100,61.19285355925413,0
17100,56.44935007301326,1
17100,56.381790200817306,1
17100,55.78149473702463,0
17100,56.72922218751126,1
17100,55.913089401670184,1
17100,56.875901980685626,0
17200,56.10810966583939,0
17200,54.62641243720028,0
17200,56.99105479576529,1
17200,55.93410994008145,1
17200,54.055718969209856,0
17200,56.906674392734836,0
17200,61.84738573059773,0
17200,56.9880724951135,0
17200,56.30512543751558,1
17200,56.25863716798084,0
17200,56.19481616224146,0
17200,56.43575919533975,0
17200,51.90990303840446,0
17200,56.566661983232976,0
17200,50.07069893972669,1
17200,56.39075061410503,0
17200,57.02060465016619,1
17200,55.671322592590364,0
17200,57.17294270756416,1
17200,55.026292137485335,1
17200,57.006358302057365,1
17200,56.69241484490078,0
17200,56.33789182324117,1
17200,60.96998093238619,0
17200,56.922325250343754,1
17200,60.79596666649708,1
17200,56.51569300054989,0
17200,56.54240656031468,0
17200,57.01089344528616,1
17300,61.336081412137176,1
17300,57.20990890761632,0
17300,55.739333713815086,1
17300,55.85824969675131,1
17300,61.78962584070185,1
17300,56.992312260792865,0
17300,55.643005527966096,0
17300,56.196905667489006,0
17300,56.88457053884988,0
17300,55.370583459333396,1
17300,56.565911109408184,1
17300,55.92445364363101,1
17300,57.16951420685617,0
17300,57.05002881292552,0
17300,56.9509571393131,0
17300,56.78455279093137,1
17300,56.37590460652809,1
17300,56.52514091536587,0
17300,61.64873445004795,0
17300,56.039099058435035,1
17300,61.46689864806666,1
17300,55.88298020507283,0
17400,56.86412998791411,1
17400,62.016056734213485,1
17400,57.02962176138883,0
17400,57.21713433600029,0
17400,57.14968922366128,1
17400,61.638183288137355,1
17400,56.45774618841141,1
17400,56.47316173623383,1
17400,54.79228395832864,0
17400,61.59101946188319,1
17400,56.85927016832803,0
17400,61.586597228684816,1
17400,56.796108487198964,1
17400,56.79095083813638,0
17400,56.3227393147652,0
17500,60.76704387207457,1
17600,61.71487863242957,0
17600,56.400949026581024,1
17600,56.07005332961227,1
17600,56.46034498628737,0
17700,61.8595842886046,1
17800,56.61741299249771,1
18000,55.947573194772865,1
18100,56.682375139592374,1
18100,56.45868653251074,0
18200,55.93396685550385,0
18200,55.2790790116102,0
18200,61.53898905213781,1
18300,55.24263785912897,1
18300,56.807246426592705,0
18300,56.85652264031193,0
18400,55.81841057993141,1
18400,56.279352418460164,1
18400,57.04206127987788,0
18400,57.025643484111605,0
18400,55.80313643133014,1
18400,56.759989505946955,0
18400,55.93646487504545,0
18500,52.165381325823425,0
18500,57.043756403930274,0
18500,56.58041099251628,1
18500,61.7169457169266,1
18500,49.82726821272232,1
18500,60.68572793309625,0
18500,55.34642814995192,0
18500,51.92521042820239,1
18500,56.8202148272308,0
18500,56.60953753876054,0
18500,61.480087841418495,1
18500,51.090775887319644,0
18500,56.63864175723513,0
18600,61.45622402902011,0
18600,56.56420894523838,0
18600,55.26311924305828,1
18600,55.16375612859065,1
18600,53.79492935354246,0
18600,56.818516994837466,1
18600,55.7247446420314,0
18600,53.083080752729174,0
18600,56.57077178202475,1
18600,55.8507255190378,0
18600,54.238727962284415,1
18600,56.01580922206364,1
18600,53.32308734333648,1
18600,56.64895724413965,1
18600,57.02442467495657,1
18600,56.46958951679497,1
18600,48.47415575344358,0
18600,57.02905166708861,0
18600,56.808413972598,1
18600,48.66341882830949,0
18600,56.10090661147466,0
18600,56.47933117718592,1
18600,57.1018956587523,0
18600,57.17256255601087,0
18600,56.82462107540924,1
18700,56.38438679651068,0
18700,61.71231332741586,0
18700,55.87484155426632,0
18700,55.49598248249903,1
18700,57.038065837973875,0
18700,56.81560790139176,0
18700,56.46733800825559,1
18700,57.120900977017016,1
18700,62.25922334675827,0
18700,55.635047786884684,0
18700,60.87162792001109,1
18700,56.947434446297045,0
18700,60.922065997180226,1
18700,56.63852885201621,1
18700,51.56748446007315,0
18700,55.89961036895949,1
18700,56.244691183108216,1
18700,56.970157620201554,0
18700,56.764359243754654,0
18700,56.14539870948078,0
18800,56.40251801446761,1
18800,56.469286760252814,1
18800,55.97405088177244,0
18800,56.8304786024074,0
18800,60.763168604313066,1
18800,56.78154327860107,0
18800,56.707016304709995,0
18800,56.128257343559525,1
18800,61.353641956052606,0
18800,56.97686809362035,0
18800,59.677767177996735,1
18800,56.84747793100164,0
18800,56.014306295947264,0
18800,55.89245941958017,1
18800,62.02458402452975,1
18800,56.55880189091963,0
18800,55.22390277801543,0
18900,56.21742514557411,0
18900,62.15392217446708,0
18900,61.71239327724742,1
19000,56.70537787020826,0
19000,56.815108337698405,0
19000,55.55458620808909,0
19100,56.56360737026829,0
19100,61.86632576332689,0
19200,56.686052401959564,0
19400,56.16242013040674,1
19500,56.682683608637724,1
19500,56.2300806941539,1
19600,56.20243832568534,1
19600,56.57368979550633,1
19700,56.398498196238776,1
19700,57.00196153526021,0
19700,61.43089601012731,0
19800,54.83376579965882,0
19800,56.313332175825835,1
19800,56.53510137171929,1
19800,56.43166803198721,1
19800,61.95754986260959,0
19900,54.970225381370476,1
19900,56.87798401479333,1
19900,56.56423934895,0
19900,61.49323025841131,0
19900,55.0424726180118,1
19900,56.492585784739255,0
19900,56.763850865120155,0
19900,62.01194098180327,0
19900,57.134218746279366,0
19900,56.40471458071524,1
19900,56.279658696889676,0
19900,56.880032318367604,0
19900,61.78121048079668,1
19900,56.829132185896775,0
20000,56.42799956583556,1
20000,56.56607948372671,1
20000,55.01547616018137,0
20000,56.72464580327975,1
20000,57.04773681965259,0
20000,61.39190350068929,1
20000,56.120308254917646,0
20000,56.70490478956622,0
20000,56.582287998158975,0
20000,57.06058605850792,0
20000,56.410510740843094,0
20000,56.70269757072347,1
20000,55.766369878312005,1
20000,57.02571530730252,0
20000,60.94639102537349,1
20000,50.77741321770387,0
20000,55.50012479525747,0
20000,57.15001160302411,1
20000,56.80396567785191,1
20000,57.06417958608179,0
20000,56.97500447549108,0
20000,56.57040082187424,1
20000,55.05702972211914,1
20000,56.48442655963036,1
20000,57.20370174678725,0
20100,50.035464299685316,0
20100,56.85980369944866,0
20100,56.803244655187946,0
20100,56.94175857254151,1
20100,56.85884395469369,1
20100,56.46631386496959,1
20100,55.917765450883984,0
20100,56.67009120433842,1
20100,55.59545166269162,1
20100,56.58315264885287,1
20100,55.513618081221566,0
20100,61.25003021451584,1
20100,56.19906566026498,1
20100,61.81605064783278,1
20100,56.87130638858185,0
20100,56.6916158773194,1
20100,61.35305799653877,1
20100,56.73141759040355,0
20100,57.034544806331525,0
20100,57.05204021662928,1
20200,56.74940239558464,1
20200,61.77111779686401,0
20200,56.48659033652059,0
20200,56.7887958107835,1
20200,55.87001479021578,1
20200,56.8846143746824,0
20200,56.96107906533553,1
20200,56.61693864789555,0
20200,56.82128299710735,0
20200,56.53773857380908,0
20200,56.59396694762088,0
20200,56.33618084221811,1
20200,57.119742092606266,0
20200,61.058094853696815,1
20200,55.70265226477557,1
20200,56.917586693309524,1
20200,56.33651508986523,1
20200,61.62455143201918,1
20300,56.41225561043026,0
20300,56.40576649401188,0
20300,61.19682043403595,0
20400,56.840403169704885,0
20400,60.5793558654372,0
20400,55.964631390893686,0
20500,61.52251874486324,1
20500,56.58248715876983,0
20500,56.39515575407983,1
20600,56.77949273289295,0
21000,66.56193079099593,0
21100,66.5699551741763,0
21200,66.61974957711357,1
21200,71.5127380088996,0
21200,66.55621859361906,1
21300,66.25115823504427,1
21300,61.62279249706738,0
21300,66.4897908885953,1
21300,61.81265058407161,1
21300,61.67440628493976,1
21300,66.51325940547291,0
21400,62.04936722658964,0
21400,66.54786806457372,0
21400,62.07192704295506,0
21400,61.647819153561734,0
21400,66.72474296935646,0
21400,61.75159678293654,1
21400,61.58809516872687,1
21400,61.78938756715283,0
21400,61.58213233981946,1
21400,61.6995402488748,1
21400,62.03119139555023,0
21500,61.96160930080608,0
21500,61.86844929443374,0
21500,66.55121452070641,0
21500,61.91304043147023,1
21500,66.56113859971578,1
21500,61.878740478073134,0
21500,61.71007379256482,1
21500,62.0222436798864,0
21500,66.43278245858971,1
21500,61.93251089505194,0
21500,61.782513562392595,0
21500,61.81265605788761,1
21500,66.53327263762476,1
21500,66.79520203026233,0
21500,61.50614517304359,1
21500,61.72229384582148,0
21500,62.1045129744559,0
21500,61.84942971198998,0
21500,61.81877213908622,1
21500,61.73837521513223,1
21500,61.7764673631298,1
21600,61.68133184017958,1
21600,66.79731213277016,1
21600,66.36257470315098,1
21600,61.981168431007056,0
21600,66.44469208011539,1
21600,66.47454420921373,1
21600,62.003773860868584,1
21600,61.57991722070866,1
21600,61.80857644664734,0
21600,66.50876106827624,1
21600,61.869364687404,0
21600,61.87871367270064,0
21600,66.79640079928808,0
21600,61.73108107332407,1
21600,61.97313684114784,1
21600,61.934710019990156,1
21600,61.778569752199076,0
21600,66.75402470010756,1
21600,66.84868487378036,1
21600,62.04078428896206,0
21600,61.58799838852219,1
21600,66.51235792655018,0
21700,61.71452740214361,0
21700,66.65419655110416,1
21700,62.03608621201142,1
21700,62.00083833629662,0
21700,66.51875974773156,0
21700,61.71356691841525,1
21700,66.72253170989157,1
21700,61.888274836774436,0
21700,62.0873504736085,0
21700,61.795454539579524,0
21700,61.980281981789,0
21700,66.41433428392563,1
21700,66.72114095101271,0
21700,66.70362748769087,1
21700,61.87411264143408,0
21700,61.82697050680743,1
21700,62.220283758930854,0
21700,66.48617826193437,1
21800,66.61575303382966,1
21800,66.50151664709412,1
21800,66.52796626570874,0
21800,62.00008832169994,1
21800,66.56345818191008,1
21800,66.63009778874424,1
21800,66.79959004518642,1
21800,66.74018917605902,1
21900,62.04667508836802,0
21900,66.82080788189322,1
21900,61.904107350040825,0
21900,66.44674040105983,0
22000,66.66409758246178,0
22000,61.98888558218306,0
22000,61.69203223294246,0
22100,61.80645427758251,1
22100,66.57536278115374,1
22500,61.68433435153432,0
22600,61.96833271794527,1
22700,61.64687445720495,0
22800,66.34461871853692,1
22800,61.70520418566168,1
22800,62.091566123760884,0
22800,62.06956860504981,1
22800,66.76787121377845,1
22800,62.08078408659196,0
22800,62.079651651425785,0
22900,61.52163869762622,1
22900,61.719661739155576,0
22900,61.76221273900773,1
22900,61.71669417165122,1
22900,61.893908122889684,0
22900,61.757954270711174,1
22900,61.81072220531156,1
22900,66.46434905086694,1
23000,66.61083103313679,0
23000,66.52198713535532,1
23000,62.21856338980464,0
23000,61.8713819299935,1
23000,62.00841991371371,0
23000,61.7880906635655,0
23000,66.65950061708338,1
23000,61.78365656337971,1
23000,62.099792752152375,0
23000,61.538063054762205,1
23000,61.78786475609077,1
23000,61.82476112303717,1
23000,66.47615722900167,1
23000,61.832099080090664,1
23000,61.96900972296629,0
23000,61.80965724937918,0
23000,62.03347518042517,0
23000,61.516844132585696,1
23000,61.92764620661144,1
23000,61.922843971005236,0
23000,61.810884793547004,0
23000,61.60727658958613,1
23000,61.907172781883645,0
23100,61.720047687520726,1
23100,61.93262259930173,0
23100,61.94664010711674,0
23100,61.80449898497533,1
23100,62.12266481018822,0
23100,61.93315105241135,0
23100,61.82045609407291,0
23100,66.61684861064278,1
23100,61.594926392785766,1
23100,61.90119524781256,0
23100,61.69148639311631,1
23100,61.64357963334522,0
23100,61.704380066153085,0
23100,61.91249391794319,1
23100,61.73017979770963,1
23100,61.904950363560054,1
23100,61.58651610665536,0
23100,61.90146599984663,1
23100,66.70501789000468,1
23200,66.3609639357904,1
23200,66.4463350873654,1
23200,61.642984598332454,1
23200,66.75160451013743,1
23200,66.32768586632568,1
23200,61.8305409286665,1
23200,61.91964856113857,0
23200,61.866738683843145,0
23200,66.86271506308155,0
23200,61.95909161880739,1
23200,61.95001164490861,0
23200,61.75091484935886,1
23200,61.81657656281476,1
23200,61.972155777960666,0
23200,62.035843950386536,0
23200,61.93203817840909,0
23300,61.64095679132632,1
23300,66.83691824761812,0
23300,66.75746576567485,1
23300,61.823921565556056,0
23300,61.810672776386426,1
23300,66.36855183940362,1
23300,66.56758951502172,1
23300,61.84281177286995,1
23300,66.51554599773422,1
23300,66.73864843078985,0
23300,66.70445502054636,0
23300,62.074810434740584,0
23300,61.8958422541449,0
23400,66.47247887096293,1
23400,66.41406818076194,1
23400,61.925650086426494,0
23500,66.77178991504925,1
23500,66.48282981029685,1
23500,66.52968571106462,1
23600,61.74920902871116,1
23600,66.87822205489844,0
23600,66.37378940527157,1
23600,66.45676383040546,1
23700,66.77726064146421,1
24000,61.64371010186556,0
24100,61.9744243408135,0
24300,61.836979345149466,1
24300,61.78545480566768,1
24300,61.99608333891147,1
24300,62.15636368210899,0
24300,61.787522078616725,0
24300,66.86476988772166,0
24400,61.84161892177947,0
24400,62.14535456257774,0
24400,62.115150182554885,0
24400,61.742119581928286,1
24400,66.72523711928751,1
24400,61.90094588622373,1
24400,62.03271768241063,0
24400,61.597605959613254,0
24400,66.63934641915417,1
24500,61.87709191767098,1
24500,61.742352067740505,1
24500,61.74822607134998,1
24500,61.80186153905867,0
24500,61.90155317240474,0
24500,61.770103515041676,0
24500,62.036782410463395,0
24500,61.75982901991561,1
24500,61.973820131839325,1
24500,61.97706459724145,0
24500,62.1372906851018,0
24500,62.149686201776,1
24500,61.85348580111139,1
24500,61.82982892836935,1
24500,61.86181724280148,0
24500,61.70872504214908,1
24500,61.95393347649693,1
24500,66.69150915176222,0
24500,62.16564846673874,0
24600,61.90253330667495,0
24600,61.99489484653794,0
24600,66.61782932663787,1
24600,66.50568346142836,1
24600,62.00923866272455,0
24600,61.840855803043105,0
24600,61.963452438559735,0
24600,61.68609352823153,0
24600,61.923779104264376,1
24600,66.75828099076944,0
24600,61.97688566967417,0
24600,61.834151760327096,1
24600,61.81794565691622,0
24600,66.84176199668704,1
24600,66.58353601272195,1
24600,61.907972432997575,0
24600,61.63699994634335,1
24700,66.4948728138509,1
24700,61.642444377942105,1
24700,61.90360362113498,0
24700,66.69491306505535,1
24700,61.89592573709724,1
24700,66.64702063410793,1
24700,66.59251839408608,1
24700,61.96946447599129,1
24700,66.74221357125832,1
24700,61.74417327467061,1
24700,61.90438539787806,0
24700,61.76168651294433,1
24700,61.76137133433822,0
24700,61.94007292900025,1
24700,66.52900277848774,0
24700,66.52666019631258,1
24700,61.65655795164367,1
24800,61.83763018328618,1
24800,66.52963095322865,0
24800,61.72298961975574,0
24800,66.71330752632834,1
24800,61.84922329568971,0
24800,61.72910452513618,0
24800,61.848396006491676,1
24800,61.97773278276432,1
24800,61.841186420924295,0
24800,66.60915651292471,1
24800,61.78547384894099,0
24800,61.691947483058684,1
24800,62.04130101304355,0
24800,66.61973594361979,1
24800,66.71140599306182,1
24800,66.50041240250629,1
24900,66.59012475452968,1
24900,61.841193057350736,1
24900,66.76080612654272,1
24900,66.64301619468539,1
24900,61.91888148856536,1
25000,61.98626992272407,0
25000,66.7954627432841,0
25100,61.78394733698014,1
25100,66.6912845543335,0
25100,66.89539876843729,0
25200,66.70150022140979,1
25200,66.60922337783134,0
25200,61.87680035958524,1
25200,66.56004393177521,1
25600,66.49565233033827,1
25700,66.44431619776682,1
25800,61.94076365127983,0
25800,61.8341304123928,0
25800,61.86798472080949,1
25900,61.64699883114707,1
25900,61.759655943811076,1
25900,66.43242010461039,1
25900,61.89144065896343,0
25900,61.488317885892414,1
25900,61.99386728878924,0
25900,66.4987557833718,0
25900,66.4623107470733,1
25900,61.62694469926206,0
25900,61.72203242054634,1
26000,61.87389582171993,1
26000,61.67120992812491,1
26000,61.82689492993211,0
26000,61.70866417859635,1
26000,61.76523326654324,0
26000,66.83658289327117,0
26000,61.77345660208351,1
26000,61.950346525170794,0
26000,61.83506298117601,0
26000,61.536769242465866,0
26000,61.57341410565697,1
26000,61.87087269424235,1
26000,62.04367570661496,0
26000,61.77110892693588,1
26000,61.991746638615176,0
26000,61.87737607788355,0
26000,61.775200130426946,1
26000,61.66703648647372,1
26000,66.59398584563435,1
26100,61.83754313844754,0
26100,61.9154947104767,0
26100,66.45712728156865,1
26100,66.81409940354415,0
26100,61.80478025100746,1
26100,61.84239020316,0
26100,61.59878849756295,1
26100,62.01276211242219,0
26100,61.86506776580907,0
26100,61.532809599430045,1
26100,61.919236974073904,1
26100,61.66439640001839,1
26100,61.972745660918044,0
26100,61.8370721539487,1
26100,61.77939210826351,0
26100,61.73661507348715,0
26100,61.69409577725353,1
26100,61.87003177962246,0
26200,61.923137254573746,0
26200,61.89193921485214,0
26200,61.57299243808874,1
26200,61.815689119050624,0
26200,61.481077429442,1
26200,61.8915028623475,0
26200,61.79256787130975,1
26200,66.5454886232718,1
26200,61.64882349569235,0
26200,61.69991102640241,1
26200,61.846976595535835,0
26200,61.9853135267069,1
26200,62.010496032134164,1
26200,62.109819435888156,1
26200,61.77483799940629,1
26200,61.957527626333,1
26200,61.91500971545601,1
26200,61.80226914702719,1
26300,61.65957669269548,1
26300,61.80748722453981,0
26300,61.944488089708805,0
26300,61.84473336412883,0
26300,61.729742032278956,0
26300,61.79125919205746,0
26300,61.63084556901482,1
26300,62.0107280762118,0
26300,61.70141529439184,1
26300,61.82091531520049,0
26300,61.82957057800069,1
26300,62.0187134433412,1
26300,61.71131952136127,1
26300,61.926019796877604,1
26300,61.73116167364384,0
26400,61.73815745971987,0
26400,66.3149532874289,1
26400,61.600555499699084,1
26400,61.963036319052144,1
26400,61.840777307443275,0
26500,66.74137391403124,1
26500,61.914503722894246,0
26500,61.72371813999592,1
26600,61.93758388159059,0
26600,61.904114214312436,0
26600,61.85113160779571,0
26700,61.8765731112696,0
26700,61.78736031532625,1
26800,66.72226961766049,1
26800,66.58546031397665,1
27100,62.08249217339638,1
27200,61.858590397352216,1
27300,61.814476408934,1
27300,61.73102818048532,0
27300,61.72371420127648,1
27400,61.586043683314124,1
27400,61.62782371856032,0
27400,61.721002209949425,0
27400,61.72300567074085,0
27400,61.704801639946616,1
27400,61.81503585473036,1
27400,61.93907460661491,0
27400,61.80062478639906,1
27400,61.805664558851745,1
27500,61.936694360447724,0
27500,61.81881889240264,0
27500,66.72069808277733,0
27500,61.87067620272197,0
27500,61.73434096348094,1
27500,61.912625435981525,1
27500,61.859332944915955,0
27500,61.7215307663015,1
27500,61.93858781421791,1
27500,61.64329084628072,1
27500,61.74212666901518,0
27500,61.928647079523415,1
27500,62.09812277490853,0
27500,61.606816294192946,0
27500,62.06887102642724,0
27500,61.71048568665443,0
27500,61.89975766117096,0
27500,61.57760371909666,1
27500,61.84156662154081,1
27500,61.8771465401372,0
27600,61.82421254816055,0
27600,61.91637510635639,0
27600,61.76024093733565,0
27600,61.67900500939944,1
27600,61.87836771667876,1
27600,61.6727059986197,1
27600,61.576690562505775,1
27600,61.6057733149399,0
27600,61.971117504624075,1
27600,61.72918089810588,1
27600,61.91665212873479,0
27600,61.871631517980695,1
27600,61.69074717181956,1
27600,61.896481416511875,0
27600,61.98862896713476,0
27600,61.699563525167925,0
27600,61.71546931966773,1
27700,61.90751028626996,1
27700,61.531657644451734,1
27700,61.973685139936244,0
27700,61.684092357431965,0
27700,61.820800840854886,1
27700,61.74387064923982,0
27700,61.463592592842865,1
27700,61.95719016224086,0
27700,66.37937928474784,1
27700,61.68497071065702,0
27700,61.81842381477943,0
27700,61.80894984072604,1
27700,61.59534834593892,1
27700,61.81580428440877,0
27700,61.87041768904665,0
27700,61.78997149608545,1
27700,61.69233836529049,1
27700,61.64959740953412,1
27700,61.8466607617546,0
27800,61.718924240884625,1
27800,61.639720624539,1
27800,61.60553121180898,0
27800,61.99864199691363,0
27800,61.63736779384342,1
27800,61.78388320064948,0
27800,61.79848161545583,1
27800,61.69111185522513,0
27800,61.90527099945838,1
27800,61.86655992126246,1
27800,62.01745641969925,0
27800,62.0973765040274,1
27800,61.87217499848326,1
27800,61.93273871773851,0
27800,61.81954523132372,1
27900,61.87202891908381,1
27900,62.010103567108516,0
27900,61.95521152974181,1
27900,61.85022888700509,1
27900,61.689109882767916,1
28000,61.96793962091005,0
28000,61.77333140162394,0
28000,61.89665451444411,1
28100,61.7063055637364,1
28100,61.687338350438864,0
28100,61.853728282279235,0
28200,61.84871276606401,0
28200,61.512524205387216,1
28300,61.7384100319196,0
28300,62.105609256555304,0
28600,61.98828311517839,1
28700,61.5658108979665,1
28800,61.68997780277522,1
28800,61.84725267189771,0
28800,61.89231882829157,1
28900,61.52423669723949,1
28900,61.637970755881504,1
28900,61.75479411072333,0
28900,62.050096211738804,0
28900,61.6976909828461,0
28900,61.68692867095921,0
28900,62.08984685894152,0
28900,61.903780650723945,0
29000,61.83848112522458,0
29000,61.89208657893878,0
29000,61.84390267699555,0
29000,61.969885650287736,1
29000,61.83689481297349,0
29000,61.783597840150804,1
29000,61.80602914974203,1
29000,61.749031141841485,1
29000,61.9886706803733,0
29000,61.66522106175899,1
29000,61.7331062331483,1
29000,61.759013150066664,1
29000,61.592487117869226,1
29000,61.90158644026169,0
29000,66.54235360143393,1
29000,61.76112362677672,0
29000,61.94328007021923,0
29000,61.75226361902634,1
29100,61.60748678688202,1
29100,61.68617270054513,1
29100,61.99378997699594,0
29100,61.621643017554305,0
29100,61.821203588444206,1
29100,61.65804491361448,0
29100,66.69283833423975,1
29100,61.81083875461484,0
29100,61.89687471913524,0
29100,61.725968825259535,1
29100,61.59425180323645,1
29100,61.61703808234708,1
29100,61.58172960299979,1
29100,61.978847296729484,1
29100,61.616096447045656,1
29100,66.4896287990433,1
29100,66.7100003209257,1
29100,62.01564028471929,0
29100,61.91672881608912,0
29100,61.542050974062406,1
29200,61.84098826398746,0
29200,61.81006051914588,0
29200,61.61311646266472,0
29200,61.76535310164124,1
29200,61.827813741789846,0
29200,61.66259432514852,1
29200,61.88835911621042,1
29200,61.55037543651629,1
29200,61.67323439629409,1
29200,61.86142329544193,0
29200,61.58642664105691,1
29200,61.60348427193678,1
29200,61.81055560967823,0
29200,61.70800206072517,1
29200,61.67242046619862,0
29200,61.80339501124239,1
29200,61.801394844357986,1
29300,61.825881157253505,1
29300,66.24971913160137,1
29300,61.578436545021866,1
29300,61.7595002927429,1
29300,61.811124186531735,0
29300,61.71793322783058,1
29300,62.047782295624465,0
29300,66.38294896736097,1
29300,61.60278560440951,1
29300,61.87914011621543,0
29300,61.74439092687828,1
29300,61.7787916475336,1
29300,61.80695299768339,0
29300,62.04483426942613,0
29300,61.839459515199195,0
29300,61.89814456055279,1
29400,61.663272177920945,1
29400,61.883866634086594,0
29400,61.79165735927527,1
29400,61.97014905678655,1
29400,61.72467943519917,1
29400,66.61360003519057,0
29500,61.57721301597707,1
29500,61.948574053189986,1
29500,61.69256160224646,0
29600,61.827950009486315,0
29600,61.613161816975555,0
29600,61.71959036811053,0
29700,62.06368663012951,0
29700,61.68784439156877,1
29800,61.54069251860682,0
29800,61.881856489502134,0
30100,61.637873178366995,1
30300,61.763193212245035,0
30300,66.54399786543594,1
30300,61.823206761990114,0
30400,66.83030463193295,0
30400,61.84146799748268,0
30500,66.54416311744026,1
30500,66.53891280022114,1
30500,66.62396925589925,0
30500,66.50865698525192,0
30500,66.61636778409617,0
30500,66.65448577074265,0
30500,66.52369781423869,1
30600,66.42428831160628,1
30600,66.55417323475001,0
30600,66.91682786098883,0
30600,66.53026761178113,0
30600,66.30233069430449,0
30600,66.18371690596,0
30600,66.38229350015153,1
30600,66.20139594922337,0
30600,66.3009307479323,0
30600,66.44538267882291,0
30600,66.60070395071182,0
30600,66.7327742856098,0
30600,66.19187038459168,1
30600,66.5431304012999,0
30700,60.11571406565781,0
30700,66.54371816602972,1
30700,65.62666190700335,1
30700,66.53577094080616,1
30700,66.72007415849544,0
30700,66.36146082005864,0
30700,71.43514464377289,1
30700,71.43599930935692,1
30700,66.2816045526228,0
30800,65.98843364608705,0
30800,61.282128219301164,0
30800,68.46845617829281,1
30800,65.2238868395777,0
30800,68.59325009176982,0
30800,64.85930452162543,1
30800,58.895816725691645,1
30800,64.62079301358825,1
30800,66.8632497657064,1
30800,65.64263102198306,0
30800,62.42809768643893,1
30800,66.2529668711513,0
30800,65.29341138752756,0
30800,68.0285950168856,0
30900,67.2615788858588,0
30900,65.8639381018571,0
30900,64.92276914873479,0
30900,65.62908713546238,1
30900,65.28037534690792,1
30900,70.93673730845526,0
30900,66.86539863914479,0
30900,59.22408222948334,0
30900,62.591648237575065,1
30900,68.13803757613557,1
31000,69.96652553674859,1
31000,71.82645573979121,0
31000,69.99993801177143,1
31000,69.95783349665449,1
31000,72.22576187150202,1
31000,69.50565364016266,0
31000,64.09153112496418,0
31000,72.05161531953313,1
31100,68.61372845659675,0
31100,65.28761072793733,0
31200,73.90413518262939,0
31200,74.88196051822726,0
31200,75.37948782887493,0
31200,74.29312570052385,1
31200,73.0486900507178,0
31200,73.15527342624044,1
31200,72.75663515156822,0
31200,76.71882818828009,0
31200,75.04829423313497,0
31200,75.7545847679473,0
31200,75.0776133695028,1
31300,79.4307043184989,1
31300,78.33986638740723,0
31400,80.21288417716977,1
31400,84.23072321786594,0
31500,82.03194216441467,1
31500,85.24921736851826,1
31600,86.22945710581416,0
31700,95.82527216705749,1
32000,108.21207548303495,1
32000,98.74868539791356,0
32000,104.36747775706037,1
32100,102.27979078961347,1
32100,110.54573534784461,0
32200,110.44136545358434,0
32200,89.93363271716609,0
32200,112.55059262757223,0
32300,116.84292784987736,0
32300,84.87188206532848,0
32400,90.11050524481296,0
32500,82.67408878560988,0
32600,92.20159106857398,1
32600,138.7846505785965,1
32600,87.42514130672853,0
32600,89.61765004595495,0
32600,81.03632350407709,0
32600,96.03400723613964,0
32700,91.68060879723438,1
32700,97.71208013153581,0
32700,92.05956467342777,0
32700,85.86758352046373,0
32700,100.86317507628084,1
32700,89.8166574771549,0
32700,90.26424776687948,1
32700,89.7681901634943,0
32800,86.42953393154392,1
32800,81.84212357406231,0
32800,97.1625573964848,1
32800,92.2348795251224,1
32800,96.8428047659573,1
32800,89.4842899183187,0
32800,97.57107271847096,1
32800,100.2721289587041,1
32800,101.94247817903725,1
32800,96.72412308220626,1
32800,82.19935374114608,1
32800,96.02794559674949,1
32800,151.8007579780453,0
32900,101.36495018094571,1
32900,98.59375762964454,1
32900,101.30811495001342,1
32900,83.72769326037059,0
32900,96.8951949322563,1
32900,91.6619524266549,0
32900,96.03748538766001,0
32900,97.43999539733129,0
32900,84.8394107833161,0
32900,88.97198420230114,0
32900,97.29975294327059,0
33000,88.04671488905142,1
33000,96.90122356550259,0
33000,77.09103263494865,0
33000,99.33424680200146,0
33000,102.43956676111901,1
33000,97.5981116105457,0
33000,94.99426463489948,1
33000,86.51916703193082,1
33000,90.6822561471455,1
33000,106.43249974576553,1
33100,96.72831553775967,0
33100,101.19443145856002,1
33100,89.14556116638525,0
33100,102.36082499776151,1
33100,97.10578769741305,1
33100,101.28730505065323,1
33100,102.02294730352212,1
33100,91.00456299822716,1
33100,88.70860867582435,0
33100,97.30432616800984,0
33100,96.31547914445645,0
33100,96.54306167650316,0
33200,95.46240648971492,1
33200,86.85109555111542,1
33200,94.05103977558643,1
33200,91.6200802043413,0
33200,101.93125002464143,1
33300,76.979819510603,0
33300,102.39296694355357,1
33300,105.3826562521271,1
33300,97.51938180709206,0
33300,88.26883352780973,0
33300,89.78987414588757,1
33300,87.89774589302303,0
33300,113.48464118184808,1
33400,179.90090425061928,1
33500,91.53872152804756,0
33500,109.55316017390042,1
33500,97.5249995991332,1
33500,89.93847046088044,0
33500,99.34474215534196,1
33500,95.57319277617975,1
33500,95.7609389877227,1
33600,105.66787512533237,1
33600,106.88504116300028,1
33600,107.2107703986338,1
33600,108.47494031900817,1
33700,97.4750067074202,1
33900,99.30716044938664,1
33900,94.01290762022987,0
33900,76.08374734735574,1
34000,79.87930886635664,1
34100,90.9443129008398,1
34200,87.41891907173618,0
34300,100.98079712913876,0
34300,92.39554158362104,0
34300,97.6290356153113,1
34400,88.03353346807201,1
34400,94.14299518663405,1
34500,96.7574290918841,0
34500,85.44188619519126,0
34600,79.32072784057986,0
34600,84.69608884098535,0
34600,76.14178205870552,1
34600,83.74769786638474,0
34600,77.28807249489556,1
34700,84.22891053158517,1
34700,90.70701836914424,1
34700,72.06095805077399,1
34800,89.99621003067897,1
34800,91.84597875402173,1
34800,96.04411472443891,0
34800,85.74124077044144,1
34800,94.4776534981641,0
34800,93.6988236736055,0
34900,72.38540848521221,0
34900,88.06365336587565,0
34900,95.02465341396913,0
34900,91.83062180828058,0
34900,111.61431874322408,0
34900,97.44758324371229,0
34900,95.43723608469156,1
34900,86.32763703950069,0
34900,89.62213829405299,0
34900,86.39601978730421,0
35000,88.3426876041834,0
35000,90.15887588564256,1
35000,81.60314558535605,1
35000,95.49990919339106,1
35000,90.40521180891118,0
35000,91.75227220363094,0
35000,102.24251924171774,0
35000,97.52303616805493,0
35000,85.86379330483443,0
35100,90.51891169878613,0
35100,86.11910493643238,0
35100,102.53862372786996,0
35100,102.72573226674207,0
35100,88.57731670973945,1
35100,97.64133282179723,1
35100,96.09182947144515,1
35100,102.20151984957084,0
35100,100.61308585866153,0
35100,91.1762002287187,0
35100,94.38840206339886,1
35200,93.92809540530153,0
35200,86.97978024224666,1
35200,97.38691218808212,1
35200,100.81892283064542,1
35200,97.5668964797601,0
35200,98.97310822749648,1
35200,103.14521798197754,1
35200,92.36488587154679,0
35200,89.80205639045066,1
35300,89.32886615677891,1
35300,94.398077495923,0
35300,82.15792737014134,0
35300,98.89328605613827,0
35300,87.60303871180537,1
35300,95.89760428728356,1
35400,100.38580181464495,0
35400,88.56845064066354,1
35400,91.84311597522677,1
35400,97.87463099011698,1
35400,99.78888009512222,1
35400,99.17814405525405,0
35400,91.75160958058657,0
35400,96.28584328955593,0
35500,88.25011041649303,0
35500,103.99851303756286,0
35600,104.2647271311116,1
35600,100.0182446025597,0
35600,103.8512938528773,0
35600,102.36831868552213,1
35600,99.60800797868814,1
35600,91.99782962916777,1
35700,88.33997662216699,1
35700,97.1116064044776,0
35700,96.25837400206797,1
35700,106.61442110527189,1
35700,95.20407965346074,1
35800,98.16871035452296,1
35800,102.75782319087679,1
35800,99.42361759495051,0
35900,98.1638748018619,0
35900,103.9324838631115,1
35900,103.73537416853566,0
36100,93.54822611782886,0
36100,107.84496949983834,0
36300,111.62326619929325,0
36400,104.14083382275382,1
36400,113.88507047490776,1
36500,112.91309688272838,1
36500,104.83659217457797,0
36700,110.36763252287868,0
36700,106.92055132950729,0
36900,115.84772286106237,1
36900,118.86601979713824,1
36900,113.11515892969166,0
37000,111.22407428757337,0
37100,120.91561065508198,0
37200,108.77363930279525,0
37200,111.78507389722891,0
37200,119.49716547259249,0
37200,113.94437777615524,0
37200,115.88852446284761,1
37200,113.35190864140431,1
37300,110.85542877738683,0
37300,109.94851431990395,0
37300,110.2323728577002,1
37300,111.11975554558111,0
37300,114.25589616978368,0
37300,114.47735356074685,1
37300,124.98003362341676,1
37300,122.8641314469625,1
37400,110.86786314093695,0
37400,109.18916141814029,1
37400,115.96801134099447,1
37400,127.9550892622006,1
37400,121.77048981463807,1
37400,122.73866043177298,0
37400,112.34184427351339,1
37400,115.560488550768,1
37500,112.78468162871894,0
37500,114.79312532550502,0
37500,123.51375686125586,1
37500,109.65398125000617,0
37500,117.20247113749096,1
37500,108.44075221217979,0
37500,117.00094251666708,1
37500,112.25268467458686,0
37500,109.0330656798781,1
37500,128.7322013910599,1
37500,105.04496787186285,0
37500,107.64609291825934,0
37500,110.06798850844272,1
37600,108.71990137334318,1
37600,117.20410352894062,1
37600,115.90471734734575,1
37600,122.8968959761428,1
37600,115.39199133456081,1
37600,111.706499035088,0
37600,123.312336920953,1
37600,110.1662113720463,0
37600,113.1494954121285,1
37600,108.90018199255078,1
37700,116.32704844791415,1
37700,112.21977930102143,1
37700,125.18848633790677,1
37700,114.1607501518401,0
37700,109.84606358795912,1
37700,110.37579797763247,0
37700,115.66288398681104,0
37700,118.24438201299834,0
37700,114.52715407898157,0
37800,116.43654855442202,0
37800,110.7114559274563,0
37800,115.68450059201173,0
37800,116.7623414442307,0
37800,110.40696184215727,0
37800,138.96063014569106,1
37900,108.79975181242234,0
37900,118.45592390921101,1
37900,114.0271686842055,1
37900,105.18780472842883,0
38000,117.56307644897535,0
38000,119.14938438582843,0
38000,119.022847289228,1
38000,116.57581743282665,1
38000,107.42048639573645,0
38000,125.33628270445469,1
38100,121.76333193244004,1
38100,117.2988465749765,1
38100,108.84832281120781,1
38200,112.40151028813607,1
38200,117.81857400769043,1
38200,121.23271661261535,0
38200,111.5592035575753,0
38200,119.3997869484672,0
38200,113.4488318045669,1
38300,110.84728568108426,0
38300,114.01094660615138,1
38300,121.11233260072231,0
38400,112.71092860137398,1
38400,115.64412186039502,1
38400,113.4492639715456,1
38500,132.67503874791296,0
38600,117.42475566288147,1
38700,119.84847836854566,0
38700,104.31654566412627,0
38900,112.28255003197587,0
39000,119.59663771853688,1
39000,110.003039618529,0
39100,118.45037104137167,0
39100,111.51588990812942,0
39200,113.2088873326227,1
39300,112.49677418044743,0
39400,108.99499040802486,0
39400,116.07565969055003,0
39500,109.50048052304598,0
39500,113.39764516770366,0
39600,107.415128978572,0
39700,110.90366077889837,1
39700,116.3949186329848,0
39700,114.06260584738742,1
39700,116.95498878006472,1
39700,109.67916317402079,0
39800,111.0509970088226,1
39800,113.09269358094106,0
39800,109.33706114689477,0
39800,110.35593775269405,0
39800,111.33483101877117,1
39800,112.79850650869717,1
39800,115.93309880048828,0
39800,119.37972765939108,1
39800,107.30672359126899,0
39900,102.92730921338772,1
39900,113.18471626926795,0
39900,110.33698807640117,0
39900,122.65163370868923,1
39900,111.2671441841178,0
39900,116.13074784516104,0
39900,109.05940887704095,1
39900,121.78275665093778,1
40000,109.44685568975187,0
40000,111.43583367406171,0
40000,110.82524214678944,0
40000,116.7962984431479,1
40000,124.23657912775998,1
40000,117.27357136295277,1
40000,122.06073787194522,1
40000,113.62626608999989,1
40000,102.80967630915191,1
40000,111.00355608207762,1
40000,109.88973708253415,1
40000,107.66680687375147,0
40000,118.01741122572525,1
40000,114.86178310342403,1
40100,108.36124814963719,0
40100,108.947236543919,1
40100,114.20238690320909,0
40100,107.88150051895663,0
40100,122.91511579584947,1
40100,108.20237458291881,0
40100,116.1103113246426,1
40100,111.60026138719842,0
40100,109.47484949683579,0
40100,110.05976803909134,0
40100,132.7565124148472,1
40100,121.01101962520728,0
40200,105.83397052531384,1
40200,114.31995097944854,1
40200,114.73905705599915,0
40200,120.4850865825756,0
40300,109.97121494061318,0
40300,123.24098896460018,0
40300,109.28936106618337,0
40300,114.94160857799199,0
40300,117.26799283456566,1
40300,115.23530488458222,1
40400,111.55209060301472,0
40400,117.55737819999143,1
40400,112.73201848486623,0
40400,105.07578354696686,1
40500,133.99884354958556,1
40500,114.82771509442227,0
40500,122.82484820013528,1
40500,113.32678455839921,0
40600,123.4260551938063,1
40600,112.36212421169124,0
40600,109.97421479261503,0
40600,122.20122376800273,1
40700,127.99398787261448,1
40700,120.18078149343498,1
40800,122.96426836358363,1
40800,119.82597315007806,1
40800,121.75460777550246,1
40800,122.86872859508505,1
40800,123.18665456523291,1
40800,122.38509406097381,1
40900,120.89263530736952,1
40900,120.9672589745302,1
41000,117.00116523822909,1
41100,102.70842581830708,1
41100,126.11148779126543,0
41100,123.65776998310301,1
41100,115.65373236700952,1
41100,129.49794318046182,0
41200,107.05801265262399,1
41200,102.42240994944935,0
41300,128.47051744193828,1
41400,98.76332876376654,0
41400,105.88756921154022,0
41400,95.30305854017396,0
41500,115.48924450813207,1
41500,110.24869517213517,0
41600,98.51282664384478,1
41600,103.02855192472167,0
41700,96.30763676734425,0
41700,68.8384377983014,0
41700,72.98955840808289,0
41700,86.14773615661811,1
41700,73.99332396105663,1
41700,98.57283650286547,0
41700,84.61028768155852,0
41700,105.5774967012873,0
41800,89.74424331185693,1
41800,85.91960034970097,0
41800,70.22735377366037,1
41800,82.71276223275392,0
41800,74.44906466985927,1
41800,73.03017696253472,0
41800,88.67151621429204,1
41800,91.73537264155466,1
41800,81.6422486287411,1
41800,76.11674474015952,0
41900,74.91632607299054,0
41900,92.69735786311092,0
41900,92.22896679589431,0
41900,73.83200915333755,0
41900,77.405352371667,0
41900,98.19040654647787,1
41900,86.66870261731037,0
41900,80.32360155977035,1
42000,74.96289597806292,0
42000,86.86842733185807,1
42000,92.60014393159051,0
42000,84.23021629419384,0
42000,85.22492585659455,1
42000,89.54503745126033,0
42000,80.08885657797445,0
42000,92.76251359356178,1
42000,82.65263551035997,0
42000,74.21653648932316,0
42100,92.98478507257174,0
42100,96.36904054733652,1
42100,85.4344568274274,0
42100,84.64661640317732,1
42100,92.98450948484607,1
42100,85.87096499085901,0
42100,80.84754710791549,0
42100,92.84736370127716,1
42100,84.09220160164304,0
42100,82.47700311359769,1
42100,83.54166898168963,1
42200,81.4027071322105,0
42200,87.17103349592942,0
42200,87.16278588980968,0
42200,92.30033283024659,1
42200,96.74120856431044,1
42200,70.54154752022136,0
42200,93.69388183742842,1
42200,74.26056931211386,0
42200,87.75966041344135,0
42200,90.41401946381984,0
42300,73.03155439611295,1
42300,70.58000522038908,0
42300,76.18519593176013,1
42300,79.6369081145622,1
42300,86.75808089618802,0
42300,80.63976562361384,0
42300,88.96798533574581,1
42400,93.65176713245795,1
42400,74.44523506438854,1
42400,92.72654114301062,0
42500,86.62580444609497,1
42500,76.8329423607811,1
42500,87.80247702106907,1
42600,82.03363486302763,0
42600,76.76395470415868,0
42600,94.14766103971195,0
42700,77.71113918472004,0
42700,78.3708681415131,1
42700,91.07506125186305,0
42700,93.29755983609812,1
42800,86.64421477058652,0
42800,73.90271057172389,0
42800,87.48595291745757,0
42800,83.08109203555101,1
42900,92.41949812986677,0
42900,67.81210254521257,1
42900,83.8257342198648,1
43000,80.03446749350591,0
43000,71.93407596323382,0
43000,78.99659337839371,1
43100,85.712294435256,1
43100,95.37044805165566,1
43100,73.004678004761,1
43100,87.99542341866363,0
43200,86.71942381144505,1
43300,93.39021993798805,1
43400,85.13250485288481,0
43400,80.13828054776248,1
43400,76.69766824439563,1
43500,79.95333694994083,1
43500,78.20903684638861,0
43500,69.58084855058915,1
43500,74.3297090953376,1
43500,92.77075976854759,0
43600,80.2678091402949,0
43600,74.60282466030571,0
43600,74.15949462361762,0
43700,74.26854033529386,1
43700,76.13990989809676,0
43700,69.88012150303824,0
43700,73.85929387896117,0
43700,71.12742458736884,0
43700,82.76172683831841,1
43700,93.40847382277035,0
43800,86.3616629951884,1
43800,87.35159362245442,0
43800,83.11065160189962,0
43800,76.92664657850442,1
43800,81.96450811854767,0
43800,73.46542456683845,0
43800,74.85228838991591,1
43900,83.11527576432556,0
43900,73.88308600126038,0
43900,90.1729012402806,0
43900,80.39449835225699,1
43900,86.50328591095803,1
43900,93.86919628103854,1
43900,80.37415555277843,1
43900,98.60978853291182,1
43900,73.40993938176423,1
43900,86.90512242948955,1
43900,74.36144116654957,0
43900,85.83173860469017,0
44000,84.56923420438945,0
44000,86.24511639612973,0
44000,99.62516561691226,1
44100,74.45394261617074,1
44100,81.1518538830268,0
44100,80.64939064666898,0
44100,86.27961701340291,1
44100,69.83362920462301,1
44100,83.79249910135209,1
44100,82.04717355399161,0
44100,74.99855961641092,1
44100,86.34493019234158,1
44100,80.49868795674564,0
44100,86.80573827542555,1
44100,93.70721607931495,0
44100,86.59246448340222,0
44200,88.91538838148192,0
44200,82.28421299846106,0
44200,69.60278378474544,1
44200,89.97286853804651,1
44200,84.75322036002181,0
44200,83.18600273509355,0
44200,86.61589453371371,1
44200,76.28735969378018,0
44200,73.66316269860587,1
44200,78.23598987409865,0
44200,86.3817559955976,0
44200,87.35838285426595,1
44200,89.50994610277357,1
44300,87.06419386504733,1
44300,79.45908139568738,1
44300,92.89055393118197,0
44300,86.87543548232853,0
44300,70.68001658542559,0
44400,84.63205796792512,1
44400,90.2854061395497,1
44500,85.5906724806855,0
44500,94.06816066136223,1
44500,86.51182318038815,1
44500,85.10453249104721,1
44600,78.75243628860137,0
44600,87.4815782306239,0
44700,75.825187049652,0
44700,87.27065525450854,0
44800,83.41581960440338,1
44800,95.46230852322675,0
44800,86.85836577804949,1
44800,84.4593936404181,0
44800,79.7870342024598,0
44800,93.75830699689642,0
44800,86.57821004421159,0
44900,85.0062794952711,0
44900,89.81280283079131,0
45000,93.48916183399663,0
45000,84.88254582371128,1
45000,78.50809785660549,0
45000,80.6372779224678,0
45100,84.31874813108308,1
45100,80.44358109319384,1
45100,91.32554804317402,1
45200,87.10255928059291,1
45200,77.93731650569336,1
45300,80.40035795331474,0
45300,78.42612212391813,0
45300,71.95911898397371,1
45400,75.17013022290563,0
45500,78.82616883882349,1
45500,96.89534109234826,0
45600,86.81683553868652,0
45600,81.81605475576184,0
45600,91.37006061367956,1
45600,86.95783025486227,1
45600,84.53328440762854,0
45600,83.56578264681148,1
45700,86.66332389738187,0
45700,79.43097742762312,0
45700,80.45398031333994,1
45700,80.0925385484218,0
45800,81.49180469036317,1
45800,73.08575497661681,0
45800,80.88940231124049,0
45800,75.87626071701081,0
45800,91.50571241071736,0
45800,89.63795042738,1
45800,79.93962448378069,1
45800,83.0697048667704,1
45800,80.05446191300848,0
45800,81.05475957019918,0
45800,84.508910840342,1
45900,87.00141012852485,0
45900,85.11663210574757,1
45900,71.52846093228543,1
45900,85.22349032629646,0
45900,75.47015243252066,0
45900,67.92756597931808,0
45900,79.20617358852984,1
45900,81.52013970739597,0
45900,76.81521675209501,1
45900,71.22436429964606,1
45900,71.37097186469887,1
45900,99.21032536053232,0
45900,81.21305877942748,1
45900,93.65037235567581,0
45900,79.66643705863014,1
46000,89.34859110989674,1
46000,81.43680613679433,0
46000,75.18007077889283,1
46000,91.97896996520552,0
46000,77.09844508179044,1
46000,89.48632668578499,1
46000,81.18424854433306,0
46000,76.26272917652629,1
46000,76.16690969941251,1
46000,78.10500070262223,1
46000,80.65528267107602,0
46000,92.26748628092481,1
46000,70.77867832229161,0
46100,85.90651474844196,0
46100,77.74206943887512,1
46100,77.55552829336901,1
46100,73.87706032478216,1
46200,86.34504399314358,1
46200,85.11863183898332,1
46200,80.03022856310734,1
46200,77.58336765531182,1
46200,82.0619385794647,1
46200,70.8246375259321,1
46200,81.99729924737115,1
46200,78.62772395845961,0
46200,87.59115156906326,0
46200,74.55578540615903,0
46200,85.76835790356915,1
46300,80.45011266384643,0
46300,87.58032090431963,0
46300,85.52189720309465,0
46400,78.55020336827305,0
46400,70.8125996035236,0
46400,71.85886211561123,0
46400,80.7183599957997,1
46400,84.13403317059793,1
46500,73.489319696528,1
46500,74.48252617294028,0
46500,83.08327878295324,0
46600,72.46133980892085,0
46800,83.09661590172348,1
46900,86.62202299073391,1
47000,93.2845518794965,0
47000,96.34308168194657,1
47100,102.012687348676,0
47100,100.53932442105642,0
47100,93.46062588948637,0
47500,103.97383831147047,0
47500,104.53173353079872,0
47600,94.56635486536766,0
47700,119.45389168153277,0
47700,101.50916439800231,1
47800,102.36853911854861,1
47800,130.64384248902476,0
47800,91.54233659489346,0
47800,120.22647060319191,1
48000,121.82265427362067,1
48000,94.63742877728247,0
48000,118.73111454955861,0
48000,115.89665990019542,0
48100,113.3876381271889,0
48200,128.34462146604054,0
48200,129.27581916843067,1
48200,111.09306947188848,0
48200,82.93720734696208,0
48200,126.12234936354348,0
48300,121.38588848570413,0
48300,121.58501942279877,0
48300,105.84007348574507,0
48400,111.61079895847134,1
48500,115.53581774006697,1
48500,116.15362982498999,0
48500,103.73819589014195,0
48500,113.32693787548783,0
48500,117.87322146112616,1
48500,116.7329010420912,0
48600,107.51563071062732,1
48600,100.29108792090445,1
48600,110.02733616739128,0
48600,119.93509094221383,0
48600,117.97753518321703,0
48600,107.65542641787238,1
48600,115.48941478692811,1
48600,116.0107449657387,0
48600,97.69384479185241,1
48600,114.85401014623243,0
48600,121.96718816084227,0
48600,124.09687138933594,1
48700,116.3717517574959,1
48700,117.68094443749645,0
48700,116.28219222458294,0
48700,108.3220438271278,0
48700,109.11400578086067,0
48700,112.46813214242273,0
48700,116.06953902128953,0
48700,103.04945782183076,0
48800,102.95719800453827,1
48800,122.15885128009754,0
48800,143.4470058891208,1
48800,116.94815286442713,1
48800,110.70128984555942,0
48800,108.96408343582286,0
48800,121.56107373498955,0
48800,113.81615051010643,0
48800,123.71860784201938,1
48900,114.26571885938762,1
48900,115.61449904668054,1
48900,125.27837990549904,0
48900,114.36270988764177,1
48900,126.36782713057403,1
48900,130.85248907974994,1
48900,124.56506617176584,0
49000,123.05425311854493,1
49000,142.2565518154573,1
49000,116.73400774950758,1
49000,115.13893424884651,1
49000,125.9135783732211,1
49000,125.12965231286975,0
49100,117.28601028208068,1
49100,120.00616579197064,1
49100,122.2121084791916,0
49100,135.85551019688663,1
49100,108.69271183024833,0
49100,129.5271938094381,1
49100,109.71529795601336,0
49200,142.51257935603348,0
49200,108.4743469609892,1
49200,133.08862365021315,1
49300,113.89761032220147,1
49300,131.86187316430102,1
49300,125.79582032814666,1
49300,118.72016736657254,1
49300,125.60023856887588,0
49400,138.1703384979509,0
49400,123.04554940673685,1
49500,125.09945937944511,1
49600,113.7622882927702,0
49600,123.90767528212885,1
49700,175.10540418323072,1
49800,120.3138459859688,1
49800,110.92975885849475,0
49900,127.75553399946868,1
49900,109.16806854539085,1
49900,164.024300662151,1
49900,115.98203535798753,1
50000,151.59970410993674,0
50100,117.43265135968018,0
50300,119.2554610735974,1
50300,130.19960349348335,0
50300,107.00112273374421,1
50500,121.21408200726002,1
50600,117.15882841866552,0
50600,113.42193498821254,1
50600,114.5962244793282,1
50700,106.5047843351425,1
50700,125.61438685429266,0
50700,91.80405941795094,1
50700,105.7451965850576,0
50800,104.22215364968018,1
50800,120.98350019033478,1
50800,91.87356162404511,0
50800,110.043303887925,0
50900,110.42905834057656,0
50900,97.11248918241674,0
50900,115.26249246793027,1
51000,117.55807461479819,0
51000,94.35176470162465,1
51000,127.79880601351731,1
51100,122.34669312235174,1
51100,114.77976857227416,0
51100,93.3308606585238,1
51100,115.6476273634316,0
51100,104.9648400674044,1
51200,125.29222429368154,0
51200,118.62969968947975,1
51300,128.52338698302893,1
51300,105.07601132735067,1
51300,102.48116436510007,0
51300,113.76477044585366,0
51300,132.19569303508797,0
51400,101.1297067347459,1
51400,107.82512963559762,1
51400,112.7905662526409,1
51400,109.33754395275727,1
51400,109.17964021857472,1
51400,121.0004310272873,1
51400,124.76206501459977,0
51400,96.92420257762497,0
51400,102.82526467249204,1
51400,117.18848545484404,1
51400,114.61639238725549,1
51500,119.12476665593806,1
51500,111.11826948844582,0
51500,108.84693036192756,0
51500,117.33440048776323,1
51500,127.88676121451806,0
51600,114.66089635913251,1
51600,94.33497921065533,0
51600,84.87239598139091,1
51600,119.95989510995014,0
51600,122.2789031781583,1
51600,112.77380577392519,0
51700,111.14084550349618,1
51700,128.88548428029878,1
51700,109.91716840300239,1
51700,123.20823367502902,1
51700,109.4005001645295,1
51700,116.18353533193056,0
51700,107.55033637227952,1
51700,135.8675198540368,0
51700,150.8086043171559,0
51700,122.00806622811412,0
51800,116.26995031265655,0
51800,133.39762709069473,1
51800,125.41214515525377,1
51800,102.98378002542626,0
51800,86.53754825641452,0
51800,120.45745252389058,1
51800,121.83336089058913,0
51800,114.51391941402773,0
51800,117.8492307483531,1
51800,121.65050150138035,0
51800,123.54972988381004,0
51800,106.9418976557604,0
51900,109.41184983444697,0
51900,78.92503087236591,1
52000,90.1501289990412,1
52000,81.36226581368571,0
52000,76.79858155264817,0
52000,108.7776843335873,0
52000,124.94885870840002,1
52000,94.95612223684665,1
52000,110.65433655483649,0
52000,103.88550540056907,0
52000,112.03498888060722,1
52100,120.05522545331598,1
52200,77.65066945222641,0
52200,106.86242239834407,0
52200,123.28758545006667,1
52200,128.95144631095772,1
52200,120.41818543326531,1
52200,115.5130808868423,0
52400,115.2582273024211,0
52400,129.69803848957247,1
52400,75.73173460579726,0
52400,118.18122244733635,0
52500,73.39637930125063,1
52500,77.04735310568846,0
52600,172.12152894082726,0
52600,70.80822319687908,1
52600,76.74267369484541,0
52600,92.45444971609416,1
52700,119.14298656452257,1
52700,79.50056908731682,0
52700,124.20378376937586,1
52700,81.591452360936,0
52800,73.13030806481183,1
52800,80.33068798645908,0
52800,88.64080100937448,0
52800,76.69555502994604,0
52800,108.07206032558678,0
52900,89.19478965146327,0
52900,73.36584989647496,1
53000,74.68280536290965,1
53000,80.44781075780907,0
53000,79.51443712756189,0
53000,76.36920693780803,0
53000,93.88833778298626,1
53100,98.68524133221473,0
53100,75.11539492010503,0
53200,103.72844439035423,0
53200,75.36821150668527,0
53200,73.25241687991969,1
53200,71.78064744979488,0
53200,74.8239392827931,0
53200,76.69661482332123,0
53200,75.9852463426885,1
53200,112.26839433755393,0
53300,80.94706955122948,1
53400,80.88092136140276,1
53400,77.84749911278185,1
53400,93.1786228364976,1
53400,84.52324473432846,1
53500,84.96084149062834,1
53500,82.93024233463392,0
53500,75.47458334378922,1
53500,73.00472919307698,1
53500,81.9581155549142,1
53600,74.45720221420255,1
53600,73.47050160552499,1
53600,87.22633848473308,0
53600,118.64069314611127,1
53600,84.40892198240732,0
53700,79.79534886568351,0
53700,83.06711052773106,1
53700,82.17039148591499,0
53700,73.62625826964597,1
53700,76.67465301991783,0
53700,74.93212887427252,0
53800,85.27536791057724,0
53800,91.21809219954382,0
53800,74.71013886235306,1
53800,94.79330618749306,0
53800,80.33490893988672,1
53800,106.30845028313159,0
53800,78.72273949946523,0
53800,72.05957990796308,1
53800,80.46367513639133,1
53900,83.84177064478038,1
53900,75.57772137286491,0
53900,106.73368323723679,1
53900,85.57669409825202,1
54000,105.99841067081913,0
54000,78.37557470102742,0
54000,96.34146695748976,0
54000,105.82190209183757,1
54000,81.47797274888376,0
54000,78.30132328795248,0
54100,101.33816558535189,0
54100,74.45323103306386,0
54100,95.16320499535523,1
54100,105.8012398282751,1
54200,78.11375185851361,0
54200,125.26422728150459,0
54200,72.03778070871414,0
54200,78.2312009581904,1
54200,80.05683721308543,0
54200,114.21776360974258,1
54200,118.96376787582126,1
54300,92.3006398671299,0
54300,107.71885803282599,1
54300,113.2280869781989,1
54300,96.19654065835607,0
54300,75.89075845160595,1
54300,124.40858214840713,0
54400,102.48935844066328,0
54400,134.99384898186392,0
54500,79.54438458050006,1
54500,86.4113644864212,1
54500,107.39164992921062,0
54500,101.7585117475721,1
54600,78.94205225013458,0
54600,115.4668143910974,0
54600,82.35667713357104,0
54600,81.99246116479142,0
54700,102.84917225344378,1
54700,72.52273152810207,1
54700,76.83076485883467,0
54700,113.75848251905249,0
54800,85.97390577329281,1
54800,80.14699156875962,1
54800,101.34359281990064,1
54800,92.0768931885116,0
54800,80.21087338319045,1
54900,75.53035723534416,0
54900,77.98349718980064,0
54900,115.50623383383511,1
54900,71.04997673259426,0
54900,85.52543343358458,0
55000,120.52291234179852,0
55000,83.86849265257632,0
55000,92.02547661857417,1
55100,101.93180383792311,0
55100,75.81147847080312,0
55100,75.78963778062071,0
55100,96.45024891978233,1
55100,85.62270997867788,0
55100,90.54403762310409,1
55100,171.490538393638,0
55200,104.82618293806571,1
55200,73.03773399881955,1
55400,82.88219737022688,0
55500,109.8127944974639,0
55500,76.8365541959241,1
55500,98.49942531596773,0
55600,116.97649506234043,1
55600,74.56095325869921,1
55600,85.22837530069262,1
55700,115.59789173359422,1
55700,86.40669757086837,0
55700,93.42725425192052,1
55700,90.91577993822447,0
55700,117.71906341743193,0
55800,90.81951245863597,0
55800,89.07256475757536,1
55900,79.54281229771459,1
55900,76.80227541313783,1
55900,109.24267897024464,0
55900,124.42381439037322,1
55900,88.53779304594828,0
56000,131.96697933264684,0
56000,108.30403791773902,1
56000,112.76113057513794,0
56000,94.73204981648355,1
56100,83.07868233553597,1
56100,101.3508207259619,0
56100,95.09021634046024,0
56100,127.12864973863941,0
56100,110.04782592194023,0
56200,107.34948860712623,0
56200,133.79558398889154,0
56200,129.9667110559189,0
56300,109.69505875462255,0
56400,98.69292159467034,0
56500,132.19688965838077,1
56600,96.52193479107054,1
56600,116.90168674241316,1
56600,108.37480379500211,1
56700,147.77118096827277,0
56800,119.0261620711105,1
56800,134.2466109278606,0
56800,120.88517446711586,0
56800,144.41051299703656,0
56900,127.84965449603826,0
57000,126.8808358640326,0
57000,123.6410288572453,1
57100,125.01599730225628,0
57200,109.56750049248156,1
57200,114.77274802256719,1
57200,123.7136379644874,0
57300,134.767164933933,0
57300,122.47462705728991,0
57300,112.63077294088039,0
57300,117.82484964722211,0
57300,150.96821556412664,0
57400,121.94617239389706,0
57400,130.02107801398347,1
57400,120.91737751493338,1
57400,132.50831713661398,1
57400,120.46557044183974,0
57400,122.47755157096793,1
57400,83.45380298228967,0
57400,116.17419136539851,1
57500,104.9361440384425,0
57500,128.8840786046501,1
57600,121.44858996495776,1
57600,137.13156920645477,1
57600,133.25952821733216,0
57600,123.65441483920904,0
57700,155.65685374187976,0
57800,132.66213241591697,1
57800,116.08899028080309,0
57800,115.42377105224828,0
57800,128.96481249004052,1
57900,123.21829219775043,1
58000,117.99399980589082,1
58000,121.537590337234,0
58000,136.93555065486092,1
58100,190.20466751299853,0
58100,126.0700892016271,0
58100,126.64094428598516,0
58200,111.75059517605678,0
58200,122.76409345820876,0
58200,121.74269873847182,0
58200,110.93854793306187,0
58300,192.3961053815448,1
58300,102.78342662933798,0
58400,111.25131139164856,1
58400,123.05502586305114,1
58400,133.05841603697283,0
58400,215.01385093772106,0
58400,115.74986805799115,0
58400,185.63316068972247,1
58400,100.44732980344578,0
58400,95.12040897834835,1
58500,141.81282039028537,1
58500,122.1020121363528,0
58600,119.23565231623112,1
58600,115.28026058145694,0
58600,124.21648897096992,1
58600,146.72885285653302,1
58600,117.625048377966,0
58600,205.8615485978385,0
58600,140.91804720627835,1
58700,126.5484279521746,0
58700,190.23519072906086,1
58700,124.58357958747996,1
58700,201.83285829411233,1
58800,116.7133228974525,0
58800,235.68387938150113,0
58800,227.20513540817606,1
58900,120.10837897093126,1
58900,116.06397792388024,0
58900,119.56586583027668,1
58900,114.21572491678253,0
59000,110.15485664463904,1
59000,124.25861804517073,1
59100,235.06471322267316,0
59100,118.31328626878576,1
59100,123.29739044599785,0
59100,118.97360492505481,0
59100,126.27232501722189,1
59100,130.85945042462242,0
59200,114.21361963935504,1
59300,114.1299600353917,1
59300,109.95969745002992,1
59400,245.3129545173639,1
59500,138.59708394890495,0
59600,119.92722098957985,0
59600,119.07683384563208,1
59600,269.8479090655336,0
59600,118.5663774327599,0
59700,103.0882466715399,1
59700,99.08230880987901,1
59800,236.42814027442807,1
59800,137.94321975885273,1
59800,214.53455879091672,1
59900,124.75225595310955,1
59900,107.48408166452464,0
60000,129.81412846260162,1
60000,145.1871304636577,0
60000,133.67052747147343,0
60000,132.363409280951,1
60100,119.58377541433357,0
60100,105.0361477130723,1
60100,120.02712967162074,0
60100,127.86356991325596,0
60200,111.30438154327935,1
60200,139.80333083344297,0
60200,132.65374114397696,0
60200,129.7905564565006,1
60300,119.53590029719827,1
60300,123.36965469773091,0
60300,122.81127246403592,0
60300,131.42242330957558,0
60400,147.0607204330542,1
60400,140.07521359337952,1
60400,102.97819417803046,0
60400,107.19423187752251,0
60400,110.30308761250865,0
60400,121.7268706801242,0
60500,170.45872127850126,1
60600,112.80976321248151,0
60600,120.47380334605519,0
60700,323.97801074445175,0
60700,114.6040317748089,0
60700,97.13061559649506,0
60700,124.90468503597188,1
60700,115.92842066451969,0
60800,116.14659071144285,1
60800,105.30851102802792,0
61000,119.96141976667724,1
61000,127.04569845293177,0
61000,124.22268482017232,0
61100,115.08402479081836,0
61100,118.17159299642485,1
61100,398.2365197992034,0
61100,108.04931226227113,0
61100,119.12367565239146,1
61100,118.7532305902291,1
61200,143.54602763318195,0
61200,126.12015654041757,0
61300,189.10625948543748,1
61300,122.76056309359753,1
61300,123.60281680523886,1
61300,116.50645389318389,1
61300,113.75853509585072,0
61400,115.62762145013802,0
61400,121.6259743336691,0
61400,134.5227354806208,0
61400,134.69171497317487,1
61500,137.04317437753238,0
61600,296.61993756315235,0
61600,136.27287366144475,1
61600,109.73048036468249,0
61700,143.9664887303086,0
61700,123.30299291669775,0
61700,125.32392192038105,0
61800,181.679620395259,1
61800,119.1909028124891,0
61800,134.6142147120345,1
61900,137.61762151356274,1
61900,128.18129106066684,1
61900,396.5923892814656,0
61900,137.5605285106809,0
62000,127.37483488816622,0
62100,205.8864583081086,1
62100,123.04037628958245,1
62200,125.53301315035469,0
62200,404.67935307442343,0
62200,263.5765792567849,1
62300,138.51107899792228,0
62300,132.02403928136005,0
62300,133.20198976970235,0
62400,231.8904699629653,1
62500,137.59994348990358,0
62500,141.6827981447748,0
62600,136.41570923524418,1
62600,143.78907416158597,1
62700,205.06127286196443,1
62900,262.13479327074396,0
62900,139.03895169241824,0
63300,232.9529412923042,1
63500,206.04654568101174,0
63700,162.51968131816332,0
63900,286.8537896333635,0
64100,210.8758064172924,0
64400,221.60771357163168,0
64600,253.97081930768994,1
64700,197.21318466108843,0
64800,244.41841580753916,1
65000,450.6783076278388,0
65000,130.51572984648683,1
65200,182.48415598760727,0
65300,226.0827322353403,0
65400,258.5397060226449,0
65500,243.53023118540835,0
65700,236.38630781968308,0
65700,368.99440234396013,1
65800,281.4492311163226,1
65800,253.05511603279646,1
66100,329.9015380940235,0
66100,293.00197163726773,0
66100,299.81891431249545,0
66200,256.9156307622492,1
66300,305.1496385253772,0
66300,273.2272977459159,0
66300,275.1068595795725,1
66300,285.5650372893337,1
66300,300.18212710424245,0
66400,208.70215761086814,1
66500,307.5426583897611,1
66500,283.47139211673385,0
66500,280.9580080482399,0
66600,239.7687435488324,0
66600,321.53062769077644,0
66700,313.89664336197654,0
66700,312.93836827575564,1
66800,270.42489805663485,1
66800,315.68677541033475,0
66800,299.8838032325548,1
66800,327.4651566456141,1
66800,306.18194139509114,1
66800,283.7193651047589,1
66900,291.6827852276106,1
66900,300.0986096372218,0
66900,296.1610557795589,1
67000,282.72143928420417,1
67000,336.15251154892746,1
67000,340.8093077011299,1
67000,289.50386594737915,0
67000,316.02233505563487,0
67100,284.66702487948425,0
67100,318.81006015836385,0
67100,277.7296385730947,0
67100,305.92511833345384,1
67200,283.67465185931235,0
67200,300.6336074952742,0
67300,277.1759994871389,0
67300,240.38183652670827,0
67300,296.4213914302897,0
67300,290.41219178563773,1
67300,291.3969319089981,0
67300,300.37478679694874,0
67400,683.3814989306399,1
67600,299.0653809711635,1
67600,314.1099482769878,1
67600,230.18051998667033,1
67900,292.50954765459426,0
68000,324.4635923726604,0
68000,285.6534059519574,1
68000,299.472606853321,1
68000,384.9749178768049,1
68000,385.5359727435657,1
68000,318.4146474330252,0
68000,301.4076007223719,0
68100,303.6086981833498,1
68100,321.01505557374395,0
68200,381.8498516457322,1
68200,264.45253473661086,1
68200,319.0009665452639,0
68200,325.123837172056,1
68300,339.4633988790352,0
68300,315.98312535437094,1
68400,319.70784606520726,1
68400,274.5804273201685,1
68400,299.58822392343114,1
68400,297.7347897253899,1
68400,306.22736632915576,0
68500,328.5113442626151,1
68600,306.92579564116886,1
68600,287.4133641230728,0
68700,310.2742870594666,1
68800,351.4217858778043,1
68800,306.83243359423096,0
69000,343.2402612568871,0
69000,324.36663541677865,1
69100,400.14195371502353,0
69200,353.21620958867175,0
69200,326.13418948318093,0
69300,287.0354536962776,1
69500,344.2420305842703,0
69700,322.5670123988177,0
70100,319.0178583208264,0
70300,313.3479816583593,0
70700,296.0145028828841,0
70800,329.4325062557191,0
71100,287.0107648122654,1
71100,301.9296360067699,1
71200,336.2875494763632,1
71500,334.8533712681438,1
71500,310.3012291632406,1
71600,329.2320963062349,1
72300,317.51594752680916,1
72300,334.7101471824589,1
72400,294.1219884417306,0
72500,313.3334948090577,1
72500,338.3438257409113,0
72600,336.4983001254868,1
72700,294.78613428509965,1
72900,308.7195765917872,0
72900,302.98874853298713,0
73000,301.41041960395506,0
73000,329.6943867069521,1
73100,304.96051223122333,1
73100,355.41050281620875,0
73100,330.4693433111609,0
73200,334.5133567393769,1
73200,301.79111952014495,1
73200,344.105510592384,0
73300,254.04720334860912,1
73300,316.96982640366485,1
73400,331.22164324906504,1
73400,309.7138020850337,1
73500,309.6501535469739,1
73500,320.30571712910705,0
73500,301.51824605311543,0
73500,337.69578589601525,0
73500,309.06034315852855,1
73600,316.47257673866915,1
73600,385.35875791452816,1
73800,338.10126722877504,0
73800,352.01987103897346,0
73800,330.9179270471349,0
73800,298.2944302265037,1
73800,384.4666503139488,1
73900,364.118624097891,1
74000,317.8599123915793,1
74000,327.0200234934977,1
74000,373.8905354425602,0
74000,328.77622741420925,0
74000,332.19215533530013,0
74000,333.2517754618416,1
74100,358.1168016472869,1
74100,340.7944151720458,1
74100,286.12661703089526,1
74200,350.86023505825597,0
74300,309.27121743108955,0
74300,361.6809984028996,1
74400,347.6254846279794,1
74500,343.7310303158683,1
74500,341.36749143516874,1
74700,373.0468302710445,1
74800,361.35132817568626,1
74800,371.50878623461557,0
74900,321.8943779260578,1
75000,373.78024818414957,0
75000,338.37184795989293,0
75000,356.0459150605471,1
75000,335.24112029033796,1
75100,340.75892417386865,0
75100,339.0568853299022,0
75100,279.2692080651063,0
75100,368.9628025573098,1
75300,337.063141665202,0
75400,348.20880198751126,0
75500,351.0563898726467,0
75500,398.21966186754645,1
75500,305.81268051721645,0
75600,319.7116732053444,0
75600,327.78798774853993,0
75600,326.5048874533661,0
75600,342.86954847044524,0
75600,345.4438388865314,1
75700,342.3025407169135,1
75700,347.8455576263388,0
75700,339.21870624916056,0
75700,366.0949571621242,1
75800,353.6650160515451,1
75800,357.45999826707146,1
76000,399.1884768756695,0
76100,340.1296571251815,1
76200,420.63807468040676,0
76200,372.3668086355535,0
76200,389.2277291928142,0
76300,393.0953993430603,0
76500,299.670696253012,0
76500,321.5164946381013,1
76500,346.46702509189515,0
76500,306.2499077269555,0
76600,380.8560100229218,0
76600,398.45498635732866,0
76700,394.95483785445754,0
76900,357.0608200793151,1
76900,369.3143637518387,0
77800,337.19120573250433,1
78100,274.9699702249477,1
78200,341.0270038927387,1
78300,335.15334223014446,0
78500,298.22864360633315,1
78700,260.30413504040587,1
78800,348.24985517760274,1
78900,354.4848063274128,0
79000,314.18883061767485,1
79000,359.7955614968271,0
79100,298.9724031482226,1
79400,304.24943356335626,0
79500,324.29148760536555,1
79500,413.5785072458316,1
79600,340.3838497129197,1
79700,300.95790042249814,0
79800,360.3248960851576,1
79800,329.99660926661403,1
79800,332.7709864193405,0
79900,350.0006408640771,0
79900,318.02779931968576,0
80000,333.26364766267767,0
80100,335.694070339158,0
80100,317.25094110819185,1
80200,334.4939337882472,0
80600,316.12646762903836,1
80600,312.96601804286126,1
80600,313.7645516501913,0
80800,460.01857364352645,0
80800,362.8363062613049,0
80900,343.98718452458075,1
80900,316.7786469894647,1
80900,350.6178006147204,1
81000,337.0582659785497,1
81000,361.17673360537276,1
81100,351.07166740933906,0
81100,381.66674974803914,0
81100,371.66133721027677,1
81100,360.6986261101767,1
81100,349.24936316010667,0
81100,360.4098686779496,1
81200,348.243114377145,1
81200,370.63621317512343,0
81300,341.5020008180193,1
81300,348.94295388997494,1
81300,372.7910734315392,1
81400,335.88526775188694,1
81400,302.2262174178938,1
81500,310.31134653136314,0
81500,335.6509388517605,1
81700,321.63827205631657,1
81700,366.4125773475912,0
81700,379.27665573130383,0
81900,357.0315541470468,0
81900,331.01878395462523,0
81900,300.7349392616848,0
82000,386.47698178377715,0
82000,385.7898696418791,0
82000,319.9376854997202,0
82000,362.4231992902764,1
82000,312.16654800241554,1
82100,320.71792527468267,0
82100,337.269715846792,1
82100,309.3312431026141,1
82100,345.33114626117964,1
82200,316.60902403730137,1
82200,393.7960070227448,0
82300,343.0736502140295,0
82400,325.43960169160374,0
82400,415.35381588057083,0
82400,328.63923728772335,0
82500,332.8127320665016,1
82500,286.20870957915946,1
82600,339.1300767438138,1
82600,374.0079255244901,1
82700,456.16057561683067,1
82700,315.4862706382563,1
82700,320.8033512026384,1
82900,367.25237261302897,1
82900,379.2343195706765,1
83000,351.7010610335552,0
83100,334.6575278700336,0
83100,358.07576877299067,1
83200,401.6624889573015,1
83300,310.2864740724254,1
83500,350.0882512760155,1
83500,338.1714156656168,1
83500,368.7981571050271,0
83700,364.2841254725192,1
83700,393.46195209580196,0
83800,354.6363595998231,0
83800,418.9019816905635,0
83900,359.051344593398,1
84200,400.71897723016997,1
84200,451.257849880378,1
84600,383.7097761999068,0
84600,381.98391602471526,1
84600,398.1683657812269,0
84700,311.47330717638965,1
84800,378.9216331739053,1
84900,390.04662906398056,0
85000,346.80142590773113,0
85100,331.99056787927026,1
85100,287.7958564609204,1
85600,325.6622092909773,1
85800,330.4392359401839,1
86000,381.0223211529552,1
86100,292.1968559800621,0
86200,324.4405793262317,1
86300,350.30846860563497,0
86300,366.63165671120964,1
86300,377.4748494749692,1
86300,311.66805441722045,0
86300,309.06021039397103,0
86400,293.8923587967153,1
86500,355.61304172330676,0
86700,276.84297516206163,1
86800,320.65415117958236,0
86900,326.73830272262643,1
87200,356.9000035047281,1
87300,310.3040919132156,1
87400,381.52975711260797,1
87400,360.9480080951543,1
87600,320.01788249184455,0
87600,366.7205774155125,0
87800,321.89415829302976,1
87800,335.77924098259314,1
87900,343.8302482365526,0
87900,298.90372639294816,1
88000,390.6909846820883,0
88100,337.62753717165003,0
88100,335.7434365330395,0
88200,332.90158823061194,0
88300,344.58462802593164,0
88300,348.281898252096,0
88300,332.73023933621096,1
88300,314.53154935760006,1
88400,347.54488562988917,1
88400,333.7512159923804,0
88400,353.59888774415117,0
88400,417.451300756286,0
88500,341.3568488651704,1
88700,315.6216641341119,0
88800,367.70725481396204,0
88900,331.25853726418757,1
88900,330.77272312869667,0
88900,393.2302069728885,0
89000,326.6319352142131,1
89000,366.82674123627584,0
89000,308.47189231410385,0
89000,353.623545098995,0
89100,344.52580155589885,1
89200,313.9697589412458,1
89200,350.26917459672205,1
89200,302.5206254993712,1
89300,460.2757470200653,0
89300,392.0811552018824,0
89300,342.80631736867633,0
89500,338.947109925312,1
89600,360.85661158274695,0
89600,428.9776398503937,0
89600,362.2229854321817,0
89600,400.8965496995924,0
89700,337.9615745414374,1
89800,345.76076688556583,0
89800,355.88916810706473,0
89900,400.4385126069994,0
89900,441.03990590694394,0
89900,361.2949156646162,1
89900,286.9703068440382,1
90000,398.4333852193322,1
90000,313.6734874010983,0
90300,385.35887169221525,0
90300,342.1333057635822,0
90300,392.4757774231613,1
90300,343.6414497538722,0
90700,371.7379421442384,0
90800,337.25996578491447,0
90800,399.6131761218703,0
90900,394.23555600908634,0
91000,328.1488836580476,1
91100,431.7261076741683,0
91100,354.2551665054635,0
91100,363.28292920178797,1
91100,433.4839958484979,1
91200,334.9889717996767,1
91200,388.69032776539115,0
91300,423.8069921465447,1
91600,422.6900971973332,1
91600,335.21452611824543,1
91700,342.5618464650965,1
91800,461.01361617323823,1
91800,418.6628459642664,0
92000,393.92123594545683,1
92100,336.9958393108053,1
92100,412.20044912427153,1
92200,338.96618868890744,1
92200,280.3960714333628,1
92400,433.0827038261412,0
92500,363.29971100964025,0
92900,382.9039726730745,1
93000,438.7936063864177,0
93100,385.3749327226456,0
93100,400.01588190524984,1
93200,327.90836422770496,0
93300,315.8912739773521,1
93300,334.3684708943542,1
93500,355.8022742838539,1
93500,335.56130870412557,1
93700,387.324016708131,0
93800,334.8088808879151,0
93800,362.134557329453,1
94100,379.9756603823477,0
94200,374.16391171820374,1
94300,406.44160990395085,0
94500,342.9065942327268,1
94600,334.32583190226154,0
94700,314.26800612169353,0
94700,341.9470280957598,0
94800,480.1913091712871,0
94900,297.9313792937376,1
94900,335.8334581805777,1
94900,381.5325600441446,0
95000,325.1485256038708,0
95100,369.8549497734379,0
95100,349.7695978991045,0
95200,324.575552786727,1
95300,333.2217104143804,1
95400,366.91933461804854,1
95400,344.4316937560895,0
95500,383.4988422201562,1
95500,340.0721897926799,0
95500,443.8250174873348,1
95600,339.7412440155815,1
95700,354.29496219673734,0
95800,448.72482065708124,1
95800,410.47910201227086,0
95900,357.46072088068354,0
96100,329.2450885854548,1
96200,334.5003359892359,0
96300,350.2539214343197,0
96500,366.0816374818836,0
96500,388.20930711325485,0
96500,360.7758689956222,1
96500,330.2031330456296,1
96600,415.8637733415733,0
96600,315.0651005132827,0
96600,324.5057270149924,0
96600,329.05556479932477,1
96600,370.9848640218865,0
96600,387.84831305406345,0
96700,367.06947458198863,0
96700,413.73033444607876,0
96900,332.316375822813,0
96900,337.13735954674985,0
97000,371.8287718001338,1
97100,370.4893371513568,1
97200,418.2300624190563,0
97300,361.9796459013488,1
97300,366.778253768732,1
97300,332.00764424758813,1
97300,380.652650399818,0
97500,398.5589664281565,1
97600,346.35058389887195,1
97600,331.3965655089337,0
97600,393.0880836982864,0
97700,361.92580199961327,1
97800,328.38926922167536,0
97900,425.4751987097394,1
98000,427.84946562202754,1
98200,378.6635564156026,1
98300,358.7917761947829,1
98400,339.72363156711,0
98500,407.21151516666566,0
98500,307.17586430193666,0
98700,363.264880639275,0
98700,341.0927184320643,1
98700,436.394301749548,1
98700,396.7517547025612,0
98800,363.99920385640525,1
98800,373.05787851890636,0
98800,418.5858533916228,1
98900,313.99590431413253,1
99000,341.02948143297937,0
99100,351.96285758643694,1
99300,449.393119265606,1
99300,383.35264891437055,1
99400,395.34259800334024,0
99500,451.9774358820152,0
99500,338.54608475252854,0
99500,378.0383894433423,0
99700,407.38124975660344,1
99900,378.4721406216689,1
99900,383.652414723194,1
100000,372.93669612368643,1
100200,366.5890379566652,0
100300,497.2703558414427,0
100400,432.5175604331543,0
100500,457.9852193261748,0
100600,365.8566701350952,1
100700,360.4259454212879,1
100900,338.0114998336578,0
100900,412.2098326847747,0
101000,374.39283996279335,0
101000,362.3637752244475,0
101200,351.0778143127633,1
101200,389.04566086621276,1
101300,367.12245047910295,0
101700,297.1532922565413,0
101800,356.81333936197694,0
101800,396.6271888390754,1
101900,414.24417194951315,0
101900,346.50085536389025,1
102000,337.5941082194258,1
102200,323.555952250723,1
102300,363.5775030866424,0
102400,319.08187880213893,0
102400,392.3607357198575,0
102500,336.8658742023307,1
102700,351.829705816328,1
102700,374.57519573627104,0
102800,360.2570257365136,1
102800,368.038074283798,0
102900,414.23844838630794,0
103000,306.9198750523419,0
103000,401.4092535714595,0
103100,393.6476602951682,1
103100,463.009543730319,1
103200,383.8617396586235,1
103200,275.0170277804557,0
103300,307.12075490635124,0
103300,328.33243514566254,1
103300,322.0471786344031,1
103500,337.89624579845594,1
103500,333.1084092428049,0
103500,330.83546280748476,0
103500,472.94613686901636,0
103500,389.6236142840255,1
103700,407.0614865366394,1
103700,363.7731992670302,0
103700,324.6915429983177,1
103800,420.5819085658385,0
103900,365.95483607451536,0
103900,304.38472067866627,0
104000,354.9499068444073,0
104000,358.9308957062902,1
104100,359.52791101056965,0
104200,315.4756241984793,1
104200,340.72107716156074,0
104200,410.125605307404,0
104200,361.60645662066804,0
104300,301.52127061649287,1
104400,411.07477750430616,0
104400,403.20177710822736,1
104600,396.6146407323175,1
104600,343.0374263736856,1
104600,387.840156597199,1
104700,457.0131851190925,0
104700,342.38584379862516,1
104900,392.9949544100788,1
104900,335.14006063540955,0
105000,295.9001835539111,1
105000,302.196971303757,1
105000,369.4281999675846,1
105400,337.09491122791206,1
105500,335.5037966847069,1
105500,395.2505627891037,0
105600,516.4129097676478,1
105700,305.8554155710995,0
105800,303.9031167401197,0
105900,349.01499064983426,0
105900,345.93711999809454,1
105900,342.2682547197595,0
105900,436.4723870099419,0
106000,374.81091736134016,0
106100,401.5007982028004,0
106100,293.0804119927241,0
106200,427.0140338474995,0
106300,338.31733121058477,0
106400,370.15871860469133,1
106400,373.34560071024646,1
106500,408.71453158212415,0
106500,343.55073931673877,0
106600,379.0845023691383,1
106700,368.6259792924727,1
106700,363.33555272360627,0
106700,453.86166738040265,1
106700,339.8650696443988,0
106700,446.19103131927614,0
106800,398.6563023240477,1
107000,356.49801379335395,0
107000,364.2892211113186,1
107300,399.24327572772177,1
107400,328.57209548606954,1
107400,331.4023433650787,1
107800,380.5044567693822,1
108000,341.06358755102906,1
108100,344.58941796322705,0
108200,349.1890583301616,0
108300,340.0793464847472,0
108300,403.58806546839804,0
108400,387.58437428531204,0
108400,357.0164280537785,0
108400,371.58213280866175,0
108400,348.7036831674152,1
108600,319.4528693798564,1
108700,315.05083332624196,1
108700,355.32872935956533,0
108700,338.18891083867294,1
108900,312.054562627313,1
109000,296.33883924143817,0
109100,347.51327304683446,0
109100,300.9733612776891,1
109100,417.1731323204584,0
109200,356.78962734754174,0
109200,424.0711612256011,1
109400,327.6390660648032,0
109400,367.80165928239006,0
109700,320.57162803686816,1
109700,302.88957812670554,1
109800,355.2412208180732,0
109800,302.9644949639794,0
109900,336.171586759681,1
110000,345.49471582288834,0
110000,386.2467355695589,1
110100,337.1943764783538,0
110100,365.4624824231114,1
110100,336.7002418440536,0
110200,379.15479716750156,1
110300,353.39944186799374,1
110300,314.00026055544026,0
110400,348.00086348863505,1
110400,341.4708011745622,0
110500,330.17459852315113,1
110500,286.7702066325397,0
110500,330.62071603630585,0
110700,346.0673319321147,1
110700,354.7081254515031,1
110700,383.3594263498077,1
110700,315.9179565181392,0
110800,333.5769483728618,0
110900,331.336660558455,0
111100,334.4751294385666,0
111200,329.52796995998784,0
111200,330.5222656795727,0
111300,379.0100705662676,0
111300,357.77385280082154,0
111400,369.62636944780417,0
111400,309.2798904288738,1
111500,335.25170503018603,0
111500,354.902220709047,0
111500,383.6783789322248,1
111600,349.46197236606866,1
111700,374.1437383653393,1
111800,340.7460525648244,1
111900,377.83433325636844,0
111900,353.3995593157608,0
112100,310.9355305675735,0
112100,378.46413495909377,1
112100,420.7710084352057,0
112200,327.34989283232494,0
112300,322.76925556360476,0
112400,356.83833451264803,1
112400,295.30068843042403,1
112500,318.00905720745357,0
112500,374.7145302499182,1
112700,332.55558674576235,1
112800,333.32728312077506,1
112900,387.5055500975982,0
113000,361.4743084156514,0
113100,390.78370532283486,1
113100,367.8507692132376,0
113200,347.49724407461775,1
113200,317.46417458673375,0
113200,393.0512019073786,1
113400,334.5877963319163,1
113500,366.6270134547984,0
113600,342.66825112946816,1
113600,362.4874735737023,0
113600,333.93492070190945,1
113700,340.2305608184303,0
113800,343.2266441248199,1
113800,307.83578806175626,1
113800,364.8529744411836,1
113900,341.84777527011306,0
114000,335.2562129651771,0
114100,380.70843550442925,0
114100,371.21983069203435,0
114100,343.27710792115226,1
114200,331.09981822338665,1
114300,376.7094362215757,0
114300,337.9027276039987,1
114600,379.56311187298496,1
114800,323.95522140149825,0
114900,320.13523119758895,0
114900,318.17240108955474,0
115000,348.6066598219486,1
115100,439.22031530678794,1
115100,327.1069859341754,1
115200,337.42462091076146,0
115300,283.68614081771636,1
115400,308.66555901434685,0
115400,326.56985217111986,1
115500,342.30805326748464,1
115500,330.60408853952987,1
115700,369.4039486156132,1
115800,358.338824112373,0
115800,332.1360500801617,1
115900,326.2076770595696,0
116100,372.09865517347316,1
116200,360.89298904285084,0
116200,345.0967747125396,1
116400,458.3920984234039,1
116500,286.12114030207397,1
116500,352.39959234633034,0
116500,375.5807002032382,0
116600,320.05902661862655,1
116600,333.57536570008847,0
116800,324.4914568940534,0
117100,317.8022214691283,1
117300,367.5240339029701,1
117300,332.825704589575,1
117400,305.41709520564643,1
117400,398.66231879677207,1
117500,327.7562047866853,1
117500,347.6442251460368,1
117500,342.9017093204513,1
117500,304.45675895145797,1
117600,354.19068845894367,1
117600,332.71167534250344,0
117600,394.37405077649464,0
117800,375.18145780730896,0
117800,412.62787161937257,0
117800,371.091071077296,0
118000,314.06280461226214,1
118000,393.23393024186095,0
118100,326.8185283667031,1
118100,382.2313481693829,1
118200,358.974481595057,1
118200,331.54484019342385,0
118200,329.65366167141553,0
118200,361.5422843973152,1
118200,330.79863152044027,0
118300,307.79529684765623,1
118400,325.6835290341004,1
118400,344.42221674696253,0
118400,398.86337179915944,1
118500,395.87157848971515,1
118500,330.3690751350725,1
118600,376.82339413958596,0
118600,371.6760134044818,1
118700,331.3073923569943,1
118800,306.1965278239963,0
118800,427.4570868136472,1
119000,331.1391458504036,1
119000,362.193937349619,1
119000,343.4691438355544,1
119100,410.5575606577094,1
119100,305.63307791947716,0
119100,366.569703104264,1
119300,329.87547008504,1
119300,335.9327550440163,1
119400,343.7569100276841,1
119500,341.6967191928003,1
119600,306.91836700499624,0
119700,326.39257342735925,0
119800,326.47137264073245,0
119800,329.5092212298136,1
119800,342.08552719561925,0
119900,311.0980958846563,0
120000,303.0047910621233,1
120000,281.050958541892,1
120100,323.4738586043951,1
120200,339.68136630323613,1
120300,299.5772322086655,0
120500,402.2543777992974,0
120500,332.1585293013532,1
120600,406.32708520039733,1
120700,332.2584837116379,1
120700,366.4588453727154,0
120900,340.5000536899974,0
121000,375.3923952424555,0
121100,414.1384655836944,0
121100,355.9656883989806,0
121100,338.6727943649962,0
121600,323.10729115853593,1
121700,284.36180689751876,0
121700,298.34808823931195,1
121800,391.59423871340096,0
121800,393.33171563422343,0
121800,308.5071113547936,0
121900,380.4013759332866,1
122100,398.7023203180576,0
122100,372.7785189655548,1
122200,378.6040323189865,0
122200,356.23034167693817,0
122300,333.2414207823908,0
122500,352.6956508849105,0
122600,359.75973553622214,0
122600,334.66345722138317,1
122800,322.84086131771545,1
122900,384.26794962381655,0
122900,302.9269207792432,0
122900,402.7302245321163,0
123000,361.09276353436144,1
123000,419.0149902929804,1
123000,382.15519559748935,0
123100,316.45962870243625,0
123200,355.81264155235783,0
123200,393.37558649677254,0
123300,335.2371972489299,1
123400,389.9238924108741,0
123400,348.34762940067253,0
123400,331.54282010921656,1
123700,365.29986282152134,0
123700,380.79956546324627,1
123800,345.3284134090464,1
123800,339.48491266985445,1
124000,321.5730099664876,1
124100,289.4568271704693,1
124200,323.7098796667209,0
124500,337.24689322549744,0
124600,328.3143368376024,0
124700,390.3784916073438,1
124700,295.90679762418165,1
124700,342.2728419086829,0
124900,311.9318888284384,1
125000,366.916040081033,0
125000,361.4389138116308,0
125100,294.2561338048831,0
125100,382.38816739520536,1
125200,333.7721800822913,1
125200,367.49670401770965,1
125200,320.03655005637074,1
125300,369.665639307673,1
125300,344.7114925647741,1
125400,365.7073894419224,0
125400,387.30694981299223,1
125600,364.4930076705229,1
125600,388.14255824486276,1
125700,359.77074416537465,0
125700,345.69679232402933,0
125800,339.64224787804744,0
125900,364.826285615035,0
125900,382.4110991963482,1
126000,363.4701261380409,0
126100,336.71067018695186,0
126100,368.9668831766565,0
126100,378.9774532649514,1
126100,383.6437731715002,1
126100,395.4874085097929,1
126200,324.9166902947195,1
126200,354.4863323313827,1
126200,364.0837564181949,0
126300,424.86456332354777,1
126400,371.85918039376685,0
126400,301.8918180998342,0
126400,344.8045267364731,0
126400,315.17161080609236,0
126400,309.58933885726043,0
126600,353.74458508041295,0
126600,363.4661927291349,1
126700,339.066844216042,1
126900,416.537394450375,0
126900,381.2819344554296,0
127000,386.26981503845604,0
127100,380.9773798707369,1
127100,319.57491092761796,1
127100,316.80366209442633,1
127200,317.3166093024492,1
127300,317.9489620278865,0
127400,366.35620374305006,1
127400,309.24700034059384,0
127400,361.4680944028523,0
127600,383.78843383875596,1
127700,399.52347157248937,0
127700,319.1172875293202,1
127700,362.04798985771544,0
127700,380.38577053981027,0
128100,373.3859390953828,1
128200,344.0773782443967,1
128200,302.88919593601025,1
128400,359.9885447107701,0
128500,408.0446961057511,0
128600,335.3277808522881,1
128800,302.64839970914704,0
128800,313.5112598288402,1
128900,327.9807588125886,1
129000,381.11116552943975,0
129000,295.1879943906754,0
129100,341.7408805992701,1
129100,402.66238496244273,0
129200,338.44512966099677,0
129300,339.7562461615919,0
129300,366.60461552302945,0
129300,372.02094689975553,0
129400,367.85514543984516,1
129700,325.35024166294363,1
129700,341.1711023623694,1
130000,395.52366162129914,1
130200,332.05816950939766,1
130300,406.1907883899777,1
130300,349.7934178115228,0
130400,341.13094243553365,0
130400,348.11824725528766,0
130600,328.3125102751401,0
130600,346.1975970900262,1
130600,314.38111546302935,0
130700,372.7323398225794,1
130800,356.8331635497375,0
130900,376.052896677895,0
130900,390.2476102942549,1
131000,304.1248348972092,0
131000,381.56253660383265,0
131000,305.54705477598776,1
131100,351.3307683782119,1
131100,388.5176927819521,1
131200,359.4800521511053,1
131300,389.3323665649932,1
131400,368.9902819086609,1
131400,328.03008465290605,0
131500,362.5151601078864,1
131700,358.34635735875605,1
131800,311.1282500091276,0
131800,437.66209950788766,0
131800,349.6132553764861,0
132000,304.282777369038,1
132000,353.6076133376512,0
132100,349.48812753569615,0
132200,341.6008738068079,1
132400,310.2835573979412,0
132400,356.14547210319427,0
132400,287.9201853286955,1
132500,301.86450512458566,0
132500,333.4297442190429,0
132600,314.5592920619388,1
132700,359.3785047192676,1
132700,318.1092711122351,0
132800,342.0113400042171,0
132900,366.47730501491117,0
132900,374.89192520354123,0
133000,375.83525501983644,0
133000,319.5568848182299,1
133100,310.78133739943627,0
133200,385.1121488099146,0
133300,345.4510697045317,1
133400,361.97990935864334,1
133400,354.98944427289837,0
133500,351.8646314238219,0
133500,387.11466679191227,1
133500,362.65090100629556,0
133600,397.099425097327,0
133600,315.8831575784365,0
133600,323.0872492413997,1
133600,360.90499030456874,1
133800,354.2175017292548,1
133800,421.13618999360364,1
133800,394.13358561084453,1
133900,316.87795639221963,0
133900,360.8679031926574,0
134000,394.7253295633812,0
134000,331.1717148769596,1
134000,337.756162650353,1
134000,365.6488952828061,0
134200,353.07823512383465,1
134300,319.86689255041506,1
134300,294.7458527226495,0
134400,394.309514891186,1
134500,325.8179209864909,1
134600,293.990902301196,0
134700,355.8161527511902,0
134700,352.15408035085426,0
134700,388.9663309309381,1
134800,405.2791969062289,1
134900,345.9226505058938,1
134900,376.72217422395164,1
134900,351.68879966230884,0
135100,322.70862067428794,1
135100,357.5204604163008,0
135100,404.9827197055129,1
135200,390.38836588613856,0
135300,346.6920494959326,0
135400,383.06940351607653,0
135800,317.98295323342853,0
135900,370.8421010373945,1
135900,297.69392818064074,0
136000,322.2131179726694,0
136000,344.33508064173617,0
136000,346.2694810226589,0
136200,307.4061337087086,1
136400,337.4154160540977,0
136600,382.66814306063486,1
136700,321.0706672098121,1
136700,353.09073811626894,1
136700,369.4634940858771,0
136800,370.8339648425332,0
136800,380.60389008406065,1
137000,320.3445077370703,1
137000,386.12105502843013,0
137000,322.28990842651876,1
137000,287.44366322282417,1
137100,335.7328936237988,1
137300,323.1794215506155,1
137300,381.54435412421503,0
137400,326.43646590644374,0
137400,335.5148154644929,0
137600,319.3328410041543,1
137700,323.10558290640836,0
137900,346.7967391236163,1
138000,344.89487348018287,0
138000,303.46198173322784,0
138000,419.65245302048305,1
138100,368.4402831112112,0
138200,361.4340952068679,1
138200,343.582897497303,1
138300,347.73391606712903,1
138400,338.0266529296771,0
138400,339.79595001258724,0
138700,333.77206977245265,0
138800,372.3712479480292,1
138900,383.19714049280276,1
139000,348.00422443196567,1
139100,310.32051974989594,1
139100,382.29896123146546,0
139200,374.9665941310419,1
139300,327.21303859335404,1
139300,331.4405804273346,1
139300,349.691842006818,0
139400,310.9365778478116,1
139600,375.1922387937616,1
139700,371.06114122432683,0
139700,353.17313874595897,0
139800,371.16179634616185,1
139900,400.76552996851115,0
140000,375.8683816733016,1
140000,329.24908797092047,1
140100,306.4158376978547,1
140200,373.55851371036033,1
140300,372.58355748740746,0
140400,316.2090350037192,0
140400,293.70178070613855,0
140400,361.89443204142304,1
140500,327.66373350153054,1
140500,373.4295142608447,0
140600,335.86572640602856,1
140600,345.5041518949309,0
140700,322.0595743714442,1
140700,379.0005445204436,1
140700,326.38515826046813,0
140700,346.81063702748986,1
140800,395.69780132395005,1
140800,373.6306447990567,1
140900,352.92745740301365,0
140900,332.7024646213136,0
140900,363.0956072166001,0
141000,384.5514439655456,1
141000,381.7636619103371,0
141000,313.76350559435184,1
141200,302.1518809818259,1
141200,313.64817913821156,1
141400,302.80961871947807,1
141400,342.9432444797664,1
141400,366.5568422593066,1
141500,391.3695521209171,1
141500,359.65583602345333,0
141500,393.173813186826,0
141700,341.5421097545845,0
141800,322.59186683571716,0
142000,403.6239080307705,1
142000,406.44339684206284,1
142100,392.9409821267081,0
142200,397.53853526551444,1
142300,335.8800204979186,0
142300,358.8264341745893,1
142500,348.81418698034986,1
142500,356.48873749870734,1
142600,297.84837337591654,1
142600,354.6488153115739,1
142700,406.1967799173373,0
142700,376.36653936454974,0
143000,338.3082833785588,1
143000,411.30166922857774,1
143000,341.44625859216563,0
143200,403.5812154041572,0
143300,306.9182675425174,1
143300,416.06044855655443,0
143400,355.91933601803714,0
143400,294.79320878003324,1
143400,356.0900429461735,0
143400,366.0407586649327,1
143500,330.8821460688341,0
143700,371.2182146281686,0
143700,322.76678927161976,0
143800,346.8551872017202,1
143800,336.69109899401315,0
143800,327.0174540613241,0
143900,306.8540634259324,1
144000,320.41706145748867,0
144100,443.03414063678895,0
144400,363.81941260949344,1
144500,305.6061406261549,0
144500,327.6048830449156,1
144600,367.2438665473974,0
144600,355.0949088081334,1
144700,328.0416849103994,0
144800,410.57567452704365,1
144800,329.4002048848892,1
144900,372.6346873389185,0
144900,314.0568163086759,0
145100,295.17418208739207,1
145100,333.38439809294016,1
145100,325.06646032796397,0
145200,334.5687728786727,0
145300,412.9948965638798,0
145500,419.24579270166856,1
145600,365.44216583335213,1
145800,326.35120636365184,0
145900,299.62907787103916,0
145900,315.18670839590715,0
145900,408.69033539268986,1
145900,377.9702061303996,1
146100,335.03366065422125,0
146300,391.2105471432733,0
146300,359.68913307153105,0
146400,291.5669346892573,0
146500,347.27939088921715,0
146600,354.812245731474,0
146600,358.9590456182472,0
146600,358.0755296423315,1
146700,303.88664874224577,0
146800,293.43040191744427,0
146800,390.3657146400836,1
146900,324.8123294010039,1
147000,347.9223971957016,1
147100,345.59844110704233,0
147400,389.1056301581313,1
147600,309.74728812025677,0
147600,293.1449345452073,1
147600,382.5671917517531,0
147600,333.38750067206314,0
147700,374.8512790428558,1
147700,336.0777573025461,1
147800,342.7431711845624,0
147800,370.13650652656963,1
147800,390.0951104880329,1
147900,323.4248920197488,1
147900,298.5470065033314,0
147900,357.09193438622367,0
147900,337.6681264040298,1
148000,345.73227706279897,0
148100,389.47482274889023,0
148100,324.43039362673557,1
148100,356.4945980538971,0
148100,359.90794135147024,1
148200,313.05651401323274,0
148200,369.3783240688238,0
148400,359.84320666557704,0
148600,318.59773427037214,0
148600,288.52677021786513,1
148700,352.6466629978306,0
148800,401.43188836089007,1
148900,360.6671614493187,1
148900,379.96186656854564,1
148900,321.04280100028177,0
149000,313.4204610364783,1
149000,337.01611092205343,1
149000,314.9818222066845,0
149100,402.3439536207723,0
149200,395.49633493631893,0
149200,419.04659786279143,1
149300,337.05491346902653,1
149500,389.6527964323868,1
149500,359.8195866531885,0
149600,332.15821039099455,0
149600,320.19544716771514,1
149800,363.33000162249306,0
149800,426.1898807324983,1
149800,347.8268405704202,1
149900,321.06032910497066,0
149900,333.7615921495977,1
150000,324.69702088520893,1
150200,340.2265731291533,1
150200,412.810815475222,0
150300,319.2115225915897,1
150300,332.3565481214046,1
150700,458.5475425720068,0
150800,350.47542615305355,1
150800,331.6072601033211,1
150800,304.09391940923575,1
150800,356.0914026458437,0
150900,396.3455402622452,0
151000,298.13212013940114,0
151100,308.364654819205,0
151200,318.05932095829354,1
151400,312.6508506727618,1
151500,321.51822976039404,1
151500,368.7042929413396,0
151500,387.84088546078374,0
151600,414.6464104954413,1
151700,365.60534311690384,1
151800,321.69573239990535,1
151800,386.4822244870119,0
151900,393.00403106040847,0
152000,360.9366094458983,1
152000,391.14182701133547,0
152000,411.3441099538259,0
152200,342.0564668397418,1
152300,330.78314611544954,0
152400,403.23662332634933,1
152400,312.48589881139867,0
152600,322.9110941090939,0
152600,337.9869196969454,1
152700,361.6199654001854,0
152700,336.42401476614805,0
152800,378.8087417831289,1
153000,403.2215878609195,1
153100,304.32807290105137,1
153100,314.0029337725905,1
153300,389.6893451774121,0
153500,391.8656647824898,1
153800,349.7612503104261,1
153800,358.02588369743387,0
153800,343.667496582554,1
153900,299.06713785501836,0
153900,449.2576509180851,0
153900,313.9533471468558,1
153900,347.7330497717584,0
154000,311.1736759580901,0
154100,340.4067946717102,1
154100,374.9845284101188,1
154100,349.8473155616507,1
154100,319.0977244675422,1
154300,323.911681452793,0
154300,402.6802125556285,0
154300,368.3368765170331,0
154300,326.2962777074837,1
154400,317.79771951325944,1
154500,327.96397851449336,1
154600,408.1468246559107,0
154600,393.9280861453276,0
154600,377.71937661793714,0
154700,323.86472558296225,0
154900,326.19972499779516,1
155000,343.39704062166714,0
155000,435.48766116290915,1
155000,347.43471331065194,0
155100,335.3497527934942,0
155300,322.559053092271,1
155300,334.66953983861066,0
155400,312.0001345510242,0
155500,354.2238614790226,0
155500,358.75759236171194,1
155700,373.04606471339724,0
155700,326.6365053064154,1
155700,324.67774620926076,1
155800,346.21097105626257,0
155900,373.89316647354093,1
156000,350.10601626637464,0
156000,373.9935078674134,0
156000,349.7824377566397,1
156100,395.11899542990784,1
156100,423.99077347069976,0
156300,345.1116985025841,0
156400,362.9484516476203,1
156500,417.9661026734651,0
156500,334.1007925686043,0
156500,338.5968405864248,1
156600,359.2171843009596,1
156700,367.39574470311084,0
156800,350.3685255842005,0
156900,321.3752897397336,0
156900,338.13125396036946,1
157000,371.16877862536904,1
157000,380.92086450039557,1
157100,309.15196780865193,0
157300,364.83688971472986,0
157400,357.72706015712595,1
157400,318.55306423161073,1
157500,448.66429721604226,1
157500,368.59462246800297,0
157500,387.4233626638457,0
157600,353.7898556193678,0
157700,404.514943826462,1
157700,289.3068835762763,1
157800,336.05157678135964,1
158000,330.07362741395093,0
158000,391.2866812278594,0
158000,375.46084976529096,1
158100,304.38762768454524,1
158200,377.7235312094345,1
158200,342.72233749145994,1
158200,398.94648483017323,0
158600,343.25141744611193,0
158600,326.82801933007596,0
158700,376.9327534809475,1
158700,370.436763943939,1
158700,349.2062755875457,0
158800,351.8199937598731,1
158900,356.9087686405436,0
158900,299.7976471231502,0
159000,386.8686396871326,0
159000,361.1425779214278,0
159100,332.3472777511777,1
159300,333.52707447094,0
159300,405.34336725723807,0
159500,360.6905063789995,1
159500,358.9464899044835,1
159500,332.7997355780974,1
159700,351.36830314629447,0
159700,311.96163402901,0
159700,340.53019950036906,0
159900,350.5907132248812,0
160000,383.7682685247698,1
160100,397.41016449486676,0
160300,307.3899855792129,0
160400,353.01151979280326,0
160500,341.7015284067313,0
160600,313.28092329114634,0
160600,365.43829791693304,1
160700,333.0424038914526,1
160700,326.98548588940514,0
160800,333.70608817346846,1
160800,336.1978236749762,1
160900,339.81534186744045,1
161000,393.93833283906747,0
161100,325.12847165618274,0
161100,421.9212986554095,1
161100,385.8565218000245,1
161300,345.5689262481625,1
161500,299.6583401621495,0
161500,292.6144218891717,0
161600,337.2190719838939,0
161700,343.2473589096092,1
161700,372.4682489212899,0
161800,350.01121845854806,0
162000,381.4266540426007,1
162000,396.5206474687328,0
162000,363.40953806469133,0
162000,371.5653164004136,1
162100,373.748356884244,0
162100,339.9023528545538,0
162100,317.7509707801132,1
162200,300.1196984048824,1
162200,346.09039494945614,1
162200,379.0612360037973,1
162300,288.9142702354802,1
162300,366.18484307852714,0
162400,326.5705531045457,1
162500,347.0876947545638,0
162500,335.6656741763941,1
162500,359.0993712025332,0
162600,334.79728698218054,0
162700,314.70044306756347,1
162800,407.2356322489804,0
163000,387.2807211482782,0
163100,341.23527982698687,0
163200,353.406845814971,0
163200,431.9443358242819,1
163300,303.53057781112796,1
163300,356.5770118556891,0
163300,328.0275322375453,1
163600,324.3322804608257,0
163600,330.9502993485784,1
163600,377.8073685695153,1
163600,412.15173876125095,0
163700,377.884999161351,0
163800,325.97812291605186,1
163900,352.4467614803955,0
163900,356.54259961315347,1
164400,333.28258538658775,1
164400,296.9302482969027,0
164500,389.7012814957236,1
164500,366.4909989024056,0
164500,346.9787627373531,0
164600,365.0873778824819,1
164600,337.6300902856616,0
164600,318.8879207078397,0
164600,405.20895780483755,0
164600,317.6870931283206,0
164700,346.1866475189192,1
164700,323.7584514220078,0
164800,342.4155233411422,0
165000,353.25824855161335,0
165100,351.89577427643945,1
165100,407.9988938521638,0
165200,340.0387493014015,1
165200,318.8745080963239,0
165300,380.05760436028254,0
165400,325.6551773932342,0
165400,349.0034393747457,0
165500,418.33371033992233,0
165800,314.40086893147776,0
165800,337.08095205745735,1
165900,285.7652521160918,1
165900,289.6733715205073,1
166100,348.7753241413313,0
166100,361.31162609840834,0
166200,320.8632702994686,1
166200,418.4083231188787,1
166300,352.3690071051191,0
166400,370.67944741801074,1
166700,364.11157202796613,0
166700,282.13990466514974,1
166700,346.4481412952532,1
166800,343.23175858922986,0
166800,351.86722135835964,1
166900,384.34751619452004,0
167300,316.57836692134657,1
167400,321.9388094791358,0
167400,435.9712091046321,1
167400,463.53100963941773,1
167400,342.4125280744745,1
167900,393.22310829957513,0
167900,352.55751880105333,0
168000,303.88785589884213,1
168100,439.6353389090891,1
168200,405.63505097118315,1
168200,365.94677924872354,1
168200,282.20799259320296,0
168300,276.3871171284874,1
168300,349.61894862766337,0
168400,331.22430986492583,0
168500,451.12219101089187,0
168500,401.4039952441469,0
168500,373.2001539105759,0
168600,336.8332053539077,1
168600,316.12993054822493,1
168600,295.1953243333352,0
168600,383.45034833910347,1
168600,252.0126475927589,1
168600,443.5401508422338,1
168700,312.36108574311913,0
168700,308.93905319735717,0
168700,292.48870727044755,1
168700,362.62429492886105,1
168800,307.3286939286902,1
168800,288.1442182590225,0
168800,270.9581081329131,1
168900,326.13642291070477,0
168900,394.36252895482556,0
169000,344.1019633318251,0
169000,334.9449480377678,0
169000,319.2081496409877,0
169000,304.76470533070824,0
169000,320.9285858847461,1
169100,337.0978437335732,1
169200,312.00871635412057,0
169300,377.1546097639694,0
169300,364.46113249994534,1
169300,390.8817972671376,1
169400,292.0467855177645,1
169400,270.5046580844347,1
169500,432.4235868242649,0
169500,289.9960172222979,1
169600,291.6418355075655,1
169700,288.6413793328033,0
169700,327.6119289796334,1
169700,400.9434382805278,1
169800,281.8716208647987,0
169800,273.0004336633694,1
169800,368.5354239377324,0
169900,311.3879880543765,1
169900,290.83699026090585,1
170000,419.95770435543227,0
170100,332.6608620831917,0
170100,304.7099452686362,1
170200,275.65122718396714,0
170400,306.7374677981369,0
170400,392.2861638899826,1
170400,265.83541913390087,0
170500,288.22093320847017,0
170500,316.45473910840445,0
170600,275.2348587279564,1
170600,283.6596943808285,0
170600,290.7763965272006,0
170600,287.05010529018773,0
171100,300.6161278134857,0
171100,308.23932140159656,1
171100,271.5208618188565,0
171100,285.7745581589176,1
171400,324.22928428511005,0
171400,288.50799047588373,1
171400,286.8587480577128,0
171400,319.85185169771654,1
171400,325.3809677265845,1
171700,307.66947121344634,1
171800,299.6528494408619,1
171800,309.61502768056897,1
171800,310.7889026648567,1
171800,284.2954417782536,1
172000,280.4907356412456,1
172100,352.13705491530266,0
172100,277.9166732527651,0
172200,312.4003371013092,0
172300,308.5920717118915,0
172400,306.16795753151587,1
172400,289.48813603530675,1
172500,312.280992296264,1
172700,280.19760073564447,1
172700,309.38876167705166,1
172700,285.42230154292935,0
172700,273.19699135903676,0
173000,319.0165806921509,0
173200,323.8235132232548,0
173200,308.10037638602773,1
173300,304.94095270853387,0
173400,292.9456827299359,0
173400,280.2659951161563,1
173600,293.2042867506368,0
173700,333.8766967366356,0
173800,279.20916882034174,0
173800,262.21254273952036,0
173900,250.37952373043416,1
174000,281.84986096727295,0
174000,318.15716006424987,1
174200,262.89715893360636,1
174400,295.17532378255237,0
174400,306.1509858186233,0
174400,278.11613679892554,1
174600,337.5760616881487,1
174600,298.9966925651786,1
174700,282.819633034187,0
174800,302.53529696768305,0
174900,294.95128543228293,1
175000,248.56156130599203,1
175000,296.9079567669204,0
175000,271.06794042814295,1
175000,298.8814720663688,1
175200,310.0427670691665,1
175200,290.37340266501093,1
175200,277.62576338900243,1
175200,291.08791232525056,1
175300,294.3179274179526,1
175300,300.19252415652653,0
175300,323.0645427979911,0
175300,335.583088592364,1
175300,279.98880925694885,1
175400,303.5986468275991,0
175400,323.02238277664134,0
175500,312.7124844565725,0
175500,304.3757943228111,1
175600,303.4382488397504,1
175600,293.8362078336513,1
175600,274.6554825660864,0
175600,341.9334891443406,0
175700,275.67520845225016,0
175800,330.3386127603865,1
175800,342.02966256968546,0
175800,321.82222558468936,0
175800,290.87830403745295,0
175800,334.78539419060667,1
175800,352.61072930003417,1
175900,325.8645484178091,0
175900,281.26277724613107,0
175900,303.78855794024895,0
175900,336.3175044403271,0
176000,278.5994847479202,1
176000,303.05429157833044,1
176000,288.12313242995026,0
176000,366.2611027238296,0
176200,269.1192372939611,0
176300,275.719888907571,0
176300,282.2808622456508,0
176400,316.6725190424878,0
176500,315.7260439760497,0
176600,262.3372510693258,0
176600,348.0128513652727,0
176700,288.6436828386229,0
176700,312.0660804946339,0
176800,251.54296989814966,0
176800,321.3482867297482,1
176800,293.19412525622744,0
177000,262.484081409019,0
177000,307.83430716261387,1
177000,309.60588152079055,1
177100,304.7480374369848,1
177200,322.06921194426775,0
177400,302.78738771326,1
177400,362.87748910314315,1
177400,286.29195991358114,0
177400,296.13784348121766,0
177600,289.6529272928112,1
177600,333.0835242719081,1
177700,313.8674489278374,0
177800,287.85923707029605,1
177800,303.3338676912871,0
177900,288.5025063726238,1
178500,294.28494298880554,1
178600,324.7350451020077,0
178700,314.5003160146887,1
178700,286.2346427815233,1
178800,308.5375842786684,1
178900,343.0034565373965,1
179100,327.8593273201825,0
179100,335.6259988471536,1
179200,312.0463642974498,0
179200,292.610815128733,1
179300,328.73703973107934,1
179300,313.34423468445533,1
179300,324.26713855288426,1
179300,288.6941651489932,1
179400,352.9422692469182,1
179600,280.8015877021886,1
179700,379.31608486428036,0
179800,273.55474262871786,1
179900,341.8824931725084,0
179900,273.7742321998724,1
180000,291.40852897149676,0
180000,309.8404093395662,0
180100,325.3831344125245,1
180200,297.67694983441294,1
180200,326.9633269753616,1
180500,323.1034256682721,1
180600,337.91074760313484,1
180700,298.21330937846545,0
180900,282.8506956434198,1
181000,285.18735415836403,1
181000,313.53090695374124,1
181100,260.2033017004877,1
181100,280.95833130200054,0
181100,281.37085919615816,0
181100,338.77957216998817,1
181200,368.6976000200492,1
181200,279.02961644593324,1
181400,308.07298124991877,0
181400,331.0514210676006,1
181400,301.78779227279614,1
181400,317.6837466584341,1
181500,328.04875886593993,1
181500,289.55906629129413,1
181500,296.85717583526093,1
181500,272.1160778728046,1
181500,309.3375180960353,0
181600,285.3412359682809,0
181700,302.2031007156845,0
181800,296.72035142091323,1
181800,280.07248138605877,0
181900,305.68442440042065,0
181900,345.5167321866219,1
181900,284.9610095735807,0
181900,296.7641461556061,1
182100,345.87111783440474,1
182100,270.03381662765,1
182100,299.49145453258063,0
182200,313.77602528342294,1
182300,304.5049768568011,0
182300,328.2841882237802,1
182400,337.6626724067562,1
182400,333.5566952474827,0
182400,312.2459125174245,1
182500,289.365686509091,0
182500,313.3111341327438,1
182500,349.3274122181187,0
182600,313.42570607531457,1
182600,325.98763354051465,1
182600,314.50679549986444,0
182600,332.0635916115145,1
182600,302.4047257122335,0
182700,331.1807678824689,0
182700,317.57625197554813,0
182800,325.8982733835905,0
182800,284.12798995027225,1
183000,327.0821926701115,0
183100,291.22688509601045,1
183100,309.04992798840726,0
183200,352.56600771957096,0
183200,317.40807876093453,1
183300,301.57004118226683,1
183300,335.12860609780495,1
183600,395.07259820875873,1
183600,335.18332998372927,0
183600,308.42726971452754,1
183700,320.8548644372618,0
183900,310.4464681852072,0
184100,348.6958575304941,0
184100,321.9282153994233,1
184400,361.95516347983306,1
184600,335.7170814970712,0
184600,352.07863846237564,0
184600,323.507214571825,1
184700,345.6316748292971,0
184900,339.94093352752947,1
185100,369.16907454609867,0
185100,311.36673358084414,0
185200,378.2087052864301,0
185300,361.3988490256872,1
185400,313.38297873867316,1
185600,336.6336038027541,0
185700,386.6981149614024,1
185700,292.055583460355,1
186000,328.61127113748836,0
186100,351.03777444009444,0
186200,299.7573351677165,1
186200,453.4312219793369,1
186200,360.3229835695217,0
186400,333.60813227396693,0
186500,382.84469267417563,1
186500,304.6439310367027,0
186600,331.863791384736,1
186600,353.86605967336374,0
186800,330.32134333471305,1
186800,364.16068194604276,0
187200,317.17105996378757,1
187300,382.8326050006185,0
187300,392.86439770683216,1
187300,359.0782071964823,0
187300,383.3104370926286,0
187400,397.45517251499354,1
187500,324.91395321103596,1
187500,306.4495980985323,1
187500,360.2148837025572,0
187600,292.7512517576728,1
187700,380.7248532198855,1
187700,321.5133401941345,1
187800,297.97328931952086,1
187800,350.82374725458027,1
187900,311.50488724391244,0
188100,334.12421400424716,0
188100,417.85342875293156,1
188200,352.95148989542366,1
188200,326.2610155133984,1
188200,265.68144668066816,1
188300,309.4129786242163,0
188300,329.1513394174924,1
188300,332.5543814289323,0
188400,348.4661793139718,1
188400,301.74520357400127,1
188400,321.4478057275076,0
188400,294.121741299343,0
188500,358.26934140526527,0
188500,403.8060865256669,0
188600,323.4536934813102,0
188600,360.1012464258757,0
188600,312.86187409964526,1
188600,401.7757598405249,0
188700,350.1367869640051,1
188800,320.1492827346515,1
188900,307.35684568172405,1
189000,320.1244364542097,1
189100,353.5223049999535,0
189100,367.3382045606238,1
189100,345.90349112273014,1
189200,320.0630295765386,1
189300,318.9663149483555,0
189300,340.00628720672097,0
189400,323.582598741672,0
189400,325.36002586822235,0
189500,338.450425162574,1
189600,338.3058997420645,1
189600,390.6027007946398,0
189700,351.91353056193384,0
189700,367.8438098423022,1
189800,315.16702300080163,1
189800,323.1861210235288,1
189800,338.3927803621646,0
189900,385.68177383136185,0
190000,394.16077031804986,0
190100,368.50207933640667,1
190200,318.7614707129034,0
190300,361.45667213843956,1
190500,309.55147600247767,1
190500,444.24141199259867,1
190500,434.65322741994737,0
190600,385.4457334927546,1
190600,393.6292093008217,1
190600,457.4464496397527,0
190600,351.3691409851099,1
190700,345.0357307211727,1
190700,365.34235957576334,0
190900,372.4186001994897,0
191100,312.7705482666749,0
191100,388.33337579419504,0
191100,381.24246630794516,1
191200,343.0490836477686,1
191300,367.208401397075,0
191400,273.1719373988964,1
191400,329.7238073750043,1
191500,366.5446207944339,0
191900,350.64419230710484,0
192000,354.5961066847548,0
192200,375.0487433205239,1
192200,293.57413615157645,1
192300,344.24016917169325,1
192300,345.3372403461178,0
192500,336.57080497965785,0
192600,332.4933896807771,0
192700,314.9953502644553,1
192800,298.0406863237327,1
192900,332.3871600952984,0
193000,312.78393401209263,0
193100,386.0088999296669,0
193100,332.1641019239786,1
193400,300.6088177429663,0
193400,336.189421504341,0
193400,290.6791288819433,1
193500,412.0475654461175,0
193500,301.5644002304958,1
193600,394.3904681587306,1
193600,466.5976994079873,1
193700,342.9246587892075,0
193900,300.3986673740968,0
194300,328.2265624198569,1
194400,341.14032625156506,0
194400,369.91541009706265,0
194400,380.66980537369545,1
194500,338.136975219963,0
194500,332.32940270324144,0
194600,353.3923454117916,0
194700,331.24685238515275,0
194800,319.22927954829663,1
194900,312.38269303765696,1
195000,322.96735303218856,0
195000,351.6555858542249,0
195100,306.57516894904444,0
195100,346.34490724228294,0
195200,344.0187602687069,1
195200,330.6372391464303,1
195200,357.9188652039919,0
195200,398.52616721680505,0
195300,376.94225168903085,0
195300,324.79427512648,1
195400,390.7479679715349,1
195400,336.87210396666825,1
195500,333.2125552307369,1
195500,349.88398970983513,0
195500,471.74174598113433,1
195500,343.307235137808,1
195600,441.70371453188056,1
195800,363.38748113027685,0
195900,354.6614087549147,1
195900,332.300037224988,1
196000,307.9493336748799,0
196000,372.6246455852056,1
196000,378.83583988453563,1
196100,337.85523085981924,0
196100,365.2494335851239,1
196200,345.25233342084243,1
196200,331.2147105118777,1
196200,342.22893098459025,0
196300,355.91407889503944,0
196300,336.06738301571744,0
196300,368.220554000316,1
196400,329.0864015879044,0
196400,340.3945052910043,0
196600,319.14513916245477,0
196700,294.181436680963,1
196800,391.0557387846807,1
196900,345.7039864646035,1
197000,353.2565115610291,0
197100,364.79370366872894,0
197100,351.4166971764108,0
197100,406.20361301690605,1
197300,319.6931671339589,1
197300,323.10032999612514,0
197400,328.0806048298878,0
197400,300.2472168209215,1
197500,299.5811108819,0
197600,444.3439198053893,1
197600,357.0843157530506,0
197800,326.2575495481671,0
197800,371.57033683407536,1
197900,354.0060407698636,0
197900,336.1885864214633,1
198000,353.728844654501,1
198200,398.29849590489505,1
198300,348.1049617999132,0
198300,365.94482804895097,1
198300,377.0040227461681,0
198300,380.3297938338246,1
198400,342.0461007714135,0
198400,416.1840733273609,1
198500,412.97129202323384,0
198600,360.38244066073037,0
198700,313.68387788339584,1
198900,454.2043428879238,1
198900,310.6731242976438,1
198900,454.27448830018403,0
199000,367.52574294205584,0
199300,339.55812944503003,0
199500,347.50358816405867,1
199600,431.7016212213377,0
199600,336.44519722376543,1
199700,363.306496107969,1
199800,395.3819064889598,0
199900,341.92012880316406,1
200100,318.00120985454794,0
200100,338.7623679449144,0
200200,359.92520953669697,1
200200,360.27770853887426,1
200300,329.4304465130883,0
200600,365.77492504091794,0
200600,350.21062659208087,0
200900,362.3641194876889,0
201000,303.681038987351,1
201000,354.2916026598581,1
201300,330.423211772489,0
201300,446.43244163068283,0
201400,444.95354149091645,1
201500,341.70193702448626,1
201500,384.7349735218734,1
201500,323.2622443047332,1
201700,320.0661846350549,0
201700,315.8256710254841,1
201800,324.6813294343003,1
201800,352.68117832642616,0
201800,395.04133711419985,0
202000,327.306116673322,1
202000,356.6965191825611,0
202100,281.70479129813725,1
202100,401.18298730724575,0
202200,347.6217006454433,0
202300,332.7331014489235,1
202400,436.5648120620517,0
202500,334.9679747905941,0
202500,390.81497799408476,0
202600,324.3229714850291,1
202700,353.5634279489923,0
202700,318.0316087168174,1
202800,378.3158282657103,0
202800,339.03879211325375,1
202900,318.43196611392517,1
202900,296.50471855940384,1
203000,359.2676980461486,1
203000,339.1148618149635,0
203100,367.29653664667467,0
203100,418.95427912150706,0
203100,437.8603647705469,0
203100,380.49056441986437,0
203200,330.0780497537097,0
203200,350.2082728540095,0
203200,371.99746552543536,1
203200,351.62113242175786,0
203300,350.44050185474873,1
203300,352.1600299279141,1
203300,385.553136884564,0
203400,378.4229521982773,1
203600,436.95576960902946,1
203700,415.99715825663,0
203700,337.3983424588229,0
203800,327.9604143576431,0
203900,411.9481735796449,1
204200,383.06514610623975,1
204200,322.08477960251884,1
204300,322.684780950767,1
204300,382.6491323001821,1
204300,369.22575698090003,0
204400,390.882423308307,0
204600,366.1142517906825,0
204700,356.7674865070425,1
204700,349.2345250836823,0
204700,406.24318539845643,1
204800,401.96826395269073,0
204900,454.8781655267094,1
204900,376.1840641153778,0
204900,338.8298481984203,1
205000,366.5077525803498,1
205000,360.06741698526025,0
205200,328.76173696466236,0
205200,354.4578553463079,0
205300,306.92766714084206,0
205300,307.452310153408,1
205400,321.40210025228026,1
205500,286.9254322994227,1
205600,336.6055989224534,1
205700,291.44308828211103,1
205700,308.18997149733633,1
205700,397.6354105327934,1
205800,380.9296603685094,1
205800,374.56591442488167,0
205800,359.7844324001545,1
205900,360.2041595689254,0
205900,368.7090504958763,1
206200,431.50309295429685,1
206300,444.3194179006533,0
206300,382.821545509873,1
206400,415.1669515547402,0
206500,327.22447350086486,1
206600,369.21503525740667,0
206600,396.0652102332451,1
206600,367.33173025415925,1
206700,317.0294399108617,0
206700,338.7895831092406,1
206900,349.4570717927438,0
206900,403.5369929691933,0
207000,419.22204845526466,0
207000,332.379356945875,0
207200,339.0467829915413,1
207600,367.22372170350627,0
207900,332.10138111214883,0
207900,292.95488948329677,1
207900,300.8003738497448,0
208100,328.4630094010742,1
208100,382.9876136861825,1
208100,329.71434859770125,0
208200,323.1175421583681,1
208300,369.86517446399455,1
208300,370.3618632631666,0
208400,332.8510933343133,1
208600,329.0335421610085,1
208600,395.88335487966174,1
208800,319.9857289591803,0
208800,293.83342480209785,0
209000,331.9638296107668,0
209000,335.5587064054006,1
209000,319.2435011241533,1
209100,357.95953239240947,0
209300,294.14006695451053,1
209300,313.6516393515829,0
209300,397.4092716826628,1
209600,366.46680500735374,0
209600,372.54946190810256,1
209700,335.6052150562158,1
209700,322.86875892025853,0
210000,362.06400371264965,1
210000,431.49636764777455,1
210100,337.60643841821656,0
210200,320.13663052095245,1
210200,377.6540999602329,1
210200,341.1680330598376,1
210300,294.43775801165066,0
210300,340.4845129502323,0
210400,343.0071220062518,1
210500,367.83312199164675,1
210500,356.7042266575899,1
210600,302.2315798515494,1
210600,311.1810989137797,1
210600,359.9361593665219,0
210700,359.4598201172433,1
210800,342.23131425230366,1
210800,360.57812012837314,1
210800,390.39330499181733,0
210800,366.7671179707549,0
210800,377.6132427518756,1
210900,419.0829774017376,0
211000,356.0452509599306,1
211000,396.5321301985339,1
211100,310.2029998505776,1
211100,458.1290352161282,0
211200,443.11081804631067,0
211300,421.4273508029174,0
211400,397.7383110183549,0
211400,322.9501385797786,0
211600,348.0533274560491,1
211900,319.5171660829198,0
211900,350.50993219732834,1
212000,340.5905487741226,1
212000,384.22640918710215,0
212100,330.4564598783505,1
212100,376.9696185777719,1
212100,351.0973342363559,1
212200,325.24312408627827,0
212400,368.821021117543,1
212400,368.84043743721327,0
212400,345.6848738249345,0
212500,334.4132331124822,1
212600,364.57474681825204,1
212700,423.4809455397509,0
212800,297.2370668410543,0
212800,374.24044920592405,0
212800,377.66090220469965,1
212900,414.2814721608181,0
213000,457.7075419617061,1
213000,330.75307128841933,0
213100,378.4978164893319,0
213200,472.11322832947934,0
213200,318.0179687662361,1
213300,351.59895655062274,0
213500,389.19644117702546,1
213600,377.19903487178857,1
213600,322.4528590397231,0
213600,378.98679285434747,1
213700,354.2159873402346,0
213700,323.9986390437103,0
213800,383.36915635471587,1
213800,331.4336353520726,1
214000,386.62335734950045,0
214100,340.27125748079345,0
214200,378.59312885589696,1
214300,407.69636564856495,1
214400,315.16022519677165,0
214700,428.93274236853017,1
214800,325.2904321743166,0
214900,433.88197678071356,1
214900,394.3504364447102,1
215100,322.08283913446235,1
215100,404.3935798317575,1
215100,348.77290129099714,0
215100,306.50226055495307,0
215100,328.0406132644549,1
215200,286.3564467993509,1
215300,341.1046531536539,0
215300,422.66014233489534,1
215300,411.6573742252594,1
215400,282.04606456071537,0
215400,309.8816738097754,1
215500,365.42325715578755,1
215500,355.85327295428357,1
215700,406.5687157284053,1
216000,359.6269191411075,0
216100,403.3558029707505,1
216100,382.7049743116983,0
216200,348.5971054225584,1
216200,355.66918521997314,1
216200,456.5392633658857,1
216500,311.9341020762508,0
216500,353.16146693957603,0
216500,348.57395794585415,1
216500,360.4241059238354,1
216600,382.8382289995747,1
216800,349.4766028684778,0
217300,335.9975235472922,0
217400,293.63059864383166,1
217600,378.2748413968882,1
217600,378.9449335478132,0
217700,332.7907662078166,1
217700,337.3126236668462,0
217700,449.1490019492361,1
217700,340.2646149029133,1
217700,355.4606890594505,1
217800,377.1343679345818,1
217900,407.32674067444657,1
218100,341.91427142417695,0
218100,338.1215450454658,0
218300,367.10969204928546,0
218300,373.9872931603616,0
218300,347.81781413899415,0
218500,333.5346185745425,1
218500,369.8626600639527,0
218500,352.7707499545725,1
218600,345.6130580266804,1
218600,375.29865746538195,1
218600,373.9007040213897,0
218700,388.25806707045854,0
218900,419.80427242120857,0
218900,329.0960588343167,1
218900,414.1461330131096,0
219000,342.8792790545775,1
219000,416.51921823565687,0
219000,339.4033940167539,0
219200,428.5667842010063,0
219300,398.6817675660806,0
219300,332.45006277472226,0
219300,303.3789218399417,0
219300,348.65535753288896,0
219300,350.5918124008428,0
219400,345.64515932347047,0
219500,413.77699275028607,0
219500,310.7579565055569,0
219600,368.9003118865178,1
219600,342.8703854607232,0
219600,330.20394726600284,0
219700,298.7606875928963,1
219800,320.34584607484015,0
219800,425.39564033741755,0
219900,361.066363423811,1
220000,346.6453754513697,0
220100,451.11684757631605,0
220100,368.26199959052354,1
220100,351.12094061392037,1
220200,316.50917739846545,1
220300,392.859035894723,0
220600,331.27522897783166,0
220600,335.5974709980795,1
220600,471.26156179180987,0
220800,324.23319196339054,0
221000,456.00745936318697,0
221000,356.82936196289046,0
221100,391.11379007984965,0
221100,378.684790776172,1
221100,329.1446866509652,0
221200,410.13003826851246,1
221300,407.40003378088437,1
221300,410.27638055491997,1
221400,368.61487838296074,0
221700,403.30607615203314,0
221800,317.9560440247427,0
221900,378.9094937066052,1
222100,335.1522645474033,0
222100,347.5188587500345,0
222100,353.604175843522,0
222100,348.08226177969965,0
222500,389.53942817800134,0
222500,347.23623187502807,0
222500,358.50655338640314,1
222500,331.96143690601514,1
222500,348.79050274076144,1
222600,340.43962411366135,1
222800,318.28298432331945,0
222800,355.5663144969233,1
222900,429.2227780348267,1
223200,340.8585697994233,0
223200,336.9606328237239,0
223300,447.2121519649881,0
223400,435.0875728153225,1
223500,337.716567362233,1
223500,325.5217120748041,0
223700,397.31064041167537,1
223800,414.6918841619391,1
223800,433.4774504328093,1
223800,352.6944452241012,1
223800,416.2948254342629,1
223800,416.1077245228595,0
224000,364.02290741435576,0
224000,357.88866236528213,1
224100,329.9486542401995,0
224100,412.55173138002505,0
224200,426.47156623281097,1
224300,385.6219207060309,1
224400,326.50816197898166,1
224500,328.7890461434345,1
224600,335.3995739933956,1
224800,355.58685308061604,1
224800,348.8994360722718,0
224800,301.03661719420177,0
224900,306.4249977116267,0
225000,404.6493748674444,0
225000,324.1821329014221,1
225100,318.4139885842361,1
225100,431.70618302417716,1
225400,316.6681934567966,1
225400,353.81624711710583,1
225700,349.2095910696034,0
225700,368.0270030758649,1
225800,358.47067524607326,1
225900,349.02084904685466,0
226000,370.2130506484555,0
226000,342.08589184632024,0
226000,389.77961585479375,1
226100,403.1446404927006,0
226100,328.4965520411146,1
226200,333.8485114505634,0
226200,319.35537740209156,1
226200,330.3386504896471,1
226200,471.996890572691,1
226200,410.42226430929054,0
226200,405.5736846696859,0
226300,336.9026974224234,1
226600,364.9851065271179,1
226700,348.7553191705126,0
226800,421.834698007557,1
226800,391.405815220619,0
226800,363.599897104014,0
226800,381.34458644112317,0
226800,317.5272623134719,1
226900,326.42247858108993,0
226900,351.84989243119264,1
227100,337.8431906626106,1
227200,384.60368166738436,1
227300,396.61582074288276,1
227500,333.3526272376427,1
227600,374.2768678612619,1
227600,428.4774774858684,1
227600,329.14721709431996,1
227700,343.0946391582294,0
227700,414.5573160499433,0
227900,389.3557394832011,1
227900,279.195063299346,0
228000,334.9199742796567,0
228000,408.06165608735,1
228000,319.56374341416716,1
228100,357.75928424041336,0
228200,341.4090194819266,1
228300,395.755869011498,1
228300,401.3717360119327,1
228400,388.19517812718243,1
228500,429.7431425077586,0
228700,414.22562059183286,1
228700,361.6707706696717,0
228800,361.9823275186938,1
228800,428.5287643888117,1
228800,286.82972556901694,1
228800,321.68780971442663,1
228900,361.25692547797377,1
228900,301.59903214863255,1
229000,316.70151856500996,0
229000,298.1376465190707,0
229100,347.19639702575654,0
229200,322.5689278582281,1
229300,328.8148932374079,1
229400,353.84270020619533,0
229400,396.45241273484964,1
229500,402.3292843871646,0
229600,307.4712009720522,1
229700,344.24763516677564,0
229700,383.3805179041413,0
229700,344.536248629605,0
229700,473.7261935600843,1
229800,416.721477940724,1
229800,301.92281370100244,1
229800,309.2887825352833,1
230100,380.9129785956081,1
230400,342.21734017315947,1
230700,339.6689518617686,1
231200,358.476625165582,1
231200,318.700210211155,0
231200,445.523599919934,0
231300,298.58004713701223,0
231400,365.04563395253876,1
231400,315.9171802625241,1
231400,310.06546089866004,0
231600,411.0598312419524,1
231700,353.1029392852777,1
231700,374.4616187244408,1
231800,396.8823615763952,0
231900,272.7270333131147,1
231900,387.791022226908,0
232000,336.1341950204951,1
232000,344.51952456871766,1
232000,419.47729958269935,0
232200,387.1532734823077,1
232300,407.3416469775345,0
232300,403.8282717278064,1
232300,390.97088667446286,0
232400,377.2349463847356,0
232500,321.3097857236522,1
232500,394.02636351183025,1
232500,370.64808122897176,1
232600,321.2810085062616,0
232700,369.0625785871305,1
232800,329.9152475831547,0
232800,329.7249617617807,0
232900,316.3418726758074,1
232900,320.422923321672,1
232900,356.48335199698784,0
233000,295.4301776129951,0
233000,332.0882955943298,1
233100,333.39623465972926,1
233100,311.32309074560607,0
233100,356.56824422432317,1
233200,310.45256161546877,0
233200,400.1484531276079,1
233300,430.9413293659728,0
233300,442.432641951556,0
233600,309.1513888986697,1
233600,326.3978638095014,1
233700,367.1398648743093,1
233700,314.3064094018457,0
233700,361.2452380763394,1
233800,287.15242171407505,1
233800,363.42316103112864,0
233900,340.8865933483411,0
234000,301.64153340528173,1
234000,410.5429430082339,0
234000,396.2951483161024,0
234000,304.4828286761771,0
234100,362.0286222317502,0
234100,346.23988634774355,1
234200,320.84898115662065,0
234300,387.56928666270267,1
234300,302.86916124094773,1
234400,345.4939430357091,0
234600,338.3092609464798,0
234700,408.76879475512993,0
234700,325.9863627354124,1
234800,380.9561193402388,0
235000,335.4321604414459,1
235100,331.1377446765715,0
235200,306.48273858745955,1
235400,340.0037620037144,1
235400,349.9160649847742,1
235400,375.82165159923017,0
235500,345.8803370603927,0
235500,378.10153280255463,0
235600,325.22643955968755,0
235600,328.9619612886625,0
235700,345.07302650498406,0
235700,368.1500239952994,1
235800,331.926330685321,1
235900,339.3050633518698,1
236000,345.0960529436219,1
236200,360.00188059329344,1
236300,337.1498177607904,1
236600,337.662565457268,0
236600,329.86813363941815,1
236600,357.6144128469809,0
236700,337.1092591728762,1
236800,357.43406215595127,1
236800,340.66822804014924,0
236800,373.7423271947653,0
236900,343.8668715840356,0
236900,360.5583777183653,0
236900,391.43041510853936,1
237100,355.48435585677305,1
237200,486.95741351288626,0
237300,424.9534676839098,0
237400,385.9228781292696,0
237400,382.1913086281409,0
237400,350.82560561601974,0
237400,411.7515866171575,0
238100,355.77741145602187,1
238100,333.36919346021585,1
238100,336.3257123432823,1
238300,332.2365019878099,1
238400,409.27683826569796,0
238400,416.23641225855494,0
238500,291.0046222018339,0
238700,359.7042257654345,0
238700,327.7724631988896,1
238800,400.4882597195552,1
238800,365.1560930463965,0
238900,306.5842968835062,0
239000,351.3150533499457,1
239000,342.96497849486053,1
239100,317.17629386463284,1
239100,335.7022541581823,1
239100,301.7777726549195,0
239200,330.09367733452126,1
239300,370.1384937326263,1
239300,377.57666500937006,1
239500,329.35186266452695,1
239600,314.19921158482595,1
239600,365.7934357765073,0
239600,373.21460998573446,0
239700,373.71378164755805,1
239700,330.31501884510186,0
239700,396.5102870936594,0
239700,330.2356209126989,1
239800,311.1403373779411,1
239900,391.02553777941296,0
239900,342.4679899095973,0
239900,328.67294433023716,1
240000,338.1343566059016,0
240000,366.35345330789136,0
240000,383.09024321379366,0
240000,368.5022048969235,1
240100,372.8627030079503,0
240200,318.3103041047172,1
240300,287.2969905635714,1
240400,342.8622052729785,1
240500,332.46631471517895,0
240700,393.98562609163446,0
240800,326.5552514459326,0
240900,298.70443736400506,0
241000,382.03786534567774,1
241000,338.6763966520212,0
241100,389.22980763135837,0
241100,331.0569627904074,1
241100,375.25713623200573,1
241200,317.14672951952855,1
241300,366.2362347785551,1
241400,304.06581407280385,0
241400,325.65484350935424,1
241700,358.756068464982,0
241700,385.673585683057,1
241900,390.8493198519441,0
242000,422.2533985038965,0
242000,318.2765875869858,1
242100,329.8219572559372,1
242200,392.56570659078966,1
242200,391.54163024922605,0
242300,333.4488232146446,0
242300,304.9568003181602,1
242400,332.70113740198326,0
242400,327.3697847437789,1
242500,402.0732577869172,0
242500,306.16505599575623,1
242600,365.9439363496222,1
242600,419.1134439426239,0
242700,422.1771598193609,0
242700,394.27531919526314,1
242800,301.3602123006587,1
242800,330.4887259816481,1
242900,345.34027968631256,1
243000,465.08312954897343,1
243100,298.9311503534435,0
243200,373.7499755571992,1
243300,367.2029893287197,1
243300,446.73299205639114,1
243300,371.0936835994242,0
243800,396.30454970141494,1
243800,462.59571586060684,1
243900,331.7416442886871,0
243900,351.77078292366326,0
244000,318.1966694667088,1
244000,357.5456945274843,0
244000,393.71959133531885,0
244100,352.8960116389867,0
244200,443.0852016669226,0
244200,352.4635894281565,0
244200,379.9693552744823,0
244300,296.8456079630248,1
244300,300.5469053808276,0
244400,339.10817419956675,0
244500,367.60279938531465,1
244600,348.2253708577495,1
244700,357.5279101381982,0
244800,310.56219203391794,1
245100,400.1621929155828,0
245100,325.44319514895494,0
245200,401.1816141617126,1
245300,293.91730729755113,1
245300,341.0405681246147,1
245600,330.54693366912204,1
245600,320.54835077223004,0
245600,322.6569842084739,1
245600,414.6066466852582,1
245600,342.1821645625825,1
245700,276.9689774614774,1
245800,344.50128696068475,1
246000,304.16461862375195,0
246000,419.1629894775432,1
246000,331.444870767266,0
246000,301.8247688914455,1
246100,382.57858834191705,0
246200,335.2415636849313,1
246300,420.59922178393924,1
246300,348.9342206604942,1
246300,308.83009506067344,0
246300,336.5170291870949,0
246500,320.1292818713463,1
246500,371.9338338255542,0
246600,338.86025724273793,0
246600,335.08605360180155,0
246800,314.16144548964786,1
246800,384.4440458849542,1
246900,348.04727702251364,0
247000,358.0942453958805,0
247100,342.21910137445707,1
247300,310.13266185428256,1
247400,397.495953627392,0
247500,358.6302059798374,1
247500,352.1223248502623,1
247500,339.1500828011174,0
247600,333.3759062306199,0
247600,407.6649695206358,0
247600,318.5713935734747,0
247800,350.9785196981307,1
247900,400.136983056348,1
248000,382.74877112634937,0
248000,333.3785885730167,1
248100,338.84173111930903,0
248200,410.62038041246456,1
248200,333.7407487447766,0
248200,396.5101537636488,1
248300,318.55946393150646,0
248300,321.87678259485733,0
248300,404.8081103935877,1
248400,347.6715567376863,0
248400,351.8104271884742,1
248900,363.7809831595848,1
248900,339.0568012127353,1
248900,320.6491917172966,1
248900,376.8152055669682,0
248900,418.6346923303686,0
248900,333.6811740002125,1
248900,362.76327276016934,1
249000,329.2864306037589,1
249000,308.2322212244139,0
249000,334.67052000967425,0
249100,321.18529999117504,1
249200,309.2177082878389,0
249200,294.74573812595895,1
249200,323.186961872646,0
249400,323.4471532241014,1
249500,337.413188554605,0
249700,329.971473960568,0
249700,341.8744806571351,0
250100,440.25023396545686,0
250100,327.1753744962145,1
250200,378.6135264900144,0
250300,369.864720320631,1
250400,381.57235655459846,0
250400,402.68465021023945,1
250700,330.8077784301273,1
250700,357.2433335670848,0
250800,363.32486614842645,1
250800,363.4424871635731,1
250900,329.28366456791207,1
250900,321.8922969850415,1
251100,388.78803319224596,1
251100,391.5988979456133,0
251400,362.7661879485861,0
251400,351.5334238235977,0
251400,432.00815387721894,1
251500,342.5370605045002,0
251500,336.8800557643687,1
251700,366.83268380244084,1
251700,381.08420095877864,1
251700,339.1278365527215,0
251700,361.73256817741395,1
251800,299.8002158003597,1
251800,375.9123983766871,0
251800,301.53729489463274,0
251800,326.70022226705623,1
251900,320.2973416928317,0
252100,314.51797289314453,1
252200,366.5972347643228,1
252400,310.9971076374815,0
252600,399.0549191640433,1
252600,294.12357667662434,1
252700,358.869411306605,1
252900,304.0679255756829,0
253100,304.2539934354689,0
253100,327.1015858619319,1
253300,367.09464711030887,0
253300,326.25299610864903,1
253300,336.75969977265487,0
253300,372.9435584945235,0
253400,411.8143329361272,1
253400,353.84191009118035,1
253500,343.4325993544431,0
253500,361.01699475419,0
253500,360.45749440869486,0
253700,463.48311823342743,0
253700,406.34933317294724,0
253800,415.5546288617608,0
253800,383.60441000594625,0
253900,351.99336996247354,1
253900,318.22646513372194,1
254000,312.7589183918308,0
254000,337.204221467673,0
254000,376.0144101831964,0
254100,461.6501179280832,1
254200,324.25144667325344,1
254300,321.3522286422546,1
254300,383.5633533297961,0
254300,328.7909060358288,0
254400,336.2389245353311,0
254400,417.1746936698215,0
254600,400.30366199318695,1
254600,477.28987447267906,1
254700,367.3414077640584,1
254700,344.5810489875832,1
254700,310.7165985628872,1
254900,314.60841138857626,0
255000,387.0189351592557,1
255000,392.20197508631753,1
255000,331.4338757558716,1
255100,327.31394123778085,0
255100,292.3286372881095,1
255200,326.91388292901155,1
255300,369.90675711895506,0
255300,352.12435780686286,1
255300,351.0393759174036,0
255400,365.6286683394067,1
255400,346.34742151006,0
255400,347.54454884918255,0
255500,313.9900008571257,1
255500,315.2791006185873,1
255500,346.5383643820875,0
255500,321.3335738473946,0
255500,346.9204004606077,1
255500,314.4387114557616,1
255900,324.6947567966986,0
256000,321.6236841766133,0
256000,343.5013006275526,1
256200,395.96102151138905,0
256200,349.6915893285878,1
256200,337.80844255522845,0
256500,366.1457828875488,0
256500,356.0291045249671,0
256800,376.7775333054601,1
257100,336.7791440230897,1
257200,361.5356292106104,0
257300,341.99729432408066,1
257300,398.9654215498427,1
257500,324.1307241787012,1
257600,330.5130994588875,1
257700,350.6362948994454,0
257900,298.38228871670213,1
258000,340.3866468707792,1
258000,342.4439062515389,1
258100,375.2173571277074,1
258100,357.63079742055766,1
258200,389.7890944915974,1
258300,433.37152047297536,0
258400,423.91601623033023,0
258400,338.73707279613603,0
258600,327.6316491266034,1
258700,336.7644389232567,0
258700,363.5002113564517,1
258800,384.89410798841544,0
258800,355.6810147691451,1
258800,335.8836400581025,0
259000,346.65841210699654,1
259000,411.45653246650534,0
259000,442.3941923614563,0
259200,314.03944381311874,1
259200,294.05572236122464,1
259200,389.776675384775,0
259200,371.9112452651219,1
259300,323.3758831264228,0
259400,338.46917649519264,1
259500,385.4017513315211,0
259700,317.4859187522465,1
259800,304.4087383145135,0
259900,338.4379162832154,0
260000,323.1023574879242,1
260000,392.2551866065307,0
260000,398.3529434111513,1
260000,323.6898932216494,1
260100,407.97239668039686,1
260200,406.3495316636015,0
260200,333.54310511544037,1
260200,367.0021344920196,0
260300,328.5864220553252,0
260400,339.743806744049,1
260400,275.1465440453106,1
260500,402.0183917084884,1
260500,315.14454052224266,0
260500,314.5248439836285,1
260600,400.27980567648444,1
260700,309.97290632381083,1
260700,415.31029409445136,0
260700,324.8158694465841,0
260900,346.20497229515894,0
261100,356.68275792404563,1
261100,347.02726801540655,0
261100,374.9305955193201,0
261100,329.7093357219321,0
261100,371.1222592028142,1
261200,348.31975509306176,1
261200,316.15944154223416,1
261200,342.1385351028746,1
261400,364.80216684890104,0
261500,288.1785910362582,1
261500,333.4867276053637,1
261500,346.5792571092069,1
261600,316.09192032708415,1
261700,350.72068232047894,1
261700,304.322241598382,1
261700,349.0149695117317,1
261800,343.5604026514575,0
261800,396.6145058111612,0
262000,338.65345173506427,0
262000,342.63644673615687,0
262100,328.8227640145843,1
262200,345.14429703316785,1
262300,344.89942755798484,1
262300,361.8171269368031,0
262400,330.0736782110008,1
262500,346.0148683176911,0
262600,410.9504700441627,1
262700,323.4949406729344,1
262700,346.38540254504386,0
262700,355.9337597250474,1
262700,405.79330137727544,0
262700,312.0855524313055,1
262800,349.1360844985472,1
262800,352.6153520042664,0
262900,355.6288812595957,0
262900,362.06362450460267,1
263000,345.466119448593,0
263200,395.17029255087,1
263500,349.9039988664784,0
263800,402.2508482326336,0
263900,356.36798899798004,0
264000,355.33812757588646,0
264100,332.2358176504651,1
264200,324.0091348289757,1
264300,389.52949253933724,1
264300,362.3046393681139,1
264300,427.58663347231874,0
264600,317.3764891624459,1
264600,410.7892161095627,1
264700,348.1047142566191,1
264800,328.4189440443529,1
264900,348.0908382478631,0
265100,383.09697858450306,1
265100,339.3142141604403,1
265200,299.9331727336152,1
265300,336.5970560866329,1
265400,349.72342222338074,1
265500,330.7055121253136,1
265600,349.5274853944335,0
265700,351.0742866359265,1
265800,339.28968078012423,0
265900,344.0153081321535,0
266000,288.8174771532565,1
266000,414.6792260698873,1
266000,385.4415884358376,0
266000,330.3411433008204,0
266100,421.26099155581073,0
266200,305.9645274305117,1
266200,298.99509083119585,1
266200,334.6121871611774,1
266300,329.35393500143795,1
266300,368.89584978164896,0
266400,319.6731734724253,0
266500,350.65150066246406,1
266500,356.10432340276714,0
266600,353.1859763039733,1
266600,376.29586405211063,1
266700,370.2198916288116,1
266800,329.4168456564344,0
267000,419.5564343722919,1
267100,334.5155004751395,0
267100,400.8785412488665,0
267100,309.56359118776834,1
267200,345.1860086305471,1
267200,321.02605086223997,1
267300,392.46782591065187,1
267300,301.50529011835005,0
267300,363.17233971549877,0
267400,278.149066917394,1
267400,346.0141574116096,1
267500,342.75216498385197,0
267600,308.85335607518675,1
267700,347.96861803760777,1
267700,319.891422210145,0
267900,331.34818091060515,0
267900,339.9770622797408,0
268200,308.5188798275889,1
268200,338.5864570899776,0
268200,417.5390108974502,0
268200,375.0486017120757,0
268300,298.27325610589355,0
268300,365.61023582292506,0
268300,330.2719092983579,1
268300,331.3401946108483,0
268400,381.9590097760136,1
268500,326.34415320670286,1
268500,312.583668241731,1
268700,335.9345753856464,0
268700,350.8850797195825,1
268800,390.9863890454543,1
268800,372.3639481670379,1
269000,312.27898366776367,0
269000,415.890513600155,0
269100,411.8952296933227,1
269200,302.33077001112144,1
269200,348.1832841692361,0
269200,434.6124280754482,0
269300,338.6278347089949,0
269400,318.422688391395,0
269400,383.18481732963886,0
269500,329.15283718992407,0
269500,342.39215945574296,1
269600,311.60360149810055,0
269700,349.98796266499215,0
269700,407.536540957822,1
269700,356.48138223432886,1
269700,430.0529301357679,1
269800,347.2039605117087,0
269800,343.8428563294964,0
269900,276.74162579786105,1
269900,368.75077973415426,0
270000,350.9801589237551,1
270100,294.49824023452055,0
270200,356.5563637029446,1
270200,406.1063860047629,1
270300,289.35593599824426,1
270400,355.5119777280456,0
270400,314.3624361693019,1
270500,322.25173824724504,0
270500,367.4405695210776,1
270500,416.87850761929514,1
270600,378.8526817928804,0
270700,450.9641393822328,1
271100,363.7433067033917,0
271100,328.6964403884462,1
271200,317.7263558755043,1
271200,289.59321426743537,1
271200,337.3020385221027,1
271300,325.18500098637105,0
271400,323.91352136275935,0
271700,357.23476240433973,1
272000,336.84116434513584,0
272100,324.50782329667635,1
272300,327.06935414371446,1
272300,356.8866130334991,0
272300,337.49376839729126,1
272400,309.11592381108306,1
272500,301.96152364532713,1
272700,341.2398864141452,0
272900,377.87061794687816,1
273000,325.7296331697932,0
273100,326.7736667629121,0
273100,319.7913913887215,0
273100,329.70309485492095,0
273100,332.1513719342696,0
273200,352.71254734653013,1
273300,357.32832043046653,1
273300,348.50101945750436,1
273500,324.7270393322475,1
273600,313.0498252205546,0
273600,329.27023505615034,0
273700,323.2035485973259,0
273700,368.6031024926771,1
273700,364.17735229186354,1
273800,350.4380692571187,0
273900,331.6063102192234,0
273900,287.0629653518339,0
274000,381.75320368587245,1
274000,355.8502615427628,1
274000,354.2257167826921,1
274000,334.15334923436114,0
274100,329.53018284248486,1
274200,322.9580483861822,0
274200,323.8695876438299,0
274200,334.50046705012755,0
274300,373.29541308485585,1
274300,290.6592850798703,1
274300,320.123746924909,0
274400,338.69715154962296,0
274400,451.4877065206344,1
274800,369.14158149135324,1
274800,321.94906858885787,1
274900,293.3974788608271,1
274900,352.47813776011697,1
275000,249.15306690348612,1
275100,336.4218360855285,1
275200,350.710150823635,0
275200,307.4346043669998,0
275200,363.00726838374123,0
275300,317.6603946278638,0
275300,335.6542786868419,0
275400,286.1262671863072,1
275400,320.60836711831445,0
275500,391.96266872499194,0
275500,339.4254801922053,0
275500,458.1838992436218,0
275500,351.70694340614136,0
275600,285.17993135828465,0
275700,278.7184097008619,1
275700,358.2730947822076,1
275800,359.0671122734252,1
276000,327.5298011187959,0
276000,337.82576565004626,1
276100,292.03658625350636,0
276100,373.0929692043699,1
276100,370.4419299827029,0
276100,419.5330948576522,0
276200,336.4117321008426,0
276400,322.22508302583594,0
276400,322.9951278247839,1
276400,345.2892846446321,1
276400,347.4966046327859,1
276500,384.0821960384328,0
276600,328.1005020300438,0
276700,347.4089064304103,1
276700,308.1128956369979,1
276900,326.6583738344919,0
277000,363.03021959721053,1
277000,377.0457319140453,1
277100,314.00958811559957,1
277200,324.62534572425284,1
277200,362.6245507737496,0
277300,366.28944856937085,1
277400,357.2042683321351,1
277600,342.2470613283258,0
277700,344.7476113809651,1
277800,419.81612005624646,1
277800,351.2251873817152,0
277800,324.61000661861004,1
278100,329.51000980901114,1
278200,382.7748581972838,1
278300,362.7740859178482,0
278500,388.5672613443838,0
278600,347.05231406341414,1
278700,359.638857755678,1
278700,406.29686281554785,0
278800,368.8881377432311,0
279000,375.2029604277465,1
279000,368.43938482082643,0
279100,317.81709434461163,1
279100,297.23070537893653,1
279100,326.7989275960029,1
279300,345.19452515761355,1
279600,470.9605156680797,0
279600,381.9147639421981,1
279700,370.8877761860989,0
279900,305.46289157790636,1
279900,365.1227200683941,0
280000,293.3545473707745,1
280100,352.2337491333748,1
280100,334.2612035321802,1
280200,336.64470252357614,0
280200,316.54235869802494,1
280200,343.84658024550066,0
280300,319.7654202289343,1
280300,354.1364620953959,0
280400,383.52200239689967,0
280400,341.27390414099364,0
280500,312.79059918025024,1
280600,306.7155645341034,0
280700,339.20712902679054,0
280800,406.6918888345456,0
280800,326.72596859546866,0
281000,333.60526361245087,0
281100,324.9499730695115,0
281100,382.0172146925461,1
281100,341.9203318630151,0
281200,378.7608584892098,1
281200,341.77713453259196,0
281300,359.1719886432566,1
281400,344.89214287891343,0
281500,374.20025749474047,1
281500,292.45321293054286,1
281500,306.8976604209135,1
281600,348.5605156683537,1
281700,389.3042144385125,1
281800,330.1269354911991,0
281900,369.84856060720284,1
281900,418.2761313372753,1
281900,341.9224838046601,1
282000,374.6210553296735,1
282000,312.18683340750323,0
282100,369.4542532638766,0
282200,323.2105661431145,0
282300,316.99334975871784,1
282300,303.68232705912317,1
282300,376.48692713229957,0
282300,296.7192147197803,1
282300,354.61272898837177,1
282400,308.7561864558341,0
282400,354.00678015089164,1
282400,344.29730956419127,0
282400,339.7396265608385,0
282500,320.7745683538169,1
282500,294.63409666661727,1
282700,343.4422778817251,1
282700,358.48610715266983,1
282800,293.58912030574095,1
282800,357.3539843293933,0
282900,313.03941657584284,0
283000,327.8225780396889,0
283000,330.5015176555568,0
283000,356.27056323634156,0
283100,370.7743201944349,1
283100,396.69698296297844,1
283100,390.30939603376885,1
283100,286.1750109163488,1
283300,446.82703118506714,1
283400,334.69170427919687,0
283600,301.0561162845238,0
283600,345.87304197551646,1
283700,327.18479547550925,1
283800,387.89822210888417,0
283900,399.2552569830282,1
284000,374.9316517279839,0
284100,328.9633559550573,1
284200,371.967150377894,0
284200,344.9130407876723,0
284300,315.84767916451057,0
284300,337.5847492776108,0
284400,352.5913153582124,0
284400,320.24115561456466,1
284500,376.5197656198728,0
284700,330.1133580720081,0
284800,374.13402571627563,0
284900,344.12455739374576,1
285200,293.5787253560984,0
285300,335.096968120157,1
285400,316.8533774845985,0
285500,335.6162687547103,1
285600,420.67951375713943,1
285700,333.27013723221074,0
285800,324.8385641501667,0
285800,365.0444024040191,0
286000,463.0558975561425,0
286200,361.6549025514501,0
286200,387.8324283804602,0
286300,408.50557048664115,1
286500,351.59268518582815,0
286600,334.94810343422375,0
286600,374.04759978080165,1
286600,346.54869360963534,1
286700,367.5248836169275,0
286800,321.1275685736164,0
286900,371.13941850088656,0
287000,313.87671606595245,0
287100,307.1157733313345,1
287100,323.28612132570765,0
287100,338.7698520059051,0
287100,312.85779735458493,0
287300,355.4508189370207,0
287300,367.92678680104586,1
287400,348.0180659004788,1
287500,333.4816525225359,1
287600,357.17361182394853,0
287600,315.64332363162947,0
287600,312.80606089511934,1
287600,293.22080972662565,1
287600,352.35729670116007,1
287700,387.00147279047735,1
287700,312.1982600085145,1
287800,305.4454118444797,0
287800,316.6285963336466,0
287800,360.3808809175673,0
287900,306.02427596702233,0
288000,346.27996255555934,1
288100,378.6229521965895,1
288100,373.6218436184971,0
288100,349.3212529311962,0
288300,399.2357947370452,0
288500,341.3236331973642,0
288600,358.37347720680503,0
288700,364.4193527636905,0
288900,311.4680554484751,1
288900,317.40737645258713,0
289000,365.3881610477758,0
289100,304.8318455591807,1
289200,363.29692905523603,1
289200,349.11571082968226,1
289200,328.413825664301,0
289300,358.36860135864197,1
289400,357.70188254000055,1
289500,354.3557612545231,1
289700,281.7548568868659,1
289800,363.38344442235444,1
289800,377.5603519967638,0
289900,359.09876985700095,1
289900,358.63094533242975,0
289900,343.30340552835287,1
289900,364.0370381207044,0
289900,354.42684740177486,1
290000,306.3098020017792,1
290100,373.2604878338185,0
290200,316.0177306518019,0
290200,389.8047463404484,1
290200,358.43195804906503,0
290200,406.3077141889691,0
290300,394.61266036181684,1
290300,355.48134984630184,0
290400,351.3623120110868,1
290400,342.8721577999331,0
290500,364.2198892802293,1
290600,356.4557283338198,0
290900,313.39658251144164,1
290900,361.86000594279324,0
291000,413.26726643296524,1
291000,329.08068029604095,1
291100,388.246903712717,1
291100,320.52245236832175,0
291100,336.88793170988254,0
291200,417.49464652631815,0
291200,387.3497193953514,0
291300,393.5691887082465,0
291400,430.1809217060663,1
291400,340.78735699916615,1
291400,362.5009288194585,0
291400,345.7770124065456,1
291500,346.4738505387282,1
291500,401.9651098435412,1
291600,404.09270658889267,0
291600,374.526048389802,1
291600,363.5502879105638,0
291700,329.17104468023837,1
292100,320.7104440730922,0
292200,309.30247172811994,1
292300,339.5176244001202,1
292300,332.0427632044167,1
292400,387.47629967582515,0
292600,376.2026622382932,0
292600,283.8335375707728,1
292700,306.97467399336125,1
292800,317.23608524189865,1
292800,335.44100560808647,0
292800,317.63639164440457,1
292900,295.09591038930256,1
293100,374.0126450153735,0
293200,318.9650532606399,0
293400,400.138146534098,0
293400,302.60319857843587,1
293500,373.7042766858121,1
293600,360.62667407691436,1
293800,322.33205032622755,0
294000,339.29539256316417,1
294100,357.2852294942265,0
294100,305.7975273369883,0
294100,335.3591882023975,0
294100,404.98630418806977,1
294200,332.8375484139166,0
294300,337.9458564841191,1
294300,371.49416061149566,1
294400,349.9752899293391,0
294500,358.4988943063484,1
294500,311.5440776657944,1
294600,334.4677906786918,1
294800,344.8291376305559,0
294900,358.4805384132345,1
294900,326.423574601301,1
295000,288.0698929172543,1
295000,351.31279326070046,1
295000,356.2290777405355,0
295100,325.34334822886535,0
295100,358.10918571287243,1
295200,320.0266885975639,1
295400,423.384648353732,1
295600,383.49659518781027,0
295600,338.84202406109165,0
295800,396.3677857292258,0
295800,323.6995909293943,0
295900,337.06365720286914,1
296000,389.93054660168127,1
296000,312.36825011203814,1
296000,387.43561716519446,1
296200,361.9254392161397,0
296300,418.7253009503723,1
296500,397.9517921727693,0
296500,305.84655080001113,0
296600,321.2699302458992,0
296700,421.93293863840705,1
296800,330.30247852412793,0
296800,329.52946597562413,1
296900,321.8916102814657,0
296900,342.4801627314086,1
297000,342.08811346365746,0
297100,373.6599351277839,0
297100,312.7454427249622,0
297200,428.40412582143904,1
297200,392.1337581987139,1
297200,352.8205019617296,0
297300,329.50268063865553,1
297400,390.52813101627834,0
297500,384.74149780745677,0
297500,370.676596125567,0
297600,320.8601806412918,0
297600,363.3356144615984,0
297600,310.36797980185605,0
297600,366.50400521671946,0
297600,402.12563887205255,1
297700,293.8624000962657,1
297800,317.9124242062675,0
297800,352.91888987917906,1
297900,360.51844983061494,0
297900,372.6914711053755,1
297900,360.1412915619824,1
298000,305.168499410886,0
298000,374.9445716881526,1
298000,374.24239763478425,1
298100,311.4674468756393,1
298100,323.11086367507744,0
298100,373.51067376866416,1
298100,325.79995785047527,0
298200,423.9685136645745,1
298300,340.6784229707311,1
298600,342.3731809287334,1
298600,367.5026289366978,0
298600,370.07250285409793,1
298700,304.2803938119977,0
298700,363.1037468773313,0
298800,323.01656900818193,0
298900,368.65350601099914,1
299100,297.14457422234136,1
299200,359.9186892109138,0
299300,375.586036092517,1
299300,369.51253181620086,1
299500,318.98072626898715,0
299600,338.788559818509,1
299600,323.4154365218917,0
299700,413.7080384156846,0
299800,401.9587990761806,0
299900,352.7454649658645,1
300000,365.98500962543017,0
300000,368.2972019627901,1
300000,349.8765146252175,1
300100,412.86123515965136,1
300100,375.70095630984974,0
300200,318.12238710760613,1
300200,344.00885537888666,1
300500,332.66665332996416,0
300600,345.0839762650827,0
300700,359.79533479931337,0
300800,385.7291433712421,0
301100,366.9295608550661,1
301200,332.0808777561296,1
301400,342.1102660345654,1
301400,370.77527678975434,1
301500,332.02580569001503,0
301500,319.67452853139474,0
301600,277.30237718876464,0
301700,349.5116266509773,0
301700,364.04748183982394,1
301700,327.6435044975449,1
301800,330.7122628690912,1
301800,347.326773388292,0
301900,293.1445532307295,0
301900,368.51226629640115,1
301900,347.4157478009017,1
301900,374.98631013059804,1
302000,379.19716417196287,1
302000,316.81224797583593,0
302200,315.57044781692895,1
302400,345.34397718728343,1
302500,360.9137023478093,0
302600,405.6438283944444,1
302700,367.3268240065059,0
302800,414.0123923471892,1
303000,387.4025205977301,1
303000,334.57285036117463,0
303000,297.28365505594445,1
303000,324.8600661408853,1
303000,334.2745765578444,1
303100,382.11670384841443,0
303200,382.63190125490985,1
303200,294.17826334434534,0
303300,308.38153431723237,1
303400,313.4762656561999,0
303500,335.7449329752961,0
303500,380.2072777087302,1
303500,290.6722502285839,1
303600,328.78915140613253,1
303600,362.7556782381084,0
303600,368.87837366821674,0
303800,297.90167725690424,1
303900,345.4482733050687,0
304000,336.05891711988835,0
304200,336.2078115410782,1
304200,338.2449489058464,1
304300,322.80198797552026,0
304300,342.1957543023525,1
304300,298.3981416831846,0
304500,331.06984435741236,0
304500,333.4438485360738,1
304600,332.0718444322785,1
304600,336.73084035150555,0
304700,320.69928134302285,1
304700,329.8811855481515,1
304900,325.20277069177723,1
304900,413.47002377739096,1
304900,400.82331117129246,1
305000,373.5649306456357,0
305000,322.73709610054766,1
305000,347.34827342354237,0
305200,339.85845569008364,0
305300,344.4533044996671,1
305400,414.33309257139,1
305400,325.97531784329317,0
305400,376.4555344725085,1
305400,322.9234420858489,1
305500,359.04718165585587,1
305600,324.72291806509963,1
305600,305.3524401916134,0
305700,334.83348288843064,1
305800,302.07357546117026,1
305900,323.31898563978933,1
306000,385.9844047049427,0
306000,419.4099817885525,0
306100,355.77091550796285,1
306100,381.55097514698366,1
306200,345.4706401600329,1
306200,408.2063881691473,0
306400,303.97551158659604,0
306600,380.2202114848518,0
306700,325.8153991502095,1
306700,354.69930288687857,1
306800,430.5551881419053,1
306800,329.9480251733394,0
306900,324.80468904398,0
307100,359.454591020851,0
307200,433.2377336868134,1
307200,412.34817632783,0
307400,370.9427581257206,1
307600,358.76475464000777,1
307600,371.9347805503078,0
307600,457.8067130539216,0
307600,334.1522607599937,0
307700,317.47676971840485,1
307700,340.5481635513702,1
307900,398.8831631092061,0
307900,323.06919012753906,0
308000,317.5516445322162,0
308200,399.6931653864556,1
308300,319.4564381353158,1
308300,322.8818938401514,1
308300,327.29222361076177,1
308400,325.6742319576294,1
308600,340.8550915631157,1
308600,408.529443177732,0
308700,338.32909118305514,0
308800,335.41124166256594,0
308900,332.8319717682356,1
309000,340.4974723121542,1
309000,346.74895405105383,1
309100,347.6348253427027,1
309100,283.57630230547215,1
309100,425.473923687374,0
309200,318.532497197833,1
309300,418.60442232855354,1
309400,282.17226318123426,1
309700,350.6544951191997,0
309700,369.8760850880109,0
309700,325.1254492590437,1
309800,312.10190171187753,0
309900,305.2123820844256,0
310000,389.10382282672646,1
310100,414.7350837003362,1
310200,345.2493311006691,0
310300,344.50724171981255,1
310400,329.4310199294412,1
310400,356.8498959326831,0
310600,363.98893778924315,1
310600,458.5174154534416,0
310700,304.5909749918793,1
310700,405.2438226586589,1
310900,379.19790578368065,1
310900,349.4201437062162,1
310900,399.81587689690326,1
311000,394.9801877839608,0
311300,446.1433488542779,0
311300,408.6977339750722,0
311400,348.4669410399914,1
311400,311.8793550803981,0
311500,382.2528539998022,0
311600,329.04738491450223,0
311600,364.277645080386,1
311700,343.75499055034595,1
311700,353.38850269444737,0
311700,340.8674105717297,0
311900,329.8488489411174,0
312000,342.71937846849386,1
312000,359.2097860999688,0
312100,396.48876792318106,0
312100,295.7991758596568,1
312100,379.91959279103133,0
312200,335.2151390615391,0
312200,407.4349148022113,0
312400,315.34891910490654,0
312500,370.2414203758455,1
312500,312.45108778133374,1
312500,430.8429373102675,0
312500,308.9072590253878,0
312500,360.46911616740965,0
312500,407.6672180919171,0
312600,446.28694997688854,0
312600,317.45853476745634,1
312700,351.65406421162425,1
312900,363.2623036536452,0
312900,407.82454385393487,0
312900,349.3078259256134,0
313100,390.4418316807366,1
313300,329.72123983624226,1
313400,347.8791344888421,1
313500,388.653849110983,0
313500,423.9273854308181,1
313600,388.49001940834904,1
313700,311.6936256727216,0
313800,385.96739540781834,1
313800,297.86863540946933,1
313900,405.27478152860334,1
314000,315.81989580841486,1
314000,335.5632279923003,1
314100,414.5089197591382,1
314100,377.77864657927,1
314100,297.04463333826953,0
314200,398.0035927831846,1
314200,338.31610095366284,1
314300,441.0832254577385,1
314300,363.88047522167136,0
314300,360.4440815329638,1
314300,322.22792485654634,1
314300,323.66905720169405,0
314400,320.8674314419854,0
314500,301.57796302723034,0
314700,376.67361698414345,0
314800,377.3772691414535,1
314900,298.62256737348014,0
315000,339.3256866436704,0
315100,447.11622113082393,1
315200,333.4358756532269,1
315300,364.2258706309846,1
315300,330.9568999178768,0
315400,313.90059674500895,0
315500,303.8715935169825,1
315500,378.59013902381395,1
315600,426.03945956561836,1
315700,340.2453581545497,0
315800,286.06999725100843,1
315800,379.805488669651,0
315800,276.60022160147406,0
315900,348.2137740685325,1
316000,331.4342375765066,0
316000,369.23917823416105,1
316100,350.6262513543051,1
316100,306.81510677720473,0
316300,344.79839878732895,0
316500,296.1480666534452,0
316500,388.9437951306653,1
316600,351.4584861159983,0
316600,333.1900400207343,0
316800,335.9429086374607,1
316900,371.4629936925066,1
316900,378.3338719901085,0
317100,476.03484365200757,1
317300,343.78634410573954,1
317400,312.24218432150514,1
317400,402.50346244443114,0
317500,335.11691711965403,1
317600,349.91707785525597,0
317700,340.81065442796023,1
317700,326.1783705967086,1
317800,311.3106106513712,1
317800,401.78632627690376,0
318000,326.7497615438103,1
318000,364.7115789666678,0
318200,324.03744451391367,0
318300,299.9150839470051,1
318300,365.2627560070779,0
318300,388.40288907778034,1
318300,332.75187903087027,0
318400,312.5715596748909,0
318400,323.86913638701986,1
318500,308.89153221590965,0
318600,336.16058441001746,0
318700,303.82922405740953,1
318700,379.271485505172,1
318700,312.5565220159668,0
318700,341.4557654840319,0
318800,431.4213657327461,1
318800,379.8675684429947,1
318900,336.48722979474354,1
319100,319.2176103230798,1
319100,314.14243117124335,1
319100,369.84003066873987,1
319100,333.25270489171606,1
319300,361.187726440435,0
319400,334.9008376731032,0
319500,402.7900083441203,1
319500,355.5900807580553,1
319500,288.8561706245008,1
319500,374.74649759586947,0
319600,364.4824574571674,0
319600,324.2177154045,0
319800,332.16394230325756,0
319800,351.46731542143436,1
319900,330.77959881026044,0
319900,356.27887228399936,0
319900,344.59474303016225,0
320100,365.37971965607994,0
320200,347.52125367589065,1
320300,337.2985741951297,1
320400,381.0751822178372,1
320400,295.5066782384953,0
320400,342.9960943805812,1
320500,318.47479966328314,1
320500,313.466518730395,1
320600,383.6237901031703,1
320700,343.62606193321386,1
320900,323.59716243072336,0
320900,340.04286881500155,1
321000,315.88210637084677,0
321100,329.0839013558033,1
321100,333.0913552789028,0
321100,343.4417155690752,1
321200,334.94431648287133,0
321200,326.5428304077022,0
321300,376.2293597208378,0
321400,365.3238854399681,1
321400,311.29047251584296,0
321400,350.3089547296371,1
321400,369.9689776226167,0
321500,313.76811410638027,0
321700,274.6485657592404,1
321700,354.87435541907536,0
321900,346.3860092992315,1
322000,325.22578763326624,0
322000,320.69263741249205,1
322100,351.58366880846035,0
322300,312.82589035280165,0
322300,326.79209473420207,1
322400,301.2137226514169,1
322400,317.2482516884153,1
322700,403.0063608964096,0
322700,341.66816783433256,0
322800,412.882964882847,1
322800,357.8022579346699,1
322900,337.2667142319454,0
322900,373.23959369984965,0
323000,315.3222584886739,0
323300,365.1325047655859,1
323300,370.020183213122,1
323400,300.9787626197508,1
323500,361.16037267880336,1
323500,396.36937712562957,1
323800,335.53387603944196,0
323800,333.6310266144785,0
323800,359.0580380254949,0
323800,353.10729460654113,1
324000,380.6523367767597,1
324300,306.19097292499515,1
324400,326.6078820099447,1
324400,375.1398515803674,1
324500,292.60389590159406,0
324500,337.34654361157146,0
324500,451.08938717595277,0
324500,331.45292988854965,1
324600,368.1651513730393,1
324700,423.36512492893127,0
324700,288.13035133266857,1
324900,395.3436446438391,1
325000,364.4424819741494,1
325100,353.13324186582634,0
325100,308.97827381173744,0
325200,325.65800003207073,0
325200,293.4955796728086,1
325200,356.69345589386,0
325300,297.6467856770944,0
325400,343.7691331635661,0
325700,377.5453876179257,1
325700,359.434557701534,0
325700,357.0759288877212,1
325800,325.44209232714326,0
325800,311.50406400622296,0
325800,282.9970095333792,1
325900,295.8997484814871,1
325900,403.95798497339626,1
325900,309.3451367551945,1
325900,338.51981940941255,1
325900,369.24891245643516,1
326200,372.48592796328916,1
326300,394.4468961279541,0
326300,329.2327987377313,0
326400,362.24906067646845,1
326400,351.29159023972335,1
326500,371.5255571474179,1
326600,373.4352709538284,0
326600,397.6505570897379,0
326800,327.59085866562594,1
326900,249.95550534305283,0
327000,307.5657652293473,1
327000,395.8214082955171,1
327000,344.2967313198064,1
327100,457.83381637492647,0
327200,410.28767524771297,0
327300,386.1316743102322,0
327300,308.6661567047017,0
327300,338.4510090587264,0
327400,376.1600736584348,1
327600,342.94859990297783,1
327700,297.52600774557624,1
327700,391.4599303926603,1
327800,380.9390301344509,0
327800,365.0832809540315,1
327900,324.4012298478131,0
328000,400.9796924991051,0
328200,375.18860901087174,0
328200,374.3312150822143,0
328300,332.27367049495683,1
328300,417.29614556739847,0
328300,340.81785097243505,1
328300,374.81176117431454,0
328400,308.48175176110146,1
328500,353.8971009982423,1
328600,347.9480325272773,0
328600,325.0639596320733,0
328700,351.9785473612264,1
329000,428.9353337964167,0
329000,303.1411985557064,0
329100,367.6431489211278,0
329100,415.68829849726154,0
329200,390.040518205869,1
329300,366.50792652590906,0
329400,389.4121457437186,0
329400,405.0200846961819,0
329500,359.0995923379366,0
329600,401.9285751321464,1
329700,363.95391811449866,1
329700,333.91006116935756,0
329700,408.38553980764124,1
329700,348.8132062694173,0
329700,299.12757226721595,0
329900,340.7056032998279,1
329900,319.22337080480213,0
330000,300.0067524343916,1
330200,329.3691169589864,0
330200,378.85402446009425,1
330200,311.93685643796834,1
330300,288.1825283242615,1
330300,311.58116994782296,0
330500,390.45502306709847,1
330500,362.3872994837747,1
330600,459.74841782925773,1
330700,383.2207314547809,0
330800,356.62293272573925,1
331000,361.1798229018559,1
331100,310.34219962494643,1
331400,332.49767100830223,0
331500,308.6865598097696,1
331500,407.7991674428917,1
331700,373.0152181818732,1
331700,440.74776096264543,0
331800,329.2068147903069,0
331900,298.26751620820977,0
332000,362.0246095903611,0
332000,363.9410823655991,0
332000,319.6879225134159,0
332000,329.42099713404247,0
332000,428.2743995237798,0
332100,341.2971230975215,0
332100,298.5993869391982,1
332200,365.1642168864875,0
332200,369.2836141883068,1
332400,319.0906862440763,1
332500,373.18269807049796,1
332500,350.3638018798304,1
332600,386.4022422807992,0
332600,323.21670097876444,0
332800,368.0491857517104,0
332900,342.5309935046485,1
333100,318.87607014289483,1
333100,327.61643442216206,1
333200,355.234090291797,1
333200,415.5564357425796,0
333500,456.7202086624659,1
333500,376.01532676715664,0
333600,367.53357245899736,0
333700,292.84319960610696,1
333800,403.12324967570873,1
333800,266.6502552511736,1
334000,374.5098276273246,0
334000,367.6860646986357,1
334000,345.0642721513058,0
334000,337.45791295421844,1
334100,283.35350323938906,1
334100,358.2477296477628,0
334200,346.15401533943975,0
334200,405.18400552744544,0
334400,339.6583756014896,0
334500,357.4441884806826,0
334500,334.0771123426568,0
334600,447.0244230275352,1
334700,401.12219453010647,0
334800,361.3473609043686,1
334800,402.4188678786861,0
334800,337.3033150694146,1
334900,429.0677299423543,0
334900,362.35670897627614,1
334900,430.0416810206966,0
334900,360.107370857074,1
335000,318.64561884829203,0
335000,314.9315569104742,0
335100,390.2803104710813,1
335200,335.04064830060975,1
335300,360.2877691336462,1
335300,352.43455396179786,1
335500,308.36411171558893,1
335500,347.88295375020584,0
335500,332.0960986142972,0
335600,316.3945583545709,0
335600,350.4857042872953,1
335700,338.3523078211025,1
336200,424.5265860126902,0
336200,311.5738676012436,1
336300,342.66162914133264,1
336300,386.22426987143314,1
336400,344.43399715475124,0
336400,375.8552512820209,0
336600,444.88412616556843,0
336600,334.5144064369483,1
336600,334.22865746613405,1
336600,467.18592005368134,0
336600,420.6680234895012,0
337100,390.53441013531136,1
337100,386.4235093259186,0
337100,366.3155314151972,0
337200,348.2994726390409,0
337300,370.7612260604826,0
337300,445.2095780793621,0
337500,362.86929924196016,0
337500,349.88240027155086,0
337600,381.05556963950403,1
337700,396.0732574233533,0
337700,384.1719720011666,0
337800,357.539672412998,0
337900,284.74619970495604,0
338000,361.0807367122968,0
338000,289.33013370431337,1
338000,293.72493937041787,1
338000,365.26949755476613,0
338000,347.5298649368868,0
338100,390.5468029665154,1
338200,314.4572961624474,1
338300,327.52682194581223,1
338400,423.8260373264706,1
338600,389.41476140261057,1
338700,386.1907592898813,0
338800,373.9290916374137,1
338800,410.0217212756979,0
338900,341.80248670760807,1
339000,334.8446745513178,0
339100,421.5734749608556,0
339200,387.81112019097554,0
339200,318.3399801817099,1
339300,377.6721995257435,1
339300,278.1416863634622,1
339300,340.40930314669936,0
339300,377.4320298930949,0
339300,343.8903207033936,0
339400,357.0251452534923,1
339500,304.4055329669628,1
339500,316.4038280057959,1
339500,350.4352974613669,1
339600,342.8823843466031,0
339600,360.42685458980606,0
339900,391.63613604885575,1
339900,433.02398879945594,0
340100,361.7347675318504,0
340100,385.44565988687805,1
340400,374.9889330233542,1
340500,355.2930215993277,0
340500,335.2194732901593,0
340600,327.2574067730201,1
340600,315.7327041546557,1
340800,370.945758657684,0
340900,405.8519776210848,0
340900,329.86396678912234,0
341000,313.13896414270795,0
341100,334.1538973467599,0
341100,302.2478310817366,1
341100,340.00095456633676,0
341200,365.25407992592545,1
341300,317.579474091392,1
341300,333.3442456171963,0
341400,409.2619906308151,0
341500,320.17229801435906,0
341500,356.12937596968493,1
341600,337.89949695437684,1
341600,320.2133364661105,1
341600,316.88803294060966,0
341800,379.72809896739614,0
341800,332.3264441280097,0
342000,419.15428212076563,0
342000,348.2127359279531,1
342100,374.83951227100124,1
342300,336.1674072470253,1
342400,299.0647595641305,1
342400,377.79427695417445,0
342400,411.9420806174967,1
342500,334.7748451093928,1
342500,403.90120734359914,0
342500,256.4193444981201,1
342800,348.3702688663275,1
342800,377.6771229734565,1
342800,316.9707753106909,1
343000,285.01358651644347,1
343000,318.9113214969271,0
343100,379.75434886580587,0
343100,395.9993220477869,1
343300,376.0600037965985,1
343500,403.20627529219263,0
343500,296.7017354039937,1
343500,331.54359059074943,1
343600,404.50960103428133,1
343700,318.14501024088685,1
343800,404.45165350818496,0
343900,396.7593344375568,1
344000,402.1860630162449,1
344100,302.14804497211986,0
344200,303.56987724889774,0
344200,382.4527324399263,1
344200,361.0595833795094,1
344300,317.94885132734686,0
344400,463.7601227144843,0
344500,348.37951801951954,1
344500,310.9736861994776,0
344500,312.72339245339293,1
344500,312.21896918811063,1
344700,387.0154824882811,1
344700,335.0704677144499,0
344700,317.9112119596652,0
344800,361.2744393827656,0
344900,435.61865871469934,0
345100,400.7191333055107,1
345100,368.68968410264966,0
345300,307.82347828589826,1
345300,333.6899592841091,1
345600,428.1908567027082,1
345600,425.934938912754,1
345700,445.593399342264,0
345700,309.1837110942707,0
345800,311.0662840054591,1
345800,361.2085058927509,0
345800,338.63412603812054,1
346000,321.0210946729482,1
346000,320.4962498642447,1
346100,336.9827070185155,1
346100,384.17881967733973,0
346100,349.0349790835215,1
346100,343.47636232983155,1
346100,327.91220273562817,1
346400,346.8709134224354,0
346400,331.69563930941774,0
346500,340.75395419608753,1
346500,376.60048848457114,0
346700,295.28923396407663,1
346700,348.7661761490837,0
346800,441.83530888475593,0
346800,386.919880354956,1
346900,338.85528875433147,0
346900,366.70851005782305,0
347000,341.15397769181624,1
347100,321.56010587672824,1
347200,341.7359347292529,0
347200,362.2244695866754,1
347300,327.50668100841904,0
347400,456.33587125770305,0
347500,397.01804675241016,1
347500,340.09715299083064,0
347500,359.9975204796854,1
347600,325.642195107804,0
347900,328.74883849788824,0
348000,356.47100147200433,0
348000,297.53367700367784,1
348000,399.45690044026185,1
348100,456.0019861702498,0
348100,337.756123639279,1
348300,343.64872559052105,1
348300,332.2163447652706,1
348300,303.18648105473517,0
348400,340.4373116091389,0
348400,353.927461045692,0
348500,325.8511887035238,1
348600,478.07319859728364,0
348600,352.08683254599725,1
348700,370.5586297412192,0
348700,321.47700517579915,1
348900,357.35279560367786,0
349000,390.73241227347324,1
349000,391.53890818668793,0
349000,314.6275439667424,0
349000,317.4924035546183,0
349100,359.4784340142023,0
349200,274.82541724214127,1
349300,329.5885527074359,0
349300,373.3415705962201,0
349400,346.6896024935316,1
349400,331.20243214962437,1
349400,307.78726460890914,0
349800,394.2541084045215,0
349900,396.32619881514364,0
349900,360.76592140416335,0
350000,370.0843915671049,0
350100,337.624232423161,1
350100,339.6633039002173,1
350300,337.8320758950817,1
350300,324.34020547154023,1
350400,311.90251257401803,1
350400,366.63087266233515,0
350400,352.5981042385332,1
350500,334.59561411077834,0
350600,329.1566244896907,0
350600,320.5025987467611,0
350900,385.52036133159373,0
350900,385.0318273326916,1
351100,322.77920396243456,1
351100,356.67270630057976,1
351100,332.18162104314655,0
351200,311.4755459602488,1
351300,326.7043238714837,1
351300,320.1351324246323,1
351400,348.83475368906903,0
351500,323.73258373764406,1
351500,297.20209184681977,0
351600,312.6285610284374,0
351700,392.6191397377895,1
351800,357.43942410417213,0
351800,351.2620042156393,1
351900,347.2817322279758,1
351900,369.2282366489777,1
352000,379.64826557278536,0
352100,348.0684823207115,1
352100,314.90519684670045,1
352100,447.49992785541815,0
352200,280.52234905011056,0
352300,304.7043087005821,1
352400,316.518811888464,1
352400,378.27884978202576,1
352500,287.58867355742143,0
352500,330.4207706620468,1
352600,299.41862514718946,1
352700,337.85150389093883,0
352900,295.3009080339719,1
353100,336.95204699949903,0
353200,340.1673459722128,1
353200,354.1938893474189,0
353200,293.52022362679656,1
353300,417.0430628615519,0
353300,381.74718695825965,0
353300,390.22338709840625,0
353300,362.02232391439907,0
353500,353.2939834274408,1
353500,313.01616457301026,0
353500,357.11391834768955,1
353800,339.0284258116109,1
353800,298.0062426301252,1
353900,346.15934818063425,1
353900,396.0644395943214,0
353900,337.01010474734034,1
353900,315.2872652372222,1
354000,355.0401803714143,0
354000,325.1083410365725,1
354100,348.00413692257024,0
354200,284.8921257927893,1
354500,310.51770207293,1
354500,402.8496971292984,1
354600,341.405898788125,0
354600,349.77528603441357,1
354700,304.3750681702477,0
354700,408.80313062603375,0
354900,315.2855991367169,1
355000,323.19882759275697,0
355000,291.49526820884074,0
355500,425.4457940953387,1
355500,352.7807344314567,1
355500,326.97438256451596,0
355600,361.0679322938086,1
355700,310.9313009084127,1
355900,332.4305115599393,0
355900,399.6668285482516,1
355900,335.4368783236132,1
356000,354.0045499639578,1
356000,350.58579093844514,1
356000,386.05233482797024,1
356100,375.2530136807487,1
356200,326.53684632585504,1
356200,333.906050350861,0
356200,389.85027426570406,0
356200,423.42775963826386,1
356400,318.41368366258797,1
356500,357.34237947489606,0
356500,383.3252694515536,1
356600,388.32254916811064,1
356700,311.10155384850174,1
356700,317.44650434470555,1
356900,422.15601573897345,0
357000,364.1347549478899,0
357000,368.12754582321605,1
357000,448.7124244897704,1
357100,322.5649473645433,1
357200,304.78303677991244,1
357200,332.86697231966866,1
357200,318.45189878253666,0
357400,305.09585472299847,1
357600,369.63203076805854,1
357700,417.57193508653563,1
357800,372.9025467731871,1
357900,316.06971460427286,0
358000,387.83807573875754,0
358000,409.02539684919685,1
358100,315.80161239643417,1
358100,381.40970744442564,1
358200,373.7276186297984,0
358300,434.74825410425456,1
358400,379.75800058782596,1
358400,358.8461531080137,0
358400,308.880559382617,0
358400,349.51367027343883,1
358400,299.0026338857752,0
358500,388.5601223980023,0
358600,315.4318010328925,1
358600,363.24009624780996,1
358900,329.90733369945247,0
358900,395.7999262018047,1
359000,295.5731970494553,1
359100,372.8244248796539,1
359100,347.0507001384912,0
359200,353.52571340934566,0
359300,327.55029999053943,0
359300,317.71174932597256,0
359400,380.78461887361135,0
359600,346.90653499082424,1
359600,367.5435279805179,0
359800,349.627396781893,0
359800,311.3236706309803,1
359900,412.5793510287631,0
359900,328.75475037836316,0
360300,432.71807977317184,1
360300,389.08483601152494,0
360400,313.0426436429876,1
360500,380.96298188441125,0
360500,332.7275234963222,1
360500,353.68369266923474,1
360600,315.23092690974437,1
360600,422.65305120088607,0
360600,325.69124582084817,1
360700,322.3021198595879,0
360700,419.39815050145313,1
360700,429.37718611916836,0
360900,330.52925709301877,0
360900,357.24168304069394,1
361000,375.20277887297357,1
361000,346.5847127873853,1
361100,348.46081878692945,1
361100,348.33174147823536,0
361200,314.8292250214607,0
361200,420.9699313252023,0
361300,382.39947049990224,0
361300,326.9741736645055,0
361400,388.4978951240065,0
361400,385.4943341596357,1
361500,316.9102572299204,1
361600,342.2841907341683,0
361800,364.4116896947113,0
362000,406.3481801739852,1
362100,355.61071018334775,1
362100,361.97452589467554,0
362100,429.52048726213116,1
362200,396.46926940302205,0
362200,464.159980984615,0
362300,303.28761211077847,0
362400,325.33387432087846,0
362400,329.6294691129977,1
362400,321.893809549813,1
362400,284.5943185278347,0
362800,379.6264079069672,0
362800,305.23083670414655,0
362900,353.15375299290235,0
363100,343.8275331685712,1
363100,404.54678419899443,1
363200,317.07053718610985,1
363300,353.24875337394184,1
363300,352.58371265684434,0
363300,333.1508126963776,1
363500,356.2538277506598,1
363500,357.18287755148555,0
363600,289.7424256177545,0
363700,413.46594213759136,0
363900,321.5703761799376,0
363900,333.4331379340959,0
363900,337.8083380039589,1
364000,374.7040618553871,1
364000,316.6949081229268,0
364000,386.4636054565595,0
364200,361.6475875148404,1
364300,344.2743033098428,0
364300,388.89753656367236,0
364400,354.98305484052423,0
364400,393.7368754152649,0
364500,375.04810001712485,1
364500,360.93006925041567,0
364500,352.44198081705997,1
364500,411.1634042262772,1
364700,293.73501586009627,1
364700,304.9818569529403,1
364800,333.15740282148596,0
364900,345.36686282195984,1
364900,330.876218571726,0
365100,335.5752688054008,0
365100,340.1660685785217,0
365100,321.20181694326084,1
365200,284.04241423625024,1
365300,368.6201196964619,0
365400,340.15110992425815,1
365500,317.77048156589285,0
365500,344.13077588301303,1
365500,345.760166780358,1
365700,475.23014530053234,0
365800,323.5461634132676,1
365900,371.6877337808457,0
365900,339.37752146394695,0
366300,349.7927285635996,1
366400,319.57155998653724,1
366400,437.249235648383,0
366600,350.99507771818804,0
366700,397.4782528314555,0
366700,364.8363551255011,0
366800,338.2970392669539,1
367000,427.44005152572487,0
367000,303.8382856024085,0
367000,320.7657972736361,1
367000,314.57153655380233,1
367200,411.01057198978936,0
367300,385.82015476553835,0
367300,330.1448110099575,0
367300,425.31283991115424,0
367400,376.49708027303916,0
367500,326.4756600041153,1
367600,347.85800299097104,0
367700,352.34541956558576,0
367800,328.8326514694191,1
367800,381.66005472248713,1
367900,384.353286325355,1
368000,403.07567809800287,1
368000,321.899454354338,1
368000,356.6502045718037,1
368000,355.5599425935203,1
368200,343.48279647700616,0
368200,367.52370753785596,1
368200,351.31941259247526,0
368300,283.3280836480138,1
368400,366.3528727067361,0
368400,326.11189750332755,0
368400,343.58486795708916,1
368400,350.05090376549015,0
368500,347.26982334210203,0
368600,300.66939565854847,0
368600,370.0559499997467,1
368800,316.76626234321014,0
368900,395.82181670038665,0
369100,369.4021319546884,0
369200,346.0769099618557,0
369400,376.8576107706907,0
369500,355.99211717068926,0
369500,366.354234593503,0
369500,356.3833936347577,0
369600,399.03366373395454,1
369600,326.8155864244772,1
369700,366.641673430154,1
369700,472.9549848190966,0
369800,312.5464004197074,1
369900,365.18832219692365,1
370100,334.8429157725319,1
370200,435.64804870482664,0
370300,382.18558127206126,1
370400,362.7808993160339,1
370800,329.7716660853595,0
370900,376.7440363133079,1
370900,311.61336632977356,1
370900,451.2244946087518,0
370900,362.8932427059165,0
371100,416.34753021416066,0
371300,385.737269525804,1
371300,385.7121353365583,1
371300,336.4723006732594,1
371300,326.50855383099025,1
371300,432.95528881618645,1
371500,382.6135029072149,0
371600,369.03627424303573,1
371600,343.1054603815416,0
371600,364.0068002717309,1
371700,312.3357324592023,1
371800,336.6781647938011,1
371800,424.5409724214065,1
371900,290.7038533176575,1
371900,307.04126537914976,1
372000,351.31611563828767,0
372000,379.87816907386144,0
372000,327.4962161335281,1
372100,325.1414040330127,0
372200,394.9647556028303,0
372400,350.41920387863496,1
372400,420.17778924580335,1
372400,319.43381175736835,0
372700,415.2868816084425,0
372800,409.12967748051824,0
372800,349.41906923635133,1
372800,433.12179303660673,1
372800,406.1768140636117,0
372900,445.2083712535697,1
373000,360.3148835010351,1
373100,393.0078973152565,0
373100,400.9330301769231,0
373100,307.86376191990735,1
373200,415.96688468421667,0
373300,284.93001456705593,0
373300,393.69038761702006,0
373300,358.0355129255608,1
373400,323.9002737251894,0
373400,437.37676670450674,0
373400,336.61609267531566,1
373400,326.11365280128615,1
373600,439.25505926417287,0
373600,269.96326915001816,0
373700,350.3958913421256,1
373800,331.12625271761124,0
373900,345.7024410254502,1
373900,283.3964739826599,1
374000,315.13404311025073,1
374000,412.6688154790241,1
374000,435.89970481710174,1
374000,400.416759983902,1
374200,329.11308695495984,0
374200,349.1607322417371,0
374200,300.7378771223691,1
374300,296.95863318245097,1
374300,339.79542329174024,1
374400,289.02421614956285,1
374400,344.5253597769455,1
374600,307.46389890631605,1
374700,324.515108560931,0
374800,375.200386786916,1
374800,346.77187851575263,1
374900,381.35488560244227,1
374900,408.9912038024241,0
375500,338.98719126982553,1
375700,381.4039165765659,1
375700,355.6761060679028,0
375800,389.8289701707373,1
375800,382.6784871058006,1
375800,355.3528432224888,1
375900,383.82522821854474,1
375900,312.82537791396715,0
375900,328.9822594349551,1
376000,319.7738989557463,0
376100,369.0194364881377,0
376100,352.3236405839364,1
376200,327.0970205207535,1
376400,330.70278933316706,1
376400,435.39447108105816,0
376800,345.50306604208384,1
376800,319.5899152090455,1
377200,420.25167228144153,1
377200,322.6795634550451,1
377200,335.0671147737204,0
377200,397.8896904401894,1
377300,431.25236542377627,1
377300,366.0674600478319,0
377400,394.5614875419274,0
377500,426.13614405004853,0
377600,376.37557789300297,1
377800,372.12117817434194,0
377900,390.25761929963863,1
377900,319.21625206197064,0
378000,397.77052580864546,0
378100,327.54801529017055,1
378100,337.20266400925743,1
378200,356.52278200356716,0
378300,325.0463200491481,0
378300,335.5612340383887,1
378300,339.37561884679815,1
378400,359.1342918448656,1
378400,360.13377744506835,1
378500,316.5845005163265,0
378600,330.3334948272504,1
379000,485.67274364787494,0
379100,435.7406423013543,1
379100,389.5047164839295,1
379200,352.5609975763425,0
379200,349.3938301656905,1
379300,367.8346915623842,0
379300,403.3305979640393,0
379300,354.18190389619537,1
379400,346.6236910623935,0
379400,362.63445228693536,1
379500,341.01169809369213,1
379500,378.4551920683238,0
379600,385.5820812353121,1
379700,333.0886475822864,0
379700,313.43565862066214,1
379800,346.27276111682943,1
379800,381.5299462205454,0
380000,310.3046163069919,0
380000,327.8245965137402,1
380100,331.33087583779843,0
380100,353.9573177818552,1
380200,408.51199641705665,1
380200,425.7960183130745,0
380200,296.825819209108,1
380200,343.01060560463395,1
380300,348.2073629879556,1
380400,334.3576335702532,1
380400,385.6193811465286,1
380500,386.5522881157777,0
380600,347.22894447926285,1
380600,376.9755719209765,1
380800,416.82902778220404,1
380800,321.1967467870642,1
380900,348.89076894528665,0
380900,332.12731627016205,1
381000,368.4206811400043,0
381000,339.51409910958984,0
381100,373.1423091327115,1
381100,390.337681578937,1
381200,358.8299956640252,1
381300,353.45964635342483,1
381400,361.32092675517106,1
381400,311.7411442937336,0
381400,408.7672141573251,1
381500,348.0854323815722,0
381700,339.1689358546013,1
381700,360.9013883297422,0
381800,388.8813342485342,0
381800,420.78409587045337,0
381800,383.540695597994,1
381900,351.4327624306643,1
382200,421.8873580007787,0
382200,302.33346069510645,1
382400,296.4083748892222,1
382400,389.97310631388115,0
382400,384.924832916493,1
382500,330.006892156815,0
382500,319.4738992012661,0
382500,371.1824659168519,0
382600,333.3045618834619,0
382600,318.8059007799493,1
382700,335.4101242261466,0
382700,331.081072340885,1
382800,384.211746842556,1
382800,336.6913236197769,0
382800,378.0934227188548,0
382800,404.0286160812955,0
383000,445.2650417115389,1
383200,330.78688293697167,0
383300,358.4639706894891,1
383400,380.35390484120506,1
383400,340.29085273377433,1
383500,441.5826852666249,1
383600,299.41177529697717,0
383800,368.3876686067861,1
383800,370.7991908464315,0
384100,333.8470569771436,1
384100,334.63143183486125,0
384200,304.925769481337,1
384200,306.8124157330393,1
384200,339.66267034884174,1
384200,356.1523733629603,1
384400,288.9457488754376,0
384600,307.6888819657712,0
384600,378.6551391633726,0
384700,303.8250605272653,1
384900,372.1964708624796,1
384900,329.1438652321371,1
385000,346.232452059464,0
385100,369.9476359396094,1
385100,329.05389228576325,1
385100,334.27163818768423,0
385300,349.57109182159854,0
385300,383.5033703141096,1
385500,312.8243478359781,1
385600,366.9855701056216,0
385600,313.0620066731276,1
385700,362.25080537025485,0
386100,360.50293044112675,0
386100,339.58300988573086,1
386200,319.51826107138686,1
386200,332.9234888893997,0
386300,414.2330939688134,1
386300,322.48436772040066,0
386400,345.55639582561116,0
386400,336.383098805083,1
386600,349.83515028903895,0
386600,343.985123501714,0
386700,341.8554615633856,1
386700,331.2244330049059,1
386800,451.83834104329725,0
386800,365.0903947736943,1
386900,326.12337117130465,1
387100,352.0782118135091,0
387200,332.0491526480478,0
387200,343.95767737640614,0
387300,342.74835321241125,0
387300,332.9345792565851,1
387300,376.528374289575,0
387400,344.97263150640237,1
387400,351.4683000203095,0
387400,290.001340953398,0
387500,332.8443503468033,1
387500,347.5648541444023,1
387500,320.3351931546027,0
387700,405.5474699095952,0
387800,374.16576213639394,1
387900,323.73540693639313,1
388100,360.46189369174533,1
388100,353.7683860720369,1
388100,391.2234047428102,0
388100,344.8553797328603,0
388200,310.1387449660732,1
388300,353.2566502862765,1
388300,461.07487032098913,1
388300,358.3597117696666,0
388400,332.954287661404,1
388400,353.9377676997759,1
388400,391.6269776621677,0
388400,383.42879667769023,0
388600,282.45622628706997,1
388700,343.5312185379403,1
388800,383.2948276312096,1
388800,306.04996119439176,0
388800,367.33257649785764,0
389100,324.97942847624546,0
389100,374.50453443285755,1
389400,368.6441097741748,0
389400,347.1891364446185,1
389600,479.1878424212508,0
389600,335.87575468343675,0
389700,331.99836936360555,1
389800,404.537217533199,1
389800,334.80046039253824,1
389900,356.34033349961476,0
389900,393.85931291253917,1
390000,316.9656412884922,0
390000,316.2076481285195,0
390100,332.1114489824807,0
390200,408.19584469448205,0
390200,401.539157849506,1
390300,402.65722712914805,0
390300,362.8332667349612,0
390300,365.4625336331566,0
390300,390.1866067374896,0
390700,378.18673359125654,1
390800,351.3676572979523,1
390800,397.95099275487524,1
391000,356.7558821923154,0
391000,385.6256219837121,0
391000,347.9343359025101,0
391000,327.3764162393952,1
391200,384.9313265314219,1
391200,345.22787798354005,0
391200,339.38570313759726,0
391300,305.38585803370364,1
391400,331.98580200490863,1
391500,344.8844710262649,0
391500,420.8230942640865,1
391600,304.35235028908005,1
391600,363.0243948546107,1
391700,382.0301594800137,1
391800,446.553163823553,1
391900,353.1401023250052,0
392000,354.16212771258097,1
392100,337.1008518947455,1
392200,458.23391675864264,1
392200,296.46457108233767,1
392200,382.9988771725623,0
392400,328.29740490093826,1
392400,395.1593805992208,0
392400,351.77475600148637,1
392400,353.600474516612,0
392400,365.25934603498973,0
392600,336.7298212465094,0
392700,311.1900051237265,0
392700,377.10765872525997,0
392900,324.3565933968467,0
393100,376.01077740854123,0
393300,286.15778656916984,1
393500,373.64481169167027,1
393700,354.288957155115,1
393700,358.65243260937916,1
393800,307.458492856048,0
393800,373.83892294318963,1
394000,324.6658138643998,0
394000,356.5723636498445,1
394100,350.6254129134625,0
394200,360.5501261148377,0
394200,332.45261001413314,0
394300,362.37335002080573,1
394400,333.43349222597334,0
394500,309.6464091764463,1
394500,376.93306042463263,0
394500,385.69328047059696,0
394600,360.7341433741246,0
394600,309.2839833428435,0
394700,348.4081697351996,0
394700,361.8313890739863,1
394700,357.13991738726355,0
394700,346.7977780645091,1
394900,445.05898610712,0
395000,306.38269661239184,1
395000,376.9821771435486,1
395000,323.7061453327807,0
395100,409.46645383166344,1
395100,326.37155502521307,0
395300,335.05698407032475,1
395300,348.8949771742553,1
395500,335.7859217460105,0
395500,377.3083427547964,0
395700,362.37183596289196,0
395800,288.0151768186067,1
396200,389.33168909942344,0
396300,295.3619360556123,0
396300,365.29138280641115,0
396400,364.4650621048595,0
396400,453.6050467982029,1
396400,352.9486601006676,0
396400,331.67949647413747,1
396400,407.08795342407893,1
396500,391.5015021890705,1
396500,332.2829468962958,0
396600,407.5055650487413,0
396600,322.32327129541784,1
396700,354.10115600327265,1
396800,335.62709232449873,1
396900,491.0018075070781,1
396900,364.2364474643306,1
397000,437.3727127500372,1
397100,399.8825492304266,0
397100,293.70629448790766,0
397200,348.7224467343024,0
397200,343.4376467921395,0
397300,337.57765721993087,0
397300,337.9731421020768,0
397500,472.96517403272344,1
397500,372.1100589291756,0
397500,380.5165042217367,1
397500,320.7905912828961,1
397700,438.81920205942816,0
397800,299.5785113915937,0
397800,367.25705038338003,0
397800,343.0436378265839,1
398000,422.06766795184757,1
398000,373.93852616031313,1
398000,457.03564951648667,1
398100,329.7307721495318,1
398200,376.3313082943484,0
398400,403.29750635201816,1
398400,359.2369185994213,0
398400,357.87015043776023,0
398400,349.1904050399022,0
398700,382.09579343957705,0
398700,348.97193079227367,0
398800,334.4058981350211,0
398800,336.23465118242524,1
398900,347.9978884816348,1
399000,362.4597658787093,0
399000,376.09952339967685,0
399100,389.5524577553426,0
399100,322.7378684610652,1
399200,365.8017142070037,0
399300,311.1755921146681,0
399400,349.89268519805756,0
399500,333.4199242421977,0
399500,345.58629923356,0
399500,400.7583149706426,1
399600,348.22940586019735,0
399700,365.7134752666676,1
399800,295.35975755863615,1
399800,371.87767873394574,1
399900,363.6796036042008,1
399900,375.761057380084,1
400000,413.05875950623187,1
400000,356.3045750991107,0
400100,289.3474954009362,1
400200,343.64327597869016,0
400400,397.3336772281133,0
400500,376.2117955593854,1
400700,357.449918689102,0
400900,356.40030068862495,0
400900,350.9498519652107,0
401100,416.6721251315144,0
401200,339.5775730102465,0
401200,357.6376141860546,0
401300,331.1905038627156,0
401300,320.6332393453604,0
401400,357.6482337375189,1
401400,272.21201107242945,0
401500,314.23125874096115,1
401500,369.9621858119217,0
401500,292.1998098084332,0
401500,344.3107811400379,1
401600,355.7853337007479,1
401600,335.490466070261,1
401600,368.2612050398064,1
401600,351.30227138034314,1
401700,321.3508450917718,1
401800,346.33943032189984,0
401900,348.0218321821403,0
402000,351.00609763482794,0
402200,360.5830330125026,1
402300,328.70944329188484,0
402400,356.01163091240926,0
402400,298.11842814073316,1
402400,352.1346606158164,0
402500,348.5470637030467,1
402500,387.12393363943755,0
402600,333.42489354376596,0
403000,384.18208086016955,1
403300,420.93029777188764,0
403300,330.4106347156615,1
403400,341.86776045476205,0
403400,282.71894311768745,1
403400,342.94998290086176,0
403500,304.13347667799206,0
403600,322.90653238806414,0
403700,328.28587289541883,1
403700,312.8196169176446,1
403700,343.39661801069195,0
403700,344.5455258780658,1
403900,429.0333551812552,0
404000,346.01207361369126,0
404100,375.91209419578126,0
404100,302.88432647642315,1
404200,376.79858403572115,0
404300,328.7415142749244,1
404400,380.07309676342896,1
404400,360.01519496461935,1
404400,435.12243187062114,0
404500,390.05791399280986,1
404500,381.1122663497744,1
404500,347.56336649377215,1
404600,358.21440925745105,1
404700,333.63999795509153,1
404800,391.31492735042804,1
404900,356.69926808450407,0
404900,372.43664750052363,1
405000,293.06708362387167,0
405300,329.7742397788757,1
405300,299.7290280112905,0
405400,425.6431070837805,1
405400,357.4263301570309,0
405400,380.86814728690723,0
405500,313.17367533924846,1
405600,329.9562674987276,1
405600,382.86846071289125,1
405800,418.2903985639486,0
405800,342.7188586501717,0
405900,380.49324867284884,0
405900,351.57076143723623,1
405900,377.47158985458697,0
406000,347.97483241910237,1
406300,410.2861314943704,1
406400,382.5987317120577,1
406400,337.48543308974394,1
406500,408.24852600065753,1
406500,400.44635253380414,0
406600,330.31350059969395,0
406600,316.30609332297047,0
406800,339.8738431183439,1
406800,291.45718146566475,1
406800,336.4725722764296,0
406800,328.4344537076831,1
406900,339.37765096408606,0
407000,336.1619028412277,0
407000,327.73862671818983,0
407000,352.0090090581664,1
407100,414.2962851609549,1
407100,417.84122627028347,0
407100,386.35829667973184,0
407200,386.7095375474904,0
407200,376.7362657026524,1
407200,369.2913585866853,0
407400,283.501584641568,1
407400,340.7791009077265,1
407600,296.98675998664913,1
407700,299.7973564881938,0
407700,394.17496905825516,0
407800,297.68813029732,1
407800,418.5475769111026,1
407900,400.272448247931,1
407900,307.0528838630238,0
408000,344.7432180380347,0
408100,318.39200112904757,1
408100,410.3908682176328,1
408300,378.0819942198834,0
408600,339.60589189677876,0
408600,333.75240776871965,0
408600,360.3736877659946,1
408700,311.4850294617114,1
408700,375.0734830013796,1
408900,371.26115232454833,0
409000,370.6469106255112,1
409100,382.01369796878134,0
409100,347.8159047817629,0
409200,374.7706908979743,0
409200,368.2744784409329,0
409200,330.07665890427484,0
409300,382.98184156728246,0
409400,369.9036672225023,1
409400,387.0669090462496,0
409600,365.5641951923674,0
409900,309.2451195228263,1
409900,317.3787878215576,0
409900,358.18945661431957,0
410000,362.32510548066364,0
410000,325.8481519111994,0
410100,374.9778099349523,1
410200,347.64360072254266,1
410300,296.5183350827981,0
410400,314.9363405929476,0
410400,374.9657423414656,0
410500,315.5092099360544,1
410800,360.7841082504751,0
410800,350.1377537765587,1
410900,318.515606730858,0
410900,350.14215577400364,0
411000,308.40370610116526,0
411000,330.17387335949826,0
411000,354.1065969002712,1
411000,319.647410808993,0
411000,306.9299793610212,0
411100,415.34212240327673,0
411200,374.29372589119043,1
411200,428.2241485812928,0
411200,340.8631515773518,1
411300,307.77865556411115,1
411400,339.4800783750274,1
411400,375.1154485064878,1
411400,320.5172467766962,0
411400,383.71607844661423,0
411400,333.9014689975196,1
411500,375.053925873115,1
411500,301.2670981074022,0
411700,299.6953339845972,1
411800,309.77151223116005,0
411800,349.2393440621429,1
412100,300.29468364269,0
412200,318.86060006416994,1
412200,347.2325800709086,1
412200,367.1655895541987,1
412300,382.86317021808475,1
412300,317.20979996350405,0
412400,336.79096200110337,1
412500,349.4620316907797,0
412500,316.30304641958406,0
412500,350.2685958898781,0
412600,279.84724429343237,0
412600,339.6299050939405,1
412700,376.95238850652237,1
412800,333.4083748706262,1
412900,305.362472196739,0
412900,341.22926035053734,1
413100,324.7976387938759,1
413200,322.2475037621772,0
413300,332.3695898883815,0
413400,335.88559966053793,0
413500,368.5395712441547,1
413600,337.2274435457935,0
413700,323.2285742782609,1
413800,319.47682408675485,0
413900,290.39298744000615,1
414100,312.5911787779573,1
414200,347.26998088961284,0
414200,311.5568751056929,0
414200,344.78477303008003,1
414200,331.1627129386498,0
414300,383.9038877875773,1
414400,348.42908178740424,0
414400,308.6948187769937,0
414500,360.93193964881794,0
414500,369.22460009067544,0
414500,344.36253132584073,0
414600,328.21214361878424,0
414600,378.3298414201121,1
414600,373.03475958172345,1
414700,370.5647733460351,0
414800,374.578235075311,1
414800,386.80513762990614,0
415000,308.88693982638387,0
415100,352.97757547827126,1
415100,342.0054421022641,1
415200,385.6265023365698,1
415300,347.0576521266472,1
415400,364.863638499222,1
415500,312.005877886136,1
415600,354.2867898419452,0
415600,335.4422085763904,0
415700,344.48105035865973,1
415700,329.4406042437004,0
415800,343.0732851735416,1
416000,328.6750502241652,1
416000,321.4182065161213,0
416100,356.164144836149,1
416100,333.8661486349606,1
416200,329.98052110834834,0
416300,311.8180304005778,0
416300,323.33024443542087,0
416400,310.11205182175456,0
416400,315.76153748492686,0
416500,348.9434131224829,1
416500,428.8911371846628,0
416900,380.2521280232991,1
417200,387.300980522217,0
417300,307.5025317253676,0
417300,345.710005478593,1
417400,322.23074537213404,0
417400,343.1763421839718,0
417400,290.1911829332462,1
417400,337.1416808903045,1
417400,307.4376276914923,1
417400,298.80853533598315,1
417500,359.5627792398715,1
417500,399.2578887323703,1
417600,334.0434617037729,1
417600,327.47283353839674,0
417600,321.1787086893355,1
417600,347.24160324589724,1
417600,351.2169171086991,0
417700,331.6435895440939,0
417700,379.8621776008606,1
417700,326.9241641219966,1
417800,310.3030278947873,1
417900,321.14883278745606,1
417900,383.43712515300837,1
418000,317.99151748039486,1
418200,338.2834568681955,0
418200,324.9814167266365,1
418200,308.16287098268987,1
418300,342.10128555083287,1
418300,328.4437428407483,1
418400,289.2567339296313,1
418600,351.0806895714333,1
418700,292.75991510531276,1
418900,332.00079672692937,0
419000,350.38256049742427,1
419100,309.4189428125863,0
419200,322.5148361975539,0
419300,328.9160513194123,1
419300,310.9524038500834,0
419300,401.9676984645895,1
419400,331.91551677714193,1
419400,388.62707037918665,0
419500,350.2255617803609,0
419600,357.25501165187035,0
419600,382.1382777399002,1
419600,356.195731285985,1
419700,361.85714136557266,1
419800,321.6888173636254,1
419800,361.63011520598417,0
419900,428.4639541094403,0
419900,354.2020346535544,0
420100,354.59082997014434,0
420200,343.643200390466,1
420200,336.4213116474992,1
420200,320.26533203974134,0
420300,297.9315421420698,1
420400,337.5644143356378,0
420400,303.007906106601,0
420500,284.79257719941177,1
420600,372.9111506233916,0
420800,307.939410928522,0
420900,355.8684592460328,0
421300,345.53889562093417,1
421400,367.876270442289,0
421500,345.3233029953066,1
421500,315.23976694066346,1
421600,332.53227472037787,1
421600,346.1878298432248,0
421700,365.1865769051859,0
421900,322.9234699668035,1
421900,359.6344694983301,1
422000,403.4445310999304,1
422100,297.2699910828965,1
422200,323.9616016253478,1
422200,347.9810239531089,1
422200,388.83130182338215,0
422200,279.7823547835003,0
422200,403.40685877768726,0
422300,374.9335642286195,1
422400,310.6963146390381,0
422400,390.097230179373,0
422400,376.22224013401296,0
422500,346.64927279681774,0
422500,382.83908401559614,1
422500,378.4997968668226,1
422600,319.29106798562617,0
422800,285.0181579860239,0
423000,327.62139648582036,1
423000,381.6806996444925,0
423000,396.24123264902414,0
423200,323.9528649079176,1
423300,287.79535154888254,1
423400,369.8437373862946,1
423500,289.46311389708825,1
423500,390.48501533731763,1
423500,381.47567961429445,1
423600,358.7466954798105,1
423700,295.28656815455616,0
423700,303.36014739354056,1
423700,297.35434912833756,1
423800,293.75135318316677,1
423900,397.83392967386567,0
424000,424.62335873609,0
424100,315.7677051385975,1
424300,323.07851750703867,0
424300,406.8817190806573,0
424300,315.32679632443495,1
424400,341.54054755407293,1
424500,389.646054115483,0
424500,332.6732198465846,1
424600,300.6867513887762,1
424600,408.263519865922,0
424700,339.32346900996293,1
424800,366.2818294817075,0
424800,317.61064120642305,0
424900,357.1326811461804,0
425000,331.5314556968286,0
425100,375.8641673817003,1
425200,339.22296138766546,0
425200,424.27386517724796,1
425300,296.0177676639625,0
425300,362.06870126885985,1
425300,311.7948966675642,1
425400,271.45170962921867,1
425400,385.7313975929077,0
425500,367.91571223015455,0
425500,329.6410548286861,0
425500,335.44530900193627,0
425800,414.31268186944357,0
425900,405.87262209513625,0
426000,373.32842591781554,0
426000,414.15873914891586,1
426000,461.5786353194797,0
426100,340.9183722605308,0
426200,388.0720779163508,0
426200,322.6950231655472,1
426300,336.7102229382965,0
426400,326.2929258172717,0
426500,309.7140660309491,1
426700,337.45858045254755,0
426700,346.61284966197684,0
426700,441.44191183044745,0
426800,361.0894694464145,1
426900,351.17145093868476,1
427000,363.3828749584947,0
427000,385.87163083847224,1
427000,332.73193824969854,0
427400,283.90044689715853,1
427500,347.9242503583859,0
427500,397.11521134714553,0
427600,454.5939598348006,0
427800,364.73533311424046,0
427800,318.56891636393243,0
427800,348.49444449941416,0
427800,351.51828858245,1
427900,317.0502191933104,1
428000,392.3672645807984,1
428000,394.9891132506132,0
428100,424.4136898475739,0
428300,359.9561336007293,1
428300,301.7238373421398,1
428400,399.8398600752254,0
428400,433.48075544364394,1
428400,324.9655809341749,1
428400,311.03196987132617,1
428500,342.368861862727,1
428600,400.31992247600135,0
428600,381.4289842244788,1
428700,317.66978525863107,1
428900,311.94083425681896,0
429000,425.31151192979945,1
429000,361.57265163370454,1
429100,335.0414910355084,1
429200,310.1985336964548,1
429200,335.1852769950992,0
429300,342.5678283639401,1
429300,306.3329212405369,1
429300,361.8182296393422,1
429300,303.2095364580902,0
429400,344.3588871734812,1
429500,347.11873309382196,0
429500,369.11848594192605,0
429700,390.5475241836248,0
429800,359.2784566384031,0
429800,319.131662268786,1
430100,368.4974357523995,0
430100,344.4869057674273,1
430100,280.3227552186238,1
430300,372.8000547357967,1
430400,337.0143508695884,0
430400,341.2727186641739,0
430600,339.4577365084785,0
430700,346.3022157093965,0
430800,343.736511793615,0
430900,356.1427211654387,0
430900,335.99580872818706,1
430900,348.62290941032524,1
431000,409.23855110600397,0
431000,348.66731872154895,0
431100,337.2468617163465,1
431100,342.3999486487954,1
431400,440.6963671023069,1
431500,302.0752376006295,0
431500,446.27144751460895,1
431600,313.20830123269064,1
431600,352.77405039235987,1
431700,316.9697780512488,1
431800,316.6269908690845,1
431800,356.8357220470912,0
431800,328.9568889048809,0
431900,409.8566597714409,1
432000,345.5053336206641,1
432000,315.49679774363875,1
432100,354.40815342501315,0
432200,299.2275887851725,1
432200,362.26872257357144,1
432300,362.07627424065885,0
432300,327.90364851711337,0
432400,355.5889603930208,1
432500,350.28567965081805,0
432500,385.1094081780742,1
432500,395.25312249751573,1
432500,379.2701380477585,0
432500,318.8398409066188,1
432600,317.5246474495728,0
432600,327.7428946941935,1
432800,393.85548933298213,1
432900,328.3610603416777,1
432900,319.21595192751323,0
433000,365.1263249210275,0
433000,338.3942398262957,1
433100,367.8052238638875,0
433300,343.796346425979,1
433300,328.7335854626602,1
433700,436.9582811101099,0
433700,353.28333180441695,0
433800,466.89598012465973,1
433900,346.7356623770378,1
434000,411.4104521128117,1
434100,340.28786371131406,0
434200,361.10215824609764,1
434300,304.3073881222178,1
434300,279.0981118658698,1
434400,359.709613650603,1
434500,340.41549298093616,1
434600,327.3936722646383,0
434600,399.2859292474613,1
434600,302.1546569069489,1
434700,331.9091990002642,1
434800,393.1350031680993,0
434800,327.2588651328804,0
434900,342.133947059059,1
435000,332.09225158391473,1
435100,351.3903815043121,1
435200,327.530020845029,1
435400,412.29698294598376,0
435400,405.87920068228266,0
435500,348.3566938377675,0
435500,306.130470217516,0
435500,368.5259367376082,0
435600,347.42180023262347,1
435600,386.298966598793,0
435700,325.42485528570967,0
435700,414.79437006853885,0
435700,300.65304290390617,0
435900,333.0730488780629,1
435900,351.82210850783787,0
436000,335.6339503245128,1
436000,403.12133072095367,1
436000,322.588574920648,1
436000,320.50604018701597,0
436200,334.72642575609876,0
436300,374.2132049893035,0
436300,416.0575870122473,1
436400,302.5166683409349,1
436400,326.87549638058914,0
436500,388.51477202661914,0
436500,352.21068167662645,1
436900,296.35916193431746,1
437100,353.2560260130306,0
437200,344.85167782306365,1
437300,415.2855504327964,0
437400,389.60525056114193,0
437400,311.5712383470865,1
437400,340.9427829072188,0
437600,397.7042993514167,1
437700,368.4450551761849,1
437700,324.52517730749344,0
437700,356.6811035748106,1
438000,404.6912257632264,0
438000,315.1125254573339,1
438100,432.5045594118179,1
438100,456.40496137937043,0
438100,323.98938474177595,1
438100,304.884475159586,1
438200,351.418263550425,1
438400,319.47511319545106,1
438500,300.3720077762421,1
438700,381.8291241749001,1
438700,300.4437985578158,1
438700,331.4970987975448,0
438700,367.57359165654003,1
438900,309.8760122185085,0
439000,339.26092696974746,0
439000,310.80757727745856,0
439000,413.71103036844704,0
439200,318.87175191509715,1
439200,369.8990563842874,0
439200,411.26021707571243,0
439200,346.4149446635679,0
439200,450.73515049352625,0
439200,339.1419642698461,1
439300,316.1543956540207,0
439300,372.34852338204325,0
439400,332.13317669168987,1
439400,310.49667891335093,0
439600,416.4516113589458,1
439600,378.1645432975816,1
439600,410.23920163778376,0
439700,321.12052396805575,1
440000,403.6065379335887,0
440100,401.68003431750174,1
440100,329.2263096395626,1
440100,346.7277539475054,1
440200,385.6726325317346,1
440200,371.9214361125186,0
440300,373.84071117346167,1
440400,310.2473121343098,1
440500,369.76214420198477,1
440500,391.16733377673324,0
440500,383.95178331789424,1
440800,424.9489363376918,0
440900,344.1492502321982,1
440900,385.13796861173466,0
440900,336.0591707124509,0
441000,330.1547453861333,1
441000,369.08889530879577,1
441000,324.45471911350415,1
441000,347.4336963298225,0
441100,325.2540626534995,0
441100,428.4136943364326,1
441100,313.08199491925535,1
441200,319.9601031122204,1
441300,358.11104793623184,0
441500,316.09018580807845,0
441500,335.0539614649006,0
441500,342.86518683204093,0
441600,331.70972609961717,0
441700,372.5955072008992,0
441900,297.17564144347597,1
442000,279.89518411364804,1
442100,358.6510712279905,0
442300,343.37030649076837,0
442300,332.56109449400617,1
442300,346.17432285226045,1
442400,328.2874449303069,0
442400,334.0418968736663,0
442500,341.1931077335298,1
442600,342.543357974207,0
442600,367.947435486264,1
442600,377.1493663381786,1
442700,321.82608982518775,1
442800,328.5145817909227,1
442800,386.74900489801263,0
442900,347.46555648944064,0
442900,304.9335800878309,1
443000,315.9063210082962,0
443100,354.5605326225687,1
443100,342.28992371203304,1
443200,332.59816724228244,0
443300,352.4960344807887,1
443400,314.56481296938983,0
443500,365.16539358900366,0
443500,340.94121860780535,0
443800,358.7471697463218,1
443800,357.74831744386825,0
443900,402.8992619796467,1
444200,334.3780309052234,1
444300,416.9188111425158,0
444500,408.89114452437906,1
444700,351.61171501899554,0
444700,324.32769183823075,1
444800,326.1165796962589,1
445000,333.1418244188293,0
445000,380.61523981626266,1
445100,376.7156684259101,0
445100,359.79126630266677,0
445200,340.9386515414822,0
445200,375.9156463244387,0
445400,297.8847975995474,1
445500,291.59865906122195,1
445600,379.857084994065,0
445700,363.1611570757612,0
445700,345.19827830362976,1
445800,387.38227744182416,0
445800,357.35416539662936,1
445800,327.10595518445973,1
445900,374.1424815825895,0
446000,320.8798393527499,0
446100,332.8535945981405,1
446100,343.4956556288876,1
446100,293.1253618098708,1
446200,337.03655107896435,0
446200,339.1233897524581,1
446200,296.27817156985515,1
446200,404.4556303764612,0
446300,368.4847165297035,1
446300,362.86305209966054,1
446500,306.6393832128018,1
446600,381.31765452928056,1
446600,309.52935669796364,0
446600,336.964897880985,0
446700,360.3375731612569,1
446700,313.0892939298868,0
446900,392.1404415828995,0
447000,368.5111561717536,0
447100,456.13228666980655,1
447200,397.7014794029187,1
447200,303.565943406199,0
447300,369.42802596122436,1
447300,330.0726850273848,1
447300,371.32939948394045,1
447400,403.60412829405493,1
447500,314.26489160873354,1
447500,307.1408013689223,1
447500,348.63087468682124,0
447600,314.72204646522454,0
447600,322.74625422978147,0
447600,451.4537582555019,0
447600,396.6726758429016,0
447600,327.482794889848,1
447700,351.5493113187511,1
447700,408.2370238209819,0
447700,335.2476555888836,1
447800,330.6106811832341,1
447900,354.1194613387135,0
448100,402.5382881390756,1
448300,394.35016673030424,1
448400,329.23823826874246,1
448400,332.94263636166716,0
448500,335.2129123155478,1
448500,314.7098672150716,1
448500,381.7121364391513,1
448500,345.83843429494635,0
448700,377.82871635994167,0
448800,314.5954434227326,0
449100,374.9051101864351,1
449100,306.01879427463786,0
449100,386.23595841044306,0
449200,321.19635810526427,1
449300,325.4997534204225,0
449400,313.66852305163604,1
449400,368.93291682387184,1
449500,346.1461567981973,0
449500,308.46085696991776,1
449800,342.4027132654678,0
449900,365.62748954546896,0
449900,333.235190894621,1
450000,334.97029121313466,1
450000,378.7523508274977,0
450000,356.0248719631226,0
450100,429.15037730888776,0
450200,356.7304833282508,1
450500,384.94527531298,0
450500,323.58282840364905,1
450600,395.4229265485715,1
450600,429.000632068971,0
450600,342.49544331297994,1
450800,357.4370759569113,1
451100,332.16442247517864,1
451200,417.4518866786892,1
451200,399.03346990233945,0
451300,299.72325502219064,0
451300,388.7028832515838,1
451400,446.79228288706116,0
451500,290.38767559978305,0
451700,285.0882566089312,1
451700,404.0140729215815,0
451800,343.5137349708604,1
451800,325.33600610256235,1
451800,328.20929359509967,1
451900,392.86361902480667,1
452100,333.0966140843007,1
452100,372.7004145776536,1
452100,313.9084403445076,0
452100,354.6342038192071,0
452400,316.01764445833896,1
452500,307.2296268592893,1
452700,324.00942981528135,0
452800,397.12422845296777,1
452800,427.13965663188986,0
452900,285.74114837580237,1
453000,343.81491121957146,1
453000,378.01065706509627,0
453100,354.8307161886541,0
453100,334.39610131017315,1
453100,452.4891652299984,0
453100,298.9190949236557,1
453300,350.14296529817767,1
453300,410.48740151293083,1
453500,305.2362134238168,1
453500,334.94282978551576,1
453500,348.84014062779966,0
453600,336.5337150150383,0
453600,311.9272956435529,1
453600,356.44680932427036,1
453700,335.5596269784781,1
453800,416.37827442194765,0
453900,391.8421390608452,1
453900,354.83132137549677,0
454100,305.88387681820683,0
454100,313.46740069093715,1
454100,318.6758390566634,1
454300,324.424772921065,0
454300,321.0322896288033,1
454300,426.07187229247,0
454300,321.1325858777397,0
454300,389.19223262845765,0
454400,290.371727772495,1
454500,338.5488170422774,1
454500,335.6345694797911,1
454500,329.8186091120894,0
454600,397.7576416138324,1
454700,401.85104563852747,1
454700,304.269943494352,0
454800,361.5876450736912,1
454800,349.9863182774278,1
454800,303.74070898136193,1
454900,354.6988920971416,0
454900,362.57877451404016,0
454900,417.94694334921866,1
455000,443.55814945029545,1
455200,343.00427489047587,1
455200,382.2865213186903,1
455200,289.3177176236348,1
455300,335.58821804874736,0
455400,391.98966128248765,0
455400,330.439337134782,0
455400,418.82635596313696,1
455500,373.2981273037466,0
455600,372.0781592770944,0
455700,347.7448087478951,0
455700,321.456036756506,0
455800,441.4238956584931,1
455800,343.3907024514249,0
455900,359.5815455780926,0
456100,322.9940847330816,0
456100,413.5688216184124,0
456200,326.3837416804585,0
456200,342.7898984057915,0
456200,346.6228501995286,0
456200,307.66141061660113,0
456500,316.60380072409725,1
456500,290.01362825399235,1
456600,293.0539057117897,0
456600,326.86669400799235,1
456700,296.98869293305313,1
456700,323.08762214400093,0
456700,350.8444150440156,1
456900,307.2631679110215,1
457100,362.26085080960297,1
457100,280.56053326963297,1
457300,349.171679634618,0
457400,356.1710865165936,1
457900,373.57255668678926,0
458200,357.0250402099823,0
458200,339.9158922303295,1
458300,453.1152521657965,0
458600,323.87796709876926,0
458600,295.6877206092272,1
458700,357.5395068587446,0
458800,358.6476230446929,0
458800,345.9362607899056,1
458800,334.8823929083871,1
458800,326.3806303416082,0
458900,425.79173172965886,0
458900,370.9882922392354,1
459000,306.3366377799875,1
459000,404.41944311776837,0
459100,458.80256560118704,1
459100,379.819267703577,1
459300,351.0519204099002,0
459400,276.8443573335474,1
459600,327.2423862482248,0
459600,379.50607656879384,0
459700,323.3716540604289,1
460000,379.41314614317855,1
460000,273.4428080414407,1
460100,344.69857579462837,1
460100,333.1445656504918,1
460200,418.607994807925,0
460200,409.9029886631063,1
460200,325.4765542591613,1
460300,340.69050704937735,1
460300,409.6077434187443,1
460300,357.69710052200037,0
460600,336.65668826375645,1
460600,326.065722806916,1
460700,348.02102367880525,0
460800,287.7150708371417,0
460800,311.6974178647934,1
460800,315.94171739677347,0
460900,346.5530457711556,0
460900,375.78528226396315,1
461000,322.78197912308906,1
461000,276.00827055167656,1
461000,346.33400695927133,0
461100,287.035030351418,1
461100,415.8090217362202,0
461200,323.9390345066821,0
461400,364.04357009961643,0
461400,376.04201359836,1
461400,335.4829556047827,0
461400,328.51783290943274,1
461400,315.1933250979789,0
461500,403.7163086815803,0
461500,331.8109491124727,1
461500,307.79014896467146,1
461500,348.81566644681686,0
461500,357.5632377541301,1
461600,333.84491008533007,0
461700,294.1332907294922,1
461800,313.0372551792681,0
461800,399.8374713144324,1
461800,330.01018306314097,1
461800,415.9811267615774,0
461800,333.3154072586878,1
461900,309.6323649997852,0
461900,357.0959031916672,1
462000,309.2350349081394,0
462000,320.0256493423556,0
462100,326.9324952725157,1
462100,350.5702481413401,0
462200,439.9073510492333,1
462200,290.64567563975,1
462200,354.95647607311713,1
462300,297.48284925541134,1
462400,387.5609199763139,1
462400,466.0958268504495,0
462400,303.0550740931954,0
462600,405.8281895751557,0
462700,332.9948819688093,1
462800,323.5788683328546,1
462900,462.2013690745164,0
463000,344.84297764988156,0
463100,370.2908440093786,1
463200,363.05368797815385,0
463200,326.3532565742596,1
463200,355.63959882040507,1
463200,315.41706005577026,1
463400,438.74815695350577,0
463500,355.2272640618182,1
463600,304.0104126519222,0
463700,361.78011883095604,0
463700,321.8194923294074,0
463700,303.3886748833532,1
463800,344.04675275390343,0
464000,355.8600703892889,0
464100,361.776041284052,0
464100,346.7711314978984,1
464300,366.3082088444283,1
464400,379.36787136020195,1
464400,301.57520218484626,0
464400,453.33523745725194,0
464500,320.099293645398,0
464700,278.318312401216,1
464800,298.3896626207951,1
464800,324.0171122582809,1
465000,380.99194162276905,0
465200,322.1659907201512,0
465200,308.8681766242349,1
465500,328.30560471863515,1
465500,321.4355628881866,0
465700,319.58259974057273,0
465800,338.4198383965531,0
465900,348.10113199157223,1
465900,306.79580133970205,0
466000,342.96207913053763,0
466000,334.82723943266404,0
466000,371.2380350330417,1
466300,326.60653421047436,0
466300,335.5040012490642,1
466400,355.6399559175018,1
466700,355.50714065785957,1
466700,309.5013590293957,0
466700,266.82396551650487,1
466900,345.59933724559926,1
467000,331.0121763319249,0
467000,297.91350753297957,0
467000,336.38981128882637,1
467100,254.67915556458686,1
467100,398.91248033037755,1
467200,305.8399647787038,0
467300,349.46998752412986,0
467600,332.9626740003011,0
467700,368.01591636295626,1
467700,331.8792252637457,1
467800,364.98488507410457,1
467800,328.6559999863985,0
467800,360.85458258744245,0
467900,329.6289563856087,1
467900,366.44116802521773,1
468000,322.0494925043286,0
468100,320.76971192678116,0
468100,330.7277074982304,1
468100,352.78612681931145,1
468200,325.1049879381649,0
468200,328.77655815313165,1
468200,315.4543179812223,1
468300,399.70441961061863,0
468400,340.082010405325,1
468400,320.2731663957806,1
468400,366.014943263697,1
468500,342.76918713376506,1
468500,338.490309103246,1
468600,384.4998578774364,1
468600,343.7758928459985,0
468600,348.039375069354,0
468700,324.82509832956976,0
468800,334.3454795492508,1
468900,350.1614527917064,0
468900,340.30438661379276,1
469000,382.92477904437993,0
469100,335.90963667443486,0
469100,334.75756405082814,0
469200,328.8495823363743,1
469300,374.9641348019993,0
469400,318.9870526363346,1
469400,337.96558703254306,1
469600,361.3129328930096,1
469600,354.2479107343814,0
469600,435.0559697594311,0
469700,314.7092729280321,1
469800,365.18386086539516,0
469800,421.89942061258364,1
469800,437.32547879175394,1
469900,302.4000430617734,1
470000,367.17273032219333,1
470000,387.6189477480723,1
470100,310.88467468492763,1
470200,354.19295514164855,1
470300,320.19621503006806,1
470400,369.46173504310394,1
470500,306.6646576670276,1
470500,351.77959991708013,0
470600,360.8907054701272,0
470600,342.4907900702365,1
470600,348.59022437019,0
470600,300.1488015150766,0
470600,362.0004481642562,0
470600,356.72338275165095,1
470700,302.5849270418744,1
470700,303.01989283682747,1
470700,327.1337194684362,0
470700,424.08080569930434,0
470700,425.860911024014,0
470800,415.0908476688451,0
470900,330.0180101576471,0
471000,308.44927077596066,1
471000,358.59201538403005,1
471300,439.6639390452324,0
471400,391.48420941251374,0
471500,319.90366606686166,1
471500,338.2714176031233,0
471600,295.7403698147069,0
472000,447.6487119055059,0
472400,318.8374566151619,1
472400,348.12193975074536,0
472500,368.2750599846789,1
472600,286.90121736039464,1
472600,330.04736436961406,0
472600,420.0789584469018,1
472700,403.02765551911835,0
472700,329.608482108024,0
472800,387.5430359240715,0
472800,364.514828902008,1
472900,337.9979922150316,1
473000,325.59636140017176,1
473100,340.5257726655584,1
473100,328.0525638176017,1
473200,345.5761335255175,1
473500,337.61260937706624,0
473500,321.66920400135575,1
473500,313.6630838754633,0
473600,377.5766592314255,1
473800,324.99577265118137,1
473800,356.12586424923023,0
474200,294.22333005061074,1
474300,428.7771827194135,0
474400,305.1083640751195,0
474500,320.59598013238843,0
474500,289.9899045945376,1
474600,333.874436979693,0
474600,377.5251115578734,1
474700,359.41939474109273,0
474700,320.7316512889332,0
474700,370.24146746632954,1
474800,311.4977859832942,1
474800,377.04122800775866,0
474800,323.30167799965557,1
474800,311.7004885063999,0
474900,357.9652863111318,0
474900,346.2075262287607,0
474900,351.72990840868374,1
475000,313.0317034056962,0
475100,356.78336810104696,1
475100,322.81509711705235,1
475300,327.4573575402936,0
475400,305.8907153019487,1
475400,343.0001928282636,0
475500,403.86215998675056,1
475500,377.9902598727104,0
475600,379.13760045416683,0
475700,323.47821845645734,1
475800,321.2019379584831,1
475800,421.5273532333637,1
475900,374.988587608593,1
476000,387.65903253874916,1
476300,318.2159853516241,0
476300,346.41272790436506,1
476300,332.7928380548823,1
476400,368.76107029765365,1
476400,385.28583582895845,1
476500,367.48655002048366,0
476500,406.41387172530034,0
476600,316.96292823492115,1
476900,380.7566721127385,0
477000,297.2975667599538,0
477100,331.8724466238013,1
477100,321.6828332059968,0
477100,340.93699215686627,0
477200,382.63310210040646,1
477200,403.6061760862899,1
477200,338.15211817216004,0
477200,317.9265543899623,0
477200,323.0791946911479,1
477300,326.9415746394785,1
477300,354.847391171408,1
477500,432.2179464115395,0
477500,349.89434198967115,1
477500,302.0636880113452,0
477500,368.9506562523755,1
477600,322.89805097122183,1
477600,448.7529634406101,0
477700,343.17918890528745,0
477700,378.0882104148934,0
477700,398.8379697224764,0
477800,379.2556104198754,0
477800,354.89807571787776,1
477800,344.9515379898031,0
477900,401.369375535736,0
477900,354.9122457551453,0
477900,350.8396188528404,1
478200,367.71345212061203,1
478200,359.62260749444806,0
478200,371.33805841902495,0
478300,375.7603756636976,0
478300,306.39645795753313,0
478400,416.45125302393626,0
478400,436.7305595755167,0
478400,296.39191603628257,0
478500,338.01767789173334,1
478500,359.61314783140074,1
478500,346.28916736172147,1
478800,399.7491684704639,0
479000,285.559071251964,1
479000,367.4015808620841,0
479600,321.5572203088302,0
479700,354.16858282845755,0
479700,335.9038125606598,0
479700,299.86312311699163,0
479800,349.98860244896434,1
479900,324.2511785277502,1
480100,365.63224681972275,0
480200,326.15649879092416,1
480400,320.3584350025052,1
480400,435.75987967409907,0
480400,364.03170134276667,1
480500,371.79871029017175,0
480500,383.290265978378,0
480500,327.33313347896535,0
480600,344.0999187571462,1
480700,304.93901568441777,1
480900,300.4238549873404,1
480900,413.91535445863275,1
480900,394.31074280797543,0
481000,375.354715775962,1
481000,315.09226465194797,1
481300,371.43472948684644,1
481400,331.14112722915917,1
481400,357.7343542212826,0
481500,349.01018688632854,0
481600,336.760575620989,0
481600,337.16571622157346,0
481600,331.7442966030672,1
481700,346.73489398897306,0
481700,340.8596686639129,0
481800,325.1417610591612,0
482100,334.35088903926425,0
482100,320.3162338312523,1
482100,357.94252844526477,0
482100,349.8180440560471,1
482200,268.92247625872994,1
482200,326.83698791846473,1
482300,307.51503308796015,0
482300,321.8660675718656,0
482400,372.44787716083937,0
482400,294.4056889937835,0
482500,364.04277017325154,1
482600,467.55806553400834,0
482800,358.2064170089394,0
482900,339.81076741484213,0
483000,364.28752640145973,0
483000,360.11874686898364,0
483100,388.24957104626327,1
483100,391.77309439710774,0
483100,353.9203171785978,0
483200,332.76760884421225,0
483300,337.46614593239394,1
483700,290.7786757310908,0
483700,400.14694079242645,1
483800,447.8466272135366,0
483800,328.20680790287474,1
483800,290.2572829948006,1
483800,297.28912859247,0
483900,290.41632477157026,0
483900,325.30155351414146,0
483900,365.4968042114062,0
483900,313.60957877446464,0
483900,371.49842802275924,1
483900,295.6320457571622,1
484100,371.8205963251312,1
484100,348.60915743730686,1
484200,336.4860587227831,1
484200,334.07716493409123,1
484300,322.1568308389375,0
484300,327.23060764741206,0
484300,332.44221730425124,0
484400,316.17018064423553,0
484400,342.64278194531954,1
484400,345.9040101806184,0
484500,354.23884429249216,1
484500,369.1622563312089,1
484500,356.06747280799,0
484500,360.6995857681004,1
484600,336.7260661344834,0
484800,321.9826306629373,1
484800,317.188253437292,0
484800,333.69828600274275,0
484900,309.65983534447304,1
485000,445.03451561342536,0
485000,376.0930975212201,0
485100,323.09218011108305,1
485400,333.29841219926584,0
485400,428.9150257163512,0
485400,366.3140407077809,0
485400,341.92784063029154,1
485600,352.54387792932965,1
485600,414.96159080405204,0
485600,350.73080170485883,1
485700,326.6294097343786,1
485700,286.2606110877725,0
485700,360.2583927708515,0
485800,291.21392846955115,0
485800,357.3824080929138,0
486000,350.73124498065863,0
486000,362.3414523100111,0
486200,408.96515718624966,1
486400,286.70346750974545,1
486500,322.06077225527235,0
486600,298.6757007302117,1
487000,340.44911534164754,1
487200,353.0050521534457,0
487200,321.4783301894863,1
487400,317.04660254380155,1
487400,366.22025687683544,1
487800,363.3098706578495,0
487900,391.29498177757904,0
488100,449.2902870996488,0
488200,344.1629584672239,1
488300,323.87315005633656,0
488300,326.9094191871545,0
488300,365.9712201578893,0
488400,345.9941593857081,0
488400,360.5647690648544,1
488500,384.87677560035854,1
488500,384.5231805009358,0
488500,309.11296198578765,1
488600,365.55359105464487,0
488700,396.8539307950483,1
488700,314.0904906308308,1
488900,348.67966975298276,1
489000,396.41750335358023,1
489000,368.95380023799567,1
489000,357.4152745396695,1
489000,367.2069889132127,0
489100,338.36206812469686,0
489100,338.90765529094716,1
489300,374.03456899444217,1
489300,339.61530562494954,1
489400,305.82580482663496,1
489400,351.0249219767243,1
489600,327.7965577773559,0
489700,318.4781215579108,0
489700,359.3897175936141,1
489700,359.5549502536125,1
489700,381.9119814448852,1
489800,353.4726803381839,1
490100,304.7966375735945,0
490400,386.91858863065625,0
490400,358.7687787574585,1
490500,318.84863859155286,1
490500,353.9924978338272,1
490500,383.7842300512069,0
490500,363.27455839348573,1
490500,356.7175845737924,0
490600,329.59114273090364,0
490600,416.7403816454272,0
490700,463.524050641739,1
490700,316.3445073859662,1
490700,386.97338580520596,1
490800,342.6439204251521,0
490800,327.8168271991368,0
490900,317.8744009604349,1
491100,298.8838681153286,1
491300,401.11088502158543,1
491300,354.19207855530254,1
491300,364.67736283917117,1
491400,335.3613103518118,1
491500,396.77979737774547,0
491500,333.7542834962599,1
491500,354.05195665591276,1
491600,327.2514853354065,0
491600,351.2436291735359,0
491600,376.15822981603077,1
491700,354.74062873678645,1
491800,392.43769216359493,1
491900,300.1068501626155,0
491900,370.8723951558551,1
491900,371.24267413049733,0
492000,327.02636109075945,0
492000,350.3093416463777,1
492000,356.49715891883267,1
492000,368.81301750816374,1
492100,404.3509271432892,0
492100,343.630601533765,1
492200,320.9066427120066,1
492200,397.53386743454803,1
492200,309.63748714400845,0
492200,375.81642184451846,0
492300,413.87977593773957,0
492300,369.99698093295723,0
492300,385.4015942359492,1
492600,418.47531983638123,1
492800,331.2147827886856,0
492800,357.844773448193,0
492900,306.6740036970953,1
492900,432.8370445548269,0
493000,352.7828585907733,0
493200,364.5135902782393,1
493500,352.4122145162273,1
493600,424.85852514653095,0
493600,387.24401399987687,1
493600,409.5049917113843,0
493700,311.5527258264175,1
493700,283.0844914131236,1
493700,371.9499353484997,1
493800,328.1999729998552,0
494000,418.3277911823338,0
494100,415.9627742429311,0
494100,345.01667988851483,1
494300,480.36683938658643,1
494400,390.3198416622816,1
494500,450.4648207406783,1
494700,356.8406042021552,0
494700,353.95158363700205,1
494800,326.6929686190195,0
494900,315.6518017042321,0
495000,316.3164744022809,0
495300,349.2201790515311,1
495300,345.5039383842729,1
495400,464.9924286597037,0
495400,357.1127752318505,1
495600,340.5443622516999,0
495700,317.4072171586679,1
495700,325.9011422903432,1
495800,295.60549363272344,1
495900,336.6932372893163,1
495900,367.9189381471368,1
495900,362.300489122052,1
495900,332.8610762678488,0
496100,366.3653850172956,0
496200,339.87016774972096,1
496300,334.68331972315417,0
496500,292.6481742914877,0
496500,322.8006005191717,1
496600,340.4390255999866,0
496600,415.7614138745452,0
496600,359.6347238950755,1
496700,291.8470680240869,0
496700,329.5220575012753,1
496800,353.91121923844713,1
496900,406.1481191615827,1
497000,322.6194634959623,0
497200,410.69916191869623,0
497300,375.675392769076,1
497300,404.58679808016274,1
497400,475.78154566822064,0
497400,388.3216120489624,0
497500,344.73489329646145,1
497500,326.8027313716247,1
497600,361.8946894758372,0
497600,323.83342766167823,1
497600,336.074785890944,0
497800,361.73723992001857,0
497800,336.3319982135924,1
497900,335.004688589593,1
497900,363.9689099325669,1
498000,271.68093448400066,0
498000,358.56773064998754,0
498100,456.79719275449975,1
498100,339.5727796834691,1
498100,323.10242380380686,1
498100,324.49444421392764,0
498100,336.51089655130266,0
498100,361.6694794538941,0
498300,334.8351280543769,0
498300,372.5777467199723,0
498300,320.03098932720667,0
498400,300.2688941643319,1
498400,300.03404017178104,1
498400,320.2733061838393,1
498500,316.91631255816435,1
498500,377.54107533437883,0
498600,322.7456241421604,0
498600,318.9172233328744,1
498700,323.3308787222527,1
498700,343.47675150126827,1
498800,361.0159341565615,1
498800,327.7031426651244,1
499000,327.7160756511893,0
499100,323.92676308278647,1
499200,345.0059920679259,1
499300,463.4508417400511,0
499300,381.2796038940649,1
499300,371.7319517225984,1
499300,338.2081006770989,1
499300,339.7601287323313,1
499400,315.2661787000469,1
499700,401.8101234620853,0
499700,325.6312962193049,0
499700,317.6459493284958,0
500000,356.8034395531313,0
500000,401.486670785009,0
500200,349.4263698541845,0
500300,328.40622208271174,0
500400,332.94686416694003,1
500400,303.50625694381944,1
500400,321.3518020010857,0
500600,413.1731599734099,0
500700,381.1106683078198,0
500700,380.20455667702186,0
500900,356.63346865424876,0
501100,370.60795569822835,0
501100,440.42428010730464,1
501200,331.3736897708216,1
501300,355.590941239887,0
501300,339.78275485714875,1
501400,451.5606038223412,1
501500,381.17550168373026,0
501600,380.76476027152114,1
501600,366.59388752894426,1
501800,345.95700036587067,1
502100,331.51566432040846,0
502200,428.30420953469246,0
502200,303.3301278091959,0
502300,368.89530071260793,0
502300,343.8936129015277,1
502400,362.78917805209295,1
502400,340.9739872689364,0
502500,329.71976782172044,1
502800,386.63297406875915,1
502800,391.3961566347308,1
503000,367.11627140014986,0
503000,361.0474279184003,1
503100,337.41381268820714,1
503200,421.8773637237727,0
503200,318.0171293959641,1
503300,362.05685535322226,1
503500,360.8188527607716,1
503600,342.0361143296489,1
503600,374.4514449041136,1
503800,352.1693851459874,1
503900,390.57541831067834,0
504200,366.08287952336343,0
504300,392.221763820075,0
504300,376.54508267423427,0
504300,378.65838180321987,0
504400,331.77642160574715,0
504400,343.78896133378385,0
504400,288.2780842404786,1
504400,344.62574969088104,0
504500,376.5567224915258,1
504600,369.71090832015955,0
504600,374.4541464678553,1
504700,350.9800310141897,0
504700,357.40449509498063,0
504800,340.54196313153255,0
504800,338.5824376752009,0
504800,304.21165371192296,1
504900,310.9517478580838,1
504900,393.29063239417815,1
504900,337.3137616255971,1
505000,435.0834308639591,1
505000,362.338314745394,1
505000,338.45002740917556,1
505100,336.8876263710884,1
505100,340.95867037014415,0
505100,332.2906338541421,1
505200,366.96087085064926,1
505400,357.60299206573404,1
505500,382.92656572275695,0
505500,469.50580921400285,1
505600,372.373643974289,0
505600,308.16813185155513,1
505600,356.28964793279073,0
505700,404.42296363980245,1
505700,340.09720280486096,0
505700,378.4894193073277,0
505800,364.40580748398287,1
505800,313.19386238653016,0
505800,373.2928321126425,1
505900,367.0802723815329,0
505900,319.1710136411192,1
505900,331.6532119989475,0
505900,333.09875644027534,0
506000,421.30617351637704,0
506000,370.0686230493636,0
506100,353.9259372214379,0
506200,332.73140692194283,1
506200,358.4590887200401,1
506300,372.1991019383565,1
506500,385.5075852082526,1
506600,405.40541372880404,0
506600,333.2803020377576,1
506600,352.05516296261675,1
506600,381.8317249171983,0
506800,422.2925914279528,1
506900,363.4365631687553,0
506900,326.50821761575673,0
506900,365.2601094065098,0
507000,322.26408335633795,1
507000,316.9101195672973,1
507100,304.5505110048854,1
507200,361.01021764078166,1
507600,342.59969732409337,0
507700,386.2790282931651,1
507800,384.010436714714,0
507800,363.75504511286357,1
507800,301.6557552145796,0
507800,342.94097388499034,0
508200,382.21141070267095,0
508300,317.3127349539763,0
508300,342.4829805223127,1
508400,300.72876419785655,1
508500,343.57707900685404,0
508500,296.99815340479654,1
508500,376.21741627985097,1
508600,364.40098244642627,0
508600,309.4159572745433,1
508700,348.4420820970737,1
508800,433.28780205913034,1
508800,366.70757672905194,1
508900,370.8193275952152,1
509200,365.4009137262747,0
509200,301.1813890135658,0
509200,347.76429357616064,1
509200,388.39062842892,1
509300,335.79071027396157,0
509300,317.63858241749466,1
509400,320.19227068272187,0
509400,346.8629861047441,1
509600,320.05638958432894,0
509600,312.48178551576797,0
509800,349.4874316677195,1
509900,311.75752342573963,1
510000,336.1223063729794,0
510100,371.13955117041775,1
510300,302.1343557417628,1
510500,357.169397864506,0
511000,343.90415566426503,1
511100,334.61394950299547,1
511200,371.5429308702348,0
511200,373.70386362176396,1
511300,310.0471301140935,1
511300,307.55612593725095,0
511300,311.96688592382066,0
511300,347.74093476958535,1
511400,379.75395447011346,1
511400,396.3873006877972,0
511500,327.867558264243,1
511500,340.1350346808828,1
511800,329.9425076221114,0
511800,310.77604635398745,0
512000,335.1837345098723,0
512100,378.9466156008022,0
512100,351.3665249038291,0
512200,321.1576922764778,1
512200,391.51310128217034,1
512400,328.5068581024066,1
512400,369.4091935842968,1
512400,357.1581472412346,1
512500,390.7850568394605,0
512500,325.9943183516397,0
512500,400.8600969904668,0
512500,331.9830111778794,0
512500,373.8728220592752,0
512600,339.4786901484998,1
512600,399.0053166520768,0
512600,340.5095678157752,0
512700,375.7822615788245,0
512800,338.8201938719572,1
512800,346.02502252048987,0
512800,346.2588532655601,1
512900,429.16583784441207,0
512900,357.7493214648102,0
513000,317.94379901159726,1
513000,347.04135680530396,0
513100,423.4464462536085,1
513100,348.5622032036284,0
513100,338.53187528128916,1
513200,372.7617179937905,1
513300,317.11771979256673,0
513300,365.6339693855377,0
513400,317.3066050402399,0
513600,359.56863909000765,1
513600,314.3472396499186,1
513700,367.5095293540297,1
513800,366.557531346327,1
513800,292.22594016219904,1
513800,338.8407513193905,0
513900,360.46052097961217,1
514000,427.0157366905171,1
514000,382.97283659503194,1
514000,389.93415226020113,0
514000,389.91086297181687,1
514100,461.58371778500975,0
514100,372.6991391328254,1
514100,480.1152549582859,0
514300,356.17682799548896,0
514400,381.266895110419,0
514400,331.97566728652293,1
514500,486.9318812825862,1
514900,394.54398226731655,0
514900,396.61417271128386,1
514900,346.6550027616862,1
515000,386.15310653397506,1
515100,415.61829150928867,0
515100,328.12212061116816,0
515100,360.7820541074223,0
515200,372.77867199812107,0
515300,312.61757572818317,1
515400,346.84341247890137,1
515500,352.912884934005,0
515600,314.9911519727717,1
515600,323.57830055105467,0
515600,359.6465353065582,1
515700,300.4483201108991,0
515700,315.88191946946876,0
515800,336.724372868517,0
515800,357.3138805050698,1
515900,330.5161245550294,1
516000,337.69476048159083,0
516000,323.5852811794063,1
516100,362.74229952916846,0
516100,375.3254795189334,1
516200,385.6227814390084,0
516200,333.6874897031772,1
516300,330.33928000018255,1
516300,415.79297084095856,0
516300,343.4497855631814,0
516400,353.6169152901212,0
516500,373.82412795381254,1
516700,326.94460816102895,0
516800,342.44812790910674,1
517100,434.69111261401866,1
517200,354.33282854153185,1
517500,309.4587346409632,1
517600,383.4474407058391,1
517800,320.25505016276463,0
517800,335.7233159471248,0
517900,378.36822024849374,0
517900,365.5753273154175,0
518100,325.46447570678515,0
518400,310.34359264948284,0
518500,358.67336850708847,1
518600,361.9102089512215,0
518700,367.1645271358206,1
519200,368.313792744032,0
519200,370.5538016185082,0
519300,388.20363100291996,0
519300,305.2300271179232,1
519400,324.569290158288,1
519400,373.8330460774862,1
519400,357.07909920395684,1
519400,336.66539480697946,0
519500,396.38156240812185,1
519500,347.3139409329734,1
519600,401.82136025542684,1
519600,359.4582844812369,0
519700,340.4243001067177,0
519700,327.7843977455487,0
519800,333.49267049507745,1
519900,357.75167675593246,1
519900,334.8475537592013,1
519900,317.98883439986,0
520000,290.7940359159755,1
520000,353.9690487653216,0
520000,418.14908293422377,0
520100,348.6090872556924,1
520100,361.81087270896757,1
520200,375.97536563979247,1
520200,402.2824650375894,1
520200,365.42975711708937,1
520300,400.1078636709119,1
520300,322.09494870865467,0
520300,307.74911803437465,1
520400,391.45091486426014,0
520400,387.7328912422075,0
520400,326.4299472286884,1
520400,407.5761281271097,0
520500,328.4762058022482,0
520500,389.95427480958494,1
520600,394.8280039534947,0
520600,330.78275238423794,1
520600,405.0115241355483,0
520900,333.3808885356447,0
521000,337.1285840444767,0
521000,390.25373012308205,1
521000,342.799188095608,1
521000,413.32960394857537,1
521100,350.7809842178953,0
521200,336.9346005571314,1
521300,316.0550128197567,0
521300,307.81360512458394,1
521400,344.9917599466787,0
521700,295.7676445650682,1
521900,336.0217834587235,0
521900,429.80946979193874,1
522000,309.1369190303585,0
522000,385.20468463466324,1
522000,398.0634600961503,1
522100,403.91798945053176,0
522200,284.88198273779767,0
522200,428.0145984760287,0
522400,336.55591711015524,1
522400,366.7324326391471,0
522400,343.3357636639194,1
522500,390.33241568105365,0
522600,425.5859237978943,1
522600,343.8481730680692,1
522700,329.70920681154087,1
522800,335.3652448193101,1
522900,477.006173810043,0
522900,389.63962462601427,1
523000,358.8387319149459,0
523000,329.9559799571743,0
523100,337.3994755988872,1
523100,335.43472182745705,1
523100,348.57796322946734,1
523200,341.3857997527158,0
523300,492.47561443837844,1
523300,305.3442141262992,1
523300,412.01537193859235,0
523300,371.6669416542236,1
523300,379.21458533203486,0
523400,367.79850716636486,0
523500,366.0104348590534,0
523500,411.4186280472135,0
523600,343.72864866854394,0
523900,349.53071899846526,1
524000,369.2600026368143,1
524200,449.4901844646219,1
524500,245.51910695546707,1
524900,323.11581897211653,0
524900,364.51959167043213,1
525100,431.1896257414272,1
525100,345.7345790881966,0
525200,501.8508809346424,1
525300,369.2539492425918,1
525400,383.3792784627568,1
525600,383.5538079370231,1
525600,473.31998623983395,0
525600,382.9738322912473,0
525700,316.0439585588798,1
525700,343.49604009867625,0
525900,305.7005771902524,1
526000,320.94614356384415,0
526100,328.891657230264,0
526200,312.09666797360154,0
526300,306.41724347377266,0
526400,305.24752021713704,0
526500,327.614913118033,0
526600,397.8419755440438,1
526600,404.3088141763927,1
526700,354.8896535034394,1
526700,346.33377687650653,1
526700,297.46994201538405,1
526800,326.6706990912941,0
526800,425.0946929334402,1
526800,347.5727266413639,0
526900,349.75558258341727,1
527000,328.7582046213476,0
527000,372.1718931703386,1
527000,327.8473333868619,1
527000,333.74328784863053,1
527200,366.8924143555495,1
527200,355.6680003156743,1
527300,399.2939917950415,0
527300,320.7730815659485,1
527300,295.624140055382,1
527300,344.37449543481296,1
527300,364.66279957755256,0
527300,355.42808031754913,0
527400,340.57292826894314,1
527400,329.24608209679957,0
527500,300.8143031003774,0
527500,352.1190294495576,1
527500,511.42700775613145,1
527500,347.5198023420007,0
527600,319.71332519530785,0
527600,321.8143460496341,0
527600,336.0521521004547,0
527800,406.9521943566123,1
527800,322.6929386808282,0
527800,366.953806140298,1
527900,346.7022287889065,1
528000,309.51602480161154,0
528000,326.512523312029,1
528100,409.55245802411184,1
528100,343.0426441209208,1
528200,376.78593156218136,1
528300,308.7386590631878,0
528300,403.57822431886706,1
528500,373.219578773869,1
528600,290.4005278776143,0
528700,299.2383278186559,0
528800,281.02225768260956,1
529000,313.0837945369821,0
529000,385.0593299168723,0
529100,289.60827776336265,1
529200,339.1493249570731,1
529300,362.0641230837134,0
529400,318.0795950668652,1
529400,342.1322347348412,1
529500,354.4444734093409,0
529500,443.1062612134305,0
529500,394.05203501570344,1
529500,352.4601079768658,1
529600,336.0456633752942,0
529600,307.1052116328799,0
529700,345.33179468846254,0
529700,365.00420630906615,1
529800,318.95155572799865,0
529800,337.2854826714874,1
529800,361.8781933587267,1
530000,339.7245370842335,1
530000,309.0972426538042,0
530000,404.01947729458686,1
530000,324.97746898107476,0
530100,324.33322796521367,1
530100,310.7050024042504,0
530200,329.3714908555305,0
530400,349.9929847767391,0
530400,310.53805273303726,1
530500,361.5990974574317,0
530500,352.2236236129477,1
530600,421.22255221956027,0
530600,348.805765672608,1
530900,337.7949195840381,1
531100,383.3064149296383,0
531400,276.3269591333553,1
531600,325.01672789204196,0
531600,428.44994735012546,1
531700,270.9970194708017,0
531900,290.1229085495609,0
531900,343.26829755134156,0
532100,284.559804441474,0
532100,339.3514464420456,0
532100,327.1766503146888,0
532200,347.78002703839644,1
532400,389.3229874715481,1
532400,383.52869045321285,1
532500,308.98577976639876,0
532500,297.7765934103754,1
532600,344.725902833515,1
532700,317.4368938795069,0
532800,352.6764458527504,0
533000,284.25814953763376,0
533000,376.6274287925413,0
533000,292.0602739020122,1
533100,314.2844897566595,0
533100,318.52730034367687,0
533300,367.91753106371993,1
533300,272.7063915815384,0
533600,325.94295269071046,1
533600,377.1305893880027,0
533600,338.07523168330704,1
533700,305.1920267170115,0
533800,334.3060901356825,0
533800,313.5034766803659,0
533900,318.2953953684375,1
533900,278.3603307968379,0
533900,321.03319396066956,1
534000,320.3189023048896,0
534000,311.85936760490966,0
534000,336.1449357096099,0
534000,315.4753142225142,1
534200,356.8539462607793,0
534200,355.89442968156317,1
534200,345.0152181939227,1
534300,337.28077473232014,1
534300,288.2649063221291,1
534400,387.93155219300155,1
534400,298.6394302039233,1
534400,334.5986302440348,0
534400,393.1798604122732,1
534400,316.13347597399815,0
534600,380.74978933931504,1
534600,366.9091478593876,1
534700,364.1649367194859,1
534700,310.75186414663364,0
534700,264.4495050845354,0
534700,360.74748882381454,0
534800,286.33330137204194,1
534800,326.9026489339276,1
534800,383.6381634788018,0
534900,339.05214718585717,0
535000,351.7222488146974,0
535000,376.4131791575955,1
535100,324.41313104817755,1
535100,321.9501735137483,1
535200,249.7903436613099,1
535300,381.06522261000623,1
535500,382.4580760770997,0
535500,302.28861330422643,0
535600,365.59950334095004,1
535600,317.7931510066986,0
535700,387.93871289736455,0
535700,319.4788419101946,0
535800,405.5145420542699,0
535800,345.204287128991,1
535800,310.62180119339155,0
535900,358.3443614101298,0
536000,318.9144790843812,0
536000,338.0614242435786,1
536100,312.01229611307707,0
536300,309.92978983608526,0
536400,322.30694017353045,0
536400,341.7283875097291,1
536500,339.9773182174413,0
536600,347.1981580830191,1
536600,321.40969423643656,0
536800,287.10558894860645,1
536900,331.6888559776701,1
536900,359.91897099324524,1
537000,340.30944285037754,0
537000,345.1463211868501,0
537000,336.3883993934875,0
537300,330.5437844765143,0
537400,371.03994471182887,1
537400,396.39046307335485,1
537500,365.09678139284165,0
537600,361.15877679282545,0
537700,367.0030230136105,0
537800,363.82569390730185,0
537900,350.0700960933363,0
538000,322.0558345413382,1
538400,379.90313944907206,0
538400,349.48597387569424,0
538500,311.43629209046446,0
538600,406.25484844082877,0
538600,330.9141698109389,1
538600,313.4580057080102,1
538600,329.15229649228354,0
539100,280.46792100940854,0
539200,379.3399491997521,0
539300,300.42297930306876,1
539400,326.34018601674717,0
539500,373.8876084786966,1
539600,341.144089174347,0
539700,355.22892666586347,1
539700,449.1794447579874,0
539700,381.3291495921826,1
539800,360.25566761804527,1
540000,339.16005691604227,0
540200,419.48260043514995,0
540200,242.93113072770691,0
540300,330.4822496332919,1
540300,314.79758873205634,0
540400,356.14938391208347,1
540400,393.43607615732395,0
540400,364.4508368278809,1
540500,321.0234423282554,0
540500,331.036859387904,1
540600,328.9222085485279,1
540700,255.63806242647271,1
540800,411.71649791078136,0
540900,393.0396252341277,1
540900,433.352357682773,1
541000,273.53798596567265,1
541000,279.59170585252207,1
541000,345.8630761675033,0
541100,355.876780674154,0
541100,342.20059210675174,1
541200,328.4420361294338,0
541200,342.43945306741455,1
541300,306.7591695654674,1
541300,394.9097175930337,1
541400,287.78372654298005,1
541500,334.0266369317344,1
541500,325.47647182150973,0
541500,362.94818628762414,0
541600,422.31030442538645,0
541600,268.3302834100637,0
541800,353.27997654777795,0
541800,392.87380451619714,1
541900,396.61331999980297,0
541900,284.06062224449227,0
541900,328.8790930495122,1
542000,399.2929613859968,0
542000,365.0251138245168,0
542000,409.7099213299391,0
542100,384.1303615948255,0
542200,385.77852337842376,1
542300,367.0356495507465,0
542300,400.10206767325184,0
542300,384.31484159154695,1
542300,355.91266481034353,0
542400,343.0718651048584,1
542400,307.59292561831836,0
542600,418.7832168100489,0
542600,400.0887019495799,1
542700,395.2988007168192,0
542900,322.58301743021394,1
543000,313.09614924115925,1
543000,326.91766772090585,1
543100,325.1234292593486,1
543100,333.6345980184699,1
543100,371.023675444068,1
543400,384.75184391830345,1
543400,382.91784813842344,1
543500,300.6831077612863,1
543600,369.83036453654347,1
543700,395.0229328853024,0
543700,294.32643676731436,1
543700,469.6109664555519,0
543800,483.9814026571657,0
543900,442.66287976719815,1
543900,330.618095673958,1
544000,272.1484060149053,1
544000,306.0710308866423,1
544100,370.2432452972295,1
544100,492.297393811971,1
544200,268.1647070863522,1
544200,306.0536937010571,0
544200,307.11751541934126,0
544400,335.65751808682853,1
544500,340.0486087254421,1
544500,273.63776670243675,1
544700,399.91968334076915,0
544700,454.6915380846602,1
544800,440.7501288889691,1
544900,262.5317510561086,1
545000,400.7864171046298,1
545000,395.24465195545474,1
545000,315.26435749578786,1
545100,345.7993877052688,1
545300,337.1783314397501,1
545300,425.93662425099734,1
545300,398.8194393400609,1
545400,426.5635235789554,1
545600,295.3754535154311,0
545600,422.1520081718939,0
545600,281.1075008007918,0
545700,348.83361744708833,0
545800,280.02410369321467,1
545900,281.94868685979066,0
546100,307.7476319749468,0
546300,316.2391725410913,0
546300,268.8715669445973,1
546400,256.4555549759396,1
546500,296.79820757715925,0
546500,285.48922428350403,0
546600,286.23673305635276,1
546600,282.2483515745475,1
546600,405.73730790861526,1
546700,284.723711588501,1
546800,311.0324764947803,0
546800,270.8745429626707,1
546900,277.73842192464497,1
546900,286.6715535398754,0
547000,352.59308109440053,0
547000,253.74914583126696,0
547000,354.96539771477444,0
547000,275.1266267795674,1
547100,252.01759748992419,0
547200,292.4006993284412,0
547200,346.72369714726193,0
547200,308.58102042054037,1
547200,405.5114970345818,0
547400,304.07034181422074,0
547500,348.06619161618664,1
547500,302.64037934638895,1
547600,311.6238760760998,0
547700,278.3480237669931,1
547900,316.73978440362725,1
547900,290.4065230798429,1
548000,288.4018044281787,1
548000,283.24068513765684,1
548300,306.13219512570754,1
548400,296.1579475414747,0
548400,347.05997425566727,1
548500,311.83840325170564,0
548600,315.6357184505271,0
548700,323.997158117677,0
548700,394.52326084951227,1
548700,282.237530099896,1
548800,295.4403902371362,1
548900,459.8039174145193,0
549000,293.70675115499165,0
549000,328.8302941071989,0
549000,292.1647992268234,0
549100,270.24430461991864,1
549100,385.38052871139894,0
549100,322.61033250568033,0
549100,324.33461623742807,0
549100,320.16618607830196,1
549200,338.19638251144977,1
549200,280.51555131630454,0
549200,297.77232500965084,0
549400,363.50063235753794,1
549500,351.27232840495833,1
549500,272.8144243891896,1
549500,312.6752330188274,1
549500,258.53947899643583,0
549700,355.9570762991123,0
549700,387.2045096224652,1
549900,291.4845469891741,1
549900,381.782773491923,1
550000,347.3706964119422,1
550000,448.2235059689851,1
550000,305.03103165834926,0
550000,292.29695492288255,1
550200,320.7702002579992,0
550300,301.151072905841,0
550500,341.7193453859915,1
550600,367.0690292740067,1
550600,303.1900052953954,0
550700,348.27571311412646,1
551400,356.0854606098336,1
551500,311.6737081074174,1
551500,335.30183853883335,0
551500,322.2010908646238,1
551700,349.9407836172744,0
551800,347.36089022859505,0
551800,394.8011972715383,1
552000,308.62935496680734,1
552000,399.70924411251525,1
552100,332.78130766581717,0
552100,411.7373985443543,0
552100,357.5696874648365,0
552200,392.7880638539524,1
552300,402.72183739149744,0
552300,340.5747484490293,1
552500,374.49994630665776,0
552800,286.89748908420745,1
552900,350.9740243190989,0
552900,324.8871675552611,0
552900,385.06487457836676,0
552900,313.58890891319464,0
553000,387.5839005535345,0
553100,354.61263961044983,0
553200,327.32830726346543,0
553300,382.9199396328676,1
553300,303.972400423331,1
553400,285.4168260140955,0
553400,386.05505558813746,1
553400,415.6770680932592,1
553400,298.8692641729766,0
553500,392.9418955654105,0
553600,314.61335687418574,0
553600,326.5330766013072,0
553600,344.7401074893067,0
553600,458.959054947505,1
553700,348.7727009079007,0
553700,400.3508256629779,1
553700,357.25800928449297,1
553700,353.6917492642176,0
553800,328.04394295035127,1
553900,341.15062537592286,1
554000,345.1950739045503,1
554100,395.7872041960899,0
554200,345.8380113280001,1
554200,337.8094713224171,1
554400,384.20317237058924,0
554500,322.08441019471843,1
554600,366.5476619895928,0
554600,359.5236133781465,0
554700,353.7776447191692,1
554700,527.7131879246688,1
554800,362.30108603631834,0
554800,305.3959552970201,1
555200,327.14531096483256,0
555300,436.0576090376388,1
555400,370.1542569684428,1
555400,350.2317221622028,0
555400,369.1782775285244,0
555400,314.79700392260577,1
555500,288.1769492374026,0
555700,350.53495280578954,1
555700,315.7456859928397,0
555700,335.3393571889517,1
555800,353.0897674115564,1
555800,260.76327872932467,0
555900,301.2886458763993,1
556000,306.57631436591737,0
556000,332.37573220483995,0
556100,344.4143799587214,1
556100,329.5247650591548,0
556100,297.7065751055526,1
556100,401.79779829554917,0
556200,331.58722792741236,1
556200,369.34478432635495,0
556300,399.5179880304965,1
556300,333.1150221798144,1
556400,347.9502692397491,0
556400,304.4649293487856,1
556400,353.3969060169221,0
556700,339.1088943192299,0
556700,381.52344135145887,0
556800,375.46161995460767,1
557000,394.1766437541475,0
557200,328.4330744056003,0
557300,315.555002519057,1
557300,513.5633795683686,1
557400,421.59468802061804,1
557400,330.0942304629289,1
557500,481.9493734108252,0
557600,348.4338936516205,1
557700,349.3884461522382,0
557700,359.80954650059664,1
557800,670.9624914517001,0
557800,376.2863419874005,0
557800,423.6329815923172,1
557900,338.72374209609404,1
557900,577.1951885314276,0
558100,300.3296675191893,1
558200,405.5243611365738,1
558300,332.35563795991175,0
558300,337.5733699186049,0
558500,323.1079362271715,1
558500,457.0583586236017,1
558600,311.3524429791538,1
558800,327.64773448558583,0
559000,331.4377473670659,1
559000,317.103285819611,0
559200,345.5724837355792,0
559300,343.5273989826027,1
559300,468.93541893590464,1
559300,335.92313138754736,0
559300,334.4475716481416,0
559500,363.5443094367204,0
559700,313.1700479644086,1
559700,322.8789596918737,1
559800,287.63769052014027,1
559900,313.8908753336154,0
559900,322.99973045724454,1
559900,349.73556798852326,1
560000,309.33799277032614,1
560000,344.15117421378767,0
560200,356.60098473930594,0
560300,326.6259652776784,0
560500,315.7142260770619,0
560500,359.57363601432894,0
560600,406.2227126129706,0
560600,322.0593065210286,0
560700,334.3152836345149,0
560800,372.347587840271,1
560800,426.0840040803112,0
560800,354.19887459106667,0
560800,415.56982442308384,1
560800,300.7024391148085,0
560800,350.81263937211537,0
560900,305.9282756528707,1
561100,357.2063683701053,0
561200,313.4776903061996,0
561200,372.5837560000251,0
561200,344.31283056467294,1
561500,371.2360933775429,1
561500,333.55248715280766,1
561600,373.32729611906643,1
561600,339.63457227835295,0
561700,395.2858548169743,0
561700,374.7000028208844,0
561800,309.1504764724936,0
561800,395.9382512906381,0
562000,293.06768307892924,1
562100,338.76730681076697,0
562100,328.26985274809573,1
562200,320.83996908390117,1
562300,299.62336826274037,0
562400,364.22545990661354,0
562400,319.0951177084551,1
562500,313.015499254823,1
562600,346.9368337098165,1
562700,329.38553847926875,0
562700,408.7720998251352,1
562700,370.67796411320154,0
562800,313.8157816949885,0
562900,364.9183067293068,1
562900,323.0191342987804,0
563000,345.4826908082553,0
563100,351.84875125315074,0
563100,324.96393200166176,0
563200,358.81165460832915,0
563200,325.77027364536195,1
563300,343.52238253214955,1
563300,348.87794635910313,0
563400,341.3787052684659,0
563400,462.4753813643079,0
563500,287.61239038535615,0
563500,327.30827502825196,1
563600,366.55042446683274,1
563700,379.78518100059847,1
563700,467.39741856151585,0
563800,316.2051366579397,0
563800,320.312744336002,1
563900,286.2230294943303,0
563900,317.95183062152887,1
563900,415.931881814653,0
564100,291.92624739918756,0
564200,289.05762394567944,0
564300,308.1481564111674,1
564300,342.345768840006,1
564300,367.19631885781223,1
564300,509.1665991509879,1
564600,307.0599796060626,1
564600,328.70134300720406,0
564600,405.873682568961,0
564800,386.4651870660636,0
564800,311.13783559042827,0
564800,300.0255978001251,1
564900,367.09620513292543,0
564900,350.0083813442192,1
565000,363.66265578121335,1
565000,354.30577570371344,0
565200,509.19165624676685,1
565200,300.65453190475637,0
565200,312.6685461276785,1
565300,363.0187159979494,0
565400,296.59994527776115,0
565600,428.1122442230367,1
565900,398.970039580842,1
566100,306.4338998586857,1
566100,340.47015521498446,0
566200,325.9306496082819,1
566300,373.6874177585671,1
566400,377.1047283353813,0
566400,293.2901303875164,1
566400,324.77310801119563,0
566600,361.3310640693059,0
566600,605.4967100352031,1
566800,374.5677808207872,0
566800,329.43258860458434,1
566900,306.1615143576766,1
567000,342.66476464392537,1
567000,384.7914584682274,0
567000,339.89263434012616,0
567100,330.36200153747427,0
567300,356.2119179338471,1
567400,332.65172292717034,1
567400,317.53345750124936,0
567400,316.3190486807641,1
567600,324.4658497351377,0
567700,347.5050265428382,0
567800,371.06180731858154,1
568000,402.92244414075543,1
568000,345.63016181567946,1
568000,289.7569687365132,1
568100,351.68215829900043,1
568100,354.6094742028871,0
568100,367.4948539987185,1
568200,342.2283963485123,1
568300,362.5840054679203,1
568300,339.8061442637872,0
568400,322.0472371267482,0
568500,332.0317495172607,0
568500,324.0184265327387,1
568600,338.7668155904413,0
568600,357.1819551620541,1
568600,311.36217167169343,0
568700,345.02042754226926,0
569000,342.4432015765379,0
569000,329.6028123752707,1
569100,296.78802409544716,1
569100,324.3259092842873,0
569200,361.9563912998668,1
569200,362.55293017047063,1
569200,315.6052239254891,0
569200,318.7826432366808,1
569300,402.15205327367704,1
569300,393.5212801321999,0
569300,319.4136666671726,0
569400,339.5391854367315,1
569400,316.39712460539357,0
569700,320.8806184199817,1
569700,302.7700109868021,1
569700,513.0901518671615,0
570000,333.7576507602709,1
570000,341.49074800168313,0
570000,364.68644824693365,1
570000,344.0352715712357,1
570000,380.38832827653266,1
570000,311.5845433092762,1
570100,330.9331185727024,0
570100,305.84498339981263,0
570200,332.5586233977507,0
570200,329.4578726625376,1
570200,311.2779903617219,1
570200,307.5134884795825,0
570300,298.12693193868466,1
570300,319.61611419314085,0
570500,315.8694613698075,1
570800,333.7284207300923,0
571100,360.0238146626905,0
571300,361.52591357160236,1
571300,307.259134098689,1
571300,415.01584222923526,0
571300,423.08934992656253,0
571300,289.22781810834164,1
571400,388.58929116582306,1
571400,363.35839631966184,0
571500,330.5704616823641,1
571500,346.30965144390717,1
571500,347.9742595922887,0
571500,398.4370065456995,0
571600,330.09496162508555,1
571700,355.7383747889905,0
571800,322.8594724908641,0
572000,336.76881936735845,0
572200,339.91256840253203,0
572200,381.3456561941602,0
572200,373.1332595794077,0
572500,371.5852185344158,0
572700,304.9379271940378,0
572700,348.6961519066957,1
572800,367.360864545046,1
572900,380.41178885619274,1
573000,337.97375825416856,0
573000,325.8577283938645,1
573000,450.3912082251066,0
573000,314.393770932785,0
573000,300.557868610851,1
573200,402.7882057706304,1
573200,386.30610755511935,1
573400,339.91597341323023,1
573400,315.19009221945794,1
573600,418.3236953916474,0
573600,349.9941016561107,0
573600,363.4599552963671,1
573900,334.8280201135589,0
573900,448.8130102461284,1
573900,359.32349312271964,0
574200,383.31482319790786,1
574200,299.7984732953242,0
574300,352.40638140288877,1
574300,313.03887138259824,0
574300,343.840286545376,0
574300,320.98803602272227,0
574700,359.4513928594624,1
574800,424.4215847290366,1
574800,382.15004755318864,0
575000,313.80449581993827,1
575100,383.45417215957923,0
575300,301.32099330822956,1
575400,338.9110183195494,0
575500,373.5819089393497,0
575700,346.882006760493,1
575700,351.44954023703485,0
575800,309.82623745906335,1
575800,371.9615882919067,1
575900,326.1531187218488,0
575900,367.31802260407824,1
575900,333.5949183498647,1
575900,328.6289190495266,0
576000,338.1648934393194,0
576100,375.90174593968703,0
576100,334.86057557982224,1
576100,395.8293619220504,1
576300,348.86868625045815,0
576300,349.75609015737643,0
576400,415.37823111747963,1
576400,312.52196162638285,1
576400,298.8309282081512,0
576600,317.53229221938335,0
576600,406.81153413325336,0
576600,324.2619984219991,1
576800,459.0045344641561,0
576800,361.8730759181973,1
576900,435.63754803853266,1
577000,354.0068285392939,0
577000,428.33324199268895,0
577000,381.85736118373137,0
577000,365.58581578589167,1
577100,320.71228664123583,1
577100,330.84553078043206,1
577100,487.7500564082125,0
577200,355.91291452058795,1
577200,337.91301067324196,1
577300,490.97322220178637,1
577300,361.77317974149776,0
577500,301.9242713339545,0
577500,322.8296930233472,1
577600,373.91586369634587,1
577700,363.9169635830783,0
578000,324.690311773129,0
578100,327.32443987541257,1
578200,339.1665516457339,1
578300,350.15648441481477,0
578300,385.3391655034397,1
578400,426.049242786544,1
578400,394.35457965609373,1
578500,424.87961332626253,0
578500,333.6693369499027,0
578600,452.5074322596871,1
578600,341.0782291272616,0
578800,323.6300390952481,1
578800,415.36357455414924,0
578900,369.60604325924743,0
578900,359.3334638718187,1
578900,341.9643389898308,0
579200,394.8945658435534,0
579200,348.48661562014166,1
579200,500.80630348660736,1
579300,377.8732064712654,1
579400,472.88376112153793,0
579400,380.37091975476386,1
579500,304.51504873025175,1
579600,360.6889666329853,1
579700,325.53171748124527,0
579700,337.8077400327245,1
579900,540.7559942243931,1
579900,325.88254598988203,0
580100,325.20676659982024,0
580200,426.09543934961675,1
580300,311.92359417331886,0
580300,325.3360482801663,1
580400,518.7769546145614,0
580500,303.8041830945882,0
580600,366.29638578862324,0
580700,407.7672394315803,0
581000,390.23629452249355,0
581100,365.8838631161616,1
581100,354.8313396758563,1
581300,342.900814341344,0
581300,346.2029634926303,1
581300,347.78420377870975,0
581500,299.2465512403341,0
581500,458.2329188755695,1
581700,430.41038541390157,1
581900,398.350037017275,1
581900,450.05058314952805,0
582200,452.8423401263117,0
582300,387.5907016773589,1
582300,322.2798625490088,0
582600,373.9307304381993,0
582700,363.22614450348317,0
582700,385.0930350747148,1
582700,465.88570428341507,0
582800,441.8271282037873,0
582800,394.6755141490921,1
582900,325.5401741613358,1
583100,341.00322516154233,0
583100,392.2648684738794,1
583100,330.34600889194144,1
583200,357.7010880889307,0
583200,431.9953103645426,1
583400,361.775986720022,0
583400,354.2276923196059,1
583500,538.7151412844895,0
583500,387.0532969159147,1
583600,351.8495477414631,1
583600,333.41810198340335,1
583700,325.7585557158132,0
583700,322.37559366672406,1
583800,435.7771635166498,0
583900,357.65012206838037,1
583900,344.33800429716416,0
584000,614.3888749637354,1
584000,401.95343363441793,0
584100,372.7670827314835,0
584100,394.947910997361,0
584200,412.59703065550246,1
584200,361.1605953597927,0
584200,349.4375354114422,0
584200,411.70123025491677,0
584200,353.5455459256974,1
584500,406.3868385658007,1
584500,343.2565944624799,1
584600,402.5164875168375,1
584600,372.08823148792595,1
584700,405.90210898332276,0
584700,371.33809767284396,1
584800,434.3215254746488,1
584900,320.38998905573123,0
584900,371.1728217458189,1
585100,386.41486689463966,0
585200,326.663949159209,0
585300,416.0061698959004,1
585300,369.1879949688083,0
585400,353.92818826865465,0
585500,349.0219159680925,0
585600,395.2822169279675,1
585600,550.4200351136033,0
585700,438.61892177605085,0
585800,422.06548184113234,0
585800,349.5126028617099,0
585800,327.97322178759504,1
585800,421.75894778062366,1
585900,404.64260876719726,1
585900,318.89636929055587,1
586000,422.68281830300316,1
586000,364.519426135108,0
586100,350.58290873649105,1
586100,358.9649824663076,0
586100,358.3433211040477,1
586200,343.31708900574216,0
586200,342.82910680699575,1
586300,380.8500216615534,0
586400,340.84900950528476,1
586500,331.86120196158265,1
586600,415.8304136852218,0
586600,393.46289837085584,1
586700,415.0912813384248,0
586700,349.1690068799844,1
586800,346.20100878031514,0
586800,336.5487020331505,1
586800,357.3518735464088,1
587100,393.2409627556889,0
587100,328.0335732177358,1
587100,389.53934196252396,1
587100,330.6613938731666,0
587500,331.4847782104398,0
587500,310.41000798385977,0
587700,376.9253501149955,0
587800,312.8981103645569,1
587900,384.41090045462926,1
587900,456.12348240965093,0
588000,386.8009938277463,0
588000,351.1540669135388,1
588000,339.7670237514403,0
588600,351.6572637291938,1
588600,423.40632640946177,0
588700,391.8045452676157,0
588700,354.0651800027731,1
588800,317.724959024269,1
588800,347.00564396923147,1
589000,303.9890531974282,1
589100,292.7983867496508,0
589200,316.97786855058376,0
589400,428.4906144648681,1
589400,396.74748718408847,0
589400,379.4320268671585,1
589800,312.39578700434265,0
589800,324.6525886119205,1
589900,364.8942171578248,1
589900,405.4529590035312,1
590100,398.22845265171264,1
590100,340.3243821688991,1
590200,383.36430032545053,0
590300,321.73399578635116,1
590400,368.9643300309276,1
590400,375.4136877918273,0
590500,339.79439849744745,1
590500,306.8469010400772,1
590700,427.66040089548653,0
590700,337.41848809207494,1
590800,331.12573446971686,1
590800,348.55864239094035,1
590900,363.56081025600116,1
590900,321.8983584012434,0
591000,366.3613881021813,1
591000,391.1310949750961,0
591000,383.0139606586635,0
591000,375.3438346422473,0
591200,311.8786168777863,0
591200,343.3948613235787,1
591200,352.49039408333874,1
591300,318.4462100997081,0
591300,362.03551161797026,0
591300,315.32653688142966,0
591400,358.4423459855456,1
591500,354.35654659053665,1
591600,419.7308910745709,0
591700,434.2207348945866,0
591700,365.76543375725385,1
591800,299.98202915188784,0
591800,317.7331192640622,0
591900,355.40076660568604,0
591900,371.53613695025734,1
591900,392.5283722087903,0
592100,368.7495478741559,1
592200,364.3858279493741,1
592200,338.56472650299844,1
592300,331.55132012556624,1
592400,315.5002310432941,0
592500,348.2751798895368,0
592500,315.48434459084945,1
592600,317.43882260685484,1
592600,282.9865268185996,0
592700,314.63428982214634,0
592700,414.36945280177025,0
592700,343.7439431762155,1
592800,346.4054647161588,0
592900,327.9107874694858,1
593000,346.9867922097689,1
593000,339.78949408732586,0
593000,337.0823131893984,0
593200,315.2317504847569,1
593300,344.55394785353684,1
593400,369.22495565257304,0
593400,349.9385900694526,0
593400,407.68942346370056,1
593400,402.99946390299027,1
593500,332.03426199709355,1
593500,338.848214774719,1
593500,328.4061271234138,1
593600,467.81429990800785,1
593700,333.1482449450672,1
593700,372.51458881864863,0
594000,349.40251179826754,1
594100,450.75725006523464,0
594200,341.89124425897757,0
594300,315.1201724436383,0
594400,322.50362793629654,1
594400,393.39175008585397,1
594500,351.16068154783414,1
594500,319.05491966449136,0
594600,389.25674979555095,0
594900,363.50826983328824,0
594900,378.3776715030168,0
594900,334.7250984764258,0
595000,474.7466786378014,0
595000,337.6711795542083,1
595100,473.15446891745086,0
595100,428.0856422025729,1
595200,317.7270941001239,0
595300,357.9455552640141,0
595400,387.63669089882194,1
595400,400.3959733650781,0
595500,335.3278481288732,1
595700,333.35981555934364,0
595900,458.9126366624338,1
595900,395.99451300599463,0
595900,315.5992574324539,0
596000,345.9247346926166,1
596300,318.4380198973741,1
596300,363.89414882493713,0
596400,370.54412628749895,0
596500,378.81437463562,1
596500,304.7257386904415,0
596600,329.5144645337919,0
596700,315.93960902802627,0
596700,368.7203954921816,1
597100,332.6110215453036,1
597300,318.8588466064007,0
597400,390.2799820375237,0
597400,341.36298668350804,1
597400,356.49321500390334,1
597600,374.03096507640737,1
597700,344.2339726034262,1
597700,323.39219400034875,1
597700,308.54748417246606,1
597700,327.0985106615117,0
598100,350.83338879710806,1
598200,399.99210919030946,1
598300,334.2383644532012,0
598300,346.5964944311303,1
598400,431.2522535129969,0
598400,338.65127321894244,0
598400,335.81042240141454,0
598400,447.1616128470619,0
598500,330.97629820981285,0
598500,354.04775674332774,1
598600,342.2429162569078,1
598600,381.3475942604214,1
598700,387.09268803618363,1
598800,332.87919019522855,1
598900,383.05607703149894,1
598900,373.53322672454914,1
599000,334.2087735265008,0
599000,301.5396303062165,1
599100,324.7072797927718,1
599100,351.1426123596656,0
599100,305.9258882519287,0
599200,315.17571362920904,1
599300,359.0414014145921,0
599300,366.40704489475087,0
599300,434.2170105264701,0
599500,395.2596284655335,0
599600,336.68971423775434,0
599700,457.1949207715299,1
599700,378.01081100217056,0
600000,302.8000963050063,0
600300,384.9747286708818,1
600300,333.49035768104454,0
600300,377.2391503984158,0
600400,378.1847215068271,0
600400,364.91962074775495,0
600400,398.1162169283728,1
600600,337.229991269622,0
600700,357.48849458624426,0
600700,396.47952276879704,0
600700,415.4251776762782,0
600700,470.9866188811586,1
600800,376.4609668762849,0
600800,379.46027075668667,1
600800,352.86305778428124,0
600900,418.3006705440646,0
600900,325.24180291005376,1
600900,358.1832064889483,1
600900,441.8358356473158,0
601000,311.5810464332,0
601000,376.81640372890274,1
601100,290.4943794140821,1
601200,366.5162552871641,1
601200,371.42601370408244,0
601300,305.36037819298826,1
601300,397.62402578065485,0
601300,378.9582219624402,0
601500,392.71163606677567,1
601500,340.64045533536205,0
601500,418.9862830813548,0
601700,370.77274396475286,1
601800,362.0836506961419,1
601800,357.6832133677166,0
601900,357.1275363731949,0
602000,358.3182909860648,1
602000,343.69459101115757,0
602100,377.30208400711405,1
602100,295.13638394649985,0
602100,351.6756044354892,0
602100,345.21818482220436,1
602200,412.23257897242155,0
602500,347.07298504274485,0
602600,298.07807848506985,0
602700,347.4159281766097,0
603000,309.86971894162866,0
603000,547.0246739956696,0
603100,355.40012014508073,0
603200,360.85909650688126,0
603300,340.71537323721293,1
603300,392.1660824027166,1
603300,357.12219201604637,0
603300,390.52365447226936,0
603400,418.93655004048094,1
603500,327.8144230436034,0
603600,341.46823380462564,1
603700,315.1874373640781,0
603800,344.4328586353117,0
604300,332.04780102272105,1
604300,318.4456896309601,1
604300,331.9216839589621,0
604400,412.2538755102992,1
604400,340.2539108245231,0
604400,395.89762928052676,0
604500,295.174838873811,0
604600,364.78052952277915,0
604600,315.29564945858726,0
604900,422.5830139660258,1
604900,350.0232790539618,1
605000,361.4642463193385,1
605000,366.73752608899196,0
605000,314.79662978319703,0
605000,470.8642674771374,1
605100,315.5757574847685,1
605100,315.78261613322206,1
605500,318.23203578865724,1
605500,347.3960926447873,0
605600,361.793025162922,1
605600,348.6462591982436,1
605700,317.1379879973187,1
605800,360.06085282387147,1
605900,333.6888812109793,1
605900,392.8058064238801,1
605900,319.1321371829481,1
606000,366.8398412896352,0
606100,341.80313362849637,0
606200,378.64154303487544,1
606200,328.732962290763,1
606200,336.021549518649,1
606300,363.9786631702934,1
606300,320.8023000917332,1
606300,353.193436887039,0
606400,294.62519430219743,1
606500,348.38555369754414,0
606600,341.20946586383513,0
606900,345.35067994096113,0
607200,302.13672991075055,1
607200,438.1792200092879,1
607300,391.41926974232376,1
607300,401.7942665562161,0
607400,319.8235854492665,1
607400,318.7365968138633,1
607400,350.88951726538437,0
607500,431.9739032792576,1
607500,327.5488998721564,0
607600,330.67047270799856,0
607600,323.9809917872469,0
607700,345.1809847110365,0
607700,369.2698974388429,0
607800,409.26047647371485,0
607900,338.5728512659148,0
608000,337.0362107177037,1
608200,391.0583112430023,1
608200,371.48754056959956,1
608300,363.26738104848073,0
608400,319.62622075132634,1
608500,353.05414183605825,1
608500,349.6217303332298,0
608500,335.96653896810585,0
608500,392.67897298883656,0
608700,382.4792566487106,1
608700,395.5800575477984,1
608800,340.1527533466105,1
608800,436.9741125040762,0
608800,388.2600295771769,0
608900,367.643287425806,1
609000,375.45311890848484,1
609100,264.2769231147495,1
609200,348.1106981289021,1
609200,348.7849898226605,0
609300,357.76564409945155,0
609300,326.5604526592552,0
609400,443.11581328575056,1
609500,337.10274152956544,0
609700,414.1977163550809,1
609700,395.9238255023524,0
609700,421.17736409972065,0
609700,391.6022949832791,1
610000,398.1256815526792,1
610200,387.1543481104823,0
610300,340.7494895978755,1
610400,364.24413834651114,1
610400,450.3613233155294,0
610500,407.22502057009496,1
610600,422.1355814066893,0
610600,366.786912592339,0
610700,381.77380938424255,1
610800,314.36135022567987,1
610800,341.14377824102405,1
610900,430.5942959807112,0
610900,375.87281062941696,0
611000,314.9148171653505,0
611100,332.7391255784587,1
611200,355.5662046991568,1
611500,316.60370868064234,0
611500,353.86876439653315,1
611500,423.56801842234864,1
611600,398.8593755775159,0
611700,327.39842725622617,1
612000,342.32692500186477,0
612100,424.2070869928915,1
612100,385.527329499297,1
612100,382.60872645760315,0
612100,366.04237595106946,1
612200,351.25541822656044,0
612300,434.1654037026096,1
612500,335.6912110547039,0
612500,374.50071152291696,1
612600,460.15747736106385,0
612600,330.0426370644164,1
612700,330.3342611124792,0
612800,457.8976810549651,1
612900,328.5951868636847,1
613100,840.1035066872975,1
613100,335.189743944225,1
613100,392.48923494362975,1
613200,402.8489118718297,1
613200,336.0932558894582,1
613200,434.9811980990686,0
613400,369.24530287694506,1
613500,381.8617486835321,1
613500,417.63138126542384,1
613500,390.4879624953842,0
613600,452.9702363454471,0
613600,297.9362459462127,0
613600,380.0846411856912,0
613600,375.30088898223914,1
613800,371.95096512772176,1
613900,378.72588443188454,0
614000,343.49321909969973,1
614000,405.1433218410875,1
614100,380.1010840652583,1
614100,398.6242903008696,1
614200,317.09750192444733,0
614300,353.24235281913667,0
614400,337.2345160540965,0
614500,350.95142993911765,1
614700,329.58117842421046,0
614800,358.20405777540105,0
614800,400.244284448937,0
614800,399.7551335170823,1
614900,406.08464174222325,1
615000,366.2809440606955,0
615100,365.6694518408367,1
615200,373.7964039484483,1
615200,340.38996696072115,0
615400,343.6012393056812,1
615500,320.8148055771216,1
615500,320.2359065165189,1
615500,325.09494813036554,1
615600,369.6283057708064,0
615700,337.1430381046836,1
615700,339.77128429382077,1
615800,394.22152620390835,1
615800,362.70232505502753,0
615800,460.764091488662,0
615900,408.29078783760366,1
616000,309.86547968135346,1
616000,309.9197494370948,0
616100,402.9922608265699,1
616100,376.00663344335163,1
616100,357.03830524815305,1
616200,380.3064206623727,1
616200,355.0079693990947,1
616200,338.0808928446697,0
616200,383.49995195661376,0
616200,389.45374258618693,1
616400,325.2807762307339,1
616400,341.0574809777207,1
616600,464.513961864068,0
616600,392.56379617187196,1
616900,345.17717343185757,0
616900,381.0626686652149,1
617000,307.8150236264597,0
617100,391.5165040816783,0
617200,310.64138157203723,1
617200,476.34207654387313,1
617200,390.4723387412545,1
617400,399.44350025194717,0
617500,399.5844517860902,1
617500,346.4435051402593,1
617800,372.6028213592269,0
617800,330.8535027225671,0
618100,416.02661615033054,0
618100,371.21194551397963,1
618300,305.19356700698813,1
618400,404.78603790454287,0
618400,332.4943719962736,1
618400,332.14005849665944,1
618500,390.97779342261487,1
618700,386.4749867624461,1
618700,352.4186768846376,0
618800,328.1237414751355,0
618800,355.28890102496547,1
618900,313.1028870251796,0
618900,363.87468481637814,0
618900,327.1104669673964,0
619200,438.0864353376739,0
619200,395.01423531530156,0
619200,423.7893249043987,0
619200,296.06884100614326,0
619300,409.08256713569017,1
619400,425.74050777331416,0
619500,295.13526088586457,1
619500,368.32992168205675,1
619600,312.71767282527895,0
619800,345.9437818218567,1
619900,449.4277286676685,0
619900,334.5904064277751,1
619900,321.8452603121156,1
620000,318.2105647271274,0
620000,317.2963906344567,1
620100,322.0809853419908,1
620100,334.2444834980161,1
620100,295.1497865098273,1
620100,369.9971337725098,0
620400,401.80697238318163,0
620400,354.4611460709522,1
620500,347.1405333286804,1
620500,369.79509896522757,1
620600,408.5659568835128,1
620600,368.6365034372827,0
620900,440.696872919966,0
621000,416.48681405634255,0
621000,300.1272490446405,0
621100,345.89761886334406,0
621100,301.68594181694266,1
621200,357.5804095994106,0
621300,373.0743955882784,1
621300,358.7479986725583,0
621500,446.94202635182586,0
621600,335.28724220869384,1
621800,366.017315098859,0
621800,351.03825536152425,1
621900,354.07909841468097,1
622000,399.08801554124483,0
622000,379.2780312527821,1
622100,300.33347796804145,1
622100,466.0149205334042,0
622100,413.25666900394333,1
622200,366.594973144745,1
622300,357.4573623281658,0
622300,349.85475868390625,0
622300,321.3166609834726,1
622500,307.59348040219004,0
622500,353.35706615142146,0
622700,318.0097185487435,1
622800,332.1587821362128,1
622900,350.82432820819946,1
622900,362.2765872692272,1
622900,365.7507060369456,0
623000,357.97990227279246,1
623000,459.3707589753303,0
623000,339.3580535989932,1
623100,335.9917645856228,1
623100,365.3183559299212,0
623100,370.5362245524218,0
623200,439.94173130625495,0
623300,339.05130260462676,1
623300,351.19106525149294,0
623300,358.28397435553234,0
623300,333.2064172991347,1
623300,381.65955121067924,0
623500,312.4500699852423,1
623500,413.03627665028864,0
623500,307.34463742204974,0
623700,336.21796615694865,0
623700,323.5041449654021,1
623800,387.2044133390172,1
623800,392.36834840456487,1
623800,360.2193845114139,1
624000,286.52923308916434,1
624400,408.34046360481113,0
624500,372.11243174661485,0
624700,396.8669214805801,1
624700,371.52747779529784,0
624700,354.54068045732316,0
625000,331.5562931837162,1
625100,400.8384959129423,1
625100,361.48206193873705,0
625100,363.79710634089685,0
625200,334.3877082234259,0
625300,382.99288733226734,1
625400,324.6733746003523,0
625500,368.0298313547044,1
625800,364.33763801329775,1
625800,315.8943465696107,1
625900,340.26429994113647,1
626100,356.31454540798785,1
626100,338.7922389531359,1
626200,364.2470945028152,1
626300,316.2561072663907,1
626400,353.85453736424193,0
626400,509.8309735512452,1
626400,354.3258087807161,0
626500,441.8807898235311,0
626500,386.4023683031299,0
626500,323.4387700938709,0
626600,317.65798396490266,1
626800,623.4264926756749,0
626800,370.84029747569036,1
626800,331.1722183534444,0
626900,393.5772105504012,0
627000,368.0863058104531,0
627000,416.8796662818498,1
627100,319.5917144649857,0
627100,351.70417680493637,0
627200,377.25254537779534,0
627300,340.05118791787976,1
627300,315.8391584726623,1
627400,304.83869211928044,1
627400,403.3325901707076,0
627500,381.3020394858108,0
627500,393.42246644662436,0
627500,306.3503106550634,0
627600,372.98546588718864,1
627600,352.496284508809,0
627700,324.9107160686391,1
627800,466.4666731708456,0
627900,391.25763689170554,1
627900,362.1682258426217,0
627900,366.70161202410026,0
628000,368.9922587527865,1
628100,381.0114568625058,1
628200,355.4190000605614,1
628200,400.1412472238351,0
628300,310.1006245980617,1
628300,341.4456577866759,0
628400,347.23725234454736,1
628600,370.67387304581257,1
628800,311.6126003452527,1
628800,352.5096513508685,1
628900,344.23184981054106,0
629100,331.4015799291776,1
629100,358.7133572378836,0
629100,302.4622373501481,1
629200,343.779543010189,1
629500,360.47942522718773,0
629500,361.5336638308082,0
629500,318.2482769051701,1
629500,344.9118782099171,1
629600,324.0172005749412,1
629700,382.85478210128326,1
629800,402.08432182289755,0
629800,349.212648400315,1
629800,368.5768552237332,1
629900,394.4356135873045,1
629900,343.62687980641766,0
630000,379.67103433650044,1
630100,349.1409405619666,1
630100,301.0685848627398,1
630100,386.4813729488188,0
630300,319.33091592573663,0
630300,346.26239237415604,0
630400,569.6781132053525,0
630500,336.0290724271751,1
630500,364.8361763077511,0
630500,353.50048222900483,1
630500,347.31546129430876,0
630600,359.8104330774004,1
630600,350.45194939444787,0
630700,386.8616948461805,1
630700,373.804076562036,0
630700,391.69076628713003,0
630700,364.63608987118363,1
630800,362.99783463894846,0
630900,384.10118529156216,0
631000,353.8747909561528,1
631000,383.3626024573793,1
631000,368.05545341086724,0
631000,352.9139772536297,1
631400,325.86029899316117,0
631500,334.68537703390155,0
632100,406.26308972148854,0
632100,352.76148812308014,1
632200,373.8961348859507,0
632200,369.87790580669423,1
632300,301.00632921794096,0
632300,282.18343401163463,0
632500,353.81867913245793,1
632600,370.2882435566041,1
632700,304.09042640946467,1
632700,287.64939312040286,1
632800,360.4506101596118,1
632800,411.5260773863403,0
632800,283.45371568657345,1
632800,327.4879453539667,1
632900,347.9677553764152,0
633200,390.73493790067806,0
633400,343.46613713064073,1
633400,331.51605217316734,1
633500,399.5079789279658,1
633700,300.3860824504371,0
633700,418.128250714906,0
633800,319.88600129708766,1
633800,327.5857980679678,1
633900,358.2611075137752,0
633900,370.8292266677474,1
634000,329.51613023383356,0
634100,304.5293949401525,1
634100,348.9701734331044,0
634100,331.4332995301289,1
634200,395.5445058957655,0
634200,350.81029060095534,0
634300,309.5063107315853,0
634700,313.9568194886959,1
634700,328.33284602971514,1
634700,372.98953963349146,1
634800,357.8167374812257,0
634800,390.14587486331783,1
634800,423.52937319716165,0
634900,392.4192644439871,1
634900,336.70761107698934,1
635000,369.29459482196756,0
635000,329.75287897571036,1
635100,478.55548285324755,0
635200,336.5457006645175,1
635200,358.3590809594414,0
635300,437.56269901229575,0
635400,325.71540931386994,0
635400,392.90508188283246,0
635400,475.7300082654526,0
635400,379.98712295038627,1
635800,384.55673078802135,0
635900,337.636632908186,1
636000,307.84516440902286,0
636100,385.9765257428299,0
636200,350.62338148169414,1
636200,363.34991418782164,1
636400,334.03352735326706,0
636400,378.495779785157,1
636400,479.42768096104055,1
636400,415.28093890438055,0
636700,351.04562779513543,1
636700,373.5204038054771,0
636800,386.8719872695275,0
636900,358.6184785914171,0
637000,348.137312714956,0
637000,365.80371080311323,0
637000,341.66636130482294,0
637100,479.46557799370424,0
637100,354.19484343766266,0
637100,351.9072138147529,1
637200,313.7553673471037,1
637300,333.4073131474844,1
637300,334.7152099834808,0
637400,324.9364047015554,1
637400,452.1130236124948,0
637700,363.1245666878819,1
637700,371.76656861940876,0
637700,382.67543478613305,1
637800,374.3373594348196,0
638000,369.27628033806985,1
638300,294.8198510886316,0
638400,382.32764568087555,0
638400,407.93444559975075,0
638500,362.4295807493782,1
638500,388.9257781188426,0
638600,332.4788937092572,1
638600,457.4018221350537,0
638700,387.7503087715849,0
638700,574.6446926343853,1
638800,325.07767306386904,0
638800,435.01052835482216,1
639000,336.23979326137015,1
639100,412.294779800925,0
639400,410.01688610034154,0
639600,332.9143115211586,0
639600,344.1949185549843,1
639600,357.62240535018424,0
639700,337.3191767776157,1
639700,391.99010341663524,0
639900,344.41589250938824,0
640300,461.1832000065445,0
640300,312.8048948826606,1
640300,367.3440948149529,0
640400,394.3322539857779,1
640400,368.4277152551771,1
640400,340.71545859476225,1
640500,413.46047079368964,1
640500,305.25838273323,0
640600,397.5232399783015,1
640600,329.12326301999667,0
640700,470.0997117667245,0
641100,339.12294562204653,0
641100,361.6772313981424,0
641100,368.5694269296608,0
641100,296.15175206301194,1
641100,338.0902811912486,1
641400,374.5357787925267,0
641400,325.7889882407891,0
641400,387.06588507967246,0
641500,296.1786548104288,0
641500,327.1957177624495,0
641500,363.77502863033766,0
641600,516.7198816229766,0
641700,366.81268866137935,1
641900,349.9338492697429,1
642000,346.0765886084907,0
642000,322.3098121517149,0
642100,323.1765995538142,1
642200,352.7614835546503,0
642300,497.2141691114669,1
642500,474.5284228495941,1
642600,381.88489823327365,0
642700,375.6399646664808,1
642700,425.7758247033031,1
642700,393.5334008219474,0
642700,318.0250740314563,0
642700,381.2880431691213,1
642800,462.0067900606057,0
642900,408.26911388860066,0
643000,384.26077413322037,0
643000,371.4266486319237,0
643000,507.27096312024213,0
643000,509.2730111287569,1
643100,399.33407400133405,1
643200,491.1132804797974,1
643300,393.12828538210204,0
643400,462.929821223151,1
643400,347.45126735032727,1
643500,359.0569363586189,0
643700,324.3485286170872,0
643700,467.2158329771086,1
643700,346.568907865731,1
643800,331.8210904852927,0
643900,417.63235649747446,1
643900,365.21640223589435,1
643900,474.55249706960745,1
644000,391.2499738082046,1
644000,346.26050636115565,0
644100,483.6368889329034,0
644100,363.20042984818605,0
644300,409.1167695602295,0
644300,327.727925612837,0
644500,404.4033908402272,0
644500,349.2830322504963,1
644700,391.23753334631573,1
644700,305.1322993190654,1
645000,325.62864320652824,1
645100,325.78025553889034,0
645100,345.39318300669544,0
645200,362.1408958632684,1
645300,399.6584642180823,0
645400,394.7517974580379,0
645400,392.7481736908444,1
645400,382.4008796224727,0
645400,398.5983474841759,1
645700,408.62352565046933,1
645700,358.75909119103693,0
645700,345.6429076809292,0
645700,451.7769757581243,1
645700,423.2391740777151,0
645900,441.8823574798266,1
646100,503.8290162715211,1
646200,409.1322889078631,1
646200,513.4305786219337,0
646200,368.13819428916895,0
646300,372.8597271625436,1
646500,381.8450286672453,1
646600,381.3064412804422,1
646700,347.2839355760823,0
646800,346.5423295547549,1
647000,353.8901909377345,0
647000,398.60648112319336,1
647200,372.52914775291185,0
647300,335.00577736952215,0
647300,425.5684820055663,1
647500,309.85331933011236,0
647500,351.7523903320258,0
647700,349.9507973086171,1
647700,322.99405718587104,1
647700,381.37231720905896,1
647800,357.9501679689891,1
647800,351.27642791740857,1
647800,431.4046971299794,1
647900,352.7760383146584,1
647900,369.4296072996293,0
647900,432.0360090779267,0
648000,371.95183592334934,1
648100,338.7384845433833,1
648100,300.8940795757974,1
648100,341.2805334856488,0
648100,342.3614489486413,0
648200,376.93287481949505,1
648400,339.8353577517751,1
648500,374.65614051807046,1
648500,423.6671359837567,0
649000,357.2962717072807,0
649000,366.06035201945514,1
649100,313.3154314076464,0
649100,371.37138540752386,0
649200,368.03033846491695,0
649200,316.27454542123064,1
649400,324.67017546359216,1
649500,580.3010553902492,0
649500,369.0729790566039,0
649700,363.6263924339936,1
649700,455.991363396675,1
649800,350.17017980797795,1
649800,410.176247238412,0
649800,412.87810626884595,0
649900,349.2230425934894,0
649900,404.69642295492514,1
649900,367.6970109987265,1
650000,366.03069641040156,0
650000,345.4745973977827,0
650100,507.9661569309217,0
650300,357.9740385487136,1
650300,363.1973364325438,1
650300,350.85544085589095,1
650500,404.55076656104643,0
650600,329.8191484925672,0
650600,333.41388708102176,1
650600,356.6996466443522,1
650700,373.51839912510405,1
650700,384.7301410880886,0
650700,396.22701660610005,1
650700,327.73307336934073,0
650800,377.44417493735335,0
650800,378.72279732997805,1
650800,356.6310419880436,0
651000,340.9178497227267,0
651200,354.0453262256057,1
651400,378.38624110662363,0
651700,401.57877819207124,1
651700,380.57443259387435,1
651900,381.2668301017782,1
652100,500.85841456923265,0
652100,408.7460619409097,1
652200,415.0393676850643,1
652300,355.8180680180072,0
652400,433.341789698976,1
652500,401.33463439056106,0
652600,346.02114611292035,1
652700,356.4279176881745,0
652900,438.0663480468047,1
652900,327.0387816148435,1
653000,377.1265031151876,1
653100,433.6209772863356,0
653200,365.9417983088575,0
653200,425.84651354349467,0
653300,342.47058828479743,1
653300,381.5665582349341,0
653300,372.46991229593425,0
653300,363.5661703374622,1
653500,436.5442586066267,1
653500,392.70973094894384,0
653500,430.24892533627497,1
654400,458.59012413581445,0
654600,415.62392938543167,1
654600,359.4590683842174,0
655200,442.7141085884572,0
655400,370.4216089402389,0
655400,427.4091564382311,1
655400,475.51183941348364,1
655500,374.3058943032599,1
655600,384.61205685180204,0
655600,409.9739062264671,1
655700,446.2839353878211,1
655700,359.71620494221384,0
655900,341.2559662131473,1
656000,417.3826054601811,0
656000,403.5914473922533,1
656100,443.88379491573374,1
656300,452.9960573556314,1
656400,365.6001701751017,0
656400,444.3262938527152,1
656500,395.4056125537981,1
656600,423.6106392101072,1
656700,535.6322363064015,1
656700,338.36812339281863,0
656800,355.544081065007,0
656800,434.54329944665244,0
656800,520.1594639957937,0
656900,342.3194549728609,1
657000,525.7383019874036,1
657000,453.5768925538653,0
657000,387.76465754721465,1
657100,455.42410995515485,1
657100,347.11977713554364,1
657100,446.26812662985907,0
657200,360.5040388056113,0
657300,441.51839766403504,0
657300,326.1721775735012,0
657400,347.3142959453261,0
657400,485.48160515153455,0
657500,353.6894871566432,0
657500,402.03960920560826,0
657500,409.8959331712458,1
657600,333.23845795603387,0
657700,549.1514900488258,0
657700,456.68725294710237,1
657700,341.38837378145,0
657800,383.53742530425535,1
657800,357.3741253946373,0
657900,480.73647010911463,0
658000,376.82095098694555,1
658000,399.2641277201141,1
658000,401.4257084723004,0
658100,496.12222352843963,1
658100,360.84854918559574,1
658200,356.8292172214408,0
658200,493.56620305360184,1
658300,555.2949945239454,0
658300,406.97973085481874,1
658300,428.6025231530765,1
658300,372.99084579301916,0
658400,487.77131950326543,1
658700,373.11668659127093,0
658700,321.7223710246455,1
658800,391.4053821165564,0
658800,400.68331118185733,0
658800,510.8958811790398,0
658800,346.6316789590086,0
658800,339.5480254489915,1
658900,398.29322299756586,0
658900,462.6760552686128,1
659000,327.56643591335694,0
659000,369.455003840229,1
659000,516.1137263830144,1
659300,422.3401575668749,1
659300,549.1136931947615,0
659400,337.69677038633847,1
659600,475.9123715488511,1
659700,416.1028649784828,0
659800,363.7981392314309,1
659900,322.54381605678026,1
660000,387.7776740068425,1
660000,335.44796397863496,0
660100,337.44927105145956,0
660200,410.95180070845777,1
660200,491.211652802876,1
660200,341.41338510894735,0
660400,500.8934188373818,0
660700,361.7545354886044,1
660800,536.3499205823991,0
660900,396.03421840393344,1
661000,396.31847963116803,0
661100,372.06691337398456,1
661100,518.2982476012446,1
661400,430.67672052788345,0
661500,298.3636833294419,0
661900,329.9049722375339,0
662200,319.97741080272647,0
662200,318.2262408745062,1
662200,327.2839636011301,1
662300,435.43345021264344,0
662300,374.9683632670794,0
662300,425.3368858811278,0
662300,450.86709400318693,0
662600,391.29769124596123,1
662700,406.74517628839834,0
662700,307.50689538389304,0
662800,447.0906399441375,1
662900,473.57343359052146,1
663300,375.4916136997246,1
663400,364.22127811541617,0
663400,343.7659759760178,0
663600,342.68519597019883,1
663700,338.78661700644585,0
663700,391.4391351370222,1
663700,384.01654192896297,0
663700,370.3684185015854,1
663800,508.87287033684413,0
663900,287.30625857908115,1
664000,334.0498281133243,0
664100,343.6377923276999,0
664100,383.34946238987067,0
664200,325.36725115760754,0
664200,347.9015624377178,0
664200,429.17403810331524,0
664300,376.3146496689161,0
664300,368.75471053968164,1
664400,346.40094021122974,0
664400,371.1135068713413,1
664600,304.01487527892164,0
664600,371.21366648837034,0
664700,313.08506153336344,0
664700,373.83436730359,0
664700,342.7464607808903,1
664800,325.67077167287255,0
664900,539.004234974565,0
665000,387.76926042265046,1
665000,357.9902950664393,1
665000,344.36648397376445,0
665100,409.00220139721466,0
665200,301.99018790445353,1
665200,370.4680205978208,0
665300,377.05227898856936,0
665400,352.96733479039216,0
665400,328.92306960501185,0
665400,477.6238240435209,0
665400,356.6581999066218,1
665500,322.562941308401,0
665600,419.96360377473434,1
665600,369.5714351223237,0
665700,384.513256460143,0
665800,395.07876220642703,1
665800,313.4569698949589,1
665800,343.8639789360147,1
665800,364.1209423859787,1
665800,318.9746830102666,0
665900,474.6160854865889,1
666000,349.93919332883405,1
666000,353.6371908996634,1
666000,440.5050746706815,0
666100,347.22662744030106,1
666200,409.7770192665209,1
666200,340.52244673544504,0
666300,418.84036457701296,0
666300,315.3658561623728,1
666400,304.67306550597016,0
666400,374.8218739961227,0
666500,341.31089634495714,1
666500,447.6621597399646,0
666500,371.1299638203568,1
666500,448.07158722602236,0
666600,417.49969999660595,1
666700,328.0720026612211,0
666700,408.46857284993104,1
666700,467.26314186660346,1
666800,456.5373275786693,0
666900,413.16848857960565,1
667000,322.37716470507655,1
667100,394.8383061919109,0
667300,347.02170352229723,0
667300,371.39914832348825,0
667300,400.7850817978834,0
667400,414.2687003084079,1
667700,342.4427395004809,0
667800,476.8096829847811,1
667900,382.7241749119808,0
667900,397.88165003977804,1
668000,352.69871233062116,0
668100,358.5316359539017,1
668200,285.9315564060779,1
668400,412.50584904291964,0
668500,307.0181152633751,0
668800,378.42653905408207,0
668900,372.69173541363784,0
668900,305.2572353458636,1
669000,438.58763191668686,0
669000,337.78344338968935,0
669200,401.33592163367973,1
669200,339.2985466976202,1
669400,414.94115540629593,1
669400,331.14774878366063,1
669600,322.79806067380383,1
669700,382.78639387381156,1
669800,414.1082614935231,0
669800,362.2595560668536,1
670000,372.1188151186301,0
670100,364.70692802774647,1
670200,290.5023743988807,1
670400,328.0178744191696,0
670400,400.2887895998727,1
670800,324.6725046918792,0
670800,357.88398354422634,0
670900,318.39522582075057,1
670900,357.2212166393473,0
670900,402.08398562909554,0
671000,354.15463338236384,1
671000,338.0023017551996,1
671100,353.9842042166946,1
671100,300.29339262522865,0
671100,387.811650905789,0
671200,368.55690804561704,0
671200,331.22901729013,1
671200,367.5481657930272,1
671300,377.97658250657673,0
671500,393.2969325625289,1
671600,323.83742727513913,0
671600,347.1126293758705,1
671700,339.1892865906455,1
671700,371.71074962324707,0
671700,311.2584189212228,0
671800,325.5813637846338,0
671800,367.01810191756374,1
671900,310.602106262657,1
671900,352.5853150126807,0
672000,317.2191368672673,1
672100,320.6384434804524,0
672100,357.4082777508847,0
672100,328.0312855989916,1
672200,331.4663984611256,1
672300,370.67654765127617,1
672400,341.24146664931175,0
672600,429.42146941219704,0
672600,317.444079416957,0
672600,333.1710352216454,1
672700,327.5839280339283,0
672800,370.3550844214864,1
672800,342.8336235924228,1
672800,346.6631807878602,1
672800,328.0412258709287,1
673000,387.73788780869046,1
673000,321.61126361273693,1
673000,412.94849276430824,1
673000,316.96897064226926,1
673200,368.7270232361026,0
673200,328.6484717731675,1
673300,411.90604768180157,0
673300,322.28207307071625,1
673400,312.87202304222717,0
673500,304.5364697566607,0
673500,367.4658089731707,0
673600,344.84582525050854,1
673600,395.5366917215062,1
673700,356.6197275993136,1
673700,320.36232972889593,0
673900,368.8809003053537,0
673900,352.7986218350197,1
673900,371.4563926215985,0
674000,470.5919390120493,0
674000,329.6170132055215,0
674000,399.6001118897824,0
674100,383.5472426608975,1
674100,369.7662814327174,1
674200,377.21526168665196,1
674200,322.8584792531179,1
674300,341.79925988360736,0
674300,318.01098195083694,1
674400,508.3532366349233,1
674400,451.61853762851996,0
674400,416.2004448729364,1
674500,371.22864658633887,0
674600,353.67252795124364,0
674700,435.41924308049255,1
674900,393.1259213362757,0
674900,324.4107906958156,0
675200,349.8532903449571,1
675200,355.2166334978945,1
675200,334.71999728892837,1
675200,334.23005654784345,0
675300,358.5083279967704,1
675600,437.2071910942287,1
675600,302.21998181800734,1
675700,337.2996017041612,1
675900,345.51953611863513,0
676000,481.63398276913034,0
676000,345.5263711466419,0
676100,350.71367673412476,0
676400,325.8122913940188,1
676400,353.2811969595733,1
676400,345.9382193689818,1
676400,337.6118786119318,1
677100,446.769299704154,0
677200,306.94616324800785,0
677200,347.76280433259876,1
677300,365.9587595335,1
677400,374.73350947931755,0
677400,332.6107283147022,1
677500,356.9701975097207,0
677700,286.78316511887556,1
677700,328.6532048190469,1
677800,327.829050685898,1
677800,339.8722987363773,1
678000,354.39995011713694,1
678000,326.0957054389459,0
678000,337.2608301177659,1
678100,316.87481854196125,1
678200,346.350250247268,1
678400,360.43702192924513,1
678400,409.865966256771,1
678400,373.4854123688892,0
678500,324.55525235506474,1
678500,432.80220524930354,0
678500,327.3107305395701,1
678600,321.39094418836595,0
678700,490.71261066807807,0
678800,360.5542806319699,1
678800,382.76148581367164,1
678900,343.17781860857593,0
679000,427.96170764758693,0
679000,408.54178543421676,1
679200,347.5179671659752,1
679200,375.198652379241,1
679500,328.77936161963964,0
679600,392.0940091950685,1
679700,376.90770248323463,1
679800,398.9458752810647,0
679900,305.0856528965289,1
680000,448.9886385979279,0
680100,345.1570887941683,1
680200,369.91119204220877,0
680200,365.2868479672182,0
680200,337.20439371255856,0
680200,343.2586450465303,1
680300,355.4309918261228,1
680600,329.13928192156584,1
680600,437.03980008756713,0
680700,349.92639057209647,0
680700,397.8421285517917,1
680700,409.5608505370019,0
680700,327.55450752543953,1
680800,374.82632546425515,0
680800,363.5176496042608,1
680900,414.67916397573197,1
680900,404.441757870669,0
681000,414.49707750580643,1
681100,389.85196940751496,1
681100,349.34070311582747,0
681100,441.91942102013104,0
681100,367.7604850281251,0
681200,383.97048017945673,0
681200,311.2411511349015,0
681200,348.972580898143,1
681200,343.9799851865903,0
681400,470.11737969133327,0
681400,329.0840891738372,0
681400,359.8000671143595,0
681500,347.3779998685012,1
681600,362.8573165392178,1
681800,327.5221091628236,1
681800,354.2109467282573,1
681900,392.89682347496824,1
681900,388.19422284354,0
682100,348.36115057819023,0
682100,378.59166455809213,0
682100,448.1340121419415,1
682100,345.01900494047635,1
682100,339.0886587199807,0
682200,486.41090940620205,0
682200,444.8085640535452,0
682500,408.1754668542967,0
682600,412.23548094249384,1
682600,433.4004356853549,0
682700,407.85040082089944,0
682800,531.712026740519,1
682900,334.12050452813605,1
683200,373.36491274069203,0
683300,510.2044860362501,0
683300,457.30138098335135,1
683300,399.2043398732407,0
683400,344.969960435313,0
683400,367.37195548439655,0
683400,335.353008040942,0
683400,380.60848819199055,0
683600,392.0377356174606,1
683600,415.6443705987697,0
684000,322.55709375091175,0
684000,395.523875245783,0
684000,333.340585255305,1
684000,327.3547723620321,0
684000,376.55326859723834,0
684200,386.4013510450656,0
684400,314.1009979553489,1
684400,467.9144161611595,0
684500,330.3375490498823,1
684600,461.45752206326966,0
684700,309.52399946316933,1
684700,357.47339040564464,0
684900,380.007118566155,0
684900,346.8911735120013,0
684900,433.3554299197164,1
685000,387.8837067703702,1
685400,366.20501525932923,0
685500,383.56897963034555,0
685600,329.2779988275352,0
685800,379.6452163712218,1
685800,358.0373722403452,1
685900,423.3099619062356,1
686000,344.2168057167262,0
686100,335.7985032196715,0
686200,386.2391375782708,0
686200,373.76610236151936,0
686400,374.8004465517877,1
686400,373.10837846723194,1
686400,311.36533296913916,0
686500,368.98435879265173,1
686500,392.86280595759104,0
686500,372.8571067131219,1
686500,340.11784082980853,1
686600,361.8830526646083,0
686700,437.65778367998143,1
686800,418.0114609151103,0
686800,344.31600160658024,1
686800,354.8771878248014,1
686900,296.9778603422704,0
687100,368.7686482702716,1
687200,348.4527365882122,0
687200,319.10500160030864,0
687200,348.72264532400726,0
687400,351.8781663902093,1
687600,302.22794742858497,1
687600,453.2962064644259,1
687600,322.0878568944885,0
687600,338.6691176009663,0
687600,329.72499952146603,0
687700,300.95416511763165,1
687800,311.2435512301764,1
687800,482.1888135728777,1
687800,364.94132704264433,1
688000,465.5184523415217,1
688000,356.51785300438115,1
688100,371.217689752915,1
688300,414.37685987913085,1
688300,307.9337875686135,0
688300,370.1831710132447,1
688500,419.8897924714136,0
688500,356.669159790788,0
688500,307.67481919145206,1
688700,376.3169657969505,0
688800,321.53019140225047,1
688900,375.3767525719281,1
689000,397.33744635037397,0
689000,368.45383561227936,1
689100,370.1122164772671,1
689200,347.0089329399377,1
689200,395.7932456880637,0
689300,355.4125681470575,0
689400,358.6864246450559,1
689600,406.46978339444604,0
689600,370.75115837981616,1
689700,462.56372651272085,1
689800,354.5641042020827,1
689900,387.6176268667665,0
690000,423.00759317648567,1
690000,319.55994275363713,1
690000,436.6948797370235,0
690100,356.0120070838408,1
690100,355.6605581986023,0
690300,475.09095675425397,1
690400,333.4116515527797,1
690400,313.8085297788755,1
690600,313.4419664632915,1
690600,396.77994834355064,1
690700,422.1188293721654,0
690700,287.52362219803325,1
690800,355.76028231204,0
691000,407.3178801392416,1
691000,362.1083071740055,0
691100,461.8916417635082,1
691100,389.6746514672614,1
691100,507.70129465100314,0
691200,359.5576103117645,1
691200,380.6003181491452,0
691300,398.8018945829846,0
691300,361.8036426800034,0
691500,350.9885460227358,0
691500,406.06693952018156,1
691500,369.1564547651068,0
691600,352.49996530621064,1
691700,446.7230144952231,0
691800,515.8087906119805,0
691800,416.59940104279207,0
691800,336.57347954794005,0
692200,378.2687994894243,1
692200,441.3444153205751,1
692300,361.98127624341834,0
692300,373.23311961177063,0
692300,328.0460059195637,0
692500,528.8035842502499,1
692500,417.98972352884,0
692700,399.1485495199219,0
692800,346.4957165276636,1
692800,384.2300117694289,1
692800,309.8733244165467,0
692900,309.30254567649223,0
693600,368.1576006560935,0
693600,372.5760359904883,0
693600,331.1573865122619,1
693600,334.7094128290957,0
693700,359.51242197759166,1
693700,368.8088773359467,1
693700,348.1676037847573,0
693700,388.0987314170257,1
693800,405.6245780093526,0
694000,433.94098488737944,0
694100,335.7721378826047,1
694200,345.43851084863564,1
694200,383.2131977518598,1
694300,414.91921133482293,1
694400,438.23804120993435,1
694500,327.3989224937702,0
694500,375.713037615856,1
694500,388.53757633667993,0
694600,357.02998948032996,1
694600,341.2685518755901,1
694600,370.67264633645556,1
694600,404.975939088802,1
694700,369.37691836077727,1
694800,334.5222490957557,1
694800,398.83816426403195,1
694900,408.10180010264355,1
695000,361.7203543092562,1
695000,322.6301523354503,1
695200,410.74101422422467,1
695400,383.9216866789633,0
695600,473.0441011239042,0
695600,343.84616763514344,0
695700,341.5692199811312,0
695700,316.604791727705,0
695700,394.9311589698589,0
695700,384.7150963753756,1
695800,326.40088087443525,0
695800,362.0345361619162,1
695900,385.79672521905525,0
696000,313.90634115482135,0
696000,411.04716156245723,1
696100,382.4224258026428,1
696400,372.18370715771846,1
696400,365.8445802747577,1
696600,352.5020729091814,1
696700,297.77278147318907,1
696900,329.881522001746,0
696900,381.05260667292083,1
697000,365.0328040936135,0
697000,391.39265425381006,0
697100,349.53846577469864,0
697200,447.1604119984095,0
697300,362.61515033302186,0
697400,399.8889068198401,1
697500,386.35914444306394,0
697500,366.1270475673426,0
697700,328.67157095227583,1
697700,361.48674786369156,0
697800,483.0934299121457,0
697800,347.87397574921147,1
697900,321.55454076681707,1
697900,306.45189379390865,1
698000,391.9797499700339,0
698000,303.60597506744756,0
698000,370.4948621070474,1
698000,353.0164296483506,0
698100,330.3623803766113,0
698100,509.61005754311407,1
698100,341.6455620312086,0
698100,329.62637560052787,1
698100,307.467758236604,1
698200,353.41546446283735,1
698200,475.0191798205061,0
698300,453.7417839340672,0
698300,381.1312610713327,1
698300,332.939769062699,0
698400,333.80182064468835,1
698400,360.23338107351395,1
698500,497.8093880012314,1
698600,389.2772770441795,0
698700,350.0338430841599,0
698700,313.01226854230345,1
698700,371.5610630684854,0
698800,421.37990146762576,1
698900,309.08692387301545,1
698900,330.6837082458887,0
699200,349.1594748129074,0
699200,337.22612710903326,0
699300,396.99377275220166,0
699300,449.61810390058287,1
699400,317.09483327556313,0
699400,328.3005616979694,1
699500,329.1086637817209,1
699500,283.8068254640901,1
699500,377.08825959239675,1
699600,479.57793654154017,1
699800,364.8268229059551,0
699900,395.43263788875043,1
700600,342.6952187033478,1
700600,337.1369335644502,0
700700,341.7140430877634,1
700700,345.88458560410083,0
700800,351.18596947879973,0
701000,360.82206190335944,1
701200,439.32886247595576,0
701300,333.31503871406903,0
701300,350.3027557285611,0
701300,371.19868062814777,0
701500,334.8578917555075,0
701500,336.36453076786444,1
701500,365.03856102800756,0
701500,354.91171259928603,0
701700,352.8356081019606,0
701700,337.15722579156534,0
701800,382.0032207563841,1
702100,368.01149399695964,0
702200,366.5792633517235,0
702300,466.9784787545014,0
702600,398.4687924391084,0
702700,342.0130476823984,0
702800,411.95278362993065,0
702800,348.18015892273496,0
702800,450.127856336435,0
702800,361.3881757475005,0
702900,314.3036547292244,0
702900,353.59651795365795,1
703000,441.91035725412104,0
703100,507.1599804726583,1
703100,451.1777598144761,0
703300,420.92602633530316,0
703400,386.5974084077657,1
703400,340.6931446017575,1
703800,453.5477854855537,0
703800,435.9078337969306,1
703800,389.7766440975388,1
703800,406.79072053015614,1
703900,411.5613744700656,1
704000,460.8816001364815,1
704000,439.97216810956553,1
704000,334.4856727228914,1
704100,323.5735811383747,0
704100,349.4908889050178,0
704100,415.07660775738043,1
704200,368.98991593021157,1
704300,403.48400919950245,1
704400,433.2777608829518,1
704500,318.84015243029484,0
704500,424.18325295898836,0
704500,426.332134776993,1
704500,340.60297716877363,1
704500,388.37335518528346,0
704700,322.03893323505105,1
704900,399.4661624078608,0
704900,388.3061991589256,0
705100,312.85863548133875,1
705200,370.28789721791674,0
705200,369.9559827032516,1
705300,388.14465537068304,1
705300,344.71540797639886,1
705400,398.8991608039063,1
705400,332.6435874483083,1
705500,384.30292849519617,1
705600,376.70144078936977,1
705700,366.1548651411214,1
705700,371.9432598121082,1
705700,385.25447949771564,1
705800,376.7506282578845,0
705800,435.7641714091601,0
705800,412.2767533855043,0
705900,393.50001287429524,0
706200,408.38820889653397,1
706200,405.01773025472505,0
706300,393.9047915964384,0
706300,322.0394466421752,0
706300,410.51781927652183,1
706300,336.9624725888561,0
706300,378.1810261397638,0
706500,380.3923286430548,1
706600,347.64339961729905,0
706600,360.93560586324764,0
706800,422.6025753615291,1
706800,282.77279713042316,0
707100,441.9037291725824,0
707100,425.3674905275206,0
707100,392.0107603687171,0
707200,454.41767834633373,0
707400,417.9923921118949,0
707400,378.3851586468573,1
707600,312.59837017328687,0
707700,404.6993755624704,0
707700,412.85774727335274,0
707800,345.9852343860566,1
707900,457.33426821801527,0
707900,319.0124792380638,1
707900,432.1180469109376,1
707900,361.20156830398497,0
708100,428.01874677568475,0
708100,436.0481936821448,1
708100,367.81094125663674,1
708300,556.852948993534,0
708500,469.31866790334425,1
708500,346.1085724066911,0
708500,358.91054686073073,1
708500,311.7706007241547,0
708600,447.1841912838073,0
708600,338.1407397400703,1
708600,367.2355827918336,1
708700,339.7174583620677,1
708700,369.4693547497744,0
709000,398.3074048806026,1
709200,385.0672256537831,1
709400,338.2423623975594,0
709400,312.1795215198823,1
709500,398.62480865224416,0
709500,387.1326668438263,0
709700,367.3498266017,1
709700,345.83223032668786,0
709800,353.4763985201445,1
709900,324.5819440140259,0
709900,342.4478606794364,1
709900,572.3665885865265,0
710000,388.2879235016906,1
710200,366.4379661263908,1
710200,353.7181731326763,1
710400,324.7504046799562,1
710400,298.4832495372968,1
710400,344.9741698732217,1
710500,376.47072600236663,0
710500,372.4997114275855,0
710600,585.5090202796262,0
710700,390.8943055756761,0
710700,489.4948992273223,0
710700,394.5891450435432,0
710700,324.38796408758674,0
710900,325.8732722620017,1
711000,354.1114193549599,0
711300,392.1558150164828,0
711400,373.8396975426835,1
711500,383.4512041215394,0
711600,372.42800223239203,1
711600,371.77621906882143,0
711900,384.63635971913044,0
711900,326.47283529381684,1
711900,364.47244750518877,0
712000,370.95460149545454,1
712200,409.6011294895842,0
712200,363.75825659784624,1
712300,386.15714060608144,0
712400,402.6653327517005,0
712400,412.5785840237737,0
712400,357.07231951570907,1
712500,384.5543552656202,0
712600,354.22401303499896,0
712600,341.98935957421503,1
712800,394.7805029891094,0
712900,356.9346912860826,1
712900,381.72308104558743,0
713000,334.3401070469376,1
713000,373.33130750018444,1
713100,422.3856313081951,0
713200,334.6750927104685,1
713300,431.6652244977218,1
713300,366.3898135608916,0
713400,382.5517385457562,0
713400,402.7745374300339,1
713400,381.3981297158761,1
713500,376.79144726651265,1
713500,395.00805820031815,1
713600,340.2739133905989,1
713600,364.1922332375632,0
713700,355.47860906664926,1
713700,418.2911003604477,0
713900,398.54098922854,1
714100,302.8596790156586,1
714100,419.79352620843986,1
714100,391.68538672147736,1
714200,507.3574488052474,1
714200,349.84770141450457,0
714300,398.84852803700596,1
714400,406.33149841765794,0
714400,364.8614238818699,1
714400,374.8963740075142,1
714600,358.3581595977787,0
714800,403.7093742878508,1
714900,312.96071904551087,1
715000,379.3886111684113,0
715000,335.5702828800122,0
715100,427.5578567579934,0
715100,367.5445937415458,1
715100,367.13178396305176,1
715100,357.5961706871586,1
715200,404.4641780904708,1
715200,438.36154620141156,1
715400,362.1697613400362,0
715500,410.4858759337714,0
715500,392.90561746782186,1
715700,376.6634788761649,1
715700,324.8793898824859,1
715800,347.1525254112772,0
715900,367.71936665459526,0
715900,252.20840823750572,0
715900,368.1429323934452,1
716000,302.25762083036994,0
716000,412.01421419713387,0
716000,361.54645950919456,0
716100,359.06653951884266,0
716200,396.3453955279844,1
716200,369.02748363793626,0
716200,307.74937888334347,1
716300,410.42401725947764,0
716300,351.23851502275465,1
716400,338.1626331524743,1
716500,315.88743630500636,0
716600,313.2068217863895,0
716700,349.4476425747833,1
716700,423.5424886519345,1
716800,298.21316760587865,1
716800,350.26450627226995,0
716800,323.64247810782126,0
716800,339.41267201574044,0
716900,403.3457495145332,0
717000,318.6135539452567,1
717100,355.4260495943,1
717300,415.02715913869815,1
717300,358.3794421912406,1
717300,376.13866826142646,0
717400,333.4677487518734,0
717500,342.7023019363725,0
717800,346.46900731271603,0
717800,336.6910966128226,1
718000,324.0558107344875,1
718000,314.12939278180903,0
718000,355.8074952093315,1
718100,375.6863596882279,0
718100,319.16961487869133,0
718200,381.2977662685877,1
718200,306.4217927711242,1
718300,308.26158231539864,0
718400,410.5394149771845,0
718800,376.7461517372611,1
719000,326.4678546540754,1
719200,351.3608496783866,1
719200,349.12012582534356,1
719300,378.1738138559531,0
719300,415.3543727755433,1
719300,340.2892641327342,1
719500,343.34907561454037,1
719500,390.1177529945882,1
719700,341.9737645268673,0
719800,347.27941352447874,1
719900,309.13613945950846,1
719900,320.8948292091603,1
720000,342.1390175248485,0
720000,318.97315198149715,0
720000,342.83905603247206,0
720000,367.93036094762,1
720100,369.9481238307772,1
720200,322.31409080904,1
720200,347.22238566008065,1
720300,391.34046785838655,1
720400,345.4901693045236,0
720400,338.59772807283514,0
720500,317.4444469192529,0
720600,380.24305416767714,0
720700,379.1497731985632,0
720700,401.5366293068429,0
721000,360.64157355904365,0
721100,326.5014495603541,1
721100,381.7193862390549,0
721200,307.78544564252957,1
721300,403.2188235108604,0
721300,368.64150284786297,0
721400,354.5018716767471,1
721500,393.8468629682104,1
721600,354.85308473924414,0
721700,323.36817782730003,0
721800,362.4143304113034,0
721800,342.4527715408082,0
721900,329.73850117816573,0
721900,380.98644588475975,1
721900,376.7767628475489,0
722000,385.02444436114746,0
722100,346.33736502599146,0
722200,318.07209802474904,1
722300,299.79843420907906,1
722300,376.57660806465526,1
722300,296.88459260038127,0
722500,325.0710836241246,1
722500,362.5200504754795,0
722500,346.996540735483,1
722500,422.9746030952898,1
722600,396.6911548358233,1
722700,337.15961475074,1
722800,314.3348465622302,1
722900,456.53912926302064,0
723000,366.515254516852,0
723000,380.9785984446751,1
723100,388.3277418069353,1
723100,370.4112547998496,0
723100,359.71048784489625,0
723200,393.39006343630876,0
723400,322.4279790110861,0
723400,445.0212943302261,0
723400,351.12340959533117,1
723500,333.67504877174474,1
723500,367.2979741782524,0
723500,368.4409398536452,1
723600,420.30962064043484,0
723600,360.4153985088413,0
723700,315.83259492509444,1
723700,295.0142272900119,1
723800,378.3767717122161,1
724000,354.7749877080976,1
724000,327.4191778108989,0
724000,300.8446490103884,1
724000,380.0215467750751,1
724100,286.1851967787865,0
724100,347.5730353322905,0
724200,365.20699004327673,0
724200,400.6945338171411,0
724200,357.89093283037744,0
724200,403.8582611025044,0
724200,372.9110252346807,1
724200,362.8366253349589,0
724300,304.91783520271434,1
724400,388.6215670845079,1
724400,339.7025995214044,0
724700,325.7379896324385,0
724800,333.71405212555555,1
724900,371.259054493975,0
725000,388.60124002358515,1
725000,333.94084016285376,0
725300,367.62951727525945,1
725400,415.4895622568653,0
725700,312.3873611977292,1
725700,371.5755184513444,1
725700,358.8384721191567,0
725900,324.05720529158623,0
726100,461.4331087250461,1
726100,358.53980224355877,0
726200,388.87475350476126,1
726200,287.19808196775824,0
726400,321.91628618562225,0
726400,336.7125450266642,1
726500,369.1462619424171,1
726500,341.7503971361036,1
726600,329.630608012537,0
726700,412.7142191888116,1
726700,364.38020703859195,1
726900,333.0928457460758,0
727000,342.67791194812634,0
727000,373.29582487287774,0
727100,317.49223575689615,0
727200,343.9626493062799,0
727300,372.17264665223695,0
727400,340.76451734622214,1
727400,360.20933953603753,1
727500,272.1325237416058,1
727600,318.65370191865065,1
727700,320.9189689016004,0
727800,357.1114318333934,1
727800,319.59504168547704,0
728000,356.72747287072104,1
728000,324.52987166188234,0
728000,383.7613814161117,1
728100,385.3754353485989,1
728200,364.6755690763109,1
728300,407.7314298776893,1
728300,313.4930144599517,0
728300,385.3344885499428,0
728300,341.40423308740964,0
728600,406.4290191508775,0
728700,335.85621724081415,0
728900,314.40795304602966,0
728900,341.5791052560724,1
729100,373.6311729411658,0
729100,319.5415941305316,1
729100,392.30537767880855,0
729300,303.8953452206278,1
729400,359.3262344322901,1
729500,373.6834884239694,0
729500,355.19066462431203,0
729700,324.8330775183181,0
729700,366.6166693952292,0
729700,359.6309465238416,1
729800,371.8830557544643,1
729800,394.7091025869938,1
729900,405.73502165162506,1
730000,359.54199827090935,0
730000,363.59485332569415,0
730100,325.0263721111778,0
730200,385.78744672239185,0
730200,461.2222147668542,0
730200,343.84521766699294,1
730300,370.7964820131283,0
730300,324.2397851845823,1
730500,348.63891426731453,0
730600,425.52195445861196,0
730700,378.4605531292814,0
730700,324.6765050579707,0
730800,347.8430886294591,0
730800,344.90119103730467,0
730800,351.28795735191306,1
730900,395.62103457697833,1
730900,329.5649639749453,1
731000,344.35147539611955,1
731100,343.33930542618293,0
731100,358.8174012075152,0
731200,395.8318042434727,1
731200,395.4545082312431,0
731200,342.17607638685894,1
731300,383.21733572464905,1
731400,385.7963188996054,0
731400,405.51035197768346,1
731400,352.6032363736915,1
731500,363.4823677872313,0
731500,353.7410830453612,1
731500,392.9401480903855,0
731600,369.1541550801199,1
731700,439.04605200705197,1
731800,372.5839978963626,0
731900,290.8391587433702,1
732200,423.6747219611488,0
732300,387.19668361755805,0
732300,387.12223351877134,1
732300,339.2280989317015,1
732400,292.9800741475862,1
732500,388.26128692798454,0
732600,371.0247579877085,1
732700,341.9117411650081,0
733000,357.6074794933487,0
733000,321.9164524749796,1
733100,431.8038324356085,1
733200,404.90063360595155,0
733300,403.2168164573699,1
733500,304.39444671370387,0
733500,430.28406287024666,0
733600,458.16301625256057,0
734000,365.5763337390699,0
734000,366.2000602674404,1
734100,318.05305833016615,0
734100,347.1562187787183,1
734100,389.37303028033926,0
734200,385.832296001834,0
734500,469.85980050759764,0
734500,404.41266407584146,1
734600,336.2892283321875,0
734700,314.9118509395637,1
734800,453.85820678415723,0
734900,404.1555227378445,1
735000,455.7930394401809,0
735200,414.9055763778738,0
735200,348.0108499877305,1
735200,386.4270155998472,1
735300,365.58979224783064,1
735400,373.40581893911457,0
735500,357.35488785143826,1
735600,406.76808055443024,0
735800,399.6606861922002,1
735800,318.6663840815715,1
735800,402.09626233535744,1
735900,429.9851129792416,0
735900,384.46597252685245,0
735900,367.50489923221454,1
735900,435.8937175898372,1
736000,386.04638070937966,1
736000,356.9628980352748,1
736000,378.75807800023273,0
736100,458.5601364271918,1
736100,466.72200396443327,0
736300,393.5022020191164,1
736500,318.14112708426217,1
736500,395.25496512194036,0
736600,349.71201441026756,0
736700,342.3181832944254,0
736700,320.8723764923828,1
736900,351.35975989547444,0
736900,378.1241115583241,1
737000,294.77997065269756,1
737000,352.621365652703,0
737000,381.8460706380676,1
737200,374.0636867664503,1
737300,347.9581271078689,0
737400,388.0631380016275,0
737500,340.78324523664133,1
737500,381.7526957364834,0
737600,500.87564718178373,0
737700,343.69672359237813,1
737800,372.946628663894,1
738000,339.6339861016124,1
738000,452.9201061479032,0
738100,391.21180489563113,0
738100,414.475838948552,0
738100,350.65800079524746,1
738200,358.20761712188954,0
738200,397.1380728405863,0
738400,404.0063552867333,1
738400,443.5188921082843,1
738500,456.949703017239,1
738700,366.9867752547849,1
738800,475.5830201113651,1
738900,393.0125540106384,1
738900,364.7639915186294,0
739100,404.6855497468965,1
739200,344.39550105958585,1
739200,364.4621515101785,1
739200,352.75097197866313,1
739300,430.37571593745434,1
739400,386.86191051876716,1
739500,396.02831141263084,0
739500,410.1358114456669,1
739600,433.93980377199284,0
739700,507.4228645774794,1
739700,300.0909814736384,1
739700,382.5316613317196,1
739700,477.1061598476666,1
739800,337.65052703432366,0
739800,384.64608849629974,1
739800,423.7878531853995,1
739900,380.73419555524157,1
740100,348.16202444804304,0
740100,425.46965578578363,0
740200,345.94233769531047,0
740300,351.6922673098774,0
740600,316.786304739698,1
740700,404.8727466364926,0
740700,324.17457354477085,0
740700,473.2884502641343,1
740900,318.02266807056884,0
741000,318.68654503740504,1
741000,429.0851013074131,1
741300,496.06729445482097,1
741300,300.57237646978797,1
741400,361.8700054350652,1
741400,385.2376359769515,1
741600,484.77479355658573,1
741600,336.2656671905095,1
741600,491.3237589644386,1
741600,464.3420054465034,0
741600,365.80449854489666,1
741600,509.9647480246563,0
741700,326.5187583749186,0
741900,359.181686843301,1
741900,326.4305734536024,0
742100,442.32640660212564,0
742300,340.3242147744011,0
742400,436.91371708391637,1
742500,293.51761803188583,0
742500,482.90235457752306,0
742500,320.7921963352407,0
742700,324.84222800706925,1
742700,313.7489783939366,0
742700,337.6156829919108,1
742800,405.9204288262508,1
742800,334.5265506284493,1
742900,338.24231837971126,1
743000,365.47089741900106,0
743100,349.6760587054761,1
743100,358.10909467397227,0
743200,360.2663671955151,1
743200,486.21207297265016,0
743200,411.3666931051631,0
743300,351.5473996514274,0
743400,401.40499239988713,1
743400,369.4416933285178,0
743500,315.98045496286437,1
743500,429.81470466566725,0
743500,319.18714044086016,0
743600,374.6039349157135,1
743600,376.47206114982146,0
743600,471.29715246532635,0
743700,325.7013695843571,1
743800,416.9302612662779,0
743900,315.52014674892933,1
743900,357.28265477929807,1
744100,423.80105302304025,0
744200,338.8937026861521,1
744300,358.9485626190931,0
744300,371.37143019669344,0
744500,392.75985381420924,0
744800,346.8396763052671,1
744900,347.80526190466776,1
745000,340.09433685008474,1
745000,336.41914784218835,0
745300,382.58277602259943,0
745500,365.4429326378368,0
745600,360.6978383447492,1
745700,335.021159329022,1
745800,447.526256317619,0
745800,376.7053067269292,0
745800,367.9925968791199,0
745900,440.230380164984,0
746000,324.9619692437524,1
746100,536.5235699969076,1
746100,337.80799430480454,0
746200,363.87250285467866,1
746300,411.74036601841874,1
746300,373.6561814628559,1
746400,439.48136455470313,1
746500,412.6687330807236,1
746500,335.5835268348163,0
746500,392.7324850351215,0
746700,353.2911026467391,1
746700,372.11850637694977,0
746700,384.2135882397893,1
746700,343.1512510173534,0
746800,368.55175358136984,1
746800,337.7337217552057,1
746900,375.71423708317246,1
746900,416.0140832295104,0
747300,305.7786861712838,0
747300,482.0306338769536,0
747300,311.88319810081373,1
747300,353.731120780951,1
747400,380.4451711253552,1
747500,381.98751354841687,1
747600,303.8874628667794,0
747600,479.0962685266415,0
747600,386.7963222251665,0
747700,414.16839484743946,0
747800,373.78794559035356,1
747800,346.59595051726023,0
747900,355.86673605736826,1
747900,394.6503106157248,0
748000,328.59383129842035,1
748000,399.0283953153203,1
748400,434.8407323995832,1
748500,334.8214974083752,1
748600,428.02934652339854,1
748600,403.16290866296214,0
748700,420.45143716081316,0
748700,363.44640102284313,1
748800,358.0799199628842,1
748800,344.92892417159527,1
749000,386.5433240349844,0
749100,328.319789605311,0
749100,332.92476686440705,0
749200,355.66859180188544,0
749300,376.3969768464442,1
749400,307.58690252372077,0
749400,335.1713015210973,1
749400,357.74451151540256,0
749500,343.06636860929535,1
749600,392.35886347592833,0
749600,431.6959566078595,1
749600,390.200061590617,0
749700,330.5440710892063,1
749900,348.0512265098559,0
750000,322.929079650088,1
750100,361.62670356291454,0
750100,301.24323024936416,0
750100,362.15497794529085,1
750300,380.79863204352745,0
750500,369.67794581737945,1
750500,362.16949240564986,1
750500,419.2235621219707,1
750500,342.47193889998533,1
750600,314.98065590462585,1
750700,345.673270873909,1
750700,348.4474156905303,1
750800,343.515504217703,1
750800,314.06748497278494,1
750800,359.6713008199406,0
750800,360.57726673857513,1
750900,396.58161176519644,0
751100,415.1089603803824,0
751100,499.02234467762526,1
751200,470.51759560796467,1
751400,388.43055532954884,1
751500,406.6450547242533,0
751600,332.74075094446493,1
751700,416.5846820674602,1
752000,358.58834157248384,1
752000,435.5493675982001,1
752100,391.1051792130041,1
752100,344.13221922533893,1
752200,442.6360362193048,1
752200,391.40944364918204,0
752200,424.429150331052,0
752400,345.07172979530014,0
752500,342.3208613158722,0
752500,333.7837537064852,0
752500,526.9953756144487,1
752600,447.8106254181173,1
752700,343.0371668972094,1
752800,329.46961497153274,0
752900,306.43575688174525,1
753000,335.82394024921444,1
753000,442.3505607238679,1
753100,341.8424231718984,1
753300,333.444108752308,0
753400,344.3046325871795,0
753400,335.1127212027354,0
753600,334.50739085785597,1
753700,300.34985574465526,1
753800,370.5286007756981,0
753800,388.9561857065532,0
753900,364.7589892215427,1
753900,299.1872384489605,1
754000,408.5330531583765,1
754000,357.43068275600695,0
754100,306.86818430043104,1
754100,314.54877131184105,1
754200,372.9151858949178,1
754300,340.7948811875854,1
754300,371.9800652589764,0
754300,329.1093586585307,1
754400,346.1652528580911,0
754500,455.2630497291935,0
754600,316.69149290272827,0
754700,401.73937999028146,1
754800,397.48695305955727,1
754900,361.0247655177599,0
754900,443.1265940156556,0
755000,521.107353989616,1
755200,356.53064691367547,0
755400,277.34105187522005,1
755500,367.98745654859334,1
755600,381.61465798286287,1
755600,325.89464113972343,0
755700,362.9528252998205,1
755700,404.3811601223679,1
755800,394.5437107076141,0
755800,347.29124066349,0
755800,355.3492563384961,1
755900,396.29262463596064,0
755900,308.8898108276478,0
756000,449.2338777936483,1
756000,356.78480648668415,0
756200,356.6235094313583,0
756300,312.11241542077465,0
756300,330.5631068608029,1
756300,316.6138006320097,0
756500,460.5312523464386,1
756500,293.0007612116581,1
756500,339.70940613645075,0
756700,352.71909165101135,1
756700,328.34954271331907,0
756800,401.9260534799922,1
756800,277.9653613343224,0
757000,317.12443532215184,1
757000,388.4165893633614,0
757000,370.36617537371694,1
757000,300.8640888073538,1
757100,330.1838474873112,0
757100,317.6514864023362,0
757100,519.9629372545095,1
757300,378.31559568921296,1
757500,345.6273446579822,0
757600,330.9649360468052,0
757600,315.80140778211023,1
757700,428.2949965970758,0
757800,329.80896645225715,1
758000,424.04188339535585,0
758000,331.05869584588135,0
758100,364.08404956436027,1
758300,427.7683303454829,0
758300,384.1685108056448,1
758400,511.4135110040875,1
758500,372.47053275812084,1
758600,322.14234803519145,1
758700,327.7177948717427,0
758700,353.695403821763,1
758800,428.61528080252725,0
758800,476.7594568398553,1
758800,335.53650862636084,0
759000,405.6746037992869,0
759100,316.04888635098735,0
759100,343.95588915855404,1
759100,340.8667555888698,1
759200,326.37766951116384,1
759200,441.6255966302452,1
759200,352.1148280438556,0
759200,577.079245429208,1
759400,314.35179332349526,1
759500,332.8451139199996,0
759500,354.577756026961,1
759700,301.86389921209116,1
759700,355.81113545602,1
759800,289.8911700327,0
759800,342.5975384632213,1
760100,375.10646295679624,0
760200,428.66907937387555,0
760200,348.96295167153403,1
760200,378.60062246302493,1
760500,405.935791459274,1
760500,394.3368751856737,1
760700,356.9367081754265,0
760800,334.3025708355594,1
760800,356.2228138282419,0
760800,342.96786535330256,1
761100,352.30460770153405,0
761200,392.4528459644437,0
761200,403.6170282327619,0
761300,367.35982675844525,0
761400,341.9531853765527,0
761800,385.36297120725834,0
761800,370.47326399028816,0
762000,376.7962865645835,1
762200,586.8748278840891,1
762200,359.8878514805424,1
762400,403.16553130549244,1
762500,423.73022166913773,1
762600,392.9151413178788,1
762700,332.06267595477135,1
762700,352.41292365603863,0
762800,390.199924894371,1
762900,307.3769473788974,1
762900,431.2258973921975,1
762900,360.90687786131,1
762900,535.1138328194368,0
763000,401.1118599919219,0
763100,389.0893612804071,0
763300,380.58482300833873,1
763400,385.0262960216555,1
763400,369.61910884860214,0
763400,386.7987442696792,1
763500,574.4495438233346,1
763500,319.9713495417353,1
763500,387.7125302908311,0
763500,366.58083080892334,0
763600,364.83461009418767,0
763700,314.479225089147,0
763700,452.95094728611775,1
763700,458.85294333327977,1
763900,334.5315330874463,0
764000,399.6514453586317,0
764000,385.4898855924383,0
764100,376.5499338938251,1
764100,434.41576317512335,0
764200,384.9076378984305,0
764300,502.0432830070774,0
764300,399.09745918175696,1
764300,375.7563203940536,1
764300,375.2237205793728,1
764300,398.3818850058243,1
764600,385.6802019718268,0
764700,342.95297058951013,0
764700,477.05789490849054,1
764700,438.8353098383104,0
764800,378.0307021824946,0
764800,335.74278151479797,0
764900,449.0465445404672,0
765000,392.70106489597214,0
765100,374.9153208333521,1
765100,398.5086270973104,1
765200,380.1471323725537,1
765500,418.05693338422697,0
765500,326.2177290289841,1
765600,394.7525500064577,0
765700,499.74477598703976,1
765800,435.6143900311587,1
765900,356.5447266800549,0
766100,393.8662368274093,1
766200,387.42106902467134,0
766200,408.22588892108695,1
766200,464.1778733971059,1
766300,361.254839321429,1
766300,337.0699045055765,1
766400,434.35067002879316,1
766400,381.52901475082996,0
766600,366.2141982290958,0
766600,405.9470679050494,0
766700,375.73939361133256,1
766900,394.54242919146196,0
766900,589.4185461902298,0
767000,407.0524303367304,1
767200,382.3572060053456,0
767400,435.5276822983697,1
767500,357.55639724188813,0
767600,366.17343273808984,0
767600,424.0599853268101,0
767700,420.35978435909624,0
767800,468.57409096245357,0
767800,438.81826838049875,1
767800,457.4309516234638,1
767800,413.04780460709793,0
768000,408.9209036647657,0
768100,368.08908293387765,0
768100,401.81404515813,0
768200,419.43965072207044,0
768300,386.8309049595767,1
768300,338.73766160756924,0
768300,375.11423710122676,0
768700,443.39731669206617,0
769000,484.0465325024453,0
769100,345.40314307821166,0
769100,465.5199838401737,0
769100,412.8586566718431,1
769200,399.118402081463,0
769400,371.5096919367718,1
769400,502.4189128464377,0
769500,406.9893300566101,1
769500,322.33144704876463,1
769800,442.5498740173309,1
769900,426.5279353903498,1
769900,346.96622265883417,0
769900,342.3381469773512,0
770000,481.2674426254588,1
770100,408.3773814845693,0
770200,474.90914528314875,1
770200,383.73590378195854,1
770300,341.4618388152008,1
770300,384.522002543865,0
770400,362.0006721440769,0
770400,407.13005638489796,1
770400,428.8665184524908,0
770500,450.98063658788385,1
770500,388.10768557410603,1
770600,402.1208901899365,0
770600,340.4383473230384,1
770700,369.61463563562654,0
771000,415.16618114751583,0
771000,346.2616570191838,1
771000,352.572228782647,0
771100,410.9866465696114,1
771100,349.18228933369585,1
771200,323.83759236232413,1
771200,384.4512407523008,0
771200,352.7051568843679,0
771200,373.95812034443423,1
771500,331.2994495859215,1
771500,399.8603430801463,0
771600,336.83132207272644,1
771600,361.2300980886859,0
771700,398.7089477527384,1
771800,352.68888332011295,0
771800,356.06042021671567,1
771800,359.72464800157354,0
771900,444.80162566501764,0
771900,382.75502925834587,1
772100,424.43855763409226,1
772100,423.52735781013166,0
772200,391.8472760709565,0
772200,386.79063146199314,0
772400,372.12191670029483,1
772400,400.604709522694,1
772400,408.34198172362085,0
772400,426.9313912935564,1
772500,470.00452342292937,1
772600,374.2618315165506,0
772700,408.4274565362766,0
772700,344.70166621651816,0
772800,463.5008177133905,0
773100,394.0824796324638,1
773100,330.17146109215764,0
773200,341.2229349846686,0
773200,395.59530997438964,0
773300,342.8066716603691,0
773300,327.32815766931117,1
773400,364.646803622767,1
773400,375.91564586306293,1
773500,366.4281224335993,1
773600,496.0121794766472,1
773800,412.08945405302563,0
773800,401.1220362695352,1
773900,444.9286549303628,1
774200,412.6352782788015,0
774300,435.7575433453333,0
774400,409.2493799589213,0
774500,343.42707448231357,1
774600,351.99930132426306,0
774700,339.3829125028556,1
774700,329.19880474559636,0
774700,415.0249339420762,1
774700,398.1126794311034,0
774700,358.7649244253591,1
774800,384.61111976442675,1
774900,398.5234001076464,0
775000,434.9633125040255,1
775100,346.8161743729539,1
775200,346.37802531419413,1
775300,403.27042900038737,0
775300,420.4438423607235,0
775400,318.5718694789196,0
775500,395.15852421130853,1
775600,373.5632396490811,0
775600,296.4787654158868,1
775600,388.37075263026577,1
775700,352.1556020812087,0
775800,387.1281072790747,1
776100,414.07994425747194,0
776100,348.47959105365,1
776200,353.6600220243684,1
776300,362.2774856171256,0
776300,425.0315022823584,1
776400,343.5577503094317,0
776400,465.42647540742183,1
776600,369.3894231129831,1
776700,415.0547483660135,1
777000,333.39214123432555,1
777100,431.3744910865872,1
777100,377.11965208390546,0
777100,351.2921599702514,1
777200,334.29291442945384,1
777300,386.4673735836597,0
777300,357.26897547619774,1
777500,337.56631916869577,0
777500,372.87945109481507,1
777500,472.74867641971196,1
777600,381.80648432758244,0
777700,322.7247943484148,0
777700,361.7044436665513,0
777700,373.4046161777777,1
777800,332.6808976604878,0
778100,381.78300521157456,0
778100,354.44379502134336,1
778200,343.36482392230675,1
778400,354.5525290136857,0
778400,383.15021459019744,0
778500,343.5150946393833,0
778500,401.35199279061834,0
778600,369.2724599292148,0
778600,407.0267301383735,0
778600,333.9268037983975,0
778600,364.6464360996975,1
778700,342.5710135457373,1
778900,388.58699836075357,0
778900,365.97170013394805,0
779000,324.5551274342846,1
779100,332.2790098629011,0
779100,324.3373841308052,0
779100,357.6945413363692,0
779200,346.11908017919654,1
779200,326.3952262928222,1
779300,321.94807894954744,0
779300,356.7402336515491,1
779400,408.1028635181116,1
779400,442.17443334523443,1
779500,451.01099558652,0
779500,310.39690225464125,1
779600,336.4096666857604,1
779700,370.74599393278726,1
779700,339.0714598013044,1
779800,372.56389293811867,1
779800,411.71254982160565,1
780000,414.9763177108278,1
780000,458.81428349572786,1
780100,499.3904594970033,0
780100,411.6999959972404,1
780200,474.57278900763544,1
780300,355.97223544096687,1
780400,326.66801611332363,1
780400,419.4532729468843,0
780700,335.6376919642768,1
780700,359.42088323170447,1
780900,413.92672414347425,0
780900,440.38136902336345,1
781100,390.3183656920676,1
781100,380.18737100004006,0
781200,393.60019396924383,1
781300,376.6542756577458,1
781400,403.16591324501115,1
781500,377.4370766841772,1
781600,357.7616999370395,1
782000,382.4327376220106,1
782000,414.3176407204946,0
782200,434.1985651306598,1
782300,384.8945733049991,1
782300,379.6989785474121,0
782500,383.3220185507112,1
782500,380.9829408514185,0
782600,348.9044516938569,1
782600,394.4007666611228,1
782600,383.17403372909064,1
782700,367.7828992956189,0
782700,356.05334966615743,0
782800,343.22370641961453,1
782900,383.2291210979294,0
783000,402.47540965853875,1
783100,313.2032207388049,1
783100,409.9012292228608,0
783400,345.3079794004037,0
783500,357.3083363187996,1
783600,349.7692819908908,1
783700,445.02403993653746,0
783700,401.69109423185273,1
783700,323.63756816988814,1
783800,435.7332866329263,0
783800,400.89777815584625,1
783800,380.8098288679884,0
783800,556.3547281346472,0
783900,424.0361323019196,0
784100,413.15138151046364,0
784300,437.2092806170344,1
784300,352.25493446042594,0
784400,288.1775402233154,0
784400,336.480119507221,1
784500,405.45837900961953,0
784600,377.3311725788205,0
784600,448.148983875203,0
784800,350.7534404814888,0
784800,314.1451864866902,0
784800,351.1268402779852,1
785000,430.04639478931495,0
785100,429.19822161730565,1
785100,361.8890592711995,0
785200,377.53675850788755,0
785300,333.46529933152266,1
785500,379.78892759513803,1
785600,410.62375152090425,0
785600,313.87476501065714,1
785700,514.4630434625832,0
785700,422.7843312690608,1
785700,344.14407119482615,1
785800,320.7854692382765,0
786100,372.1730030864167,1
786200,398.1823967007424,1
786300,347.7752380271234,1
786300,334.2122405108194,1
786400,481.31437326466937,0
786400,370.39795454114005,0
786500,364.51132586990514,0
786600,405.4051664429133,0
786600,335.1517260692352,1
786700,347.9243060961854,0
786700,372.1591312219015,0
786700,461.13581234029994,1
786800,409.03624953776375,1
786900,413.3596911728718,1
786900,424.0256804276236,0
786900,390.0874707587379,0
787100,376.2055953787103,0
787100,420.8723774049652,0
787100,401.635253742837,1
787200,472.5312125371494,0
787200,345.08266585597477,1
787300,340.2736318059702,1
787400,381.48558620115136,0
787400,399.95534702096364,1
787500,370.22379982449996,1
787500,381.86925830176784,0
787600,330.15817395857675,1
787600,488.21916491545016,0
787700,355.7279563262472,1
787700,395.80312593930694,1
787800,418.2013490528808,0
787800,324.3987211442301,1
787900,528.9261161670313,0
788000,417.1695339641794,0
788100,365.6742293584203,1
788200,365.2049609760978,0
788200,493.14142667629767,1
788300,406.060979735291,0
788300,360.15474340907303,0
788400,339.4501684146323,1
788400,413.478572451963,0
788700,351.65114288064166,1
788800,368.7137658711769,1
788900,326.7239377857849,1
788900,379.3696755450472,0
788900,302.8524050155023,1
789000,418.2406992646234,1
789000,313.41477908995904,1
789200,390.3101497101374,1
789200,340.7501245281452,0
789400,335.24381453053076,1
789400,447.94478141916755,0
789500,414.8874053581877,0
789500,367.3082497590685,1
789600,347.44009473821814,0
790100,357.102668355287,0
790100,382.91853488498145,0
790100,375.83133303536766,0
790200,322.7793872963213,1
790300,312.22475899616524,0
790400,371.5098376251101,1
790600,549.9337505696489,1
790600,413.6207862399475,0
790800,353.99141722337606,0
790800,304.5839450358276,1
790800,382.1186037368783,1
790900,345.8076128303743,0
791000,422.44452828136434,0
791200,339.8319578349424,1
791400,352.56018657177395,1
791400,302.3936498103246,0
791500,424.7507241204516,0
791500,338.2394351686244,1
791600,389.12599725360394,0
791600,420.91997431932816,1
791600,430.75674092515044,1
791600,349.612129033564,0
791600,278.9556306838627,0
791600,387.93963199905033,0
791700,331.77527393735824,1
791900,407.5946549667184,0
792000,322.6468949790156,1
792000,393.8504436123487,1
792100,378.2771962213361,0
792100,426.05889319415485,1
792200,343.9432832327592,0
792200,304.8345549598837,1
792200,417.9012827330667,0
792300,262.49024104758803,1
792300,360.3320449576986,0
792500,286.2635107199441,1
792500,269.3467117902102,1
792500,344.46428461378537,1
792600,320.9965025192003,1
792700,338.5067463274249,0
792800,346.36893508519995,1
792800,383.908742611375,1
792900,311.61408229107724,0
792900,346.1497263910886,1
793000,361.2602537938691,0
793100,286.2570583239545,1
793200,398.6686769664782,0
793300,274.4897046142946,1
793400,336.8765628962223,1
793400,318.53763041303637,0
793400,329.85223838186454,1
793400,318.29818901173377,0
793500,295.14964084186437,1
793600,349.0370077183229,0
793700,338.78490915480313,0
793800,349.1772028237922,0
793800,487.10957861800364,1
793800,372.5025148941641,0
794000,341.1972651024643,0
794000,289.87489371482684,1
794000,313.7714967026416,0
794100,376.9120208751955,1
794200,357.62051638426914,0
794200,491.42579816690784,0
794300,282.9444402381032,1
794400,331.48408953314,0
794600,321.68171891903785,0
794600,536.1521460439952,0
794600,332.3129398840417,0
794700,352.4727072959089,0
794800,273.53137067073146,0
795000,481.36329484628214,1
795000,361.7699228427444,0
795100,268.76311272010753,0
795300,397.2514319117631,0
795300,350.04954906909774,1
795300,381.3346529923284,0
795500,351.4107412754353,1
795500,365.85010413039015,0
795500,357.8346957229003,1
795700,344.61105515292275,0
795900,431.32640045507725,0
795900,408.24888348826204,0
796000,348.49975222486336,1
796100,404.23931172730437,0
796200,360.6087516997317,1
796200,398.20872230383554,1
796300,441.7613463102225,0
796400,355.7069473003966,1
796400,376.6019545420676,1
796600,344.26304861459437,0
796600,369.8099949559644,1
796600,364.70718798759503,1
796600,411.7720749920119,0
796800,359.115112708709,1
796800,354.5343369923706,0
796800,415.6135661685396,0
797000,382.48092042752495,1
797100,295.8722578302508,0
797200,309.8322206197245,1
797200,347.65647290435646,1
797600,352.75315517316926,0
797700,373.2022915061695,0
797900,347.16599640874745,0
797900,342.9417481427018,0
797900,377.72718101741185,1
798000,278.0121894678666,0
798200,291.9460945220784,1
798200,368.18769312251436,0
798300,335.393926240748,1
798400,349.4366153929383,1
798400,446.5067678566246,1
798400,347.4823342470546,1
798500,319.64237694746146,1
798600,347.2948007258492,0
798600,597.5759114158352,1
798600,393.41496220860887,1
798600,350.7699174596321,0
798700,347.4697904198844,0
798700,347.4209660307588,0
798700,345.2541687156517,1
798700,319.18260195876394,0
798800,325.90792666961505,1
799000,366.89464585029714,1
799000,344.08775536112455,0
799000,341.0959528853363,0
799100,355.23907231369935,1
799100,339.70873796029883,1
799100,312.3880368149492,1
799100,327.29881236411137,1
799300,453.469944993402,0
799400,428.9519049852892,1
799400,350.37492935693837,0
799400,305.90945340376754,1
799500,344.21160164251984,1
799800,308.2541064336117,1
799800,355.5111118712473,1
799800,335.1433748888009,1
799900,405.59480042882865,0
799900,320.2377323526525,0
800100,356.9557863342358,0
800100,331.4986050161392,1
800100,362.50629631512925,0
800200,308.70684706154805,0
800200,311.7395626368923,0
800300,424.20325735615205,0
800400,294.51910275148373,0
800400,350.974746833789,1
800400,494.51990522915094,1
800500,318.14250854079773,1
800700,329.9823740177446,0
800800,368.17638524992,1
800800,389.20644849436235,1
800900,468.0631852537652,0
801000,275.16055512798465,1
801000,345.64428832836,0
801100,349.5205581078662,0
801300,401.6465902374194,1
801300,396.21707210809757,1
801400,379.00151382187585,1
801400,383.1278116687797,0
801500,443.7538757826421,0
801600,329.0038700239204,0
801600,347.5670848796906,1
801700,398.2843771414707,1
801800,353.1321316890103,0
801800,377.73751222742527,0
801900,351.62418294570847,0
801900,339.2377754989291,0
801900,327.546806371539,1
801900,377.06228199298624,0
801900,371.8861671127695,0
802000,356.67347743278816,0
802000,366.9444337512815,1
802100,326.17875706535625,1
802300,300.5383270487102,1
802600,365.5115598963614,0
802700,329.02976401044344,0
802900,333.99309473386114,0
802900,363.6099412580896,1
803000,395.7998235664502,1
803000,332.37129528289006,1
803000,492.5920222929746,1
803300,365.38481209722335,0
803500,332.389502900652,1
803600,376.5041710260302,1
803600,377.7781077582763,1
803700,401.80676778954125,0
803700,351.3471377556324,1
803800,401.53529759338653,1
803800,339.5804114930717,0
803900,353.0894260621926,0
804000,359.73365912712916,1
804000,340.11410540736625,1
804100,343.226693151578,0
804100,381.8659067291062,0
804200,376.6619840254798,1
804200,303.581867199045,0
804300,328.54355250012617,0
804300,350.69134289688856,0
804300,381.70751739917904,0
804900,347.4676371442153,1
805000,425.58582419460896,1
805100,373.0358821212681,0
805100,333.1075381046427,0
805400,432.755627995033,0
805400,370.98338899163446,1
805400,332.3968712125379,0
805500,365.8033182254777,0
805600,351.82603572428116,1
805600,319.60850604942954,1
805600,321.10650473457304,1
805700,354.9695795105411,1
805700,363.43937427441494,0
805900,362.2227008021414,1
806000,378.97207735369994,0
806000,360.4353397222285,0
806000,362.5396691613424,1
806100,353.203019193218,0
806100,303.04961683576363,0
806100,401.6407072057313,0
806200,366.20103907035707,1
806200,335.2029270716116,0
806200,291.33615497035044,1
806200,335.7546460920624,0
806300,381.71639645370794,1
806300,404.5393627771759,0
806300,320.7198501571166,1
806600,355.0842830106503,1
806600,380.82294910976134,1
806700,401.3103746517934,0
806700,378.60480216202944,0
806700,319.1258971636724,1
806700,337.3230715892797,1
806800,383.7555517481359,1
806800,333.5585131391512,0
807000,431.31868979683713,0
807100,306.9060809788124,0
807100,338.60426468095125,0
807100,324.8880960278887,1
807100,345.38849813246424,1
807200,359.84635860406644,1
807200,334.4830133075775,0
807200,337.2263719357185,1
807400,340.31349497591583,0
807600,403.943490948387,0
807600,410.19340823929775,0
807800,337.27914797140045,1
807800,337.916685022539,1
807900,285.9928719223341,1
807900,433.58770933306613,0
808000,356.10283832174133,0
808000,453.9847722986074,0
808200,363.2090737117695,1
808200,337.30541844390694,0
808300,390.67998499547605,0
808400,311.8755384047107,1
808400,328.2499129249576,1
808400,287.0154155904045,0
808400,319.4962180843773,0
808500,350.25428306424976,1
808600,371.48118476835896,1
808600,348.6079607772349,0
808700,408.67341450439886,0
808700,336.1655986433258,0
808800,363.5410672352851,1
808800,356.6938584844767,0
808800,369.18117067934253,1
808800,327.64196286036565,0
808800,342.0464201266497,1
809100,400.8560401724486,0
809200,350.11096402469025,1
809200,309.74952628369067,0
809500,394.3088945414778,0
809500,337.2870724612719,1
809500,370.78747031323024,1
809700,295.3225718613739,0
810000,308.64394708290075,1
810000,319.11635451899105,1
810100,408.9550396793648,0
810100,371.5322413543827,0
810200,359.0427648211319,1
810200,400.472612822989,0
810300,289.8061646683418,1
810700,358.2977375495859,1
810900,378.94598218791765,0
811100,350.6779496709065,1
811100,338.2213210993018,1
811200,401.9332848934182,0
811200,346.73210999394433,0
811400,420.4689229571577,1
811400,415.62185948249567,0
811500,356.5495797055719,1
811500,384.76401844387317,0
811700,339.5355271762248,1
811700,327.3028477557144,0
811800,390.56629770208457,0
811900,395.16377385195557,1
812000,384.81758739978824,1
812000,382.5387504818796,1
812100,321.44775839257113,1
812400,339.8773125581404,1
812500,428.30651657834375,1
812700,345.9273714861526,1
812700,378.1955917444721,1
812700,418.25873627596536,1
812800,340.5930041326352,0
812800,353.8091159120735,1
812900,329.4139782332653,0
813100,379.63861490378696,1
813100,354.6468403834429,1
813200,388.80616542964003,1
813200,356.70839548316997,0
813300,388.90162929837817,1
813300,361.2745125855504,0
813300,357.84652024109226,0
813300,392.3282259175321,1
813400,316.1371133612912,1
813500,344.9233037349956,1
813500,363.62023855000024,0
813500,393.28686426737846,0
813600,369.4259998881604,0
813600,362.82709230706706,1
813700,349.7028145300343,1
813700,346.03168977284537,1
813700,386.21502283366306,0
813800,281.468997937489,1
813800,356.12188615248505,0
813900,336.7076967508791,0
814000,340.8163143802074,1
814000,363.40674092413116,0
814000,343.88408180275763,0
814100,403.5775875218197,1
814100,355.3300013337432,0
814100,386.6314786349239,1
814100,447.03309641604693,0
814200,330.26707798908797,0
814400,321.73436804793965,0
814400,320.7099711807264,0
814500,385.5409428521736,1
814500,356.10973270628625,0
814500,404.85316331047693,1
814600,367.98486801000763,1
814700,389.23015040524496,1
814700,417.1127255195258,1
814800,348.81102280143966,0
815000,341.2280790992409,0
815000,541.8825302810275,1
815100,392.5913584762922,0
815300,350.36754583001834,1
815300,346.5120321447365,1
815500,349.39464411145434,1
815500,307.3604578413653,1
815500,436.378608987964,0
815600,340.99493921714566,0
815600,340.8042190881339,1
815600,408.3493658322079,0
815700,348.13065959400416,0
815700,340.4060597589516,1
815700,365.3593267347133,0
815800,405.3478513898636,0
815900,395.95794333522815,0
815900,368.18597925687004,1
816000,405.67816711324207,0
816100,341.8625515194894,0
816200,331.58465330139177,0
816200,366.5413768117467,0
816300,377.0279131626784,1
816300,372.97699752844863,0
816400,344.62218813986857,0
816400,308.40789901319334,0
816500,408.3395803026617,1
816600,404.38912344794403,0
816800,351.58830383104623,0
817300,351.7361759632081,0
817300,351.76589883182044,1
817400,325.65683647520507,1
817400,416.02232680564583,0
817500,372.25058285535033,1
817500,414.55632667942257,1
817800,448.2830061227197,1
817900,326.654316397165,1
818000,340.00827280389547,1
818000,342.5939153053094,0
818100,424.1369334490146,0
818100,352.11602790834417,1
818200,336.277584844175,0
818200,317.7295715965356,1
818200,399.45370423832225,1
818300,332.14511616085304,0
818400,417.15214938364875,0
818500,316.411005278785,0
818600,413.8628422138411,1
818800,364.31801697576856,1
819200,363.7884156121443,0
819300,334.345510505195,1
819400,360.28473608018226,0
819400,328.25221939925814,1
819500,387.64321529376485,0
819500,381.7163186655761,0
819700,421.1044104465462,0
819700,325.4579287324275,0
819700,347.2377127269289,0
819800,351.4943446913578,1
819900,390.15194055421057,0
819900,356.88143523695993,0
820100,315.6914782479745,0
820100,331.707927706424,0
820100,288.66399177088454,0
820200,320.31414516843245,0
820200,365.8626358742154,1
820300,439.09572553351916,0
820400,353.0229011829729,1
820600,305.0830603738936,1
820600,382.7183057816224,1
820700,349.13430723191044,1
820700,339.0097884729073,0
820800,326.1073591200254,0
820800,373.3272241145796,0
820800,352.0766788538206,1
820800,339.3275268066756,1
820900,369.76040529026875,1
820900,361.48736833896163,1
820900,336.06556832698,1
820900,370.7620856887708,1
821000,425.08250797534333,0
821100,389.93480501184877,0
821200,332.9290047624027,1
821200,396.3340543358348,1
821400,409.5777499104126,1
821400,368.0713050295541,0
821500,352.7703551536677,1
821500,406.5589879275601,0
821600,374.5652867638269,1
821700,379.9383795738062,0
821800,380.16666593408985,1
821800,392.2860311614299,1
821900,355.7481414330903,0
822000,319.6680044568221,0
822000,399.41790462852754,0
822200,383.9662920179687,1
822400,436.686396249947,1
822400,365.1364236180044,1
822400,363.21830803289583,0
822500,386.66112239669906,0
822500,372.5436677526947,0
822600,304.4830028436202,1
822600,341.9978621052245,1
822700,405.6784008668441,1
822700,398.00301800943146,1
822800,358.4328999624007,0
822900,331.74812144859015,0
823100,359.05934190631433,0
823200,362.5643718533199,0
823200,470.3651160284968,0
823300,354.08921522262057,1
823300,359.65824350157584,1
823300,380.9784704686665,0
823400,380.6192510580679,0
823400,374.2685993163006,0
823600,394.6955467491157,1
823600,431.7727063379671,0
823600,386.38335095441045,1
823600,369.4658043445585,0
823600,407.1199610390739,1
823700,364.335851659771,0
823800,416.84098925327265,1
824000,417.62719128971173,1
824100,380.20610002814306,0
824100,337.71116463516046,1
824100,323.87617146555584,0
824200,390.83446966802813,1
824200,376.99299006553156,1
824400,350.39017347040146,0
824500,353.2786065997236,1
824600,450.96544627194885,1
824800,334.93771710161417,1
825000,336.9252202640129,1
825100,341.5082885966529,1
825100,345.3343587577506,0
825200,409.0611882359406,1
825300,331.7858921960684,0
825300,354.6460089662034,0
825300,386.52977577146726,1
825400,304.4447124512607,0
825500,371.8965543952657,1
825500,357.7982240564344,0
825600,333.82181922756416,0
825600,377.2697315665367,1
825800,307.038537798848,0
825900,404.3016750350173,0
825900,326.704400576159,0
825900,414.6401675906076,1
826200,469.1752442788565,1
826300,391.1007635644233,0
826500,391.9857546669153,0
826600,346.123712035533,1
826700,417.6939472591087,1
826700,346.06473927223044,1
826900,353.1049073205308,0
826900,368.0541500283356,1
827000,295.8791560732699,0
827000,379.9046514467516,1
827100,345.9255244615163,1
827200,322.74862492678227,0
827300,363.7281422557146,1
827400,353.4515328558844,1
827500,296.8399246881193,1
827500,318.7800242973846,1
827600,332.1860860533751,0
827600,374.28816362059024,1
827700,370.36452701154775,1
827700,302.84825173096704,0
827700,338.33676310179743,1
827700,345.72849421180393,1
827800,335.510474948473,0
827900,384.89283602755836,1
827900,374.98851513980765,0
827900,346.3456545725235,1
827900,354.9045417867526,0
828000,319.59593377201566,1
828100,378.4065473857931,1
828100,311.8602213071761,1
828200,309.6912851136541,1
828300,320.93161161396506,1
828400,412.71432983311485,0
828500,319.2365179915206,1
828600,294.91393028648656,0
828600,437.32695300864896,0
828700,371.9870724468343,0
828700,370.2510857223141,1
828700,382.6221008932888,1
828800,404.76151081774907,1
828900,330.07716057651396,1
828900,312.04793376574145,1
829000,362.4459514702305,0
829300,370.0686626725451,0
829400,341.9019873004474,0
829400,478.7062791667476,1
829400,347.44196740038717,1
829600,405.8535387616843,0
829600,307.119932540215,0
829600,329.17237041187354,0
829600,437.1880112167509,0
829700,352.62493115373354,0
829800,345.12494845275745,1
829900,308.2772445708994,0
830000,313.9415592599675,0
830300,344.7400729806537,0
830300,344.39160953422055,1
830500,359.40164116995106,1
830500,319.9159482958842,1
830500,340.867617707212,1
830500,327.2934217871167,0
830600,305.0772255745037,0
830600,349.22515089010733,0
830700,397.14388672649466,1
830700,392.2415401848565,0
830800,376.6039071918103,0
830900,293.08317202347587,1
831000,406.3391133327578,0
831000,481.9781457035023,1
831000,367.0711486877654,1
831200,351.7454289456236,0
831300,404.95390352946634,1
831300,441.41313205040495,1
831400,403.1292792631818,1
831500,400.40565275751874,0
831800,358.2664289253395,0
831900,408.38562984421316,0
831900,380.77872409206554,1
831900,490.4942596910615,0
831900,370.736477731657,0
832000,324.4029238995232,0
832100,380.43842237054355,0
832100,324.34673118103115,0
832200,325.35912942774576,1
832400,322.8022323028744,0
832600,382.44506815260047,0
832600,419.651836546516,0
832700,357.84916399633636,1
832700,358.82930409383437,1
832700,367.8687696937086,1
832800,343.75871992767964,1
832800,339.0008836654513,1
833000,437.4466353519013,0
833100,396.0638720944072,1
833200,401.43781949056404,0
833300,614.9007050589145,0
833400,316.28106553207107,1
833400,334.8028383639768,1
833400,332.92872093653284,1
833500,343.2720982007184,1
833600,361.40647401933944,1
833600,408.34133590365786,1
833700,341.056955889393,1
833800,418.56087684843095,1
833800,340.51858251925273,0
834000,383.5054173339886,1
834100,338.0805626733129,0
834200,365.35645429406173,0
834400,332.6523314586141,1
834400,434.9628368245826,1
834500,335.82930023468157,0
834500,349.79506015432463,1
834600,350.44910714348407,1
834700,435.59844928814084,0
834700,353.25851373071714,0
834800,342.32948446467384,1
834800,353.039264892608,0
834900,317.22401392762396,0
834900,343.80989278455934,1
834900,398.92473897451293,0
835000,386.471506109865,0
835000,316.5206706625177,1
835200,349.65994084974176,1
835500,325.9786819238682,0
835500,379.5329779095609,1
835500,337.0307869018235,0
835500,365.72645273368136,1
835600,391.4155607555397,1
835600,391.76737113552906,1
835600,381.4118567150063,1
835700,423.2708147816176,1
835700,348.9959168215298,1
835700,359.13998252376325,0
835900,411.50506378717137,1
835900,387.05441857024454,0
836000,377.887709558499,0
836100,410.7766080046859,0
836100,400.6881632657275,1
836100,369.28529433074874,1
836200,369.34762212247944,0
836200,355.3880981073627,0
836200,320.957206018267,0
836400,344.08010496940227,0
836600,327.15184154695925,1
836600,374.56737684817296,0
836700,349.68879653221796,0
836800,367.88154804739196,0
836800,364.6828384865743,0
836900,321.977707463272,1
837000,307.256821822016,1
837100,374.2775154693943,0
837100,314.582801281248,0
837100,371.5947124310957,1
837200,367.97369341666547,1
837300,387.4492251263542,0
837300,339.04260922181436,1
837500,429.220754592858,0
837500,325.77613922089085,0
837600,351.2002123820654,1
837600,345.39502791930516,0
837700,365.68931800049603,1
837700,331.5123049367595,0
837800,404.84512838363054,0
837800,354.75173766201027,1
837800,354.2841104065475,1
837800,326.84688836925534,1
837900,346.4155109210067,0
838000,295.5576487126277,1
838000,400.2972597730402,0
838100,338.4360706771729,1
838200,326.732002479238,0
838400,335.3033828473431,0
838600,392.7108195993597,1
838700,400.22333357608784,0
838700,343.0116645847793,1
838700,362.7222210694684,0
838700,319.556230039888,0
839100,355.16052424031665,1
839200,389.35075477512777,0
839200,364.3202509229692,0
839200,318.20735092581657,1
839300,369.19736829255936,1
839400,360.5404712879809,1
839400,366.48054249299133,0
839600,339.2660967973809,0
839600,371.7673988015429,1
839800,355.98971198185546,1
839900,351.0559160313286,0
840000,359.4823563641633,1
840100,314.8553296720984,1
840400,297.66676735880617,0
840400,344.0422207308591,1
840700,330.25388401814354,1
840700,396.9769050348921,0
840700,363.81768017819803,0
840700,372.8307995266769,1
840700,347.19605489087445,1
840800,367.41689469825747,0
840800,417.4372159284902,0
840900,320.1520233402562,1
840900,385.02566161221074,1
841000,317.3097239023944,1
841000,337.41450037508844,1
841100,418.73775012721734,0
841100,311.73780572774365,1
841200,303.4944296770033,1
841200,387.83397572385536,0
841200,402.3305052380661,0
841300,327.95491308871544,0
841300,389.70564823584937,1
841400,321.0430881357982,1
841400,360.6473697066271,0
841500,380.76607365580935,1
841500,337.8528338114382,1
841700,363.18872838712537,1
841800,327.255584486643,1
841900,400.9902108005862,1
842100,327.77135860448374,1
842200,383.86992518171365,0
842200,360.5675406909068,1
842400,373.695816411332,1
842500,348.4964942878783,1
842500,337.72608635359376,1
842600,352.15400464272983,0
842700,394.6501399025245,0
842900,328.23565484163026,0
843000,356.5801947952617,0
843000,365.65298109702235,1
843000,418.46960385055814,1
843100,353.92374898280264,0
843100,315.69084453301116,1
843200,380.1578073114867,0
843300,413.4106171684232,0
843400,383.57041182871166,1
843500,370.333997525108,0
843600,369.2063711804167,1
843700,342.3358911816822,1
843700,387.0640376512779,1
843800,330.0068144642827,0
843900,371.9892240060902,1
844000,420.98700607444226,1
844000,351.4338957241396,1
844000,303.89008557291055,0
844000,387.45468841511376,0
844100,322.8145398663345,0
844200,402.2854819963472,0
844200,333.69675209078343,0
844300,362.0175804435247,1
844400,327.66018607798827,1
844400,359.1548220754313,1
844400,440.9835114397737,0
844500,323.0074161636313,1
844500,418.68690088274514,0
844700,348.0555792078298,0
844700,375.7154644950066,0
844800,381.68066193775314,1
844900,325.646730810127,1
844900,373.27745899368887,0
845000,369.44033392318136,1
845100,355.58463959951166,1
845200,411.539870825563,0
845300,471.5827739389007,0
845400,331.80457286191233,0
845400,379.4695901815158,1
845400,431.7395360990296,1
845500,338.4312961020474,1
845500,366.30897138685896,1
845500,397.5852279958433,1
845900,430.73692600831345,1
846100,326.8591005817486,1
846100,372.64886361606665,1
846100,418.0339650983275,0
846500,396.73639775168135,0
846600,370.67633911513576,1
846600,403.09841888667364,0
846800,383.17802052066594,1
846800,344.0333137413018,0
846900,464.6090847908956,1
847000,513.5189602180037,1
847000,439.7081231334443,1
847200,381.23942292809,1
847300,346.1635312075458,0
847400,301.02768487529784,1
847400,344.8330002824708,0
847600,351.5968856999722,1
847600,394.00018031894047,0
847700,499.1185233778326,0
847900,447.83062725327585,1
847900,309.6830781594586,1
848000,449.11021132949844,1
848000,328.73838023192366,0
848200,344.350842009,0
848200,419.1059061408668,0
848200,370.76726593129706,0
848300,425.6094323731769,1
848300,467.66713482065506,0
848300,385.7173385036763,1
848400,454.4759205144132,0
848500,346.7642267171644,0
848600,381.9984947194574,1
848600,462.5524210010287,0
848700,341.1389405667555,0
848800,306.3696912178565,0
849100,399.4228726492742,0
849100,341.1465325298942,1
849200,425.2230546336336,0
849200,406.27595514104746,0
849200,427.06787286708794,0
849400,444.95526281855473,0
849500,416.6240517803503,0
849500,384.3535200388784,1
849500,435.85502585223134,1
849600,325.165547113065,1
849800,375.08590457390596,0
850000,467.9279786902862,0
850100,476.9417945230068,1
850100,461.3604695934369,0
850100,377.1705223776209,0
850200,290.80338707001596,0
850200,428.5216505879728,1
850300,384.6484088505168,0
850300,491.4954119126021,0
850300,363.70863875088116,0
850300,432.1770230147942,0
850400,366.3224398734173,1
850500,492.1457723697777,1
850500,354.9733719463597,0
850600,335.5645786747424,1
850700,372.56375672121175,0
850700,335.73767013355973,0
850800,359.7838002474424,1
850800,332.2825696780158,1
850900,423.53309158806206,1
851000,310.18918161137594,1
851000,395.14867575089704,1
851100,410.5404638276828,0
851100,431.7662775389941,1
851200,497.6365652004339,1
851200,431.12613718654296,0
851300,337.4467896955347,1
851300,311.7748498885655,0
851600,334.1842100419324,0
851700,366.8778087988596,1
851700,364.5698637122206,1
851800,396.26020116206945,1
851900,320.36900379524013,0
852000,378.50236847152445,1
852100,398.7399983403201,0
852100,378.47825409195696,1
852200,452.04695240521187,0
852300,410.43945286055555,1
852400,393.3577934156073,1
852500,426.41577479219364,1
852700,322.72148913738886,0
852700,361.7129769847359,0
852700,459.8543981457129,0
852800,399.7821496122361,1
852800,368.3682655254892,1
852900,338.1356334090993,1
852900,431.37040101413635,0
853000,354.90664168171804,1
853000,349.1810907623733,1
853100,357.1644388061354,0
853100,369.6169087768559,1
853200,396.48955397878063,0
853300,314.9472984976681,0
853400,313.620117665738,0
853500,342.78125959359363,1
853600,429.7521189282126,1
853600,450.6667547625266,0
853700,330.69181072168357,0
853900,447.4860404464555,0
854000,355.7409385754139,0
854000,422.11732401275054,1
854100,303.4667722920669,1
854200,337.34908560160335,0
854200,324.11993289612,1
854200,375.1524413686484,0
854300,380.4884610259738,1
854400,452.30894606274325,0
854500,368.0151456598703,1
854800,352.52790415966945,1
854900,510.6370911186089,1
854900,344.7287944342993,1
855100,321.772028790049,0
855300,344.86735138352816,0
855800,378.5816339733652,0
855800,347.921832037864,0
855800,311.2664155245027,1
855900,399.25622323584815,1
855900,397.43743622303003,0
856100,390.64607150945926,1
856200,393.4032880637516,0
856300,411.42122303441687,0
856400,364.1180574528194,0
856400,352.53784374407184,0
856700,386.0034544356985,1
856900,381.900794077539,1
856900,416.55178539759106,1
856900,277.2261170314013,1
856900,411.3170809381385,1
857000,466.68334323564693,1
857000,437.04456540423854,0
857100,403.4803134395137,0
857100,560.984176334006,0
857200,481.21303275428613,0
857200,315.25481121423013,0
857300,341.92714536322376,1
857300,281.1727215773975,1
857400,457.30963594279893,0
857600,395.6972761379461,1
857900,432.9318343084931,0
858000,307.55437217722715,0
858100,340.09330246542237,1
858200,336.2987116907894,0
858200,310.89448225346894,0
858200,478.681702541554,0
858200,367.91363975259014,0
858400,322.9240147533608,1
858400,367.853092511259,1
858500,340.6652817592837,0
858600,428.2157421665859,1
858600,372.2061577372256,0
858700,418.67296030540376,0
858800,400.0577317412483,1
858800,580.0089220848788,0
858900,407.9455527490501,1
858900,341.1500691338512,1
858900,331.4070511802663,0
859100,276.29874040282806,0
859100,432.4763108301891,0
859300,421.60942961171895,1
859400,406.4254555383174,1
859500,209.45156381983583,1
859500,367.31139879733894,1
859600,337.1434135403763,1
859600,489.62484152194617,0
859700,470.000302665651,0
859700,331.17869782528567,0
859800,482.10343232858935,0
859900,358.791989437135,1
860000,330.7582849674967,1
860000,341.5426063413722,1
860100,522.5032923506585,0
860100,438.33383054659606,0
860300,394.03024286645024,1
860300,488.3954828250092,1
860400,352.9049554807327,1
860400,373.16930599752925,1
860600,457.4119530378126,0
860700,386.23455077989354,1
860700,384.3008881094354,1
860800,467.02599716130203,0
861100,311.6759751804892,1
861100,358.58978925942705,0
861300,514.5375785229849,0
861500,342.63384841001135,0
861500,524.4071183819968,1
861700,552.260316642411,0
861700,475.71055161881196,0
861800,563.5469999452775,1
861800,460.5698719024386,1
862000,385.3577077402528,1
862000,382.2302547468346,1
862200,360.06306345214915,1
862300,330.38876528778377,1
862400,301.9700211857891,1
862600,410.79633428164703,1
862600,535.1007581101045,0
862800,616.532618510503,1
862900,496.4487583488827,1
862900,423.1609212498061,0
862900,465.8339168772722,0
863200,386.5355504068511,0
863200,436.9888091995758,1
863300,374.7464982877035,0
863600,446.2096250556687,1
863600,420.9106069992223,1
863700,417.1770305382412,1
863700,303.93845995881776,1
863700,381.42897985548046,0
863800,457.3847167626171,1
863800,321.4376075303795,0
863800,339.0688014876488,1
863900,382.5398043004644,0
864100,503.7146879815173,0
864100,339.9320356820394,0
864300,397.05115440771976,0
864300,418.5766837967411,1
864300,522.2884241722588,1
864300,295.9519304077862,1
864400,419.6911562375495,0
864400,349.94265396592294,1
864500,387.0757790232074,0
864500,373.0370935816777,1
864500,309.2603401646945,1
864600,406.7142442248634,1
864700,368.141632958189,0
864800,527.445826341125,0
865000,342.9052955252415,1
865000,454.6084136436589,0
865100,395.956888199131,0
865100,392.95566330097074,1
865200,322.93738740380655,1
865200,414.94607210676287,0
865300,401.7902379102199,0
865500,346.411403115104,0
865600,512.3949821118199,0
865700,336.3433728062587,1
865900,403.15308918076437,0
866000,354.86777851083474,1
866100,353.3043973227004,0
866100,371.8374664587228,0
866200,570.9695991219298,0
866200,443.8582317496783,0
866400,363.6065772931368,0
866400,376.60856021525626,0
866400,388.34237297237144,1
866500,372.4382487413952,1
866500,328.700078746463,0
866600,348.7916501987759,1
866700,344.5771755253169,1
866800,333.9461124147926,0
866900,515.2298229311886,1
866900,344.52364632285787,0
866900,386.4349237885137,0
867000,371.8213431950698,1
867000,360.07720139335635,0
867000,378.96271203908714,1
867100,367.45831870332734,1
867200,389.8065573340916,0
867200,378.87567774749283,1
867500,445.78954511012336,1
867600,355.7672287228801,1
867700,360.3898597459481,0
868000,394.0020867398341,1
868200,373.3359979659309,0
868300,351.77708640096154,1
868300,621.855172545688,1
868300,325.881108130602,0
868400,373.34622210139327,0
868700,353.93526808141524,1
868700,327.4741587510434,0
868800,422.02868127714197,0
868900,423.62785228657526,1
869000,545.09727799543,0
869100,524.9978052519276,1
869100,408.11361963225994,1
869100,358.48757946141933,0
869200,479.8051758047467,1
869200,334.78272511230386,1
869300,460.67942083727814,1
869500,785.6290865725924,0
869500,447.04721709785593,0
869500,615.9160493063542,1
869500,555.2443745673029,0
869500,363.26745776429465,0
869500,404.56219495375444,1
869600,364.57724534044,1
869600,327.5791213264473,0
869700,324.33415908797974,0
869700,293.4686249633953,1
869700,404.80027610807383,1
869700,366.9904828064165,1
869800,343.3505651401359,1
869800,402.6494828306396,1
870000,350.20766672977487,1
870000,582.4826887101293,1
870100,405.53627406636576,0
870300,324.02722087018833,0
870400,338.2864227776383,0
870600,330.3426783539136,0
870600,335.9366769951565,0
870700,519.5406243951975,0
870700,338.45823626902927,1
870800,316.43496355428016,0
870900,349.61899752769597,0
871100,344.2674549491711,1
871100,419.9577487915399,0
871100,329.8234616594036,0
871300,334.85758161356637,1
871300,326.81504916396193,0
871400,361.02385900261584,1
871400,346.92162093849527,0
871400,436.7032469112418,0
871600,392.99649167638574,1
871700,345.13541089749793,0
871700,419.76071945964014,1
871700,359.81005541734476,1
871700,526.2963213866894,0
871800,360.84769902075215,1
871800,321.96613545962504,0
871900,340.02201816174744,0
871900,427.5155432758545,1
871900,369.2654821887067,1
872000,342.41044446393,1
872200,364.0682352693345,1
872300,307.70210907168854,0
872400,368.39908631786165,0
872400,469.9633409016609,1
872500,372.1082743211788,0
872700,418.2449332499673,1
872700,379.1528624461921,1
872700,347.95291164282565,1
872700,356.2634395309297,1
872800,365.3014378403348,1
873100,643.8945448596434,1
873100,326.8489637784976,1
873600,340.0809797764822,0
873600,360.28523485960596,1
873600,468.70568032009913,1
873700,353.0957397457097,0
873700,320.0898837420904,1
873700,334.0325783730922,1
873700,348.69952024944786,0
873900,288.153325655768,0
873900,325.70183635709424,0
873900,393.7468197277698,1
874200,356.52249962898645,1
874200,381.68071127859173,1
874300,336.07538669837396,1
874400,334.9771071566802,0
874600,276.7820104163117,0
874700,383.63446779499674,0
874700,453.2064916259395,1
874800,428.41254499469136,1
874900,326.8764188590879,0
875000,421.37325835618714,1
875100,398.9028165073147,1
875200,330.2397846680614,1
875400,349.9639502440739,0
875400,367.4816377043356,1
875400,311.6892823019825,1
875500,411.63603437110174,0
875600,418.62757332641047,1
875600,355.4123079455239,1
875700,350.02379647640913,0
875700,321.74715909686654,1
875800,459.2179956183419,1
876000,450.42469285747353,1
876000,349.7830926470854,0
876000,355.4513407617506,0
876300,306.57330488647193,0
876400,348.09773114789203,1
876600,323.649452871248,1
876900,354.59729077892104,1
877000,371.75230218710436,1
877000,364.0249346931414,1
877000,386.3354001126523,0
877100,369.1964493406869,0
877100,368.32495159350134,1
877200,318.99825419728535,0
877300,395.25126868561955,1
877300,388.41108034715757,1
877400,409.37819271748697,0
877400,411.22018834411654,1
877500,394.6703728069488,1
877600,516.8139606409839,1
877700,402.71178459083745,0
877700,324.0741255118227,1
877800,358.83197104697507,1
877900,355.36754028746805,0
878000,315.1866426739764,0
878300,350.3566262842021,0
878300,292.57772501023743,1
878400,344.39307677429014,0
878400,424.705228274962,1
878400,579.0089965205455,1
878500,443.2508861640992,1
878600,484.5367978801309,1
878600,388.09476498748216,0
878600,426.8577271853707,0
878700,447.17153442946466,0
878800,458.99623361378866,1
879000,417.095504560786,1
879000,353.34998493628086,0
879000,354.4106817462342,1
879000,406.86938967331037,1
879100,387.6608897981941,1
879100,460.9095458378892,0
879200,329.047067494747,0
879200,374.2579806073957,0
879300,429.38623578114516,0
879300,408.9591672156195,1
879400,384.3748038700739,0
879400,371.67059346378716,1
879500,377.39233007405005,1
879500,400.12805559673205,0
879700,396.676827601797,1
879800,348.47617939150416,0
879900,362.21758220578215,1
879900,653.7242120815109,0
879900,392.46299062241457,0
880100,400.4174955823368,1
880200,319.4874078931305,1
880300,354.2459717859958,0
880400,443.5650924541912,0
880500,553.5216041431596,1
880500,335.4183999325258,0
880600,371.42375064806583,0
880700,348.4249163187029,1
880700,704.9224965096392,0
880900,421.2817254343832,1
881000,363.34411930477285,0
881300,423.84687402393513,1
881300,356.41314918810025,0
881400,423.3340168731556,0
881500,297.00895728742853,1
881500,444.1405539168766,0
881500,385.7826788337314,1
881600,399.5640489414761,0
881600,368.39288870477577,1
881700,388.3739404766602,1
881700,502.4711537992874,0
881700,386.71092872685256,1
881800,353.9102766815168,1
881800,377.46550966865806,1
881900,457.1740717931164,1
881900,375.4265393077924,1
882200,363.9670482492874,1
882300,357.2335189549371,0
882400,368.18935286790673,0
882700,355.46492360666554,0
882700,532.8696803574968,0
882800,491.2999867490603,0
882800,426.3267365107675,1
883200,547.2599568091358,0
883300,384.9891608014682,0
883300,370.27725101758574,1
883500,389.93156129597764,1
883500,375.7752318888786,1
883600,442.4310144329926,1
883600,357.7304844913076,0
883700,328.50921343649395,1
883800,431.8189990716664,0
883800,444.9206655707055,1
883800,418.04636836740366,1
883900,392.38696662032083,0
884000,350.63679246083973,1
884000,391.8203532935744,0
884000,362.7598131213331,1
884100,430.3833280775981,1
884100,340.8615594534027,1
884200,389.16218010850713,1
884300,431.8996816509387,0
884300,414.47411231264226,1
884300,336.9314168611014,1
884400,368.6945058035325,0
884400,361.45598721198024,0
884500,343.9246989212152,1
884600,375.67418784058395,0
884600,353.16253268622927,1
884900,311.69353584387915,1
884900,324.7036666718523,1
885000,346.3206874132098,1
885100,327.59961182661004,1
885200,480.66843927316796,1
885200,395.8302409657576,1
885400,501.7163428679251,0
885400,386.96739773402817,0
885500,323.0506233572461,0
885500,351.2533987832997,0
885600,348.4062358494869,1
885700,349.99292142912464,0
885700,427.3051375130848,0
885800,331.0046345041593,1
885900,344.1411708460606,1
886100,407.30388859068864,1
886100,346.07096887081167,1
886100,383.92548009806984,0
886200,425.4298181179564,0
886200,423.7589559323727,0
886200,311.1661600861386,0
886300,338.9329448031171,1
886300,383.23024924125315,1
886300,404.61937220642795,0
886400,341.443905955702,0
886400,348.33490909448227,0
886500,370.1880178416592,0
886500,361.01342100139084,0
886700,338.7391347904234,1
886800,381.0659403780282,1
886800,323.49060611717954,0
887000,315.7508668368682,1
887100,387.3912277804294,1
887200,462.1480766057981,0
887200,369.69703463808423,0
887200,387.39302629411344,0
887300,337.1509247097013,0
887300,288.69428110185333,0
887300,396.5878122330031,0
887400,424.09301330124055,0
887500,368.48987633652956,0
887600,378.63402733450744,1
887600,349.72833985160975,1
887800,349.8587346042131,1
887900,418.1270196324898,1
887900,372.1549342868844,1
888000,324.96378872835254,1
888000,401.63818757153155,1
888000,343.98324135357564,1
888100,386.8084952326807,1
888200,480.0264570189522,0
888200,342.1248846861967,0
888400,472.8909939748745,0
888400,319.49222522936003,1
888500,302.77974279824684,1
888500,342.1661677328487,0
888600,344.37540031872203,1
888700,344.48591543011736,0
888700,360.23654633404215,0
888700,336.258114227418,0
888900,399.94127878373456,1
889000,364.5368266876415,0
889200,363.46870223412,0
889200,382.2434248069276,0
889400,421.38990120638,1
889500,400.2929926495401,1
889600,382.4509889117229,1
889800,352.2799263238611,0
889900,361.17322032407424,0
890000,305.2173206210673,0
890000,357.8891127829407,1
890100,343.91496310546194,1
890200,398.36893170889385,1
890400,344.8513601174001,0
890600,323.1786730749817,0
890700,406.8668755640439,0
890700,367.1303768525464,0
890800,338.5884806495145,0
890800,303.81272493685003,1
890800,357.64284834477667,1
890900,347.6822884640977,0
891000,353.0599099882107,1
891000,367.4857381941392,0
891000,290.57141941221346,0
891100,371.92758001348807,0
891200,379.05962880343185,0
891300,359.17148779312885,0
891300,359.807537057354,1
891300,310.84572685689454,0
891400,478.36750951645485,0
891500,324.8272504823204,1
891800,314.23145905646055,1
891800,400.5463210602017,0
891800,446.4085657879222,0
891800,377.01945292055836,0
892100,290.50180972629994,0
892200,337.1618129472508,0
892200,315.49316868876616,0
892300,392.72159664399055,1
892300,336.8473298196605,0
892400,380.9221808719679,1
892500,322.4076514661532,0
892600,395.68305424021923,0
892600,427.3445531560209,1
892700,414.66355449522064,1
892800,370.76972576138724,0
892800,347.90295187502807,1
892900,312.44051679358483,1
893100,358.1445754967688,1
893100,447.98072266730713,0
893100,434.70523324848944,0
893200,333.25732909948414,0
893500,365.7126257678075,0
893500,394.69823963588584,1
893500,325.994462710425,1
893800,355.23279852693656,1
893800,343.8820836739212,0
893900,307.69296875157767,0
893900,356.1465277947196,1
894000,426.8068964973991,1
894000,383.3090843718909,1
894000,418.77057359089,0
894000,320.63124665756567,1
894000,438.35076337672035,1
894100,487.17591649486974,0
894100,393.0739618376592,1
894200,386.12029183468405,0
894200,306.5618561974325,1
894300,299.1381682007924,1
894300,404.3408723160215,1
894300,346.75856564825835,1
894400,348.108812463983,0
894400,397.6968240743494,0
894400,405.1161602565176,0
894400,361.10530473019264,0
894500,363.73477949867856,0
894600,360.44301847865836,1
894600,330.4981741992501,0
894600,336.33275548734963,0
894800,358.94139267567846,1
894800,312.0831894280522,0
895000,426.86217281523784,0
895000,293.87417907028873,1
895100,386.7752932224313,0
895200,344.44356186579745,1
895200,326.3609809697726,0
895300,346.9612886975745,1
895400,298.44641093521443,0
895400,336.4301920928266,0
895500,418.3058838504957,1
895800,414.7036210517719,0
895800,384.56564715194384,1
895900,555.9360299576166,1
895900,356.72709059464006,1
896000,376.1769592071282,1
896000,401.7975464334898,0
896100,396.0070164685748,0
896100,368.8906181683787,0
896200,343.74189379957426,1
896200,320.7063028047676,0
896300,305.8536990262527,1
896300,306.1174302441977,1
896300,342.1819546138495,0
896400,365.6148339973673,1
896400,489.0968737293887,1
896500,300.5386996204894,1
896600,457.17941236379977,1
896700,333.0066176739047,1
896700,320.25021534303755,0
897100,338.5545532406536,1
897100,306.8824282175839,1
897300,320.3581560895458,1
897400,443.0018893580269,1
897500,377.068769449597,1
897500,315.6617681706,1
897600,433.28345214765994,0
897600,303.8419535349689,0
897800,341.67329861118765,0
898100,365.13525453780466,0
898100,327.6410715268808,1
898200,310.74953488867686,0
898200,310.0243533998189,1
898200,344.2005738239835,1
898300,338.60938622565624,0
898300,357.84535572448584,1
898300,316.703367766702,0
898400,441.628800993744,0
898400,376.2385784846708,1
898500,361.5057383959093,0
898500,365.0939901388542,0
898600,332.849814342939,1
898600,373.2301689836095,0
898800,333.49536529733086,0
899000,380.6761878058335,0
899000,332.305765786652,1
899000,330.3435538755451,1
899100,322.15783422372135,0
899200,307.63045777956796,0
899300,334.8350103563266,0
899400,310.52547343903757,1
899400,324.81137971510844,1
899500,348.66423703208267,1
899700,336.5402450967133,0
899800,325.3677849254973,0
899800,358.4476779179489,1
899900,381.55031454540205,1
899900,295.028471394173,0
900100,414.00663465881604,1
900200,348.713309216336,1
900200,331.73541160709124,0
900300,346.6235209972569,1
900400,324.15255185522705,1
900600,309.63357469322045,0
900700,391.19532127575724,1
900700,328.3734166788198,1
900800,406.3937346692398,1
900800,312.5318049515925,1
901000,374.76203034847083,0
901000,352.1811660295588,1
901000,310.7309932138288,1
901100,301.2275463497177,0
901200,331.0911667685876,1
901300,318.37853597231526,0
901400,363.642010474253,1
901400,368.74828026088846,1
901500,355.00937450752576,1
901500,368.8770290564853,0
901500,360.4009548344896,0
901500,394.11620451417645,0
901600,345.18598824245515,0
901600,322.3791011755009,1
901800,550.500685008377,1
901800,307.68938051450704,0
901900,372.04690441603344,0
902000,326.29313121263266,1
902000,331.5987977430344,1
902000,391.0424117940654,1
902100,367.8381839204516,1
902100,373.7389863596305,0
902100,393.2361738548215,0
902200,331.6384364735243,0
902200,404.3063973057823,0
902200,306.9634618496176,1
902300,336.7088226649523,0
902300,356.3783781583473,1
902400,376.29464739255263,1
902400,316.8600581884646,0
902600,328.4548928537991,1
902600,329.5746018450189,1
902800,435.51043085005654,0
902800,397.9343067234571,0
902800,320.0900470989908,1
902900,330.05467876820984,0
902900,441.95319887440917,1
903000,339.89051791905393,1
903200,384.9892169374653,1
903300,356.44468348986413,1
903300,339.4087683782082,0
903300,438.0703727408842,1
903400,358.83915047438245,1
903600,369.56880464381106,1
903700,374.65729174019566,1
903800,311.14295115210683,0
903800,316.6480769513552,1
904000,364.75947649176476,1
904100,334.8067607510385,1
904200,330.17316029008197,1
904400,386.37732740704615,0
904600,415.85323380183974,1
904700,319.9741501679186,1
904700,315.04422499362795,0
904800,424.17862407133174,0
904800,301.4866512942383,1
904800,411.9237918056158,1
905100,423.30840446712466,0
905200,423.80428861582254,1
905200,318.07873180359553,1
905200,405.3254972206336,0
905300,365.90571562629987,0
905300,384.7398786416351,0
905400,386.84904269240496,0
905400,312.9701962610489,1
905600,373.17084570850653,0
905700,355.0685318763566,0
905900,296.57027002046766,0
906000,315.46557485822,0
906100,335.50672788207936,1
906100,302.64075733826655,0
906200,405.6074117139455,0
906200,329.2147548297782,1
906300,314.84322849085265,1
906300,335.16776307384475,1
906400,396.71889972208015,1
906400,438.880182534142,1
906500,413.59984435925384,0
906600,406.1447349653719,1
906600,321.0558447941895,0
906600,386.2053441604932,1
906800,398.2083955965505,0
906900,322.69377861783346,0
907000,386.3423545553729,1
907200,312.65115736657833,1
907300,342.706415949581,1
907300,416.5002585037494,1
907300,410.4546654787067,1
907300,460.9851981474034,0
907400,450.63076187209117,1
907600,337.92138828528624,0
907700,400.2694433755249,1
907800,470.8027953659442,0
907900,346.8095741272415,1
907900,389.1983446867173,1
908100,362.479800418288,0
908100,347.0863703848893,1
908300,396.7111066329699,1
908300,476.57948359754914,1
908300,354.72304394961543,1
908300,329.7751038713061,0
908400,414.43652439810694,0
908500,349.74402254333665,0
908700,377.66506431401825,1
908700,357.40016667648734,0
908800,363.08779088254863,0
908800,330.0538985803411,1
908900,365.18364187963374,1
909200,406.45133105451947,0
909200,379.2407353925347,1
909200,369.96277501622467,0
909200,320.1898490435758,0
909300,417.3920131876676,0
909400,334.1868693870426,0
909400,427.524598882138,0
909400,380.77125159838886,1
909500,352.1447832979071,1
909600,374.1564387903037,0
909800,335.9622887094334,0
909800,386.9100168364068,1
909800,437.2494220418885,0
910000,413.07455448031385,1
910000,312.0295019711848,1
910000,389.11341044644183,1
910100,308.26163046848285,1
910100,392.759247703463,1
910100,409.52576579004165,0
910200,420.0967074402627,0
910200,400.4622541275711,1
910300,420.9091830379561,0
910400,376.81724241835644,0
910400,359.8603982864866,0
910500,411.07624393738274,1
910500,452.52863034935984,0
910500,419.397260279489,1
910700,319.8605052259936,1
910700,395.79477771742944,1
910900,377.0437377216492,1
910900,339.36593950644266,1
910900,407.3909116279816,0
911000,422.6889344675684,1
911000,407.87695423592464,0
911000,376.5649488689186,0
911100,430.5158976499461,1
911200,351.8726616396863,0
911200,288.99638477480755,0
911300,291.25192672150246,0
911300,411.00303443117537,1
911400,360.48233821756975,1
911500,375.7790511636851,1
911600,342.8785157768117,0
911600,351.11619006125125,0
911700,417.76043039434944,1
911700,338.6526134345846,1
911700,421.92662204126515,0
911800,319.83342677288914,0
911900,346.9933024024094,0
912100,322.9846929784662,0
912200,351.46934085464846,1
912200,369.1113150271908,1
912200,309.07524672890094,1
912300,325.48059763009417,1
912400,380.1137029253197,0
912500,363.0997876210746,1
912700,321.87159028140064,0
912800,319.5988278521261,1
912800,367.81370461021766,0
912900,297.5612493289542,0
912900,393.0832556878293,1
913000,371.9428121802404,1
913200,325.6002553412258,0
913300,327.6727846352052,0
913300,355.7891512181518,1
913300,314.4964624423263,0
913500,341.6010850265004,0
913600,353.4226637013968,1
913700,371.94635542279013,1
913700,358.98211208583115,1
913800,370.5470877998591,0
913800,324.74150003744364,0
913900,369.0202531593945,1
913900,317.59502764895655,1
914000,327.1594688369452,0
914100,362.0866993953027,1
914200,311.9036568487094,0
914700,442.0297521126458,1
914800,349.04811307387286,0
914800,333.9096803600335,0
914900,338.0443760687785,1
914900,375.6569199275956,0
915100,305.72255913049617,0
915100,386.13954383627737,0
915100,345.8634176247365,1
915100,288.0775319443367,0
915200,334.20724519236813,0
915300,326.4414056509398,1
915400,298.9680238491341,0
915400,292.1147650783399,0
915500,351.5844447363585,1
915600,420.9949664630917,1
915700,340.3484871172462,0
915700,464.08386851937325,0
915700,306.5610421827954,1
915700,399.0410605073228,0
915800,361.8095217642856,0
915900,298.63014342239177,1
916000,377.69956394074444,0
916200,388.3792688515826,1
916300,435.18564625212093,1
916300,415.3764421462533,1
916300,315.30139998033565,0
916300,339.51071484873034,1
916400,308.9744095105626,0
916400,395.2837174271525,0
916400,314.1146379552293,1
916400,307.9037490200609,1
916600,347.27824283930124,1
916600,385.66738433417703,1
916700,302.85630144270306,1
916700,372.0902312064454,1
916800,370.736079789182,0
916800,310.2208285689763,1
916800,374.19623393900747,1
916900,315.2996388912926,0
916900,337.76567259229785,0
917100,339.8044854764619,1
917100,323.3557592660423,1
917100,356.1548998890701,1
917100,365.1790041336446,0
917300,349.13344538615564,0
917300,308.7718712163878,1
917400,350.1933482925845,1
917400,313.08354612180483,1
917600,369.57226244433417,0
917600,353.2994166435341,1
917700,302.1787485631703,1
917800,347.5015436127383,1
917900,354.51089145648257,1
917900,325.36472083720463,1
918000,324.0976088057908,1
918000,322.54433796657503,1
918000,349.5626782312761,1
918100,352.8943860863408,1
918100,354.1375650545944,1
918100,453.71664954236206,0
918100,306.7462163437959,0
918200,312.53251892805196,1
918200,291.04135482791946,1
918300,346.6063124373632,1
918300,349.55416574791786,1
918400,321.2465404357116,0
918400,305.84963472684575,0
918600,378.47848510504883,1
918800,350.1229983071598,1
918900,298.934081094002,0
918900,331.8810159572368,1
918900,289.40836605580057,1
918900,421.73215987810215,1
919000,329.10571009529275,1
919000,363.14627594136266,0
919300,337.5367408915791,1
919400,374.05654425876503,1
919400,372.487681749533,0
919600,355.26537386735407,1
919600,305.0967682838348,1
919800,413.88568527196503,0
919900,368.5315438254403,1
920000,347.36777813355656,0
920100,352.6389552862591,1
920200,323.36834796044275,1
920300,341.55316950056283,1
920400,379.524145277015,1
920400,324.116870635368,1
920500,372.06721685905205,1
920500,320.6975023174062,0
920800,341.72101792353357,0
920900,362.4241613964914,1
921000,355.89928607611756,0
921200,360.8436857856479,1
921300,373.5484566524566,1
921400,409.1964555411567,0
921400,397.0098435282079,0
921500,299.64306190097665,1
921600,321.1559727310812,0
921600,344.5390613967089,1
921700,390.3809981895962,0
921700,377.27407175297793,0
921900,324.2578630306617,1
922000,349.0183632951446,0
922000,308.48429299892337,1
922000,299.62162422784434,1
922100,311.3973414671959,0
922100,315.32522672707705,1
922100,360.7341870806977,0
922300,352.1777999519769,1
922400,309.7699328686323,1
922500,380.2074515082378,1
922800,365.6286562833941,1
922800,396.04027276254516,0
923000,378.82730871173817,0
923000,394.68131680577346,0
923100,327.96372402400266,1
923300,359.1404060316245,1
923300,337.5418943260066,1
923400,409.57957730264496,1
923400,292.56265330106925,1
923600,335.4578710953672,1
923600,332.10343914593415,0
923700,356.33343796147597,1
923700,349.06347728091004,1
923700,399.0992500991073,1
923900,346.2297977958879,0
923900,306.37630343865646,1
924000,379.7181150736777,0
924000,411.032745733894,1
924100,375.70812721437716,1
924100,316.8034870238755,1
924300,496.1760298588905,0
924300,395.95854370096504,0
924400,344.9589020740749,1
924400,387.029310692832,1
924400,349.406105068845,0
924500,394.76644431017957,0
924500,386.4259579198256,1
924500,367.8893602717208,1
924500,362.4727514629719,0
924700,375.083791119042,1
924700,415.89871559779044,0
924800,377.27441393023275,0
924900,398.16415616235463,1
925000,337.40134971363557,1
925000,327.0883048127484,1
925000,436.1552943151414,0
925100,341.3295491086931,0
925100,337.32005245259495,0
925100,458.68203168328955,0
925100,366.81275944188974,1
925300,365.73465017909655,1
925300,355.4824788133103,0
925300,317.5824368182195,1
925300,314.08724436212077,1
925300,363.82348837251396,1
925400,367.3955189733356,1
925400,395.75373509515424,0
925500,337.3424454597169,1
925600,379.83522709143847,1
925600,378.8618689204821,0
925700,313.66597787834314,0
925700,333.14527884688863,1
925700,334.8902917894487,1
925800,374.2383827342885,1
925800,387.96610201538493,1
925800,444.288680045896,0
926100,535.2866627032159,0
926300,367.3358525986858,0
926400,286.27486483860207,1
926400,315.15730442012205,1
926500,375.78826392845303,0
926500,413.7596613321194,1
926700,362.7608691923976,0
926700,414.2064337498919,1
926900,338.08463470463073,1
926900,440.68458217921295,0
927000,329.3059698533237,0
927000,351.2040969129672,1
927100,400.21454360393665,0
927100,430.2685804545031,0
927200,370.0137764830024,0
927200,388.62426055450453,0
927200,329.05990292573614,1
927300,343.15713854461023,1
927400,389.0069625247853,0
927400,302.6592348668446,0
927500,349.4946797165202,1
927600,317.4568252509076,1
927700,295.8991098545326,0
927700,299.87396439499094,1
927900,412.12437510727415,1
928400,403.7734307027437,1
928400,372.9059140233217,1
928500,310.95817497595385,0
928600,335.1871014326683,1
928700,322.32126689795865,0
928800,363.8798416162244,1
928800,389.6796704449648,0
928900,339.05733891805295,1
929200,355.4805516990132,0
929300,319.7876391030485,1
929600,358.13476380957775,1
929700,345.3140983572977,0
929700,375.6675830738939,0
930000,411.9673042077952,0
930000,372.08039274400755,1
930200,400.1126861924152,1
930200,300.9175276886854,1
930300,441.58406780863,0
930300,441.8186292324905,0
930500,371.30060147108503,0
930500,325.4086543993812,1
930700,371.06375969133177,1
930700,321.259842687072,1
930700,431.41777476749735,1
930800,306.43952093034846,1
931000,495.29930406548533,1
931100,293.1347001478905,1
931100,370.2704933699686,0
931100,323.95352250536473,1
931300,392.9297744909828,1
931300,359.24233210046344,1
931300,336.1215110798913,0
931300,378.521527067086,1
931300,393.7583707271612,1
931400,394.9281155333558,1
931500,367.3256445874883,0
931500,408.6822385772332,0
931600,391.5659785711666,1
931600,356.84736141512565,1
931800,322.06843896288063,0
932000,450.97753503207304,0
932000,408.11644220408476,1
932000,347.63909849396447,0
932000,349.156263708809,1
932000,380.60263236672375,1
932200,355.8469416713531,0
932200,315.83112396067224,0
932300,346.8349174338405,1
932300,358.7641470312955,0
932400,399.9027506293669,0
932400,366.9434290939982,1
932500,365.03314049875286,1
932600,425.49517908028537,0
932700,373.39462416152605,1
932800,402.29429523362137,1
932800,425.3186486496957,0
933000,327.7006681297408,0
933100,517.463741953221,1
933100,439.3426773257619,0
933200,342.41733798929295,1
933200,437.7413363779117,0
933300,434.3200893102204,0
933300,345.37648699869055,1
933500,389.9553937787683,0
933500,315.4145025731517,0
933600,387.3346545919362,0
933600,412.2027086902618,1
933700,451.12836391592555,1
933700,401.9755049537658,1
933800,415.63384179651956,0
933900,352.6504443081687,0
933900,412.93096400013013,0
934000,431.4306066720552,1
934100,350.1191813377452,0
934100,343.13615749386787,1
934200,348.92492157205396,1
934200,385.1196540539088,0
934200,378.5973895877071,0
934200,427.0948824822364,0
934300,455.549823083143,1
934400,349.6485468589146,1
934500,377.08651704748996,0
934500,453.14149702938636,1
934700,385.86741134464023,1
934700,340.6693970037244,1
935000,382.91326727889856,1
935100,403.62816445923806,0
935100,356.27527206566214,1
935200,401.4550725212576,1
935200,474.210734143342,1
935500,330.6252972649024,1
935600,457.84899366436923,0
935600,315.35662117030694,0
935700,360.15903791581513,1
936000,357.7617467796079,0
936000,307.3541381482923,1
936100,435.4152467414591,0
936200,327.0628671056343,0
936200,434.0571188000965,0
936200,443.5233190998895,0
936400,371.8528044849899,0
936400,524.8497622960152,0
936500,394.2262489541298,1
936500,460.1662248702868,1
936500,429.21908946166616,1
936500,374.2248533916851,1
936700,304.5430310042207,1
936800,399.23430951378515,1
936900,421.4478368854948,0
937200,292.2423868863676,0
937300,281.35954298526457,1
937300,351.43121310645466,0
937500,353.04709363558305,1
937500,383.5697467935609,0
937600,365.3678164138732,1
937700,384.8128757627438,0
937900,379.0491852141886,0
937900,357.1686040651561,0
937900,311.0835810746066,1
937900,327.2776810958118,0
938000,325.9567501716676,1
938000,360.0664685744444,0
938300,347.50623453402704,1
938300,388.6825805506046,1
938400,345.3841538570509,1
938600,317.4010887884856,0
938600,410.03810132276993,1
938700,374.8357484379504,1
938800,398.22180658281167,1
938800,332.6534248650439,1
938900,582.1729075822828,0
938900,373.8465138027514,0
938900,551.4999094054284,1
938900,300.6329523500782,1
939000,344.6929980303162,0
939000,601.9483198085155,1
939200,376.4740658375688,1
939300,387.42800460830665,1
939300,358.5764635389725,0
939400,352.85465808628834,0
939400,352.2466206008763,1
939400,389.4515775651204,0
939600,346.1280402548993,1
939700,426.2125140889928,0
939900,445.68516733409746,0
939900,379.8651797724295,1
939900,352.4143330787801,0
940000,403.4581485011679,1
940200,384.3676093600613,0
940300,395.452998825151,1
940300,539.5945650203688,1
940400,337.67963383936734,0
940500,332.16838313204295,1
940500,364.00877702884543,1
940500,353.1507428392108,0
940600,494.69552570660204,0
940600,317.79493276453417,0
940700,321.9122671562213,0
940800,354.8500461503654,1
940800,346.9224346228429,0
940800,397.13776719855497,0
940800,374.3169649136832,0
941200,348.239302617955,0
941400,400.8047262795638,0
941400,347.4574276088299,0
941400,356.68829431772804,1
941600,383.6578558312699,1
941600,370.02270266666255,0
941600,370.42067623499673,0
941700,406.87662436111816,0
941700,418.4804568627467,0
941700,478.21377138289546,0
941700,441.3850110705341,1
941900,412.04660504071,1
942100,266.83741042314995,0
942100,360.49029645434786,1
942100,440.02618301415004,1
942200,319.84723447128846,0
942500,459.9015085392176,1
942500,352.5303841245798,1
942600,418.65019976525764,0
942800,375.6576439489339,0
943000,346.28816229490536,1
943000,320.85285246631724,0
943100,400.8934490738881,0
943200,365.15084422198765,0
943300,286.39929618443455,0
943300,339.72393445931095,0
943500,555.1263751370583,1
943600,367.8418621381633,1
943600,372.2396181189803,0
943600,449.34359676110046,0
943800,362.72784164381966,0
943800,359.8963903060486,1
943800,407.85679491191524,1
944000,376.7812614871378,1
944000,419.22016440557684,0
944100,326.09960740767144,1
944100,336.3292155365249,1
944500,402.9634457211282,0
944500,531.1578823223068,0
944600,324.69195549129,1
944700,313.3274926738426,1
944800,358.9312092183132,1
944800,528.1783357506607,0
944900,399.6500449605398,0
945000,485.1014237559583,0
945200,316.20664458751094,0
945200,444.4698340033921,1
945200,318.45241458806726,1
945300,366.4096241286924,0
945400,330.06367344411416,1
945400,530.396153007857,1
945500,409.95892508618823,0
945900,306.98285141103213,1
945900,345.78291864071224,1
945900,538.3201998351519,1
946000,358.84459993703825,0
946000,400.2850613797266,0
946100,478.9348993055164,0
946100,401.9551501090223,1
946100,284.7159027273174,0
946300,325.93938530007085,1
946500,310.3957340848735,0
946500,374.62358542685087,1
946600,480.8782678923692,1
946700,371.33628429658137,0
946800,315.5426653595442,1
946800,335.5613219689896,1
946800,229.11523145624793,1
946800,394.7628829440492,0
946900,239.65902176737447,0
946900,379.7198480548118,0
946900,518.8153520274278,0
946900,293.11492090051445,0
947000,303.723520442045,0
947000,378.3744850829492,0
947100,363.8282467035062,1
947100,311.67505715973834,1
947100,454.8630170567776,0
947100,317.6779517585018,0
947200,334.22458760268324,0
947300,390.44474442492526,1
947400,412.8769697292076,1
947400,388.4623051639031,0
947500,476.3095534039983,0
947600,494.3268472624685,1
947600,456.5554159237886,1
947700,351.93873079667225,0
947700,349.65102935004893,1
947800,302.9212742599177,1
947800,305.72906658630774,1
947900,278.66975907566035,1
947900,355.33671165500795,1
948000,295.1104299888262,0
948400,466.21567601618744,0
948400,503.3233906526665,1
948500,379.97837382532504,1
948500,331.105336221622,0
948600,327.418676187582,1
948600,644.4932892473012,0
948700,342.4986479514787,0
948700,376.4885443861959,1
948800,405.55579597661387,0
948800,256.4583700905973,0
949000,415.170621738093,1
949100,331.12122656238597,0
949300,383.1700289819136,1
949400,301.53125335661235,0
949400,267.689550662429,0
949400,334.40327102116635,1
949500,343.58371591707095,0
949600,367.53161482298367,1
949900,597.8276530960665,1
949900,295.7650406393379,1
950000,373.0076431590825,0
950300,339.44950604974133,0
950400,312.3405987837574,1
950400,414.3649126160627,1
950400,274.5039923537967,1
950500,582.6991567542686,1
950700,330.4138063703579,1
950700,365.50329266499307,0
950800,403.0925439488195,0
951000,354.65607050024164,1
951200,601.2739892626186,1
951300,393.16591355938016,1
951300,385.78159942259214,1
951300,371.0612823315095,1
951400,317.07946981273494,1
951400,323.50473268459956,1
951500,359.6870364668831,0
951600,396.76808931331004,1
951800,415.69711501927264,0
952300,348.4002234166543,0
952400,392.34177194765493,0
952400,395.2210437380329,0
952500,382.7790139407896,1
952500,420.90241304740215,1
952600,330.7516715642387,0
952800,411.80571317180403,0
952800,367.98123578404403,1
952900,333.4321882036653,1
952900,409.4341891017018,1
953000,430.52864132632016,1
953100,396.09623733933574,1
953100,391.86554960655684,0
953200,364.42576677651084,0
953300,422.60447343561725,1
953400,442.77455976660593,0
953500,352.01914265461227,1
953500,365.614357877463,0
953500,418.6831740175211,0
953600,410.3780899339914,1
953600,338.846127354958,1
953800,341.36671918172254,0
953800,371.7066929504225,1
953900,548.5733202383017,0
953900,344.77161758563363,0
953900,353.1106485896085,0
953900,339.6953858412352,0
953900,423.88557333927895,0
954000,347.84566936986494,1
954000,386.0407771913636,1
954100,393.0907104841993,1
954200,351.1742769847784,1
954200,367.6380079623857,1
954200,353.105366219741,1
954300,405.36697275846547,0
954400,432.6606968144967,1
954400,338.7007310084786,0
954500,418.58619645647804,1
954600,392.5950005942544,0
954700,336.5897579518423,1
954800,425.78405229448174,1
954800,350.2581693971964,0
954800,352.3114257631659,0
954800,390.95121579208046,0
954800,394.44778042259696,1
954800,472.5013513014495,1
954800,347.4208559122745,0
954800,377.6159300965249,0
954900,392.1858177900535,1
954900,290.08105281115485,1
955200,649.9561877786285,0
955400,425.2894948373519,1
955500,513.0489247992904,0
955500,372.89282847272136,1
955500,426.1000656008532,1
955500,338.0398617462298,0
955600,348.6068051287833,1
955600,392.8438500840551,0
955700,359.4757830130203,0
955900,379.72204686376733,0
956000,359.83038718977116,0
956000,437.93571424477847,0
956000,414.55410022118826,0
956100,408.62230961945016,0
956100,331.67227442994823,1
956200,370.1719768404322,0
956300,429.26539233472784,1
956500,392.06827688725184,1
956500,340.1346354160757,1
956600,332.4391588044067,0
956600,362.469710546153,1
956700,399.4891078621256,0
956800,351.72922618246633,0
956900,385.63127000038804,0
957200,323.7863924777951,0
957300,336.6257124521162,0
957600,333.69271687350766,1
957800,302.5088724304604,0
957900,471.13341528203057,0
958000,489.36778976410636,1
958100,400.6737838278432,0
958400,291.84823156633064,0
958400,388.28565143464016,1
958600,349.80400496931594,1
958600,405.28578118894063,0
958700,475.82717699172906,1
958700,364.28330407229237,0
958700,412.55923485075255,1
958800,367.37430744076124,1
959000,375.1785619833131,0
959100,414.65877661576735,0
959100,324.4290465060066,1
959200,340.746262168462,0
959200,394.6394686485235,0
959300,495.86259005244096,1
959500,318.0644994684722,1
959500,333.4990909869549,0
959500,346.9465770709522,0
959600,388.46168907763604,0
959600,406.8242421524218,1
959600,526.5682778813725,0
959700,481.74697371294826,0
959700,356.9595124781237,0
959800,562.9974169168298,0
959800,336.2009453576121,0
959900,380.19984363845356,1
960000,349.38613147505447,1
960100,324.475038427707,0
960100,349.1368009526068,0
960300,337.2603495478285,1
960500,339.2141996553255,0
960500,327.85731037970595,1
960600,367.4109817491073,0
960600,480.9226266476463,0
960700,355.37028262250755,0
960700,297.25200164258644,1
960700,337.12370286324307,1
960700,403.87307557454096,0
960800,333.841945148432,1
961000,375.0336657886219,1
961200,337.9956966501701,0
961200,490.5791261133362,0
961500,376.9259751343579,0
961500,328.0099446474558,0
961600,306.38858851341723,1
961600,330.4604891574206,0
961700,359.71401318945607,0
961700,382.98297614686254,1
961700,281.60894818201064,1
961700,304.7532441111201,0
961800,408.505647834948,1
962000,357.69922752556994,1
962000,382.8750087594204,0
962200,403.94968973722195,0
962200,360.9803231603043,0
962500,346.45846881204847,1
962500,342.31771336104816,1
962600,382.2173419734843,1
962600,376.2787619172815,1
962700,449.9554781060845,0
962700,420.0743187578242,0
962800,397.7019339563431,0
962900,434.4179408806182,1
962900,327.4349661490549,0
963000,345.2175801425861,1
963000,401.760347004874,0
963000,429.8254095759489,1
963000,372.16383903667463,1
963000,404.22592302373295,1
963100,350.602163407121,0
963200,401.03528272443765,0
963200,369.6972055378991,1
963200,412.1931597705661,1
963300,419.5461716758745,1
963400,367.87524801281216,1
963400,430.2216597568571,0
963400,452.7447040401429,0
963500,374.10944357829686,1
963500,368.9408811444236,0
963600,362.67138833653763,1
963700,440.6393998120308,0
963800,356.8728944005059,0
964100,359.8554235250041,0
964200,376.71788551523815,0
964300,406.0137355256673,1
964300,283.3296247764805,0
964300,375.3208803650927,0
964300,348.94025379190685,0
964400,417.66779439476824,1
964400,351.93917356773403,0
964500,324.25422884676277,1
964600,515.985987897959,0
964900,411.9211628655935,0
964900,302.97734473431314,0
964900,338.6567476176182,1
964900,341.18693289360135,0
965000,358.4405837698389,0
965100,359.78831095649855,1
965400,567.5867285277927,1
965400,313.19872551202286,0
965600,342.41610003126,0
965600,401.0421642173654,0
965700,337.08771975454,1
965800,300.9845415750236,0
966100,496.82302579745567,1
966200,316.34150274079633,0
966300,351.51727490682583,1
966300,311.7383660340143,0
966400,357.54366814148676,1
966600,406.9150675461489,0
966700,394.77826986993824,1
966800,556.919138616375,0
967000,372.53947879250074,1
967000,413.49415613730224,1
967300,348.558809420443,1
967300,409.4658833717289,1
967300,330.88145098810236,1
967300,368.864422039095,0
967300,360.5632996170249,0
967400,346.23190864287074,1
967500,387.8506042444735,1
967500,291.9816575231601,1
967800,405.7361359597466,0
967800,534.9404572005333,1
967900,410.8529295021608,0
967900,366.80655252311675,0
967900,418.8177106971983,0
967900,404.1998414442263,1
967900,409.0076120155704,0
967900,331.9260486382607,0
968000,339.32312951449364,1
968100,441.5171135555851,1
968200,316.5918673644129,0
968300,385.86482975422837,1
968300,405.0542298949737,1
968500,389.5361077582925,1
968700,370.3557755428227,0
968900,310.6911973161068,1
968900,398.97159442057733,1
968900,362.6533044046871,1
968900,365.42143268598267,1
969000,313.15248003115676,1
969000,411.0633252081335,1
969400,361.1153604072778,0
969500,385.6379767364285,1
969600,334.13514498981874,0
969600,440.59825223478293,0
969600,508.5241923397359,1
969700,359.31144059686585,0
969700,320.19321985976677,1
969700,328.464140470736,1
969900,410.7408583190421,0
969900,414.4244204613109,0
970000,335.696141554237,1
970000,501.07468945930356,1
970100,466.06706671879004,0
970100,386.7924557133985,0
970200,349.9972611986914,1
970300,368.4135806098276,0
970400,365.40122353684893,0
970400,430.72374141595196,1
970500,346.6185651761881,1
970600,335.57617661174675,0
970600,315.2707426960422,1
970600,424.66636499746073,1
970700,403.15957749365737,0
970900,376.1486405888954,0
970900,326.6716152919655,1
970900,375.3665828642586,0
970900,371.0090005424547,0
971000,403.3120516829248,1
971100,408.92606541735546,0
971200,374.70968442591135,1
971300,354.6518958554722,0
971300,372.52404817834395,0
971500,448.2971840603745,1
971500,351.16102747393495,1
971600,427.2128293084641,0
971700,358.2364190030926,1
971800,461.0337237873733,0
971800,307.99751673860226,0
971800,474.4226544342626,1
972000,368.9181943667293,1
972100,423.7716586689438,1
972100,382.6078943650574,0
972100,313.7807069557222,1
972100,380.9712894335218,0
972200,298.85987549086053,0
972300,457.0944255384975,1
972300,479.4145996893376,0
972400,339.4363869414019,0
972700,464.58381443930847,1
972900,287.69307385688523,0
973000,316.35656152583243,1
973000,466.32577913415577,1
973100,327.36434068926036,1
973200,329.3811789901224,1
973300,340.6469973755744,0
973300,507.23522938703417,1
973300,445.8541258329666,1
973300,345.2372756852299,0
973400,439.14740303533614,1
973400,418.62613767930077,1
973500,349.3918223338541,0
973500,289.53983329267555,0
973600,387.52221030730783,1
973700,271.5780879874722,1
973800,356.7182880153352,1
973800,341.929927060297,1
973900,443.967709512852,0
974000,442.5044605392047,1
974400,320.9614367155367,0
974500,412.3241867087215,1
974600,352.62645475040256,1
974600,355.23342254441275,1
974700,423.07156117427195,0
974800,361.53970051115436,0
974900,327.1609834561148,1
975000,350.28344208572923,0
975000,348.2628858144581,1
975100,375.700306124407,1
975100,305.43271816150747,0
975400,328.77610118568975,1
975400,301.4904403701966,0
975500,372.1582707622869,1
975900,514.9615036147483,1
976100,317.89101247330535,0
976100,353.42481757662773,1
976100,428.74786557069956,0
976200,290.844353440169,0
976200,409.00326147606836,0
976300,342.84228106157036,0
976400,419.93641907993515,0
976400,368.38404067368475,0
976500,327.9280322269697,0
976500,374.7647978828592,1
976500,415.42168340156684,1
976500,320.56096196227725,1
976700,391.9987829249568,1
976700,347.5989304461281,1
976700,326.236589932751,0
976800,405.7669608066368,0
976900,394.15269266738187,1
976900,322.2903934507849,0
976900,361.1314249580795,0
976900,314.4068110605291,0
977000,305.63701844568374,0
977200,444.5948835844173,0
977200,304.3449106481483,1
977200,443.49506129753615,0
977300,369.15370617596164,0
977300,350.13411533817697,1
977300,316.3336685182159,0
977400,348.81601653554765,1
977600,355.70249089465057,0
977600,329.18334767261973,1
977700,392.1311526759315,1
977800,441.03084405154385,0
977900,536.118972046026,1
978000,366.63799327382975,1
978200,423.65453536527156,0
978200,341.43195414246475,1
978400,384.238428366322,0
978400,356.6321025468877,1
978500,386.946495313303,0
978500,356.2713037529463,1
978700,352.97785811189465,0
978700,436.0687695104383,0
978800,541.6813786273485,1
978900,346.77017196576946,0
979000,334.5440956788907,1
979100,343.5792747124077,1
979100,358.66269009958415,0
979100,403.53745086396935,0
979200,406.5268586161614,0
979200,431.73285864721043,1
979300,438.3420297153034,0
979400,354.5541582851719,0
979400,380.84428990016056,1
979500,370.0029632372191,1
979800,357.42258779136347,0
979800,308.19865801318286,0
979900,333.25367619048035,1
980000,330.9006851168908,0
980000,437.9983171954902,1
980100,387.3923155386405,0
980100,409.09916015205977,1
980200,433.63758324155134,0
980300,328.45544775619646,1
980300,355.97066355586287,1
980400,374.84399540896555,1
980400,439.586258288095,1
980400,410.7594364840678,1
980500,319.28461713165564,0
980500,410.85282247282726,0
980700,367.9377849897416,0
980800,338.4217696553915,0
980800,365.516839417613,0
980800,272.52956318083477,1
980900,378.1089172247633,1
980900,377.57757378004317,0
981000,320.91987521438386,1
981000,291.3687200516825,1
981100,568.4003028572993,1
981100,361.18385812931604,0
981400,357.11482530185435,1
981400,417.9466585634943,0
981500,334.1696104611389,1
981500,401.1022915954198,1
981600,328.34200529892684,0
981800,394.9992037038186,1
981900,311.61796255057914,1
981900,486.9060078343285,1
981900,668.107873680555,0
982200,375.09436480066023,1
982400,445.7771818973625,1
982400,344.5012604006073,1
982500,449.785620602461,0
982700,358.9097336343399,0
982700,306.9772819186313,0
982800,293.2249765109896,1
983000,325.04127158370477,0
983000,331.80240388952956,1
983100,301.8380674443275,0
983300,352.4568531470256,1
983600,450.8296012862829,0
983600,324.2392123653877,1
983700,423.9713501438882,0
983700,343.60246433753895,1
983700,358.0193668630312,1
983700,295.7331799580548,1
983800,362.21285666965576,0
983900,355.3573599213855,0
983900,306.94833898034483,1
984000,442.6668229548734,1
984000,310.6349292970872,0
984100,376.70709443998334,1
984200,346.569870223106,1
984200,404.46582024654623,1
984300,386.65506195242136,0
984300,376.2945700327471,0
984400,341.5691035638865,0
984400,318.85404854767853,0
984500,370.13526531251966,0
984600,378.19764643295827,0
984800,271.14834798661263,0
985100,363.97658138046506,1
985200,407.6598590932673,1
985200,332.6159750260272,1
985300,400.19210929538866,0
985400,383.6391614407412,0
985400,351.1951047669817,1
985500,326.70136743235037,0
985700,396.1779009059364,0
985900,409.2862410228838,0
985900,336.39033474492794,0
986000,327.0919439875117,1
986000,318.5974037818101,1
986200,336.0586780740361,0
986200,353.2366161224797,1
986300,337.6562255362912,0
986500,580.9683183757094,1
986500,336.1607383631921,0
986600,402.2835779937006,1
986700,377.99583286592696,1
986800,382.69558168596575,1
986800,415.4606791133293,1
986900,346.90943227052816,0
986900,430.94950378348636,1
987000,437.4993110783031,1
987100,402.1934050951143,0
987100,518.554931790217,0
987200,354.6270013622213,1
987200,366.9572683386093,0
987200,394.8251536060094,1
987300,347.3993997552096,0
987300,348.8776421356223,0
987300,452.16941640255294,0
987600,379.6487857739371,0
987700,347.7153175473856,0
987700,364.8804474500015,1
987800,336.68165806958064,0
987800,488.7416252884293,1
987900,351.9948717783946,1
987900,383.22135342263397,1
987900,686.2145037103953,1
988000,360.25015827204584,0
988000,371.38425496380694,0
988000,347.37362070030247,1
988200,355.19538474695867,0
988200,570.2481758666371,0
988200,616.8243017007921,0
988300,365.74693096323847,1
988400,308.3284051280301,1
988500,358.2411402880915,0
988600,400.26588760056507,1
988600,373.123101552442,1
988600,408.5266727939324,1
988700,372.94953099900647,1
988900,442.31153031712347,1
988900,322.61803566511696,0
989000,424.77204317794997,0
989100,575.8554760863494,1
989200,329.1418333940281,0
989300,351.0755404597965,1
989400,374.51067289758845,1
989500,427.34778865971964,1
989600,435.6480192073213,0
989900,423.2968422341729,1
989900,411.09573234440785,1
989900,399.7912863326124,1
990100,286.4908383245604,0
990300,348.4257195532342,0
990400,466.42797601803073,0
990400,333.05914808332676,1
990500,394.9118687154595,1
990500,428.921116339377,0
990600,406.5597690744372,1
990800,297.9307177548926,1
990800,387.2993569436696,0
990900,367.49102837170443,1
991000,348.3385756130965,0
991100,306.6202533935128,0
991100,339.40596384042647,0
991200,289.982252827653,0
991300,375.67647507084666,1
991400,327.6443373084492,0
991400,361.39115594240667,0
991500,365.4375242500514,1
991500,344.1621074545006,1
991600,302.5941963028023,0
991600,363.65433117743873,0
991600,437.0999128312019,1
991800,431.6903878100948,1
991900,312.5949792008531,0
992000,285.83378389972523,0
992100,317.6188435359884,0
992100,324.5682787625657,1
992100,401.6104946840073,1
992100,321.3329051747762,1
992200,416.7893350750677,1
992600,377.5326458637898,1
992700,439.98106540320623,1
992700,320.7929119611948,1
992700,269.8175039721104,0
992700,424.5684687184049,0
992800,341.42571109088504,1
992800,361.292009241664,1
992900,292.05589720075346,0
992900,289.1861377130521,1
992900,424.1906358302216,1
992900,576.1040693746565,0
992900,536.0932622899752,1
993000,299.87028564721146,0
993100,343.65757721452286,0
993200,345.5302003534783,0
993400,297.5850437330784,0
993500,326.5747728983794,0
993600,322.6779427174221,0
993700,342.1182051775459,1
993700,354.0296080548891,1
993800,461.83080276957395,0
993800,481.22593435782824,1
994000,320.3541108513938,0
994000,277.3381229414868,1
994100,335.43413540431527,1
994200,503.55685194101,1
994200,336.98917858351,1
994300,510.38618589040857,1
994400,315.299887977988,0
994500,314.48551884855897,1
994600,313.0822084719255,1
994600,332.76015026182836,1
994600,283.05234911971496,0
994600,297.75529614783505,0
994600,379.56242712771353,0
994700,358.2627735093581,0
994700,298.7464986853451,0
994700,311.2770833501898,0
994800,335.314301694296,0
994800,373.7945004012019,1
994800,293.06083841041436,1
994800,290.6285429670238,0
994800,349.95754762473564,1
995000,316.36832631034673,0
995100,404.7506157728992,1
995100,402.9924159652529,1
995300,395.60611098763474,1
995300,309.14561207266337,1
995300,367.60064683320076,1
995500,313.5785217369703,0
995500,361.18220148355783,0
995600,554.4388731604204,0
995600,307.1252386926299,0
995600,368.9953595313359,0
995800,322.54266975745037,1
996000,348.4819801909875,0
996000,416.17742260312457,0
996000,382.4570526835499,1
996200,364.49944589581094,0
996200,402.54000994387667,0
996300,576.9947219588042,1
996600,360.42835450686584,1
996700,313.1969559446651,0
997000,349.1565271899424,1
997000,350.02394581505496,0
997200,289.9644181971762,1
997300,326.30747665372957,1
997300,402.29439379604264,1
997400,375.9622254950744,1
997400,346.8747173077652,1
997400,358.7145672574283,0
997400,346.55786457849155,0
997900,355.25184903693895,0
997900,350.53307242557196,1
998000,300.2920908144332,0
998000,414.20730967828524,1
998100,333.7946338705083,1
998100,318.7855013214505,1
998200,347.55312777435626,0
998400,311.52171564614815,1
998500,345.04059435593143,1
998800,321.1180815543034,0
999000,394.6743361551553,0
999100,456.2827339789297,0
999200,401.0248144923608,1
999300,437.9954811552301,0
999400,397.01648565122633,0
999400,338.31532624138873,0
999400,397.94729822923205,0
999600,431.15806074452576,1
999600,396.6023734666429,0
999700,401.1175562233792,0
999800,313.5213547624107,0
999800,351.8891951443202,1
