step,episode_return
200,2.0
200,2.0
200,2.0
200,2.0
200,2.0
200,2.0
200,2.0
200,2.0
200,2.0
200,2.0
200,2.0
200,2.0
200,2.0
200,2.0
200,2.0
200,2.0
300,3.0
300,3.0
300,3.0
300,3.0
300,3.0
300,3.0
300,3.0
300,3.0
300,3.0
300,3.0
300,3.0
300,3.0
300,3.0
300,3.0
300,3.0
300,3.0
300,3.0
300,3.0
300,3.0
300,3.0
400,4.0
400,4.0
400,4.0
400,4.0
400,4.0
400,4.0
400,4.0
400,4.0
400,4.0
400,4.0
400,4.0
400,4.0
400,4.0
400,4.0
400,4.0
400,4.0
400,4.0
500,5.0
500,5.0
500,5.0
500,5.0
500,5.0
500,5.0
500,5.0
500,5.0
500,5.0
500,5.0
500,5.0
600,2.0
600,6.0
600,6.0
600,6.0
600,6.0
600,6.0
600,2.0
600,2.0
600,2.0
600,6.0
600,6.0
700,3.0
700,7.0
700,2.0
700,7.0
700,3.0
700,7.0
700,7.0
700,3.0
700,7.0
700,3.0
700,7.0
700,2.0
800,8.0
800,3.0
800,3.0
800,3.0
800,3.0
800,2.0
800,2.0
800,3.0
800,4.0
800,8.0
800,8.0
800,4.0
800,8.0
800,3.0
800,8.0
800,2.0
800,8.0
800,4.0
800,2.0
900,9.0
900,3.0
900,3.0
900,9.0
900,2.0
900,2.0
900,4.0
900,9.0
900,4.0
900,3.0
900,4.0
900,4.0
900,3.0
900,4.0
900,9.0
1000,2.0
1000,3.0
1000,3.0
1000,10.0
1000,2.0
1000,4.0
1000,10.0
1000,6.0
1000,4.0
1000,2.0
1000,2.0
1000,6.0
1000,3.0
1000,4.0
1000,3.0
1000,10.0
1000,10.0
1100,2.0
1100,2.0
1100,5.0
1100,2.0
1100,5.0
1100,3.0
1100,11.0
1100,3.0
1100,11.0
1100,11.0
1100,11.0
1100,5.0
1200,2.0
1200,2.0
1200,3.0
1200,2.0
1200,2.0
1200,2.0
1200,3.0
1200,3.0
1200,3.0
1200,2.0
1200,2.0
1200,12.0
1200,5.0
1200,2.0
1200,5.0
1200,3.0
1200,6.0
1200,12.0
1200,2.0
1200,4.0
1200,4.0
1200,6.0
1300,8.0
1300,6.0
1300,3.0
1300,3.0
1300,13.0
1300,4.0
1300,2.0
1300,2.0
1300,3.0
1300,6.0
1400,4.0
1400,2.0
1400,2.0
1400,4.0
1400,8.0
1400,2.0
1400,3.0
1400,2.0
1400,2.0
1400,2.0
1400,6.0
1400,3.0
1400,14.0
1500,6.0
1500,5.0
1500,4.0
1500,5.0
1500,8.0
1500,6.0
1500,10.0
1500,7.0
1500,4.0
1500,3.0
1600,6.0
1600,4.0
1600,2.0
1600,3.0
1600,3.0
1600,5.0
1600,3.0
1600,4.0
1600,3.0
1600,2.0
1600,12.0
1600,8.0
1600,2.0
1600,3.0
1600,11.0
1600,2.0
1600,2.0
1700,3.0
1700,3.0
1700,12.0
1700,7.0
1700,6.0
1700,4.0
1700,5.0
1700,6.0
1700,2.0
1700,3.0
1700,5.0
1700,2.0
1700,4.0
1700,7.0
1700,3.0
1700,4.0
1800,4.0
1800,4.0
1800,6.0
1800,3.0
1800,2.0
1800,5.0
1800,3.0
1800,2.0
1800,3.0
1800,6.0
1900,6.0
1900,8.0
1900,2.0
1900,4.0
1900,3.0
1900,2.0
1900,5.0
1900,2.0
1900,3.0
1900,4.0
1900,8.0
1900,14.0
2000,2.0
2000,7.0
2000,16.0
2000,9.0
2000,11.0
2000,8.0
2000,3.0
2000,8.0
2000,4.0
2000,4.0
2000,6.0
2000,15.0
2000,4.0
2000,4.0
2000,5.0
2000,7.0
2100,10.0
2100,2.0
2100,2.0
2100,3.0
2100,5.0
2100,3.0
2100,4.0
2100,2.0
2100,3.0
2100,16.0
2100,4.0
2100,7.0
2100,21.0
2100,7.0
2100,10.0
2100,4.0
2100,2.0
2200,2.0
2200,8.0
2200,4.0
2200,7.0
2200,5.0
2200,4.0
2200,2.0
2200,3.0
2200,3.0
2200,4.0
2200,4.0
2200,3.0
2200,3.0
2200,4.0
2200,3.0
2300,3.0
2300,3.0
2300,2.0
2300,3.0
2300,2.0
2300,7.0
2300,4.0
2300,4.0
2300,4.0
2300,9.0
2300,5.0
2300,6.0
2300,4.0
2300,5.0
2300,4.0
2300,3.0
2300,5.0
2300,3.0
2300,2.0
2400,2.0
2400,1.0
2400,5.0
2400,4.0
2400,5.0
2400,3.0
2400,6.0
2400,6.0
2400,2.0
2400,8.0
2400,3.0
2400,2.0
2400,8.0
2400,2.0
2400,10.0
2500,2.0
2500,2.0
2500,10.0
2500,2.0
2500,3.0
2500,2.0
2500,4.0
2500,2.0
2500,2.0
2500,7.0
2500,8.0
2500,3.0
2600,8.0
2600,10.0
2600,4.0
2600,15.0
2600,4.0
2600,12.0
2600,4.0
2600,2.0
2600,4.0
2600,12.0
2700,2.0
2700,2.0
2700,2.0
2700,2.0
2700,2.0
2700,3.0
2700,3.0
2700,3.0
2700,4.0
2700,4.0
2700,4.0
2800,4.0
2800,2.0
2800,3.0
2800,6.0
2800,3.0
2800,7.0
2800,3.0
2800,3.0
2800,3.0
2800,14.0
2800,6.0
2800,16.0
2800,16.0
2800,6.0
2800,4.0
2800,8.0
2800,2.0
2900,8.0
2900,2.0
2900,2.0
2900,2.0
2900,2.0
2900,6.0
2900,6.0
2900,15.0
2900,5.0
2900,9.0
2900,4.0
2900,2.0
2900,3.0
2900,3.0
2900,3.0
2900,8.0
2900,6.0
2900,8.0
3000,2.0
3000,6.0
3000,3.0
3000,5.0
3000,4.0
3000,4.0
3000,9.0
3000,2.0
3000,5.0
3000,4.0
3000,5.0
3000,4.0
3000,5.0
3100,6.0
3100,7.0
3100,27.0
3100,7.0
3100,6.0
3100,5.0
3100,9.0
3100,5.0
3100,8.0
3100,4.0
3100,2.0
3100,3.0
3200,4.0
3200,6.0
3200,5.0
3200,11.0
3200,6.0
3200,4.0
3200,10.0
3200,3.0
3200,9.0
3200,9.0
3200,2.0
3200,3.0
3200,2.0
3200,8.0
3300,6.0
3300,9.0
3300,4.0
3300,4.0
3300,2.0
3300,5.0
3300,3.0
3300,6.0
3300,3.0
3300,3.0
3300,3.0
3300,9.0
3300,5.0
3300,2.0
3300,3.0
3400,8.0
3400,3.0
3400,3.0
3400,2.0
3400,7.0
3400,5.0
3400,2.0
3400,2.0
3400,11.0
3400,3.0
3400,3.0
3400,2.0
3400,3.0
3400,3.0
3400,5.0
3400,3.0
3400,8.0
3400,4.0
3400,5.0
3400,2.0
3400,6.0
3400,2.0
3500,2.0
3500,11.0
3500,7.0
3500,4.0
3500,4.0
3500,2.0
3500,5.0
3500,10.0
3500,6.0
3500,2.0
3500,5.0
3500,4.0
3500,2.0
3500,4.0
3500,8.0
3500,6.0
3500,7.0
3600,5.0
3600,2.0
3600,2.0
3600,4.0
3600,3.0
3600,6.0
3600,5.0
3600,3.0
3600,4.0
3600,2.0
3600,12.0
3600,5.0
3700,7.0
3700,2.0
3700,2.0
3700,3.0
3700,2.0
3700,5.0
3700,7.0
3700,7.0
3700,3.0
3700,2.0
3700,2.0
3700,7.0
3800,3.0
3800,3.0
3800,2.0
3800,2.0
3800,2.0
3800,3.0
3800,5.0
3800,3.0
3800,2.0
3800,3.0
3800,8.0
3800,4.0
3800,5.0
3900,3.0
3900,2.0
3900,3.0
3900,4.0
3900,6.0
3900,3.0
3900,2.0
3900,7.0
3900,7.0
3900,7.0
3900,5.0
3900,2.0
4000,4.0
4000,18.0
4000,6.0
4000,22.0
4000,2.0
4000,3.0
4000,4.0
4000,11.0
4000,3.0
4000,5.0
4000,3.0
4000,3.0
4100,4.0
4100,3.0
4100,5.0
4100,2.0
4100,5.0
4100,7.0
4100,5.0
4100,2.0
4100,6.0
4100,7.0
4100,3.0
4100,2.0
4100,4.0
4200,4.0
4200,6.0
4200,6.0
4200,6.0
4200,3.0
4200,2.0
4200,4.0
4200,6.0
4200,3.0
4200,5.0
4200,7.0
4200,2.0
4200,2.0
4300,9.0
4300,7.0
4300,2.0
4300,5.0
4300,7.0
4300,3.0
4300,6.0
4300,2.0
4300,10.0
4400,12.0
4400,2.0
4400,3.0
4400,2.0
4400,8.0
4400,6.0
4400,4.0
4400,5.0
4400,3.0
4400,5.0
4400,10.0
4400,6.0
4400,4.0
4400,2.0
4400,2.0
4400,10.0
4400,6.0
4400,3.0
4400,3.0
4400,13.0
4500,5.0
4500,3.0
4500,8.0
4500,2.0
4500,8.0
4500,2.0
4500,5.0
4500,3.0
4500,9.0
4500,12.0
4500,5.0
4500,2.0
4500,2.0
4500,9.0
4600,5.0
4600,4.0
4600,2.0
4600,7.0
4600,2.0
4600,2.0
4600,4.0
4600,7.0
4600,7.0
4600,3.0
4600,2.0
4600,3.0
4600,9.0
4600,3.0
4700,3.0
4700,2.0
4700,22.0
4700,6.0
4700,5.0
4700,3.0
4700,3.0
4700,6.0
4700,8.0
4700,2.0
4700,9.0
4700,4.0
4800,2.0
4800,3.0
4800,18.0
4800,3.0
4800,2.0
4800,15.0
4800,2.0
4800,4.0
4800,2.0
4800,5.0
4800,2.0
4800,2.0
4800,11.0
4800,6.0
4800,3.0
4800,2.0
4900,3.0
4900,6.0
4900,3.0
4900,10.0
4900,9.0
4900,5.0
4900,9.0
4900,12.0
4900,3.0
4900,11.0
4900,3.0
4900,12.0
4900,7.0
4900,4.0
4900,2.0
4900,18.0
5000,6.0
5000,3.0
5000,6.0
5000,3.0
5000,14.0
5000,3.0
5000,7.0
5000,2.0
5000,9.0
5000,3.0
5000,9.0
5000,2.0
5100,5.0
5100,17.0
5100,4.0
5100,2.0
5100,3.0
5100,7.0
5100,3.0
5100,2.0
5100,3.0
5100,3.0
5100,6.0
5100,4.0
5100,4.0
5200,7.0
5200,3.0
5200,3.0
5200,9.0
5200,5.0
5200,4.0
5200,6.0
5200,6.0
5200,5.0
5200,3.0
5300,7.0
5300,18.0
5300,5.0
5300,7.0
5300,5.0
5300,4.0
5400,13.0
5400,16.0
5500,9.0
5500,6.0
5500,6.0
5500,13.0
5500,6.0
5500,7.0
5600,8.0
5600,16.0
5700,6.0
5700,10.0
5700,7.0
5700,7.0
5800,8.0
5800,14.0
5800,8.0
5800,7.0
5800,8.0
5800,8.0
5800,7.0
5900,19.0
5900,7.0
5900,7.0
5900,9.0
5900,9.0
5900,9.0
5900,11.0
5900,8.0
6000,11.0
6000,9.0
6000,10.0
6000,8.0
6000,8.0
6000,9.0
6000,10.0
6000,8.0
6000,10.0
6000,10.0
6100,11.0
6100,8.0
6100,9.0
6100,10.0
6100,10.0
6100,8.0
6100,9.0
6100,10.0
6200,9.0
6200,12.0
6200,7.0
6200,10.0
6200,10.0
6200,11.0
6200,8.0
6200,9.0
6200,9.0
6200,9.0
6200,12.0
6200,11.0
6200,13.0
6200,11.0
6200,9.0
6200,10.0
6200,8.0
6200,7.0
6200,8.0
6200,11.0
6200,9.0
6200,11.0
6300,15.0
6300,9.0
6300,10.0
6300,9.0
6300,11.0
6300,10.0
6300,17.0
6300,9.0
6300,9.0
6300,15.0
6300,9.0
6300,12.0
6400,21.0
6400,7.0
6400,13.0
6400,9.0
6400,9.0
6400,11.0
6400,11.0
6400,10.0
6500,13.0
6500,8.0
6500,11.0
6500,9.0
6500,8.0
6600,9.0
6600,13.0
6700,9.0
6700,20.0
6700,11.0
6700,9.0
6800,9.0
6800,8.0
6800,13.0
6800,8.0
6800,9.0
6800,13.0
6800,21.0
6900,24.0
6900,7.0
6900,9.0
6900,8.0
6900,9.0
6900,12.0
6900,12.0
6900,10.0
7000,9.0
7000,9.0
7000,8.0
7000,9.0
7000,21.0
7000,10.0
7000,10.0
7000,11.0
7000,9.0
7000,8.0
7000,8.0
7100,8.0
7100,9.0
7100,10.0
7100,10.0
7100,7.0
7100,8.0
7100,9.0
7100,11.0
7200,11.0
7200,10.0
7200,10.0
7200,8.0
7200,7.0
7200,8.0
7200,9.0
7200,8.0
7200,8.0
7200,10.0
7200,25.0
7300,9.0
7300,11.0
7300,9.0
7300,10.0
7300,9.0
7300,10.0
7300,9.0
7300,9.0
7400,10.0
7400,9.0
7400,10.0
7400,10.0
7400,8.0
7400,10.0
7400,8.0
7400,10.0
7500,8.0
7500,11.0
7500,11.0
7500,12.0
7500,11.0
7500,11.0
7500,11.0
7500,10.0
7500,10.0
7500,9.0
7500,10.0
7500,11.0
7500,10.0
7500,10.0
7500,9.0
7500,12.0
7500,8.0
7500,8.0
7500,8.0
7600,11.0
7600,11.0
7600,11.0
7600,11.0
7600,12.0
7600,13.0
7600,10.0
7700,8.0
7700,12.0
7700,11.0
7700,9.0
7700,7.0
7700,8.0
7700,11.0
7800,10.0
7800,8.0
7800,7.0
7800,9.0
7800,8.0
7900,13.0
7900,10.0
7900,9.0
7900,12.0
7900,8.0
7900,9.0
8000,9.0
8000,34.0
8000,8.0
8000,8.0
8000,8.0
8000,9.0
8000,10.0
8000,8.0
8100,9.0
8100,6.0
8100,10.0
8100,9.0
8100,8.0
8100,9.0
8100,10.0
8200,8.0
8200,11.0
8200,10.0
8200,8.0
8200,9.0
8200,9.0
8200,10.0
8200,10.0
8200,8.0
8200,9.0
8300,10.0
8300,37.0
8300,10.0
8300,11.0
8300,12.0
8300,8.0
8300,9.0
8300,13.0
8400,9.0
8400,11.0
8400,10.0
8400,10.0
8400,8.0
8400,10.0
8400,10.0
8400,10.0
8400,11.0
8500,8.0
8500,11.0
8500,8.0
8500,10.0
8500,9.0
8500,11.0
8500,10.0
8600,11.0
8600,9.0
8600,10.0
8600,11.0
8600,10.0
8600,10.0
8600,10.0
8600,9.0
8600,9.0
8600,8.0
8600,9.0
8600,9.0
8600,10.0
8600,9.0
8700,10.0
8700,10.0
8700,10.0
8700,10.0
8700,9.0
8700,8.0
8700,10.0
8800,9.0
8800,10.0
8800,10.0
8800,11.0
8800,11.0
8800,10.0
8800,11.0
8800,8.0
8800,11.0
8800,11.0
8800,9.0
8900,9.0
8900,10.0
8900,9.0
8900,8.0
8900,10.0
9000,10.0
9000,9.0
9000,11.0
9000,9.0
9000,12.0
9000,15.0
9000,8.0
9000,7.0
9100,9.0
9100,7.0
9100,9.0
9100,9.0
9100,10.0
9100,8.0
9100,15.0
9200,15.0
9200,8.0
9200,14.0
9200,10.0
9200,9.0
9200,9.0
9200,9.0
9200,8.0
9200,12.0
9300,12.0
9300,8.0
9300,12.0
9300,9.0
9300,11.0
9300,10.0
9300,8.0
9300,9.0
9400,8.0
9400,9.0
9400,15.0
9400,12.0
9400,8.0
9400,9.0
9400,8.0
9400,8.0
9400,11.0
9400,12.0
9500,10.0
9500,8.0
9500,8.0
9500,10.0
9500,11.0
9500,7.0
9500,10.0
9600,8.0
9600,8.0
9600,12.0
9600,8.0
9600,9.0
9600,11.0
9600,10.0
9600,12.0
9600,12.0
9600,8.0
9600,8.0
9700,10.0
9700,8.0
9700,9.0
9700,7.0
9700,7.0
9700,11.0
9700,11.0
9700,9.0
9700,11.0
9700,10.0
9700,10.0
9800,8.0
9800,8.0
9800,9.0
9800,10.0
9800,14.0
9800,10.0
9800,10.0
9900,9.0
9900,7.0
9900,8.0
9900,11.0
9900,10.0
9900,9.0
9900,13.0
10000,13.0
10000,7.0
10000,11.0
10000,8.0
10000,8.0
10000,10.0
10000,10.0
10000,7.0
10000,11.0
10000,9.0
10000,9.0
10000,11.0
10100,8.0
10100,10.0
10100,7.0
10100,12.0
10100,13.0
10100,10.0
10100,7.0
10100,13.0
10100,11.0
10100,11.0
10100,7.0
10100,11.0
10100,9.0
10100,8.0
10200,10.0
10200,4.0
10200,6.0
10200,10.0
10200,4.0
10200,9.0
10200,8.0
10200,6.0
10200,5.0
10200,10.0
10200,7.0
10200,7.0
10200,6.0
10200,8.0
10200,3.0
10200,7.0
10200,8.0
10200,7.0
10200,6.0
10200,2.0
10200,6.0
10200,3.0
10200,9.0
10200,6.0
10200,7.0
10200,8.0
10200,4.0
10200,6.0
10200,5.0
10200,8.0
10200,6.0
10200,10.0
10200,5.0
10200,9.0
10200,8.0
10200,6.0
10200,2.0
10200,4.0
10200,7.0
10300,4.0
10300,5.0
10300,6.0
10300,2.0
10300,5.0
10300,4.0
10300,3.0
10300,5.0
10300,7.0
10300,5.0
10300,2.0
10300,4.0
10300,2.0
10300,2.0
10300,6.0
10300,6.0
10300,5.0
10300,3.0
10300,3.0
10300,4.0
10300,6.0
10300,4.0
10300,5.0
10300,2.0
10300,4.0
10300,3.0
10300,5.0
10300,2.0
10300,3.0
10300,4.0
10300,8.0
10300,2.0
10300,8.0
10300,4.0
10300,4.0
10400,2.0
10400,2.0
10400,2.0
10400,2.0
10400,2.0
10400,2.0
10400,2.0
10400,1.0
10400,2.0
10400,2.0
10400,1.0
10400,2.0
10400,2.0
10400,2.0
10500,2.0
10500,2.0
10500,2.0
10500,2.0
10500,2.0
10500,2.0
10500,2.0
10500,2.0
10500,2.0
10500,2.0
10500,2.0
10500,1.0
10500,2.0
10600,2.0
10600,2.0
10600,2.0
10600,2.0
10600,2.0
10600,2.0
10600,2.0
10600,2.0
10600,2.0
10600,1.0
10600,2.0
10600,2.0
10600,2.0
10600,2.0
10600,2.0
10600,2.0
10600,2.0
10600,2.0
10600,2.0
10600,2.0
10600,1.0
10600,2.0
10600,2.0
10600,2.0
10600,2.0
10600,2.0
10600,2.0
10600,2.0
10600,2.0
10600,2.0
10600,2.0
10600,2.0
10600,2.0
10600,2.0
10600,2.0
10600,2.0
10600,2.0
10600,2.0
10600,2.0
10600,2.0
10700,2.0
10700,2.0
10700,2.0
10700,2.0
10700,2.0
10700,2.0
10700,2.0
10700,2.0
10700,2.0
10700,2.0
10700,2.0
10700,2.0
10700,2.0
10700,2.0
10700,2.0
10700,2.0
10700,2.0
10700,2.0
10700,2.0
10700,2.0
10700,2.0
10700,2.0
10700,2.0
10700,2.0
10700,2.0
10700,2.0
10700,2.0
10700,2.0
10700,2.0
10700,2.0
10700,2.0
10700,2.0
10700,2.0
10800,2.0
10800,2.0
10800,2.0
10800,2.0
10800,2.0
10800,2.0
10800,2.0
10800,2.0
10800,2.0
10800,2.0
10800,2.0
10800,2.0
10800,2.0
10800,2.0
10900,2.0
10900,2.0
10900,2.0
10900,2.0
10900,1.0
10900,2.0
10900,2.0
10900,2.0
10900,2.0
10900,2.0
10900,2.0
10900,2.0
10900,1.0
10900,2.0
10900,2.0
11000,2.0
11000,2.0
11000,2.0
11000,2.0
11000,2.0
11000,2.0
11000,2.0
11000,2.0
11000,2.0
11000,2.0
11000,2.0
11000,2.0
11000,2.0
11000,2.0
11000,2.0
11000,2.0
11000,2.0
11000,2.0
11000,2.0
11000,2.0
11000,2.0
11000,2.0
11000,2.0
11000,2.0
11000,2.0
11000,2.0
11000,2.0
11000,2.0
11000,2.0
11000,2.0
11000,2.0
11000,2.0
11000,2.0
11000,2.0
11000,2.0
11000,2.0
11000,2.0
11000,2.0
11100,2.0
11100,2.0
11100,2.0
11100,2.0
11100,2.0
11100,2.0
11100,2.0
11100,2.0
11100,2.0
11100,2.0
11100,2.0
11100,2.0
11100,2.0
11100,2.0
11100,2.0
11100,2.0
11100,2.0
11100,2.0
11100,2.0
11100,2.0
11100,2.0
11100,2.0
11100,2.0
11100,2.0
11100,2.0
11100,2.0
11100,2.0
11100,2.0
11100,2.0
11100,2.0
11100,2.0
11100,2.0
11100,2.0
11200,2.0
11200,2.0
11200,2.0
11200,2.0
11200,2.0
11200,2.0
11200,2.0
11200,2.0
11200,2.0
11200,2.0
11200,2.0
11200,2.0
11200,2.0
11200,2.0
11300,2.0
11300,2.0
11300,2.0
11300,2.0
11300,2.0
11300,2.0
11300,2.0
11300,2.0
11300,2.0
11300,2.0
11300,2.0
11300,2.0
11300,2.0
11300,2.0
11300,2.0
11400,2.0
11400,2.0
11400,2.0
11400,2.0
11400,2.0
11400,2.0
11400,2.0
11400,2.0
11400,2.0
11400,2.0
11400,1.0
11400,2.0
11400,2.0
11400,2.0
11400,2.0
11400,2.0
11400,2.0
11400,2.0
11400,1.0
11400,2.0
11400,2.0
11400,2.0
11400,2.0
11400,2.0
11400,2.0
11400,2.0
11400,2.0
11400,2.0
11400,2.0
11400,2.0
11400,2.0
11400,2.0
11400,2.0
11400,2.0
11400,2.0
11400,2.0
11400,2.0
11400,2.0
11400,2.0
11400,2.0
11500,2.0
11500,2.0
11500,2.0
11500,2.0
11500,2.0
11500,2.0
11500,2.0
11500,2.0
11500,2.0
11500,2.0
11500,2.0
11500,2.0
11500,2.0
11500,2.0
11500,2.0
11500,2.0
11500,2.0
11500,2.0
11500,2.0
11500,2.0
11500,2.0
11500,2.0
11500,2.0
11500,2.0
11500,2.0
11500,2.0
11500,2.0
11500,2.0
11500,2.0
11500,2.0
11500,2.0
11600,2.0
11600,2.0
11600,2.0
11600,2.0
11600,2.0
11600,2.0
11600,2.0
11600,2.0
11600,2.0
11600,2.0
11600,1.0
11600,2.0
11600,2.0
11600,2.0
11600,2.0
11700,2.0
11700,2.0
11700,2.0
11700,2.0
11700,2.0
11700,2.0
11700,2.0
11700,2.0
11700,2.0
11700,2.0
11700,2.0
11700,2.0
11700,1.0
11700,2.0
11700,1.0
11700,2.0
11800,2.0
11800,2.0
11800,2.0
11800,2.0
11800,2.0
11800,2.0
11800,2.0
11800,2.0
11800,2.0
11800,2.0
11800,2.0
11800,2.0
11800,2.0
11800,2.0
11800,2.0
11800,2.0
11800,2.0
11800,2.0
11800,2.0
11800,2.0
11800,2.0
11800,2.0
11800,2.0
11800,2.0
11800,2.0
11800,2.0
11800,2.0
11800,2.0
11800,2.0
11800,2.0
11800,2.0
11800,2.0
11800,2.0
11800,2.0
11800,2.0
11800,2.0
11800,2.0
11800,2.0
11900,2.0
11900,2.0
11900,2.0
11900,2.0
11900,2.0
11900,2.0
11900,2.0
11900,2.0
11900,2.0
11900,2.0
11900,2.0
11900,2.0
11900,2.0
11900,2.0
11900,2.0
11900,2.0
11900,2.0
11900,2.0
11900,2.0
11900,2.0
11900,2.0
11900,2.0
11900,2.0
11900,2.0
11900,2.0
11900,2.0
11900,2.0
11900,2.0
11900,2.0
11900,2.0
11900,2.0
12000,2.0
12000,2.0
12000,2.0
12000,2.0
12000,2.0
12000,2.0
12000,2.0
12000,2.0
12000,2.0
12000,2.0
12000,2.0
12000,2.0
12000,2.0
12000,2.0
12000,2.0
12100,2.0
12100,2.0
12100,2.0
12100,2.0
12100,2.0
12100,2.0
12100,2.0
12100,2.0
12100,2.0
12100,2.0
12100,2.0
12100,2.0
12100,2.0
12100,2.0
12100,2.0
12100,2.0
12200,2.0
12200,2.0
12200,2.0
12200,2.0
12200,2.0
12200,2.0
12200,2.0
12200,2.0
12200,2.0
12200,2.0
12200,2.0
12200,2.0
12200,2.0
12200,2.0
12200,2.0
12200,2.0
12200,2.0
12200,2.0
12200,2.0
12200,2.0
12200,2.0
12200,2.0
12200,2.0
12200,2.0
12200,2.0
12200,2.0
12200,2.0
12200,2.0
12200,2.0
12200,2.0
12200,2.0
12200,2.0
12200,2.0
12200,2.0
12200,2.0
12200,2.0
12200,2.0
12200,2.0
12300,2.0
12300,2.0
12300,2.0
12300,2.0
12300,2.0
12300,2.0
12300,2.0
12300,2.0
12300,2.0
12300,2.0
12300,2.0
12300,2.0
12300,2.0
12300,2.0
12300,2.0
12300,2.0
12300,2.0
12300,2.0
12300,2.0
12300,2.0
12300,2.0
12300,2.0
12300,2.0
12300,2.0
12300,2.0
12300,2.0
12300,2.0
12300,2.0
12300,2.0
12300,2.0
12300,2.0
12400,2.0
12400,2.0
12400,2.0
12400,2.0
12400,2.0
12400,2.0
12400,2.0
12400,2.0
12400,2.0
12400,2.0
12400,2.0
12400,2.0
12400,2.0
12400,2.0
12400,2.0
12500,2.0
12500,2.0
12500,2.0
12500,2.0
12500,2.0
12500,2.0
12500,2.0
12500,2.0
12500,2.0
12500,2.0
12500,2.0
12500,2.0
12500,2.0
12500,2.0
12500,2.0
12500,2.0
12600,2.0
12600,2.0
12600,2.0
12600,2.0
12600,2.0
12600,2.0
12600,2.0
12600,2.0
12600,2.0
12600,2.0
12600,2.0
12600,2.0
12600,2.0
12600,1.0
12600,2.0
12600,2.0
12600,2.0
12600,2.0
12600,2.0
12600,2.0
12600,2.0
12600,2.0
12600,2.0
12600,2.0
12600,2.0
12600,2.0
12600,2.0
12600,2.0
12600,2.0
12600,1.0
12600,2.0
12600,2.0
12600,2.0
12600,2.0
12600,2.0
12600,2.0
12600,2.0
12600,2.0
12600,2.0
12600,2.0
12700,2.0
12700,2.0
12700,2.0
12700,2.0
12700,2.0
12700,2.0
12700,2.0
12700,1.0
12700,2.0
12700,2.0
12700,2.0
12700,2.0
12700,2.0
12700,2.0
12700,2.0
12700,2.0
12700,2.0
12700,2.0
12700,2.0
12700,2.0
12700,2.0
12700,2.0
12700,2.0
12700,2.0
12700,2.0
12700,2.0
12700,2.0
12700,2.0
12700,2.0
12700,2.0
12800,1.0
12800,2.0
12800,2.0
12800,2.0
12800,2.0
12800,2.0
12800,2.0
12800,2.0
12800,2.0
12800,2.0
12800,2.0
12800,2.0
12800,2.0
12800,2.0
12800,2.0
12900,2.0
12900,2.0
12900,2.0
12900,2.0
12900,2.0
12900,2.0
12900,2.0
12900,1.0
12900,2.0
12900,1.0
12900,2.0
12900,2.0
12900,2.0
12900,2.0
12900,2.0
12900,2.0
12900,2.0
13000,2.0
13000,2.0
13000,2.0
13000,2.0
13000,2.0
13000,2.0
13000,2.0
13000,2.0
13000,2.0
13000,2.0
13000,2.0
13000,2.0
13000,2.0
13000,2.0
13000,2.0
13000,2.0
13000,2.0
13000,2.0
13000,2.0
13000,2.0
13000,2.0
13000,2.0
13000,2.0
13000,2.0
13000,2.0
13000,2.0
13000,2.0
13000,2.0
13000,2.0
13000,2.0
13000,2.0
13000,2.0
13000,2.0
13000,2.0
13000,2.0
13000,2.0
13000,2.0
13000,2.0
13100,2.0
13100,2.0
13100,2.0
13100,2.0
13100,2.0
13100,2.0
13100,2.0
13100,1.0
13100,2.0
13100,2.0
13100,2.0
13100,2.0
13100,2.0
13100,2.0
13100,2.0
13100,2.0
13100,2.0
13100,2.0
13100,2.0
13100,2.0
13100,2.0
13100,2.0
13100,2.0
13100,2.0
13100,2.0
13100,2.0
13100,2.0
13100,2.0
13100,2.0
13100,2.0
13100,2.0
13200,2.0
13200,2.0
13200,2.0
13200,2.0
13200,2.0
13200,2.0
13200,2.0
13200,2.0
13200,2.0
13200,2.0
13200,2.0
13200,2.0
13200,2.0
13200,2.0
13300,2.0
13300,1.0
13300,2.0
13300,2.0
13300,2.0
13300,2.0
13300,2.0
13300,2.0
13300,2.0
13300,2.0
13300,2.0
13300,2.0
13300,2.0
13300,2.0
13300,2.0
13300,2.0
13300,2.0
13300,2.0
13400,2.0
13400,2.0
13400,2.0
13400,2.0
13400,2.0
13400,2.0
13400,2.0
13400,2.0
13400,2.0
13400,2.0
13400,2.0
13400,2.0
13400,2.0
13400,2.0
13400,2.0
13400,2.0
13400,2.0
13400,2.0
13400,2.0
13400,2.0
13400,2.0
13400,2.0
13400,2.0
13400,2.0
13400,2.0
13400,2.0
13400,2.0
13400,2.0
13400,2.0
13400,2.0
13400,2.0
13400,2.0
13400,2.0
13400,2.0
13400,2.0
13400,2.0
13400,2.0
13500,2.0
13500,2.0
13500,2.0
13500,2.0
13500,2.0
13500,2.0
13500,2.0
13500,2.0
13500,2.0
13500,2.0
13500,2.0
13500,2.0
13500,2.0
13500,2.0
13500,2.0
13500,2.0
13500,2.0
13500,2.0
13500,2.0
13500,2.0
13500,2.0
13500,2.0
13500,2.0
13500,2.0
13500,2.0
13500,2.0
13500,2.0
13500,2.0
13500,2.0
13500,2.0
13500,2.0
13600,2.0
13600,2.0
13600,2.0
13600,2.0
13600,2.0
13600,2.0
13600,2.0
13600,2.0
13600,2.0
13600,2.0
13600,2.0
13600,2.0
13600,2.0
13600,2.0
13700,2.0
13700,2.0
13700,2.0
13700,2.0
13700,2.0
13700,2.0
13700,2.0
13700,2.0
13700,2.0
13700,1.0
13700,2.0
13700,2.0
13700,2.0
13700,2.0
13700,2.0
13700,2.0
13700,2.0
13700,2.0
13700,2.0
13700,1.0
13800,2.0
13800,2.0
13800,2.0
13800,2.0
13800,2.0
13800,2.0
13800,2.0
13800,2.0
13800,2.0
13800,2.0
13800,2.0
13800,2.0
13800,2.0
13800,2.0
13800,2.0
13800,2.0
13800,2.0
13800,2.0
13800,2.0
13800,2.0
13800,2.0
13800,2.0
13800,2.0
13800,2.0
13800,2.0
13800,2.0
13800,2.0
13800,2.0
13800,2.0
13800,2.0
13800,2.0
13800,2.0
13800,2.0
13800,2.0
13800,2.0
13900,2.0
13900,2.0
13900,2.0
13900,2.0
13900,2.0
13900,2.0
13900,2.0
13900,2.0
13900,2.0
13900,1.0
13900,2.0
13900,2.0
13900,1.0
13900,1.0
13900,2.0
13900,2.0
13900,2.0
13900,2.0
13900,2.0
13900,2.0
13900,2.0
13900,2.0
13900,2.0
13900,2.0
13900,2.0
13900,2.0
13900,2.0
13900,2.0
13900,2.0
13900,2.0
13900,2.0
13900,2.0
13900,2.0
13900,2.0
14000,2.0
14000,1.0
14000,2.0
14000,2.0
14000,2.0
14000,2.0
14000,2.0
14000,2.0
14000,2.0
14000,2.0
14000,2.0
14000,2.0
14000,1.0
14100,2.0
14100,2.0
14100,2.0
14100,2.0
14100,2.0
14100,2.0
14100,2.0
14100,2.0
14100,1.0
14100,2.0
14100,2.0
14100,2.0
14100,2.0
14100,2.0
14100,2.0
14100,2.0
14100,2.0
14100,2.0
14100,2.0
14200,2.0
14200,2.0
14200,2.0
14200,2.0
14200,2.0
14200,2.0
14200,2.0
14200,2.0
14200,2.0
14200,2.0
14200,2.0
14200,2.0
14200,2.0
14200,2.0
14200,2.0
14200,2.0
14200,2.0
14200,2.0
14200,2.0
14200,2.0
14200,2.0
14200,2.0
14200,2.0
14200,2.0
14200,2.0
14200,2.0
14200,2.0
14200,2.0
14200,2.0
14200,2.0
14200,2.0
14200,2.0
14200,2.0
14200,2.0
14300,2.0
14300,2.0
14300,2.0
14300,2.0
14300,2.0
14300,2.0
14300,2.0
14300,2.0
14300,2.0
14300,2.0
14300,2.0
14300,2.0
14300,2.0
14300,2.0
14300,2.0
14300,2.0
14300,2.0
14300,2.0
14300,1.0
14300,2.0
14300,2.0
14300,2.0
14300,2.0
14300,2.0
14300,2.0
14300,2.0
14300,2.0
14300,2.0
14300,2.0
14300,2.0
14300,2.0
14300,2.0
14300,2.0
14300,2.0
14300,2.0
14400,2.0
14400,2.0
14400,2.0
14400,2.0
14400,2.0
14400,2.0
14400,2.0
14400,2.0
14400,2.0
14400,2.0
14400,2.0
14400,2.0
14500,2.0
14500,2.0
14500,2.0
14500,2.0
14500,2.0
14500,1.0
14500,2.0
14500,2.0
14500,2.0
14500,2.0
14500,2.0
14500,2.0
14500,2.0
14500,2.0
14500,2.0
14500,2.0
14500,2.0
14500,2.0
14500,2.0
14500,2.0
14600,2.0
14600,2.0
14600,2.0
14600,2.0
14600,2.0
14600,2.0
14600,2.0
14600,2.0
14600,2.0
14600,2.0
14600,2.0
14600,2.0
14600,2.0
14600,2.0
14600,2.0
14600,2.0
14600,2.0
14600,2.0
14600,2.0
14600,2.0
14600,2.0
14600,2.0
14600,2.0
14600,2.0
14600,2.0
14600,2.0
14600,2.0
14600,2.0
14600,2.0
14600,2.0
14600,2.0
14600,2.0
14600,2.0
14700,2.0
14700,2.0
14700,2.0
14700,2.0
14700,2.0
14700,2.0
14700,2.0
14700,2.0
14700,2.0
14700,2.0
14700,2.0
14700,2.0
14700,2.0
14700,2.0
14700,2.0
14700,2.0
14700,2.0
14700,2.0
14700,2.0
14700,2.0
14700,2.0
14700,2.0
14700,2.0
14700,2.0
14700,2.0
14700,2.0
14700,2.0
14700,2.0
14700,2.0
14700,2.0
14700,2.0
14700,2.0
14700,2.0
14700,2.0
14700,2.0
14800,2.0
14800,2.0
14800,2.0
14800,2.0
14800,2.0
14800,2.0
14800,1.0
14800,2.0
14800,2.0
14800,2.0
14800,2.0
14800,2.0
14800,2.0
14900,2.0
14900,2.0
14900,2.0
14900,2.0
14900,2.0
14900,2.0
14900,2.0
14900,2.0
14900,1.0
14900,2.0
14900,2.0
14900,2.0
14900,1.0
14900,2.0
14900,2.0
14900,2.0
14900,2.0
14900,2.0
14900,2.0
14900,2.0
14900,2.0
15000,2.0
15000,2.0
15000,2.0
15000,2.0
15000,2.0
15000,2.0
15000,2.0
15000,2.0
15000,2.0
15000,2.0
15000,2.0
15000,2.0
15000,2.0
15000,2.0
15000,2.0
15000,1.0
15000,2.0
15000,2.0
15000,2.0
15000,2.0
15000,2.0
15000,2.0
15000,2.0
15000,2.0
15000,2.0
15000,2.0
15000,2.0
15000,2.0
15000,2.0
15000,2.0
15000,2.0
15000,2.0
15100,2.0
15100,2.0
15100,2.0
15100,2.0
15100,2.0
15100,2.0
15100,2.0
15100,2.0
15100,2.0
15100,2.0
15100,2.0
15100,2.0
15100,2.0
15100,2.0
15100,2.0
15100,2.0
15100,2.0
15100,2.0
15100,2.0
15100,2.0
15100,2.0
15100,2.0
15100,2.0
15100,2.0
15100,2.0
15100,2.0
15100,2.0
15100,2.0
15100,2.0
15100,2.0
15100,2.0
15100,2.0
15100,2.0
15100,2.0
15200,2.0
15200,2.0
15200,2.0
15200,2.0
15200,2.0
15200,2.0
15200,2.0
15200,2.0
15200,2.0
15200,2.0
15200,2.0
15200,2.0
15200,2.0
15300,1.0
15300,1.0
15300,1.0
15300,2.0
15300,2.0
15300,2.0
15300,2.0
15300,2.0
15300,2.0
15300,2.0
15300,2.0
15300,2.0
15300,2.0
15300,2.0
15300,2.0
15300,2.0
15300,2.0
15300,2.0
15300,2.0
15300,2.0
15300,2.0
15300,2.0
15300,2.0
15300,2.0
15400,2.0
15400,2.0
15400,2.0
15400,2.0
15400,2.0
15400,2.0
15400,2.0
15400,2.0
15400,2.0
15400,2.0
15400,2.0
15400,2.0
15400,2.0
15400,2.0
15400,2.0
15400,1.0
15400,2.0
15400,2.0
15400,2.0
15400,2.0
15400,2.0
15400,2.0
15400,2.0
15400,2.0
15400,2.0
15400,2.0
15400,2.0
15400,2.0
15400,2.0
15400,2.0
15500,2.0
15500,2.0
15500,2.0
15500,2.0
15500,2.0
15500,2.0
15500,2.0
15500,2.0
15500,2.0
15500,2.0
15500,2.0
15500,2.0
15500,2.0
15500,2.0
15500,2.0
15500,2.0
15500,2.0
15500,2.0
15500,2.0
15500,2.0
15500,2.0
15500,2.0
15500,2.0
15500,2.0
15500,2.0
15500,2.0
15500,2.0
15500,2.0
15500,2.0
15500,2.0
15500,2.0
15500,2.0
15500,2.0
15600,2.0
15600,2.0
15600,2.0
15600,1.0
15600,2.0
15600,2.0
15600,2.0
15600,2.0
15600,2.0
15600,2.0
15600,2.0
15600,2.0
15600,2.0
15600,2.0
15700,2.0
15700,1.0
15700,2.0
15700,2.0
15700,2.0
15700,2.0
15700,2.0
15700,2.0
15700,2.0
15700,2.0
15700,2.0
15700,1.0
15700,2.0
15700,2.0
15700,2.0
15700,2.0
15700,2.0
15700,2.0
15700,2.0
15700,2.0
15700,2.0
15700,2.0
15700,2.0
15700,2.0
15700,2.0
15700,1.0
15800,2.0
15800,2.0
15800,2.0
15800,2.0
15800,2.0
15800,2.0
15800,2.0
15800,2.0
15800,2.0
15800,2.0
15800,2.0
15800,2.0
15800,2.0
15800,2.0
15800,2.0
15800,2.0
15800,2.0
15800,2.0
15800,2.0
15800,1.0
15800,2.0
15800,2.0
15800,2.0
15800,2.0
15800,2.0
15800,2.0
15800,1.0
15800,2.0
15800,2.0
15900,2.0
15900,2.0
15900,2.0
15900,2.0
15900,2.0
15900,2.0
15900,2.0
15900,2.0
15900,2.0
15900,2.0
15900,2.0
15900,2.0
15900,2.0
15900,2.0
15900,2.0
15900,2.0
15900,2.0
15900,2.0
15900,2.0
15900,2.0
15900,2.0
15900,2.0
15900,2.0
15900,2.0
15900,2.0
15900,2.0
15900,2.0
15900,2.0
15900,2.0
15900,2.0
15900,2.0
16000,2.0
16000,2.0
16000,2.0
16000,2.0
16000,2.0
16000,2.0
16000,2.0
16000,2.0
16000,2.0
16000,2.0
16000,2.0
16000,2.0
16000,2.0
16000,2.0
16100,2.0
16100,2.0
16100,2.0
16100,2.0
16100,2.0
16100,2.0
16100,2.0
16100,2.0
16100,2.0
16100,1.0
16100,2.0
16100,1.0
16100,2.0
16100,2.0
16100,2.0
16100,2.0
16100,2.0
16100,2.0
16100,2.0
16100,2.0
16100,2.0
16100,2.0
16100,2.0
16100,2.0
16100,2.0
16100,2.0
16100,2.0
16100,2.0
16200,2.0
16200,2.0
16200,2.0
16200,2.0
16200,2.0
16200,2.0
16200,2.0
16200,2.0
16200,2.0
16200,2.0
16200,2.0
16200,2.0
16200,2.0
16200,2.0
16200,2.0
16200,2.0
16200,1.0
16200,1.0
16200,1.0
16200,2.0
16200,2.0
16200,1.0
16200,2.0
16200,2.0
16200,2.0
16200,1.0
16200,2.0
16200,2.0
16200,2.0
16200,2.0
16200,2.0
16200,2.0
16300,2.0
16300,2.0
16300,2.0
16300,2.0
16300,2.0
16300,2.0
16300,2.0
16300,2.0
16300,2.0
16300,2.0
16300,2.0
16300,2.0
16300,2.0
16300,2.0
16300,2.0
16300,2.0
16300,2.0
16300,2.0
16300,2.0
16300,2.0
16300,2.0
16300,2.0
16300,2.0
16300,2.0
16300,2.0
16300,1.0
16300,2.0
16400,2.0
16400,1.0
16400,2.0
16400,1.0
16400,2.0
16400,2.0
16400,2.0
16400,2.0
16400,2.0
16400,2.0
16400,1.0
16400,2.0
16400,2.0
16400,2.0
16400,2.0
16400,2.0
16500,2.0
16500,2.0
16500,2.0
16500,2.0
16500,2.0
16500,2.0
16500,2.0
16500,2.0
16500,2.0
16500,2.0
16500,2.0
16500,2.0
16500,2.0
16500,2.0
16500,2.0
16500,2.0
16500,2.0
16500,2.0
16500,2.0
16500,2.0
16500,2.0
16500,2.0
16500,2.0
16500,2.0
16500,2.0
16600,2.0
16600,2.0
16600,2.0
16600,2.0
16600,2.0
16600,2.0
16600,2.0
16600,2.0
16600,2.0
16600,2.0
16600,2.0
16600,2.0
16600,2.0
16600,2.0
16600,2.0
16600,2.0
16600,2.0
16600,2.0
16600,2.0
16600,2.0
16600,2.0
16600,2.0
16600,2.0
16600,2.0
16600,2.0
16600,2.0
16600,2.0
16600,2.0
16600,2.0
16600,2.0
16600,2.0
16600,2.0
16700,1.0
16700,2.0
16700,2.0
16700,2.0
16700,2.0
16700,2.0
16700,2.0
16700,2.0
16700,2.0
16700,2.0
16700,2.0
16700,2.0
16700,1.0
16700,2.0
16700,2.0
16700,2.0
16700,2.0
16700,2.0
16700,2.0
16700,2.0
16700,2.0
16700,1.0
16700,2.0
16700,2.0
16700,2.0
16700,2.0
16700,2.0
16700,1.0
16700,2.0
16700,2.0
16700,2.0
16800,2.0
16800,2.0
16800,2.0
16800,2.0
16800,2.0
16800,2.0
16800,2.0
16800,2.0
16800,2.0
16800,1.0
16800,2.0
16800,2.0
16800,2.0
16900,2.0
16900,2.0
16900,2.0
16900,2.0
16900,2.0
16900,2.0
16900,2.0
16900,2.0
16900,2.0
16900,1.0
16900,2.0
16900,2.0
16900,2.0
16900,1.0
16900,2.0
16900,2.0
16900,2.0
16900,2.0
16900,2.0
16900,2.0
16900,2.0
16900,2.0
16900,2.0
16900,2.0
16900,2.0
16900,2.0
17000,2.0
17000,2.0
17000,2.0
17000,2.0
17000,2.0
17000,2.0
17000,2.0
17000,2.0
17000,2.0
17000,2.0
17000,2.0
17000,2.0
17000,2.0
17000,2.0
17000,2.0
17000,2.0
17000,2.0
17000,2.0
17000,2.0
17000,1.0
17000,2.0
17000,2.0
17000,2.0
17000,2.0
17000,2.0
17000,2.0
17000,1.0
17000,1.0
17000,2.0
17000,2.0
17000,2.0
17000,2.0
17000,2.0
17100,2.0
17100,2.0
17100,2.0
17100,2.0
17100,2.0
17100,2.0
17100,2.0
17100,2.0
17100,2.0
17100,2.0
17100,2.0
17100,2.0
17100,2.0
17100,2.0
17100,2.0
17100,2.0
17100,2.0
17100,2.0
17100,2.0
17100,2.0
17100,2.0
17100,2.0
17100,2.0
17100,2.0
17100,2.0
17100,2.0
17100,2.0
17100,2.0
17200,2.0
17200,2.0
17200,2.0
17200,2.0
17200,2.0
17200,2.0
17200,2.0
17200,2.0
17200,2.0
17200,2.0
17200,1.0
17200,2.0
17200,2.0
17200,2.0
17300,2.0
17300,2.0
17300,2.0
17300,2.0
17300,2.0
17300,1.0
17300,2.0
17300,2.0
17300,2.0
17300,2.0
17300,2.0
17300,2.0
17300,2.0
17300,2.0
17300,1.0
17300,2.0
17300,2.0
17300,2.0
17300,2.0
17300,2.0
17300,2.0
17300,2.0
17300,2.0
17300,2.0
17300,2.0
17300,2.0
17300,2.0
17400,2.0
17400,1.0
17400,2.0
17400,2.0
17400,2.0
17400,2.0
17400,2.0
17400,2.0
17400,2.0
17400,2.0
17400,2.0
17400,2.0
17400,2.0
17400,2.0
17400,2.0
17400,2.0
17400,2.0
17400,2.0
17400,2.0
17400,2.0
17400,2.0
17400,2.0
17400,2.0
17400,2.0
17400,2.0
17400,2.0
17400,2.0
17400,2.0
17400,2.0
17400,2.0
17400,2.0
17400,2.0
17500,2.0
17500,2.0
17500,2.0
17500,2.0
17500,2.0
17500,2.0
17500,2.0
17500,2.0
17500,2.0
17500,2.0
17500,2.0
17500,2.0
17500,2.0
17500,2.0
17500,2.0
17500,2.0
17500,2.0
17500,2.0
17500,2.0
17500,2.0
17500,2.0
17500,2.0
17500,2.0
17500,2.0
17500,2.0
17500,2.0
17500,2.0
17600,2.0
17600,2.0
17600,2.0
17600,2.0
17600,2.0
17600,2.0
17600,1.0
17600,1.0
17600,2.0
17600,2.0
17600,1.0
17600,2.0
17600,2.0
17600,2.0
17600,2.0
17600,1.0
17600,2.0
17600,2.0
17700,2.0
17700,2.0
17700,2.0
17700,1.0
17700,2.0
17700,2.0
17700,2.0
17700,2.0
17700,2.0
17700,2.0
17700,2.0
17700,2.0
17700,2.0
17700,2.0
17700,2.0
17700,2.0
17700,2.0
17700,2.0
17700,2.0
17700,2.0
17700,2.0
17700,2.0
17700,2.0
17700,2.0
17800,2.0
17800,2.0
17800,2.0
17800,2.0
17800,2.0
17800,2.0
17800,2.0
17800,2.0
17800,2.0
17800,2.0
17800,2.0
17800,1.0
17800,2.0
17800,2.0
17800,2.0
17800,2.0
17800,2.0
17800,1.0
17800,2.0
17800,2.0
17800,2.0
17800,2.0
17800,2.0
17800,2.0
17800,2.0
17800,1.0
17800,2.0
17800,2.0
17800,2.0
17800,2.0
17800,2.0
17800,2.0
17800,2.0
17800,2.0
17900,2.0
17900,2.0
17900,2.0
17900,2.0
17900,2.0
17900,2.0
17900,2.0
17900,2.0
17900,2.0
17900,2.0
17900,2.0
17900,2.0
17900,2.0
17900,2.0
17900,2.0
17900,2.0
17900,2.0
17900,2.0
17900,2.0
17900,2.0
17900,2.0
17900,2.0
17900,2.0
17900,1.0
17900,2.0
18000,2.0
18000,2.0
18000,2.0
18000,2.0
18000,2.0
18000,2.0
18000,2.0
18000,2.0
18000,2.0
18000,2.0
18000,2.0
18000,2.0
18000,2.0
18000,1.0
18000,2.0
18000,2.0
18000,2.0
18000,2.0
18100,1.0
18100,2.0
18100,2.0
18100,2.0
18100,1.0
18100,2.0
18100,2.0
18100,2.0
18100,2.0
18100,2.0
18100,2.0
18100,2.0
18100,2.0
18100,2.0
18100,2.0
18100,2.0
18100,2.0
18100,2.0
18100,2.0
18100,2.0
18100,1.0
18100,2.0
18100,2.0
18100,2.0
18100,2.0
18100,2.0
18200,2.0
18200,2.0
18200,2.0
18200,1.0
18200,2.0
18200,2.0
18200,2.0
18200,1.0
18200,2.0
18200,2.0
18200,2.0
18200,2.0
18200,2.0
18200,2.0
18200,2.0
18200,2.0
18200,2.0
18200,2.0
18200,2.0
18200,2.0
18200,2.0
18200,2.0
18200,2.0
18200,2.0
18200,2.0
18200,2.0
18200,2.0
18200,2.0
18200,2.0
18200,2.0
18200,2.0
18200,2.0
18200,2.0
18300,2.0
18300,2.0
18300,2.0
18300,2.0
18300,2.0
18300,2.0
18300,2.0
18300,1.0
18300,2.0
18300,1.0
18300,2.0
18300,2.0
18300,2.0
18300,2.0
18300,2.0
18300,2.0
18300,2.0
18300,2.0
18300,2.0
18300,2.0
18300,2.0
18300,2.0
18300,2.0
18300,2.0
18300,2.0
18300,1.0
18400,2.0
18400,2.0
18400,2.0
18400,2.0
18400,2.0
18400,2.0
18400,2.0
18400,2.0
18400,2.0
18400,2.0
18400,2.0
18400,2.0
18400,1.0
18400,2.0
18400,2.0
18400,2.0
18500,2.0
18500,1.0
18500,2.0
18500,2.0
18500,2.0
18500,2.0
18500,2.0
18500,2.0
18500,2.0
18500,2.0
18500,2.0
18500,2.0
18500,2.0
18500,2.0
18500,2.0
18500,2.0
18500,2.0
18500,2.0
18500,2.0
18500,2.0
18500,2.0
18500,2.0
18500,2.0
18500,2.0
18500,2.0
18500,2.0
18600,2.0
18600,2.0
18600,2.0
18600,2.0
18600,2.0
18600,2.0
18600,2.0
18600,2.0
18600,2.0
18600,2.0
18600,2.0
18600,2.0
18600,2.0
18600,2.0
18600,2.0
18600,2.0
18600,2.0
18600,2.0
18600,2.0
18600,2.0
18600,2.0
18600,2.0
18600,2.0
18600,1.0
18600,2.0
18600,2.0
18600,2.0
18600,2.0
18600,2.0
18600,2.0
18600,2.0
18600,2.0
18600,2.0
18700,2.0
18700,2.0
18700,2.0
18700,2.0
18700,2.0
18700,2.0
18700,2.0
18700,2.0
18700,2.0
18700,2.0
18700,2.0
18700,2.0
18700,2.0
18700,2.0
18700,2.0
18700,2.0
18700,2.0
18700,2.0
18700,2.0
18700,2.0
18700,2.0
18700,2.0
18700,2.0
18700,2.0
18700,2.0
18800,2.0
18800,2.0
18800,1.0
18800,2.0
18800,2.0
18800,2.0
18800,2.0
18800,1.0
18800,2.0
18800,2.0
18800,2.0
18800,2.0
18800,2.0
18800,2.0
18800,2.0
18800,2.0
18800,2.0
18800,2.0
18900,2.0
18900,2.0
18900,2.0
18900,2.0
18900,2.0
18900,2.0
18900,2.0
18900,2.0
18900,2.0
18900,1.0
18900,1.0
18900,2.0
18900,2.0
18900,1.0
18900,2.0
18900,1.0
18900,2.0
18900,2.0
18900,2.0
18900,2.0
18900,2.0
18900,2.0
18900,2.0
18900,2.0
18900,2.0
18900,2.0
18900,2.0
18900,2.0
19000,2.0
19000,2.0
19000,2.0
19000,2.0
19000,2.0
19000,2.0
19000,2.0
19000,2.0
19000,2.0
19000,2.0
19000,2.0
19000,2.0
19000,2.0
19000,2.0
19000,2.0
19000,2.0
19000,2.0
19000,2.0
19000,2.0
19000,2.0
19000,2.0
19000,2.0
19000,2.0
19000,2.0
19000,2.0
19000,2.0
19000,2.0
19000,2.0
19000,2.0
19100,2.0
19100,2.0
19100,2.0
19100,2.0
19100,2.0
19100,2.0
19100,2.0
19100,2.0
19100,2.0
19100,2.0
19100,1.0
19100,2.0
19100,2.0
19100,2.0
19100,2.0
19100,2.0
19100,1.0
19100,2.0
19100,1.0
19100,2.0
19100,2.0
19100,2.0
19100,2.0
19100,2.0
19100,2.0
19100,2.0
19100,2.0
19100,2.0
19200,2.0
19200,2.0
19200,2.0
19200,2.0
19200,2.0
19200,2.0
19200,2.0
19200,2.0
19200,2.0
19200,2.0
19200,1.0
19200,1.0
19200,2.0
19200,2.0
19200,2.0
19200,2.0
19200,1.0
19200,2.0
19300,2.0
19300,2.0
19300,2.0
19300,2.0
19300,2.0
19300,2.0
19300,2.0
19300,2.0
19300,2.0
19300,2.0
19300,2.0
19300,2.0
19300,1.0
19300,1.0
19300,2.0
19300,2.0
19300,2.0
19300,2.0
19300,2.0
19300,2.0
19300,2.0
19300,2.0
19300,2.0
19300,2.0
19300,2.0
19300,2.0
19300,2.0
19400,2.0
19400,1.0
19400,1.0
19400,2.0
19400,2.0
19400,2.0
19400,2.0
19400,2.0
19400,2.0
19400,2.0
19400,2.0
19400,2.0
19400,2.0
19400,2.0
19400,2.0
19400,2.0
19400,1.0
19400,2.0
19400,2.0
19400,2.0
19400,2.0
19400,2.0
19400,2.0
19400,2.0
19400,2.0
19400,2.0
19400,2.0
19400,2.0
19400,2.0
19400,2.0
19500,2.0
19500,2.0
19500,2.0
19500,2.0
19500,2.0
19500,2.0
19500,2.0
19500,2.0
19500,2.0
19500,2.0
19500,2.0
19500,2.0
19500,2.0
19500,2.0
19500,2.0
19500,2.0
19500,2.0
19500,2.0
19500,2.0
19500,2.0
19500,2.0
19500,2.0
19500,1.0
19500,2.0
19500,1.0
19500,2.0
19500,2.0
19600,1.0
19600,2.0
19600,2.0
19600,2.0
19600,2.0
19600,2.0
19600,2.0
19600,2.0
19600,2.0
19600,2.0
19600,2.0
19600,2.0
19600,2.0
19600,2.0
19600,2.0
19600,2.0
19600,2.0
19700,2.0
19700,1.0
19700,1.0
19700,2.0
19700,1.0
19700,2.0
19700,2.0
19700,2.0
19700,1.0
19700,1.0
19700,2.0
19700,2.0
19700,2.0
19700,2.0
19700,2.0
19700,2.0
19700,2.0
19700,2.0
19700,2.0
19700,2.0
19700,2.0
19700,2.0
19700,2.0
19700,1.0
19700,2.0
19700,2.0
19700,2.0
19700,2.0
19700,2.0
19700,2.0
19700,2.0
19700,2.0
19800,2.0
19800,2.0
19800,2.0
19800,2.0
19800,1.0
19800,2.0
19800,2.0
19800,2.0
19800,2.0
19800,2.0
19800,2.0
19800,2.0
19800,2.0
19800,2.0
19800,2.0
19800,2.0
19800,2.0
19800,2.0
19800,2.0
19800,2.0
19800,2.0
19800,2.0
19800,2.0
19800,2.0
19800,2.0
19900,2.0
19900,1.0
19900,2.0
19900,2.0
19900,2.0
19900,2.0
19900,2.0
19900,2.0
19900,2.0
19900,2.0
19900,2.0
19900,2.0
19900,2.0
19900,2.0
19900,2.0
19900,1.0
19900,2.0
19900,2.0
19900,2.0
19900,2.0
19900,2.0
19900,2.0
19900,2.0
19900,2.0
19900,2.0
19900,2.0
19900,2.0
19900,2.0
20000,2.0
20000,2.0
20000,2.0
20000,2.0
20000,2.0
20000,2.0
20000,2.0
20000,2.0
20000,1.0
20000,2.0
20000,2.0
20000,2.0
20000,2.0
20000,2.0
20000,1.0
20000,2.0
20000,2.0
20100,1.0
20100,2.0
20100,2.0
20100,2.0
20100,2.0
20100,2.0
20100,2.0
20100,2.0
20100,2.0
20100,2.0
20100,2.0
20100,2.0
20100,2.0
20100,2.0
20100,2.0
20100,2.0
20100,2.0
20100,2.0
20100,2.0
20100,2.0
20100,2.0
20100,2.0
20100,2.0
20100,2.0
20100,2.0
20100,2.0
20100,2.0
20100,2.0
20100,2.0
20100,1.0
20100,2.0
20100,2.0
20100,1.0
20200,2.0
20200,2.0
20200,2.0
20200,2.0
20200,2.0
20200,1.0
20200,2.0
20200,2.0
20200,2.0
20200,2.0
20200,1.0
20200,2.0
20200,2.0
20200,2.0
20200,2.0
20200,2.0
20200,1.0
20200,2.0
20200,2.0
20200,2.0
20200,2.0
20200,2.0
20200,1.0
20200,2.0
20200,1.0
20200,2.0
20200,2.0
20300,2.0
20300,2.0
20300,2.0
20300,1.0
20300,2.0
20300,2.0
20300,2.0
20300,2.0
20300,2.0
20300,2.0
20300,2.0
20300,2.0
20300,2.0
20300,2.0
20300,2.0
20300,2.0
20300,2.0
20300,2.0
20300,2.0
20300,2.0
20300,2.0
20300,2.0
20300,1.0
20300,1.0
20300,2.0
20300,2.0
20400,1.0
20400,2.0
20400,2.0
20400,1.0
20400,2.0
20400,1.0
20400,2.0
20400,2.0
20400,1.0
20400,2.0
20400,2.0
20400,2.0
20400,1.0
20400,1.0
20400,2.0
20400,2.0
20400,2.0
20400,2.0
20400,2.0
20400,2.0
20500,2.0
20500,2.0
20500,1.0
20500,2.0
20500,2.0
20500,1.0
20500,2.0
20500,2.0
20500,2.0
20500,2.0
20500,2.0
20500,2.0
20500,1.0
20500,2.0
20500,1.0
20500,2.0
20500,1.0
20500,1.0
20500,2.0
20500,2.0
20500,2.0
20500,2.0
20500,2.0
20500,2.0
20500,1.0
20500,2.0
20500,2.0
20500,2.0
20500,2.0
20500,2.0
20500,2.0
20500,2.0
20500,2.0
20500,2.0
20600,1.0
20600,2.0
20600,1.0
20600,2.0
20600,2.0
20600,2.0
20600,1.0
20600,2.0
20600,2.0
20600,2.0
20600,2.0
20600,2.0
20600,2.0
20600,2.0
20600,2.0
20600,2.0
20600,2.0
20600,2.0
20600,2.0
20600,2.0
20600,2.0
20600,2.0
20600,2.0
20700,2.0
20700,2.0
20700,1.0
20700,2.0
20700,2.0
20700,1.0
20700,2.0
20700,2.0
20700,2.0
20700,2.0
20700,2.0
20700,2.0
20700,2.0
20700,2.0
20700,2.0
20700,1.0
20700,2.0
20700,2.0
20700,2.0
20700,2.0
20700,2.0
20700,1.0
20700,2.0
20700,2.0
20700,2.0
20700,2.0
20700,2.0
20800,2.0
20800,1.0
20800,2.0
20800,2.0
20800,2.0
20800,2.0
20800,1.0
20800,1.0
20800,2.0
20800,2.0
20800,2.0
20800,2.0
20800,2.0
20800,2.0
20800,2.0
20800,2.0
20800,2.0
20800,2.0
20800,1.0
20800,2.0
20900,2.0
20900,2.0
20900,2.0
20900,2.0
20900,2.0
20900,2.0
20900,2.0
20900,2.0
20900,2.0
20900,2.0
20900,2.0
20900,2.0
20900,2.0
20900,2.0
20900,2.0
20900,2.0
20900,2.0
20900,2.0
20900,2.0
20900,2.0
20900,2.0
20900,2.0
20900,2.0
20900,2.0
20900,2.0
20900,2.0
20900,2.0
20900,2.0
20900,2.0
20900,2.0
21000,2.0
21000,2.0
21000,2.0
21000,2.0
21000,2.0
21000,1.0
21000,1.0
21000,2.0
21000,1.0
21000,2.0
21000,1.0
21000,2.0
21000,2.0
21000,2.0
21000,2.0
21000,2.0
21000,2.0
21000,2.0
21000,2.0
21000,2.0
21000,2.0
21000,2.0
21000,1.0
21000,2.0
21000,2.0
21000,2.0
21000,1.0
21000,2.0
21000,2.0
21100,2.0
21100,2.0
21100,1.0
21100,2.0
21100,2.0
21100,2.0
21100,2.0
21100,2.0
21100,2.0
21100,2.0
21100,2.0
21100,2.0
21100,2.0
21100,2.0
21100,2.0
21100,2.0
21100,2.0
21100,2.0
21100,2.0
21100,2.0
21100,2.0
21100,2.0
21200,1.0
21200,2.0
21200,2.0
21200,1.0
21200,2.0
21200,2.0
21200,1.0
21200,2.0
21200,2.0
21200,2.0
21200,2.0
21200,2.0
21200,2.0
21200,2.0
21200,2.0
21200,2.0
21200,2.0
21200,2.0
21200,2.0
21200,2.0
21200,1.0
21200,2.0
21200,2.0
21300,2.0
21300,2.0
21300,2.0
21300,1.0
21300,2.0
21300,2.0
21300,2.0
21300,2.0
21300,2.0
21300,2.0
21300,1.0
21300,2.0
21300,2.0
21300,2.0
21300,2.0
21300,2.0
21300,1.0
21300,2.0
21300,2.0
21300,2.0
21300,2.0
21300,2.0
21300,2.0
21300,2.0
21300,2.0
21300,2.0
21300,2.0
21300,2.0
21300,2.0
21400,2.0
21400,2.0
21400,2.0
21400,2.0
21400,2.0
21400,2.0
21400,2.0
21400,2.0
21400,2.0
21400,2.0
21400,2.0
21400,1.0
21400,2.0
21400,1.0
21400,2.0
21400,2.0
21400,2.0
21400,2.0
21400,2.0
21400,2.0
21400,2.0
21400,2.0
21400,2.0
21400,2.0
21400,2.0
21400,2.0
21400,2.0
21400,2.0
21500,2.0
21500,2.0
21500,1.0
21500,2.0
21500,2.0
21500,2.0
21500,2.0
21500,2.0
21500,2.0
21500,2.0
21500,2.0
21500,2.0
21500,1.0
21500,1.0
21500,2.0
21500,1.0
21500,1.0
21500,2.0
21500,2.0
21500,2.0
21500,2.0
21500,2.0
21500,2.0
21500,2.0
21500,2.0
21600,1.0
21600,2.0
21600,2.0
21600,2.0
21600,2.0
21600,2.0
21600,1.0
21600,2.0
21600,2.0
21600,2.0
21600,1.0
21600,2.0
21600,2.0
21600,1.0
21600,1.0
21600,2.0
21600,2.0
21600,2.0
21600,2.0
21600,2.0
21600,2.0
21600,2.0
21600,2.0
21700,2.0
21700,2.0
21700,2.0
21700,2.0
21700,2.0
21700,2.0
21700,2.0
21700,2.0
21700,2.0
21700,1.0
21700,2.0
21700,2.0
21700,2.0
21700,2.0
21700,2.0
21700,2.0
21700,2.0
21700,1.0
21700,2.0
21700,2.0
21700,2.0
21700,2.0
21700,2.0
21700,2.0
21700,2.0
21700,2.0
21800,1.0
21800,2.0
21800,2.0
21800,2.0
21800,2.0
21800,2.0
21800,2.0
21800,2.0
21800,2.0
21800,2.0
21800,2.0
21800,2.0
21800,2.0
21800,2.0
21800,2.0
21800,2.0
21800,1.0
21800,2.0
21800,2.0
21800,2.0
21800,2.0
21800,2.0
21800,2.0
21800,2.0
21800,2.0
21800,2.0
21800,2.0
21800,2.0
21900,2.0
21900,2.0
21900,2.0
21900,2.0
21900,2.0
21900,2.0
21900,2.0
21900,2.0
21900,2.0
21900,2.0
21900,2.0
21900,2.0
21900,2.0
21900,2.0
21900,2.0
21900,1.0
21900,2.0
21900,1.0
21900,2.0
21900,2.0
21900,2.0
21900,1.0
21900,2.0
21900,2.0
21900,2.0
21900,2.0
22000,2.0
22000,2.0
22000,2.0
22000,1.0
22000,2.0
22000,1.0
22000,2.0
22000,2.0
22000,2.0
22000,2.0
22000,2.0
22000,2.0
22000,2.0
22000,2.0
22000,2.0
22000,2.0
22000,2.0
22000,2.0
22000,2.0
22000,2.0
22000,2.0
22000,2.0
22100,1.0
22100,2.0
22100,2.0
22100,2.0
22100,2.0
22100,2.0
22100,1.0
22100,2.0
22100,2.0
22100,2.0
22100,2.0
22100,2.0
22100,2.0
22100,2.0
22100,2.0
22100,2.0
22100,2.0
22100,2.0
22100,2.0
22100,2.0
22100,2.0
22100,2.0
22100,2.0
22100,2.0
22100,2.0
22100,2.0
22200,2.0
22200,2.0
22200,2.0
22200,2.0
22200,2.0
22200,2.0
22200,2.0
22200,2.0
22200,2.0
22200,2.0
22200,2.0
22200,2.0
22200,2.0
22200,2.0
22200,2.0
22200,2.0
22200,2.0
22200,2.0
22200,2.0
22200,1.0
22200,2.0
22200,1.0
22200,2.0
22200,2.0
22200,2.0
22200,2.0
22200,2.0
22200,2.0
22300,2.0
22300,1.0
22300,2.0
22300,2.0
22300,2.0
22300,2.0
22300,2.0
22300,2.0
22300,2.0
22300,2.0
22300,2.0
22300,2.0
22300,2.0
22300,2.0
22300,2.0
22300,2.0
22300,2.0
22300,2.0
22300,2.0
22300,2.0
22300,2.0
22300,2.0
22300,2.0
22300,2.0
22300,1.0
22300,2.0
22400,2.0
22400,2.0
22400,2.0
22400,2.0
22400,2.0
22400,2.0
22400,2.0
22400,2.0
22400,2.0
22400,1.0
22400,1.0
22400,2.0
22400,2.0
22400,2.0
22400,2.0
22400,1.0
22400,2.0
22400,2.0
22400,2.0
22400,1.0
22400,2.0
22400,2.0
22400,2.0
22400,1.0
22400,2.0
22500,2.0
22500,2.0
22500,2.0
22500,2.0
22500,2.0
22500,1.0
22500,2.0
22500,2.0
22500,2.0
22500,2.0
22500,2.0
22500,2.0
22500,2.0
22500,2.0
22500,2.0
22500,2.0
22500,2.0
22500,2.0
22500,2.0
22500,2.0
22500,2.0
22500,2.0
22600,2.0
22600,2.0
22600,2.0
22600,2.0
22600,2.0
22600,2.0
22600,1.0
22600,2.0
22600,2.0
22600,2.0
22600,2.0
22600,2.0
22600,2.0
22600,2.0
22600,2.0
22600,2.0
22600,2.0
22600,2.0
22600,2.0
22600,2.0
22600,2.0
22600,2.0
22600,2.0
22600,2.0
22600,2.0
22600,2.0
22600,2.0
22600,2.0
22700,2.0
22700,2.0
22700,1.0
22700,2.0
22700,2.0
22700,2.0
22700,2.0
22700,2.0
22700,2.0
22700,1.0
22700,2.0
22700,2.0
22700,2.0
22700,2.0
22700,2.0
22700,2.0
22700,2.0
22700,1.0
22700,2.0
22700,2.0
22700,2.0
22700,1.0
22700,2.0
22700,2.0
22700,2.0
22700,2.0
22700,2.0
22700,2.0
22700,2.0
22800,2.0
22800,2.0
22800,2.0
22800,2.0
22800,2.0
22800,1.0
22800,2.0
22800,2.0
22800,2.0
22800,2.0
22800,2.0
22800,2.0
22800,1.0
22800,2.0
22800,1.0
22800,2.0
22800,1.0
22800,2.0
22800,2.0
22800,2.0
22800,2.0
22800,2.0
22800,2.0
22800,2.0
22800,2.0
22900,2.0
22900,2.0
22900,2.0
22900,1.0
22900,2.0
22900,2.0
22900,2.0
22900,2.0
22900,2.0
22900,2.0
22900,2.0
22900,1.0
22900,2.0
22900,2.0
22900,1.0
22900,2.0
22900,2.0
22900,2.0
22900,2.0
22900,2.0
22900,2.0
23000,2.0
23000,2.0
23000,2.0
23000,1.0
23000,2.0
23000,2.0
23000,2.0
23000,1.0
23000,2.0
23000,2.0
23000,2.0
23000,2.0
23000,2.0
23000,2.0
23000,2.0
23000,2.0
23000,2.0
23000,2.0
23000,2.0
23000,2.0
23000,2.0
23000,1.0
23000,2.0
23000,2.0
23000,2.0
23000,2.0
23000,2.0
23000,2.0
23000,1.0
23000,1.0
23100,2.0
23100,2.0
23100,2.0
23100,2.0
23100,2.0
23100,2.0
23100,2.0
23100,2.0
23100,2.0
23100,2.0
23100,2.0
23100,2.0
23100,2.0
23100,2.0
23100,1.0
23100,2.0
23100,2.0
23100,2.0
23100,2.0
23100,2.0
23100,2.0
23100,2.0
23100,2.0
23100,2.0
23100,2.0
23100,1.0
23200,2.0
23200,2.0
23200,2.0
23200,2.0
23200,2.0
23200,1.0
23200,2.0
23200,2.0
23200,2.0
23200,2.0
23200,1.0
23200,2.0
23200,2.0
23200,2.0
23200,2.0
23200,2.0
23200,2.0
23200,2.0
23200,2.0
23200,2.0
23200,2.0
23200,2.0
23200,2.0
23200,2.0
23200,2.0
23300,2.0
23300,2.0
23300,1.0
23300,2.0
23300,2.0
23300,2.0
23300,2.0
23300,2.0
23300,2.0
23300,1.0
23300,2.0
23300,1.0
23300,1.0
23300,2.0
23300,2.0
23300,2.0
23300,2.0
23300,2.0
23300,2.0
23300,2.0
23300,2.0
23300,2.0
23300,2.0
23400,2.0
23400,2.0
23400,2.0
23400,2.0
23400,2.0
23400,1.0
23400,2.0
23400,2.0
23400,2.0
23400,2.0
23400,2.0
23400,2.0
23400,2.0
23400,2.0
23400,1.0
23400,2.0
23400,2.0
23400,2.0
23400,2.0
23400,2.0
23400,2.0
23400,1.0
23400,1.0
23400,2.0
23400,2.0
23400,2.0
23400,2.0
23400,2.0
23400,1.0
23400,2.0
23400,2.0
23500,2.0
23500,2.0
23500,2.0
23500,2.0
23500,2.0
23500,2.0
23500,2.0
23500,2.0
23500,2.0
23500,2.0
23500,2.0
23500,2.0
23500,2.0
23500,2.0
23500,2.0
23500,1.0
23500,2.0
23500,2.0
23500,2.0
23500,2.0
23500,2.0
23500,2.0
23600,2.0
23600,2.0
23600,2.0
23600,2.0
23600,2.0
23600,2.0
23600,2.0
23600,2.0
23600,2.0
23600,2.0
23600,2.0
23600,2.0
23600,2.0
23600,2.0
23600,2.0
23600,2.0
23600,2.0
23600,2.0
23600,2.0
23600,2.0
23600,2.0
23600,2.0
23600,2.0
23600,2.0
23700,2.0
23700,2.0
23700,1.0
23700,2.0
23700,2.0
23700,2.0
23700,2.0
23700,2.0
23700,2.0
23700,2.0
23700,2.0
23700,2.0
23700,2.0
23700,2.0
23700,1.0
23700,2.0
23700,2.0
23700,2.0
23700,2.0
23700,1.0
23700,2.0
23700,2.0
23700,2.0
23700,2.0
23700,2.0
23700,2.0
23800,2.0
23800,2.0
23800,1.0
23800,2.0
23800,2.0
23800,2.0
23800,2.0
23800,2.0
23800,2.0
23800,2.0
23800,2.0
23800,2.0
23800,2.0
23800,2.0
23800,2.0
23800,1.0
23800,2.0
23800,2.0
23800,2.0
23800,2.0
23800,1.0
23800,2.0
23800,2.0
23800,2.0
23800,2.0
23800,2.0
23800,2.0
23800,2.0
23800,2.0
23800,2.0
23800,2.0
23800,1.0
23900,2.0
23900,2.0
23900,2.0
23900,2.0
23900,2.0
23900,2.0
23900,1.0
23900,2.0
23900,2.0
23900,2.0
23900,2.0
23900,2.0
23900,2.0
23900,2.0
23900,1.0
23900,2.0
23900,2.0
23900,2.0
23900,2.0
23900,2.0
24000,2.0
24000,2.0
24000,2.0
24000,2.0
24000,2.0
24000,2.0
24000,2.0
24000,2.0
24000,1.0
24000,1.0
24000,2.0
24000,2.0
24000,2.0
24000,2.0
24000,2.0
24000,1.0
24000,2.0
24000,2.0
24000,2.0
24000,1.0
24000,2.0
24000,2.0
24000,2.0
24000,1.0
24000,2.0
24000,2.0
24000,1.0
24000,2.0
24100,2.0
24100,1.0
24100,2.0
24100,1.0
24100,2.0
24100,2.0
24100,2.0
24100,2.0
24100,2.0
24100,2.0
24100,2.0
24100,2.0
24100,2.0
24100,1.0
24100,2.0
24100,2.0
24100,2.0
24100,1.0
24100,2.0
24100,2.0
24100,2.0
24100,1.0
24100,2.0
24100,1.0
24100,1.0
24100,1.0
24100,1.0
24100,2.0
24100,2.0
24200,2.0
24200,2.0
24200,2.0
24200,2.0
24200,2.0
24200,2.0
24200,2.0
24200,2.0
24200,1.0
24200,2.0
24200,2.0
24200,2.0
24200,2.0
24200,2.0
24200,2.0
24200,2.0
24200,2.0
24200,2.0
24200,2.0
24200,2.0
24200,2.0
24200,2.0
24200,2.0
24200,2.0
24300,2.0
24300,2.0
24300,2.0
24300,2.0
24300,2.0
24300,2.0
24300,1.0
24300,2.0
24300,2.0
24300,2.0
24300,2.0
24300,2.0
24300,2.0
24300,1.0
24300,2.0
24300,2.0
24300,2.0
24300,2.0
24300,2.0
24300,2.0
24300,2.0
24300,1.0
24300,1.0
24400,2.0
24400,1.0
24400,2.0
24400,2.0
24400,2.0
24400,2.0
24400,2.0
24400,2.0
24400,2.0
24400,2.0
24400,2.0
24400,2.0
24400,2.0
24400,2.0
24400,2.0
24400,1.0
24400,2.0
24400,2.0
24400,2.0
24400,2.0
24400,2.0
24400,2.0
24400,2.0
24400,2.0
24400,2.0
24400,2.0
24500,2.0
24500,2.0
24500,2.0
24500,2.0
24500,2.0
24500,2.0
24500,2.0
24500,2.0
24500,2.0
24500,2.0
24500,2.0
24500,1.0
24500,2.0
24500,2.0
24500,2.0
24500,2.0
24500,2.0
24500,2.0
24500,2.0
24500,2.0
24500,1.0
24500,2.0
24500,2.0
24500,2.0
24500,2.0
24500,2.0
24500,2.0
24500,2.0
24500,2.0
24600,2.0
24600,1.0
24600,2.0
24600,2.0
24600,2.0
24600,2.0
24600,2.0
24600,2.0
24600,2.0
24600,2.0
24600,2.0
24600,2.0
24600,2.0
24600,2.0
24600,2.0
24600,2.0
24600,2.0
24600,2.0
24600,2.0
24600,2.0
24600,2.0
24600,2.0
24600,2.0
24600,1.0
24700,2.0
24700,2.0
24700,1.0
24700,2.0
24700,2.0
24700,2.0
24700,2.0
24700,2.0
24700,2.0
24700,2.0
24700,2.0
24700,1.0
24700,2.0
24700,2.0
24700,2.0
24700,1.0
24700,2.0
24700,2.0
24700,1.0
24700,2.0
24700,2.0
24700,2.0
24700,2.0
24700,2.0
24700,2.0
24800,2.0
24800,2.0
24800,2.0
24800,2.0
24800,1.0
24800,1.0
24800,2.0
24800,2.0
24800,2.0
24800,2.0
24800,2.0
24800,2.0
24800,2.0
24800,2.0
24800,2.0
24800,2.0
24800,2.0
24800,2.0
24800,2.0
24800,2.0
24800,2.0
24800,2.0
24800,2.0
24800,1.0
24800,2.0
24900,2.0
24900,2.0
24900,2.0
24900,2.0
24900,2.0
24900,2.0
24900,1.0
24900,2.0
24900,2.0
24900,2.0
24900,2.0
24900,2.0
24900,2.0
24900,2.0
24900,1.0
24900,1.0
24900,2.0
24900,2.0
24900,2.0
24900,2.0
24900,2.0
24900,2.0
24900,1.0
24900,2.0
24900,2.0
24900,2.0
24900,2.0
24900,2.0
24900,2.0
24900,2.0
25000,2.0
25000,2.0
25000,2.0
25000,1.0
25000,2.0
25000,1.0
25000,2.0
25000,2.0
25000,1.0
25000,1.0
25000,2.0
25000,2.0
25000,2.0
25000,2.0
25000,2.0
25000,2.0
25000,1.0
25000,2.0
25000,2.0
25000,2.0
25000,2.0
25000,2.0
25000,2.0
25000,2.0
25000,2.0
25100,2.0
25100,2.0
25100,2.0
25100,2.0
25100,2.0
25100,2.0
25100,2.0
25100,2.0
25100,2.0
25100,1.0
25100,2.0
25100,2.0
25100,1.0
25100,1.0
25100,2.0
25100,2.0
25100,2.0
25100,2.0
25100,2.0
25100,2.0
25100,2.0
25100,2.0
25100,2.0
25200,2.0
25200,2.0
25200,2.0
25200,2.0
25200,2.0
25200,2.0
25200,2.0
25200,1.0
25200,2.0
25200,2.0
25200,2.0
25200,2.0
25200,1.0
25200,2.0
25200,2.0
25200,2.0
25200,1.0
25200,2.0
25200,2.0
25200,1.0
25200,2.0
25200,2.0
25200,2.0
25200,2.0
25200,1.0
25200,2.0
25200,1.0
25200,2.0
25300,2.0
25300,2.0
25300,2.0
25300,2.0
25300,2.0
25300,2.0
25300,2.0
25300,2.0
25300,2.0
25300,2.0
25300,2.0
25300,1.0
25300,1.0
25300,1.0
25300,1.0
25300,2.0
25300,1.0
25300,2.0
25300,2.0
25300,2.0
25300,2.0
25300,2.0
25300,1.0
25300,2.0
25300,2.0
25300,2.0
25300,2.0
25300,2.0
25300,2.0
25300,2.0
25300,1.0
25300,1.0
25400,2.0
25400,2.0
25400,2.0
25400,2.0
25400,1.0
25400,2.0
25400,2.0
25400,1.0
25400,2.0
25400,2.0
25400,1.0
25400,2.0
25400,2.0
25400,2.0
25400,2.0
25400,1.0
25400,2.0
25400,2.0
25400,2.0
25400,2.0
25400,2.0
25500,2.0
25500,2.0
25500,2.0
25500,2.0
25500,1.0
25500,1.0
25500,2.0
25500,2.0
25500,2.0
25500,2.0
25500,2.0
25500,1.0
25500,1.0
25500,2.0
25500,2.0
25500,2.0
25500,2.0
25500,1.0
25500,2.0
25500,2.0
25500,2.0
25500,2.0
25500,1.0
25500,1.0
25500,1.0
25500,2.0
25500,2.0
25500,1.0
25500,1.0
25600,2.0
25600,2.0
25600,2.0
25600,2.0
25600,2.0
25600,2.0
25600,2.0
25600,2.0
25600,2.0
25600,2.0
25600,2.0
25600,2.0
25600,2.0
25600,2.0
25600,2.0
25600,1.0
25600,2.0
25600,2.0
25600,2.0
25700,1.0
25700,2.0
25700,2.0
25700,2.0
25700,2.0
25700,2.0
25700,1.0
25700,2.0
25700,2.0
25700,2.0
25700,2.0
25700,2.0
25700,2.0
25700,2.0
25700,2.0
25700,2.0
25700,2.0
25700,2.0
25700,2.0
25700,2.0
25700,2.0
25700,2.0
25700,2.0
25700,1.0
25700,2.0
25700,2.0
25700,2.0
25700,2.0
25700,2.0
25700,2.0
25700,2.0
25700,2.0
25700,2.0
25700,2.0
25800,1.0
25800,2.0
25800,1.0
25800,2.0
25800,1.0
25800,2.0
25800,2.0
25800,2.0
25800,2.0
25800,1.0
25800,2.0
25800,2.0
25800,2.0
25800,2.0
25800,2.0
25800,1.0
25800,1.0
25800,2.0
25800,2.0
25800,2.0
25800,2.0
25800,2.0
25800,2.0
25800,2.0
25900,2.0
25900,2.0
25900,1.0
25900,2.0
25900,2.0
25900,2.0
25900,2.0
25900,2.0
25900,2.0
25900,2.0
25900,2.0
25900,2.0
25900,2.0
25900,2.0
25900,2.0
25900,2.0
25900,2.0
25900,2.0
25900,2.0
25900,2.0
25900,1.0
25900,2.0
25900,2.0
25900,1.0
25900,1.0
25900,2.0
25900,2.0
26000,2.0
26000,2.0
26000,2.0
26000,2.0
26000,1.0
26000,2.0
26000,2.0
26000,2.0
26000,1.0
26000,2.0
26000,1.0
26000,2.0
26000,2.0
26000,2.0
26000,2.0
26000,2.0
26000,2.0
26000,2.0
26100,1.0
26100,2.0
26100,2.0
26100,2.0
26100,2.0
26100,2.0
26100,2.0
26100,2.0
26100,2.0
26100,2.0
26100,2.0
26100,2.0
26100,2.0
26100,2.0
26100,2.0
26100,2.0
26100,2.0
26100,2.0
26100,2.0
26100,2.0
26100,1.0
26100,2.0
26100,2.0
26100,2.0
26100,2.0
26100,2.0
26100,2.0
26100,2.0
26100,2.0
26100,2.0
26100,2.0
26100,2.0
26100,2.0
26200,1.0
26200,2.0
26200,1.0
26200,1.0
26200,2.0
26200,1.0
26200,2.0
26200,2.0
26200,2.0
26200,2.0
26200,2.0
26200,2.0
26200,2.0
26200,2.0
26200,2.0
26200,1.0
26200,2.0
26200,2.0
26200,2.0
26200,2.0
26200,2.0
26200,1.0
26200,2.0
26200,2.0
26200,2.0
26200,2.0
26200,2.0
26200,2.0
26300,2.0
26300,2.0
26300,2.0
26300,2.0
26300,2.0
26300,1.0
26300,1.0
26300,2.0
26300,1.0
26300,2.0
26300,2.0
26300,1.0
26300,2.0
26300,1.0
26300,2.0
26300,2.0
26300,2.0
26300,2.0
26300,2.0
26300,2.0
26300,2.0
26300,2.0
26300,2.0
26300,2.0
26300,1.0
26300,2.0
26300,2.0
26400,2.0
26400,2.0
26400,2.0
26400,1.0
26400,1.0
26400,2.0
26400,1.0
26400,2.0
26400,2.0
26400,2.0
26400,2.0
26400,1.0
26400,2.0
26400,1.0
26400,1.0
26400,2.0
26400,1.0
26400,1.0
26400,2.0
26400,2.0
26500,2.0
26500,2.0
26500,2.0
26500,2.0
26500,2.0
26500,1.0
26500,2.0
26500,2.0
26500,2.0
26500,2.0
26500,2.0
26500,2.0
26500,2.0
26500,1.0
26500,2.0
26500,2.0
26500,2.0
26500,2.0
26500,2.0
26500,2.0
26500,2.0
26500,2.0
26500,2.0
26500,2.0
26500,2.0
26500,2.0
26500,2.0
26600,1.0
26600,2.0
26600,2.0
26600,2.0
26600,2.0
26600,2.0
26600,2.0
26600,2.0
26600,1.0
26600,2.0
26600,2.0
26600,2.0
26600,2.0
26600,2.0
26600,2.0
26600,2.0
26600,2.0
26600,1.0
26600,1.0
26600,1.0
26600,2.0
26600,2.0
26600,2.0
26600,2.0
26600,2.0
26600,2.0
26600,2.0
26600,2.0
26600,2.0
26600,2.0
26600,2.0
26700,2.0
26700,2.0
26700,2.0
26700,2.0
26700,2.0
26700,2.0
26700,2.0
26700,2.0
26700,2.0
26700,2.0
26700,2.0
26700,1.0
26700,2.0
26700,2.0
26700,2.0
26700,2.0
26700,1.0
26700,2.0
26700,2.0
26700,1.0
26700,2.0
26700,1.0
26700,1.0
26700,2.0
26700,2.0
26700,2.0
26700,2.0
26800,2.0
26800,2.0
26800,2.0
26800,1.0
26800,1.0
26800,1.0
26800,2.0
26800,2.0
26800,2.0
26800,2.0
26800,1.0
26800,2.0
26800,2.0
26800,2.0
26800,2.0
26800,2.0
26800,2.0
26800,2.0
26800,2.0
26900,2.0
26900,2.0
26900,2.0
26900,2.0
26900,2.0
26900,1.0
26900,2.0
26900,2.0
26900,2.0
26900,2.0
26900,2.0
26900,2.0
26900,1.0
26900,2.0
26900,2.0
26900,2.0
26900,2.0
26900,2.0
26900,2.0
26900,2.0
26900,2.0
26900,2.0
26900,2.0
26900,2.0
26900,2.0
27000,2.0
27000,2.0
27000,2.0
27000,2.0
27000,2.0
27000,1.0
27000,2.0
27000,1.0
27000,2.0
27000,2.0
27000,2.0
27000,2.0
27000,2.0
27000,2.0
27000,1.0
27000,2.0
27000,2.0
27000,2.0
27000,2.0
27000,2.0
27000,2.0
27000,2.0
27000,2.0
27000,2.0
27000,2.0
27000,2.0
27000,2.0
27000,2.0
27000,2.0
27000,2.0
27000,1.0
27000,2.0
27000,2.0
27100,2.0
27100,2.0
27100,1.0
27100,2.0
27100,2.0
27100,2.0
27100,2.0
27100,2.0
27100,1.0
27100,1.0
27100,2.0
27100,2.0
27100,2.0
27100,2.0
27100,2.0
27100,2.0
27100,1.0
27100,2.0
27100,2.0
27100,2.0
27100,2.0
27100,2.0
27100,2.0
27100,2.0
27100,2.0
27100,2.0
27100,2.0
27200,2.0
27200,2.0
27200,2.0
27200,1.0
27200,1.0
27200,2.0
27200,1.0
27200,2.0
27200,1.0
27200,2.0
27200,2.0
27200,2.0
27200,1.0
27200,2.0
27200,2.0
27200,2.0
27200,2.0
27200,1.0
27200,1.0
27200,2.0
27200,1.0
27200,1.0
27200,2.0
27200,2.0
27300,2.0
27300,2.0
27300,2.0
27300,1.0
27300,2.0
27300,2.0
27300,2.0
27300,1.0
27300,1.0
27300,1.0
27300,2.0
27300,2.0
27300,2.0
27300,2.0
27300,1.0
27300,2.0
27300,2.0
27300,2.0
27300,2.0
27300,1.0
27300,2.0
27300,2.0
27400,2.0
27400,2.0
27400,2.0
27400,2.0
27400,1.0
27400,2.0
27400,2.0
27400,2.0
27400,2.0
27400,2.0
27400,2.0
27400,2.0
27400,2.0
27400,1.0
27400,2.0
27400,2.0
27400,2.0
27400,2.0
27400,2.0
27400,2.0
27400,2.0
27400,2.0
27400,2.0
27400,2.0
27400,2.0
27400,2.0
27400,2.0
27400,2.0
27400,2.0
27500,2.0
27500,2.0
27500,2.0
27500,2.0
27500,1.0
27500,2.0
27500,2.0
27500,2.0
27500,2.0
27500,2.0
27500,2.0
27500,2.0
27500,2.0
27500,2.0
27500,2.0
27500,2.0
27500,2.0
27500,2.0
27500,2.0
27500,2.0
27500,2.0
27500,2.0
27500,2.0
27500,2.0
27500,2.0
27500,1.0
27500,2.0
27600,2.0
27600,2.0
27600,2.0
27600,2.0
27600,2.0
27600,2.0
27600,2.0
27600,2.0
27600,2.0
27600,2.0
27600,2.0
27600,2.0
27600,2.0
27600,1.0
27600,1.0
27600,2.0
27600,2.0
27600,2.0
27600,2.0
27600,2.0
27600,2.0
27600,2.0
27600,1.0
27600,2.0
27600,2.0
27700,2.0
27700,1.0
27700,2.0
27700,2.0
27700,2.0
27700,2.0
27700,2.0
27700,2.0
27700,2.0
27700,2.0
27700,1.0
27700,2.0
27700,2.0
27700,1.0
27700,1.0
27700,2.0
27700,2.0
27700,2.0
27700,2.0
27700,1.0
27700,2.0
27700,2.0
27700,2.0
27700,2.0
27800,2.0
27800,1.0
27800,2.0
27800,2.0
27800,2.0
27800,2.0
27800,2.0
27800,2.0
27800,2.0
27800,2.0
27800,2.0
27800,2.0
27800,2.0
27800,2.0
27800,2.0
27800,2.0
27800,2.0
27800,2.0
27800,2.0
27800,2.0
27800,1.0
27800,2.0
27800,2.0
27800,2.0
27800,2.0
27800,2.0
27900,2.0
27900,2.0
27900,2.0
27900,2.0
27900,2.0
27900,1.0
27900,1.0
27900,2.0
27900,2.0
27900,1.0
27900,2.0
27900,2.0
27900,2.0
27900,2.0
27900,2.0
27900,2.0
27900,2.0
27900,2.0
27900,2.0
27900,2.0
27900,1.0
27900,2.0
27900,2.0
27900,2.0
27900,1.0
27900,2.0
27900,2.0
27900,2.0
27900,2.0
27900,2.0
28000,2.0
28000,2.0
28000,2.0
28000,2.0
28000,2.0
28000,2.0
28000,1.0
28000,2.0
28000,2.0
28000,1.0
28000,2.0
28000,2.0
28000,2.0
28000,2.0
28000,2.0
28000,2.0
28000,2.0
28000,2.0
28000,2.0
28000,1.0
28000,2.0
28000,2.0
28000,2.0
28100,2.0
28100,2.0
28100,2.0
28100,2.0
28100,1.0
28100,2.0
28100,2.0
28100,2.0
28100,2.0
28100,2.0
28100,2.0
28100,2.0
28100,2.0
28100,2.0
28100,2.0
28100,2.0
28100,2.0
28100,2.0
28100,2.0
28100,2.0
28100,2.0
28100,2.0
28200,1.0
28200,2.0
28200,1.0
28200,2.0
28200,2.0
28200,2.0
28200,2.0
28200,1.0
28200,1.0
28200,2.0
28200,2.0
28200,2.0
28200,2.0
28200,2.0
28200,2.0
28200,1.0
28200,2.0
28200,2.0
28200,2.0
28200,2.0
28200,2.0
28200,1.0
28200,2.0
28200,2.0
28200,2.0
28200,2.0
28200,2.0
28200,2.0
28200,2.0
28200,2.0
28200,2.0
28300,2.0
28300,2.0
28300,2.0
28300,2.0
28300,2.0
28300,1.0
28300,2.0
28300,2.0
28300,2.0
28300,2.0
28300,2.0
28300,2.0
28300,1.0
28300,1.0
28300,2.0
28300,2.0
28300,2.0
28300,2.0
28300,2.0
28300,1.0
28300,2.0
28300,2.0
28300,1.0
28300,2.0
28300,2.0
28300,2.0
28300,2.0
28300,2.0
28300,2.0
28400,1.0
28400,1.0
28400,2.0
28400,2.0
28400,2.0
28400,2.0
28400,1.0
28400,2.0
28400,2.0
28400,2.0
28400,2.0
28400,2.0
28400,2.0
28400,2.0
28400,2.0
28400,2.0
28400,2.0
28400,2.0
28400,2.0
28400,2.0
28400,2.0
28500,2.0
28500,2.0
28500,1.0
28500,2.0
28500,2.0
28500,2.0
28500,2.0
28500,2.0
28500,2.0
28500,1.0
28500,2.0
28500,1.0
28500,1.0
28500,1.0
28500,2.0
28500,2.0
28500,2.0
28500,2.0
28500,1.0
28500,2.0
28500,2.0
28500,2.0
28500,2.0
28500,2.0
28500,2.0
28600,2.0
28600,2.0
28600,2.0
28600,2.0
28600,2.0
28600,2.0
28600,2.0
28600,2.0
28600,2.0
28600,2.0
28600,2.0
28600,2.0
28600,2.0
28600,2.0
28600,1.0
28600,2.0
28600,2.0
28600,1.0
28600,2.0
28600,2.0
28600,1.0
28600,2.0
28600,2.0
28600,1.0
28600,2.0
28600,2.0
28600,2.0
28600,2.0
28600,2.0
28700,2.0
28700,2.0
28700,2.0
28700,2.0
28700,2.0
28700,2.0
28700,2.0
28700,2.0
28700,2.0
28700,2.0
28700,1.0
28700,2.0
28700,2.0
28700,2.0
28700,2.0
28700,2.0
28700,2.0
28700,2.0
28700,1.0
28700,1.0
28700,2.0
28700,2.0
28700,1.0
28700,2.0
28700,2.0
28700,2.0
28700,2.0
28700,2.0
28700,2.0
28800,1.0
28800,2.0
28800,2.0
28800,2.0
28800,2.0
28800,2.0
28800,2.0
28800,2.0
28800,2.0
28800,2.0
28800,2.0
28800,2.0
28800,2.0
28800,2.0
28800,2.0
28800,1.0
28800,2.0
28800,1.0
28800,2.0
28800,2.0
28800,1.0
28900,2.0
28900,2.0
28900,2.0
28900,1.0
28900,2.0
28900,2.0
28900,2.0
28900,2.0
28900,2.0
28900,2.0
28900,2.0
28900,2.0
28900,2.0
28900,2.0
28900,1.0
28900,2.0
28900,2.0
28900,1.0
28900,2.0
28900,2.0
28900,2.0
28900,2.0
28900,2.0
28900,2.0
28900,1.0
29000,2.0
29000,2.0
29000,2.0
29000,2.0
29000,2.0
29000,2.0
29000,2.0
29000,2.0
29000,2.0
29000,1.0
29000,2.0
29000,2.0
29000,2.0
29000,2.0
29000,2.0
29000,2.0
29000,1.0
29000,1.0
29000,2.0
29000,2.0
29000,2.0
29000,2.0
29000,2.0
29000,2.0
29000,2.0
29000,2.0
29000,2.0
29000,1.0
29000,2.0
29100,2.0
29100,2.0
29100,1.0
29100,2.0
29100,2.0
29100,1.0
29100,2.0
29100,2.0
29100,2.0
29100,2.0
29100,1.0
29100,2.0
29100,2.0
29100,2.0
29100,2.0
29100,2.0
29100,2.0
29100,2.0
29100,2.0
29100,2.0
29100,1.0
29100,2.0
29100,2.0
29100,2.0
29100,2.0
29100,2.0
29100,2.0
29100,2.0
29100,2.0
29200,2.0
29200,2.0
29200,2.0
29200,2.0
29200,2.0
29200,2.0
29200,1.0
29200,2.0
29200,2.0
29200,1.0
29200,2.0
29200,2.0
29200,2.0
29200,2.0
29200,2.0
29200,2.0
29200,1.0
29200,2.0
29200,2.0
29200,2.0
29300,2.0
29300,2.0
29300,2.0
29300,2.0
29300,2.0
29300,2.0
29300,2.0
29300,2.0
29300,2.0
29300,2.0
29300,2.0
29300,2.0
29300,2.0
29300,2.0
29300,2.0
29300,2.0
29300,2.0
29300,2.0
29300,1.0
29300,2.0
29300,2.0
29300,2.0
29300,2.0
29400,1.0
29400,2.0
29400,1.0
29400,2.0
29400,2.0
29400,2.0
29400,2.0
29400,1.0
29400,2.0
29400,2.0
29400,1.0
29400,2.0
29400,2.0
29400,2.0
29400,1.0
29400,2.0
29400,2.0
29400,2.0
29400,1.0
29400,2.0
29400,1.0
29400,2.0
29400,1.0
29400,1.0
29400,1.0
29400,2.0
29400,2.0
29400,2.0
29400,2.0
29400,2.0
29400,2.0
29400,2.0
29400,2.0
29400,2.0
29400,2.0
29400,2.0
29400,2.0
29400,2.0
29500,2.0
29500,2.0
29500,2.0
29500,1.0
29500,2.0
29500,2.0
29500,2.0
29500,2.0
29500,2.0
29500,2.0
29500,2.0
29500,2.0
29500,2.0
29500,2.0
29500,2.0
29500,2.0
29500,2.0
29500,2.0
29500,2.0
29500,1.0
29500,2.0
29600,2.0
29600,1.0
29600,2.0
29600,2.0
29600,2.0
29600,2.0
29600,2.0
29600,1.0
29600,2.0
29600,2.0
29600,2.0
29600,2.0
29600,2.0
29600,2.0
29600,2.0
29600,2.0
29600,2.0
29600,2.0
29600,2.0
29600,1.0
29600,2.0
29700,2.0
29700,2.0
29700,2.0
29700,2.0
29700,2.0
29700,2.0
29700,2.0
29700,2.0
29700,1.0
29700,1.0
29700,2.0
29700,1.0
29700,2.0
29700,2.0
29700,1.0
29700,2.0
29700,2.0
29700,2.0
29700,2.0
29700,2.0
29700,1.0
29700,2.0
29700,1.0
29700,1.0
29700,2.0
29700,2.0
29700,2.0
29800,2.0
29800,1.0
29800,2.0
29800,1.0
29800,2.0
29800,2.0
29800,2.0
29800,2.0
29800,2.0
29800,2.0
29800,2.0
29800,2.0
29800,2.0
29800,2.0
29800,2.0
29800,2.0
29800,2.0
29800,2.0
29800,2.0
29800,2.0
29800,2.0
29800,2.0
29800,2.0
29800,2.0
29800,2.0
29800,2.0
29800,2.0
29800,2.0
29800,2.0
29800,1.0
29800,2.0
29800,2.0
29800,2.0
29800,2.0
29900,2.0
29900,2.0
29900,2.0
29900,2.0
29900,2.0
29900,1.0
29900,2.0
29900,2.0
29900,2.0
29900,2.0
29900,2.0
29900,2.0
29900,2.0
29900,2.0
29900,2.0
29900,2.0
29900,2.0
29900,2.0
29900,2.0
30000,2.0
30000,2.0
30000,2.0
30000,1.0
30000,2.0
30000,2.0
30000,2.0
30000,2.0
30000,2.0
30000,2.0
30000,2.0
30000,2.0
30000,1.0
30000,2.0
30000,2.0
30000,2.0
30000,1.0
30000,2.0
30000,2.0
30000,2.0
30000,2.0
30000,2.0
30000,2.0
30000,1.0
30100,2.0
30100,2.0
30100,1.0
30100,2.0
30100,2.0
30100,2.0
30100,2.0
30100,1.0
30100,2.0
30100,2.0
30100,2.0
30100,2.0
30100,2.0
30100,2.0
30100,2.0
30100,2.0
30100,2.0
30100,1.0
30100,2.0
30100,1.0
30100,2.0
30100,1.0
30100,1.0
30100,2.0
30100,2.0
30100,1.0
30100,2.0
30100,2.0
30100,2.0
30100,2.0
30200,2.0
30200,2.0
30200,2.0
30200,2.0
30200,2.0
30200,1.0
30200,1.0
30200,2.0
30200,2.0
30200,2.0
30200,2.0
30200,2.0
30200,2.0
30200,2.0
30200,2.0
30200,2.0
30200,1.0
30200,2.0
30200,2.0
30200,2.0
30200,2.0
30200,2.0
30200,2.0
30200,2.0
30200,2.0
30200,2.0
30200,2.0
30200,2.0
30200,2.0
30200,2.0
30300,1.0
30300,2.0
30300,2.0
30300,2.0
30300,2.0
30300,2.0
30300,2.0
30300,2.0
30300,2.0
30300,2.0
30300,2.0
30300,2.0
30300,2.0
30300,2.0
30300,2.0
30300,2.0
30300,2.0
30400,1.0
30400,2.0
30400,2.0
30400,2.0
30400,2.0
30400,2.0
30400,1.0
30400,2.0
30400,2.0
30400,1.0
30400,2.0
30400,2.0
30400,2.0
30400,2.0
30400,2.0
30400,2.0
30400,2.0
30400,2.0
30400,2.0
30400,1.0
30400,2.0
30400,2.0
30400,2.0
30400,2.0
30400,2.0
30400,2.0
30400,2.0
30500,2.0
30500,2.0
30500,2.0
30500,2.0
30500,2.0
30500,2.0
30500,1.0
30500,1.0
30500,2.0
30500,2.0
30500,2.0
30500,2.0
30500,2.0
30500,2.0
30500,2.0
30500,2.0
30500,2.0
30500,2.0
30500,2.0
30500,2.0
30500,2.0
30500,1.0
30500,1.0
30500,2.0
30500,2.0
30500,1.0
30500,2.0
30500,2.0
30500,2.0
30500,2.0
30500,2.0
30600,2.0
30600,1.0
30600,1.0
30600,2.0
30600,1.0
30600,2.0
30600,2.0
30600,1.0
30600,2.0
30600,2.0
30600,2.0
30600,2.0
30600,2.0
30600,2.0
30600,2.0
30600,2.0
30600,2.0
30600,2.0
30600,2.0
30600,2.0
30600,2.0
30600,1.0
30600,2.0
30600,2.0
30600,2.0
30600,2.0
30600,2.0
30600,2.0
30600,2.0
30600,2.0
30700,1.0
30700,2.0
30700,2.0
30700,2.0
30700,2.0
30700,1.0
30700,1.0
30700,2.0
30700,2.0
30700,2.0
30700,1.0
30700,2.0
30700,2.0
30700,2.0
30700,2.0
30700,2.0
30700,1.0
30700,1.0
30700,1.0
30800,2.0
30800,2.0
30800,1.0
30800,1.0
30800,2.0
30800,2.0
30800,1.0
30800,2.0
30800,2.0
30800,2.0
30800,2.0
30800,1.0
30800,1.0
30800,2.0
30800,2.0
30800,2.0
30800,2.0
30800,2.0
30800,2.0
30800,2.0
30800,1.0
30800,2.0
30800,1.0
30800,2.0
30800,1.0
30800,2.0
30800,2.0
30800,2.0
30900,2.0
30900,2.0
30900,2.0
30900,2.0
30900,2.0
30900,2.0
30900,1.0
30900,1.0
30900,2.0
30900,2.0
30900,2.0
30900,2.0
30900,2.0
30900,2.0
30900,2.0
30900,2.0
30900,1.0
30900,1.0
30900,1.0
30900,2.0
30900,2.0
30900,1.0
30900,2.0
30900,1.0
30900,2.0
30900,2.0
30900,2.0
30900,2.0
30900,2.0
30900,2.0
31000,2.0
31000,2.0
31000,2.0
31000,2.0
31000,2.0
31000,2.0
31000,2.0
31000,2.0
31000,2.0
31000,1.0
31000,2.0
31000,2.0
31000,2.0
31000,2.0
31000,2.0
31000,2.0
31000,2.0
31000,2.0
31000,1.0
31000,2.0
31000,2.0
31000,2.0
31000,2.0
31000,2.0
31000,2.0
31100,1.0
31100,2.0
31100,2.0
31100,2.0
31100,2.0
31100,2.0
31100,2.0
31100,1.0
31100,2.0
31100,2.0
31100,1.0
31100,2.0
31100,2.0
31100,2.0
31100,1.0
31100,2.0
31100,2.0
31100,1.0
31100,2.0
31100,2.0
31100,2.0
31100,2.0
31200,2.0
31200,2.0
31200,2.0
31200,2.0
31200,2.0
31200,2.0
31200,2.0
31200,1.0
31200,1.0
31200,2.0
31200,2.0
31200,2.0
31200,2.0
31200,2.0
31200,2.0
31200,2.0
31200,2.0
31200,2.0
31200,2.0
31200,2.0
31200,2.0
31200,2.0
31200,2.0
31200,1.0
31200,1.0
31200,2.0
31200,2.0
31300,2.0
31300,2.0
31300,2.0
31300,2.0
31300,1.0
31300,2.0
31300,2.0
31300,2.0
31300,2.0
31300,2.0
31300,1.0
31300,2.0
31300,1.0
31300,2.0
31300,2.0
31300,2.0
31300,2.0
31300,2.0
31300,2.0
31300,2.0
31300,2.0
31300,2.0
31300,1.0
31300,1.0
31300,2.0
31300,2.0
31300,2.0
31300,2.0
31300,2.0
31300,2.0
31300,2.0
31400,2.0
31400,2.0
31400,2.0
31400,2.0
31400,2.0
31400,2.0
31400,2.0
31400,2.0
31400,2.0
31400,2.0
31400,2.0
31400,2.0
31400,2.0
31400,1.0
31400,1.0
31400,2.0
31400,1.0
31400,2.0
31400,2.0
31400,1.0
31400,2.0
31400,2.0
31400,2.0
31400,2.0
31500,2.0
31500,2.0
31500,2.0
31500,2.0
31500,2.0
31500,2.0
31500,2.0
31500,1.0
31500,2.0
31500,2.0
31500,1.0
31500,1.0
31500,2.0
31500,2.0
31500,2.0
31500,1.0
31500,2.0
31500,2.0
31500,2.0
31500,2.0
31500,2.0
31500,2.0
31600,2.0
31600,2.0
31600,2.0
31600,2.0
31600,2.0
31600,1.0
31600,2.0
31600,2.0
31600,2.0
31600,1.0
31600,2.0
31600,1.0
31600,2.0
31600,2.0
31600,1.0
31600,2.0
31600,1.0
31600,2.0
31600,2.0
31600,2.0
31600,2.0
31600,2.0
31600,2.0
31600,2.0
31600,2.0
31600,2.0
31600,2.0
31600,2.0
31700,2.0
31700,2.0
31700,2.0
31700,2.0
31700,2.0
31700,2.0
31700,1.0
31700,1.0
31700,2.0
31700,2.0
31700,2.0
31700,2.0
31700,2.0
31700,2.0
31700,2.0
31700,2.0
31700,2.0
31700,1.0
31700,1.0
31700,2.0
31700,2.0
31700,2.0
31700,2.0
31700,2.0
31700,2.0
31700,2.0
31700,2.0
31700,2.0
31700,2.0
31700,2.0
31800,1.0
31800,2.0
31800,2.0
31800,1.0
31800,2.0
31800,2.0
31800,2.0
31800,2.0
31800,2.0
31800,2.0
31800,1.0
31800,2.0
31800,1.0
31800,2.0
31800,2.0
31800,1.0
31800,2.0
31800,2.0
31800,2.0
31800,1.0
31800,2.0
31800,2.0
31800,2.0
31800,2.0
31800,2.0
31800,2.0
31900,1.0
31900,2.0
31900,1.0
31900,2.0
31900,2.0
31900,1.0
31900,2.0
31900,2.0
31900,2.0
31900,2.0
31900,2.0
31900,2.0
31900,2.0
31900,1.0
31900,2.0
31900,2.0
31900,2.0
31900,2.0
31900,2.0
31900,2.0
32000,2.0
32000,2.0
32000,2.0
32000,2.0
32000,2.0
32000,2.0
32000,2.0
32000,2.0
32000,2.0
32000,2.0
32000,2.0
32000,2.0
32000,2.0
32000,1.0
32000,2.0
32000,2.0
32000,2.0
32000,2.0
32000,1.0
32000,2.0
32000,1.0
32000,1.0
32000,2.0
32000,2.0
32000,2.0
32000,2.0
32000,2.0
32000,2.0
32100,2.0
32100,2.0
32100,2.0
32100,1.0
32100,2.0
32100,2.0
32100,2.0
32100,2.0
32100,2.0
32100,2.0
32100,2.0
32100,2.0
32100,2.0
32100,2.0
32100,2.0
32100,2.0
32100,2.0
32100,2.0
32100,2.0
32100,2.0
32100,2.0
32100,2.0
32100,2.0
32100,2.0
32100,2.0
32100,2.0
32100,2.0
32200,1.0
32200,2.0
32200,1.0
32200,2.0
32200,2.0
32200,1.0
32200,2.0
32200,2.0
32200,2.0
32200,2.0
32200,2.0
32200,2.0
32200,2.0
32200,2.0
32200,2.0
32200,1.0
32200,2.0
32200,2.0
32200,2.0
32200,2.0
32200,2.0
32200,2.0
32200,2.0
32200,2.0
32200,2.0
32200,2.0
32200,2.0
32200,2.0
32200,2.0
32300,1.0
32300,2.0
32300,2.0
32300,1.0
32300,1.0
32300,2.0
32300,2.0
32300,1.0
32300,2.0
32300,2.0
32300,2.0
32300,2.0
32300,2.0
32300,1.0
32300,2.0
32300,2.0
32300,1.0
32300,2.0
32300,2.0
32300,2.0
32300,2.0
32300,1.0
32300,2.0
32300,1.0
32400,2.0
32400,2.0
32400,1.0
32400,2.0
32400,1.0
32400,1.0
32400,2.0
32400,2.0
32400,2.0
32400,2.0
32400,2.0
32400,2.0
32400,1.0
32400,1.0
32400,1.0
32400,2.0
32400,2.0
32400,2.0
32400,2.0
32400,2.0
32400,1.0
32400,2.0
32400,1.0
32400,2.0
32400,2.0
32400,2.0
32400,2.0
32400,1.0
32400,2.0
32500,2.0
32500,2.0
32500,1.0
32500,2.0
32500,1.0
32500,2.0
32500,2.0
32500,2.0
32500,2.0
32500,2.0
32500,1.0
32500,2.0
32500,2.0
32500,2.0
32500,2.0
32500,2.0
32500,2.0
32500,1.0
32500,2.0
32500,1.0
32500,1.0
32500,1.0
32500,2.0
32500,2.0
32500,2.0
32500,1.0
32600,2.0
32600,2.0
32600,2.0
32600,2.0
32600,1.0
32600,2.0
32600,2.0
32600,2.0
32600,2.0
32600,1.0
32600,1.0
32600,2.0
32600,2.0
32600,2.0
32600,2.0
32600,2.0
32600,2.0
32600,2.0
32600,2.0
32600,2.0
32600,2.0
32600,2.0
32600,2.0
32600,2.0
32700,2.0
32700,2.0
32700,1.0
32700,2.0
32700,2.0
32700,2.0
32700,2.0
32700,1.0
32700,2.0
32700,2.0
32700,2.0
32700,2.0
32700,1.0
32700,2.0
32700,2.0
32700,2.0
32700,1.0
32700,2.0
32700,2.0
32700,2.0
32700,2.0
32700,2.0
32700,2.0
32700,2.0
32700,2.0
32700,1.0
32700,1.0
32800,2.0
32800,2.0
32800,2.0
32800,2.0
32800,2.0
32800,2.0
32800,2.0
32800,2.0
32800,2.0
32800,2.0
32800,2.0
32800,2.0
32800,2.0
32800,2.0
32800,1.0
32800,2.0
32800,2.0
32800,2.0
32800,2.0
32800,2.0
32800,1.0
32800,2.0
32800,2.0
32800,2.0
32800,2.0
32800,1.0
32800,1.0
32900,2.0
32900,2.0
32900,1.0
32900,2.0
32900,1.0
32900,2.0
32900,2.0
32900,2.0
32900,2.0
32900,2.0
32900,2.0
32900,2.0
32900,2.0
32900,2.0
32900,2.0
32900,2.0
32900,2.0
32900,2.0
32900,2.0
32900,1.0
32900,2.0
32900,2.0
32900,2.0
32900,2.0
32900,2.0
33000,2.0
33000,1.0
33000,1.0
33000,2.0
33000,2.0
33000,2.0
33000,2.0
33000,2.0
33000,2.0
33000,2.0
33000,1.0
33000,2.0
33000,2.0
33000,2.0
33000,2.0
33000,2.0
33000,2.0
33000,2.0
33000,2.0
33000,2.0
33000,2.0
33000,2.0
33000,2.0
33000,1.0
33000,2.0
33100,2.0
33100,2.0
33100,2.0
33100,2.0
33100,2.0
33100,2.0
33100,1.0
33100,1.0
33100,2.0
33100,2.0
33100,2.0
33100,2.0
33100,2.0
33100,1.0
33100,2.0
33100,2.0
33100,2.0
33100,2.0
33100,2.0
33100,2.0
33100,2.0
33100,2.0
33100,2.0
33100,1.0
33100,2.0
33100,2.0
33100,2.0
33200,2.0
33200,2.0
33200,2.0
33200,2.0
33200,2.0
33200,2.0
33200,2.0
33200,2.0
33200,2.0
33200,2.0
33200,1.0
33200,2.0
33200,1.0
33200,2.0
33200,2.0
33200,2.0
33200,1.0
33200,2.0
33200,2.0
33200,2.0
33200,2.0
33200,2.0
33200,1.0
33200,2.0
33200,2.0
33200,2.0
33200,1.0
33200,2.0
33200,1.0
33200,1.0
33300,2.0
33300,2.0
33300,1.0
33300,2.0
33300,2.0
33300,1.0
33300,2.0
33300,1.0
33300,2.0
33300,2.0
33300,2.0
33300,1.0
33300,2.0
33300,2.0
33300,2.0
33300,2.0
33300,2.0
33300,2.0
33300,1.0
33300,1.0
33300,2.0
33300,1.0
33300,2.0
33300,2.0
33300,2.0
33400,1.0
33400,1.0
33400,2.0
33400,1.0
33400,2.0
33400,2.0
33400,2.0
33400,2.0
33400,2.0
33400,1.0
33400,2.0
33400,2.0
33400,2.0
33400,2.0
33400,1.0
33400,2.0
33400,2.0
33400,1.0
33400,1.0
33400,2.0
33400,2.0
33400,1.0
33400,1.0
33400,2.0
33400,2.0
33400,2.0
33400,2.0
33500,1.0
33500,1.0
33500,2.0
33500,2.0
33500,2.0
33500,2.0
33500,2.0
33500,2.0
33500,2.0
33500,2.0
33500,2.0
33500,2.0
33500,1.0
33500,2.0
33500,2.0
33500,2.0
33500,1.0
33500,2.0
33500,2.0
33500,2.0
33500,2.0
33500,2.0
33600,2.0
33600,2.0
33600,2.0
33600,2.0
33600,2.0
33600,2.0
33600,2.0
33600,2.0
33600,2.0
33600,2.0
33600,2.0
33600,2.0
33600,2.0
33600,1.0
33600,2.0
33600,1.0
33600,2.0
33600,2.0
33600,1.0
33600,2.0
33600,2.0
33600,2.0
33600,2.0
33600,1.0
33600,2.0
33600,2.0
33600,2.0
33600,2.0
33600,2.0
33600,2.0
33700,2.0
33700,2.0
33700,1.0
33700,2.0
33700,1.0
33700,2.0
33700,2.0
33700,1.0
33700,1.0
33700,2.0
33700,2.0
33700,2.0
33700,2.0
33700,1.0
33700,2.0
33700,2.0
33700,2.0
33700,2.0
33700,2.0
33700,1.0
33700,2.0
33700,2.0
33700,2.0
33700,2.0
33700,2.0
33700,2.0
33700,2.0
33800,2.0
33800,2.0
33800,2.0
33800,2.0
33800,2.0
33800,2.0
33800,1.0
33800,1.0
33800,2.0
33800,2.0
33800,2.0
33800,2.0
33800,1.0
33800,2.0
33800,2.0
33800,1.0
33800,2.0
33800,2.0
33800,2.0
33800,1.0
33800,2.0
33800,2.0
33800,1.0
33800,2.0
33800,2.0
33800,1.0
33800,2.0
33800,2.0
33900,2.0
33900,2.0
33900,1.0
33900,1.0
33900,2.0
33900,1.0
33900,1.0
33900,2.0
33900,2.0
33900,2.0
33900,2.0
33900,1.0
33900,2.0
33900,2.0
33900,2.0
33900,2.0
33900,2.0
33900,2.0
33900,2.0
33900,2.0
33900,1.0
34000,1.0
34000,2.0
34000,1.0
34000,2.0
34000,2.0
34000,2.0
34000,2.0
34000,1.0
34000,2.0
34000,1.0
34000,2.0
34000,1.0
34000,2.0
34000,1.0
34000,2.0
34000,2.0
34000,2.0
34000,2.0
34000,2.0
34000,2.0
34000,1.0
34000,2.0
34000,2.0
34000,2.0
34000,2.0
34000,2.0
34000,2.0
34000,2.0
34000,2.0
34000,2.0
34000,1.0
34000,2.0
34100,2.0
34100,2.0
34100,2.0
34100,2.0
34100,2.0
34100,1.0
34100,2.0
34100,2.0
34100,2.0
34100,2.0
34100,1.0
34100,2.0
34100,2.0
34100,1.0
34100,2.0
34100,2.0
34100,2.0
34100,1.0
34100,2.0
34100,1.0
34100,2.0
34100,2.0
34100,2.0
34100,2.0
34200,2.0
34200,2.0
34200,2.0
34200,2.0
34200,1.0
34200,2.0
34200,2.0
34200,1.0
34200,2.0
34200,2.0
34200,2.0
34200,2.0
34200,1.0
34200,2.0
34200,2.0
34200,1.0
34200,2.0
34200,2.0
34200,2.0
34200,2.0
34200,2.0
34200,2.0
34200,2.0
34200,2.0
34200,2.0
34200,2.0
34200,2.0
34300,2.0
34300,2.0
34300,1.0
34300,2.0
34300,2.0
34300,2.0
34300,2.0
34300,2.0
34300,1.0
34300,1.0
34300,2.0
34300,2.0
34300,2.0
34300,1.0
34300,2.0
34300,2.0
34300,2.0
34300,1.0
34300,1.0
34300,2.0
34300,2.0
34300,2.0
34300,2.0
34300,1.0
34400,2.0
34400,2.0
34400,2.0
34400,2.0
34400,2.0
34400,2.0
34400,2.0
34400,2.0
34400,1.0
34400,2.0
34400,2.0
34400,2.0
34400,1.0
34400,1.0
34400,2.0
34400,2.0
34400,1.0
34400,2.0
34400,1.0
34400,1.0
34400,2.0
34400,2.0
34400,2.0
34400,2.0
34400,2.0
34400,2.0
34400,2.0
34400,1.0
34400,2.0
34400,1.0
34400,2.0
34400,2.0
34400,2.0
34500,2.0
34500,2.0
34500,1.0
34500,1.0
34500,2.0
34500,1.0
34500,2.0
34500,1.0
34500,2.0
34500,2.0
34500,2.0
34500,2.0
34500,2.0
34500,2.0
34500,2.0
34500,2.0
34500,2.0
34500,2.0
34500,2.0
34500,2.0
34600,2.0
34600,2.0
34600,2.0
34600,2.0
34600,2.0
34600,1.0
34600,2.0
34600,2.0
34600,2.0
34600,2.0
34600,2.0
34600,1.0
34600,2.0
34600,2.0
34600,2.0
34600,2.0
34600,2.0
34600,2.0
34600,2.0
34600,2.0
34600,1.0
34600,2.0
34600,2.0
34600,2.0
34600,2.0
34600,2.0
34700,1.0
34700,2.0
34700,1.0
34700,2.0
34700,2.0
34700,2.0
34700,2.0
34700,2.0
34700,1.0
34700,1.0
34700,2.0
34700,1.0
34700,2.0
34700,1.0
34700,2.0
34700,2.0
34700,2.0
34700,2.0
34700,2.0
34700,2.0
34700,2.0
34700,2.0
34700,2.0
34700,2.0
34700,1.0
34700,2.0
34700,1.0
34700,2.0
34700,1.0
34700,2.0
34800,2.0
34800,2.0
34800,1.0
34800,2.0
34800,1.0
34800,2.0
34800,2.0
34800,2.0
34800,2.0
34800,2.0
34800,2.0
34800,2.0
34800,2.0
34800,2.0
34800,2.0
34800,2.0
34800,2.0
34800,1.0
34800,2.0
34800,2.0
34800,1.0
34800,2.0
34800,2.0
34800,2.0
34800,1.0
34800,1.0
34800,2.0
34800,2.0
34800,2.0
34800,1.0
34800,2.0
34900,1.0
34900,2.0
34900,1.0
34900,1.0
34900,2.0
34900,2.0
34900,2.0
34900,2.0
34900,1.0
34900,2.0
34900,1.0
34900,2.0
34900,2.0
34900,2.0
34900,1.0
34900,2.0
34900,1.0
34900,1.0
34900,2.0
34900,1.0
34900,2.0
34900,2.0
35000,2.0
35000,2.0
35000,2.0
35000,2.0
35000,2.0
35000,2.0
35000,2.0
35000,2.0
35000,1.0
35000,2.0
35000,2.0
35000,2.0
35000,1.0
35000,2.0
35000,2.0
35000,2.0
35000,2.0
35000,2.0
35000,1.0
35000,2.0
35000,1.0
35100,2.0
35100,2.0
35100,2.0
35100,2.0
35100,2.0
35100,2.0
35100,2.0
35100,1.0
35100,2.0
35100,2.0
35100,2.0
35100,1.0
35100,2.0
35100,2.0
35100,1.0
35100,2.0
35100,2.0
35100,2.0
35100,2.0
35100,1.0
35100,2.0
35100,2.0
35100,1.0
35100,2.0
35100,2.0
35100,2.0
35100,1.0
35100,1.0
35100,2.0
35100,2.0
35100,2.0
35100,2.0
35100,2.0
35200,2.0
35200,2.0
35200,2.0
35200,2.0
35200,2.0
35200,2.0
35200,2.0
35200,2.0
35200,2.0
35200,1.0
35200,2.0
35200,1.0
35200,2.0
35200,2.0
35200,2.0
35200,2.0
35200,2.0
35200,2.0
35200,2.0
35200,2.0
35200,2.0
35200,2.0
35200,2.0
35200,2.0
35200,1.0
35200,1.0
35200,2.0
35200,2.0
35300,2.0
35300,2.0
35300,1.0
35300,2.0
35300,2.0
35300,2.0
35300,2.0
35300,2.0
35300,2.0
35300,2.0
35300,2.0
35300,2.0
35300,2.0
35300,2.0
35300,2.0
35300,2.0
35300,2.0
35300,2.0
35300,2.0
35400,2.0
35400,2.0
35400,2.0
35400,2.0
35400,1.0
35400,2.0
35400,2.0
35400,2.0
35400,2.0
35400,2.0
35400,2.0
35400,2.0
35400,2.0
35400,2.0
35400,2.0
35400,1.0
35400,2.0
35400,2.0
35400,2.0
35400,2.0
35400,2.0
35400,2.0
35500,2.0
35500,2.0
35500,1.0
35500,2.0
35500,1.0
35500,2.0
35500,2.0
35500,2.0
35500,2.0
35500,2.0
35500,2.0
35500,2.0
35500,2.0
35500,2.0
35500,2.0
35500,2.0
35500,2.0
35500,2.0
35500,2.0
35500,2.0
35500,2.0
35500,2.0
35500,2.0
35500,2.0
35500,2.0
35500,2.0
35500,2.0
35500,2.0
35500,2.0
35500,2.0
35500,2.0
35500,2.0
35500,2.0
35600,2.0
35600,2.0
35600,2.0
35600,2.0
35600,1.0
35600,2.0
35600,2.0
35600,1.0
35600,2.0
35600,2.0
35600,2.0
35600,1.0
35600,2.0
35600,2.0
35600,2.0
35600,2.0
35600,2.0
35600,2.0
35600,2.0
35600,1.0
35600,2.0
35600,1.0
35600,2.0
35600,1.0
35600,2.0
35600,2.0
35600,2.0
35600,2.0
35600,2.0
35600,2.0
35600,2.0
35600,2.0
35700,2.0
35700,2.0
35700,2.0
35700,2.0
35700,2.0
35700,1.0
35700,2.0
35700,1.0
35700,1.0
35700,2.0
35700,1.0
35700,1.0
35700,1.0
35700,2.0
35700,2.0
35700,2.0
35700,2.0
35700,2.0
35700,2.0
35800,2.0
35800,1.0
35800,2.0
35800,2.0
35800,2.0
35800,2.0
35800,2.0
35800,2.0
35800,2.0
35800,1.0
35800,2.0
35800,2.0
35800,2.0
35800,2.0
35800,2.0
35800,2.0
35800,1.0
35800,1.0
35800,2.0
35800,2.0
35900,2.0
35900,1.0
35900,2.0
35900,2.0
35900,2.0
35900,2.0
35900,1.0
35900,2.0
35900,2.0
35900,2.0
35900,2.0
35900,2.0
35900,2.0
35900,2.0
35900,2.0
35900,2.0
35900,2.0
35900,2.0
35900,1.0
35900,2.0
35900,2.0
35900,2.0
35900,2.0
35900,1.0
35900,1.0
35900,2.0
35900,2.0
35900,1.0
35900,2.0
35900,1.0
35900,2.0
35900,2.0
35900,2.0
35900,2.0
35900,2.0
35900,2.0
36000,2.0
36000,2.0
36000,2.0
36000,2.0
36000,1.0
36000,1.0
36000,2.0
36000,2.0
36000,2.0
36000,2.0
36000,2.0
36000,2.0
36000,2.0
36000,2.0
36000,2.0
36000,2.0
36000,2.0
36000,2.0
36000,2.0
36000,2.0
36000,1.0
36000,2.0
36000,2.0
36000,2.0
36000,1.0
36000,2.0
36000,2.0
36000,2.0
36000,2.0
36100,1.0
36100,1.0
36100,2.0
36100,2.0
36100,1.0
36100,2.0
36100,2.0
36100,1.0
36100,2.0
36100,2.0
36100,1.0
36100,2.0
36100,2.0
36100,2.0
36100,2.0
36100,2.0
36100,2.0
36100,2.0
36100,2.0
36100,2.0
36200,2.0
36200,2.0
36200,1.0
36200,1.0
36200,1.0
36200,2.0
36200,2.0
36200,1.0
36200,2.0
36200,2.0
36200,2.0
36200,1.0
36200,2.0
36200,2.0
36200,2.0
36200,2.0
36200,2.0
36200,2.0
36200,2.0
36200,2.0
36300,2.0
36300,2.0
36300,2.0
36300,2.0
36300,2.0
36300,2.0
36300,2.0
36300,2.0
36300,1.0
36300,2.0
36300,2.0
36300,2.0
36300,2.0
36300,2.0
36300,2.0
36300,2.0
36300,2.0
36300,2.0
36300,2.0
36300,1.0
36300,2.0
36300,2.0
36300,2.0
36300,2.0
36300,2.0
36300,2.0
36300,2.0
36300,1.0
36300,2.0
36300,2.0
36300,2.0
36300,2.0
36300,2.0
36300,2.0
36400,2.0
36400,2.0
36400,2.0
36400,2.0
36400,2.0
36400,2.0
36400,2.0
36400,2.0
36400,2.0
36400,1.0
36400,2.0
36400,2.0
36400,2.0
36400,2.0
36400,2.0
36400,2.0
36400,2.0
36400,2.0
36400,2.0
36400,2.0
36400,2.0
36400,2.0
36400,2.0
36400,2.0
36400,2.0
36400,2.0
36400,1.0
36400,2.0
36500,2.0
36500,2.0
36500,1.0
36500,2.0
36500,2.0
36500,2.0
36500,2.0
36500,2.0
36500,2.0
36500,2.0
36500,2.0
36500,2.0
36500,2.0
36500,2.0
36500,2.0
36500,1.0
36500,2.0
36500,2.0
36500,2.0
36500,1.0
36500,2.0
36500,1.0
36600,1.0
36600,2.0
36600,2.0
36600,2.0
36600,2.0
36600,1.0
36600,2.0
36600,1.0
36600,2.0
36600,1.0
36600,1.0
36600,2.0
36600,2.0
36600,1.0
36600,2.0
36600,1.0
36600,2.0
36600,2.0
36600,2.0
36600,2.0
36600,2.0
36600,2.0
36600,2.0
36700,2.0
36700,2.0
36700,2.0
36700,2.0
36700,2.0
36700,2.0
36700,2.0
36700,2.0
36700,2.0
36700,1.0
36700,2.0
36700,2.0
36700,2.0
36700,2.0
36700,2.0
36700,2.0
36700,2.0
36700,2.0
36700,2.0
36700,2.0
36700,2.0
36700,2.0
36700,1.0
36700,2.0
36700,2.0
36700,2.0
36700,1.0
36700,2.0
36700,2.0
36700,2.0
36800,2.0
36800,2.0
36800,2.0
36800,2.0
36800,2.0
36800,2.0
36800,2.0
36800,2.0
36800,2.0
36800,2.0
36800,2.0
36800,2.0
36800,2.0
36800,2.0
36800,1.0
36800,2.0
36800,2.0
36800,2.0
36800,2.0
36800,2.0
36800,2.0
36800,2.0
36800,2.0
36800,2.0
36800,2.0
36800,2.0
36800,1.0
36900,2.0
36900,2.0
36900,2.0
36900,2.0
36900,1.0
36900,2.0
36900,1.0
36900,2.0
36900,2.0
36900,1.0
36900,2.0
36900,2.0
36900,2.0
36900,2.0
36900,2.0
36900,1.0
36900,2.0
36900,2.0
36900,2.0
36900,2.0
36900,2.0
36900,2.0
36900,2.0
36900,2.0
37000,2.0
37000,2.0
37000,2.0
37000,2.0
37000,2.0
37000,2.0
37000,2.0
37000,1.0
37000,1.0
37000,2.0
37000,2.0
37000,1.0
37000,2.0
37000,2.0
37000,1.0
37000,2.0
37000,2.0
37000,2.0
37000,2.0
37000,2.0
37000,2.0
37000,2.0
37000,2.0
37100,2.0
37100,2.0
37100,2.0
37100,2.0
37100,2.0
37100,2.0
37100,1.0
37100,2.0
37100,2.0
37100,2.0
37100,2.0
37100,2.0
37100,2.0
37100,2.0
37100,2.0
37100,1.0
37100,2.0
37100,2.0
37100,2.0
37100,2.0
37100,2.0
37100,2.0
37100,2.0
37100,2.0
37100,2.0
37100,1.0
37100,1.0
37100,2.0
37100,2.0
37100,1.0
37100,2.0
37200,2.0
37200,1.0
37200,2.0
37200,2.0
37200,1.0
37200,2.0
37200,2.0
37200,2.0
37200,2.0
37200,2.0
37200,2.0
37200,2.0
37200,2.0
37200,1.0
37200,1.0
37200,2.0
37200,2.0
37200,2.0
37200,2.0
37200,2.0
37200,2.0
37200,1.0
37200,2.0
37200,2.0
37200,2.0
37200,2.0
37200,1.0
37200,2.0
37300,2.0
37300,2.0
37300,2.0
37300,2.0
37300,2.0
37300,2.0
37300,2.0
37300,2.0
37300,1.0
37300,2.0
37300,2.0
37300,2.0
37300,2.0
37300,1.0
37300,1.0
37300,1.0
37300,2.0
37300,1.0
37300,2.0
37300,2.0
37300,2.0
37300,2.0
37300,2.0
37400,2.0
37400,2.0
37400,2.0
37400,2.0
37400,1.0
37400,2.0
37400,2.0
37400,2.0
37400,2.0
37400,2.0
37400,2.0
37400,1.0
37400,2.0
37400,1.0
37400,2.0
37400,2.0
37400,2.0
37400,2.0
37400,2.0
37400,2.0
37400,2.0
37400,1.0
37400,1.0
37400,1.0
37400,1.0
37400,1.0
37500,1.0
37500,1.0
37500,2.0
37500,2.0
37500,1.0
37500,1.0
37500,2.0
37500,2.0
37500,2.0
37500,2.0
37500,1.0
37500,2.0
37500,1.0
37500,1.0
37500,2.0
37500,2.0
37500,2.0
37500,2.0
37500,2.0
37500,2.0
37500,2.0
37500,2.0
37500,2.0
37500,2.0
37500,2.0
37500,2.0
37500,2.0
37500,2.0
37500,2.0
37500,2.0
37600,2.0
37600,2.0
37600,1.0
37600,2.0
37600,2.0
37600,2.0
37600,2.0
37600,2.0
37600,2.0
37600,2.0
37600,2.0
37600,2.0
37600,2.0
37600,2.0
37600,1.0
37600,1.0
37600,1.0
37600,2.0
37600,2.0
37600,2.0
37600,1.0
37600,2.0
37600,2.0
37600,2.0
37600,2.0
37600,2.0
37700,2.0
37700,2.0
37700,2.0
37700,2.0
37700,2.0
37700,2.0
37700,2.0
37700,2.0
37700,2.0
37700,2.0
37700,2.0
37700,2.0
37700,2.0
37700,2.0
37700,2.0
37700,2.0
37700,2.0
37700,2.0
37700,1.0
37700,1.0
37800,2.0
37800,2.0
37800,2.0
37800,2.0
37800,2.0
37800,2.0
37800,1.0
37800,2.0
37800,2.0
37800,2.0
37800,2.0
37800,2.0
37800,2.0
37800,2.0
37800,2.0
37800,1.0
37800,2.0
37800,2.0
37800,1.0
37800,1.0
37800,2.0
37800,2.0
37800,1.0
37800,2.0
37800,2.0
37800,2.0
37800,2.0
37800,2.0
37800,2.0
37900,2.0
37900,2.0
37900,2.0
37900,2.0
37900,2.0
37900,2.0
37900,1.0
37900,2.0
37900,1.0
37900,2.0
37900,1.0
37900,2.0
37900,2.0
37900,2.0
37900,2.0
37900,2.0
37900,1.0
37900,2.0
37900,2.0
37900,2.0
37900,2.0
37900,2.0
37900,2.0
37900,1.0
37900,2.0
37900,2.0
37900,2.0
37900,2.0
37900,2.0
37900,2.0
38000,2.0
38000,2.0
38000,2.0
38000,2.0
38000,2.0
38000,2.0
38000,1.0
38000,2.0
38000,2.0
38000,2.0
38000,2.0
38000,1.0
38000,2.0
38000,1.0
38000,2.0
38000,2.0
38000,2.0
38000,2.0
38000,2.0
38000,1.0
38000,2.0
38000,1.0
38000,2.0
38000,2.0
38000,2.0
38000,2.0
38100,2.0
38100,2.0
38100,2.0
38100,2.0
38100,2.0
38100,2.0
38100,1.0
38100,1.0
38100,2.0
38100,1.0
38100,2.0
38100,1.0
38100,1.0
38100,2.0
38100,2.0
38100,2.0
38100,2.0
38100,1.0
38100,1.0
38100,1.0
38100,2.0
38100,2.0
38100,1.0
38100,2.0
38100,1.0
38100,1.0
38200,2.0
38200,1.0
38200,2.0
38200,2.0
38200,2.0
38200,2.0
38200,2.0
38200,2.0
38200,2.0
38200,2.0
38200,2.0
38200,2.0
38200,1.0
38200,2.0
38200,2.0
38200,1.0
38200,2.0
38200,1.0
38200,2.0
38200,2.0
38200,2.0
38200,2.0
38300,2.0
38300,2.0
38300,2.0
38300,2.0
38300,2.0
38300,2.0
38300,2.0
38300,2.0
38300,2.0
38300,2.0
38300,2.0
38300,2.0
38300,2.0
38300,2.0
38300,2.0
38300,1.0
38300,2.0
38300,2.0
38300,1.0
38300,2.0
38300,2.0
38300,2.0
38300,1.0
38300,2.0
38300,2.0
38300,2.0
38300,2.0
38300,2.0
38300,2.0
38400,2.0
38400,2.0
38400,2.0
38400,2.0
38400,2.0
38400,1.0
38400,2.0
38400,2.0
38400,1.0
38400,2.0
38400,2.0
38400,2.0
38400,2.0
38400,2.0
38400,2.0
38400,2.0
38400,2.0
38400,1.0
38400,2.0
38400,2.0
38400,2.0
38400,2.0
38400,2.0
38400,2.0
38400,2.0
38400,2.0
38500,2.0
38500,2.0
38500,2.0
38500,2.0
38500,2.0
38500,2.0
38500,1.0
38500,2.0
38500,2.0
38500,2.0
38500,2.0
38500,2.0
38500,2.0
38500,2.0
38500,2.0
38500,2.0
38500,2.0
38500,2.0
38500,2.0
38500,1.0
38500,1.0
38500,2.0
38500,1.0
38500,2.0
38500,2.0
38500,2.0
38500,2.0
38600,2.0
38600,2.0
38600,2.0
38600,2.0
38600,1.0
38600,1.0
38600,2.0
38600,1.0
38600,2.0
38600,2.0
38600,2.0
38600,2.0
38600,2.0
38600,2.0
38600,2.0
38600,2.0
38600,2.0
38600,2.0
38600,1.0
38600,1.0
38600,1.0
38600,2.0
38600,2.0
38600,2.0
38700,2.0
38700,2.0
38700,2.0
38700,2.0
38700,2.0
38700,2.0
38700,2.0
38700,2.0
38700,2.0
38700,1.0
38700,2.0
38700,2.0
38700,2.0
38700,2.0
38700,2.0
38700,1.0
38700,2.0
38700,2.0
38700,2.0
38700,2.0
38700,2.0
38700,1.0
38700,2.0
38700,2.0
38700,2.0
38700,2.0
38800,2.0
38800,2.0
38800,2.0
38800,1.0
38800,2.0
38800,2.0
38800,2.0
38800,1.0
38800,2.0
38800,2.0
38800,2.0
38800,2.0
38800,2.0
38800,2.0
38800,2.0
38800,2.0
38800,2.0
38800,2.0
38800,1.0
38800,1.0
38800,2.0
38800,2.0
38800,2.0
38800,2.0
38800,2.0
38800,1.0
38800,2.0
38800,2.0
38900,2.0
38900,2.0
38900,2.0
38900,2.0
38900,2.0
38900,2.0
38900,2.0
38900,2.0
38900,2.0
38900,2.0
38900,2.0
38900,2.0
38900,2.0
38900,2.0
38900,1.0
38900,2.0
38900,2.0
38900,2.0
38900,2.0
38900,2.0
38900,2.0
38900,2.0
38900,2.0
39000,2.0
39000,2.0
39000,2.0
39000,2.0
39000,2.0
39000,2.0
39000,2.0
39000,1.0
39000,2.0
39000,2.0
39000,2.0
39000,1.0
39000,2.0
39000,2.0
39000,2.0
39000,2.0
39000,2.0
39000,2.0
39000,2.0
39000,2.0
39000,2.0
39000,2.0
39000,2.0
39000,1.0
39000,1.0
39000,1.0
39000,2.0
39000,2.0
39000,1.0
39100,2.0
39100,2.0
39100,2.0
39100,2.0
39100,2.0
39100,2.0
39100,2.0
39100,2.0
39100,2.0
39100,2.0
39100,2.0
39100,2.0
39100,2.0
39100,1.0
39100,2.0
39100,2.0
39100,2.0
39100,2.0
39100,2.0
39100,1.0
39100,2.0
39100,2.0
39200,2.0
39200,2.0
39200,2.0
39200,1.0
39200,2.0
39200,2.0
39200,2.0
39200,2.0
39200,1.0
39200,1.0
39200,2.0
39200,2.0
39200,2.0
39200,2.0
39200,2.0
39200,2.0
39200,2.0
39200,2.0
39200,2.0
39200,2.0
39200,2.0
39200,2.0
39200,2.0
39200,2.0
39200,2.0
39200,2.0
39200,2.0
39200,2.0
39200,2.0
39300,2.0
39300,1.0
39300,2.0
39300,2.0
39300,1.0
39300,2.0
39300,2.0
39300,1.0
39300,2.0
39300,2.0
39300,2.0
39300,2.0
39300,1.0
39300,2.0
39300,2.0
39300,1.0
39300,2.0
39300,2.0
39300,2.0
39300,2.0
39300,2.0
39300,2.0
39300,2.0
39300,2.0
39300,2.0
39400,2.0
39400,2.0
39400,2.0
39400,2.0
39400,2.0
39400,2.0
39400,2.0
39400,2.0
39400,2.0
39400,2.0
39400,1.0
39400,2.0
39400,2.0
39400,2.0
39400,2.0
39400,2.0
39400,1.0
39400,2.0
39400,2.0
39400,2.0
39400,2.0
39400,2.0
39400,2.0
39400,2.0
39400,2.0
39400,2.0
39500,2.0
39500,1.0
39500,1.0
39500,2.0
39500,2.0
39500,1.0
39500,2.0
39500,2.0
39500,2.0
39500,2.0
39500,2.0
39500,2.0
39500,2.0
39500,1.0
39500,2.0
39500,2.0
39500,2.0
39500,1.0
39500,1.0
39500,2.0
39500,1.0
39500,2.0
39500,2.0
39500,2.0
39500,1.0
39500,2.0
39500,2.0
39500,2.0
39600,1.0
39600,1.0
39600,2.0
39600,2.0
39600,2.0
39600,1.0
39600,1.0
39600,2.0
39600,1.0
39600,1.0
39600,1.0
39600,2.0
39600,2.0
39600,2.0
39600,2.0
39600,2.0
39600,2.0
39600,2.0
39600,2.0
39600,1.0
39600,2.0
39600,2.0
39600,2.0
39600,1.0
39600,2.0
39600,2.0
39600,2.0
39600,2.0
39600,2.0
39600,2.0
39700,1.0
39700,2.0
39700,2.0
39700,2.0
39700,2.0
39700,1.0
39700,2.0
39700,1.0
39700,2.0
39700,2.0
39700,2.0
39700,1.0
39700,2.0
39700,2.0
39700,2.0
39700,1.0
39700,2.0
39700,1.0
39700,2.0
39700,2.0
39700,1.0
39700,2.0
39700,2.0
39800,2.0
39800,2.0
39800,2.0
39800,1.0
39800,1.0
39800,2.0
39800,1.0
39800,2.0
39800,2.0
39800,2.0
39800,2.0
39800,1.0
39800,2.0
39800,2.0
39800,2.0
39800,2.0
39800,2.0
39800,2.0
39800,2.0
39800,1.0
39800,2.0
39800,2.0
39800,1.0
39800,2.0
39800,2.0
39900,2.0
39900,2.0
39900,2.0
39900,1.0
39900,2.0
39900,2.0
39900,2.0
39900,2.0
39900,1.0
39900,2.0
39900,2.0
39900,2.0
39900,2.0
39900,2.0
39900,2.0
39900,2.0
39900,2.0
39900,1.0
39900,2.0
39900,2.0
39900,2.0
39900,2.0
39900,1.0
39900,2.0
39900,1.0
39900,2.0
39900,2.0
40000,2.0
40000,2.0
40000,2.0
40000,2.0
40000,2.0
40000,2.0
40000,2.0
40000,2.0
40000,2.0
40000,2.0
40000,2.0
40000,2.0
40000,2.0
40000,2.0
40000,2.0
40000,1.0
40000,1.0
40000,2.0
40000,2.0
40000,2.0
40000,2.0
40000,1.0
40000,2.0
40000,2.0
40000,2.0
40000,1.0
40000,2.0
40000,2.0
40000,2.0
40100,2.0
40100,2.0
40100,2.0
40100,1.0
40100,2.0
40100,2.0
40100,1.0
40100,1.0
40100,2.0
40100,2.0
40100,2.0
40100,2.0
40100,2.0
40100,2.0
40100,2.0
40100,2.0
40100,1.0
40100,2.0
40100,2.0
40100,2.0
40100,2.0
40100,2.0
40100,1.0
40100,1.0
40100,2.0
40200,2.0
40200,2.0
40200,2.0
40200,2.0
40200,2.0
40200,2.0
40200,2.0
40200,2.0
40200,2.0
40200,2.0
40200,2.0
40200,2.0
40200,2.0
40200,2.0
40200,2.0
40200,2.0
40200,2.0
40200,2.0
40200,2.0
40300,2.0
40300,2.0
40300,2.0
40300,2.0
40300,2.0
40300,2.0
40300,2.0
40300,2.0
40300,2.0
40300,2.0
40300,2.0
40300,2.0
40300,2.0
40300,2.0
40300,2.0
40300,2.0
40300,2.0
40300,2.0
40300,2.0
40300,2.0
40300,2.0
40300,2.0
40300,2.0
40300,2.0
40300,2.0
40300,2.0
40300,2.0
40300,1.0
40400,2.0
40400,2.0
40400,2.0
40400,2.0
40400,2.0
40400,2.0
40400,2.0
40400,2.0
40400,2.0
40400,2.0
40400,2.0
40400,2.0
40400,2.0
40400,2.0
40400,2.0
40400,2.0
40400,2.0
40400,2.0
40400,2.0
40400,2.0
40400,2.0
40400,2.0
40400,2.0
40400,2.0
40400,2.0
40400,2.0
40400,2.0
40400,2.0
40500,2.0
40500,2.0
40500,2.0
40500,2.0
40500,2.0
40500,2.0
40500,2.0
40500,1.0
40500,2.0
40500,2.0
40500,2.0
40500,2.0
40500,2.0
40500,2.0
40500,2.0
40500,2.0
40500,2.0
40500,2.0
40500,2.0
40500,1.0
40500,2.0
40500,2.0
40500,2.0
40500,2.0
40500,2.0
40500,2.0
40500,2.0
40600,2.0
40600,1.0
40600,2.0
40600,2.0
40600,2.0
40600,2.0
40600,2.0
40600,2.0
40600,2.0
40600,2.0
40600,2.0
40600,2.0
40600,2.0
40600,2.0
40600,2.0
40600,1.0
40600,2.0
40600,2.0
40600,2.0
40700,2.0
40700,2.0
40700,2.0
40700,2.0
40700,2.0
40700,2.0
40700,2.0
40700,2.0
40700,2.0
40700,2.0
40700,2.0
40700,2.0
40700,2.0
40700,2.0
40700,2.0
40700,2.0
40700,2.0
40700,2.0
40700,2.0
40700,2.0
40700,2.0
40700,2.0
40700,2.0
40700,1.0
40700,2.0
40700,2.0
40700,2.0
40800,2.0
40800,2.0
40800,2.0
40800,2.0
40800,2.0
40800,2.0
40800,2.0
40800,2.0
40800,2.0
40800,2.0
40800,2.0
40800,2.0
40800,2.0
40800,2.0
40800,2.0
40800,2.0
40800,2.0
40800,2.0
40800,2.0
40800,2.0
40800,2.0
40800,2.0
40800,2.0
40800,2.0
40800,1.0
40800,2.0
40800,2.0
40800,2.0
40900,2.0
40900,2.0
40900,2.0
40900,2.0
40900,2.0
40900,2.0
40900,2.0
40900,2.0
40900,2.0
40900,2.0
40900,2.0
40900,2.0
40900,2.0
40900,2.0
40900,1.0
40900,2.0
40900,2.0
40900,2.0
40900,2.0
40900,2.0
40900,2.0
40900,2.0
40900,2.0
40900,2.0
40900,2.0
40900,2.0
40900,2.0
41000,2.0
41000,2.0
41000,2.0
41000,2.0
41000,2.0
41000,2.0
41000,2.0
41000,2.0
41000,2.0
41000,2.0
41000,2.0
41000,2.0
41000,2.0
41000,2.0
41000,2.0
41000,2.0
41000,2.0
41000,2.0
41000,1.0
41000,1.0
41100,2.0
41100,2.0
41100,2.0
41100,2.0
41100,2.0
41100,2.0
41100,2.0
41100,2.0
41100,2.0
41100,2.0
41100,2.0
41100,2.0
41100,2.0
41100,2.0
41100,2.0
41100,2.0
41100,2.0
41100,2.0
41100,2.0
41100,2.0
41100,2.0
41100,2.0
41100,2.0
41100,2.0
41100,2.0
41200,2.0
41200,2.0
41200,2.0
41200,2.0
41200,2.0
41200,2.0
41200,2.0
41200,2.0
41200,2.0
41200,2.0
41200,2.0
41200,2.0
41200,2.0
41200,2.0
41200,2.0
41200,1.0
41200,2.0
41200,2.0
41200,2.0
41200,2.0
41200,1.0
41200,2.0
41200,2.0
41200,2.0
41200,1.0
41200,2.0
41200,2.0
41200,2.0
41200,2.0
41200,2.0
41200,2.0
41300,2.0
41300,2.0
41300,2.0
41300,2.0
41300,2.0
41300,2.0
41300,2.0
41300,2.0
41300,2.0
41300,2.0
41300,2.0
41300,2.0
41300,2.0
41300,2.0
41300,2.0
41300,2.0
41300,2.0
41300,2.0
41300,2.0
41300,2.0
41300,2.0
41300,2.0
41300,2.0
41300,2.0
41400,2.0
41400,2.0
41400,2.0
41400,2.0
41400,2.0
41400,1.0
41400,2.0
41400,2.0
41400,1.0
41400,2.0
41400,2.0
41400,2.0
41400,2.0
41400,2.0
41400,2.0
41400,2.0
41400,2.0
41400,2.0
41400,2.0
41400,2.0
41400,2.0
41400,2.0
41500,2.0
41500,2.0
41500,2.0
41500,2.0
41500,2.0
41500,2.0
41500,2.0
41500,2.0
41500,2.0
41500,2.0
41500,2.0
41500,2.0
41500,2.0
41500,2.0
41500,2.0
41500,2.0
41500,1.0
41500,2.0
41500,2.0
41500,2.0
41500,1.0
41500,2.0
41500,2.0
41500,2.0
41500,1.0
41500,2.0
41600,2.0
41600,2.0
41600,2.0
41600,1.0
41600,2.0
41600,2.0
41600,2.0
41600,2.0
41600,2.0
41600,2.0
41600,2.0
41600,2.0
41600,2.0
41600,2.0
41600,1.0
41600,2.0
41600,2.0
41600,2.0
41600,2.0
41600,2.0
41600,2.0
41600,2.0
41600,2.0
41600,2.0
41600,2.0
41600,2.0
41600,2.0
41600,2.0
41600,2.0
41600,2.0
41700,2.0
41700,2.0
41700,1.0
41700,2.0
41700,2.0
41700,2.0
41700,2.0
41700,2.0
41700,2.0
41700,2.0
41700,2.0
41700,2.0
41700,2.0
41700,2.0
41700,2.0
41700,2.0
41700,2.0
41700,2.0
41700,2.0
41700,2.0
41700,2.0
41700,2.0
41700,2.0
41800,2.0
41800,2.0
41800,2.0
41800,2.0
41800,2.0
41800,2.0
41800,2.0
41800,2.0
41800,1.0
41800,2.0
41800,2.0
41800,2.0
41800,1.0
41800,2.0
41800,2.0
41800,2.0
41800,2.0
41800,2.0
41800,2.0
41800,2.0
41800,2.0
41800,2.0
41800,2.0
41900,2.0
41900,2.0
41900,2.0
41900,2.0
41900,2.0
41900,2.0
41900,2.0
41900,2.0
41900,2.0
41900,2.0
41900,2.0
41900,2.0
41900,2.0
41900,2.0
41900,2.0
41900,2.0
41900,2.0
41900,2.0
41900,2.0
41900,2.0
41900,1.0
41900,2.0
41900,2.0
41900,2.0
41900,2.0
42000,2.0
42000,2.0
42000,2.0
42000,2.0
42000,2.0
42000,2.0
42000,2.0
42000,2.0
42000,2.0
42000,2.0
42000,2.0
42000,2.0
42000,2.0
42000,2.0
42000,2.0
42000,2.0
42000,2.0
42000,2.0
42000,2.0
42000,2.0
42000,2.0
42000,2.0
42000,2.0
42000,2.0
42000,2.0
42000,2.0
42000,2.0
42000,2.0
42000,2.0
42100,2.0
42100,2.0
42100,2.0
42100,1.0
42100,2.0
42100,2.0
42100,2.0
42100,2.0
42100,2.0
42100,2.0
42100,2.0
42100,2.0
42100,2.0
42100,2.0
42100,2.0
42100,2.0
42100,2.0
42100,1.0
42100,2.0
42100,2.0
42100,2.0
42100,2.0
42100,2.0
42100,2.0
42100,2.0
42200,2.0
42200,2.0
42200,2.0
42200,2.0
42200,2.0
42200,2.0
42200,2.0
42200,2.0
42200,2.0
42200,2.0
42200,2.0
42200,2.0
42200,1.0
42200,1.0
42200,2.0
42200,1.0
42200,2.0
42200,2.0
42200,1.0
42200,2.0
42200,2.0
42200,2.0
42200,2.0
42200,2.0
42200,2.0
42300,2.0
42300,2.0
42300,2.0
42300,2.0
42300,2.0
42300,2.0
42300,2.0
42300,2.0
42300,2.0
42300,2.0
42300,2.0
42300,2.0
42300,2.0
42300,2.0
42300,2.0
42300,2.0
42300,2.0
42300,2.0
42300,2.0
42300,2.0
42300,2.0
42400,2.0
42400,2.0
42400,2.0
42400,2.0
42400,2.0
42400,2.0
42400,2.0
42400,2.0
42400,2.0
42400,2.0
42400,2.0
42400,2.0
42400,2.0
42400,2.0
42400,2.0
42400,2.0
42400,2.0
42400,2.0
42400,2.0
42400,2.0
42400,2.0
42400,2.0
42400,1.0
42400,2.0
42400,2.0
42400,2.0
42400,2.0
42400,2.0
42400,2.0
42400,2.0
42500,2.0
42500,2.0
42500,2.0
42500,2.0
42500,2.0
42500,2.0
42500,2.0
42500,2.0
42500,2.0
42500,2.0
42500,1.0
42500,2.0
42500,2.0
42500,1.0
42500,2.0
42500,2.0
42500,2.0
42500,2.0
42500,2.0
42500,2.0
42500,2.0
42500,2.0
42500,2.0
42500,2.0
42500,2.0
42500,2.0
42600,2.0
42600,2.0
42600,2.0
42600,2.0
42600,2.0
42600,2.0
42600,2.0
42600,2.0
42600,2.0
42600,2.0
42600,2.0
42600,2.0
42600,2.0
42600,2.0
42600,2.0
42600,2.0
42600,2.0
42600,2.0
42600,2.0
42600,2.0
42600,2.0
42600,2.0
42600,2.0
42700,2.0
42700,1.0
42700,2.0
42700,2.0
42700,2.0
42700,2.0
42700,2.0
42700,2.0
42700,2.0
42700,2.0
42700,2.0
42700,2.0
42700,2.0
42700,2.0
42700,2.0
42700,2.0
42700,2.0
42700,2.0
42700,2.0
42700,2.0
42700,2.0
42700,2.0
42800,2.0
42800,2.0
42800,2.0
42800,2.0
42800,2.0
42800,2.0
42800,2.0
42800,2.0
42800,2.0
42800,2.0
42800,2.0
42800,2.0
42800,2.0
42800,2.0
42800,2.0
42800,2.0
42800,2.0
42800,2.0
42800,2.0
42800,2.0
42800,2.0
42800,2.0
42800,1.0
42800,2.0
42800,2.0
42800,2.0
42800,2.0
42800,2.0
42800,2.0
42800,1.0
42800,2.0
42900,2.0
42900,2.0
42900,2.0
42900,2.0
42900,2.0
42900,2.0
42900,2.0
42900,2.0
42900,2.0
42900,2.0
42900,2.0
42900,2.0
42900,2.0
42900,2.0
42900,2.0
42900,2.0
42900,2.0
42900,2.0
42900,2.0
42900,2.0
42900,2.0
42900,2.0
42900,2.0
42900,2.0
43000,2.0
43000,2.0
43000,2.0
43000,2.0
43000,2.0
43000,2.0
43000,2.0
43000,2.0
43000,2.0
43000,2.0
43000,2.0
43000,2.0
43000,2.0
43000,2.0
43000,2.0
43000,2.0
43000,2.0
43000,2.0
43000,2.0
43000,2.0
43000,2.0
43000,2.0
43000,2.0
43100,2.0
43100,2.0
43100,2.0
43100,2.0
43100,2.0
43100,2.0
43100,2.0
43100,2.0
43100,2.0
43100,2.0
43100,2.0
43100,2.0
43100,2.0
43100,2.0
43100,1.0
43100,2.0
43100,2.0
43100,2.0
43100,2.0
43100,2.0
43100,2.0
43100,1.0
43100,2.0
43100,2.0
43200,2.0
43200,2.0
43200,1.0
43200,2.0
43200,2.0
43200,2.0
43200,2.0
43200,2.0
43200,2.0
43200,2.0
43200,2.0
43200,2.0
43200,2.0
43200,2.0
43200,2.0
43200,2.0
43200,2.0
43200,2.0
43200,2.0
43200,2.0
43200,2.0
43200,2.0
43200,2.0
43200,2.0
43200,2.0
43200,2.0
43200,2.0
43200,2.0
43200,2.0
43200,2.0
43300,2.0
43300,2.0
43300,2.0
43300,1.0
43300,2.0
43300,2.0
43300,2.0
43300,2.0
43300,2.0
43300,1.0
43300,2.0
43300,2.0
43300,2.0
43300,2.0
43300,2.0
43300,2.0
43300,2.0
43300,2.0
43300,2.0
43300,2.0
43300,2.0
43300,2.0
43300,2.0
43300,2.0
43300,2.0
43400,2.0
43400,2.0
43400,1.0
43400,2.0
43400,2.0
43400,2.0
43400,1.0
43400,2.0
43400,1.0
43400,2.0
43400,2.0
43400,2.0
43400,2.0
43400,2.0
43400,2.0
43400,2.0
43400,2.0
43400,2.0
43400,2.0
43400,2.0
43400,2.0
43400,2.0
43400,2.0
43400,2.0
43500,2.0
43500,2.0
43500,2.0
43500,2.0
43500,2.0
43500,2.0
43500,2.0
43500,2.0
43500,2.0
43500,2.0
43500,2.0
43500,2.0
43500,2.0
43500,2.0
43500,2.0
43500,2.0
43500,2.0
43500,2.0
43500,2.0
43500,2.0
43500,2.0
43600,2.0
43600,2.0
43600,2.0
43600,2.0
43600,2.0
43600,2.0
43600,2.0
43600,2.0
43600,2.0
43600,2.0
43600,2.0
43600,2.0
43600,2.0
43600,2.0
43600,2.0
43600,2.0
43600,2.0
43600,2.0
43600,1.0
43600,2.0
43600,2.0
43600,2.0
43600,2.0
43600,2.0
43600,2.0
43600,2.0
43600,2.0
43600,2.0
43600,2.0
43600,2.0
43600,2.0
43700,2.0
43700,2.0
43700,2.0
43700,2.0
43700,2.0
43700,2.0
43700,2.0
43700,2.0
43700,2.0
43700,2.0
43700,2.0
43700,2.0
43700,2.0
43700,2.0
43700,2.0
43700,2.0
43700,2.0
43700,1.0
43700,2.0
43700,2.0
43700,2.0
43700,2.0
43700,2.0
43700,2.0
43700,2.0
43800,2.0
43800,2.0
43800,2.0
43800,2.0
43800,2.0
43800,2.0
43800,2.0
43800,2.0
43800,2.0
43800,2.0
43800,2.0
43800,2.0
43800,2.0
43800,2.0
43800,2.0
43800,2.0
43800,2.0
43800,2.0
43800,2.0
43800,2.0
43800,2.0
43800,2.0
43800,2.0
43900,2.0
43900,2.0
43900,2.0
43900,2.0
43900,2.0
43900,2.0
43900,2.0
43900,2.0
43900,2.0
43900,2.0
43900,2.0
43900,2.0
43900,2.0
43900,2.0
43900,2.0
43900,2.0
43900,2.0
43900,2.0
43900,2.0
43900,2.0
43900,2.0
44000,2.0
44000,2.0
44000,2.0
44000,2.0
44000,2.0
44000,2.0
44000,2.0
44000,2.0
44000,2.0
44000,2.0
44000,2.0
44000,2.0
44000,2.0
44000,2.0
44000,2.0
44000,2.0
44000,2.0
44000,2.0
44000,2.0
44000,2.0
44000,2.0
44000,2.0
44000,2.0
44000,2.0
44000,2.0
44000,2.0
44000,2.0
44000,2.0
44000,2.0
44000,2.0
44000,2.0
44100,2.0
44100,2.0
44100,2.0
44100,2.0
44100,2.0
44100,2.0
44100,2.0
44100,2.0
44100,2.0
44100,2.0
44100,2.0
44100,2.0
44100,2.0
44100,2.0
44100,1.0
44100,2.0
44100,2.0
44100,2.0
44100,2.0
44100,2.0
44100,2.0
44100,2.0
44100,2.0
44100,2.0
44100,2.0
44100,2.0
44200,2.0
44200,2.0
44200,2.0
44200,2.0
44200,2.0
44200,2.0
44200,2.0
44200,2.0
44200,1.0
44200,2.0
44200,2.0
44200,2.0
44200,2.0
44200,2.0
44200,2.0
44200,2.0
44200,2.0
44200,2.0
44200,2.0
44200,1.0
44200,2.0
44200,2.0
44200,2.0
44200,2.0
44300,2.0
44300,2.0
44300,2.0
44300,2.0
44300,2.0
44300,2.0
44300,2.0
44300,2.0
44300,2.0
44300,2.0
44300,2.0
44300,2.0
44300,2.0
44300,2.0
44300,2.0
44300,2.0
44300,2.0
44300,2.0
44300,2.0
44400,2.0
44400,2.0
44400,2.0
44400,2.0
44400,2.0
44400,1.0
44400,2.0
44400,1.0
44400,2.0
44400,2.0
44400,2.0
44400,2.0
44400,2.0
44400,2.0
44400,2.0
44400,2.0
44400,2.0
44400,2.0
44400,2.0
44400,2.0
44400,2.0
44400,2.0
44400,2.0
44400,2.0
44400,2.0
44400,2.0
44400,2.0
44400,2.0
44400,2.0
44400,2.0
44400,2.0
44400,2.0
44400,2.0
44500,2.0
44500,2.0
44500,2.0
44500,2.0
44500,2.0
44500,2.0
44500,2.0
44500,2.0
44500,2.0
44500,2.0
44500,2.0
44500,2.0
44500,2.0
44500,2.0
44500,2.0
44500,1.0
44500,2.0
44500,2.0
44500,2.0
44500,2.0
44500,2.0
44500,2.0
44500,2.0
44500,2.0
44500,2.0
44600,2.0
44600,2.0
44600,2.0
44600,2.0
44600,2.0
44600,2.0
44600,2.0
44600,1.0
44600,2.0
44600,1.0
44600,2.0
44600,2.0
44600,2.0
44600,2.0
44600,2.0
44600,2.0
44600,2.0
44600,2.0
44600,2.0
44600,2.0
44600,1.0
44600,2.0
44600,1.0
44600,2.0
44600,2.0
44600,2.0
44600,2.0
44700,2.0
44700,2.0
44700,2.0
44700,2.0
44700,2.0
44700,2.0
44700,2.0
44700,2.0
44700,2.0
44700,2.0
44700,1.0
44700,2.0
44700,2.0
44700,2.0
44700,2.0
44700,2.0
44800,2.0
44800,2.0
44800,2.0
44800,2.0
44800,2.0
44800,2.0
44800,2.0
44800,2.0
44800,2.0
44800,2.0
44800,2.0
44800,2.0
44800,2.0
44800,2.0
44800,2.0
44800,1.0
44800,2.0
44800,2.0
44800,2.0
44800,2.0
44800,2.0
44800,2.0
44800,2.0
44800,2.0
44800,2.0
44800,2.0
44800,1.0
44800,2.0
44800,2.0
44800,2.0
44800,2.0
44800,2.0
44800,2.0
44800,2.0
44900,2.0
44900,2.0
44900,2.0
44900,1.0
44900,2.0
44900,2.0
44900,2.0
44900,1.0
44900,2.0
44900,2.0
44900,2.0
44900,2.0
44900,2.0
44900,2.0
44900,2.0
44900,2.0
44900,2.0
44900,2.0
44900,2.0
44900,2.0
44900,2.0
44900,2.0
44900,2.0
44900,1.0
44900,2.0
44900,2.0
45000,2.0
45000,2.0
45000,2.0
45000,2.0
45000,2.0
45000,2.0
45000,2.0
45000,2.0
45000,2.0
45000,2.0
45000,2.0
45000,2.0
45000,2.0
45000,2.0
45000,2.0
45000,2.0
45000,2.0
45000,2.0
45000,2.0
45000,2.0
45000,2.0
45000,2.0
45000,2.0
45000,2.0
45100,2.0
45100,2.0
45100,2.0
45100,2.0
45100,2.0
45100,2.0
45100,2.0
45100,2.0
45100,2.0
45100,2.0
45100,2.0
45100,2.0
45100,2.0
45100,2.0
45100,2.0
45100,2.0
45200,2.0
45200,2.0
45200,2.0
45200,2.0
45200,2.0
45200,2.0
45200,2.0
45200,2.0
45200,2.0
45200,2.0
45200,2.0
45200,2.0
45200,2.0
45200,2.0
45200,2.0
45200,2.0
45200,2.0
45200,2.0
45200,2.0
45200,2.0
45200,2.0
45200,2.0
45200,2.0
45200,2.0
45200,2.0
45200,2.0
45200,2.0
45200,2.0
45200,2.0
45200,2.0
45200,2.0
45200,2.0
45200,2.0
45200,2.0
45300,2.0
45300,2.0
45300,2.0
45300,2.0
45300,2.0
45300,2.0
45300,2.0
45300,2.0
45300,2.0
45300,2.0
45300,2.0
45300,2.0
45300,2.0
45300,2.0
45300,2.0
45300,2.0
45300,2.0
45300,2.0
45300,2.0
45300,2.0
45300,2.0
45400,2.0
45400,2.0
45400,2.0
45400,3.0
45400,2.0
45400,3.0
45400,2.0
45400,2.0
45400,2.0
45400,2.0
45400,2.0
45400,3.0
45400,2.0
45400,2.0
45400,2.0
45400,2.0
45400,2.0
45400,3.0
45400,2.0
45400,2.0
45400,2.0
45400,2.0
45400,2.0
45400,3.0
45400,2.0
45500,2.0
45500,3.0
45500,2.0
45500,3.0
45500,2.0
45500,2.0
45500,2.0
45500,2.0
45500,3.0
45500,2.0
45500,2.0
45500,2.0
45500,2.0
45500,2.0
45500,3.0
45500,2.0
45600,2.0
45600,2.0
45600,2.0
45600,2.0
45600,2.0
45600,2.0
45600,2.0
45600,2.0
45600,2.0
45600,3.0
45600,2.0
45600,3.0
45600,2.0
45600,3.0
45600,2.0
45600,2.0
45600,2.0
45600,2.0
45600,2.0
45600,2.0
45600,2.0
45600,2.0
45600,2.0
45600,2.0
45600,2.0
45600,2.0
45600,2.0
45600,2.0
45600,3.0
45700,3.0
45700,3.0
45700,2.0
45700,2.0
45700,2.0
45700,2.0
45700,3.0
45700,3.0
45700,2.0
45700,2.0
45700,3.0
45700,2.0
45700,3.0
45700,2.0
45700,2.0
45700,3.0
45700,3.0
45700,2.0
45700,2.0
45700,2.0
45700,3.0
45700,2.0
45800,2.0
45800,2.0
45800,2.0
45800,3.0
45800,2.0
45800,3.0
45800,2.0
45800,3.0
45800,2.0
45800,2.0
45800,2.0
45800,3.0
45800,3.0
45800,3.0
45800,2.0
45800,2.0
45800,2.0
45800,2.0
45800,2.0
45800,2.0
45800,2.0
45800,2.0
45800,3.0
45800,3.0
45900,3.0
45900,3.0
45900,3.0
45900,2.0
45900,2.0
45900,3.0
45900,3.0
45900,2.0
45900,2.0
45900,2.0
45900,2.0
45900,3.0
45900,2.0
45900,3.0
45900,2.0
45900,2.0
45900,2.0
45900,3.0
45900,2.0
45900,3.0
45900,2.0
46000,2.0
46000,3.0
46000,2.0
46000,2.0
46000,3.0
46000,3.0
46000,2.0
46000,2.0
46000,2.0
46000,2.0
46000,2.0
46000,2.0
46000,2.0
46000,3.0
46000,2.0
46000,2.0
46000,2.0
46000,2.0
46000,2.0
46000,2.0
46000,2.0
46000,2.0
46000,2.0
46100,3.0
46100,2.0
46100,2.0
46100,3.0
46100,3.0
46100,2.0
46100,2.0
46100,2.0
46100,2.0
46100,3.0
46100,3.0
46100,3.0
46100,2.0
46100,3.0
46100,2.0
46100,2.0
46100,3.0
46100,2.0
46100,2.0
46100,2.0
46100,2.0
46100,3.0
46100,3.0
46200,2.0
46200,3.0
46200,2.0
46200,2.0
46200,3.0
46200,2.0
46200,2.0
46200,3.0
46200,2.0
46200,2.0
46200,3.0
46200,3.0
46200,2.0
46200,3.0
46200,2.0
46200,2.0
46200,2.0
46200,3.0
46200,2.0
46200,2.0
46200,3.0
46200,2.0
46200,3.0
46200,2.0
46300,2.0
46300,3.0
46300,3.0
46300,2.0
46300,2.0
46300,2.0
46300,2.0
46300,3.0
46300,3.0
46300,2.0
46300,2.0
46300,2.0
46300,3.0
46300,2.0
46300,3.0
46300,2.0
46300,2.0
46300,2.0
46300,3.0
46300,3.0
46300,3.0
46400,2.0
46400,3.0
46400,3.0
46400,2.0
46400,2.0
46400,3.0
46400,2.0
46400,2.0
46400,2.0
46400,2.0
46400,3.0
46400,2.0
46400,2.0
46400,3.0
46400,3.0
46400,2.0
46400,2.0
46400,3.0
46400,2.0
46400,2.0
46400,3.0
46400,2.0
46400,2.0
46400,2.0
46400,2.0
46400,2.0
46400,3.0
46500,2.0
46500,2.0
46500,2.0
46500,2.0
46500,3.0
46500,3.0
46500,2.0
46500,3.0
46500,3.0
46500,2.0
46500,2.0
46500,2.0
46500,2.0
46500,2.0
46500,2.0
46500,3.0
46500,2.0
46600,3.0
46600,2.0
46600,3.0
46600,2.0
46600,2.0
46600,2.0
46600,3.0
46600,3.0
46600,3.0
46600,2.0
46600,2.0
46600,2.0
46600,2.0
46600,3.0
46600,2.0
46600,3.0
46600,2.0
46600,2.0
46600,2.0
46600,3.0
46600,2.0
46600,3.0
46600,3.0
46600,2.0
46600,3.0
46600,2.0
46600,2.0
46600,2.0
46700,2.0
46700,3.0
46700,3.0
46700,2.0
46700,2.0
46700,2.0
46700,3.0
46700,2.0
46700,2.0
46700,3.0
46700,2.0
46700,2.0
46700,2.0
46700,2.0
46700,2.0
46700,3.0
46700,2.0
46700,3.0
46700,3.0
46700,2.0
46800,2.0
46800,3.0
46800,2.0
46800,2.0
46800,2.0
46800,2.0
46800,2.0
46800,2.0
46800,3.0
46800,2.0
46800,2.0
46800,2.0
46800,3.0
46800,3.0
46800,2.0
46800,2.0
46800,3.0
46800,3.0
46800,3.0
46800,3.0
46800,2.0
46800,2.0
46800,2.0
46800,2.0
46800,2.0
46800,2.0
46900,3.0
46900,2.0
46900,2.0
46900,2.0
46900,2.0
46900,3.0
46900,2.0
46900,2.0
46900,2.0
46900,2.0
46900,2.0
46900,3.0
46900,3.0
46900,3.0
46900,3.0
46900,2.0
46900,2.0
46900,2.0
46900,3.0
46900,2.0
46900,3.0
46900,2.0
46900,3.0
47000,2.0
47000,2.0
47000,2.0
47000,2.0
47000,2.0
47000,2.0
47000,2.0
47000,2.0
47000,2.0
47000,3.0
47000,2.0
47000,3.0
47000,2.0
47000,2.0
47000,2.0
47000,2.0
47000,2.0
47000,2.0
47000,2.0
47000,3.0
47100,2.0
47100,2.0
47100,3.0
47100,3.0
47100,3.0
47100,2.0
47100,2.0
47100,3.0
47100,2.0
47100,2.0
47100,2.0
47100,2.0
47100,3.0
47100,2.0
47100,2.0
47100,3.0
47100,2.0
47100,2.0
47100,3.0
47100,3.0
47100,2.0
47100,3.0
47100,3.0
47100,2.0
47100,2.0
47100,3.0
47100,2.0
47100,2.0
47200,2.0
47200,2.0
47200,2.0
47200,3.0
47200,3.0
47200,2.0
47200,2.0
47200,2.0
47200,2.0
47200,2.0
47200,2.0
47200,2.0
47200,2.0
47200,2.0
47200,2.0
47200,2.0
47200,3.0
47200,2.0
47300,2.0
47300,2.0
47300,3.0
47300,2.0
47300,2.0
47300,3.0
47300,2.0
47300,2.0
47300,2.0
47300,2.0
47300,2.0
47300,2.0
47300,2.0
47300,3.0
47300,3.0
47300,3.0
47300,2.0
47300,3.0
47300,2.0
47300,3.0
47300,2.0
47300,3.0
47300,2.0
47300,2.0
47300,3.0
47300,2.0
47300,2.0
47300,3.0
47300,3.0
47400,2.0
47400,2.0
47400,2.0
47400,3.0
47400,2.0
47400,2.0
47400,2.0
47400,2.0
47400,2.0
47400,2.0
47400,2.0
47400,3.0
47400,3.0
47400,2.0
47400,2.0
47400,2.0
47400,3.0
47400,2.0
47400,2.0
47400,3.0
47500,2.0
47500,2.0
47500,2.0
47500,2.0
47500,2.0
47500,2.0
47500,2.0
47500,2.0
47500,2.0
47500,2.0
47500,3.0
47500,2.0
47500,2.0
47500,2.0
47500,2.0
47500,2.0
47500,2.0
47500,3.0
47500,3.0
47500,3.0
47500,2.0
47500,2.0
47500,2.0
47500,2.0
47500,2.0
47500,3.0
47600,3.0
47600,2.0
47600,3.0
47600,2.0
47600,2.0
47600,2.0
47600,3.0
47600,2.0
47600,3.0
47600,2.0
47600,3.0
47600,2.0
47600,2.0
47600,2.0
47600,3.0
47600,2.0
47600,2.0
47600,2.0
47600,3.0
47600,2.0
47700,2.0
47700,3.0
47700,2.0
47700,2.0
47700,2.0
47700,2.0
47700,3.0
47700,2.0
47700,2.0
47700,3.0
47700,2.0
47700,2.0
47700,2.0
47700,2.0
47700,2.0
47700,2.0
47700,3.0
47700,2.0
47700,2.0
47700,3.0
47700,2.0
47700,2.0
47700,2.0
47700,2.0
47700,2.0
47700,2.0
47800,2.0
47800,2.0
47800,2.0
47800,2.0
47800,2.0
47800,2.0
47800,3.0
47800,2.0
47800,3.0
47800,3.0
47800,2.0
47800,2.0
47800,3.0
47800,2.0
47800,3.0
47800,2.0
47800,2.0
47800,3.0
47800,2.0
47800,2.0
47800,3.0
47800,3.0
47900,3.0
47900,2.0
47900,2.0
47900,3.0
47900,2.0
47900,3.0
47900,2.0
47900,3.0
47900,2.0
47900,2.0
47900,2.0
47900,2.0
47900,2.0
47900,3.0
47900,2.0
47900,2.0
47900,2.0
47900,2.0
47900,2.0
47900,3.0
47900,2.0
48000,2.0
48000,2.0
48000,2.0
48000,2.0
48000,3.0
48000,2.0
48000,2.0
48000,3.0
48000,2.0
48000,2.0
48000,2.0
48000,3.0
48000,3.0
48000,3.0
48000,2.0
48000,3.0
48000,3.0
48000,2.0
48000,3.0
48000,3.0
48000,2.0
48000,2.0
48000,3.0
48000,2.0
48000,3.0
48000,2.0
48100,2.0
48100,2.0
48100,2.0
48100,3.0
48100,2.0
48100,2.0
48100,2.0
48100,2.0
48100,2.0
48100,3.0
48100,3.0
48100,2.0
48100,2.0
48100,2.0
48100,3.0
48100,3.0
48100,2.0
48100,2.0
48100,2.0
48100,2.0
48100,2.0
48100,2.0
48200,2.0
48200,2.0
48200,2.0
48200,2.0
48200,3.0
48200,2.0
48200,3.0
48200,2.0
48200,2.0
48200,3.0
48200,3.0
48200,2.0
48200,2.0
48200,3.0
48200,3.0
48200,3.0
48200,2.0
48200,2.0
48200,3.0
48200,2.0
48200,2.0
48200,2.0
48200,3.0
48200,2.0
48300,2.0
48300,3.0
48300,2.0
48300,2.0
48300,2.0
48300,3.0
48300,2.0
48300,2.0
48300,2.0
48300,2.0
48300,2.0
48300,2.0
48300,3.0
48300,3.0
48300,2.0
48300,2.0
48300,3.0
48300,2.0
48300,2.0
48300,2.0
48300,3.0
48300,3.0
48400,2.0
48400,3.0
48400,2.0
48400,2.0
48400,2.0
48400,2.0
48400,2.0
48400,3.0
48400,3.0
48400,2.0
48400,2.0
48400,2.0
48400,2.0
48400,2.0
48400,2.0
48400,3.0
48400,2.0
48400,3.0
48400,2.0
48400,2.0
48400,2.0
48400,2.0
48400,3.0
48500,3.0
48500,3.0
48500,2.0
48500,2.0
48500,3.0
48500,2.0
48500,2.0
48500,3.0
48500,2.0
48500,2.0
48500,2.0
48500,2.0
48500,2.0
48500,3.0
48500,2.0
48500,2.0
48500,2.0
48500,3.0
48500,2.0
48500,3.0
48500,2.0
48500,2.0
48500,3.0
48500,2.0
48500,3.0
48600,2.0
48600,2.0
48600,2.0
48600,2.0
48600,3.0
48600,2.0
48600,2.0
48600,2.0
48600,3.0
48600,2.0
48600,2.0
48600,2.0
48600,2.0
48600,3.0
48600,3.0
48600,2.0
48600,3.0
48600,2.0
48600,2.0
48600,3.0
48600,2.0
48600,2.0
48700,2.0
48700,3.0
48700,3.0
48700,2.0
48700,3.0
48700,2.0
48700,2.0
48700,3.0
48700,2.0
48700,2.0
48700,2.0
48700,2.0
48700,2.0
48700,2.0
48700,2.0
48700,3.0
48700,2.0
48700,2.0
48700,2.0
48700,2.0
48700,3.0
48700,3.0
48700,2.0
48700,3.0
48700,2.0
48800,2.0
48800,2.0
48800,2.0
48800,3.0
48800,3.0
48800,2.0
48800,2.0
48800,2.0
48800,2.0
48800,2.0
48800,2.0
48800,2.0
48800,3.0
48800,2.0
48800,2.0
48800,2.0
48800,2.0
48800,2.0
48800,2.0
48800,2.0
48800,3.0
48800,3.0
48900,2.0
48900,2.0
48900,2.0
48900,3.0
48900,2.0
48900,2.0
48900,2.0
48900,3.0
48900,2.0
48900,2.0
48900,3.0
48900,2.0
48900,3.0
48900,2.0
48900,2.0
48900,3.0
48900,2.0
48900,2.0
48900,2.0
48900,2.0
48900,3.0
48900,2.0
48900,2.0
49000,3.0
49000,2.0
49000,2.0
49000,2.0
49000,2.0
49000,3.0
49000,2.0
49000,2.0
49000,2.0
49000,2.0
49000,2.0
49000,2.0
49000,3.0
49000,3.0
49000,2.0
49000,2.0
49000,3.0
49000,3.0
49000,2.0
49000,2.0
49000,2.0
49000,3.0
49000,3.0
49100,3.0
49100,3.0
49100,2.0
49100,2.0
49100,2.0
49100,2.0
49100,2.0
49100,3.0
49100,2.0
49100,2.0
49100,2.0
49100,2.0
49100,2.0
49100,2.0
49100,3.0
49100,2.0
49100,2.0
49100,2.0
49100,3.0
49100,3.0
49100,2.0
49100,3.0
49200,3.0
49200,2.0
49200,2.0
49200,2.0
49200,3.0
49200,2.0
49200,2.0
49200,2.0
49200,2.0
49200,2.0
49200,3.0
49200,3.0
49200,2.0
49200,2.0
49200,3.0
49200,3.0
49200,3.0
49200,2.0
49200,3.0
49200,2.0
49200,2.0
49200,2.0
49200,2.0
49200,3.0
49200,3.0
49200,2.0
49200,2.0
49200,2.0
49200,2.0
49300,2.0
49300,2.0
49300,2.0
49300,2.0
49300,2.0
49300,2.0
49300,2.0
49300,2.0
49300,2.0
49300,2.0
49300,2.0
49300,2.0
49300,2.0
49300,3.0
49300,2.0
49300,3.0
49300,2.0
49300,2.0
49300,3.0
49400,3.0
49400,2.0
49400,3.0
49400,2.0
49400,2.0
49400,3.0
49400,2.0
49400,2.0
49400,2.0
49400,2.0
49400,2.0
49400,3.0
49400,2.0
49400,3.0
49400,2.0
49400,2.0
49400,2.0
49400,2.0
49400,2.0
49400,2.0
49400,3.0
49400,3.0
49500,2.0
49500,2.0
49500,3.0
49500,2.0
49500,2.0
49500,3.0
49500,2.0
49500,2.0
49500,2.0
49500,2.0
49500,2.0
49500,3.0
49500,2.0
49500,3.0
49500,3.0
49500,3.0
49500,3.0
49500,2.0
49500,2.0
49500,3.0
49500,2.0
49500,2.0
49500,2.0
49500,2.0
49600,3.0
49600,2.0
49600,3.0
49600,2.0
49600,2.0
49600,2.0
49600,2.0
49600,2.0
49600,2.0
49600,2.0
49600,2.0
49600,2.0
49600,2.0
49600,2.0
49600,3.0
49600,2.0
49600,3.0
49600,3.0
49600,3.0
49600,2.0
49600,2.0
49600,2.0
49700,3.0
49700,2.0
49700,2.0
49700,3.0
49700,2.0
49700,3.0
49700,3.0
49700,3.0
49700,3.0
49700,2.0
49700,3.0
49700,2.0
49700,2.0
49700,2.0
49700,2.0
49700,2.0
49700,2.0
49700,2.0
49700,2.0
49700,3.0
49700,3.0
49700,2.0
49700,3.0
49700,3.0
49700,2.0
49700,2.0
49700,3.0
49700,3.0
49800,2.0
49800,3.0
49800,2.0
49800,2.0
49800,2.0
49800,2.0
49800,2.0
49800,2.0
49800,2.0
49800,2.0
49800,2.0
49800,2.0
49800,3.0
49800,2.0
49800,2.0
49800,2.0
49800,3.0
49800,2.0
49800,3.0
49800,2.0
49900,2.0
49900,2.0
49900,2.0
49900,2.0
49900,3.0
49900,2.0
49900,2.0
49900,3.0
49900,3.0
49900,2.0
49900,3.0
49900,2.0
49900,2.0
49900,2.0
49900,2.0
49900,2.0
49900,2.0
49900,3.0
49900,2.0
49900,3.0
49900,2.0
50000,2.0
50000,3.0
50000,3.0
50000,2.0
50000,2.0
50000,3.0
50000,2.0
50000,2.0
50000,3.0
50000,2.0
50000,3.0
50000,2.0
50000,3.0
50000,2.0
50000,2.0
50000,2.0
50000,3.0
50000,2.0
50000,3.0
50000,2.0
50000,3.0
50000,2.0
50000,2.0
50000,2.0
50100,3.0
50100,3.0
50100,2.0
50100,2.0
50100,2.0
50100,2.0
50100,2.0
50100,2.0
50100,3.0
50100,3.0
50100,2.0
50100,2.0
50100,2.0
50100,2.0
50100,2.0
50100,2.0
50100,3.0
50100,3.0
50100,2.0
50100,2.0
50100,2.0
50100,3.0
50100,2.0
50100,2.0
50100,2.0
50100,2.0
50200,3.0
50200,3.0
50200,2.0
50200,3.0
50200,2.0
50200,3.0
50200,2.0
50200,2.0
50200,3.0
50200,3.0
50200,3.0
50200,3.0
50200,2.0
50200,3.0
50300,3.0
50300,3.0
50300,3.0
50300,3.0
50300,3.0
50300,3.0
50300,3.0
50300,3.0
50300,3.0
50300,3.0
50300,3.0
50300,3.0
50300,3.0
50300,3.0
50300,3.0
50600,5.0
50600,5.0
50600,5.0
50700,5.0
50700,6.0
50700,5.0
50700,4.0
50700,6.0
50700,6.0
50700,5.0
50700,6.0
50700,6.0
50700,6.0
50700,6.0
50800,7.0
50800,5.0
50800,5.0
50800,6.0
50800,6.0
50800,7.0
50800,6.0
50800,7.0
50800,6.0
50800,5.0
50800,7.0
50800,7.0
50800,6.0
50800,6.0
50800,5.0
50800,7.0
50800,5.0
50900,6.0
50900,7.0
50900,7.0
50900,5.0
50900,8.0
50900,7.0
50900,7.0
50900,8.0
50900,6.0
50900,5.0
50900,5.0
50900,8.0
50900,8.0
50900,6.0
50900,6.0
50900,7.0
50900,6.0
50900,7.0
50900,6.0
51000,8.0
51000,8.0
51000,6.0
51000,9.0
51000,5.0
51000,7.0
51000,5.0
51000,8.0
51000,6.0
51000,7.0
51000,5.0
51000,8.0
51000,6.0
51000,7.0
51000,8.0
51000,6.0
51100,9.0
51100,8.0
51100,9.0
51100,6.0
51100,8.0
51100,8.0
51100,8.0
51100,7.0
51200,7.0
51200,7.0
51200,7.0
51200,7.0
51200,8.0
51200,9.0
51200,9.0
51200,7.0
51200,7.0
51200,10.0
51200,9.0
51200,8.0
51200,9.0
51200,9.0
51200,10.0
51300,8.0
51300,9.0
51300,9.0
51300,9.0
51300,8.0
51300,8.0
51300,8.0
51400,6.0
51400,11.0
51400,11.0
51400,9.0
51400,4.0
51500,5.0
51500,6.0
51500,5.0
51500,7.0
51500,11.0
51500,5.0
51500,6.0
51600,6.0
51600,6.0
51600,6.0
51600,7.0
51600,7.0
51600,7.0
51600,5.0
51600,8.0
51600,6.0
51600,6.0
51600,5.0
51600,7.0
51600,5.0
51700,5.0
51700,7.0
51700,5.0
51700,5.0
51700,7.0
51700,5.0
51700,6.0
51700,6.0
51700,7.0
51700,8.0
51700,5.0
51700,7.0
51800,7.0
51800,6.0
51800,6.0
51800,6.0
51800,6.0
51800,7.0
51800,4.0
51800,8.0
51800,4.0
51800,9.0
51800,9.0
51800,6.0
51800,8.0
51800,8.0
51800,7.0
51800,7.0
51800,7.0
51900,7.0
51900,5.0
51900,7.0
51900,6.0
51900,6.0
51900,8.0
51900,9.0
51900,8.0
51900,8.0
51900,5.0
51900,8.0
51900,10.0
51900,5.0
51900,5.0
51900,8.0
51900,8.0
52000,7.0
52000,8.0
52000,8.0
52000,9.0
52000,9.0
52000,8.0
52000,7.0
52000,6.0
52000,5.0
52000,11.0
52000,7.0
52100,7.0
52100,10.0
52100,7.0
52100,7.0
52100,7.0
52100,6.0
52100,7.0
52100,7.0
52100,6.0
52200,5.0
52200,7.0
52200,6.0
52200,8.0
52200,4.0
52200,6.0
52200,8.0
52200,9.0
52200,7.0
52200,5.0
52200,9.0
52300,5.0
52300,8.0
52300,11.0
52300,6.0
52300,5.0
52300,6.0
52300,7.0
52300,6.0
52300,8.0
52300,10.0
52400,4.0
52400,6.0
52400,5.0
52400,5.0
52400,7.0
52500,9.0
52500,4.0
52500,9.0
52500,5.0
52500,7.0
52500,5.0
52500,7.0
52500,6.0
52500,7.0
52500,6.0
52500,5.0
52600,7.0
52600,7.0
52600,8.0
52600,5.0
52600,6.0
52600,5.0
52600,7.0
52600,6.0
52600,9.0
52700,7.0
52700,6.0
52700,9.0
52700,7.0
52700,7.0
52700,9.0
52700,8.0
52700,8.0
52700,8.0
52700,6.0
52700,7.0
52700,9.0
52700,5.0
52700,6.0
52700,6.0
52700,6.0
52800,5.0
52800,9.0
52800,8.0
52800,10.0
52800,7.0
52800,7.0
52800,5.0
52800,4.0
52800,8.0
52800,6.0
52800,6.0
52800,8.0
52800,6.0
52800,5.0
52800,10.0
52800,7.0
52800,7.0
52800,5.0
52800,6.0
52900,9.0
52900,9.0
52900,7.0
52900,5.0
52900,8.0
52900,7.0
52900,8.0
52900,5.0
52900,8.0
52900,9.0
52900,5.0
52900,7.0
52900,7.0
52900,9.0
53000,6.0
53000,6.0
53000,6.0
53000,7.0
53000,6.0
53000,7.0
53000,9.0
53000,5.0
53000,6.0
53100,6.0
53100,8.0
53100,7.0
53100,12.0
53100,6.0
53100,6.0
53200,7.0
53200,6.0
53200,9.0
53200,5.0
53200,5.0
53200,4.0
53200,10.0
53200,5.0
53300,7.0
53300,8.0
53300,6.0
53300,8.0
53300,6.0
53300,7.0
53300,7.0
53400,6.0
53400,7.0
53400,6.0
53400,6.0
53400,5.0
53400,5.0
53400,7.0
53400,9.0
53400,10.0
53400,8.0
53400,7.0
53400,7.0
53500,12.0
53500,6.0
53500,7.0
53500,6.0
53500,13.0
53500,7.0
53500,5.0
53500,4.0
53500,6.0
53500,10.0
53500,6.0
53600,6.0
53600,7.0
53600,7.0
53600,11.0
53600,7.0
53600,8.0
53600,6.0
53600,6.0
53600,6.0
53600,6.0
53600,6.0
53600,6.0
53700,7.0
53700,8.0
53700,6.0
53700,8.0
53700,7.0
53700,6.0
53700,7.0
53700,8.0
53700,7.0
53700,10.0
53700,9.0
53700,10.0
53700,7.0
53700,8.0
53700,9.0
53700,8.0
53800,9.0
53800,8.0
53800,7.0
53800,6.0
53800,7.0
53800,6.0
53800,6.0
53800,7.0
53800,8.0
53800,5.0
53800,8.0
53800,8.0
53800,6.0
53800,7.0
53800,7.0
53800,5.0
53800,7.0
53800,6.0
53800,4.0
53900,8.0
53900,8.0
53900,5.0
53900,7.0
53900,8.0
53900,7.0
53900,8.0
53900,5.0
53900,9.0
53900,6.0
54000,5.0
54000,6.0
54000,10.0
54000,5.0
54000,7.0
54000,11.0
54100,7.0
54100,7.0
54100,9.0
54100,8.0
54100,9.0
54100,8.0
54200,7.0
54200,7.0
54200,6.0
54200,6.0
54200,6.0
54200,6.0
54200,7.0
54200,7.0
54200,8.0
54200,6.0
54300,7.0
54300,9.0
54300,5.0
54300,6.0
54300,8.0
54300,6.0
54300,7.0
54400,8.0
54400,13.0
54400,7.0
54400,4.0
54400,6.0
54400,7.0
54400,7.0
54400,7.0
54400,5.0
54400,8.0
54400,8.0
54400,6.0
54400,5.0
54400,6.0
54400,7.0
54400,7.0
54500,6.0
54500,6.0
54500,6.0
54500,7.0
54500,6.0
54500,8.0
54500,7.0
54500,6.0
54500,9.0
54500,6.0
54500,5.0
54500,7.0
54500,7.0
54500,4.0
54500,6.0
54500,7.0
54600,7.0
54600,6.0
54600,8.0
54600,6.0
54600,8.0
54600,6.0
54600,5.0
54600,6.0
54600,5.0
54700,7.0
54700,7.0
54700,8.0
54700,7.0
54700,6.0
54700,8.0
54700,5.0
54700,8.0
54700,7.0
54700,7.0
54700,7.0
54700,5.0
54700,8.0
54700,6.0
54700,7.0
54700,11.0
54700,7.0
54700,7.0
54700,8.0
54700,10.0
54800,6.0
54800,9.0
54800,7.0
54800,8.0
54800,8.0
54800,5.0
54800,7.0
54800,8.0
54800,5.0
54800,7.0
54800,8.0
54800,7.0
54800,7.0
54900,11.0
54900,7.0
54900,12.0
54900,6.0
54900,7.0
55000,7.0
55000,6.0
55000,6.0
55000,6.0
55000,8.0
55000,6.0
55000,7.0
55100,6.0
55100,5.0
55100,6.0
55100,6.0
55100,5.0
55200,8.0
55200,6.0
55200,5.0
55200,6.0
55200,6.0
55200,8.0
55200,9.0
55200,6.0
55200,6.0
55200,8.0
55300,7.0
55300,5.0
55300,8.0
55300,7.0
55400,9.0
55500,6.0
55500,8.0
55500,11.0
55600,8.0
55600,11.0
55600,9.0
55600,10.0
55700,9.0
55700,8.0
55700,10.0
55700,11.0
55700,13.0
55800,12.0
55800,12.0
55800,14.0
55800,11.0
55900,12.0
55900,12.0
56000,13.0
56000,12.0
56000,15.0
56000,14.0
56000,7.0
56000,11.0
56000,11.0
56100,10.0
56100,14.0
56100,12.0
56100,12.0
56100,13.0
56200,13.0
56200,12.0
56200,13.0
56200,13.0
56200,14.0
56200,14.0
56200,15.0
56200,15.0
56200,12.0
56200,15.0
56200,15.0
56300,15.0
56300,14.0
56300,14.0
56300,15.0
56300,14.0
56300,13.0
56300,17.0
56300,14.0
56300,14.0
56300,16.0
56300,13.0
56300,16.0
56300,16.0
56300,12.0
56300,13.0
56300,11.0
56400,14.0
56400,15.0
56400,15.0
56400,15.0
56400,14.0
56400,18.0
56400,15.0
56500,14.0
56500,14.0
56500,13.0
56500,11.0
56500,14.0
56500,15.0
56500,15.0
56600,17.0
56600,16.0
56600,17.0
56600,13.0
56600,14.0
56600,14.0
56700,14.0
56700,13.0
56700,15.0
56700,14.0
56700,17.0
56700,13.0
56700,14.0
56700,17.0
56800,14.0
56800,10.0
56800,14.0
56800,16.0
56800,18.0
56900,15.0
56900,17.0
56900,14.0
57000,16.0
57000,11.0
57000,16.0
57000,15.0
57100,16.0
57100,13.0
57100,17.0
57100,17.0
57100,9.0
57200,15.0
57200,10.0
57200,11.0
57200,12.0
57200,13.0
57200,17.0
57300,16.0
57300,16.0
57300,15.0
57300,15.0
57400,13.0
57400,10.0
57500,10.0
57500,16.0
57500,13.0
57500,10.0
57500,13.0
57500,15.0
57500,19.0
57600,13.0
57600,17.0
57600,16.0
57600,14.0
57600,13.0
57600,16.0
57700,13.0
57700,11.0
57700,13.0
57700,9.0
57700,11.0
57700,18.0
57700,12.0
57700,12.0
57700,13.0
57700,14.0
57700,13.0
57700,13.0
57800,15.0
57800,11.0
57800,14.0
57800,13.0
57800,10.0
57800,13.0
57800,16.0
57800,13.0
57900,15.0
57900,14.0
57900,13.0
57900,12.0
57900,10.0
57900,15.0
57900,10.0
57900,14.0
57900,14.0
57900,14.0
57900,16.0
58000,14.0
58000,15.0
58000,14.0
58000,18.0
58000,15.0
58100,12.0
58100,12.0
58100,12.0
58100,14.0
58100,15.0
58200,14.0
58200,17.0
58200,15.0
58200,13.0
58200,17.0
58200,15.0
58200,18.0
58300,19.0
58300,17.0
58300,15.0
58300,15.0
58300,13.0
58300,18.0
58400,16.0
58400,15.0
58400,10.0
58400,17.0
58400,14.0
58400,13.0
58400,12.0
58500,13.0
58500,12.0
58500,11.0
58500,12.0
58500,15.0
58500,18.0
58600,16.0
58600,15.0
58600,12.0
58600,17.0
58600,13.0
58600,15.0
58700,17.0
58700,13.0
58700,12.0
58700,14.0
58700,15.0
58800,16.0
58800,13.0
58900,12.0
58900,10.0
58900,10.0
58900,13.0
58900,15.0
59000,12.0
59000,16.0
59000,15.0
59100,14.0
59100,14.0
59100,12.0
59100,13.0
59100,14.0
59200,19.0
59200,15.0
59200,16.0
59200,14.0
59200,17.0
59200,14.0
59200,11.0
59300,9.0
59300,14.0
59300,14.0
59300,15.0
59300,16.0
59300,15.0
59300,12.0
59300,16.0
59400,13.0
59400,14.0
59400,14.0
59400,15.0
59400,14.0
59400,10.0
59400,14.0
59400,13.0
59400,13.0
59400,12.0
59400,15.0
59400,15.0
59500,16.0
59500,12.0
59500,14.0
59500,16.0
59500,15.0
59500,15.0
59600,13.0
59600,11.0
59600,13.0
59600,12.0
59600,10.0
59600,11.0
59600,14.0
59700,17.0
59700,16.0
59700,18.0
59700,16.0
59700,16.0
59700,16.0
59700,15.0
59700,15.0
59800,16.0
59800,11.0
59800,14.0
59800,14.0
59800,12.0
59800,12.0
59800,19.0
59800,14.0
59800,15.0
59900,13.0
59900,13.0
59900,19.0
59900,14.0
59900,16.0
59900,12.0
59900,14.0
59900,18.0
59900,15.0
60000,14.0
60100,14.0
60100,13.0
60100,13.0
60100,12.0
60100,15.0
60100,12.0
60100,13.0
60200,15.0
60200,12.0
60200,15.0
60200,14.0
60200,15.0
60300,18.0
60300,15.0
60300,18.0
60300,12.0
60400,15.0
60400,16.0
60500,12.0
60500,13.0
60600,13.0
60600,12.0
60600,15.0
60600,12.0
60600,17.0
60700,17.0
60700,13.0
60700,11.0
60700,16.0
60800,15.0
60800,14.0
60800,16.0
60800,13.0
60800,17.0
60900,16.0
60900,14.0
60900,18.0
61000,18.0
61100,15.0
61100,15.0
61100,14.0
61100,16.0
61100,22.0
61100,16.0
61200,16.0
61200,19.0
61200,18.0
61200,17.0
61300,19.0
61300,17.0
61300,19.0
61300,18.0
61400,19.0
61500,19.0
61500,19.0
61500,18.0
61500,17.0
61500,16.0
61600,20.0
61600,20.0
61600,20.0
61600,20.0
61700,20.0
61700,21.0
61800,20.0
61800,17.0
61800,21.0
61900,19.0
61900,21.0
62000,25.0
62000,23.0
62000,23.0
62000,22.0
62000,22.0
62000,21.0
62100,21.0
62100,18.0
62100,22.0
62200,22.0
62200,23.0
62300,22.0
62400,22.0
62400,25.0
62400,24.0
62400,24.0
62400,23.0
62400,19.0
62500,27.0
62600,28.0
62600,25.0
62600,25.0
62600,27.0
62700,28.0
62700,28.0
62700,27.0
62700,24.0
62700,19.0
62800,20.0
62800,24.0
62800,27.0
62800,25.0
62800,25.0
62900,29.0
62900,29.0
62900,20.0
63000,30.0
63100,18.0
63100,30.0
63100,26.0
63100,21.0
63200,20.0
63200,25.0
63200,21.0
63200,22.0
63200,22.0
63200,31.0
63200,21.0
63200,28.0
63200,28.0
63300,25.0
63400,26.0
63400,24.0
63500,34.0
63500,30.0
63500,32.0
63500,20.0
63600,30.0
63600,21.0
63600,27.0
63600,32.0
63600,33.0
63600,21.0
63700,33.0
63700,28.0
63800,25.0
63800,31.0
63800,24.0
63800,25.0
63900,25.0
63900,26.0
63900,23.0
64000,22.0
64100,24.0
64100,21.0
64100,32.0
64100,35.0
64100,38.0
64100,30.0
64200,27.0
64300,29.0
64300,21.0
64300,26.0
64300,29.0
64300,38.0
64300,30.0
64400,26.0
64400,25.0
64400,22.0
64500,27.0
64500,21.0
64500,23.0
64500,20.0
64500,28.0
64600,36.0
64600,29.0
64600,27.0
64700,39.0
64700,25.0
64700,21.0
64700,21.0
64700,24.0
64700,13.0
64800,26.0
64800,31.0
64900,29.0
64900,20.0
64900,23.0
64900,25.0
64900,26.0
64900,26.0
65000,18.0
65000,20.0
65000,37.0
65000,22.0
65100,25.0
65100,17.0
65200,23.0
65300,23.0
65300,24.0
65300,14.0
65400,20.0
65500,26.0
65500,27.0
65500,27.0
65700,27.0
65700,20.0
65700,24.0
65700,28.0
65800,32.0
65800,21.0
65800,37.0
65900,32.0
66000,27.0
66000,38.0
66100,27.0
66100,33.0
66200,24.0
66200,41.0
66300,27.0
66400,38.0
66500,30.0
66500,24.0
66600,25.0
66700,33.0
66900,26.0
66900,38.0
67200,29.0
67300,40.0
67300,43.0
67300,43.0
67300,55.0
67300,30.0
67400,34.0
67400,34.0
67600,31.0
67700,43.0
67800,27.0
67800,29.0
67800,41.0
67800,58.0
67900,26.0
67900,41.0
67900,41.0
68100,40.0
68100,39.0
68100,28.0
68200,44.0
68200,31.0
68300,34.0
68300,52.0
68300,32.0
68400,41.0
68500,34.0
68500,54.0
68500,26.0
68600,47.0
68600,52.0
68600,48.0
68700,39.0
68700,35.0
68700,36.0
68800,37.0
68800,48.0
68800,43.0
68800,41.0
68800,36.0
68800,52.0
68900,41.0
68900,39.0
68900,42.0
69000,35.0
69000,40.0
69000,30.0
69000,46.0
69000,44.0
69100,46.0
69200,43.0
69300,44.0
69300,45.0
69400,37.0
69400,45.0
69400,51.0
69500,33.0
69500,43.0
69500,49.0
69500,57.0
69600,49.0
69600,41.0
69600,37.0
69600,40.0
69600,49.0
69700,64.0
69700,32.0
69700,63.0
69800,43.0
69800,44.0
69800,34.0
69800,38.0
69800,27.0
69900,42.0
69900,39.0
69900,65.0
70000,37.0
70000,55.0
70000,51.0
70000,39.0
70100,42.0
70100,61.0
70100,35.0
70200,31.0
70200,50.0
70200,38.0
70200,33.0
70300,29.0
70300,57.0
70300,46.0
70300,40.0
70300,28.0
70400,45.0
70400,37.0
70400,29.0
70400,24.0
70400,61.0
70400,42.0
70400,23.0
70400,28.0
70400,36.0
70500,38.0
70500,25.0
70500,60.0
70500,30.0
70600,25.0
70600,59.0
70600,23.0
70600,23.0
70700,27.0
70700,32.0
70700,23.0
70700,27.0
70700,28.0
70800,32.0
70800,30.0
70800,24.0
70800,23.0
70900,23.0
70900,34.0
70900,21.0
71000,29.0
71000,27.0
71000,25.0
71000,23.0
71100,21.0
71100,26.0
71100,24.0
71100,21.0
71100,22.0
71200,21.0
71200,19.0
71200,22.0
71200,22.0
71200,23.0
71200,20.0
71300,21.0
71300,17.0
71300,19.0
71300,16.0
71300,21.0
71300,21.0
71400,16.0
71400,18.0
71400,23.0
71400,24.0
71400,16.0
71400,77.0
71400,24.0
71400,17.0
71500,23.0
71500,24.0
71500,26.0
71500,18.0
71600,16.0
71600,21.0
71600,16.0
71600,21.0
71600,15.0
71600,28.0
71600,14.0
71600,29.0
71600,16.0
71600,16.0
71700,18.0
71700,14.0
71700,19.0
71700,17.0
71700,19.0
71700,19.0
71700,18.0
71700,15.0
71700,21.0
71700,29.0
71800,17.0
71800,19.0
71800,15.0
71800,17.0
71900,17.0
71900,22.0
72000,16.0
72000,15.0
72000,14.0
72000,18.0
72000,15.0
72000,16.0
72100,16.0
72100,15.0
72100,17.0
72100,17.0
72100,14.0
72100,18.0
72100,15.0
72200,16.0
72200,14.0
72200,16.0
72200,77.0
72200,17.0
72200,14.0
72300,14.0
72300,18.0
72300,17.0
72300,16.0
72300,17.0
72300,15.0
72300,16.0
72400,15.0
72400,18.0
72400,17.0
72400,18.0
72400,15.0
72500,17.0
72600,16.0
72600,17.0
72600,16.0
72600,15.0
72600,16.0
72600,16.0
72600,14.0
72600,17.0
72700,15.0
72700,15.0
72700,16.0
72700,16.0
72800,15.0
72800,15.0
72900,15.0
72900,16.0
72900,15.0
72900,15.0
72900,15.0
72900,17.0
73000,15.0
73000,17.0
73000,15.0
73000,17.0
73000,14.0
73000,16.0
73100,17.0
73100,16.0
73100,15.0
73100,16.0
73100,16.0
73100,15.0
73200,17.0
73200,15.0
73200,16.0
73300,17.0
73300,17.0
73300,16.0
73300,15.0
73300,15.0
73300,17.0
73300,15.0
73300,15.0
73300,17.0
73400,15.0
73400,15.0
73400,15.0
73400,16.0
73400,17.0
73400,16.0
73400,15.0
73400,17.0
73400,16.0
73400,16.0
73400,15.0
73400,16.0
73500,16.0
73500,15.0
73500,15.0
73500,16.0
73500,16.0
73600,17.0
73600,17.0
73600,15.0
73600,15.0
73600,18.0
73700,17.0
73700,15.0
73700,15.0
73700,14.0
73700,17.0
73800,15.0
73800,15.0
73800,16.0
73800,15.0
73900,17.0
73900,17.0
73900,15.0
73900,17.0
74000,17.0
74000,16.0
74000,16.0
74000,17.0
74000,15.0
74000,16.0
74100,16.0
74100,16.0
74100,16.0
74100,17.0
74100,18.0
74100,17.0
74100,16.0
74100,16.0
74200,17.0
74200,16.0
74200,15.0
74200,16.0
74300,15.0
74300,15.0
74300,17.0
74300,14.0
74300,15.0
74400,16.0
74400,16.0
74400,15.0
74400,18.0
74500,16.0
74500,14.0
74500,17.0
74500,16.0
74500,19.0
74600,15.0
74600,18.0
74600,18.0
74600,15.0
74600,16.0
74600,16.0
74700,15.0
74700,16.0
74700,14.0
74800,17.0
74800,16.0
74800,16.0
74900,18.0
74900,16.0
74900,17.0
74900,14.0
74900,15.0
74900,16.0
74900,16.0
75000,17.0
75000,17.0
75000,15.0
75000,18.0
75000,18.0
75000,15.0
75100,14.0
75100,16.0
75100,13.0
75100,15.0
75100,15.0
75100,16.0
75100,16.0
75100,13.0
75100,16.0
75100,15.0
75100,15.0
75100,16.0
75100,17.0
75200,15.0
75200,16.0
75200,14.0
75200,18.0
75200,17.0
75200,15.0
75200,16.0
75200,16.0
75200,16.0
75200,16.0
75200,16.0
75200,15.0
75300,14.0
75300,17.0
75300,16.0
75300,15.0
75300,14.0
75300,17.0
75300,15.0
75400,12.0
75400,14.0
75400,14.0
75400,15.0
75400,14.0
75400,12.0
75400,13.0
75400,15.0
75400,15.0
75400,14.0
75400,13.0
75400,13.0
75500,12.0
75500,14.0
75500,12.0
75500,12.0
75500,13.0
75500,13.0
75600,13.0
75600,13.0
75600,12.0
75600,14.0
75600,11.0
75600,12.0
75600,13.0
75600,13.0
75700,15.0
75700,12.0
75700,11.0
75700,11.0
75700,14.0
75700,13.0
75700,13.0
75700,11.0
75800,10.0
75800,13.0
75800,9.0
75800,11.0
75800,10.0
75800,11.0
75800,10.0
75900,9.0
75900,12.0
75900,14.0
75900,12.0
75900,10.0
75900,9.0
75900,11.0
75900,11.0
75900,8.0
75900,10.0
75900,14.0
75900,8.0
75900,12.0
75900,13.0
76000,10.0
76000,8.0
76000,9.0
76000,8.0
76000,9.0
76000,12.0
76000,9.0
76000,9.0
76100,9.0
76100,9.0
76100,9.0
76100,8.0
76100,9.0
76100,8.0
76200,11.0
76200,9.0
76200,8.0
76200,9.0
76200,9.0
76200,9.0
76200,9.0
76200,9.0
76200,9.0
76200,9.0
76200,9.0
76200,9.0
76200,8.0
76300,9.0
76300,9.0
76300,9.0
76300,8.0
76300,8.0
76300,9.0
76300,9.0
76300,9.0
76300,8.0
76400,8.0
76400,10.0
76400,9.0
76400,8.0
76400,9.0
76400,10.0
76400,9.0
76400,11.0
76400,10.0
76500,9.0
76500,9.0
76500,9.0
76500,11.0
76500,9.0
76500,9.0
76500,9.0
76500,9.0
76500,9.0
76600,9.0
76600,10.0
76600,11.0
76600,10.0
76600,9.0
76600,8.0
76600,9.0
76600,8.0
76600,9.0
76600,8.0
76700,10.0
76700,9.0
76700,9.0
76700,9.0
76700,10.0
76800,9.0
76800,9.0
76800,9.0
76800,9.0
76800,9.0
76800,10.0
76800,9.0
76800,8.0
76900,8.0
76900,8.0
76900,8.0
76900,8.0
76900,10.0
76900,9.0
76900,9.0
76900,10.0
77000,9.0
77000,9.0
77000,12.0
77000,10.0
77000,9.0
77000,9.0
77000,10.0
77000,9.0
77000,8.0
77000,8.0
77000,9.0
77000,9.0
77100,9.0
77100,8.0
77100,9.0
77100,8.0
77100,10.0
77100,9.0
77100,9.0
77100,10.0
77100,11.0
77100,9.0
77200,9.0
77200,9.0
77200,12.0
77200,8.0
77200,8.0
77200,11.0
77200,9.0
77200,8.0
77300,9.0
77300,9.0
77300,9.0
77300,10.0
77300,9.0
77300,9.0
77300,9.0
77300,9.0
77300,9.0
77300,8.0
77300,11.0
77300,8.0
77400,9.0
77400,9.0
77400,8.0
77400,9.0
77500,11.0
77500,9.0
77500,10.0
77500,11.0
77500,10.0
77500,8.0
77500,9.0
77500,8.0
77600,9.0
77600,10.0
77600,9.0
77600,8.0
77600,9.0
77600,8.0
77600,11.0
77600,10.0
77600,9.0
77600,9.0
77600,10.0
77600,10.0
77600,8.0
77600,9.0
77600,10.0
77700,9.0
77700,9.0
77700,8.0
77700,9.0
77700,10.0
77700,9.0
77700,11.0
77700,9.0
77800,10.0
77800,13.0
77800,9.0
77800,9.0
77800,8.0
77900,8.0
77900,9.0
77900,9.0
77900,8.0
77900,10.0
77900,10.0
77900,11.0
77900,9.0
77900,8.0
78000,9.0
78000,9.0
78000,9.0
78000,10.0
78000,8.0
78100,9.0
78100,9.0
78100,11.0
78100,8.0
78100,9.0
78100,9.0
78100,8.0
78100,10.0
78100,8.0
78100,8.0
78100,11.0
78100,9.0
78100,9.0
78200,10.0
78200,9.0
78200,9.0
78200,12.0
78200,9.0
78200,10.0
78200,11.0
78200,8.0
78200,8.0
78200,8.0
78200,10.0
78200,8.0
78300,10.0
78300,10.0
78300,10.0
78300,9.0
78300,11.0
78300,9.0
78300,8.0
78300,9.0
78400,9.0
78400,9.0
78400,10.0
78400,12.0
78400,8.0
78400,9.0
78400,9.0
78400,8.0
78400,9.0
78500,10.0
78500,10.0
78500,10.0
78500,9.0
78500,10.0
78500,8.0
78500,8.0
78500,8.0
78500,10.0
78600,9.0
78600,8.0
78600,8.0
78600,8.0
78600,9.0
78600,10.0
78600,9.0
78700,9.0
78700,9.0
78700,9.0
78700,9.0
78700,8.0
78700,8.0
78700,9.0
78700,10.0
78700,9.0
78700,9.0
78800,10.0
78800,13.0
78800,9.0
78800,9.0
78800,10.0
78800,8.0
78800,10.0
78800,11.0
78800,10.0
78800,9.0
78900,10.0
78900,9.0
79000,8.0
79000,9.0
79000,9.0
79000,9.0
79000,9.0
79000,9.0
79000,10.0
79000,11.0
79000,9.0
79000,9.0
79100,9.0
79100,8.0
79100,8.0
79100,11.0
79100,8.0
79100,11.0
79100,10.0
79100,12.0
79100,8.0
79100,9.0
79100,13.0
79200,9.0
79200,9.0
79200,9.0
79200,9.0
79200,9.0
79300,8.0
79300,11.0
79300,10.0
79300,8.0
79300,9.0
79300,9.0
79300,12.0
79300,10.0
79300,9.0
79300,9.0
79300,8.0
79300,8.0
79300,10.0
79300,9.0
79300,9.0
79300,9.0
79400,9.0
79400,8.0
79400,10.0
79400,9.0
79400,8.0
79400,10.0
79400,9.0
79500,8.0
79500,9.0
79500,11.0
79500,13.0
79500,9.0
79600,8.0
79600,8.0
79600,10.0
79600,13.0
79600,9.0
79600,9.0
79600,9.0
79600,11.0
79600,12.0
79600,10.0
79700,8.0
79700,10.0
79700,9.0
79700,10.0
79700,10.0
79700,9.0
79700,11.0
79700,11.0
79800,9.0
79800,11.0
79800,11.0
79800,9.0
79800,8.0
79800,8.0
79800,8.0
79800,10.0
79800,9.0
79800,14.0
79800,9.0
79800,10.0
79800,9.0
79900,9.0
79900,8.0
79900,9.0
79900,9.0
79900,9.0
79900,13.0
79900,10.0
79900,9.0
80000,10.0
80000,11.0
80000,11.0
80000,12.0
80000,9.0
80000,8.0
80100,9.0
80100,9.0
80300,5.0
80300,5.0
80400,10.0
80400,12.0
80500,13.0
81300,24.0
81400,24.0
81500,23.0
81500,22.0
81600,23.0
81600,23.0
81600,24.0
81700,24.0
81700,24.0
81700,23.0
81700,25.0
81800,26.0
81800,25.0
81800,25.0
81900,26.0
81900,26.0
82000,26.0
82000,27.0
82000,28.0
82100,26.0
82200,27.0
82200,28.0
82200,27.0
82200,27.0
82300,28.0
82300,23.0
82400,29.0
82400,31.0
82500,30.0
82500,30.0
82600,31.0
82600,32.0
82600,31.0
82700,32.0
82700,32.0
82800,32.0
82900,33.0
83300,36.0
83400,39.0
83500,40.0
83600,40.0
83800,37.0
83800,37.0
83800,32.0
83900,37.0
83900,37.0
83900,39.0
84000,40.0
84100,44.0
84100,40.0
84100,39.0
84100,38.0
84200,42.0
84200,41.0
84300,42.0
84300,41.0
84300,46.0
84400,49.0
84500,44.0
84500,44.0
84500,50.0
84500,45.0
84500,39.0
84500,45.0
84600,46.0
84600,39.0
84700,46.0
84700,49.0
84700,47.0
84700,44.0
84700,51.0
84700,50.0
84800,43.0
84800,48.0
84800,52.0
84900,49.0
84900,50.0
84900,47.0
85000,52.0
85000,45.0
85100,51.0
85900,57.0
86100,62.0
86200,66.0
86300,45.0
86500,66.0
86500,47.0
86600,67.0
86600,49.0
86800,47.0
86800,68.0
86900,49.0
87000,70.0
87000,72.0
87100,75.0
87100,74.0
87200,57.0
87300,51.0
87300,54.0
87300,75.0
87400,57.0
87500,76.0
87700,54.0
87700,78.0
87700,59.0
87800,59.0
87800,80.0
87900,55.0
88000,58.0
88000,82.0
88100,65.0
88200,63.0
88200,60.0
88200,58.0
88300,84.0
88400,65.0
88500,56.0
88600,57.0
88600,58.0
88700,62.0
88700,61.0
88900,69.0
88900,69.0
89000,65.0
89100,93.0
89100,92.0
89300,65.0
89800,100.0
89900,69.0
90300,76.0
90400,73.0
90400,83.0
90900,85.0
91700,93.0
93600,110.0
93600,109.0
93800,110.0
93800,102.0
94300,96.0
94300,102.0
94500,102.0
94700,107.0
94700,104.0
94800,101.0
95000,110.0
95800,110.0
96500,78.0
96500,130.0
96700,126.0
96700,130.0
96800,123.0
97200,129.0
97300,129.0
97400,133.0
97800,128.0
98300,134.0
98300,115.0
98600,134.0
99000,152.0
99000,113.0
99100,109.0
99200,145.0
99300,141.0
99700,152.0
99700,113.0
99800,114.0
99900,127.0
100000,156.0
100300,161.0
100400,155.0
100500,162.0
100600,118.0
100600,131.0
100600,139.0
100900,162.0
100900,164.0
100900,158.0
101000,131.0
101000,157.0
101000,163.0
101300,145.0
101400,125.0
101500,70.0
101600,176.0
101700,156.0
101700,166.0
101700,144.0
101800,171.0
101800,168.0
101900,134.0
101900,147.0
102000,141.0
102200,147.0
102200,136.0
102400,124.0
102400,173.0
102400,129.0
102600,121.0
102600,178.0
102700,145.0
103000,147.0
103000,119.0
103100,157.0
103200,140.0
103200,139.0
103400,96.0
103400,145.0
103400,184.0
103400,128.0
103400,89.0
103500,156.0
103600,135.0
103600,98.0
103600,156.0
103600,172.0
103600,171.0
103900,190.0
103900,190.0
104000,169.0
104000,90.0
104000,91.0
104000,88.0
104300,168.0
104300,180.0
104400,156.0
104500,71.0
104700,87.0
104900,200.0
105100,170.0
105300,134.0
105500,106.0
105600,109.0
105900,210.0
105900,168.0
106000,187.0
106200,182.0
106200,186.0
106200,192.0
106300,217.0
106400,124.0
106800,67.0
106800,68.0
106900,163.0
107000,94.0
107000,71.0
107000,100.0
107000,179.0
107100,131.0
107100,83.0
107100,78.0
107100,102.0
107200,87.0
107400,207.0
107500,83.0
107500,67.0
107600,70.0
107700,193.0
107700,65.0
107800,109.0
107900,71.0
108700,112.0
109100,92.0
109400,102.0
109400,92.0
109500,90.0
109500,80.0
109500,87.0
109600,89.0
109600,72.0
109600,84.0
109700,86.0
109700,130.0
109700,227.0
109800,87.0
109800,80.0
109900,104.0
109900,88.0
109900,80.0
110000,84.0
110000,115.0
110100,89.0
110200,80.0
110200,83.0
110300,82.0
110300,86.0
110300,84.0
110400,84.0
110500,77.0
110500,79.0
110600,85.0
110600,82.0
110600,73.0
110800,82.0
110900,89.0
111000,78.0
111100,77.0
111200,83.0
111200,80.0
111300,85.0
111300,79.0
111300,77.0
111400,78.0
111400,76.0
111400,88.0
111500,77.0
111600,78.0
111600,80.0
111700,79.0
111700,79.0
111700,76.0
111700,75.0
111800,82.0
111800,77.0
111900,82.0
111900,83.0
112000,78.0
112000,126.0
112000,78.0
112100,72.0
112200,229.0
112200,155.0
112300,78.0
112400,82.0
112500,79.0
112500,80.0
112700,70.0
112700,80.0
112800,70.0
112800,73.0
112900,78.0
112900,76.0
113000,68.0
113100,67.0
113200,66.0
113400,61.0
113400,73.0
113400,70.0
113500,74.0
113600,66.0
113600,71.0
113600,66.0
113600,64.0
113600,59.0
113600,65.0
113700,65.0
113700,65.0
113800,65.0
113900,67.0
113900,75.0
113900,65.0
113900,66.0
114100,65.0
114100,62.0
114200,69.0
114500,67.0
114500,65.0
114600,65.0
114600,69.0
114600,67.0
115000,61.0
115800,60.0
115800,61.0
115900,66.0
115900,63.0
116100,64.0
116100,63.0
116100,65.0
116100,59.0
116200,62.0
116200,63.0
116300,65.0
116300,66.0
116300,62.0
116400,63.0
116400,65.0
116500,57.0
116600,61.0
116600,64.0
116600,65.0
116700,68.0
116700,60.0
116800,68.0
116800,60.0
116800,64.0
116900,65.0
116900,66.0
117000,60.0
117000,65.0
117000,62.0
117000,64.0
117000,57.0
117100,59.0
117100,55.0
117200,65.0
117200,67.0
117500,60.0
117500,60.0
117600,55.0
117600,62.0
117600,60.0
117700,62.0
117700,66.0
117800,59.0
117800,59.0
117800,60.0
117800,62.0
117900,59.0
117900,65.0
118000,60.0
118000,63.0
118000,61.0
118000,58.0
118100,57.0
118100,63.0
118100,59.0
118100,62.0
118100,59.0
118200,61.0
118200,56.0
118200,55.0
118400,60.0
118400,59.0
118500,58.0
118500,62.0
118500,56.0
118600,57.0
118700,54.0
118900,58.0
118900,59.0
118900,57.0
119000,59.0
119000,60.0
119200,56.0
119400,58.0
119400,58.0
119400,56.0
119500,61.0
119600,58.0
119600,58.0
119600,58.0
119700,59.0
119800,57.0
119800,57.0
119900,60.0
119900,62.0
120000,57.0
120000,61.0
120100,63.0
120100,60.0
120100,60.0
120300,60.0
120300,56.0
120400,64.0
120400,57.0
120500,61.0
120800,60.0
121000,62.0
121100,63.0
121300,61.0
121800,238.0
122200,61.0
122300,63.0
122400,61.0
122500,61.0
122600,59.0
122700,67.0
122700,63.0
122900,60.0
122900,66.0
123000,65.0
123100,68.0
123100,60.0
123200,64.0
123200,66.0
123200,71.0
123300,60.0
123500,64.0
123500,72.0
123500,63.0
123600,71.0
123600,68.0
123600,66.0
123600,64.0
123700,69.0
123700,63.0
123700,71.0
123800,66.0
123800,66.0
124000,68.0
124100,72.0
124100,71.0
124100,76.0
124200,68.0
124300,73.0
124300,70.0
124300,64.0
124400,65.0
124500,67.0
124600,62.0
124600,66.0
124600,69.0
124700,64.0
124700,70.0
124800,70.0
124800,68.0
124800,64.0
124800,70.0
124900,67.0
125000,63.0
125100,67.0
125100,68.0
125100,69.0
125200,71.0
125200,69.0
125200,70.0
125300,66.0
125300,73.0
125300,65.0
125400,68.0
125400,68.0
125500,75.0
125500,66.0
125500,63.0
125500,68.0
125700,74.0
125900,76.0
125900,77.0
126000,79.0
126200,71.0
126300,69.0
126300,71.0
126400,73.0
126400,73.0
126400,68.0
126600,68.0
126800,72.0
126900,69.0
126900,67.0
127200,70.0
127200,69.0
127400,76.0
127400,77.0
127700,78.0
127700,79.0
127800,73.0
127900,76.0
127900,83.0
128000,70.0
128000,67.0
128000,74.0
128000,79.0
128000,79.0
128000,77.0
128200,70.0
128200,76.0
128300,78.0
128300,76.0
128300,68.0
128500,85.0
129300,67.0
129400,69.0
129800,71.0
129800,70.0
129800,67.0
130100,69.0
130300,72.0
130300,79.0
130300,83.0
130400,66.0
130400,70.0
130500,76.0
130500,71.0
130600,73.0
130600,77.0
130700,72.0
130800,70.0
130800,70.0
130800,74.0
130900,72.0
131000,77.0
131000,72.0
131100,74.0
131100,71.0
131100,72.0
131100,72.0
131200,75.0
131200,70.0
131200,72.0
131300,70.0
131300,68.0
131500,68.0
131500,66.0
131600,73.0
131600,77.0
131600,71.0
131700,69.0
131700,63.0
131800,68.0
131800,70.0
131800,64.0
131900,68.0
131900,66.0
132100,71.0
132100,71.0
132100,78.0
132100,71.0
132100,66.0
132200,73.0
132200,69.0
132200,76.0
132300,66.0
132300,66.0
132300,75.0
132400,70.0
132400,80.0
132400,68.0
132400,72.0
132500,70.0
132500,80.0
132700,74.0
132900,72.0
132900,68.0
133000,73.0
133200,66.0
133200,71.0
133300,67.0
133300,74.0
133400,79.0
133400,78.0
133400,70.0
133500,73.0
133600,71.0
133900,71.0
134100,70.0
134400,78.0
134400,79.0
134900,78.0
134900,75.0
134900,79.0
135300,71.0
135300,74.0
135400,80.0
135400,74.0
135600,80.0
135600,80.0
135800,77.0
135900,74.0
135900,80.0
136100,79.0
136100,79.0
136100,77.0
136100,80.0
136200,78.0
136300,78.0
136600,84.0
136700,85.0
136700,85.0
136700,80.0
137400,89.0
138200,82.0
138200,82.0
138200,86.0
138500,90.0
139000,83.0
139300,85.0
139500,89.0
139500,92.0
139700,82.0
139800,84.0
139800,98.0
139800,91.0
139900,86.0
140000,95.0
140000,94.0
140000,82.0
140000,86.0
140100,83.0
140400,91.0
140400,89.0
140400,92.0
140400,83.0
140400,95.0
140500,92.0
140500,100.0
140500,88.0
140600,83.0
140600,88.0
140600,96.0
140700,97.0
140700,99.0
140700,83.0
140700,97.0
140700,96.0
140800,91.0
140800,83.0
141000,84.0
141000,98.0
141000,91.0
141000,90.0
141100,92.0
141100,88.0
141100,106.0
141100,84.0
141100,91.0
141200,89.0
141300,87.0
141300,86.0
141400,100.0
141400,89.0
141400,91.0
141600,92.0
141600,103.0
141700,81.0
141800,94.0
141900,93.0
142200,97.0
142300,85.0
142400,98.0
142500,104.0
142600,94.0
142600,91.0
142600,97.0
142600,95.0
142700,96.0
142800,94.0
142900,95.0
142900,109.0
142900,92.0
143100,95.0
143400,111.0
143400,99.0
143400,88.0
143500,92.0
143700,86.0
143700,86.0
143800,102.0
143800,97.0
143900,93.0
144000,84.0
144100,86.0
144100,81.0
144200,91.0
144300,85.0
144500,90.0
144600,90.0
144600,85.0
145000,87.0
145000,87.0
145200,88.0
145300,90.0
145400,96.0
145500,90.0
145600,95.0
145800,95.0
145900,91.0
146100,92.0
146100,92.0
146700,98.0
146900,82.0
147100,95.0
147400,90.0
148400,100.0
148400,92.0
148500,101.0
149300,96.0
149700,102.0
149800,101.0
150100,99.0
150100,92.0
150300,95.0
150400,97.0
150400,101.0
150500,105.0
150600,97.0
150600,107.0
150600,86.0
150700,99.0
150700,98.0
150700,95.0
150800,99.0
150800,95.0
150900,103.0
150900,109.0
151000,97.0
151000,108.0
151000,98.0
151100,92.0
151100,95.0
151300,106.0
151400,108.0
151400,112.0
151500,106.0
151500,109.0
151500,109.0
151600,106.0
151700,102.0
151700,107.0
151800,116.0
151900,88.0
152000,112.0
152100,85.0
152200,115.0
152200,109.0
152200,110.0
152500,125.0
152500,112.0
152500,113.0
152500,109.0
152600,108.0
152700,91.0
152800,127.0
152800,99.0
152800,95.0
152800,103.0
152900,101.0
152900,101.0
153000,103.0
153100,113.0
153200,104.0
153200,106.0
153400,86.0
153400,104.0
153400,103.0
153400,95.0
153500,111.0
153700,98.0
153700,121.0
153800,95.0
154000,100.0
154000,99.0
154000,95.0
154000,134.0
154100,101.0
154100,126.0
154300,129.0
154300,122.0
154500,93.0
154600,118.0
154600,110.0
154700,90.0
154900,94.0
154900,136.0
154900,107.0
155200,115.0
155200,104.0
155200,89.0
155500,103.0
155600,102.0
155600,93.0
155800,100.0
155900,128.0
156000,104.0
156300,120.0
156600,122.0
156600,97.0
156800,108.0
156800,121.0
157000,109.0
157100,100.0
157200,96.0
157300,100.0
158900,103.0
160500,118.0
161100,103.0
161400,103.0
161400,101.0
162100,108.0
162200,111.0
162200,127.0
162400,116.0
162400,114.0
162400,138.0
162400,124.0
162400,121.0
162600,114.0
162700,118.0
162900,124.0
162900,108.0
163000,103.0
163000,100.0
163000,106.0
163100,115.0
163100,128.0
163300,134.0
163300,115.0
163300,110.0
163300,97.0
163400,104.0
163600,96.0
163800,111.0
163900,108.0
164000,110.0
164000,104.0
164000,112.0
164000,95.0
164100,110.0
164300,134.0
164300,121.0
164400,132.0
164500,128.0
164600,110.0
164700,96.0
164700,123.0
164700,141.0
164800,121.0
164800,118.0
164900,95.0
164900,132.0
164900,98.0
164900,125.0
164900,117.0
165000,144.0
165000,107.0
165000,108.0
165000,103.0
165100,135.0
165200,95.0
165200,118.0
165200,142.0
165300,99.0
165300,108.0
165500,136.0
165500,113.0
165500,94.0
165700,150.0
165800,115.0
165900,101.0
166000,98.0
166000,118.0
166000,121.0
166000,112.0
166100,152.0
166100,88.0
166200,145.0
166200,97.0
166300,105.0
166400,110.0
166400,135.0
166400,116.0
166800,119.0
166900,127.0
167000,96.0
167100,101.0
167200,139.0
167200,138.0
167200,102.0
167300,122.0
167300,154.0
167500,148.0
167600,164.0
167600,116.0
167700,102.0
167800,87.0
168100,166.0
168100,173.0
168300,146.0
168400,164.0
168800,81.0
168900,121.0
169200,153.0
169600,128.0
169700,84.0
169800,82.0
169800,82.0
170100,129.0
170300,80.0
170400,62.0
170400,78.0
170600,82.0
170600,170.0
170600,66.0
170800,73.0
171400,88.0
171400,82.0
171500,89.0
171500,91.0
171600,83.0
171700,91.0
171800,85.0
171800,87.0
171900,87.0
171900,93.0
171900,77.0
172000,91.0
172100,79.0
172100,90.0
172200,87.0
172300,87.0
172400,92.0
172400,89.0
172700,80.0
172900,101.0
172900,91.0
173000,85.0
173100,89.0
173200,82.0
173200,87.0
173400,91.0
173400,99.0
173500,86.0
173500,84.0
173800,89.0
173900,87.0
173900,89.0
173900,98.0
174000,94.0
174100,87.0
174100,84.0
174100,88.0
174200,88.0
174200,85.0
174300,94.0
174300,91.0
174300,88.0
174300,92.0
174300,92.0
174400,82.0
174500,97.0
174600,94.0
174600,84.0
174600,87.0
174600,84.0
174700,92.0
174800,82.0
174800,82.0
174900,97.0
175000,90.0
175100,97.0
175100,87.0
175100,85.0
175100,100.0
175200,79.0
175200,90.0
175200,89.0
175600,95.0
175700,82.0
175800,93.0
175800,107.0
175900,96.0
176200,105.0
176200,88.0
176400,94.0
176400,86.0
176600,102.0
176800,89.0
176900,91.0
177000,87.0
177100,97.0
177100,97.0
177200,92.0
177200,97.0
177200,86.0
177400,103.0
177500,98.0
177600,86.0
177700,86.0
177900,96.0
178100,83.0
178100,96.0
178200,110.0
178600,86.0
179000,84.0
179100,97.0
179200,89.0
179500,79.0
179600,86.0
179600,88.0
179800,98.0
179900,80.0
179900,79.0
180000,95.0
180100,102.0
180200,81.0
180300,87.0
180400,98.0
180500,87.0
180500,84.0
180700,99.0
181200,81.0
181300,96.0
181400,94.0
181400,82.0
181500,89.0
181700,83.0
181800,110.0
181800,97.0
181800,82.0
182200,100.0
182200,85.0
182300,100.0
182400,83.0
182400,81.0
182500,92.0
182500,99.0
182700,98.0
182700,110.0
182800,105.0
182900,82.0
182900,88.0
182900,95.0
183000,88.0
183000,105.0
183100,95.0
183100,107.0
183200,91.0
183300,102.0
183400,84.0
183500,98.0
183500,95.0
183500,90.0
183600,93.0
183600,92.0
183700,93.0
183800,89.0
183900,94.0
184000,92.0
184000,92.0
184100,88.0
184100,98.0
184200,88.0
184400,96.0
184500,92.0
184500,91.0
184500,85.0
184500,93.0
184700,94.0
184800,102.0
184800,103.0
185000,97.0
185000,105.0
185100,91.0
185100,100.0
185200,98.0
185200,102.0
185200,91.0
185200,107.0
185300,89.0
185600,90.0
185600,92.0
185800,90.0
185800,86.0
185900,85.0
186000,87.0
186000,112.0
186200,89.0
186500,106.0
186500,107.0
186600,88.0
186800,98.0
186900,103.0
186900,95.0
187000,94.0
187000,89.0
187100,97.0
187200,89.0
187200,93.0
187300,76.0
187400,82.0
187500,92.0
187600,73.0
187600,105.0
187800,71.0
188000,92.0
188000,78.0
188200,98.0
188500,80.0
188500,91.0
188500,84.0
188600,93.0
188700,110.0
189000,92.0
189100,93.0
189400,80.0
189500,86.0
189700,96.0
189700,82.0
189800,98.0
190000,74.0
190000,93.0
190100,84.0
190200,75.0
190200,96.0
190400,88.0
190400,100.0
190600,82.0
190600,86.0
190700,88.0
190800,77.0
190900,74.0
190900,71.0
190900,68.0
191000,94.0
191000,83.0
191100,82.0
191400,67.0
191500,95.0
191500,77.0
191500,86.0
191700,92.0
191700,84.0
191700,97.0
191700,91.0
191900,88.0
192000,70.0
192200,90.0
192200,91.0
192200,90.0
192200,88.0
192300,77.0
192300,93.0
192400,70.0
192500,78.0
192500,71.0
192600,87.0
193000,97.0
193200,92.0
193200,95.0
193200,72.0
193300,96.0
193300,97.0
193400,79.0
193500,81.0
193600,92.0
193600,89.0
193600,112.0
193700,85.0
193700,76.0
193700,100.0
193700,84.0
193800,96.0
193900,90.0
193900,86.0
194000,80.0
194100,87.0
194100,89.0
194200,80.0
194300,96.0
194400,94.0
194400,101.0
194400,86.0
194400,76.0
194500,78.0
195000,72.0
195100,87.0
195100,73.0
195200,110.0
195200,109.0
195400,80.0
195500,97.0
195600,89.0
195700,75.0
195700,83.0
195800,87.0
195900,97.0
195900,87.0
196000,80.0
196100,88.0
196300,86.0
196300,87.0
196500,93.0
196800,80.0
197000,86.0
197100,84.0
197300,91.0
197500,88.0
197500,76.0
197600,87.0
197800,66.0
197800,91.0
197900,83.0
198000,76.0
198100,88.0
198200,76.0
198200,90.0
198300,112.0
198300,81.0
198400,82.0
198600,74.0
198700,79.0
198700,76.0
198900,114.0
199000,84.0
199000,82.0
199000,91.0
199300,89.0
199300,93.0
199300,84.0
199300,77.0
199500,85.0
199500,84.0
199500,74.0
199600,79.0
199700,73.0
199700,127.0
199900,96.0
199900,88.0
200000,103.0
200000,87.0
200100,74.0
200100,82.0
200100,76.0
200100,82.0
200200,85.0
200200,77.0
200300,84.0
200300,81.0
200400,80.0
200500,78.0
200600,78.0
200600,72.0
200700,69.0
200800,74.0
200900,85.0
201000,71.0
201000,66.0
201000,75.0
201100,92.0
201100,94.0
201200,71.0
201200,80.0
201200,74.0
201300,74.0
201300,68.0
201300,61.0
201400,77.0
201400,68.0
201400,80.0
201600,92.0
201600,76.0
201600,90.0
201700,79.0
201800,72.0
201800,83.0
201800,75.0
201800,77.0
201800,72.0
202000,81.0
202000,74.0
202200,68.0
202200,86.0
202200,75.0
202200,79.0
202200,62.0
202300,67.0
202300,64.0
202400,66.0
202500,86.0
202500,72.0
202600,73.0
202600,72.0
202600,69.0
202700,66.0
202800,66.0
202800,69.0
202900,87.0
203100,66.0
203100,66.0
203200,71.0
203200,69.0
203300,61.0
203400,67.0
203500,62.0
204100,71.0
204100,66.0
204200,65.0
204200,62.0
204300,62.0
204300,63.0
204400,67.0
204400,66.0
204800,64.0
204800,64.0
204800,66.0
205100,62.0
205200,69.0
205300,61.0
205300,68.0
205400,65.0
205400,62.0
205500,70.0
205500,69.0
205800,70.0
205900,68.0
205900,64.0
206000,65.0
206200,64.0
206300,71.0
206400,69.0
206400,67.0
206500,63.0
206500,68.0
206500,70.0
206600,65.0
206700,63.0
207000,73.0
207000,67.0
207000,71.0
207100,69.0
207200,69.0
207200,69.0
207300,69.0
207300,68.0
207300,70.0
207400,73.0
207400,66.0
207400,62.0
207500,76.0
207500,61.0
207600,66.0
207600,64.0
207600,63.0
207700,61.0
207800,64.0
207900,65.0
207900,64.0
207900,60.0
207900,74.0
207900,73.0
208000,62.0
208000,73.0
208000,64.0
208100,66.0
208100,73.0
208200,67.0
208200,62.0
208300,71.0
208300,70.0
208400,66.0
208500,65.0
208600,75.0
208600,70.0
208600,64.0
208800,68.0
208900,63.0
208900,71.0
208900,69.0
208900,69.0
208900,80.0
208900,65.0
209000,66.0
209100,67.0
209100,67.0
209200,63.0
209200,65.0
209200,70.0
209300,65.0
209300,68.0
209300,63.0
209400,70.0
209400,69.0
209400,61.0
209400,67.0
209600,68.0
209600,68.0
209600,66.0
209600,65.0
209900,66.0
210100,67.0
210400,69.0
210500,69.0
210500,62.0
210500,71.0
210700,61.0
210800,71.0
210800,65.0
211200,62.0
211300,69.0
211300,68.0
211400,64.0
211500,71.0
211500,69.0
211800,68.0
211900,74.0
212100,66.0
212100,67.0
212100,64.0
212300,70.0
212400,68.0
212400,69.0
212400,67.0
212600,70.0
212700,67.0
212700,66.0
212700,63.0
213000,69.0
213200,67.0
213300,66.0
213300,71.0
213800,70.0
213900,67.0
213900,72.0
214200,67.0
214300,67.0
214300,67.0
214300,71.0
214400,68.0
214400,71.0
214500,67.0
214500,71.0
214500,70.0
214500,71.0
214500,79.0
214600,74.0
214600,67.0
214600,69.0
214700,72.0
214700,78.0
214700,66.0
214700,80.0
214800,82.0
214900,68.0
214900,68.0
215000,65.0
215100,74.0
215200,69.0
215300,71.0
215400,66.0
215400,70.0
215400,71.0
215600,71.0
215600,74.0
215600,75.0
215700,79.0
216000,76.0
216000,82.0
216100,68.0
216200,81.0
216200,74.0
216300,83.0
216400,82.0
216400,73.0
216400,76.0
216400,73.0
216500,71.0
216500,79.0
216500,74.0
216600,71.0
216600,75.0
216800,77.0
216800,72.0
216800,73.0
216800,76.0
216900,82.0
217000,76.0
217000,74.0
217100,75.0
217100,81.0
217100,80.0
217200,74.0
217300,78.0
217300,75.0
217500,81.0
217800,80.0
217900,86.0
218300,80.0
218300,76.0
218400,88.0
218700,86.0
218900,91.0
219100,76.0
219700,90.0
219700,87.0
219700,80.0
220000,84.0
220100,95.0
220200,85.0
220400,84.0
220700,84.0
220800,82.0
220900,99.0
221200,97.0
221500,90.0
221500,81.0
221600,102.0
221800,92.0
221900,110.0
222000,97.0
222100,114.0
222400,95.0
222600,79.0
222800,99.0
222900,106.0
223000,102.0
223000,90.0
223300,92.0
223700,111.0
224000,96.0
224000,93.0
224100,96.0
224300,85.0
224300,114.0
224600,114.0
225100,106.0
225200,105.0
225400,108.0
225600,90.0
225600,108.0
225600,106.0
225800,110.0
226200,98.0
226200,121.0
226200,113.0
226400,118.0
226600,131.0
226700,92.0
226800,100.0
226800,95.0
227000,104.0
227100,122.0
227100,124.0
227300,111.0
227400,127.0
227500,100.0
227500,121.0
227500,102.0
227500,110.0
227500,130.0
227600,106.0
227700,156.0
227700,68.0
227700,92.0
227700,110.0
227800,93.0
227800,75.0
227800,76.0
227800,125.0
227900,144.0
227900,121.0
228000,76.0
228100,82.0
228200,112.0
228300,128.0
228400,112.0
228400,93.0
228500,134.0
228500,119.0
228600,123.0
228700,94.0
228700,88.0
228800,132.0
228800,137.0
228900,141.0
228900,130.0
228900,90.0
229000,113.0
229200,78.0
229200,82.0
229200,125.0
229300,125.0
229300,107.0
229300,73.0
229400,114.0
229400,76.0
229400,130.0
229500,74.0
229500,78.0
229500,106.0
229600,79.0
230200,136.0
230200,153.0
230300,97.0
230500,73.0
230700,77.0
230700,140.0
230700,134.0
230800,85.0
231000,88.0
231000,67.0
231000,158.0
231000,140.0
231000,71.0
231000,136.0
231100,100.0
231400,79.0
231500,89.0
231600,154.0
231600,62.0
231700,86.0
231700,75.0
231800,86.0
231800,90.0
231900,149.0
232000,72.0
232000,67.0
232100,149.0
232200,80.0
232200,64.0
232300,67.0
232400,143.0
232400,168.0
232600,81.0
232800,83.0
232900,71.0
233200,68.0
233200,174.0
233200,74.0
233300,73.0
233300,69.0
233400,68.0
233600,68.0
233600,72.0
233800,167.0
233900,69.0
234000,184.0
234000,63.0
234100,69.0
234100,65.0
234200,73.0
234200,69.0
234200,65.0
234200,63.0
234300,68.0
234300,64.0
234300,73.0
234500,72.0
234500,68.0
234500,65.0
234600,68.0
234700,66.0
234700,68.0
234800,67.0
234800,68.0
234800,68.0
234900,64.0
234900,67.0
235000,73.0
235100,74.0
235300,69.0
235300,70.0
235300,74.0
235400,65.0
235500,69.0
235500,68.0
235500,65.0
235500,75.0
235600,68.0
235700,71.0
235700,66.0
235900,69.0
235900,68.0
235900,68.0
236100,67.0
236100,66.0
236200,75.0
236200,70.0
236400,68.0
236400,70.0
236500,69.0
236600,72.0
236600,69.0
236600,68.0
236600,77.0
237000,75.0
237000,73.0
237100,75.0
237100,76.0
237200,75.0
237800,74.0
238000,73.0
238000,68.0
238400,235.0
238400,72.0
238400,75.0
238500,69.0
238600,74.0
238600,74.0
238600,67.0
238600,67.0
238700,70.0
238700,74.0
238700,77.0
238800,76.0
238800,64.0
238800,79.0
238900,71.0
238900,77.0
239000,69.0
239100,71.0
239100,68.0
239400,89.0
239500,71.0
239500,86.0
239500,77.0
239500,91.0
239600,74.0
239600,76.0
240000,74.0
240100,75.0
240100,73.0
240100,71.0
240100,79.0
240300,69.0
240300,78.0
240500,64.0
240500,67.0
240600,72.0
240600,70.0
240600,71.0
240700,72.0
240800,68.0
240900,78.0
240900,67.0
240900,65.0
240900,66.0
241000,76.0
241100,69.0
241100,67.0
241100,68.0
241100,64.0
241200,59.0
241300,68.0
241300,62.0
241300,65.0
241400,62.0
241500,77.0
241500,68.0
241500,65.0
241600,65.0
241600,67.0
241600,71.0
241600,61.0
241600,71.0
241700,67.0
241700,73.0
241800,71.0
241800,69.0
241800,74.0
242000,65.0
242000,65.0
242100,65.0
242200,65.0
242200,63.0
242400,67.0
242400,74.0
242500,62.0
242500,62.0
242500,64.0
242600,65.0
242600,67.0
242600,69.0
242700,70.0
242800,70.0
242800,67.0
242900,65.0
243200,64.0
243300,65.0
243400,70.0
243500,67.0
243500,69.0
243700,69.0
243800,65.0
243900,72.0
243900,73.0
244000,68.0
244200,62.0
244300,71.0
244600,72.0
244800,75.0
244900,67.0
245000,68.0
245100,65.0
245100,62.0
245200,66.0
245200,64.0
245200,63.0
245300,65.0
245400,65.0
245700,67.0
245800,70.0
245800,70.0
245900,66.0
246000,70.0
246200,71.0
246300,70.0
246300,77.0
246300,72.0
246400,67.0
246500,73.0
246500,68.0
246600,70.0
246600,79.0
246700,77.0
246700,70.0
246800,70.0
246900,71.0
247100,68.0
247400,69.0
247400,66.0
247500,64.0
247500,72.0
247600,68.0
247600,69.0
247600,64.0
247600,68.0
247600,74.0
247600,79.0
247600,73.0
247600,73.0
247700,64.0
247700,67.0
247800,67.0
248000,67.0
248000,63.0
248000,73.0
248300,68.0
248300,74.0
248400,73.0
248400,68.0
248400,67.0
248400,79.0
248500,66.0
248500,74.0
248600,71.0
248600,64.0
248600,68.0
248600,73.0
248700,68.0
248700,73.0
248800,68.0
248800,68.0
248800,70.0
248900,71.0
248900,74.0
248900,72.0
249000,77.0
249000,72.0
249200,65.0
249300,75.0
249400,71.0
249400,68.0
249500,64.0
249600,76.0
249900,77.0
249900,72.0
249900,73.0
249900,71.0
250000,76.0
250100,77.0
250100,74.0
250300,68.0
250500,75.0
250500,76.0
250900,81.0
250900,79.0
250900,73.0
250900,72.0
250900,81.0
251100,74.0
251200,72.0
251200,73.0
251300,79.0
251600,72.0
251700,72.0
251800,77.0
252200,81.0
252700,85.0
253000,82.0
253100,77.0
253400,80.0
253600,76.0
253600,84.0
253800,78.0
253800,88.0
253900,86.0
254000,86.0
254300,78.0
254300,88.0
254400,82.0
254600,87.0
254600,95.0
254700,78.0
254800,83.0
255000,86.0
255100,84.0
255100,73.0
255100,75.0
255100,73.0
255100,85.0
255200,81.0
255300,67.0
255300,71.0
255300,67.0
255400,84.0
255400,93.0
255400,76.0
255400,81.0
255400,87.0
255500,86.0
255500,76.0
255500,78.0
255500,69.0
255500,67.0
255500,77.0
255500,67.0
255600,77.0
255600,69.0
255600,76.0
255600,79.0
255600,80.0
255600,65.0
255700,67.0
255700,75.0
255700,67.0
255700,63.0
255700,68.0
255700,65.0
255800,63.0
255800,93.0
255800,73.0
255800,67.0
255800,67.0
255900,72.0
255900,81.0
256000,92.0
256000,74.0
256000,62.0
256000,59.0
256000,92.0
256000,71.0
256000,59.0
256100,108.0
256100,71.0
256100,65.0
256100,64.0
256100,79.0
256100,69.0
256100,60.0
256200,61.0
256200,74.0
256300,60.0
256300,75.0
256300,61.0
256300,85.0
256400,61.0
256400,86.0
256400,59.0
256500,87.0
256500,69.0
256600,59.0
256600,81.0
256800,61.0
257100,115.0
257300,62.0
257300,62.0
257300,62.0
257300,62.0
257400,63.0
257400,61.0
257500,61.0
257700,62.0
257800,64.0
258000,62.0
258100,61.0
258100,62.0
258400,60.0
259000,61.0
259600,63.0
259700,65.0
259900,63.0
260200,62.0
260300,65.0
260300,65.0
260600,66.0
260900,67.0
260900,68.0
261500,70.0
261500,69.0
261600,71.0
261900,70.0
262100,68.0
262200,67.0
262200,69.0
262300,75.0
262300,70.0
262300,65.0
262400,76.0
262400,68.0
262500,68.0
262600,76.0
262600,71.0
262600,69.0
262700,68.0
262700,74.0
262700,75.0
262800,68.0
262800,75.0
262800,72.0
262800,72.0
262900,66.0
262900,69.0
262900,72.0
262900,72.0
262900,71.0
263000,73.0
263000,70.0
263100,74.0
263100,73.0
263100,73.0
263100,76.0
263100,77.0
263100,68.0
263100,74.0
263200,76.0
263300,68.0
263300,71.0
263300,74.0
263300,77.0
263300,69.0
263300,71.0
263400,75.0
263400,71.0
263500,77.0
263500,75.0
263600,74.0
263600,71.0
263700,76.0
263700,78.0
263700,77.0
263700,75.0
263800,76.0
263800,75.0
263900,74.0
263900,71.0
263900,71.0
263900,80.0
263900,80.0
264000,77.0
264000,75.0
264100,77.0
264100,83.0
264100,74.0
264100,78.0
264200,69.0
264200,80.0
264200,80.0
264300,68.0
264300,73.0
264300,77.0
264400,81.0
264500,79.0
264600,79.0
264600,85.0
264800,72.0
264900,74.0
264900,83.0
265100,71.0
265100,75.0
265300,78.0
265600,79.0
265600,77.0
265600,74.0
265800,83.0
265900,73.0
266400,81.0
266700,75.0
266900,86.0
267000,72.0
267500,76.0
268100,80.0
268300,79.0
268400,73.0
268500,80.0
268900,84.0
268900,72.0
269000,73.0
269200,71.0
269600,69.0
269600,85.0
269700,72.0
269800,90.0
269900,75.0
269900,71.0
270000,67.0
270000,69.0
270100,72.0
270100,67.0
270100,83.0
270100,66.0
270100,70.0
270200,69.0
270200,72.0
270200,79.0
270200,69.0
270300,77.0
270300,77.0
270400,73.0
270400,76.0
270500,74.0
270500,80.0
270500,70.0
270500,81.0
270600,73.0
270700,77.0
270700,67.0
270700,78.0
270700,68.0
270700,79.0
270700,77.0
270800,75.0
270800,83.0
270800,68.0
270900,76.0
270900,67.0
270900,74.0
270900,71.0
271000,80.0
271000,71.0
271000,69.0
271000,74.0
271100,68.0
271100,74.0
271100,75.0
271100,66.0
271100,68.0
271100,79.0
271200,75.0
271200,77.0
271200,64.0
271200,71.0
271200,68.0
271200,74.0
271200,80.0
271200,71.0
271300,74.0
271300,62.0
271300,74.0
271300,78.0
271300,80.0
271400,79.0
271400,73.0
271400,64.0
271400,73.0
271400,85.0
271500,69.0
271500,67.0
271600,85.0
271700,73.0
271700,70.0
271700,72.0
271700,74.0
271800,73.0
271800,76.0
271900,66.0
271900,68.0
272000,65.0
272000,67.0
272100,77.0
272100,63.0
272200,79.0
272200,64.0
272300,62.0
272600,66.0
272700,69.0
273000,64.0
273100,59.0
273200,63.0
273600,65.0
274200,65.0
274600,59.0
274700,62.0
274700,64.0
274900,58.0
275000,64.0
275200,61.0
275300,59.0
275500,63.0
275800,60.0
275900,60.0
276000,59.0
276000,62.0
276100,59.0
276300,63.0
276400,61.0
276500,62.0
276500,64.0
276500,62.0
276600,62.0
276600,62.0
276700,65.0
276700,62.0
276700,62.0
276700,64.0
276700,60.0
276700,61.0
276800,64.0
276900,62.0
276900,60.0
276900,60.0
277000,67.0
277000,61.0
277000,64.0
277000,66.0
277000,60.0
277300,66.0
277300,62.0
277300,66.0
277400,63.0
277400,64.0
277400,66.0
277400,62.0
277400,65.0
277500,62.0
277500,66.0
277500,63.0
277500,66.0
277500,61.0
277500,63.0
277500,64.0
277600,62.0
277600,66.0
277600,63.0
277600,63.0
277600,64.0
277700,64.0
277700,63.0
277800,62.0
277800,65.0
277800,64.0
277800,67.0
277800,63.0
277800,63.0
277800,64.0
277900,65.0
277900,65.0
277900,65.0
277900,66.0
277900,62.0
278000,64.0
278000,64.0
278000,65.0
278100,66.0
278200,66.0
278200,62.0
278200,64.0
278300,66.0
278400,65.0
278400,69.0
278500,66.0
278500,63.0
278500,66.0
278600,64.0
278600,65.0
278700,63.0
278700,67.0
278700,71.0
278700,68.0
278900,64.0
278900,66.0
279000,69.0
279000,67.0
279100,67.0
279900,70.0
280000,72.0
280300,71.0
280700,73.0
280800,75.0
281800,80.0
282800,84.0
284000,91.0
285000,102.0
285000,101.0
285700,106.0
286200,94.0
286700,115.0
286700,86.0
286800,91.0
286900,107.0
287000,84.0
287000,101.0
287100,106.0
287100,94.0
287100,79.0
287200,86.0
287400,105.0
287500,95.0
287600,98.0
287700,120.0
287700,106.0
287700,105.0
287700,95.0
287800,103.0
287800,91.0
287800,102.0
287900,125.0
287900,103.0
287900,99.0
288000,113.0
288000,111.0
288000,102.0
288100,80.0
288100,102.0
288100,92.0
288300,94.0
288300,102.0
288400,106.0
288400,103.0
288500,108.0
288600,131.0
288600,102.0
288700,94.0
288700,107.0
288700,98.0
288800,86.0
288800,105.0
288800,101.0
288800,97.0
288900,112.0
288900,79.0
288900,126.0
289000,99.0
289000,123.0
289000,81.0
289000,118.0
289100,123.0
289100,121.0
289200,103.0
289200,107.0
289300,88.0
289300,118.0
289300,121.0
289300,111.0
289300,73.0
289400,118.0
289600,115.0
289700,117.0
289700,117.0
289900,117.0
289900,122.0
290000,122.0
290100,117.0
290100,120.0
290100,121.0
290200,142.0
290200,110.0
290200,131.0
290300,115.0
290300,73.0
290400,135.0
290400,120.0
290600,139.0
290700,119.0
290800,121.0
290900,140.0
291000,148.0
291000,134.0
291100,135.0
291600,141.0
291700,137.0
291700,145.0
291700,65.0
291900,158.0
292000,68.0
292100,143.0
292200,80.0
292700,63.0
292700,68.0
292900,157.0
293200,153.0
293300,64.0
293700,66.0
293800,68.0
293800,161.0
293900,66.0
293900,168.0
293900,66.0
294000,71.0
294100,69.0
294100,69.0
294400,63.0
294400,71.0
294500,67.0
294600,69.0
294600,65.0
294800,69.0
294800,72.0
294800,68.0
295000,70.0
295100,77.0
295100,66.0
295200,71.0
295200,70.0
295300,67.0
295300,71.0
295300,71.0
295300,74.0
295400,75.0
295400,75.0
295500,72.0
295600,71.0
295600,190.0
295700,74.0
295700,69.0
295800,78.0
295800,68.0
295800,69.0
295900,67.0
295900,182.0
296000,74.0
296000,72.0
296100,68.0
296200,73.0
296200,79.0
296200,72.0
296200,71.0
296200,72.0
296300,76.0
296400,74.0
296400,69.0
296500,73.0
296500,76.0
296600,75.0
296600,74.0
296600,71.0
296800,73.0
296900,75.0
296900,200.0
297000,79.0
297100,79.0
297300,80.0
297300,78.0
297300,78.0
297400,80.0
297600,77.0
298200,80.0
298300,87.0
298300,85.0
298300,79.0
298600,83.0
298600,75.0
298700,86.0
299100,82.0
299100,92.0
299300,88.0
299400,93.0
299500,90.0
299700,85.0
299800,88.0
299900,78.0
299900,95.0
300100,72.0
300200,99.0
300200,89.0
300300,85.0
300300,100.0
300400,85.0
300400,80.0
300400,92.0
300500,76.0
300500,74.0
300600,84.0
300700,103.0
300700,99.0
300700,101.0
300800,85.0
300800,69.0
300900,90.0
301200,71.0
301200,106.0
301400,66.0
301400,95.0
301500,80.0
301500,67.0
301500,65.0
301600,64.0
301600,74.0
301700,63.0
301700,76.0
301800,64.0
301900,85.0
302000,67.0
302000,70.0
302000,64.0
302100,66.0
302100,66.0
302100,68.0
302200,76.0
302200,67.0
302200,64.0
302200,62.0
302300,80.0
302300,73.0
302300,77.0
302400,65.0
302400,83.0
302500,68.0
302600,79.0
302700,87.0
302700,84.0
302700,87.0
302800,68.0
302800,72.0
302900,67.0
302900,65.0
302900,67.0
302900,68.0
303000,64.0
303100,72.0
303100,64.0
303100,71.0
303100,67.0
303100,67.0
303100,64.0
303200,77.0
303200,66.0
303300,65.0
303400,66.0
303400,70.0
303500,65.0
303500,70.0
303600,73.0
303700,76.0
303700,79.0
303800,74.0
303900,71.0
304000,67.0
304100,66.0
304200,70.0
304200,66.0
304200,67.0
304400,66.0
304400,73.0
304400,69.0
304500,74.0
304700,62.0
304800,63.0
305300,68.0
305400,70.0
305500,62.0
305600,67.0
305600,63.0
305800,63.0
305900,71.0
305900,71.0
306100,65.0
306100,61.0
306300,66.0
306700,66.0
306900,63.0
306900,70.0
307000,66.0
307000,67.0
307000,63.0
307000,64.0
307100,70.0
307100,62.0
307200,64.0
307200,67.0
307300,66.0
307400,70.0
307500,64.0
307500,65.0
307500,70.0
307600,70.0
307600,66.0
307600,67.0
307700,68.0
307700,63.0
307700,63.0
308000,62.0
308000,64.0
308000,63.0
308100,64.0
308200,62.0
308400,62.0
308600,69.0
308600,67.0
308600,67.0
308600,62.0
308700,71.0
308800,64.0
308900,71.0
308900,64.0
308900,67.0
308900,65.0
308900,67.0
308900,65.0
309000,67.0
309000,69.0
309000,61.0
309100,66.0
309100,66.0
309200,63.0
309200,62.0
309200,69.0
309300,67.0
309300,67.0
309300,63.0
309300,65.0
309400,61.0
309400,63.0
309500,68.0
309500,64.0
309500,64.0
309600,73.0
309600,63.0
309600,67.0
309600,62.0
309600,64.0
309700,64.0
309700,66.0
309800,61.0
309800,64.0
309900,63.0
309900,63.0
310000,67.0
310000,67.0
310100,62.0
310100,66.0
310100,61.0
310100,62.0
310200,69.0
310200,64.0
310300,66.0
310400,63.0
310400,62.0
310500,61.0
310800,65.0
310900,63.0
310900,62.0
311000,64.0
311100,62.0
311100,67.0
311200,68.0
311400,68.0
311500,65.0
311500,60.0
311500,59.0
311900,62.0
312000,62.0
312000,62.0
312100,61.0
312100,60.0
312200,59.0
312200,61.0
312300,60.0
312800,63.0
313000,61.0
313100,58.0
313200,60.0
313200,60.0
313200,60.0
313500,61.0
313500,61.0
313600,61.0
313600,65.0
313700,59.0
313700,66.0
313800,61.0
313800,66.0
313900,62.0
313900,61.0
314000,67.0
314100,62.0
314100,62.0
314200,66.0
314300,59.0
314400,62.0
314400,66.0
314500,66.0
314500,68.0
314600,64.0
314700,64.0
314700,65.0
314800,60.0
314900,61.0
315000,62.0
315100,63.0
315200,66.0
315200,61.0
315300,61.0
315400,63.0
315400,64.0
315400,63.0
315500,66.0
315500,64.0
315500,61.0
315500,63.0
315500,64.0
315500,59.0
315600,62.0
315600,62.0
315700,64.0
315700,64.0
315800,63.0
315800,63.0
315800,61.0
315800,67.0
315900,62.0
315900,63.0
315900,67.0
315900,61.0
316000,62.0
316000,62.0
316100,66.0
316100,60.0
316200,65.0
316200,67.0
316400,64.0
316400,64.0
316500,63.0
316600,64.0
316800,64.0
316800,69.0
316800,70.0
316800,63.0
316800,65.0
316900,68.0
316900,70.0
316900,65.0
316900,71.0
317100,65.0
317100,64.0
317100,68.0
317300,67.0
317300,70.0
317500,72.0
317600,65.0
317700,64.0
317900,66.0
317900,62.0
318000,70.0
318100,70.0
318300,67.0
318400,67.0
318400,67.0
318500,73.0
318500,71.0
318500,62.0
318600,63.0
318900,68.0
319000,66.0
319100,69.0
319300,71.0
319400,64.0
319500,70.0
319600,72.0
319600,62.0
319800,61.0
320000,66.0
320200,69.0
320200,68.0
320200,63.0
320300,66.0
320300,71.0
320500,66.0
320500,64.0
320500,65.0
320600,63.0
320700,67.0
320700,69.0
320800,66.0
320800,70.0
321100,65.0
321100,64.0
321200,64.0
321400,67.0
321400,70.0
321500,74.0
321500,70.0
321500,69.0
321600,73.0
321900,64.0
321900,65.0
322100,72.0
322100,72.0
322200,71.0
322200,65.0
322200,69.0
322200,65.0
322200,72.0
322300,65.0
322300,67.0
322400,64.0
322400,66.0
322500,64.0
322500,68.0
322600,65.0
322600,66.0
322600,70.0
322600,70.0
322600,66.0
322700,70.0
322700,64.0
322700,70.0
322700,75.0
322800,69.0
322800,69.0
322900,75.0
322900,62.0
323000,73.0
323000,66.0
323200,66.0
323200,71.0
323200,72.0
323200,69.0
323300,67.0
323400,63.0
323400,73.0
323500,73.0
323500,73.0
323600,68.0
323700,73.0
323700,64.0
323900,68.0
324000,70.0
324000,69.0
324000,67.0
324100,71.0
324100,66.0
324100,71.0
324200,64.0
324200,65.0
324200,72.0
324600,75.0
324600,73.0
324600,76.0
324700,66.0
324800,73.0
324800,67.0
325000,71.0
325100,69.0
325200,69.0
325300,66.0
325300,62.0
325400,68.0
325500,70.0
325500,63.0
325500,68.0
325600,69.0
325600,63.0
325900,61.0
325900,71.0
326200,67.0
326200,66.0
326300,77.0
326300,66.0
326600,66.0
326600,68.0
326600,64.0
326800,64.0
326900,61.0
326900,65.0
327100,66.0
327100,67.0
327100,62.0
327200,65.0
327400,64.0
327500,70.0
327500,68.0
327600,66.0
327700,68.0
327700,64.0
327800,71.0
327900,65.0
327900,66.0
328100,64.0
328200,66.0
328200,64.0
328200,66.0
328500,68.0
328600,60.0
328600,62.0
328700,62.0
328800,71.0
328800,67.0
328800,60.0
328800,65.0
328800,65.0
328900,65.0
328900,65.0
329000,61.0
329100,60.0
329100,67.0
329100,63.0
329100,63.0
329100,66.0
329100,63.0
329200,71.0
329200,63.0
329200,65.0
329200,63.0
329300,65.0
329300,67.0
329300,62.0
329400,70.0
329400,67.0
329500,66.0
329600,66.0
329700,63.0
329700,65.0
329700,65.0
329700,61.0
329800,62.0
329800,64.0
329800,68.0
329900,61.0
329900,65.0
330000,61.0
330000,65.0
330100,62.0
330200,68.0
330200,60.0
330400,60.0
330400,62.0
330400,67.0
330500,68.0
330600,63.0
330600,62.0
330600,65.0
330700,64.0
330700,63.0
330800,66.0
330800,60.0
330900,66.0
331100,61.0
331200,60.0
331200,64.0
331400,66.0
331400,64.0
331500,66.0
331800,61.0
331900,65.0
331900,64.0
331900,63.0
332000,63.0
332000,67.0
332000,65.0
332100,60.0
332200,64.0
332300,66.0
332300,65.0
332700,62.0
332900,68.0
333000,62.0
333000,65.0
333000,66.0
333100,63.0
333200,68.0
333200,64.0
333300,63.0
333400,63.0
333600,60.0
333700,64.0
333700,64.0
333700,64.0
333900,62.0
334000,69.0
334100,64.0
334100,61.0
334200,68.0
334200,61.0
334400,65.0
334500,66.0
334500,61.0
334700,63.0
334700,64.0
334800,70.0
334800,64.0
335100,70.0
335100,64.0
335300,64.0
335300,65.0
335400,64.0
335400,63.0
335500,65.0
335600,68.0
335700,67.0
335700,67.0
335800,65.0
335900,66.0
336000,61.0
336000,66.0
336000,66.0
336000,69.0
336000,67.0
336000,68.0
336100,68.0
336100,68.0
336100,62.0
336100,68.0
336200,66.0
336200,68.0
336200,67.0
336200,72.0
336300,67.0
336300,68.0
336300,63.0
336300,69.0
336400,69.0
336500,67.0
336500,63.0
336500,68.0
336500,63.0
336600,67.0
336600,65.0
336800,65.0
336900,70.0
336900,69.0
337100,70.0
337100,65.0
337200,68.0
337200,68.0
337300,73.0
337400,66.0
337400,66.0
337500,66.0
337500,65.0
337600,70.0
337600,69.0
337600,66.0
337600,67.0
337800,70.0
338000,74.0
338200,69.0
338200,68.0
338200,68.0
338300,67.0
338400,62.0
338600,63.0
338600,70.0
338700,76.0
338700,66.0
339000,65.0
339000,66.0
339100,70.0
339200,63.0
339200,71.0
339300,73.0
339400,72.0
339400,62.0
339400,69.0
339500,78.0
339700,75.0
339800,63.0
340000,64.0
340100,70.0
340300,64.0
340300,65.0
340400,72.0
340400,72.0
340500,63.0
340500,72.0
340500,71.0
340600,63.0
340700,64.0
340700,63.0
340800,69.0
340800,69.0
340800,74.0
340900,68.0
341100,65.0
341100,64.0
341400,65.0
341500,66.0
341700,70.0
341700,73.0
341700,64.0
341800,68.0
341900,69.0
341900,66.0
342000,65.0
342200,66.0
342300,64.0
342400,67.0
342500,67.0
342500,69.0
342500,62.0
342700,65.0
342800,65.0
342800,68.0
342800,64.0
342800,63.0
342800,64.0
342900,65.0
342900,68.0
342900,67.0
342900,67.0
342900,74.0
343000,65.0
343000,68.0
343000,63.0
343000,67.0
343100,63.0
343100,66.0
343100,69.0
343100,69.0
343200,66.0
343200,65.0
343200,68.0
343200,69.0
343300,74.0
343300,65.0
343300,68.0
343400,67.0
343500,65.0
343500,68.0
343700,64.0
343800,67.0
343800,64.0
344000,69.0
344000,67.0
344100,64.0
344200,68.0
344400,67.0
344500,69.0
344500,67.0
344600,62.0
344600,70.0
344600,71.0
344700,69.0
344800,68.0
345000,68.0
345000,62.0
345100,66.0
345100,73.0
345100,62.0
345200,68.0
345300,75.0
345300,69.0
345500,69.0
345800,70.0
345900,66.0
345900,67.0
346000,71.0
346000,68.0
346100,67.0
346100,67.0
346100,65.0
346500,68.0
346600,71.0
346700,71.0
346800,69.0
346900,73.0
347000,64.0
347000,70.0
347100,68.0
347300,65.0
347400,69.0
347500,68.0
347600,69.0
347600,69.0
347600,71.0
347800,76.0
347800,68.0
347800,69.0
347900,66.0
347900,62.0
348000,70.0
348000,70.0
348100,75.0
348100,68.0
348200,73.0
348400,64.0
348500,66.0
348700,71.0
348700,68.0
348700,76.0
348800,64.0
348800,69.0
348900,68.0
348900,67.0
348900,63.0
349000,63.0
349000,61.0
349300,66.0
349300,62.0
349300,61.0
349400,64.0
349400,63.0
349500,64.0
349500,70.0
349500,68.0
349500,74.0
349600,63.0
349600,65.0
349600,66.0
349600,66.0
349700,66.0
349800,65.0
349800,63.0
349900,66.0
349900,69.0
349900,65.0
349900,69.0
350000,68.0
350000,68.0
350100,67.0
350200,65.0
350200,68.0
350300,71.0
350300,61.0
350300,69.0
350300,66.0
350300,68.0
350300,68.0
350400,68.0
350400,65.0
350500,72.0
350500,65.0
350600,64.0
350600,63.0
350800,68.0
350800,61.0
350900,61.0
351000,64.0
351100,67.0
351100,59.0
351300,65.0
351300,65.0
351300,64.0
351400,67.0
351400,62.0
351500,61.0
351600,63.0
351700,64.0
351700,62.0
351800,57.0
351800,65.0
351800,68.0
351900,64.0
352000,58.0
352100,60.0
352100,64.0
352200,59.0
352300,60.0
352300,61.0
352500,62.0
352800,68.0
352900,62.0
353200,60.0
353200,61.0
353300,61.0
353400,61.0
353400,65.0
353500,67.0
353700,60.0
353700,67.0
353800,58.0
353800,60.0
353900,64.0
353900,61.0
354100,65.0
354200,62.0
354300,63.0
354300,62.0
354400,61.0
354400,66.0
354500,64.0
354500,62.0
354600,62.0
354700,60.0
354800,66.0
354800,62.0
354900,60.0
354900,67.0
354900,58.0
354900,59.0
355100,61.0
355100,62.0
355100,60.0
355100,60.0
355200,63.0
355300,58.0
355400,59.0
355500,60.0
355500,58.0
355700,61.0
355700,65.0
355700,60.0
355800,61.0
356000,64.0
356000,68.0
356000,60.0
356000,59.0
356000,62.0
356000,62.0
356100,60.0
356100,63.0
356200,61.0
356200,61.0
356200,63.0
356200,64.0
356200,59.0
356200,62.0
356200,65.0
356300,61.0
356500,61.0
356600,58.0
356600,62.0
356700,61.0
356700,62.0
356700,62.0
356800,63.0
356800,62.0
356800,63.0
356800,61.0
356900,67.0
357000,63.0
357000,60.0
357000,65.0
357100,60.0
357200,64.0
357200,60.0
357200,67.0
357300,60.0
357400,59.0
357400,59.0
357500,59.0
357600,66.0
357600,63.0
357600,61.0
357700,57.0
357800,59.0
357800,58.0
357900,60.0
358100,65.0
358100,58.0
358100,63.0
358100,64.0
358100,61.0
358300,61.0
358400,61.0
358400,59.0
358500,58.0
358500,60.0
358600,62.0
358600,65.0
359200,62.0
359400,63.0
359400,59.0
359500,61.0
359600,60.0
359700,63.0
359900,62.0
360000,59.0
360100,62.0
360200,66.0
360300,59.0
360400,64.0
360400,65.0
360500,65.0
360600,60.0
360800,67.0
360800,61.0
360900,66.0
360900,64.0
361000,65.0
361100,65.0
361100,60.0
361100,62.0
361200,64.0
361300,66.0
361400,64.0
361400,63.0
361400,60.0
361500,62.0
361500,64.0
361600,61.0
361600,63.0
361700,60.0
361700,66.0
361700,64.0
361900,62.0
362000,61.0
362000,70.0
362100,68.0
362100,61.0
362200,63.0
362300,61.0
362300,64.0
362400,68.0
362400,60.0
362700,65.0
362700,63.0
362700,64.0
362800,66.0
362800,66.0
362800,66.0
362800,60.0
362800,64.0
362800,64.0
362900,60.0
362900,64.0
363000,59.0
363000,68.0
363100,57.0
363100,61.0
363100,67.0
363100,68.0
363100,62.0
363100,63.0
363200,60.0
363200,62.0
363300,69.0
363300,69.0
363400,67.0
363400,64.0
363400,65.0
363400,62.0
363400,64.0
363600,64.0
363600,63.0
363800,64.0
363900,61.0
363900,61.0
364000,62.0
364000,64.0
364000,65.0
364000,66.0
364100,61.0
364200,61.0
364200,62.0
364300,64.0
364300,60.0
364400,68.0
364400,61.0
364500,60.0
364500,68.0
364600,60.0
364700,64.0
364700,64.0
364800,62.0
364900,66.0
365200,65.0
365400,66.0
365400,67.0
365600,68.0
365800,62.0
365900,65.0
366000,62.0
366000,64.0
366100,60.0
366300,64.0
366400,60.0
366500,68.0
366600,61.0
366700,64.0
366800,62.0
366900,67.0
367000,62.0
367100,59.0
367200,61.0
367300,67.0
367400,60.0
367400,64.0
367500,62.0
367600,63.0
367600,65.0
367600,69.0
367700,67.0
367800,61.0
367800,60.0
367800,65.0
367900,60.0
367900,63.0
368000,65.0
368000,64.0
368200,61.0
368200,63.0
368200,65.0
368300,65.0
368300,64.0
368400,68.0
368400,62.0
368600,64.0
368700,62.0
368800,63.0
368800,62.0
368800,65.0
368900,59.0
369000,59.0
369000,61.0
369000,60.0
369100,65.0
369100,68.0
369200,68.0
369400,60.0
369400,61.0
369400,62.0
369400,59.0
369400,63.0
369500,65.0
369600,67.0
369700,67.0
369700,64.0
369800,63.0
369800,68.0
369800,65.0
369800,62.0
369900,67.0
369900,63.0
369900,66.0
369900,66.0
370000,70.0
370000,66.0
370000,71.0
370000,64.0
370000,62.0
370100,59.0
370100,60.0
370100,68.0
370100,63.0
370100,65.0
370300,62.0
370400,62.0
370500,69.0
370600,64.0
370600,63.0
370600,62.0
370700,67.0
370800,63.0
370800,60.0
370900,63.0
371000,65.0
371000,63.0
371000,68.0
371000,66.0
371100,62.0
371200,62.0
371300,66.0
371300,67.0
371400,60.0
371400,58.0
371600,67.0
371900,63.0
372100,70.0
372200,62.0
372300,61.0
372400,63.0
372600,64.0
372800,65.0
372900,71.0
372900,64.0
373000,61.0
373000,64.0
373100,59.0
373100,60.0
373100,64.0
373500,67.0
373500,59.0
373600,66.0
373600,63.0
373700,62.0
373900,61.0
374000,61.0
374000,62.0
374100,59.0
374100,65.0
374100,67.0
374100,60.0
374100,61.0
374200,65.0
374200,62.0
374300,63.0
374400,60.0
374400,66.0
374500,61.0
374500,57.0
374600,64.0
374700,63.0
374700,62.0
374900,68.0
374900,63.0
374900,63.0
374900,64.0
375100,62.0
375100,60.0
375200,62.0
375200,62.0
375500,62.0
375600,64.0
375600,66.0
375700,61.0
375700,65.0
375700,61.0
375800,64.0
375900,63.0
375900,59.0
375900,62.0
376000,64.0
376000,68.0
376000,59.0
376100,68.0
376200,66.0
376200,64.0
376300,63.0
376400,62.0
376500,62.0
376500,66.0
376500,63.0
376600,63.0
376700,68.0
376700,66.0
376700,64.0
376700,65.0
376700,67.0
376800,66.0
376800,65.0
376800,66.0
376900,69.0
377000,62.0
377000,65.0
377000,69.0
377000,63.0
377000,69.0
377100,63.0
377100,68.0
377200,66.0
377500,62.0
377500,66.0
377500,63.0
377500,64.0
377500,61.0
377600,60.0
377600,66.0
377600,64.0
377600,66.0
377700,69.0
377800,66.0
377900,64.0
377900,63.0
378100,69.0
378300,65.0
378300,60.0
378500,64.0
378600,71.0
378600,60.0
378700,62.0
378800,64.0
379100,60.0
379200,62.0
379400,61.0
379400,63.0
379500,62.0
379600,64.0
379700,64.0
379800,66.0
379800,70.0
379900,62.0
380000,63.0
380300,60.0
380400,61.0
380500,67.0
380500,61.0
380500,63.0
380500,67.0
380700,68.0
380800,65.0
380800,61.0
380800,65.0
380800,66.0
380800,61.0
380900,58.0
380900,66.0
380900,64.0
381000,66.0
381000,62.0
381000,69.0
381000,61.0
381100,65.0
381100,60.0
381200,66.0
381200,59.0
381300,64.0
381300,60.0
381400,63.0
381500,61.0
381600,62.0
381700,60.0
381900,68.0
381900,61.0
382000,59.0
382000,58.0
382000,61.0
382100,60.0
382100,61.0
382200,58.0
382200,58.0
382200,61.0
382200,64.0
382200,63.0
382300,61.0
382500,59.0
382500,63.0
382500,66.0
382600,63.0
382700,62.0
382700,60.0
383000,63.0
383000,63.0
383000,61.0
383100,63.0
383100,60.0
383100,61.0
383100,62.0
383200,63.0
383200,63.0
383300,61.0
383300,63.0
383300,61.0
383600,64.0
383600,67.0
383600,63.0
383700,60.0
383700,63.0
383700,67.0
383700,60.0
383700,65.0
383700,64.0
383800,60.0
383800,66.0
383800,61.0
383800,60.0
383900,61.0
384100,63.0
384100,64.0
384300,63.0
384300,64.0
384500,64.0
384500,64.0
384600,69.0
384600,59.0
384800,59.0
384800,65.0
384900,61.0
385000,65.0
385000,65.0
385300,59.0
385300,63.0
385300,65.0
385600,60.0
385700,64.0
385800,61.0
385900,63.0
386200,64.0
386200,63.0
386400,64.0
386400,62.0
386400,64.0
386600,59.0
386600,59.0
386600,65.0
386900,62.0
387000,60.0
387000,65.0
387100,60.0
387100,64.0
387100,65.0
387300,62.0
387300,61.0
387300,63.0
387400,65.0
387500,61.0
387500,65.0
387600,64.0
387600,66.0
387600,63.0
387600,60.0
387700,66.0
387700,65.0
387700,65.0
387800,63.0
387900,65.0
387900,69.0
388000,65.0
388100,68.0
388200,59.0
388300,59.0
388400,65.0
388400,62.0
388400,67.0
388500,61.0
388600,62.0
388600,62.0
388600,65.0
388600,68.0
388800,61.0
388800,61.0
388900,67.0
388900,61.0
389000,65.0
389000,67.0
389100,67.0
389200,60.0
389200,60.0
389300,61.0
389300,72.0
389300,66.0
389400,60.0
389400,72.0
389500,66.0
389500,66.0
389500,62.0
389600,63.0
389700,64.0
389700,62.0
389800,58.0
389800,63.0
389800,65.0
389900,60.0
389900,60.0
390000,62.0
390000,66.0
390000,65.0
390100,63.0
390200,62.0
390200,63.0
390300,64.0
390300,65.0
390300,63.0
390400,63.0
390500,62.0
390600,67.0
390700,68.0
390700,67.0
390800,61.0
390800,63.0
391000,63.0
391100,61.0
391100,68.0
391100,66.0
391100,63.0
391300,65.0
391400,59.0
391600,64.0
391700,66.0
391800,68.0
392000,62.0
392200,67.0
392300,68.0
392400,64.0
392500,61.0
392500,73.0
392600,60.0
392600,67.0
392600,65.0
392700,61.0
392700,63.0
393000,62.0
393100,58.0
393100,63.0
393200,61.0
393300,65.0
393400,68.0
393500,60.0
393500,62.0
393700,65.0
393700,60.0
393800,63.0
393800,63.0
393900,67.0
394100,63.0
394200,59.0
394200,63.0
394200,64.0
394300,67.0
394300,66.0
394300,65.0
394400,64.0
394500,60.0
394600,65.0
394600,62.0
394600,67.0
394700,66.0
394700,74.0
394800,69.0
394800,66.0
394900,71.0
394900,62.0
395000,64.0
395000,59.0
395100,65.0
395200,64.0
395300,65.0
395300,61.0
395300,63.0
395300,65.0
395300,67.0
395500,62.0
395500,65.0
395600,68.0
395700,62.0
395700,61.0
395800,62.0
395800,61.0
395800,64.0
395800,63.0
395900,67.0
396000,61.0
396000,63.0
396000,60.0
396100,62.0
396100,64.0
396100,67.0
396100,60.0
396200,71.0
396200,62.0
396300,61.0
396300,68.0
396300,61.0
396400,62.0
396500,65.0
396600,62.0
396600,68.0
396600,61.0
396700,60.0
396700,66.0
396800,62.0
396800,58.0
396900,60.0
396900,64.0
397100,66.0
397100,67.0
397300,70.0
397300,65.0
397300,64.0
397400,64.0
397500,62.0
397800,65.0
397900,67.0
397900,64.0
398000,62.0
398000,64.0
398000,67.0
398200,69.0
398200,63.0
398400,64.0
398700,65.0
398700,63.0
398700,60.0
399000,65.0
399000,64.0
399000,61.0
399200,64.0
399200,64.0
399400,59.0
399400,66.0
399400,67.0
399500,62.0
399500,62.0
399700,65.0
399800,58.0
399900,70.0
399900,62.0
400000,66.0
400000,61.0
400100,62.0
400200,61.0
400200,57.0
400200,66.0
400200,58.0
400400,59.0
400400,64.0
400400,67.0
400400,60.0
400500,60.0
400500,59.0
400600,63.0
400600,62.0
400700,59.0
400700,60.0
400800,57.0
400800,56.0
400800,60.0
401000,55.0
401000,61.0
401000,61.0
401100,61.0
401100,59.0
401100,61.0
401100,56.0
401100,58.0
401200,57.0
401300,56.0
401400,59.0
401500,61.0
401500,67.0
401500,56.0
401600,58.0
401600,59.0
401700,66.0
401800,63.0
401800,58.0
401900,60.0
401900,56.0
402000,59.0
402000,60.0
402000,58.0
402000,60.0
402000,60.0
402100,56.0
402100,59.0
402200,59.0
402300,58.0
402400,61.0
402400,59.0
402500,63.0
402500,61.0
402500,57.0
402600,63.0
402700,61.0
402700,59.0
402700,63.0
402800,60.0
402900,60.0
402900,56.0
403000,59.0
403000,63.0
403000,61.0
403100,56.0
403200,57.0
403200,62.0
403400,61.0
403400,64.0
403500,64.0
403600,61.0
403700,61.0
404000,59.0
404000,58.0
404100,64.0
404200,60.0
404200,61.0
404300,61.0
404300,63.0
404400,58.0
404700,58.0
404700,63.0
404700,63.0
405000,61.0
405100,59.0
405100,57.0
405200,60.0
405200,63.0
405300,59.0
405400,62.0
405500,58.0
405600,60.0
405800,62.0
406000,59.0
406000,60.0
406100,65.0
406100,62.0
406200,60.0
406200,65.0
406300,60.0
406400,63.0
406500,61.0
406600,62.0
406700,63.0
406700,61.0
406700,65.0
406700,60.0
406800,62.0
406800,64.0
406900,63.0
407000,60.0
407000,64.0
407200,64.0
407200,62.0
407200,62.0
407300,60.0
407400,67.0
407400,65.0
407500,62.0
407500,63.0
407500,61.0
407500,67.0
407600,63.0
407600,64.0
407700,68.0
407700,59.0
407700,65.0
407700,64.0
407800,65.0
407800,61.0
407800,58.0
407900,61.0
408100,66.0
408200,60.0
408200,65.0
408200,66.0
408300,64.0
408400,61.0
408400,67.0
408500,64.0
408500,64.0
408600,66.0
408700,64.0
408700,65.0
408700,61.0
408700,65.0
408700,65.0
408900,60.0
408900,64.0
408900,65.0
408900,63.0
409000,63.0
409000,63.0
409100,60.0
409100,69.0
409200,59.0
409200,64.0
409300,66.0
409400,65.0
409400,58.0
409400,60.0
409500,64.0
409600,67.0
409600,66.0
409600,62.0
409800,61.0
409900,67.0
410000,68.0
410100,59.0
410100,69.0
410200,63.0
410300,65.0
410300,61.0
410400,68.0
410500,62.0
410500,61.0
410500,60.0
410900,64.0
410900,63.0
411000,66.0
411100,62.0
411200,63.0
411300,64.0
411400,58.0
411500,61.0
411500,62.0
411600,61.0
411700,64.0
411700,63.0
411700,65.0
412000,63.0
412200,58.0
412200,64.0
412300,58.0
412400,61.0
412500,56.0
412500,63.0
412500,63.0
412600,62.0
412600,63.0
412800,58.0
412900,69.0
412900,57.0
412900,60.0
413000,64.0
413100,56.0
413100,61.0
413200,65.0
413200,64.0
413200,63.0
413300,62.0
413400,60.0
413400,57.0
413400,62.0
413500,56.0
413600,59.0
413600,67.0
413600,62.0
413700,63.0
413700,60.0
413800,59.0
413800,61.0
413800,62.0
413900,59.0
413900,60.0
413900,60.0
413900,59.0
414000,62.0
414000,60.0
414000,64.0
414200,61.0
414200,59.0
414400,66.0
414400,59.0
414500,57.0
414500,61.0
414600,57.0
414600,62.0
414600,60.0
414600,57.0
414600,62.0
414600,59.0
414600,60.0
414800,61.0
414800,59.0
414900,60.0
414900,58.0
415000,58.0
415000,59.0
415100,55.0
415100,60.0
415200,63.0
415300,59.0
415300,60.0
415300,61.0
415400,61.0
415400,56.0
415500,64.0
415600,58.0
415600,62.0
415600,59.0
415600,58.0
415600,61.0
415700,61.0
415800,62.0
416000,60.0
416100,60.0
416200,57.0
416200,60.0
416200,55.0
416300,59.0
416300,60.0
416300,57.0
416400,59.0
416400,57.0
416500,62.0
417000,63.0
417100,60.0
417100,60.0
417100,58.0
417200,57.0
417300,61.0
417400,55.0
417400,58.0
417700,60.0
417800,64.0
417800,60.0
417800,61.0
417900,57.0
418000,61.0
418100,62.0
418200,58.0
418300,58.0
418400,58.0
418600,59.0
418600,62.0
418700,60.0
418700,59.0
418800,60.0
418900,56.0
419000,59.0
419000,63.0
419100,60.0
419200,61.0
419300,60.0
419300,57.0
419500,61.0
419500,61.0
419500,59.0
419600,61.0
419700,63.0
419700,56.0
419700,67.0
419800,59.0
419800,57.0
419800,57.0
419800,61.0
419900,63.0
419900,57.0
419900,67.0
420100,61.0
420100,63.0
420100,60.0
420200,63.0
420200,60.0
420200,64.0
420300,59.0
420700,69.0
420700,65.0
420700,67.0
420700,67.0
420800,64.0
420800,61.0
420900,61.0
420900,61.0
421000,64.0
421000,62.0
421200,65.0
421200,64.0
421200,64.0
421300,62.0
421300,63.0
421300,67.0
421600,65.0
421600,68.0
421600,64.0
421600,68.0
421600,60.0
421700,67.0
421800,61.0
421900,65.0
422000,68.0
422100,66.0
422200,63.0
422300,68.0
422300,70.0
422300,65.0
422300,68.0
422400,71.0
422500,69.0
422500,61.0
422600,62.0
422600,62.0
422700,67.0
422700,62.0
422700,65.0
422700,62.0
423000,72.0
423000,65.0
423000,72.0
423100,73.0
423100,65.0
423300,70.0
423300,75.0
423400,61.0
423400,67.0
423500,63.0
423500,69.0
423600,63.0
424000,66.0
424100,65.0
424100,68.0
424200,63.0
424200,61.0
424300,61.0
424400,69.0
424400,61.0
424500,69.0
424800,62.0
424800,68.0
424800,68.0
424900,65.0
425000,61.0
425100,71.0
425100,63.0
425100,62.0
425100,60.0
425200,64.0
425400,62.0
425400,64.0
425400,69.0
425500,58.0
425500,61.0
425500,60.0
425600,64.0
425800,65.0
425800,58.0
425800,59.0
425800,61.0
425900,59.0
425900,58.0
425900,64.0
425900,62.0
426000,56.0
426000,61.0
426100,60.0
426200,61.0
426300,65.0
426300,63.0
426300,64.0
426400,60.0
426400,64.0
426400,61.0
426500,62.0
426600,63.0
426600,62.0
426700,62.0
426800,58.0
426800,58.0
426900,60.0
426900,60.0
427000,61.0
427100,57.0
427100,60.0
427200,58.0
427200,63.0
427300,61.0
427300,61.0
427500,64.0
427500,57.0
427600,58.0
427600,58.0
427600,62.0
427600,58.0
427600,58.0
427600,61.0
427700,62.0
427800,63.0
427900,59.0
427900,60.0
428200,61.0
428200,57.0
428300,61.0
428400,61.0
428400,59.0
428400,57.0
428500,61.0
428500,60.0
428600,61.0
428600,59.0
428600,60.0
428700,58.0
428800,59.0
428800,60.0
429000,62.0
429100,59.0
429100,58.0
429200,63.0
429300,58.0
429300,61.0
429400,61.0
429400,62.0
429500,58.0
429600,67.0
429700,62.0
429700,60.0
429900,61.0
429900,63.0
430000,56.0
430100,58.0
430100,65.0
430300,59.0
430400,59.0
430600,60.0
430600,59.0
430700,64.0
430800,66.0
430900,59.0
431000,59.0
431200,62.0
431300,67.0
431300,60.0
431300,60.0
431300,57.0
431300,61.0
431400,64.0
431500,62.0
431500,59.0
431500,62.0
431500,61.0
431700,59.0
431800,61.0
431800,62.0
431900,62.0
432100,61.0
432200,65.0
432200,60.0
432300,62.0
432300,60.0
432300,63.0
432400,64.0
432500,61.0
432500,63.0
432600,65.0
432600,65.0
432700,67.0
432700,62.0
432800,60.0
432800,67.0
432800,61.0
432900,64.0
432900,63.0
432900,63.0
433000,61.0
433000,65.0
433100,63.0
433100,61.0
433200,62.0
433200,66.0
433300,62.0
433500,64.0
433500,57.0
433600,64.0
433700,62.0
433700,58.0
433700,63.0
433700,59.0
433800,60.0
433800,61.0
433800,65.0
433800,65.0
433900,65.0
434000,65.0
434100,64.0
434100,60.0
434100,61.0
434200,64.0
434200,61.0
434300,65.0
434300,57.0
434400,60.0
434500,67.0
434500,58.0
434500,58.0
434600,61.0
434700,61.0
434800,62.0
434900,61.0
434900,60.0
434900,61.0
435000,60.0
435000,66.0
435100,57.0
435200,62.0
435300,57.0
435300,58.0
435300,60.0
435400,62.0
435500,56.0
435600,68.0
435600,63.0
435800,60.0
435900,64.0
436000,59.0
436000,57.0
436100,64.0
436100,60.0
436100,65.0
436100,62.0
436400,56.0
436500,62.0
436500,60.0
436700,58.0
436800,66.0
436800,60.0
436900,63.0
437100,60.0
437200,57.0
437200,60.0
437200,57.0
437300,63.0
437400,60.0
437500,60.0
437500,58.0
437600,59.0
437700,62.0
437700,62.0
437800,61.0
437800,58.0
437900,63.0
437900,62.0
438000,59.0
438100,56.0
438200,58.0
438200,63.0
438300,60.0
438300,63.0
438400,57.0
438500,58.0
438500,60.0
438700,58.0
438700,62.0
438700,59.0
438800,64.0
438900,63.0
438900,58.0
438900,59.0
438900,57.0
438900,58.0
439000,59.0
439000,60.0
439000,57.0
439100,59.0
439100,61.0
439100,63.0
439300,64.0
439400,61.0
439400,60.0
439500,61.0
439600,59.0
439800,61.0
439800,63.0
439900,59.0
440000,62.0
440000,61.0
440000,60.0
440000,59.0
440100,62.0
440100,58.0
440100,61.0
440100,61.0
440200,63.0
440200,63.0
440200,59.0
440400,62.0
440400,60.0
440500,60.0
440500,58.0
440600,63.0
440800,63.0
440900,63.0
441000,61.0
441000,63.0
441100,63.0
441200,65.0
441200,68.0
441400,61.0
441400,60.0
441500,58.0
441500,64.0
441600,64.0
441600,66.0
441600,60.0
441600,65.0
441700,66.0
441700,62.0
441800,63.0
441800,66.0
441900,64.0
442100,61.0
442200,64.0
442200,60.0
442300,62.0
442300,60.0
442300,65.0
442400,61.0
442400,61.0
442400,61.0
442400,62.0
443000,63.0
443000,64.0
443000,63.0
443200,62.0
443200,63.0
443400,63.0
443500,65.0
443600,62.0
443800,63.0
443800,64.0
443800,65.0
443800,64.0
443900,59.0
443900,62.0
443900,62.0
444000,61.0
444000,64.0
444200,60.0
444300,62.0
444300,63.0
444300,64.0
444300,59.0
444400,63.0
444400,59.0
444400,61.0
444400,66.0
444700,60.0
444700,58.0
444800,63.0
444800,64.0
444800,62.0
444800,57.0
444900,58.0
445100,62.0
445100,64.0
445200,61.0
445200,59.0
445300,60.0
445300,62.0
445300,60.0
445400,62.0
445400,64.0
445400,63.0
445600,67.0
445600,58.0
445600,60.0
445600,64.0
445700,61.0
445700,62.0
445800,61.0
445800,58.0
445900,55.0
446000,56.0
446000,58.0
446000,58.0
446000,60.0
446100,69.0
446100,58.0
446200,60.0
446300,60.0
446300,61.0
446400,60.0
446400,57.0
446400,61.0
446400,57.0
446500,64.0
446600,60.0
446600,63.0
446600,60.0
447100,59.0
447200,58.0
447200,64.0
447200,61.0
447300,63.0
447500,62.0
447500,63.0
447600,58.0
447600,59.0
447600,57.0
447600,60.0
447700,60.0
447700,63.0
447800,60.0
447900,63.0
447900,61.0
447900,61.0
448100,62.0
448200,61.0
448300,58.0
448300,60.0
448300,58.0
448300,63.0
448400,60.0
448500,60.0
448500,65.0
448500,59.0
448600,62.0
448800,62.0
448900,63.0
449200,66.0
449300,61.0
449400,62.0
449700,63.0
449700,63.0
449700,65.0
449800,62.0
450100,63.0
450100,61.0
450200,61.0
450400,63.0
450400,64.0
450400,64.0
450500,63.0
450500,63.0
450500,64.0
450500,68.0
450700,61.0
450700,62.0
450800,63.0
450900,63.0
450900,69.0
450900,65.0
451000,65.0
451100,66.0
451200,66.0
451200,66.0
451400,65.0
451600,67.0
451600,61.0
451800,67.0
451800,68.0
451900,69.0
451900,63.0
451900,61.0
452000,62.0
452000,70.0
452000,65.0
452100,67.0
452100,68.0
452200,62.0
452300,70.0
452300,64.0
452300,73.0
452300,65.0
452400,68.0
452400,69.0
452500,65.0
452500,69.0
452500,67.0
452700,66.0
452900,75.0
452900,67.0
452900,66.0
452900,70.0
452900,63.0
453000,68.0
453000,64.0
453000,65.0
453000,62.0
453100,67.0
453200,65.0
453300,67.0
453300,68.0
453400,72.0
453400,72.0
453500,67.0
453500,72.0
453600,68.0
453600,62.0
453600,70.0
453700,63.0
453800,59.0
453900,65.0
454100,63.0
454200,64.0
454200,63.0
454200,61.0
454300,66.0
454300,68.0
454300,70.0
454300,63.0
454400,66.0
454600,61.0
454700,66.0
454800,65.0
454800,71.0
454800,67.0
454900,63.0
454900,64.0
454900,71.0
455000,65.0
455000,65.0
455100,67.0
455200,65.0
455200,61.0
455400,59.0
455400,67.0
455500,67.0
455600,69.0
455600,62.0
455900,69.0
456100,62.0
456200,63.0
456200,63.0
456400,64.0
456400,61.0
456500,69.0
456500,59.0
456600,59.0
456700,63.0
456700,61.0
456700,64.0
456900,62.0
456900,63.0
457000,61.0
457000,63.0
457200,59.0
457300,66.0
457300,64.0
457400,63.0
457500,65.0
457500,64.0
457500,61.0
457600,58.0
457700,65.0
457700,63.0
457800,67.0
457800,57.0
457900,59.0
458100,63.0
458200,66.0
458400,63.0
458400,59.0
458500,61.0
458500,62.0
458500,64.0
458500,62.0
458600,61.0
458600,59.0
458600,64.0
458700,67.0
458700,65.0
458800,62.0
458800,66.0
458800,61.0
459000,64.0
459100,60.0
459200,65.0
459200,60.0
459400,63.0
459500,63.0
459500,66.0
459500,61.0
459500,64.0
459500,62.0
459600,65.0
459600,64.0
459600,65.0
459700,61.0
459700,72.0
459700,62.0
459700,65.0
459800,73.0
459800,63.0
460000,62.0
460000,62.0
460100,63.0
460100,62.0
460200,65.0
460200,62.0
460200,58.0
460300,67.0
460300,66.0
460500,64.0
460600,63.0
460600,61.0
460700,63.0
460900,63.0
460900,64.0
460900,65.0
461000,60.0
461000,65.0
461200,62.0
461200,67.0
461300,63.0
461500,62.0
461600,68.0
461800,67.0
461800,67.0
462000,71.0
462000,68.0
462100,65.0
462100,70.0
462200,70.0
462300,65.0
462400,70.0
462400,68.0
462500,64.0
462800,64.0
462800,70.0
462900,75.0
462900,62.0
462900,66.0
463100,63.0
463100,67.0
463200,66.0
463200,66.0
463200,63.0
463500,78.0
463500,66.0
463500,64.0
463700,65.0
463700,65.0
463700,68.0
463800,67.0
463900,72.0
464100,61.0
464200,65.0
464200,68.0
464200,65.0
464300,68.0
464300,68.0
464400,66.0
464500,64.0
464500,66.0
464500,69.0
464500,66.0
464500,68.0
464600,66.0
464700,63.0
464800,61.0
464800,60.0
465000,63.0
465100,61.0
465200,62.0
465200,66.0
465200,66.0
465300,65.0
465300,64.0
465300,65.0
465400,67.0
465500,72.0
465600,63.0
465700,70.0
465700,63.0
465700,58.0
465700,58.0
465700,59.0
465700,60.0
465800,66.0
465800,59.0
465800,61.0
465900,61.0
465900,62.0
465900,69.0
465900,57.0
465900,65.0
466000,60.0
466000,63.0
466100,72.0
466100,62.0
466200,62.0
466200,64.0
466300,67.0
466400,61.0
466400,60.0
466400,60.0
466500,58.0
466600,69.0
466600,63.0
466600,61.0
466700,63.0
466700,62.0
466900,61.0
466900,57.0
466900,67.0
466900,60.0
467100,60.0
467400,63.0
467500,60.0
467500,61.0
467500,63.0
467600,68.0
467600,65.0
467800,58.0
467800,64.0
467900,59.0
467900,62.0
467900,57.0
468200,64.0
468200,59.0
468300,60.0
468400,62.0
468400,59.0
468500,59.0
468500,61.0
468600,59.0
468700,61.0
469000,59.0
469200,62.0
469200,61.0
469200,62.0
469500,64.0
469500,62.0
469500,62.0
469700,60.0
469800,59.0
469800,59.0
469900,65.0
469900,65.0
469900,62.0
470000,61.0
470000,66.0
470200,62.0
470300,62.0
470300,59.0
470400,67.0
470400,59.0
470400,57.0
470500,62.0
470500,60.0
470600,62.0
470600,59.0
470600,60.0
470700,63.0
470700,60.0
470700,60.0
470800,60.0
470900,62.0
471100,62.0
471100,61.0
471300,59.0
471500,65.0
471500,61.0
471500,61.0
471600,64.0
471600,63.0
471700,62.0
471700,59.0
471700,62.0
471800,59.0
471900,59.0
471900,60.0
471900,62.0
471900,63.0
472100,59.0
472100,62.0
472100,66.0
472100,62.0
472100,62.0
472200,61.0
472200,60.0
472200,63.0
472200,61.0
472200,62.0
472300,60.0
472300,63.0
472400,63.0
472400,63.0
472500,61.0
472500,59.0
472500,60.0
472600,60.0
472700,66.0
472700,63.0
472800,65.0
473000,59.0
473100,65.0
473100,64.0
473100,60.0
473100,62.0
473200,64.0
473300,65.0
473400,65.0
473400,61.0
473400,66.0
473500,58.0
473500,58.0
473600,65.0
473700,66.0
474000,62.0
474000,64.0
474100,63.0
474300,66.0
474400,63.0
474400,64.0
474500,64.0
474600,65.0
474800,68.0
474800,64.0
475100,64.0
475100,64.0
475200,66.0
475300,61.0
475400,66.0
475500,69.0
475600,72.0
475900,70.0
475900,74.0
476000,66.0
476100,64.0
476200,65.0
476300,69.0
476400,67.0
476600,72.0
476900,69.0
477300,73.0
477400,73.0
477400,72.0
477600,75.0
477600,77.0
477700,75.0
477700,69.0
477900,68.0
478100,74.0
478100,73.0
478100,72.0
478100,76.0
478200,67.0
478200,72.0
478200,73.0
478300,70.0
478300,66.0
478400,79.0
478400,80.0
478500,79.0
478600,80.0
478700,68.0
478800,75.0
478800,70.0
478900,88.0
478900,65.0
478900,71.0
478900,83.0
479000,73.0
479000,69.0
479000,65.0
479100,82.0
479100,84.0
479200,72.0
479200,73.0
479200,73.0
479200,71.0
479300,66.0
479300,69.0
479300,67.0
479300,70.0
479400,70.0
479400,67.0
479400,71.0
479500,72.0
479600,88.0
479700,74.0
479700,73.0
479800,74.0
479800,77.0
479900,64.0
480000,67.0
480000,72.0
480100,75.0
480100,84.0
480200,73.0
480200,77.0
480200,81.0
480300,80.0
480400,71.0
480400,67.0
480400,68.0
480500,73.0
480500,69.0
480600,73.0
480700,70.0
480700,73.0
480800,79.0
480800,66.0
480900,82.0
480900,62.0
481000,74.0
481000,77.0
481100,57.0
481100,81.0
481100,65.0
481200,70.0
481200,64.0
481300,74.0
481400,61.0
481400,68.0
481400,76.0
481400,64.0
481500,65.0
481500,70.0
481600,60.0
481700,64.0
481700,74.0
481900,64.0
481900,61.0
482300,66.0
482400,63.0
482600,64.0
482800,62.0
483000,67.0
483000,69.0
483200,64.0
483500,70.0
483500,71.0
483700,66.0
483700,62.0
484200,63.0
484200,66.0
484500,69.0
484600,65.0
484600,63.0
484700,68.0
484800,70.0
484900,66.0
484900,66.0
485100,67.0
485200,68.0
485200,67.0
485200,66.0
485300,67.0
485400,69.0
485400,64.0
485500,68.0
485500,72.0
485500,64.0
485600,72.0
485700,66.0
485800,80.0
485900,69.0
486100,72.0
486200,70.0
486300,75.0
486400,69.0
486600,74.0
486700,76.0
486800,73.0
486800,73.0
486800,72.0
486900,78.0
487100,79.0
487300,76.0
487300,79.0
487400,80.0
487500,77.0
487500,79.0
487600,82.0
487600,82.0
487600,81.0
487700,84.0
487900,79.0
488000,87.0
488100,78.0
488100,85.0
488300,76.0
488300,79.0
488500,79.0
488500,83.0
488600,81.0
488800,89.0
488800,82.0
488900,85.0
489000,91.0
489000,79.0
489000,80.0
489200,85.0
489200,80.0
489300,77.0
489300,80.0
489300,87.0
489300,76.0
489300,84.0
489400,83.0
489500,80.0
489600,84.0
489700,97.0
489700,84.0
489700,93.0
489700,84.0
489700,76.0
489700,79.0
489900,85.0
490100,93.0
490100,85.0
490300,87.0
490500,91.0
490600,81.0
490700,106.0
490800,105.0
490800,78.0
490800,89.0
490900,70.0
490900,107.0
491100,85.0
491100,72.0
491100,92.0
491200,96.0
491300,92.0
491400,80.0
491500,83.0
491600,106.0
491700,89.0
491700,80.0
491800,67.0
491800,71.0
492000,76.0
492000,71.0
492000,88.0
492200,78.0
492200,105.0
492400,76.0
492400,74.0
492400,68.0
492400,76.0
492500,88.0
492500,68.0
492500,68.0
492600,72.0
492600,67.0
492600,72.0
492600,117.0
492700,73.0
492700,70.0
492800,68.0
492900,78.0
492900,71.0
492900,68.0
493000,66.0
493100,76.0
493200,79.0
493200,76.0
493300,67.0
493400,69.0
493700,74.0
493700,69.0
493800,69.0
493900,68.0
494000,70.0
494000,70.0
494200,72.0
494300,66.0
494500,67.0
494500,64.0
494600,73.0
494700,70.0
494700,69.0
494800,66.0
495000,67.0
495200,69.0
495200,76.0
495200,77.0
495200,73.0
495200,77.0
495400,69.0
495400,69.0
495500,67.0
495600,78.0
495700,63.0
495700,70.0
495700,63.0
495800,71.0
495900,63.0
496000,65.0
496000,68.0
496100,69.0
496100,71.0
496100,71.0
496200,70.0
496200,67.0
496200,65.0
496200,71.0
496300,64.0
496300,68.0
496400,69.0
496400,69.0
496500,66.0
496500,67.0
496500,66.0
496600,65.0
496600,67.0
496800,65.0
496800,69.0
497000,67.0
497100,66.0
497100,72.0
497500,62.0
497500,65.0
497500,61.0
497500,68.0
497600,65.0
497600,66.0
497600,66.0
497600,67.0
497800,67.0
497800,65.0
497800,63.0
497900,66.0
497900,71.0
498200,66.0
498400,62.0
498600,69.0
498700,69.0
498700,67.0
498700,65.0
498800,69.0
498800,68.0
499200,64.0
499200,68.0
499300,74.0
499400,66.0
499500,69.0
499500,69.0
499500,67.0
499700,71.0
499700,75.0
499900,71.0
499900,65.0
499900,70.0
500000,74.0
500000,73.0
500000,73.0
500100,74.0
500100,70.0
500100,71.0
500200,78.0
500500,72.0
500500,76.0
500500,69.0
500500,71.0
500600,74.0
500600,67.0
500800,69.0
501100,80.0
501100,71.0
501600,85.0
501700,82.0
502000,76.0
502000,79.0
502100,79.0
502300,81.0
502700,80.0
503000,85.0
504100,87.0
504300,96.0
504400,92.0
504600,92.0
504700,88.0
504900,91.0
505000,94.0
505100,101.0
505100,102.0
505200,96.0
505200,87.0
505300,94.0
505600,96.0
505800,94.0
505800,95.0
506000,112.0
506100,99.0
506300,102.0
506300,114.0
506300,109.0
506500,108.0
506500,111.0
506500,88.0
506700,90.0
506800,104.0
506800,104.0
506900,97.0
507100,112.0
507100,108.0
507100,104.0
507200,105.0
507300,93.0
507300,95.0
507500,94.0
507500,111.0
507500,102.0
507600,92.0
507700,87.0
507800,108.0
507800,110.0
508000,112.0
508000,117.0
508000,86.0
508100,80.0
508100,100.0
508100,127.0
508100,78.0
508200,81.0
508200,116.0
508200,109.0
508300,76.0
508400,87.0
508500,123.0
508600,85.0
508600,96.0
508600,120.0
508700,83.0
508800,118.0
508800,81.0
508900,93.0
508900,124.0
508900,95.0
508900,103.0
509000,95.0
509600,93.0
509700,109.0
509800,90.0
510200,92.0
510200,94.0
510300,114.0
510300,90.0
510500,127.0
510700,127.0
510700,130.0
510700,100.0
510800,111.0
510800,106.0
511000,121.0
511100,89.0
511100,93.0
511300,114.0
511400,115.0
511400,101.0
511600,91.0
511600,93.0
511800,116.0
511900,139.0
512000,101.0
512500,136.0
512800,106.0
512900,84.0
513100,129.0
513200,103.0
513600,133.0
514100,164.0
514100,163.0
514200,145.0
514200,94.0
514300,89.0
514300,100.0
514300,89.0
515000,83.0
515100,100.0
515100,96.0
515100,119.0
515300,186.0
515400,81.0
515800,88.0
516000,100.0
516000,93.0
516100,115.0
516200,99.0
516400,112.0
516600,93.0
516600,101.0
516600,106.0
516800,103.0
516800,115.0
516800,110.0
516900,90.0
517000,93.0
517000,101.0
517100,193.0
517200,84.0
517300,100.0
517400,99.0
517500,113.0
517600,92.0
517700,94.0
517700,92.0
517800,101.0
518000,100.0
518100,110.0
518100,111.0
518200,78.0
518200,133.0
518200,73.0
518500,132.0
518600,121.0
518600,98.0
518800,97.0
518900,79.0
518900,84.0
519200,185.0
519500,113.0
519500,109.0
519500,112.0
519600,118.0
519700,99.0
519700,70.0
519700,110.0
519700,106.0
519700,114.0
519800,93.0
519800,123.0
519900,92.0
519900,109.0
520100,101.0
520200,86.0
520400,82.0
520400,116.0
520500,96.0
520600,115.0
520700,130.0
520700,125.0
520800,128.0
521300,68.0
521600,132.0
521600,103.0
521700,133.0
521700,107.0
522000,129.0
522000,76.0
522100,109.0
522100,108.0
522100,138.0
522200,118.0
522200,77.0
522400,91.0
522500,151.0
522600,81.0
523100,139.0
523400,82.0
523400,113.0
523500,101.0
523900,83.0
523900,86.0
524000,110.0
524100,132.0
524100,123.0
524100,88.0
524200,82.0
524400,106.0
524400,81.0
524600,156.0
524700,148.0
524800,117.0
524800,166.0
525000,134.0
525100,89.0
525200,84.0
525300,138.0
525300,87.0
525300,100.0
525400,99.0
525700,89.0
525800,86.0
526200,98.0
526400,93.0
526400,94.0
526700,94.0
526900,151.0
527000,102.0
527000,127.0
527000,91.0
527300,184.0
527400,94.0
527600,97.0
527700,134.0
527900,103.0
528000,103.0
528000,83.0
528100,214.0
528100,119.0
528100,111.0
528200,112.0
528200,98.0
528400,110.0
528500,86.0
528600,111.0
528600,108.0
529200,92.0
529300,111.0
529400,93.0
529500,77.0
529800,97.0
529800,99.0
529900,116.0
530000,156.0
530200,115.0
530200,104.0
530300,106.0
530400,114.0
530400,105.0
530400,94.0
530600,78.0
530700,124.0
530700,119.0
530700,98.0
530800,114.0
531000,107.0
531100,93.0
531100,88.0
531100,112.0
531200,124.0
531500,91.0
531500,109.0
531600,97.0
531600,196.0
531600,80.0
531700,145.0
531800,127.0
532100,85.0
532300,108.0
532500,134.0
532700,118.0
532800,109.0
532800,121.0
533000,133.0
533000,108.0
533100,109.0
533100,108.0
533200,124.0
533300,133.0
533600,95.0
533700,131.0
533900,106.0
534000,96.0
534200,99.0
534600,105.0
534600,120.0
534800,125.0
535100,91.0
535300,111.0
535300,105.0
535600,106.0
535900,132.0
536100,137.0
536200,116.0
536400,78.0
536400,98.0
536500,106.0
536500,122.0
536600,116.0
536800,184.0
536800,72.0
536800,131.0
536900,114.0
536900,87.0
536900,105.0
537000,101.0
537100,128.0
537200,77.0
537200,88.0
537300,120.0
537300,121.0
537400,93.0
537400,91.0
537500,103.0
537600,105.0
537700,123.0
537700,77.0
537800,78.0
537900,74.0
537900,70.0
538000,108.0
538000,101.0
538000,86.0
538100,126.0
538100,197.0
538200,78.0
538300,100.0
538400,87.0
538500,76.0
538500,136.0
538600,182.0
538700,74.0
538700,78.0
538800,101.0
539000,112.0
539100,85.0
539100,89.0
539100,119.0
539100,87.0
539200,82.0
539300,118.0
539300,81.0
539500,87.0
539500,89.0
539500,76.0
539600,90.0
539800,84.0
539800,97.0
539900,144.0
540000,80.0
540000,87.0
540000,77.0
540000,87.0
540100,83.0
540100,155.0
540300,115.0
540400,86.0
540500,87.0
540500,121.0
540600,73.0
540600,140.0
540800,91.0
540800,125.0
540800,126.0
540900,210.0
540900,121.0
541000,134.0
541000,83.0
541200,80.0
541400,85.0
541700,84.0
541700,100.0
542400,99.0
542600,84.0
542800,172.0
542900,88.0
543100,96.0
543100,97.0
543900,76.0
544800,116.0
544800,73.0
545000,89.0
545200,122.0
545600,117.0
545600,101.0
545900,80.0
546000,130.0
546000,112.0
546000,102.0
546200,68.0
546600,94.0
546600,113.0
546700,119.0
546900,102.0
547100,105.0
547100,121.0
547200,93.0
547200,117.0
547600,102.0
547700,111.0
547700,101.0
547800,107.0
547800,108.0
548000,93.0
548000,100.0
548000,90.0
548000,109.0
548400,81.0
548400,102.0
548500,112.0
548500,103.0
548700,113.0
548800,107.0
548900,106.0
548900,92.0
549100,147.0
549200,78.0
549400,124.0
549400,123.0
549400,118.0
549600,112.0
549600,107.0
549700,130.0
550000,93.0
550000,125.0
550100,108.0
550100,131.0
550100,108.0
550200,134.0
550200,104.0
550200,109.0
550300,103.0
550400,116.0
550500,108.0
550600,111.0
550600,123.0
550600,121.0
550800,119.0
550800,113.0
551100,103.0
551100,119.0
551200,119.0
551400,107.0
551400,112.0
551500,115.0
551500,105.0
551600,130.0
551600,100.0
551700,107.0
551900,142.0
552100,91.0
552200,125.0
552200,120.0
552500,138.0
552600,115.0
552800,146.0
552900,127.0
553000,149.0
553400,106.0
553600,135.0
553600,133.0
553600,124.0
553800,133.0
553800,128.0
554100,89.0
554100,100.0
554600,82.0
554800,142.0
555000,148.0
555100,93.0
555200,102.0
555400,121.0
555500,124.0
555800,220.0
555800,180.0
555900,140.0
556000,148.0
556000,149.0
556000,87.0
556100,142.0
556100,111.0
556200,75.0
556400,93.0
556400,131.0
556500,86.0
556500,97.0
556800,142.0
556900,107.0
556900,107.0
557200,92.0
557400,83.0
557600,103.0
557600,83.0
557900,97.0
558000,84.0
558400,104.0
558400,130.0
558500,89.0
558500,81.0
558700,83.0
558700,113.0
558800,130.0
558900,87.0
559000,116.0
559100,89.0
559200,84.0
559200,89.0
559300,87.0
559300,95.0
559400,133.0
559400,104.0
559500,88.0
559500,85.0
559600,188.0
559700,94.0
559800,90.0
559900,81.0
559900,112.0
560000,97.0
560300,90.0
560300,105.0
560300,124.0
560400,108.0
560400,91.0
560500,86.0
560500,119.0
560600,117.0
560600,128.0
560600,124.0
560700,108.0
560700,84.0
560800,70.0
560800,80.0
560900,141.0
561000,79.0
561000,86.0
561000,89.0
561000,100.0
561100,93.0
561200,121.0
561200,95.0
561300,89.0
561300,83.0
561500,75.0
561500,110.0
561700,103.0
561700,81.0
561800,102.0
561800,254.0
562000,77.0
562100,83.0
562100,83.0
562200,74.0
562300,83.0
562700,75.0
562800,96.0
562900,79.0
562900,113.0
562900,86.0
563000,73.0
563000,76.0
563000,77.0
563100,149.0
563200,76.0
563400,73.0
563400,72.0
563600,73.0
563700,120.0
563700,75.0
563800,111.0
564000,80.0
564000,78.0
564400,80.0
564500,74.0
564500,82.0
564500,79.0
564600,142.0
564600,184.0
564700,87.0
564700,139.0
564700,153.0
564800,81.0
565100,80.0
565200,85.0
565400,88.0
565500,85.0
565800,82.0
565800,84.0
566000,174.0
566200,84.0
566500,183.0
566700,81.0
566800,87.0
566900,75.0
567100,93.0
567100,89.0
567200,85.0
567300,75.0
567800,66.0
568000,94.0
568200,95.0
568200,85.0
568700,218.0
568800,76.0
568800,97.0
568800,87.0
569300,104.0
569400,105.0
569600,106.0
569700,86.0
569900,106.0
569900,104.0
569900,107.0
570200,89.0
570400,92.0
570400,84.0
570500,99.0
570500,90.0
570600,75.0
570600,110.0
570700,88.0
570800,89.0
570900,86.0
571000,62.0
571100,103.0
571100,110.0
571200,105.0
571300,114.0
571300,74.0
571300,119.0
571300,64.0
571400,119.0
571500,83.0
571500,119.0
571500,65.0
571600,107.0
571600,96.0
571600,101.0
571700,81.0
571700,70.0
571800,76.0
571900,72.0
571900,80.0
571900,71.0
571900,111.0
572000,96.0
572100,72.0
572200,108.0
572300,111.0
572300,92.0
572300,91.0
572400,124.0
572400,77.0
572400,86.0
572400,119.0
572500,72.0
572500,120.0
572500,96.0
572600,66.0
572800,74.0
572800,119.0
572800,121.0
572800,72.0
572800,97.0
572800,118.0
572900,69.0
572900,80.0
573000,96.0
573000,94.0
573100,85.0
573200,102.0
573200,115.0
573300,127.0
573400,77.0
573500,112.0
573500,73.0
573500,71.0
573600,131.0
573600,69.0
573600,103.0
574100,101.0
574300,73.0
574500,131.0
574500,113.0
574600,73.0
574600,124.0
574600,75.0
574700,145.0
574700,78.0
574700,74.0
574800,74.0
574800,140.0
574900,74.0
575300,136.0
575400,112.0
575600,74.0
576000,76.0
576000,150.0
576100,81.0
576300,79.0
576300,73.0
576400,139.0
577100,82.0
577200,76.0
577400,84.0
577600,86.0
577700,76.0
578000,183.0
578300,82.0
578300,85.0
578600,77.0
578800,82.0
578900,82.0
579000,95.0
579000,84.0
579100,84.0
579100,90.0
579500,96.0
579700,86.0
579800,79.0
579800,90.0
579800,85.0
579900,82.0
579900,95.0
579900,79.0
580000,79.0
580000,88.0
580100,84.0
580100,80.0
580100,86.0
580100,84.0
580400,89.0
580400,76.0
580400,83.0
580400,79.0
580500,97.0
580500,92.0
580500,87.0
580600,80.0
580600,85.0
580600,88.0
580700,77.0
580700,93.0
580700,91.0
580800,83.0
580800,93.0
580900,85.0
580900,77.0
580900,79.0
580900,86.0
581000,73.0
581000,84.0
581000,79.0
581000,95.0
581100,84.0
581100,79.0
581100,78.0
581100,75.0
581200,93.0
581200,90.0
581200,94.0
581300,78.0
581400,88.0
581400,76.0
581500,84.0
581500,105.0
581600,71.0
581600,78.0
581600,89.0
581600,86.0
581600,78.0
581600,86.0
581600,89.0
581700,67.0
581700,87.0
581700,83.0
581700,80.0
581800,84.0
581800,88.0
581900,72.0
581900,76.0
581900,70.0
582000,70.0
582000,73.0
582100,72.0
582100,70.0
582100,96.0
582200,74.0
582200,74.0
582300,86.0
582300,67.0
582300,97.0
582500,77.0
582500,70.0
582600,77.0
582800,65.0
582900,71.0
583100,69.0
583100,66.0
583300,68.0
583600,74.0
583700,71.0
583900,66.0
584300,67.0
584800,74.0
584800,69.0
585300,71.0
585400,69.0
585600,78.0
585800,70.0
586200,70.0
586200,77.0
586200,69.0
586300,70.0
586400,72.0
586400,74.0
586900,72.0
587000,70.0
587300,74.0
587300,82.0
587500,69.0
587600,75.0
587600,75.0
587600,68.0
587700,76.0
587900,77.0
588100,81.0
588100,81.0
588200,71.0
588300,68.0
588300,77.0
588300,74.0
588400,76.0
588400,72.0
588500,76.0
588500,71.0
588500,73.0
588600,83.0
588600,83.0
588600,74.0
588600,78.0
588600,79.0
588600,80.0
588700,73.0
588700,81.0
588700,76.0
588700,70.0
588700,84.0
588800,77.0
588900,87.0
588900,77.0
589100,71.0
589100,78.0
589100,78.0
589200,74.0
589200,73.0
589200,73.0
589200,74.0
589300,80.0
589300,70.0
589300,71.0
589300,76.0
589300,86.0
589300,75.0
589400,76.0
589400,71.0
589400,91.0
589400,80.0
589400,78.0
589500,76.0
589500,75.0
589500,77.0
589500,74.0
589500,77.0
589500,84.0
589500,73.0
589600,77.0
589600,87.0
589600,75.0
589700,73.0
589700,90.0
589700,87.0
589700,79.0
589700,72.0
589800,85.0
589800,70.0
589800,74.0
589900,74.0
590000,79.0
590000,84.0
590200,71.0
590200,75.0
590200,79.0
590300,78.0
590400,74.0
590400,77.0
590500,72.0
590600,68.0
590600,73.0
590800,69.0
591100,66.0
591200,102.0
591300,72.0
591500,80.0
591500,65.0
591800,62.0
591800,68.0
591900,64.0
592500,67.0
592800,64.0
592900,69.0
593000,65.0
593100,67.0
593300,67.0
593400,70.0
593700,71.0
593900,68.0
594100,69.0
594600,71.0
594700,69.0
595400,76.0
595400,79.0
595700,79.0
595700,78.0
595700,80.0
596000,75.0
596100,78.0
596100,78.0
596200,81.0
596300,76.0
596400,77.0
596400,77.0
596500,77.0
596500,80.0
596500,76.0
596500,81.0
596600,80.0
596600,81.0
596600,78.0
596600,78.0
596600,77.0
596700,79.0
596700,78.0
596700,76.0
596700,73.0
596800,72.0
596800,80.0
596900,83.0
596900,80.0
596900,80.0
596900,79.0
597000,75.0
597000,75.0
597000,76.0
597000,82.0
597100,78.0
597100,78.0
597200,77.0
597300,78.0
597300,79.0
597300,79.0
597400,78.0
597400,73.0
597400,77.0
597400,79.0
597400,77.0
597600,77.0
597600,85.0
597700,84.0
597700,82.0
597700,80.0
597800,82.0
598000,83.0
598000,81.0
598200,86.0
598300,86.0
598400,85.0
598400,87.0
598500,85.0
598500,85.0
598500,78.0
598500,87.0
598500,88.0
598600,86.0
598700,89.0
598900,90.0
599000,94.0
599300,85.0
599400,96.0
599500,89.0
599500,85.0
599600,97.0
599600,88.0
599600,81.0
599700,93.0
599900,82.0
599900,85.0
600000,96.0
600100,97.0
600100,95.0
600200,82.0
600200,100.0
600400,84.0
600500,74.0
600700,94.0
600800,91.0
600800,78.0
601200,110.0
601400,82.0
601500,110.0
601600,68.0
601700,76.0
601800,85.0
602600,77.0
602600,91.0
602900,86.0
603200,93.0
603200,76.0
603400,78.0
603500,76.0
603500,99.0
603600,77.0
604100,78.0
604200,75.0
604200,83.0
604300,77.0
604300,116.0
604400,76.0
604600,79.0
604800,81.0
604900,128.0
605000,81.0
605000,83.0
605100,78.0
605100,85.0
605100,89.0
605100,82.0
605100,87.0
605200,83.0
605200,80.0
605200,81.0
605300,82.0
605300,85.0
605400,81.0
605400,80.0
605400,86.0
605500,83.0
605600,86.0
605700,88.0
605700,86.0
605700,82.0
605700,89.0
605700,78.0
605800,95.0
605800,90.0
605900,80.0
605900,83.0
605900,83.0
606000,85.0
606000,82.0
606000,90.0
606000,95.0
606100,85.0
606100,86.0
606100,82.0
606200,86.0
606300,85.0
606300,87.0
606300,78.0
606400,84.0
606400,82.0
606600,94.0
606600,82.0
606800,79.0
606900,82.0
606900,98.0
606900,83.0
606900,87.0
606900,82.0
606900,97.0
607100,84.0
607100,84.0
607200,85.0
607300,85.0
607300,81.0
607400,83.0
607400,88.0
607600,81.0
607800,82.0
608000,82.0
608000,81.0
608100,84.0
608100,83.0
608400,83.0
608600,89.0
608600,79.0
608600,82.0
608600,88.0
608700,84.0
608700,84.0
608800,86.0
608900,85.0
609100,73.0
609100,82.0
609300,83.0
609400,84.0
609500,81.0
609700,96.0
609700,81.0
609800,92.0
609900,82.0
610000,81.0
610300,83.0
610700,79.0
610700,70.0
610900,81.0
611000,79.0
611000,72.0
611100,75.0
611300,69.0
611300,68.0
611300,70.0
611400,68.0
611600,62.0
611800,68.0
611800,67.0
611800,84.0
611800,65.0
611800,81.0
611900,64.0
611900,65.0
612000,67.0
612100,69.0
612200,69.0
612200,69.0
612200,77.0
612400,80.0
612400,71.0
612500,66.0
612600,92.0
612600,78.0
612700,65.0
612700,71.0
612800,71.0
612800,70.0
612800,72.0
612800,74.0
612800,73.0
612800,69.0
612900,69.0
612900,66.0
613000,71.0
613000,78.0
613000,71.0
613100,75.0
613100,71.0
613200,66.0
613200,71.0
613200,69.0
613300,74.0
613300,68.0
613400,72.0
613500,74.0
613500,74.0
613600,72.0
613600,68.0
613600,71.0
613600,68.0
613700,75.0
613900,68.0
613900,77.0
613900,74.0
613900,73.0
614000,69.0
614200,71.0
614200,79.0
614300,72.0
614300,73.0
614500,72.0
614700,73.0
614700,76.0
614700,74.0
614700,76.0
614800,72.0
614900,74.0
615000,74.0
615100,76.0
615400,72.0
615500,77.0
615500,75.0
615700,71.0
615800,75.0
615900,76.0
616100,72.0
616200,80.0
616300,75.0
616300,75.0
616400,76.0
616400,71.0
616500,75.0
616600,77.0
616700,79.0
616800,77.0
616800,72.0
616900,76.0
616900,74.0
617100,74.0
617300,74.0
617500,76.0
617700,77.0
617800,77.0
618000,71.0
618200,71.0
618200,80.0
618400,69.0
618400,79.0
618400,72.0
618700,75.0
618900,73.0
618900,74.0
619300,69.0
619400,81.0
619500,80.0
619600,67.0
619600,78.0
619600,87.0
619800,75.0
619800,78.0
619800,78.0
619800,77.0
620000,79.0
620100,71.0
620300,68.0
620400,84.0
620400,82.0
620400,76.0
620500,85.0
620600,77.0
620600,76.0
620700,75.0
620700,77.0
620700,74.0
620700,77.0
620700,79.0
620800,81.0
620900,89.0
620900,75.0
620900,78.0
620900,85.0
620900,77.0
620900,83.0
621000,76.0
621100,79.0
621200,79.0
621200,82.0
621500,74.0
621500,80.0
621600,92.0
621600,85.0
621600,78.0
621700,72.0
621900,82.0
622000,81.0
622100,80.0
622300,89.0
622300,97.0
622400,86.0
622500,84.0
622500,89.0
622500,88.0
622600,88.0
622900,84.0
623000,81.0
623000,81.0
623200,88.0
623200,94.0
623200,83.0
623400,104.0
623700,93.0
623700,90.0
623800,96.0
623900,88.0
623900,90.0
623900,82.0
624000,80.0
624000,90.0
624200,89.0
624300,87.0
624400,92.0
624500,80.0
624600,82.0
624900,90.0
625100,80.0
625100,81.0
625100,88.0
625200,81.0
625300,80.0
625300,92.0
625500,88.0
625500,80.0
625600,90.0
625700,91.0
625800,117.0
625800,81.0
626000,103.0
626000,95.0
626000,91.0
626100,81.0
626200,76.0
626300,77.0
626600,80.0
626600,82.0
626700,83.0
626900,71.0
627100,89.0
627200,81.0
627200,76.0
627200,81.0
627300,71.0
627400,79.0
627400,71.0
627500,77.0
627600,79.0
627600,76.0
627700,77.0
627700,71.0
627700,109.0
627700,77.0
627800,72.0
627800,80.0
627900,69.0
627900,72.0
628100,81.0
628100,92.0
628200,103.0
628200,73.0
628200,71.0
628200,74.0
628300,75.0
628400,73.0
628400,78.0
628500,115.0
628500,76.0
628600,72.0
628600,74.0
628700,82.0
628800,77.0
628800,77.0
628800,79.0
628900,76.0
629000,73.0
629100,82.0
629100,73.0
629100,70.0
629200,81.0
629400,83.0
629400,76.0
629600,78.0
629800,81.0
629800,84.0
629900,74.0
629900,77.0
630000,73.0
630000,74.0
630100,82.0
630100,92.0
630200,77.0
630300,75.0
630400,77.0
630500,69.0
630600,83.0
630800,76.0
630800,77.0
630800,74.0
631100,77.0
631200,73.0
631200,85.0
631400,80.0
631500,71.0
631500,74.0
631600,77.0
631600,84.0
631700,75.0
631700,71.0
631700,75.0
631700,77.0
631800,71.0
631900,78.0
632300,70.0
632300,75.0
632300,70.0
632300,70.0
632500,80.0
632600,69.0
632600,72.0
632600,85.0
632700,76.0
632800,68.0
632800,69.0
632900,74.0
633100,76.0
633200,70.0
633200,70.0
633200,75.0
633300,75.0
633500,71.0
633600,74.0
633700,74.0
633700,72.0
633800,78.0
634100,73.0
634100,73.0
634200,73.0
634300,69.0
634400,71.0
634600,72.0
634900,70.0
634900,78.0
635000,70.0
635000,70.0
635100,70.0
635200,73.0
635200,78.0
635300,75.0
635400,76.0
635400,77.0
635500,79.0
635500,80.0
635600,72.0
635600,72.0
635600,73.0
635700,81.0
635700,74.0
635700,76.0
635900,80.0
636000,72.0
636100,74.0
636100,77.0
636300,77.0
636300,71.0
636300,73.0
636300,72.0
636400,78.0
636400,76.0
636400,74.0
636400,74.0
636600,81.0
636600,87.0
636700,74.0
636700,74.0
636700,78.0
636700,83.0
636800,75.0
636900,75.0
636900,73.0
636900,82.0
637100,71.0
637200,76.0
637300,73.0
637600,78.0
637700,75.0
637800,73.0
637900,75.0
637900,78.0
638000,78.0
638100,78.0
638100,75.0
638100,80.0
638200,74.0
638300,73.0
638500,75.0
638500,78.0
638900,86.0
638900,75.0
639100,77.0
639100,72.0
639300,83.0
639300,75.0
639300,74.0
639300,80.0
639400,76.0
639500,70.0
639500,70.0
639500,76.0
639500,74.0
639600,79.0
639800,78.0
639800,73.0
639900,72.0
639900,69.0
639900,74.0
640100,72.0
640100,73.0
640300,69.0
640300,86.0
640500,74.0
640600,90.0
640600,72.0
640700,73.0
640700,74.0
640900,81.0
640900,70.0
641000,91.0
641100,83.0
641300,74.0
641400,74.0
641400,71.0
641400,79.0
641500,85.0
641600,70.0
641800,80.0
642000,69.0
642100,76.0
642200,85.0
642300,70.0
642300,80.0
642500,77.0
642500,81.0
642600,75.0
642700,73.0
643000,78.0
643100,76.0
643100,75.0
643200,78.0
643200,80.0
643200,76.0
643400,77.0
643400,76.0
643500,78.0
643500,76.0
643600,71.0
643700,79.0
643700,78.0
643700,74.0
643800,77.0
643800,75.0
643900,70.0
644100,76.0
644100,82.0
644100,83.0
644200,76.0
644300,78.0
644300,73.0
644300,77.0
644300,75.0
644400,82.0
644400,76.0
644400,78.0
644500,76.0
644500,79.0
644600,75.0
644700,78.0
644900,76.0
644900,80.0
644900,78.0
644900,84.0
645100,76.0
645200,78.0
645300,82.0
645400,72.0
645400,73.0
645500,71.0
645500,77.0
645500,72.0
645500,76.0
645700,74.0
645800,75.0
645900,72.0
645900,72.0
646000,80.0
646200,81.0
646500,74.0
646500,80.0
646500,72.0
646600,71.0
646600,75.0
646600,73.0
646700,70.0
646700,70.0
646800,73.0
646900,72.0
646900,74.0
646900,72.0
647100,75.0
647100,71.0
647100,68.0
647200,72.0
647200,77.0
647200,69.0
647200,74.0
647200,71.0
647200,71.0
647200,71.0
647400,69.0
647400,65.0
647500,70.0
647600,67.0
647800,70.0
647800,71.0
647800,66.0
648000,65.0
648200,66.0
648200,74.0
648300,72.0
648300,72.0
648500,69.0
648600,73.0
648700,71.0
648900,67.0
649000,72.0
649100,74.0
649200,72.0
649400,70.0
649500,68.0
649500,70.0
649500,72.0
649600,68.0
649700,70.0
649800,69.0
650000,75.0
650100,69.0
650100,67.0
650100,67.0
650200,69.0
650300,67.0
650300,66.0
650500,67.0
650500,72.0
650600,69.0
650700,73.0
650700,68.0
650700,71.0
650900,69.0
650900,66.0
651100,72.0
651100,72.0
651100,71.0
651400,71.0
651400,70.0
651500,69.0
651500,70.0
651600,71.0
651600,71.0
651700,71.0
651700,76.0
651700,71.0
651900,68.0
651900,74.0
652000,73.0
652000,72.0
652000,77.0
652300,70.0
652400,77.0
652400,73.0
652600,75.0
652600,69.0
652600,75.0
652700,72.0
652700,70.0
652700,78.0
652800,74.0
652900,73.0
652900,72.0
653000,68.0
653000,74.0
653100,70.0
653100,70.0
653200,73.0
653300,76.0
653400,66.0
653600,68.0
653700,77.0
653900,69.0
653900,71.0
654000,71.0
654000,69.0
654100,74.0
654100,74.0
654100,67.0
654100,77.0
654100,67.0
654200,75.0
654300,69.0
654300,69.0
654300,72.0
654300,74.0
654300,70.0
654700,73.0
654700,73.0
654800,75.0
654800,70.0
654800,77.0
654900,69.0
655000,77.0
655000,74.0
655000,76.0
655100,69.0
655100,74.0
655200,67.0
655300,73.0
655500,79.0
655500,70.0
655600,76.0
655600,72.0
655800,71.0
655900,71.0
655900,75.0
656000,71.0
656000,69.0
656600,73.0
656700,73.0
656800,76.0
656900,72.0
656900,73.0
657100,74.0
657100,74.0
657200,74.0
657400,69.0
657500,73.0
657500,76.0
657500,72.0
657600,73.0
657700,68.0
657800,78.0
657800,75.0
657900,68.0
658000,71.0
658100,72.0
658100,76.0
658200,75.0
658300,75.0
658300,76.0
658500,72.0
658500,66.0
658600,73.0
658600,70.0
658600,75.0
658700,74.0
658700,69.0
658800,84.0
658800,70.0
659100,70.0
659300,72.0
659300,71.0
659300,71.0
659300,76.0
659500,73.0
659600,77.0
659800,72.0
659800,70.0
659800,81.0
659900,68.0
659900,73.0
659900,83.0
659900,80.0
660100,72.0
660100,73.0
660200,72.0
660300,74.0
660300,71.0
660300,74.0
660500,72.0
660600,81.0
660600,75.0
660600,78.0
660700,69.0
660800,76.0
660800,72.0
661000,77.0
661300,79.0
661300,78.0
661300,72.0
661600,73.0
661600,73.0
661800,79.0
661800,75.0
661800,75.0
661900,77.0
661900,77.0
661900,74.0
661900,74.0
661900,74.0
662000,79.0
662000,77.0
662100,76.0
662300,78.0
662300,73.0
662300,73.0
662400,71.0
662400,80.0
662500,75.0
662600,77.0
662600,74.0
662600,75.0
662800,71.0
662800,75.0
662900,75.0
662900,77.0
663000,72.0
663200,83.0
663300,81.0
663400,72.0
663500,75.0
663600,75.0
663800,83.0
663900,81.0
664000,78.0
664000,83.0
664200,73.0
664200,81.0
664300,75.0
664400,71.0
664400,73.0
664600,75.0
664900,72.0
664900,73.0
665000,69.0
665000,73.0
665000,77.0
665100,71.0
665100,81.0
665200,73.0
665400,80.0
665700,79.0
665800,76.0
665800,70.0
665800,75.0
666000,83.0
666100,78.0
666200,77.0
666200,78.0
666200,72.0
666200,82.0
666300,76.0
666300,75.0
666400,69.0
666500,76.0
666600,77.0
666700,72.0
666900,82.0
666900,81.0
666900,74.0
667000,69.0
667000,70.0
667100,76.0
667200,87.0
667200,72.0
667400,76.0
667400,81.0
667400,84.0
667400,73.0
667400,77.0
667600,71.0
667600,71.0
667700,76.0
667700,76.0
667700,77.0
667800,70.0
667800,75.0
667800,75.0
667900,70.0
668000,72.0
668000,76.0
668100,76.0
668200,74.0
668300,68.0
668300,76.0
668400,74.0
668500,70.0
668500,73.0
669000,69.0
669100,71.0
669100,76.0
669100,71.0
669100,70.0
669100,73.0
669100,81.0
669200,74.0
669300,71.0
669400,72.0
669500,75.0
669500,74.0
669600,75.0
669800,70.0
669800,77.0
669800,72.0
669800,72.0
669900,71.0
669900,74.0
670000,75.0
670000,73.0
670000,72.0
670100,71.0
670100,70.0
670100,76.0
670100,71.0
670200,79.0
670500,71.0
670500,67.0
670600,70.0
670800,76.0
670800,71.0
670900,74.0
671000,65.0
671100,80.0
671100,67.0
671400,73.0
671500,73.0
671500,69.0
671600,70.0
671600,72.0
671600,76.0
671700,75.0
671700,69.0
672100,69.0
672300,71.0
672600,72.0
672600,73.0
672600,73.0
672700,76.0
672700,75.0
672900,73.0
673100,80.0
673100,71.0
673400,74.0
673400,75.0
673400,74.0
673500,73.0
673600,72.0
673600,73.0
673700,73.0
673700,72.0
673800,74.0
673900,75.0
674100,72.0
674300,78.0
674400,76.0
674600,75.0
674600,70.0
674600,75.0
674700,76.0
674700,80.0
674700,81.0
674800,74.0
674800,76.0
674900,73.0
674900,73.0
675000,74.0
675000,71.0
675000,76.0
675100,78.0
675200,80.0
675300,75.0
675300,75.0
675300,72.0
675400,78.0
675400,72.0
675500,76.0
675700,77.0
675800,78.0
675900,77.0
676000,75.0
676100,76.0
676200,82.0
676300,76.0
676300,80.0
676300,84.0
676500,79.0
676600,82.0
676600,73.0
676600,73.0
676800,81.0
676800,76.0
676900,76.0
676900,76.0
677200,75.0
677200,77.0
677200,72.0
677300,79.0
677300,77.0
677400,81.0
677400,76.0
677500,78.0
677600,83.0
677700,75.0
677700,77.0
677800,75.0
678000,78.0
678100,78.0
678100,79.0
678100,80.0
678200,82.0
678300,73.0
678300,83.0
678400,80.0
678400,83.0
678400,74.0
678500,78.0
678700,80.0
678800,80.0
678800,85.0
679200,79.0
679300,82.0
679300,90.0
679400,82.0
679500,82.0
679700,80.0
679800,81.0
679800,75.0
679900,80.0
680000,82.0
680000,82.0
680100,76.0
680200,74.0
680400,76.0
680400,88.0
680600,88.0
680600,75.0
680600,77.0
680600,77.0
680700,88.0
680800,70.0
680800,72.0
681000,82.0
681000,77.0
681000,74.0
681000,74.0
681000,77.0
681100,73.0
681100,72.0
681200,69.0
681200,71.0
681200,64.0
681300,65.0
681500,65.0
681500,75.0
681500,66.0
681600,67.0
681600,77.0
681700,71.0
681700,65.0
681700,65.0
681800,65.0
681800,62.0
681900,68.0
681900,70.0
681900,71.0
681900,82.0
681900,65.0
681900,69.0
681900,68.0
681900,63.0
682100,76.0
682100,66.0
682100,69.0
682100,66.0
682200,65.0
682400,65.0
682400,60.0
682400,69.0
682500,65.0
682600,65.0
682800,60.0
682900,66.0
683000,68.0
683000,63.0
683000,65.0
683000,65.0
683100,61.0
683100,66.0
683100,63.0
683400,60.0
683400,63.0
683400,64.0
683600,65.0
683600,68.0
683700,63.0
683700,63.0
683700,60.0
683800,62.0
684000,61.0
684100,65.0
684100,62.0
684200,64.0
684200,67.0
684200,60.0
684300,68.0
684500,65.0
684600,63.0
684700,63.0
684800,63.0
684900,63.0
685000,64.0
685100,68.0
685100,66.0
685200,66.0
685200,65.0
685300,64.0
685300,70.0
685300,59.0
685400,64.0
685500,65.0
685600,61.0
685800,63.0
685900,63.0
686300,62.0
686400,64.0
686500,66.0
686500,68.0
686500,63.0
686700,67.0
687000,67.0
687500,69.0
687600,74.0
687700,69.0
687700,71.0
687900,75.0
687900,70.0
688000,70.0
688100,73.0
688100,69.0
688200,68.0
688200,72.0
688200,69.0
688300,71.0
688300,75.0
688400,70.0
688400,72.0
688400,72.0
688400,72.0
688500,77.0
688600,72.0
688700,67.0
688800,73.0
688900,76.0
688900,72.0
689100,72.0
689100,74.0
689200,71.0
689200,74.0
689200,75.0
689200,74.0
689300,72.0
689300,70.0
689400,74.0
689400,75.0
689400,73.0
689500,74.0
689500,76.0
689600,75.0
689700,73.0
689700,76.0
689700,74.0
689700,71.0
689800,77.0
690000,72.0
690100,69.0
690100,75.0
690100,78.0
690300,76.0
690400,74.0
690400,72.0
690500,72.0
690500,73.0
690500,72.0
690500,84.0
690700,76.0
690700,84.0
690700,68.0
690800,75.0
690800,72.0
690800,82.0
690800,72.0
691100,72.0
691100,64.0
691100,73.0
691100,79.0
691100,72.0
691200,76.0
691300,70.0
691400,74.0
691500,67.0
691500,71.0
691600,78.0
691700,75.0
691800,75.0
691800,73.0
691900,63.0
691900,69.0
691900,75.0
691900,65.0
692000,69.0
692100,72.0
692100,67.0
692100,77.0
692200,67.0
692200,67.0
692200,61.0
692200,69.0
692300,70.0
692500,68.0
692500,73.0
692600,66.0
692800,73.0
692900,71.0
693100,66.0
693300,66.0
693400,67.0
693400,65.0
693600,69.0
693800,72.0
694300,64.0
694500,66.0
694500,63.0
694600,68.0
694700,70.0
694700,66.0
694900,64.0
694900,64.0
694900,66.0
695000,66.0
695100,79.0
695100,68.0
695100,70.0
695200,66.0
695300,67.0
695300,69.0
695300,66.0
695300,69.0
695400,68.0
695400,68.0
695500,61.0
695700,66.0
695800,64.0
695800,70.0
695800,62.0
695800,59.0
695900,70.0
695900,66.0
695900,59.0
696000,66.0
696000,62.0
696000,65.0
696000,64.0
696000,61.0
696000,70.0
696000,65.0
696100,70.0
696100,64.0
696100,67.0
696200,69.0
696200,65.0
696300,67.0
696400,65.0
696500,66.0
697100,69.0
697100,66.0
697100,68.0
697200,69.0
697300,66.0
697400,68.0
697400,64.0
697400,67.0
697600,67.0
697600,63.0
697600,73.0
697700,67.0
697700,64.0
697700,67.0
697700,64.0
697700,70.0
697800,69.0
697800,72.0
697900,69.0
697900,72.0
698100,72.0
698100,67.0
698300,70.0
698300,65.0
698400,69.0
698400,68.0
698400,67.0
698400,71.0
698500,68.0
698600,66.0
698700,67.0
698700,66.0
698800,69.0
698900,66.0
699000,69.0
699000,69.0
699100,68.0
699100,70.0
699100,69.0
699100,67.0
699200,65.0
699200,68.0
699300,66.0
699300,70.0
699400,70.0
699400,66.0
699400,70.0
699500,70.0
699600,66.0
700000,65.0
700100,65.0
700300,72.0
700400,71.0
700400,68.0
700400,66.0
701200,72.0
701200,65.0
701200,67.0
701300,64.0
701600,65.0
701700,70.0
701700,64.0
701700,68.0
701900,64.0
701900,68.0
701900,64.0
701900,66.0
702000,72.0
702100,68.0
702100,66.0
702300,72.0
702400,69.0
702400,70.0
702500,69.0
702500,66.0
702600,66.0
702600,66.0
702600,69.0
702800,72.0
702800,65.0
702800,76.0
702800,68.0
702900,68.0
702900,67.0
703000,68.0
703000,68.0
703100,69.0
703200,69.0
703200,71.0
703200,69.0
703200,68.0
703200,71.0
703300,71.0
703300,69.0
703300,73.0
703400,72.0
703500,70.0
703600,74.0
703600,70.0
703700,70.0
703800,65.0
704300,69.0
704300,67.0
704300,67.0
704400,66.0
704500,72.0
704600,67.0
704700,71.0
704700,74.0
704700,69.0
704700,69.0
704800,73.0
704800,69.0
704800,67.0
705000,71.0
705100,72.0
705100,71.0
705300,72.0
705300,74.0
705500,69.0
705500,72.0
705500,72.0
705600,71.0
705600,76.0
705600,70.0
705600,71.0
705600,70.0
705700,70.0
705700,69.0
705800,69.0
705900,69.0
706000,74.0
706000,71.0
706300,70.0
706300,71.0
706400,71.0
706500,73.0
706500,72.0
706500,74.0
706600,70.0
706700,70.0
706700,73.0
706800,74.0
706800,70.0
706800,73.0
706900,74.0
706900,73.0
707100,78.0
707200,76.0
707300,70.0
707500,73.0
707500,69.0
707600,71.0
707700,71.0
707900,73.0
708100,66.0
708400,70.0
708500,71.0
708600,68.0
708800,65.0
709100,70.0
709100,72.0
709100,70.0
709100,72.0
709200,69.0
709200,73.0
709200,78.0
709600,75.0
709600,71.0
709600,75.0
709600,74.0
709800,71.0
710000,74.0
710000,72.0
710000,70.0
710000,70.0
710100,75.0
710100,70.0
710200,74.0
710200,71.0
710300,71.0
710400,77.0
710400,76.0
710400,74.0
710400,74.0
710600,69.0
710600,72.0
710600,74.0
710700,73.0
710700,73.0
710700,73.0
710800,74.0
710800,72.0
710800,75.0
711000,71.0
711000,75.0
711000,75.0
711000,75.0
711100,73.0
711200,72.0
711400,76.0
711500,70.0
711700,68.0
711800,73.0
711800,72.0
711900,70.0
711900,69.0
712000,75.0
712100,74.0
712200,72.0
712200,73.0
712300,68.0
712300,71.0
712400,74.0
712400,66.0
712400,76.0
712500,76.0
712600,69.0
712600,71.0
712800,70.0
712800,70.0
712800,70.0
712800,63.0
712900,67.0
712900,70.0
713000,77.0
713000,70.0
713100,74.0
713100,72.0
713100,69.0
713200,79.0
713400,67.0
713400,77.0
713400,68.0
713600,68.0
713700,79.0
713800,77.0
713900,69.0
714100,70.0
714100,74.0
714100,76.0
714100,72.0
714200,75.0
714200,72.0
714300,72.0
714300,69.0
714400,67.0
714500,75.0
714700,72.0
714700,74.0
714700,70.0
714700,78.0
715000,72.0
715100,70.0
715300,74.0
715700,74.0
715700,71.0
715800,71.0
715900,69.0
715900,71.0
716100,68.0
716200,69.0
716300,70.0
716400,70.0
716500,71.0
716700,73.0
716800,70.0
716900,71.0
716900,71.0
716900,67.0
717000,77.0
717300,70.0
717400,74.0
717500,73.0
717700,72.0
717700,73.0
717700,71.0
717700,71.0
717800,74.0
717800,68.0
717900,76.0
717900,70.0
717900,71.0
718000,72.0
718000,82.0
718000,71.0
718100,75.0
718200,76.0
718200,74.0
718200,80.0
718200,72.0
718300,70.0
718300,71.0
718400,74.0
718500,76.0
718600,70.0
718800,76.0
718800,74.0
719100,79.0
719100,89.0
719200,80.0
719300,76.0
719400,75.0
719400,73.0
719500,74.0
719500,71.0
719600,74.0
719800,78.0
719900,75.0
720000,74.0
720100,73.0
720100,75.0
720100,81.0
720300,71.0
720400,74.0
720400,77.0
720500,80.0
720500,80.0
720500,75.0
720600,75.0
720600,83.0
720600,78.0
720600,80.0
720600,73.0
720800,76.0
720800,78.0
720800,75.0
721000,76.0
721000,74.0
721000,79.0
721200,79.0
721200,76.0
721500,76.0
721500,72.0
721500,79.0
721700,87.0
721900,78.0
721900,81.0
722000,80.0
722300,80.0
722300,77.0
722300,80.0
722400,79.0
722500,72.0
722600,81.0
722600,79.0
722800,85.0
723100,79.0
723200,88.0
723200,83.0
723200,88.0
723200,83.0
723200,83.0
723500,80.0
723700,88.0
723800,72.0
724000,79.0
724100,78.0
724300,82.0
724400,79.0
724500,76.0
724500,78.0
724500,74.0
724500,86.0
724600,75.0
724600,82.0
724600,87.0
724700,87.0
724800,72.0
724900,78.0
725300,76.0
725300,83.0
725400,73.0
725600,77.0
725600,72.0
725900,77.0
726000,81.0
726000,76.0
726000,81.0
726100,81.0
726200,80.0
726200,77.0
726200,78.0
726200,80.0
726200,76.0
726300,84.0
726300,73.0
726300,80.0
726400,84.0
726400,77.0
726600,68.0
726600,85.0
726700,73.0
726800,83.0
726900,85.0
726900,76.0
727100,75.0
727300,101.0
727300,78.0
727300,72.0
727300,92.0
727700,84.0
727800,82.0
727900,82.0
727900,91.0
728000,74.0
728000,77.0
728000,75.0
728100,74.0
728200,74.0
728300,81.0
728500,82.0
728500,71.0
728600,78.0
728600,80.0
728700,80.0
728700,73.0
728800,85.0
728800,88.0
728800,78.0
728800,78.0
728900,77.0
728900,81.0
728900,79.0
728900,77.0
729000,115.0
729200,84.0
729200,102.0
729300,74.0
729400,87.0
729600,84.0
729600,79.0
729800,77.0
729900,74.0
729900,91.0
729900,82.0
730000,75.0
730100,79.0
730200,105.0
730200,68.0
730200,81.0
730300,75.0
730400,79.0
730700,80.0
730700,73.0
730900,83.0
731000,71.0
731000,82.0
731100,74.0
731100,71.0
731100,94.0
731200,79.0
731300,66.0
731400,84.0
731400,69.0
731400,72.0
731400,80.0
731500,69.0
731500,67.0
731500,81.0
731600,82.0
731700,68.0
731700,69.0
731700,69.0
731700,66.0
731800,68.0
731900,64.0
731900,72.0
731900,76.0
732000,64.0
732100,74.0
732300,68.0
732500,78.0
732700,69.0
732800,66.0
732800,63.0
732800,70.0
732900,65.0
732900,68.0
733000,66.0
733000,68.0
733100,67.0
733200,69.0
733200,68.0
733300,67.0
733300,71.0
733400,66.0
733400,69.0
733500,67.0
733500,64.0
733600,70.0
733700,67.0
733800,65.0
733900,64.0
733900,70.0
733900,75.0
734000,65.0
734100,70.0
734100,76.0
734200,61.0
734300,68.0
734400,64.0
734500,70.0
734600,65.0
734700,65.0
734700,65.0
734800,64.0
734900,70.0
735100,69.0
735300,65.0
735600,66.0
735700,70.0
735800,75.0
735800,68.0
735900,74.0
735900,70.0
735900,71.0
735900,67.0
736100,72.0
736100,67.0
736100,71.0
736300,73.0
736300,72.0
736500,78.0
736500,74.0
736800,68.0
736800,72.0
736900,78.0
736900,67.0
736900,71.0
737000,72.0
737100,66.0
737100,70.0
737100,77.0
737200,77.0
737300,82.0
737300,67.0
737400,70.0
737400,70.0
737700,73.0
737900,78.0
738000,71.0
738000,71.0
738100,80.0
738200,70.0
738300,72.0
738300,71.0
738400,70.0
738400,71.0
738700,66.0
738700,72.0
738700,69.0
738800,72.0
738900,72.0
738900,76.0
739000,77.0
739000,74.0
739100,72.0
739100,70.0
739200,75.0
739200,73.0
739300,77.0
739300,76.0
739300,73.0
739300,90.0
739300,71.0
739400,71.0
739500,70.0
739500,65.0
739600,77.0
739800,68.0
739900,68.0
739900,67.0
739900,63.0
739900,80.0
740000,66.0
740100,66.0
740100,85.0
740200,73.0
740200,71.0
740200,65.0
740200,65.0
740200,75.0
740300,70.0
740300,71.0
740300,69.0
740500,84.0
740500,75.0
740700,66.0
740800,69.0
740800,66.0
740900,63.0
741000,67.0
741000,75.0
741000,66.0
741100,73.0
741200,69.0
741300,63.0
741400,78.0
741500,67.0
741500,74.0
741700,64.0
741700,77.0
741700,76.0
741800,71.0
741800,67.0
741900,74.0
741900,70.0
742100,72.0
742200,67.0
742400,66.0
742700,66.0
742700,66.0
742800,65.0
742900,70.0
743000,69.0
743100,71.0
743200,71.0
743200,72.0
743200,69.0
743300,66.0
743400,69.0
743400,63.0
743400,71.0
743400,69.0
743600,66.0
743600,69.0
743600,65.0
743700,66.0
743800,68.0
744000,66.0
744200,66.0
744200,67.0
744300,70.0
744300,67.0
744300,71.0
744300,70.0
744300,64.0
744700,72.0
744800,75.0
744900,66.0
745000,69.0
745200,70.0
745300,68.0
745300,71.0
745300,67.0
745400,69.0
745500,65.0
745500,71.0
745500,69.0
745900,70.0
745900,66.0
746000,71.0
746000,69.0
746100,69.0
746100,67.0
746100,70.0
746100,68.0
746100,72.0
746200,67.0
746200,67.0
746200,70.0
746300,66.0
746300,68.0
746400,70.0
746500,70.0
746500,70.0
746600,59.0
746600,61.0
746600,65.0
746600,68.0
746700,66.0
746700,63.0
746700,71.0
746700,63.0
746800,67.0
746800,64.0
746800,66.0
746800,71.0
746800,64.0
746900,64.0
746900,65.0
747000,67.0
747000,70.0
747000,63.0
747100,68.0
747200,71.0
747300,68.0
747400,62.0
747400,63.0
747400,61.0
747400,60.0
747500,66.0
747500,65.0
747600,64.0
747600,61.0
747800,68.0
747800,66.0
747900,60.0
747900,60.0
747900,62.0
748100,65.0
748200,59.0
748200,62.0
748300,63.0
748300,66.0
748300,62.0
748500,64.0
748600,67.0
748600,60.0
748800,64.0
749100,62.0
749100,62.0
749200,62.0
749500,61.0
749500,64.0
749500,61.0
749500,60.0
749600,60.0
749800,60.0
749800,66.0
749800,64.0
749800,65.0
749900,61.0
749900,63.0
749900,63.0
750100,62.0
750100,63.0
750200,60.0
750200,66.0
750200,62.0
750200,57.0
750500,60.0
750500,61.0
750700,63.0
750800,63.0
751000,65.0
751000,61.0
751100,66.0
751200,62.0
751300,62.0
751500,61.0
751700,65.0
751900,64.0
751900,62.0
751900,62.0
752000,64.0
752000,65.0
752000,65.0
752000,63.0
752100,58.0
752400,63.0
752400,62.0
752400,61.0
752500,64.0
752500,62.0
752500,63.0
752500,62.0
752600,62.0
752600,58.0
752600,62.0
752700,63.0
752700,64.0
752800,63.0
752800,63.0
752900,63.0
752900,61.0
752900,61.0
753000,61.0
753100,62.0
753100,63.0
753100,59.0
753100,61.0
753100,61.0
753200,62.0
753200,61.0
753300,66.0
753400,65.0
753400,59.0
753400,67.0
753400,63.0
753400,64.0
753400,65.0
753500,59.0
753500,61.0
753600,66.0
753700,65.0
753800,66.0
753800,62.0
753800,60.0
753900,66.0
753900,63.0
754000,60.0
754000,64.0
754100,60.0
754200,64.0
754200,65.0
754300,62.0
754400,67.0
754400,59.0
754400,59.0
754400,60.0
754500,64.0
754500,62.0
754600,66.0
754600,59.0
754700,63.0
754800,60.0
754900,59.0
755000,65.0
755100,63.0
755500,62.0
755600,63.0
756000,66.0
756100,64.0
756100,64.0
756100,61.0
756100,61.0
756300,65.0
756400,67.0
756400,63.0
756400,64.0
756400,64.0
756500,64.0
756500,61.0
756600,69.0
756700,64.0
756800,65.0
756800,67.0
757100,64.0
757100,67.0
757200,68.0
757200,68.0
757600,67.0
757600,69.0
757900,69.0
758000,65.0
758000,68.0
758100,68.0
758100,69.0
758300,69.0
758300,66.0
758400,62.0
758500,66.0
758900,67.0
758900,67.0
758900,66.0
759000,69.0
759000,69.0
759200,65.0
759300,65.0
759300,66.0
759400,68.0
759400,73.0
759400,66.0
759400,68.0
759500,68.0
759700,69.0
759700,67.0
759700,70.0
759800,64.0
759800,69.0
759800,65.0
759800,69.0
759900,63.0
759900,68.0
760000,67.0
760000,78.0
760000,69.0
760100,71.0
760100,70.0
760200,69.0
760300,67.0
760300,77.0
760300,66.0
760300,67.0
760400,68.0
760400,67.0
760400,71.0
760500,65.0
760500,69.0
760600,73.0
760600,68.0
760600,70.0
760700,73.0
760800,68.0
760800,68.0
760900,77.0
760900,67.0
760900,68.0
761000,75.0
761000,71.0
761200,71.0
761400,67.0
761500,70.0
761500,69.0
761600,70.0
761800,70.0
761800,72.0
761800,68.0
761900,76.0
761900,70.0
762000,73.0
762000,72.0
762000,78.0
762100,75.0
762100,77.0
762200,71.0
762200,78.0
762300,71.0
762700,69.0
762800,65.0
762800,71.0
762800,66.0
763000,67.0
763000,64.0
763000,77.0
763100,65.0
763200,69.0
763300,67.0
763300,70.0
763400,64.0
763600,68.0
763600,71.0
763600,66.0
763800,64.0
764100,72.0
764100,74.0
764200,64.0
764200,68.0
764500,62.0
764600,61.0
764600,64.0
764600,80.0
764700,80.0
764700,61.0
764700,74.0
764800,75.0
764800,70.0
764900,64.0
765100,64.0
765100,68.0
765100,69.0
765200,61.0
765200,56.0
765200,57.0
765300,57.0
765300,59.0
765300,58.0
765400,62.0
765400,58.0
765500,58.0
765500,59.0
765500,64.0
765500,74.0
765500,54.0
765600,56.0
765600,65.0
765600,54.0
765600,56.0
765700,55.0
765700,58.0
765800,56.0
765800,66.0
765900,60.0
765900,59.0
765900,60.0
765900,58.0
765900,54.0
766000,55.0
766100,61.0
766200,57.0
766200,58.0
766300,60.0
766300,56.0
766300,58.0
766300,57.0
766400,61.0
766400,58.0
766400,56.0
766400,55.0
766400,54.0
766500,57.0
766500,59.0
766500,57.0
766600,54.0
766700,56.0
766700,55.0
766800,58.0
766800,61.0
767000,54.0
767000,59.0
767000,56.0
767000,53.0
767000,59.0
767200,55.0
767600,56.0
767700,56.0
767800,56.0
767800,56.0
767800,60.0
767800,57.0
767900,57.0
768100,61.0
768100,56.0
768100,58.0
768200,58.0
768200,62.0
768300,59.0
768300,60.0
768500,55.0
768600,54.0
768700,57.0
768800,56.0
768800,59.0
769000,60.0
769100,59.0
769100,58.0
769100,57.0
769200,56.0
769300,58.0
769400,56.0
769500,57.0
769600,61.0
769700,57.0
769800,60.0
770100,58.0
770100,57.0
770200,54.0
770300,60.0
770400,56.0
770500,56.0
770600,58.0
770600,62.0
770900,62.0
770900,60.0
771000,61.0
771000,57.0
771100,58.0
771200,61.0
771300,63.0
771300,63.0
771300,60.0
771400,60.0
771400,59.0
771400,57.0
771600,61.0
771600,57.0
771600,59.0
771600,58.0
771700,59.0
771700,63.0
771700,61.0
771700,61.0
771800,61.0
771800,60.0
771800,64.0
771800,63.0
771900,62.0
771900,58.0
771900,62.0
772000,61.0
772000,59.0
772100,61.0
772100,59.0
772100,60.0
772200,64.0
772300,59.0
772300,59.0
772400,59.0
772400,59.0
772400,58.0
772500,59.0
772500,58.0
772500,64.0
772500,65.0
772600,59.0
772600,60.0
772600,61.0
772600,63.0
772600,59.0
772600,65.0
772700,61.0
772800,62.0
772900,57.0
772900,64.0
773000,62.0
773000,58.0
773000,61.0
773100,62.0
773200,60.0
773200,60.0
773200,62.0
773400,62.0
773500,65.0
773700,63.0
773800,59.0
774100,61.0
774300,63.0
774300,65.0
774400,61.0
774400,64.0
774500,64.0
774500,62.0
774600,61.0
774700,64.0
774800,68.0
774900,65.0
774900,60.0
774900,65.0
775100,66.0
775100,64.0
775300,63.0
775400,62.0
775400,64.0
775500,67.0
775500,61.0
775500,62.0
775700,62.0
775800,65.0
775800,65.0
775900,61.0
776100,62.0
776100,64.0
776100,65.0
776200,59.0
776200,62.0
776300,60.0
776800,63.0
776900,65.0
776900,61.0
777100,63.0
777100,65.0
777200,65.0
777400,62.0
777500,61.0
777600,65.0
777600,65.0
777600,63.0
777700,59.0
777700,61.0
777800,63.0
777800,66.0
777900,64.0
777900,61.0
778000,64.0
778000,61.0
778000,61.0
778000,62.0
778200,67.0
778200,64.0
778300,64.0
778300,63.0
778300,67.0
778400,63.0
778400,65.0
778400,63.0
778400,63.0
778400,64.0
778400,62.0
778400,62.0
778600,63.0
778600,59.0
778700,67.0
778700,61.0
778700,60.0
778800,68.0
778900,61.0
778900,63.0
778900,61.0
778900,66.0
779000,58.0
779100,63.0
779100,66.0
779100,68.0
779100,67.0
779100,65.0
779100,63.0
779200,62.0
779200,65.0
779200,67.0
779200,64.0
779400,62.0
779400,67.0
779400,58.0
779400,61.0
779400,66.0
779500,66.0
779600,65.0
779600,65.0
779600,62.0
779700,65.0
779800,64.0
779900,65.0
780100,62.0
780100,61.0
780200,65.0
780500,60.0
780600,63.0
780900,64.0
780900,63.0
781000,63.0
781000,61.0
781200,65.0
781200,66.0
781300,62.0
781400,63.0
781500,64.0
781500,62.0
781500,65.0
781600,60.0
781600,63.0
782000,65.0
782000,63.0
782000,72.0
782000,63.0
782200,61.0
782400,64.0
782400,67.0
782400,64.0
782500,69.0
782600,63.0
782600,67.0
782800,64.0
782900,66.0
783200,67.0
783300,69.0
783400,63.0
783400,61.0
783600,63.0
783700,74.0
783800,68.0
783900,65.0
784200,65.0
784200,64.0
784200,60.0
784200,66.0
784300,64.0
784300,72.0
784400,66.0
784500,67.0
784500,63.0
784500,63.0
784600,62.0
784700,68.0
784700,66.0
784700,66.0
784700,67.0
784800,63.0
784800,62.0
784800,63.0
784900,61.0
785000,68.0
785000,64.0
785000,65.0
785000,62.0
785000,64.0
785100,65.0
785100,71.0
785100,65.0
785200,61.0
785200,66.0
785300,69.0
785300,64.0
785300,67.0
785300,62.0
785400,61.0
785400,65.0
785500,62.0
785500,66.0
785600,65.0
785600,66.0
785700,63.0
785700,65.0
785800,65.0
785800,65.0
785800,65.0
785800,64.0
785900,66.0
786000,66.0
786000,69.0
786000,63.0
786000,64.0
786100,63.0
786100,63.0
786100,61.0
786200,61.0
786200,64.0
786200,66.0
786300,69.0
786300,67.0
786400,68.0
786400,68.0
786500,66.0
787000,67.0
787000,66.0
787000,67.0
787200,64.0
787400,62.0
787600,69.0
787600,62.0
787600,65.0
787700,66.0
787900,62.0
787900,67.0
788000,64.0
788000,63.0
788100,67.0
788100,66.0
788200,64.0
788300,65.0
788400,62.0
788600,64.0
788700,70.0
788700,65.0
788800,58.0
788800,66.0
788900,61.0
789000,66.0
789000,62.0
789000,64.0
789000,64.0
789200,65.0
789300,67.0
789400,60.0
789600,60.0
789600,65.0
789900,60.0
790100,61.0
790100,63.0
790200,67.0
790400,68.0
790500,61.0
790500,60.0
790700,60.0
790800,67.0
790800,60.0
790800,59.0
790800,63.0
790800,64.0
790800,64.0
790900,62.0
791000,58.0
791000,59.0
791000,58.0
791200,59.0
791200,63.0
791200,68.0
791200,63.0
791300,64.0
791300,61.0
791300,66.0
791300,63.0
791300,61.0
791300,67.0
791400,61.0
791400,64.0
791400,64.0
791400,59.0
791500,63.0
791500,61.0
791500,62.0
791700,61.0
791800,63.0
791800,58.0
791800,64.0
791800,60.0
791900,57.0
791900,58.0
792000,63.0
792000,64.0
792000,61.0
792000,63.0
792000,62.0
792100,66.0
792100,66.0
792200,59.0
792200,58.0
792200,58.0
792200,60.0
792200,62.0
792300,63.0
792300,63.0
792300,60.0
792300,60.0
792400,60.0
792400,65.0
792600,61.0
792600,61.0
792600,60.0
792700,61.0
792700,60.0
792800,66.0
792900,67.0
793100,59.0
793400,62.0
793700,65.0
793900,65.0
793900,61.0
793900,60.0
793900,61.0
794100,65.0
794200,64.0
794400,63.0
794400,60.0
794500,62.0
794500,63.0
794600,64.0
794600,60.0
794800,67.0
794900,64.0
795000,62.0
795100,57.0
795100,68.0
795200,60.0
795200,63.0
795300,64.0
795300,63.0
795500,63.0
795500,65.0
795500,63.0
795600,65.0
795600,61.0
795600,58.0
795800,62.0
795900,58.0
796200,70.0
796200,64.0
796300,60.0
796400,60.0
796500,59.0
796700,64.0
796700,60.0
796800,58.0
796900,57.0
796900,62.0
797000,60.0
797000,60.0
797000,60.0
797100,59.0
797200,62.0
797300,64.0
797300,62.0
797300,58.0
797400,60.0
797400,60.0
797500,59.0
797500,59.0
797500,58.0
797500,59.0
797500,63.0
797600,61.0
797600,62.0
797700,60.0
797700,63.0
797700,62.0
797800,62.0
797800,56.0
797800,68.0
797800,61.0
797900,64.0
797900,60.0
798000,65.0
798000,59.0
798100,60.0
798100,57.0
798200,62.0
798200,62.0
798200,58.0
798200,67.0
798300,63.0
798300,61.0
798300,63.0
798400,59.0
798500,63.0
798600,58.0
798600,58.0
798700,62.0
798700,62.0
798700,61.0
798700,62.0
798700,57.0
798800,64.0
798800,64.0
798800,64.0
798800,66.0
798900,66.0
798900,67.0
798900,66.0
799000,62.0
799100,62.0
799200,61.0
799200,66.0
799300,64.0
799400,61.0
799900,63.0
800000,59.0
800000,59.0
800200,59.0
800300,62.0
800400,58.0
800400,63.0
800400,65.0
800700,59.0
800700,59.0
800800,64.0
800800,62.0
800800,61.0
801100,61.0
801100,60.0
801300,60.0
801400,61.0
801500,60.0
801500,63.0
801500,68.0
801600,62.0
801600,59.0
801600,61.0
801600,59.0
801700,59.0
801700,63.0
801900,62.0
801900,61.0
802000,59.0
802100,63.0
802400,64.0
802800,63.0
802800,64.0
802900,60.0
802900,63.0
802900,62.0
803000,66.0
803100,59.0
803200,60.0
803200,61.0
803200,63.0
803200,59.0
803300,62.0
803300,61.0
803400,64.0
803600,59.0
803600,61.0
803700,62.0
803700,63.0
803700,61.0
803900,59.0
803900,62.0
804000,65.0
804000,61.0
804000,62.0
804100,64.0
804100,59.0
804100,63.0
804100,62.0
804100,62.0
804100,64.0
804100,60.0
804200,62.0
804200,59.0
804200,62.0
804300,66.0
804400,68.0
804400,63.0
804400,62.0
804400,64.0
804500,60.0
804500,61.0
804500,61.0
804500,58.0
804600,63.0
804600,62.0
804800,63.0
804900,64.0
804900,61.0
804900,65.0
805000,60.0
805000,60.0
805000,61.0
805000,64.0
805100,60.0
805100,62.0
805200,63.0
805200,63.0
805200,61.0
805200,64.0
805200,60.0
805300,62.0
805300,63.0
805300,64.0
805400,64.0
805400,58.0
805400,60.0
805400,59.0
805700,63.0
805900,57.0
805900,66.0
806000,58.0
806100,60.0
806500,59.0
806600,61.0
806600,60.0
806700,57.0
806700,63.0
806700,61.0
806900,60.0
806900,60.0
807000,60.0
807200,59.0
807300,63.0
807500,62.0
807500,60.0
807600,58.0
807700,59.0
807700,59.0
807900,62.0
807900,62.0
807900,61.0
808000,64.0
808100,64.0
808100,62.0
808200,59.0
808300,61.0
808300,62.0
808300,64.0
808600,65.0
808700,57.0
808800,57.0
808900,63.0
809000,60.0
809000,59.0
809100,59.0
809100,58.0
809300,57.0
809500,61.0
809500,60.0
809500,61.0
809600,65.0
809600,62.0
809700,59.0
809700,63.0
809700,56.0
809800,57.0
809800,63.0
809800,60.0
809900,60.0
810000,61.0
810200,59.0
810300,60.0
810300,60.0
810300,60.0
810400,61.0
810400,62.0
810500,60.0
810500,59.0
810500,61.0
810500,61.0
810500,61.0
810600,64.0
810600,63.0
810700,64.0
810700,68.0
810800,66.0
810800,60.0
810800,61.0
810900,63.0
810900,61.0
810900,63.0
810900,62.0
811100,59.0
811100,64.0
811100,65.0
811200,61.0
811300,66.0
811300,62.0
811300,61.0
811500,62.0
811700,65.0
811700,63.0
811700,62.0
811700,66.0
811700,65.0
811800,64.0
811800,68.0
811800,62.0
811800,64.0
811900,63.0
812000,64.0
812000,66.0
812100,67.0
812100,68.0
812200,67.0
812200,61.0
812200,63.0
812300,67.0
812300,68.0
812500,62.0
812600,64.0
812800,60.0
812800,67.0
813200,63.0
813200,65.0
813200,63.0
813200,61.0
813300,62.0
813400,66.0
813500,66.0
813700,65.0
813800,63.0
814000,63.0
814000,66.0
814000,61.0
814000,63.0
814200,61.0
814200,61.0
814300,65.0
814400,61.0
814400,63.0
814400,65.0
814500,62.0
814500,60.0
814500,61.0
814700,62.0
814800,66.0
814900,61.0
815100,58.0
815100,61.0
815100,62.0
815200,67.0
815400,62.0
815500,58.0
815600,64.0
815600,61.0
815600,63.0
815700,66.0
815700,60.0
815800,61.0
815900,60.0
815900,58.0
815900,61.0
815900,60.0
816000,58.0
816000,60.0
816000,62.0
816100,61.0
816200,58.0
816200,63.0
816300,56.0
816300,57.0
816300,58.0
816400,64.0
816500,58.0
816500,58.0
816600,55.0
816600,58.0
816600,57.0
816600,56.0
816600,59.0
816700,62.0
816700,59.0
816700,56.0
816700,57.0
816800,57.0
816800,59.0
816800,57.0
816800,61.0
816900,59.0
816900,56.0
816900,63.0
816900,64.0
817000,57.0
817100,56.0
817200,57.0
817200,57.0
817200,58.0
817300,54.0
817400,61.0
817400,57.0
817700,58.0
817700,57.0
817700,58.0
817700,57.0
817800,59.0
817800,56.0
817900,60.0
817900,58.0
818000,60.0
818000,53.0
818000,60.0
818100,59.0
818100,57.0
818100,57.0
818100,57.0
818300,60.0
818300,58.0
818400,61.0
818500,60.0
818600,58.0
818900,55.0
818900,55.0
818900,59.0
819000,60.0
819100,57.0
819100,57.0
819400,59.0
819500,59.0
819500,58.0
819600,57.0
819800,58.0
819900,57.0
820000,58.0
820000,58.0
820200,60.0
820200,56.0
820400,60.0
820400,57.0
820500,60.0
820500,59.0
820500,58.0
820600,57.0
820700,61.0
820700,63.0
820800,58.0
821000,63.0
821100,58.0
821300,59.0
821600,63.0
821600,65.0
821800,59.0
821800,57.0
821800,60.0
821800,60.0
821900,66.0
822000,59.0
822000,63.0
822000,60.0
822100,59.0
822100,60.0
822100,59.0
822100,62.0
822100,63.0
822200,57.0
822200,66.0
822200,58.0
822300,59.0
822300,55.0
822300,62.0
822400,62.0
822400,55.0
822500,58.0
822600,58.0
822600,61.0
822600,56.0
822700,62.0
822700,60.0
822700,58.0
822900,59.0
822900,58.0
823000,64.0
823100,63.0
823100,60.0
823200,69.0
823200,62.0
823200,64.0
823300,65.0
823300,59.0
823300,64.0
823300,61.0
823400,65.0
823400,64.0
823400,63.0
823500,61.0
823600,65.0
823600,62.0
823600,61.0
823600,56.0
823600,60.0
823700,57.0
823800,65.0
823800,57.0
823800,59.0
823900,56.0
823900,56.0
824000,64.0
824000,59.0
824100,58.0
824100,59.0
824100,62.0
824200,59.0
824200,60.0
824300,64.0
824300,64.0
824300,57.0
824400,62.0
824500,58.0
824500,60.0
824600,58.0
824800,63.0
824900,56.0
824900,58.0
825000,58.0
825100,60.0
825300,62.0
825300,57.0
825400,61.0
825600,59.0
825700,60.0
825700,59.0
825700,56.0
825800,56.0
825900,59.0
826000,58.0
826300,56.0
826300,59.0
826300,57.0
826400,56.0
826400,58.0
826400,60.0
826600,57.0
826600,57.0
826700,60.0
826800,58.0
826800,55.0
826900,62.0
827000,58.0
827600,61.0
827700,59.0
827800,56.0
827900,57.0
828000,62.0
828000,60.0
828000,58.0
828100,61.0
828100,58.0
828100,58.0
828200,58.0
828400,63.0
828500,65.0
828500,62.0
828500,61.0
828600,63.0
828600,66.0
828600,58.0
828700,61.0
828700,62.0
828700,58.0
828800,65.0
828800,64.0
828800,63.0
828900,60.0
828900,64.0
828900,62.0
828900,63.0
828900,61.0
829000,61.0
829100,63.0
829200,61.0
829200,58.0
829300,58.0
829300,60.0
829400,61.0
829400,58.0
829400,63.0
829500,63.0
829500,61.0
829500,60.0
829600,58.0
829600,58.0
829700,63.0
829700,59.0
829700,60.0
829800,59.0
829800,60.0
829800,63.0
829900,57.0
829900,57.0
830000,62.0
830000,64.0
830000,65.0
830000,60.0
830000,59.0
830000,60.0
830000,55.0
830100,60.0
830200,58.0
830200,66.0
830200,62.0
830200,59.0
830200,57.0
830200,59.0
830300,60.0
830400,59.0
830500,58.0
830500,57.0
830500,61.0
830600,59.0
830800,62.0
830900,58.0
830900,56.0
830900,59.0
831000,58.0
831000,59.0
831100,56.0
831200,57.0
831400,58.0
831500,56.0
831500,57.0
831500,55.0
831600,57.0
831600,57.0
831900,57.0
832000,54.0
832000,55.0
832100,60.0
832200,57.0
832300,58.0
832300,55.0
832400,55.0
832400,56.0
832500,55.0
832600,55.0
832700,61.0
832700,55.0
832700,61.0
833100,61.0
833500,54.0
833600,57.0
833700,59.0
833700,57.0
833800,56.0
833800,56.0
833900,56.0
834000,57.0
834000,56.0
834000,57.0
834100,59.0
834200,55.0
834200,55.0
834300,56.0
834300,54.0
834300,55.0
834300,54.0
834400,56.0
834500,59.0
834500,57.0
834600,57.0
834700,56.0
834800,56.0
834800,58.0
834800,58.0
834800,57.0
834800,57.0
834900,58.0
834900,58.0
835000,60.0
835000,54.0
835000,54.0
835000,57.0
835000,56.0
835000,56.0
835100,55.0
835200,57.0
835200,53.0
835300,56.0
835400,56.0
835400,59.0
835400,55.0
835400,54.0
835400,57.0
835500,55.0
835600,54.0
835600,54.0
835600,55.0
835600,58.0
835700,57.0
835700,58.0
835700,55.0
835700,60.0
835700,53.0
835800,57.0
835900,55.0
835900,55.0
836000,53.0
836000,56.0
836000,56.0
836100,59.0
836100,59.0
836200,60.0
836200,60.0
836200,56.0
836200,58.0
836300,56.0
836400,59.0
836500,53.0
836700,64.0
836700,60.0
836800,57.0
836900,59.0
836900,57.0
836900,56.0
837000,62.0
837100,54.0
837100,57.0
837200,61.0
837200,56.0
837200,61.0
837300,56.0
837600,59.0
837700,59.0
837700,59.0
837700,56.0
837700,55.0
838000,55.0
838100,59.0
838200,59.0
838300,57.0
838300,59.0
838500,56.0
838500,58.0
838500,56.0
838500,60.0
838500,59.0
838600,57.0
838900,61.0
839300,60.0
839600,57.0
839600,59.0
839600,58.0
839800,58.0
839800,59.0
839800,58.0
839900,57.0
839900,58.0
839900,55.0
840200,59.0
840200,57.0
840200,60.0
840300,58.0
840300,56.0
840400,59.0
840400,59.0
840400,55.0
840400,62.0
840500,61.0
840500,55.0
840600,54.0
840600,56.0
840600,56.0
840700,57.0
840700,59.0
840700,60.0
840900,57.0
840900,59.0
840900,63.0
840900,57.0
841000,59.0
841000,59.0
841000,58.0
841100,59.0
841200,55.0
841200,56.0
841300,59.0
841300,54.0
841300,60.0
841400,60.0
841400,62.0
841400,59.0
841400,58.0
841400,58.0
841500,56.0
841500,57.0
841500,59.0
841500,57.0
841600,58.0
841600,56.0
841600,60.0
841700,54.0
841700,58.0
841700,58.0
841700,56.0
841700,59.0
841700,58.0
841800,56.0
841800,54.0
841900,58.0
841900,57.0
842100,59.0
842100,55.0
842100,57.0
842200,58.0
842200,58.0
842200,53.0
842300,58.0
842300,54.0
842300,56.0
842400,54.0
842500,54.0
842500,62.0
842600,54.0
842600,55.0
842700,56.0
842700,54.0
842800,50.0
842800,54.0
842900,55.0
843000,55.0
843100,57.0
843400,55.0
843500,53.0
843600,63.0
843600,57.0
843600,57.0
843600,53.0
843800,51.0
843800,54.0
843800,59.0
843900,54.0
844200,55.0
844200,55.0
844300,52.0
844400,59.0
844400,57.0
844500,57.0
844700,60.0
844900,54.0
845100,53.0
845300,52.0
845300,55.0
845400,53.0
845400,54.0
845400,54.0
845500,57.0
845600,55.0
845600,50.0
845600,52.0
845700,52.0
845700,53.0
845700,50.0
845700,53.0
845800,58.0
845800,52.0
845900,54.0
845900,50.0
845900,51.0
846000,53.0
846200,54.0
846200,53.0
846200,56.0
846200,56.0
846300,52.0
846300,55.0
846400,53.0
846400,52.0
846500,56.0
846500,54.0
846600,52.0
846600,54.0
846600,53.0
846700,56.0
846700,55.0
846700,51.0
846800,53.0
846800,52.0
846800,51.0
846900,52.0
846900,54.0
846900,55.0
846900,54.0
846900,53.0
847000,54.0
847000,51.0
847000,53.0
847100,55.0
847100,52.0
847100,52.0
847100,53.0
847200,52.0
847200,53.0
847200,54.0
847300,56.0
847400,51.0
847400,50.0
847400,55.0
847500,51.0
847500,54.0
847500,56.0
847500,55.0
847600,58.0
847700,53.0
847700,50.0
847800,57.0
847800,55.0
847900,53.0
847900,56.0
847900,54.0
847900,52.0
848000,55.0
848000,52.0
848100,53.0
848200,53.0
848200,53.0
848300,58.0
848500,55.0
848500,54.0
848500,53.0
848600,56.0
848800,55.0
849000,53.0
849000,54.0
849100,51.0
849200,54.0
849300,55.0
849300,55.0
849400,54.0
849400,53.0
849400,56.0
849700,57.0
849800,52.0
849900,55.0
849900,55.0
850000,54.0
850100,56.0
850200,55.0
850400,55.0
850600,55.0
850800,53.0
850900,53.0
851000,52.0
851000,57.0
851100,56.0
851100,55.0
851200,53.0
851200,55.0
851200,54.0
851200,52.0
851200,52.0
851200,56.0
851300,54.0
851300,54.0
851300,51.0
851400,55.0
851500,51.0
851600,55.0
851600,52.0
851700,56.0
851700,56.0
851700,53.0
851800,60.0
851900,54.0
851900,55.0
852100,51.0
852100,52.0
852100,56.0
852100,53.0
852100,54.0
852200,56.0
852200,52.0
852200,56.0
852300,55.0
852400,55.0
852400,53.0
852400,54.0
852400,56.0
852500,56.0
852600,54.0
852600,52.0
852700,56.0
852700,56.0
852700,55.0
852700,60.0
852700,54.0
852700,55.0
852800,55.0
852800,57.0
852800,52.0
852800,57.0
852900,52.0
852900,55.0
852900,56.0
852900,53.0
853000,57.0
853100,57.0
853100,53.0
853100,54.0
853200,53.0
853200,55.0
853200,56.0
853300,58.0
853400,54.0
853500,56.0
853500,58.0
853600,54.0
853600,54.0
853600,56.0
853700,56.0
853800,54.0
853800,57.0
853800,57.0
853900,56.0
853900,58.0
854000,56.0
854100,54.0
854200,55.0
854400,57.0
854400,52.0
854500,57.0
854600,61.0
854700,54.0
854800,58.0
855000,56.0
855100,56.0
855100,55.0
855100,55.0
855100,59.0
855200,57.0
855500,59.0
855500,54.0
855600,54.0
855800,58.0
855800,59.0
856000,56.0
856100,58.0
856100,60.0
856200,56.0
856700,56.0
856700,59.0
856800,55.0
857000,58.0
857000,56.0
857100,57.0
857100,57.0
857100,58.0
857100,56.0
857200,57.0
857200,62.0
857300,57.0
857300,54.0
857300,59.0
857400,60.0
857400,56.0
857500,61.0
857500,56.0
857600,58.0
857600,61.0
857700,58.0
857700,60.0
857800,58.0
857800,57.0
857900,67.0
858000,56.0
858000,56.0
858200,56.0
858200,59.0
858300,60.0
858300,62.0
858300,60.0
858300,57.0
858400,61.0
858400,59.0
858400,60.0
858500,56.0
858500,57.0
858500,55.0
858600,63.0
858600,56.0
858600,58.0
858700,58.0
858700,56.0
858700,58.0
858700,58.0
858700,56.0
858700,58.0
858800,58.0
858800,62.0
858800,58.0
858800,57.0
858900,62.0
858900,55.0
858900,60.0
859000,56.0
859000,64.0
859000,57.0
859100,55.0
859100,56.0
859200,59.0
859300,59.0
859300,61.0
859300,60.0
859400,56.0
859400,63.0
859400,56.0
859400,54.0
859500,56.0
859600,59.0
859600,58.0
859600,59.0
859600,56.0
859700,57.0
859800,57.0
859900,58.0
860000,57.0
860000,58.0
860000,54.0
860200,58.0
860300,57.0
860400,56.0
860500,52.0
860600,59.0
860600,56.0
860700,55.0
860900,56.0
860900,60.0
861000,57.0
861000,57.0
861100,53.0
861100,57.0
861200,55.0
861200,55.0
861700,55.0
861800,55.0
861800,58.0
861900,55.0
862000,57.0
862000,60.0
862600,56.0
862600,57.0
862700,55.0
862900,54.0
862900,53.0
862900,60.0
862900,57.0
862900,56.0
863000,56.0
863000,53.0
863100,58.0
863100,57.0
863100,56.0
863100,55.0
863200,54.0
863200,59.0
863200,59.0
863300,58.0
863300,55.0
863500,58.0
863500,55.0
863600,57.0
863700,58.0
863700,55.0
863800,57.0
863900,57.0
863900,59.0
864000,55.0
864000,55.0
864000,55.0
864000,54.0
864100,53.0
864200,55.0
864200,56.0
864200,55.0
864200,55.0
864300,53.0
864300,54.0
864300,59.0
864300,54.0
864400,53.0
864400,54.0
864400,60.0
864400,56.0
864400,59.0
864500,55.0
864500,56.0
864500,59.0
864500,54.0
864600,57.0
864600,58.0
864600,57.0
864700,55.0
864700,52.0
864700,56.0
864800,56.0
864800,55.0
864800,56.0
864900,60.0
864900,59.0
864900,56.0
865100,57.0
865100,55.0
865200,54.0
865200,57.0
865200,54.0
865200,57.0
865300,53.0
865300,55.0
865400,58.0
865400,58.0
865600,55.0
865600,60.0
865600,57.0
865600,59.0
865700,59.0
865800,56.0
865800,53.0
865900,57.0
865900,57.0
866100,55.0
866200,54.0
866300,56.0
866300,54.0
866400,56.0
866500,54.0
866500,54.0
866600,54.0
866600,62.0
866900,55.0
866900,56.0
867000,58.0
867200,59.0
867200,58.0
867300,54.0
867400,54.0
867600,54.0
867600,54.0
867800,57.0
868000,60.0
868400,55.0
868400,56.0
868500,53.0
868500,54.0
868500,54.0
868500,54.0
868500,52.0
868500,57.0
868700,56.0
868700,53.0
868800,57.0
868800,55.0
868900,57.0
868900,54.0
868900,54.0
869000,57.0
869000,57.0
869100,57.0
869100,57.0
869200,54.0
869200,53.0
869300,54.0
869400,57.0
869500,55.0
869500,54.0
869600,55.0
869700,55.0
869700,53.0
869700,53.0
869700,53.0
869800,56.0
869900,54.0
869900,62.0
869900,55.0
870000,55.0
870000,58.0
870100,59.0
870100,56.0
870200,57.0
870200,55.0
870300,56.0
870300,53.0
870300,56.0
870400,58.0
870400,58.0
870400,58.0
870400,55.0
870400,61.0
870500,57.0
870500,59.0
870500,56.0
870500,59.0
870700,56.0
870700,60.0
870700,57.0
870800,60.0
870800,55.0
870800,55.0
870800,60.0
870900,55.0
870900,54.0
870900,55.0
870900,60.0
871000,54.0
871000,59.0
871000,54.0
871000,56.0
871100,56.0
871100,60.0
871200,62.0
871200,54.0
871200,53.0
871200,58.0
871400,56.0
871600,56.0
871600,58.0
871600,56.0
871700,59.0
871700,56.0
871800,57.0
871800,55.0
872100,54.0
872300,55.0
872300,59.0
872300,57.0
872400,59.0
872400,57.0
872500,60.0
872500,57.0
872600,55.0
872800,54.0
872900,54.0
873000,56.0
873200,54.0
873200,60.0
873200,61.0
873200,56.0
873400,56.0
873400,54.0
873900,57.0
874100,54.0
874200,55.0
874200,55.0
874200,56.0
874400,54.0
874400,55.0
874400,57.0
874500,58.0
874600,60.0
874600,59.0
874600,56.0
874600,55.0
874600,54.0
874700,54.0
874700,53.0
874700,58.0
874800,53.0
874800,56.0
874900,56.0
874900,55.0
874900,58.0
875100,55.0
875100,54.0
875100,52.0
875200,61.0
875200,54.0
875300,54.0
875300,56.0
875400,55.0
875400,53.0
875500,54.0
875500,56.0
875600,56.0
875600,52.0
875700,52.0
875800,52.0
875800,55.0
875800,52.0
875900,57.0
875900,58.0
875900,55.0
875900,54.0
876000,53.0
876000,54.0
876000,57.0
876000,58.0
876000,54.0
876100,54.0
876100,56.0
876200,56.0
876200,55.0
876200,52.0
876200,52.0
876300,56.0
876300,54.0
876300,52.0
876400,52.0
876400,55.0
876500,52.0
876500,55.0
876500,53.0
876700,56.0
876700,57.0
876800,59.0
876900,55.0
876900,53.0
876900,55.0
876900,55.0
877000,56.0
877000,58.0
877000,58.0
877100,60.0
877100,60.0
877200,59.0
877600,58.0
877700,59.0
877700,58.0
877800,59.0
877900,61.0
878000,60.0
878000,60.0
878100,58.0
878200,57.0
878200,57.0
878300,58.0
878400,58.0
878400,58.0
878500,58.0
878600,59.0
878700,59.0
878800,54.0
878900,57.0
878900,55.0
879000,60.0
879100,57.0
879200,58.0
879200,61.0
879400,58.0
879500,59.0
880000,59.0
880300,60.0
880400,58.0
880500,56.0
880500,61.0
880500,61.0
880500,56.0
880700,56.0
880700,63.0
880700,59.0
880800,62.0
880800,60.0
880800,60.0
880900,60.0
880900,62.0
880900,58.0
880900,59.0
880900,61.0
880900,63.0
881000,60.0
881100,63.0
881100,60.0
881200,56.0
881300,59.0
881300,56.0
881400,59.0
881400,61.0
881500,58.0
881500,62.0
881500,62.0
881500,60.0
881500,61.0
881500,59.0
881600,55.0
881600,56.0
881700,59.0
881700,59.0
881700,57.0
881800,58.0
881800,56.0
881800,57.0
881900,55.0
881900,55.0
881900,57.0
881900,54.0
882000,57.0
882000,58.0
882000,61.0
882000,59.0
882000,59.0
882100,57.0
882100,56.0
882100,59.0
882100,54.0
882100,59.0
882200,57.0
882300,60.0
882300,59.0
882300,57.0
882400,57.0
882400,54.0
882500,58.0
882500,54.0
882600,57.0
882600,55.0
882600,57.0
882600,54.0
882700,61.0
882700,54.0
882700,56.0
882800,55.0
882900,58.0
883000,58.0
883100,57.0
883200,60.0
883400,56.0
883500,56.0
883600,56.0
883600,57.0
883700,56.0
883800,56.0
883800,56.0
884000,54.0
884100,56.0
884200,58.0
884300,60.0
884300,56.0
884300,53.0
884400,56.0
884400,60.0
884400,53.0
884400,58.0
884500,53.0
884600,53.0
884600,55.0
884800,59.0
884900,55.0
885200,55.0
885200,56.0
885200,58.0
885400,52.0
885900,52.0
885900,54.0
886000,53.0
886100,55.0
886100,54.0
886100,51.0
886200,55.0
886200,52.0
886300,52.0
886300,54.0
886300,52.0
886400,55.0
886400,53.0
886400,55.0
886400,51.0
886500,53.0
886600,55.0
886600,52.0
886600,55.0
886700,57.0
886700,54.0
886800,57.0
886900,52.0
886900,52.0
887000,53.0
887000,55.0
887000,52.0
887100,55.0
887100,53.0
887200,55.0
887200,55.0
887200,56.0
887300,54.0
887300,56.0
887400,51.0
887400,59.0
887400,54.0
887400,55.0
887500,52.0
887500,53.0
887500,55.0
887500,56.0
887500,52.0
887500,54.0
887600,55.0
887600,55.0
887600,56.0
887700,55.0
887700,56.0
887700,55.0
887800,53.0
887800,52.0
887800,55.0
887900,56.0
887900,54.0
887900,57.0
888000,52.0
888100,57.0
888100,59.0
888100,56.0
888200,54.0
888200,56.0
888200,55.0
888200,54.0
888200,55.0
888300,54.0
888300,55.0
888400,55.0
888400,55.0
888600,54.0
888600,55.0
888700,54.0
888700,57.0
888800,54.0
889200,52.0
889200,54.0
889200,55.0
889300,57.0
889400,56.0
889400,55.0
889400,54.0
889700,55.0
889800,53.0
889800,55.0
889800,54.0
889900,54.0
890000,53.0
890000,54.0
890000,54.0
890100,56.0
890100,55.0
890200,56.0
890200,54.0
890500,57.0
890700,57.0
890800,57.0
890900,55.0
890900,55.0
891100,57.0
891300,57.0
891500,54.0
891800,57.0
891800,55.0
891800,54.0
891900,56.0
891900,57.0
892100,56.0
892100,56.0
892200,58.0
892200,55.0
892300,58.0
892300,57.0
892300,60.0
892400,55.0
892400,56.0
892500,59.0
892500,57.0
892500,59.0
892700,61.0
892700,57.0
892800,60.0
892800,55.0
892800,56.0
892900,58.0
892900,57.0
892900,58.0
892900,57.0
893000,57.0
893100,62.0
893100,57.0
893200,55.0
893200,57.0
893200,56.0
893300,57.0
893300,57.0
893400,60.0
893400,56.0
893400,55.0
893400,57.0
893500,58.0
893500,60.0
893500,59.0
893500,58.0
893500,58.0
893500,61.0
893600,57.0
893600,56.0
893600,58.0
893600,58.0
893700,57.0
893700,57.0
893700,58.0
893800,61.0
893800,57.0
893900,58.0
893900,55.0
893900,56.0
893900,55.0
894000,57.0
894100,57.0
894100,59.0
894100,56.0
894100,55.0
894200,57.0
894300,62.0
894300,59.0
894400,60.0
894400,61.0
894500,59.0
894600,57.0
894700,58.0
894800,60.0
894800,60.0
894900,55.0
895100,61.0
895200,56.0
895300,59.0
895300,59.0
895400,58.0
895600,60.0
895700,58.0
895700,62.0
895800,56.0
895800,58.0
895800,58.0
895800,58.0
895900,57.0
896000,57.0
896000,56.0
896000,58.0
896000,57.0
896100,60.0
896200,58.0
896500,58.0
896800,57.0
896900,58.0
897000,57.0
897000,61.0
897000,60.0
897200,55.0
897300,53.0
897400,59.0
897400,54.0
897600,56.0
897800,54.0
897800,57.0
898000,55.0
898000,57.0
898000,57.0
898000,55.0
898100,60.0
898100,55.0
898100,55.0
898200,55.0
898200,55.0
898300,58.0
898400,60.0
898600,55.0
898600,56.0
898600,57.0
898600,57.0
898700,60.0
898800,57.0
898800,57.0
898800,58.0
898900,55.0
898900,57.0
898900,59.0
898900,58.0
899000,55.0
899000,56.0
899000,52.0
899000,54.0
899100,57.0
899100,54.0
899200,55.0
899200,59.0
899200,54.0
899300,56.0
899300,58.0
899300,57.0
899400,55.0
899400,58.0
899500,56.0
899500,62.0
899500,58.0
899500,59.0
899500,56.0
899600,55.0
899600,56.0
899600,56.0
899600,58.0
899600,59.0
899600,58.0
899700,56.0
899700,56.0
899800,55.0
899800,56.0
899800,61.0
899800,57.0
900000,57.0
900100,58.0
900200,59.0
900200,56.0
900300,56.0
900300,57.0
900300,59.0
900300,58.0
900500,60.0
900600,55.0
900700,59.0
900700,57.0
900700,58.0
900800,55.0
900800,58.0
900900,54.0
901000,55.0
901100,55.0
901100,57.0
901400,56.0
901500,55.0
901500,56.0
901700,55.0
901800,56.0
901800,59.0
901900,56.0
901900,59.0
901900,58.0
902000,58.0
902000,58.0
902100,61.0
902100,61.0
902200,58.0
902500,58.0
902800,58.0
902900,55.0
902900,57.0
903000,54.0
903000,58.0
903100,59.0
903100,60.0
903300,57.0
903500,60.0
903700,59.0
903700,57.0
903800,53.0
903800,55.0
903800,55.0
903900,56.0
903900,55.0
903900,59.0
903900,57.0
904000,58.0
904100,59.0
904200,56.0
904300,61.0
904300,55.0
904300,54.0
904400,56.0
904400,60.0
904400,54.0
904600,56.0
904600,55.0
904600,55.0
904600,58.0
904600,56.0
904700,59.0
904800,56.0
904800,56.0
904800,57.0
904900,56.0
904900,56.0
904900,55.0
904900,54.0
904900,55.0
904900,57.0
905000,58.0
905100,56.0
905200,55.0
905200,61.0
905300,56.0
905400,58.0
905400,56.0
905400,60.0
905400,56.0
905400,56.0
905500,58.0
905600,59.0
905600,58.0
905600,57.0
905600,56.0
905600,56.0
905600,61.0
905600,58.0
905600,60.0
905700,58.0
905700,59.0
905700,60.0
905800,56.0
905900,59.0
905900,56.0
905900,54.0
905900,59.0
906000,56.0
906200,57.0
906200,58.0
906300,58.0
906300,56.0
906400,59.0
906500,55.0
906500,53.0
906600,55.0
906600,57.0
906600,53.0
906700,58.0
906800,59.0
906900,56.0
907000,53.0
907000,62.0
907000,60.0
907000,53.0
907100,50.0
907300,51.0
907300,52.0
907300,57.0
907400,55.0
907500,54.0
907500,55.0
907600,56.0
907600,53.0
907600,53.0
907600,54.0
907900,55.0
908100,54.0
908400,53.0
908500,52.0
908600,55.0
908700,55.0
908700,54.0
908700,55.0
908800,58.0
908800,53.0
908900,52.0
909100,52.0
909400,54.0
909400,53.0
909400,53.0
909500,54.0
909500,56.0
909500,54.0
909600,53.0
909600,54.0
909600,51.0
909600,56.0
909700,57.0
909800,52.0
909800,54.0
909800,53.0
909900,51.0
910000,52.0
910000,52.0
910100,55.0
910100,55.0
910100,56.0
910100,51.0
910200,52.0
910200,53.0
910200,54.0
910300,52.0
910300,52.0
910400,56.0
910400,53.0
910400,54.0
910500,54.0
910500,54.0
910600,52.0
910600,55.0
910600,52.0
910700,54.0
910700,51.0
910800,53.0
910800,52.0
910900,53.0
910900,51.0
910900,57.0
910900,53.0
910900,51.0
911000,52.0
911100,54.0
911200,54.0
911200,54.0
911200,53.0
911200,53.0
911200,56.0
911200,54.0
911200,53.0
911300,55.0
911300,55.0
911500,54.0
911500,53.0
911600,56.0
911600,55.0
911700,56.0
911800,54.0
911800,53.0
911800,57.0
911900,55.0
912000,52.0
912100,54.0
912100,53.0
912100,54.0
912300,52.0
912300,58.0
912300,54.0
912400,58.0
912500,55.0
912600,54.0
912600,58.0
912700,55.0
912900,57.0
912900,57.0
913000,55.0
913000,55.0
913200,54.0
913200,54.0
913200,59.0
913300,58.0
913400,57.0
913400,56.0
913400,58.0
913400,57.0
913600,58.0
913600,55.0
913800,55.0
914100,55.0
914300,55.0
914400,57.0
914500,56.0
914600,57.0
914600,53.0
914600,56.0
914600,56.0
914900,58.0
915000,54.0
915000,61.0
915100,53.0
915100,55.0
915200,56.0
915300,55.0
915300,56.0
915300,56.0
915400,56.0
915400,56.0
915500,55.0
915500,58.0
915600,54.0
915600,56.0
915600,55.0
915700,58.0
915700,54.0
915700,55.0
915700,57.0
915800,55.0
915800,54.0
915900,56.0
915900,55.0
916000,55.0
916100,58.0
916100,54.0
916100,55.0
916100,57.0
916200,57.0
916200,56.0
916300,55.0
916300,54.0
916300,55.0
916300,57.0
916400,53.0
916400,53.0
916400,54.0
916500,56.0
916500,54.0
916600,55.0
916600,59.0
916600,58.0
916600,54.0
916700,57.0
916700,54.0
916700,56.0
916800,53.0
916800,54.0
916800,54.0
916800,54.0
916800,54.0
916900,52.0
916900,55.0
916900,55.0
917000,55.0
917000,56.0
917000,52.0
917100,53.0
917100,52.0
917100,54.0
917200,50.0
917300,53.0
917300,52.0
917400,51.0
917400,54.0
917500,55.0
917600,53.0
917700,52.0
917800,53.0
917800,52.0
917800,55.0
917900,52.0
918000,55.0
918100,53.0
918200,54.0
918200,53.0
918400,52.0
918500,53.0
918600,52.0
918600,51.0
918600,55.0
918700,56.0
918800,54.0
918800,52.0
918900,55.0
919000,54.0
919000,54.0
919100,53.0
919200,56.0
919300,55.0
919400,54.0
919700,54.0
919800,50.0
919900,54.0
919900,51.0
920000,54.0
920000,52.0
920200,54.0
920200,50.0
920200,55.0
920400,52.0
920500,52.0
920500,54.0
920600,53.0
920700,52.0
920700,50.0
920700,53.0
920800,53.0
920800,53.0
920900,53.0
920900,53.0
920900,50.0
920900,51.0
921000,52.0
921000,53.0
921100,50.0
921100,53.0
921200,51.0
921300,53.0
921300,54.0
921300,54.0
921400,55.0
921400,52.0
921500,51.0
921500,55.0
921500,52.0
921600,49.0
921600,51.0
921600,53.0
921700,54.0
921700,51.0
921700,52.0
921700,53.0
921700,54.0
921700,51.0
921900,52.0
921900,54.0
922000,52.0
922000,54.0
922000,55.0
922000,51.0
922000,52.0
922100,52.0
922100,51.0
922200,50.0
922200,54.0
922200,52.0
922200,50.0
922300,52.0
922300,53.0
922300,52.0
922300,55.0
922300,52.0
922400,52.0
922400,55.0
922400,51.0
922400,54.0
922500,52.0
922600,56.0
922600,52.0
922700,50.0
922700,54.0
922700,52.0
922900,53.0
923000,50.0
923000,55.0
923000,52.0
923100,52.0
923200,56.0
923300,52.0
923300,53.0
923300,53.0
923300,51.0
923500,52.0
923600,52.0
923700,53.0
923900,50.0
923900,51.0
923900,51.0
923900,53.0
924100,51.0
924100,53.0
924100,54.0
924200,52.0
924200,51.0
924200,50.0
924500,52.0
924600,54.0
924600,51.0
924700,53.0
924800,52.0
925100,52.0
925200,52.0
925200,51.0
925300,51.0
925300,52.0
925400,52.0
925500,51.0
925700,53.0
925800,51.0
925900,53.0
925900,52.0
925900,55.0
925900,50.0
926100,52.0
926100,52.0
926200,54.0
926200,51.0
926200,52.0
926300,52.0
926300,52.0
926400,51.0
926400,53.0
926500,53.0
926500,53.0
926600,52.0
926600,56.0
926700,52.0
926700,52.0
926800,53.0
926900,51.0
926900,53.0
926900,50.0
926900,53.0
927000,52.0
927100,49.0
927100,52.0
927100,54.0
927200,59.0
927200,55.0
927200,53.0
927200,53.0
927200,55.0
927300,51.0
927300,51.0
927300,52.0
927300,51.0
927400,56.0
927400,51.0
927400,55.0
927400,55.0
927500,53.0
927500,52.0
927500,51.0
927600,52.0
927600,51.0
927700,52.0
927700,52.0
927700,56.0
927700,53.0
927700,51.0
927700,51.0
927800,50.0
927800,53.0
927800,52.0
927800,54.0
927800,52.0
927800,53.0
927900,52.0
928000,52.0
928000,51.0
928000,51.0
928100,52.0
928100,50.0
928400,50.0
928400,49.0
928500,53.0
928500,53.0
928500,52.0
928500,50.0
928600,51.0
928700,50.0
928800,53.0
928800,56.0
929000,51.0
929100,50.0
929100,50.0
929200,51.0
929200,51.0
929200,54.0
929500,52.0
929500,51.0
929600,52.0
929600,53.0
929600,53.0
929800,54.0
929900,52.0
929900,51.0
930000,51.0
930200,54.0
930200,52.0
930200,48.0
930400,49.0
930500,52.0
930600,52.0
930600,51.0
930900,50.0
930900,53.0
930900,52.0
931000,49.0
931000,50.0
931100,50.0
931200,49.0
931300,50.0
931400,53.0
931400,49.0
931500,51.0
931500,54.0
931500,51.0
931500,50.0
931600,50.0
931600,52.0
931600,49.0
931700,50.0
931800,50.0
931800,52.0
931900,50.0
931900,48.0
932000,50.0
932000,49.0
932000,51.0
932100,49.0
932200,51.0
932200,48.0
932200,54.0
932200,49.0
932300,50.0
932300,49.0
932300,52.0
932300,50.0
932500,50.0
932500,51.0
932500,50.0
932500,51.0
932500,50.0
932600,50.0
932600,51.0
932700,51.0
932700,50.0
932700,53.0
932700,49.0
932800,50.0
932800,52.0
932900,53.0
933000,51.0
933000,53.0
933000,51.0
933000,53.0
933000,50.0
933000,50.0
933000,51.0
933100,51.0
933100,52.0
933100,49.0
933100,49.0
933200,52.0
933200,53.0
933200,53.0
933200,52.0
933200,49.0
933200,52.0
933300,51.0
933300,52.0
933500,52.0
933800,51.0
933800,52.0
933900,52.0
933900,50.0
933900,53.0
933900,51.0
933900,49.0
933900,52.0
934100,54.0
934100,51.0
934300,50.0
934400,51.0
934500,51.0
934600,54.0
934700,53.0
934700,53.0
934700,49.0
934900,51.0
934900,51.0
935000,53.0
935200,51.0
935200,55.0
935200,52.0
935500,53.0
935600,52.0
935700,53.0
935700,56.0
935800,54.0
935900,53.0
936100,53.0
936100,53.0
936200,55.0
936500,51.0
936500,52.0
936500,54.0
936500,53.0
936600,55.0
936700,56.0
936700,55.0
936900,52.0
936900,53.0
936900,53.0
937000,52.0
937000,53.0
937000,53.0
937000,55.0
937200,55.0
937200,54.0
937300,55.0
937300,53.0
937500,54.0
937500,56.0
937600,55.0
937700,53.0
937700,55.0
937700,54.0
937700,52.0
937700,57.0
937700,55.0
937800,53.0
937900,55.0
937900,55.0
937900,57.0
938000,53.0
938000,55.0
938100,56.0
938100,53.0
938100,57.0
938200,55.0
938200,53.0
938300,56.0
938300,55.0
938300,54.0
938300,54.0
938300,56.0
938300,56.0
938300,52.0
938400,54.0
938400,54.0
938400,52.0
938500,52.0
938600,57.0
938600,54.0
938600,54.0
938700,55.0
938700,55.0
938700,53.0
938700,54.0
938800,56.0
938800,54.0
938800,54.0
938900,54.0
938900,56.0
938900,54.0
938900,57.0
938900,55.0
939000,56.0
939100,57.0
939100,54.0
939300,52.0
939300,60.0
939400,54.0
939500,55.0
939500,54.0
939600,55.0
939600,55.0
939700,56.0
939700,56.0
939800,55.0
939900,54.0
939900,56.0
940100,55.0
940100,54.0
940200,51.0
940300,52.0
940300,54.0
940400,55.0
940400,56.0
940600,57.0
940800,56.0
940900,55.0
940900,55.0
941000,56.0
941100,52.0
941200,55.0
941400,55.0
941400,56.0
941400,53.0
941600,56.0
941700,54.0
941800,55.0
941800,54.0
941800,51.0
941900,52.0
941900,52.0
942100,54.0
942200,54.0
942200,50.0
942200,51.0
942200,53.0
942200,51.0
942300,54.0
942400,53.0
942400,52.0
942500,51.0
942500,53.0
942500,53.0
942600,52.0
942600,49.0
942600,49.0
942700,52.0
942900,54.0
942900,50.0
943000,52.0
943000,48.0
943100,50.0
943200,53.0
943200,51.0
943200,53.0
943200,53.0
943300,51.0
943300,54.0
943400,55.0
943400,53.0
943400,51.0
943400,51.0
943400,54.0
943400,51.0
943500,51.0
943600,52.0
943600,50.0
943700,51.0
943700,52.0
943700,52.0
943800,53.0
943800,53.0
943900,54.0
943900,52.0
943900,54.0
943900,50.0
943900,51.0
944000,55.0
944100,53.0
944100,52.0
944100,52.0
944100,55.0
944100,50.0
944200,51.0
944300,52.0
944300,50.0
944300,55.0
944300,53.0
944300,52.0
944400,54.0
944400,55.0
944500,55.0
944500,50.0
944600,54.0
944600,55.0
944700,52.0
944700,51.0
944700,54.0
944900,51.0
945000,51.0
945000,52.0
945200,51.0
945200,53.0
945200,55.0
945200,55.0
945400,54.0
945400,51.0
945500,51.0
945600,55.0
945600,51.0
945600,53.0
945800,50.0
945800,52.0
945900,54.0
946200,56.0
946300,52.0
946300,51.0
946500,55.0
946500,52.0
946800,52.0
946800,57.0
946900,53.0
947000,54.0
947100,57.0
947200,52.0
947300,53.0
947400,51.0
947400,50.0
947400,56.0
947400,54.0
947500,51.0
947600,57.0
947600,55.0
947700,53.0
947700,53.0
947800,53.0
947800,52.0
947800,57.0
947800,51.0
947900,55.0
948000,52.0
948200,54.0
948300,56.0
948300,51.0
948300,56.0
948300,55.0
948400,55.0
948400,53.0
948400,51.0
948500,59.0
948600,52.0
948600,54.0
948700,52.0
948700,51.0
948700,53.0
948700,56.0
948800,54.0
948800,52.0
948900,53.0
948900,53.0
949000,56.0
949000,53.0
949100,55.0
949100,53.0
949200,57.0
949200,52.0
949200,56.0
949200,54.0
949300,53.0
949300,52.0
949300,54.0
949300,52.0
949300,54.0
949500,52.0
949600,55.0
949600,53.0
949600,57.0
949600,53.0
949700,56.0
949700,53.0
949800,53.0
949800,56.0
949800,53.0
949800,53.0
949800,55.0
949800,57.0
949900,56.0
949900,54.0
949900,54.0
949900,53.0
950000,54.0
950100,52.0
950100,54.0
950200,54.0
950200,55.0
950200,54.0
950300,52.0
950300,54.0
950400,55.0
950600,54.0
950600,52.0
950600,50.0
950700,55.0
950700,53.0
950800,54.0
950900,53.0
950900,51.0
950900,52.0
950900,55.0
951100,53.0
951200,54.0
951300,53.0
951400,54.0
951600,52.0
951600,55.0
951600,51.0
951700,52.0
951900,52.0
951900,52.0
952200,50.0
952200,52.0
952200,52.0
952300,52.0
952400,51.0
952600,52.0
952700,51.0
952700,51.0
952800,53.0
952900,52.0
952900,53.0
953000,51.0
953000,52.0
953000,51.0
953000,50.0
953100,55.0
953100,53.0
953200,52.0
953300,51.0
953300,52.0
953300,53.0
953300,53.0
953600,52.0
953600,51.0
953600,50.0
953600,51.0
953700,51.0
953800,53.0
953800,53.0
953800,51.0
953900,51.0
954000,50.0
954100,50.0
954100,55.0
954100,52.0
954200,50.0
954200,53.0
954200,54.0
954300,52.0
954300,53.0
954300,51.0
954300,54.0
954400,50.0
954500,50.0
954500,51.0
954500,50.0
954500,52.0
954500,51.0
954500,56.0
954600,48.0
954600,51.0
954600,52.0
954700,54.0
954700,52.0
954800,49.0
954800,49.0
954800,50.0
954800,53.0
954900,49.0
954900,51.0
954900,52.0
955000,52.0
955000,49.0
955000,49.0
955000,50.0
955000,50.0
955100,49.0
955100,50.0
955100,51.0
955100,51.0
955200,52.0
955300,50.0
955300,50.0
955300,49.0
955400,50.0
955400,50.0
955500,54.0
955500,50.0
955600,51.0
955700,51.0
955700,49.0
955800,49.0
955900,48.0
955900,50.0
955900,49.0
955900,48.0
955900,51.0
956000,52.0
956100,50.0
956200,51.0
956300,50.0
956500,51.0
956600,51.0
956600,48.0
956600,50.0
956800,50.0
956900,51.0
957000,51.0
957100,50.0
957100,50.0
957300,49.0
957300,49.0
957400,50.0
957500,50.0
957600,50.0
957700,49.0
957800,47.0
957900,47.0
958000,50.0
958000,48.0
958000,51.0
958100,49.0
958100,48.0
958100,50.0
958100,47.0
958300,51.0
958300,54.0
958300,50.0
958300,48.0
958500,50.0
958600,51.0
958600,51.0
958600,48.0
958600,48.0
958700,48.0
958700,49.0
958800,48.0
958800,50.0
958900,49.0
959100,51.0
959100,48.0
959200,50.0
959200,49.0
959200,47.0
959300,50.0
959400,50.0
959400,49.0
959400,53.0
959400,50.0
959400,49.0
959500,48.0
959500,48.0
959500,51.0
959500,47.0
959600,49.0
959600,49.0
959700,52.0
959800,49.0
959800,50.0
959800,52.0
959800,49.0
959800,51.0
959900,51.0
959900,52.0
959900,48.0
960000,49.0
960100,51.0
960100,49.0
960100,51.0
960100,51.0
960200,49.0
960200,47.0
960200,50.0
960200,49.0
960200,50.0
960200,51.0
960200,50.0
960200,52.0
960300,50.0
960300,49.0
960400,51.0
960400,47.0
960400,52.0
960500,50.0
960500,48.0
960500,49.0
960500,49.0
960600,48.0
960700,48.0
960700,48.0
960700,47.0
960700,52.0
960900,48.0
960900,48.0
961000,49.0
961000,48.0
961100,50.0
961200,51.0
961200,49.0
961400,50.0
961500,50.0
961700,49.0
961700,50.0
961700,49.0
961900,48.0
962000,50.0
962000,48.0
962000,52.0
962200,49.0
962300,50.0
962300,48.0
962400,49.0
962500,48.0
962600,50.0
962600,48.0
962800,49.0
963000,49.0
963200,52.0
963200,50.0
963300,50.0
963300,50.0
963400,49.0
963400,49.0
963400,51.0
963400,52.0
963500,50.0
963600,54.0
963600,48.0
963600,48.0
963600,51.0
963700,49.0
963800,55.0
963900,50.0
963900,51.0
963900,52.0
964000,50.0
964000,51.0
964100,51.0
964100,50.0
964200,49.0
964200,49.0
964400,50.0
964500,51.0
964500,50.0
964500,48.0
964600,52.0
964600,50.0
964600,50.0
964700,51.0
964700,51.0
964700,50.0
964700,50.0
964700,50.0
964800,52.0
964800,50.0
964900,51.0
964900,49.0
964900,50.0
965000,49.0
965100,51.0
965100,48.0
965100,51.0
965100,51.0
965200,49.0
965200,51.0
965300,49.0
965300,50.0
965300,49.0
965300,53.0
965400,53.0
965400,49.0
965400,52.0
965400,50.0
965500,51.0
965500,50.0
965500,51.0
965500,51.0
965600,53.0
965600,52.0
965700,53.0
965700,51.0
965700,50.0
965700,50.0
965800,51.0
965800,50.0
965800,52.0
965900,50.0
965900,52.0
966000,51.0
966000,54.0
966100,52.0
966200,50.0
966200,50.0
966200,51.0
966300,54.0
966400,51.0
966400,53.0
966500,51.0
966700,51.0
966700,53.0
966900,52.0
967000,51.0
967100,52.0
967200,53.0
967300,51.0
967300,52.0
967400,52.0
967400,52.0
967400,50.0
967600,51.0
967700,52.0
967800,52.0
968000,53.0
968100,51.0
968100,53.0
968100,53.0
968400,50.0
968600,51.0
968700,55.0
968700,53.0
968800,52.0
968800,52.0
968800,53.0
968800,50.0
968900,53.0
968900,51.0
968900,53.0
969000,52.0
969000,53.0
969100,53.0
969200,51.0
969200,53.0
969300,53.0
969300,52.0
969300,49.0
969300,51.0
969400,53.0
969500,53.0
969500,51.0
969700,54.0
969700,50.0
969700,51.0
969700,50.0
969700,50.0
969700,54.0
969900,49.0
970000,52.0
970000,51.0
970000,51.0
970100,53.0
970100,51.0
970100,52.0
970100,52.0
970100,53.0
970200,53.0
970200,51.0
970300,51.0
970300,50.0
970400,49.0
970400,53.0
970500,54.0
970500,51.0
970500,51.0
970600,50.0
970700,51.0
970700,52.0
970700,54.0
970700,52.0
970700,54.0
970800,51.0
970800,52.0
970900,56.0
970900,52.0
970900,52.0
970900,51.0
970900,50.0
971000,53.0
971000,50.0
971100,52.0
971100,53.0
971100,55.0
971200,57.0
971200,53.0
971200,50.0
971300,53.0
971400,55.0
971400,51.0
971400,53.0
971500,55.0
971600,55.0
971600,52.0
971600,52.0
971700,52.0
971700,53.0
971700,55.0
971700,51.0
972100,54.0
972100,55.0
972200,53.0
972300,54.0
972300,52.0
972400,52.0
972400,51.0
972500,50.0
972600,51.0
972800,52.0
972800,54.0
972900,53.0
973000,54.0
973200,54.0
973300,53.0
973500,52.0
973500,56.0
973600,53.0
973600,54.0
973700,54.0
973700,51.0
974000,52.0
974100,52.0
974200,53.0
974200,51.0
974200,51.0
974300,53.0
974300,51.0
974300,52.0
974300,53.0
974400,54.0
974500,52.0
974500,51.0
974500,50.0
974600,54.0
974700,53.0
974700,57.0
974800,53.0
974800,53.0
974900,53.0
974900,54.0
975000,51.0
975000,51.0
975000,53.0
975000,53.0
975000,51.0
975000,51.0
975100,49.0
975200,51.0
975300,54.0
975300,54.0
975400,51.0
975500,52.0
975500,52.0
975500,52.0
975500,52.0
975500,53.0
975600,52.0
975600,51.0
975700,53.0
975700,55.0
975700,52.0
975800,52.0
975800,52.0
976000,53.0
976000,53.0
976100,51.0
976100,53.0
976200,53.0
976200,53.0
976200,50.0
976200,53.0
976200,53.0
976300,52.0
976300,52.0
976300,56.0
976300,52.0
976300,52.0
976300,54.0
976400,51.0
976400,52.0
976500,55.0
976500,51.0
976500,54.0
976500,52.0
976700,53.0
976700,53.0
976700,51.0
976700,51.0
976800,49.0
976800,51.0
976800,55.0
976800,53.0
976900,53.0
976900,50.0
977000,52.0
977100,52.0
977200,54.0
977200,53.0
977200,54.0
977300,50.0
977300,50.0
977400,50.0
977400,49.0
977500,50.0
977700,51.0
977700,49.0
977900,52.0
978000,50.0
978000,54.0
978300,52.0
978300,53.0
978400,52.0
978400,50.0
978600,49.0
978700,50.0
978800,53.0
978800,49.0
978900,51.0
978900,51.0
979000,51.0
979300,51.0
979400,51.0
979500,50.0
979500,48.0
979500,51.0
979500,51.0
979500,50.0
979600,51.0
979600,51.0
979700,51.0
979700,53.0
979800,51.0
979900,52.0
979900,51.0
980100,49.0
980100,50.0
980200,50.0
980200,52.0
980200,53.0
980200,49.0
980300,53.0
980300,51.0
980300,51.0
980300,51.0
980400,52.0
980400,50.0
980400,55.0
980500,50.0
980500,50.0
980500,54.0
980600,50.0
980600,49.0
980700,50.0
980800,51.0
980800,50.0
980800,50.0
980800,51.0
981000,48.0
981000,51.0
981000,51.0
981000,47.0
981000,51.0
981100,54.0
981200,50.0
981200,52.0
981200,52.0
981200,48.0
981400,50.0
981400,50.0
981400,48.0
981400,51.0
981500,50.0
981500,51.0
981500,50.0
981500,51.0
981500,50.0
981600,51.0
981600,49.0
981600,49.0
981600,51.0
981600,49.0
981600,51.0
981600,50.0
981700,50.0
981900,49.0
981900,50.0
981900,50.0
982000,50.0
982100,48.0
982100,49.0
982100,52.0
982100,52.0
982100,51.0
982100,51.0
982100,50.0
982200,48.0
982300,48.0
982300,49.0
982400,53.0
982400,49.0
982500,49.0
982600,49.0
982700,51.0
982700,53.0
982800,49.0
983200,53.0
983200,51.0
983200,50.0
983400,52.0
983400,48.0
983400,49.0
983500,50.0
983500,49.0
983800,48.0
983900,51.0
984000,51.0
984000,50.0
984000,49.0
984200,51.0
984300,51.0
984500,48.0
984500,50.0
984600,49.0
984600,49.0
984600,49.0
984700,51.0
984800,49.0
984800,51.0
984800,49.0
985000,52.0
985100,48.0
985100,50.0
985100,53.0
985200,47.0
985300,52.0
985300,50.0
985400,49.0
985400,50.0
985400,50.0
985500,55.0
985500,51.0
985600,49.0
985600,52.0
985600,50.0
985600,48.0
985600,51.0
985700,50.0
985700,50.0
985700,51.0
985700,51.0
985900,54.0
985900,50.0
985900,49.0
985900,49.0
986000,50.0
986100,49.0
986200,52.0
986200,50.0
986300,51.0
986300,55.0
986300,49.0
986400,52.0
986400,52.0
986400,51.0
986400,50.0
986400,48.0
986500,48.0
986500,51.0
986600,52.0
986700,50.0
986700,51.0
986700,51.0
986800,50.0
986800,51.0
986800,50.0
986800,50.0
986800,52.0
986800,51.0
986800,50.0
986900,50.0
986900,51.0
987000,53.0
987100,50.0
987200,51.0
987200,54.0
987300,52.0
987300,50.0
987300,55.0
987300,51.0
987400,51.0
987400,51.0
987400,51.0
987400,51.0
987500,52.0
987500,51.0
987500,52.0
987600,51.0
987600,50.0
987800,50.0
987800,53.0
987900,52.0
987900,50.0
988000,50.0
988100,55.0
988200,53.0
988400,50.0
988500,51.0
988600,50.0
988700,50.0
988700,53.0
988700,51.0
988900,53.0
988900,52.0
989100,49.0
989200,51.0
989400,52.0
989400,54.0
989500,53.0
989700,52.0
989700,50.0
989700,53.0
989800,51.0
989900,51.0
989900,51.0
990000,52.0
990100,52.0
990300,53.0
990300,53.0
990300,53.0
990400,52.0
990400,51.0
990500,52.0
990600,53.0
990700,51.0
990700,52.0
990800,51.0
990800,53.0
990800,52.0
990800,52.0
990900,55.0
990900,51.0
990900,51.0
991000,51.0
991000,51.0
991000,53.0
991100,53.0
991200,51.0
991200,53.0
991200,54.0
991200,54.0
991300,54.0
991300,52.0
991300,50.0
991400,53.0
991400,49.0
991500,51.0
991600,51.0
991600,50.0
991600,54.0
991600,52.0
991700,51.0
991700,56.0
991700,51.0
991800,52.0
991800,53.0
991800,52.0
991900,49.0
991900,52.0
991900,50.0
991900,50.0
991900,48.0
992000,50.0
992000,50.0
992100,51.0
992100,54.0
992100,51.0
992100,53.0
992200,51.0
992200,52.0
992300,53.0
992300,54.0
992300,48.0
992400,50.0
992400,50.0
992500,53.0
992500,50.0
992500,49.0
992500,50.0
992500,52.0
992600,50.0
992600,50.0
992700,50.0
992700,49.0
992800,51.0
992900,49.0
992900,53.0
992900,54.0
993000,53.0
993000,50.0
993000,52.0
993100,50.0
993100,49.0
993100,50.0
993400,51.0
993400,50.0
993500,49.0
993800,49.0
993900,51.0
993900,50.0
994100,48.0
994100,47.0
994100,54.0
994100,50.0
994200,53.0
994400,53.0
994600,50.0
994700,50.0
994800,49.0
994800,52.0
995000,51.0
995100,52.0
995200,52.0
995200,51.0
995200,49.0
995300,52.0
995300,51.0
995500,49.0
995600,51.0
995600,51.0
995700,49.0
995800,53.0
995800,52.0
995900,49.0
995900,47.0
995900,50.0
996000,50.0
996000,50.0
996000,53.0
996000,51.0
996100,51.0
996100,50.0
996100,50.0
996200,49.0
996200,51.0
996300,51.0
996300,51.0
996400,50.0
996500,49.0
996500,51.0
996600,51.0
996600,52.0
996600,50.0
996600,51.0
996600,51.0
996700,53.0
996800,50.0
996900,52.0
996900,51.0
997100,50.0
997100,53.0
997100,53.0
997100,50.0
997200,52.0
997200,51.0
997300,52.0
997300,52.0
997300,53.0
997400,52.0
997400,51.0
997400,55.0
997400,55.0
997500,55.0
997500,52.0
997500,52.0
997500,52.0
997500,56.0
997600,52.0
997600,54.0
997600,51.0
997700,51.0
997700,52.0
997800,51.0
997800,54.0
997800,52.0
997900,51.0
997900,54.0
997900,52.0
998000,52.0
998100,52.0
998200,52.0
998200,55.0
998200,55.0
998300,56.0
998300,50.0
998300,50.0
998300,52.0
998300,52.0
998300,54.0
998400,52.0
998500,53.0
998600,54.0
998600,55.0
998900,56.0
998900,53.0
999000,54.0
999000,50.0
999100,54.0
999200,51.0
999300,50.0
999400,51.0
999400,53.0
999500,52.0
999500,52.0
999500,51.0
999700,51.0
999900,51.0
100,1.0
200,2.0
200,2.0
200,2.0
200,2.0
200,2.0
200,2.0
200,2.0
200,2.0
200,2.0
200,2.0
200,2.0
200,2.0
200,2.0
200,2.0
200,2.0
200,2.0
200,2.0
200,2.0
200,2.0
200,2.0
200,2.0
200,2.0
200,2.0
200,2.0
200,2.0
200,2.0
200,2.0
200,2.0
200,2.0
300,3.0
300,3.0
300,3.0
300,3.0
300,3.0
300,3.0
300,3.0
300,3.0
300,3.0
300,3.0
300,3.0
300,3.0
300,3.0
300,3.0
300,3.0
400,4.0
400,4.0
400,4.0
400,4.0
400,4.0
400,4.0
400,4.0
400,4.0
400,4.0
400,4.0
400,4.0
400,4.0
400,4.0
500,5.0
500,5.0
500,5.0
500,5.0
500,5.0
500,5.0
500,5.0
500,5.0
600,2.0
600,2.0
600,2.0
600,6.0
600,2.0
600,2.0
600,6.0
600,6.0
600,2.0
600,6.0
600,6.0
600,6.0
600,6.0
700,2.0
700,3.0
700,3.0
700,3.0
700,7.0
700,7.0
700,7.0
700,7.0
700,3.0
700,7.0
700,7.0
700,3.0
700,3.0
800,2.0
800,4.0
800,8.0
800,8.0
800,3.0
800,8.0
800,3.0
800,3.0
800,8.0
800,2.0
800,8.0
800,4.0
800,8.0
800,4.0
800,8.0
900,2.0
900,4.0
900,5.0
900,9.0
900,3.0
900,9.0
900,5.0
900,5.0
900,4.0
900,4.0
900,5.0
900,9.0
900,2.0
900,4.0
1000,5.0
1000,3.0
1000,4.0
1000,10.0
1000,4.0
1000,10.0
1000,10.0
1000,2.0
1000,10.0
1000,5.0
1000,4.0
1100,4.0
1100,3.0
1100,6.0
1100,7.0
1100,7.0
1100,7.0
1100,11.0
1100,3.0
1100,3.0
1100,4.0
1200,3.0
1200,6.0
1200,8.0
1200,3.0
1200,4.0
1200,12.0
1200,3.0
1200,4.0
1200,8.0
1200,7.0
1200,2.0
1200,2.0
1200,6.0
1200,3.0
1200,2.0
1200,5.0
1200,2.0
1200,7.0
1200,2.0
1200,12.0
1200,8.0
1200,2.0
1200,6.0
1200,4.0
1300,3.0
1300,3.0
1300,5.0
1300,2.0
1300,9.0
1300,5.0
1300,3.0
1300,2.0
1300,7.0
1300,4.0
1400,2.0
1400,7.0
1400,11.0
1400,2.0
1400,2.0
1400,2.0
1400,3.0
1400,2.0
1400,3.0
1400,5.0
1400,10.0
1400,3.0
1400,14.0
1500,6.0
1500,4.0
1500,3.0
1500,5.0
1500,5.0
1500,4.0
1500,2.0
1500,6.0
1500,5.0
1600,11.0
1600,6.0
1600,7.0
1600,3.0
1600,5.0
1600,8.0
1600,3.0
1600,2.0
1600,5.0
1600,2.0
1600,12.0
1600,2.0
1600,4.0
1600,10.0
1600,3.0
1700,6.0
1700,10.0
1700,7.0
1700,9.0
1700,2.0
1700,17.0
1700,3.0
1700,4.0
1700,2.0
1700,3.0
1700,7.0
1700,2.0
1700,3.0
1700,3.0
1700,4.0
1700,4.0
1700,8.0
1700,2.0
1700,9.0
1700,4.0
1700,3.0
1700,8.0
1700,4.0
1800,6.0
1800,12.0
1800,5.0
1800,13.0
1800,4.0
1800,3.0
1800,2.0
1800,9.0
1800,4.0
1800,2.0
1900,7.0
1900,10.0
1900,5.0
1900,3.0
1900,1.0
1900,13.0
1900,2.0
1900,4.0
1900,5.0
1900,5.0
1900,8.0
2000,3.0
2000,6.0
2000,3.0
2000,2.0
2000,3.0
2000,2.0
2000,3.0
2000,6.0
2100,5.0
2100,2.0
2100,2.0
2100,3.0
2100,5.0
2100,9.0
2100,4.0
2100,5.0
2100,2.0
2100,3.0
2100,7.0
2100,2.0
2100,2.0
2100,3.0
2100,4.0
2100,3.0
2100,10.0
2100,2.0
2100,6.0
2100,2.0
2200,8.0
2200,18.0
2200,5.0
2200,6.0
2200,7.0
2200,2.0
2200,2.0
2200,3.0
2200,3.0
2200,6.0
2200,4.0
2200,10.0
2200,3.0
2200,2.0
2200,2.0
2200,4.0
2200,8.0
2300,4.0
2300,4.0
2300,4.0
2300,4.0
2300,4.0
2300,4.0
2300,2.0
2300,8.0
2300,5.0
2300,3.0
2400,5.0
2400,10.0
2400,9.0
2400,3.0
2400,3.0
2400,2.0
2400,6.0
2400,3.0
2400,24.0
2400,8.0
2400,5.0
2400,2.0
2400,2.0
2400,8.0
2400,8.0
2500,9.0
2500,3.0
2500,2.0
2500,2.0
2500,9.0
2500,11.0
2500,8.0
2500,7.0
2600,3.0
2600,2.0
2600,12.0
2600,3.0
2600,3.0
2600,3.0
2600,3.0
2600,2.0
2600,5.0
2600,4.0
2700,7.0
2700,3.0
2700,13.0
2700,4.0
2700,2.0
2700,4.0
2700,5.0
2700,9.0
2700,4.0
2700,3.0
2700,2.0
2700,3.0
2700,4.0
2700,8.0
2700,4.0
2700,27.0
2800,3.0
2800,8.0
2800,2.0
2800,17.0
2800,10.0
2800,5.0
2800,9.0
2800,3.0
2800,5.0
2800,3.0
2800,5.0
2800,17.0
2800,2.0
2800,4.0
2800,6.0
2900,4.0
2900,6.0
2900,3.0
2900,5.0
2900,21.0
2900,3.0
2900,3.0
2900,6.0
2900,8.0
2900,5.0
2900,10.0
2900,11.0
2900,3.0
2900,6.0
3000,6.0
3000,8.0
3000,4.0
3000,3.0
3000,5.0
3000,9.0
3000,2.0
3000,3.0
3000,3.0
3000,9.0
3000,6.0
3000,6.0
3000,4.0
3000,2.0
3000,3.0
3000,6.0
3100,17.0
3100,2.0
3100,5.0
3100,11.0
3100,2.0
3100,2.0
3100,8.0
3100,3.0
3100,2.0
3100,5.0
3100,2.0
3200,11.0
3200,2.0
3200,18.0
3200,4.0
3200,2.0
3200,6.0
3200,11.0
3200,2.0
3200,2.0
3200,6.0
3200,2.0
3200,8.0
3200,4.0
3200,3.0
3300,2.0
3300,2.0
3300,2.0
3300,6.0
3300,2.0
3300,8.0
3300,3.0
3300,3.0
3300,4.0
3300,2.0
3300,2.0
3300,6.0
3300,12.0
3300,4.0
3400,3.0
3400,7.0
3400,2.0
3400,9.0
3400,3.0
3400,2.0
3400,4.0
3400,4.0
3400,4.0
3400,10.0
3500,4.0
3500,4.0
3500,9.0
3500,6.0
3500,3.0
3500,3.0
3500,16.0
3500,3.0
3500,2.0
3500,3.0
3500,3.0
3500,2.0
3500,2.0
3500,5.0
3500,12.0
3600,4.0
3600,9.0
3600,6.0
3600,7.0
3600,2.0
3600,5.0
3600,8.0
3600,12.0
3600,4.0
3600,3.0
3600,3.0
3600,8.0
3600,4.0
3600,2.0
3600,10.0
3700,7.0
3700,3.0
3700,2.0
3700,8.0
3700,5.0
3700,4.0
3700,4.0
3700,7.0
3700,2.0
3700,5.0
3700,17.0
3700,13.0
3700,2.0
3700,13.0
3700,9.0
3700,3.0
3700,2.0
3700,11.0
3700,2.0
3700,5.0
3700,8.0
3800,4.0
3800,4.0
3800,4.0
3800,6.0
3800,4.0
3800,9.0
3800,2.0
3800,3.0
3800,9.0
3800,8.0
3800,3.0
3800,4.0
3800,2.0
3800,3.0
3800,4.0
3800,13.0
3900,2.0
3900,2.0
3900,2.0
3900,3.0
3900,3.0
3900,11.0
3900,5.0
3900,3.0
3900,7.0
3900,4.0
3900,2.0
3900,8.0
3900,11.0
3900,3.0
3900,2.0
3900,2.0
3900,3.0
4000,3.0
4000,3.0
4000,5.0
4000,3.0
4000,3.0
4000,7.0
4000,5.0
4000,4.0
4000,5.0
4000,2.0
4000,2.0
4000,2.0
4000,2.0
4000,2.0
4000,4.0
4100,2.0
4100,2.0
4100,5.0
4100,3.0
4100,4.0
4100,4.0
4100,4.0
4100,8.0
4100,3.0
4100,2.0
4100,2.0
4100,8.0
4100,2.0
4100,3.0
4100,2.0
4100,2.0
4200,2.0
4200,2.0
4200,8.0
4200,4.0
4200,2.0
4200,2.0
4200,2.0
4200,3.0
4200,3.0
4300,2.0
4300,3.0
4300,4.0
4300,2.0
4300,14.0
4300,4.0
4300,2.0
4300,3.0
4300,3.0
4300,4.0
4300,3.0
4300,3.0
4300,3.0
4300,3.0
4300,4.0
4400,2.0
4400,3.0
4400,4.0
4400,3.0
4400,6.0
4400,3.0
4400,10.0
4400,2.0
4400,3.0
4400,4.0
4400,5.0
4400,3.0
4400,3.0
4400,3.0
4400,7.0
4500,2.0
4500,3.0
4500,12.0
4500,5.0
4500,3.0
4500,2.0
4500,4.0
4500,7.0
4500,2.0
4500,2.0
4500,3.0
4500,7.0
4600,7.0
4600,14.0
4600,7.0
4600,15.0
4600,6.0
4600,12.0
4600,3.0
4600,7.0
4600,11.0
4600,8.0
4600,2.0
4600,1.0
4600,3.0
4700,5.0
4700,4.0
4700,3.0
4700,10.0
4700,4.0
4700,6.0
4700,18.0
4700,5.0
4700,4.0
4700,4.0
4700,2.0
4700,2.0
4700,6.0
4700,9.0
4800,4.0
4800,5.0
4800,3.0
4800,2.0
4800,3.0
4800,5.0
4800,4.0
4800,6.0
4800,7.0
4900,3.0
4900,3.0
4900,2.0
4900,10.0
4900,30.0
4900,4.0
4900,3.0
4900,4.0
4900,10.0
4900,4.0
4900,5.0
4900,4.0
4900,6.0
4900,7.0
4900,2.0
4900,2.0
4900,4.0
4900,3.0
4900,3.0
4900,7.0
4900,7.0
4900,5.0
4900,3.0
4900,2.0
5000,4.0
5000,3.0
5000,6.0
5000,8.0
5000,2.0
5000,8.0
5000,5.0
5000,2.0
5000,2.0
5000,6.0
5000,19.0
5100,3.0
5100,4.0
5100,3.0
5100,5.0
5100,2.0
5100,10.0
5100,3.0
5100,4.0
5100,2.0
5200,3.0
5200,6.0
5200,11.0
5200,3.0
5200,14.0
5200,10.0
5200,7.0
5200,3.0
5300,4.0
5300,5.0
5300,5.0
5300,14.0
5300,4.0
5400,5.0
5400,6.0
5400,9.0
5400,7.0
5400,7.0
5400,13.0
5400,8.0
5400,8.0
5700,11.0
5700,8.0
5700,13.0
5700,6.0
5700,11.0
5700,9.0
5700,12.0
5700,22.0
5800,7.0
5800,11.0
5800,7.0
5800,7.0
5800,7.0
5800,15.0
5900,12.0
5900,8.0
5900,10.0
5900,9.0
5900,7.0
5900,9.0
5900,10.0
5900,8.0
5900,17.0
5900,9.0
6000,9.0
6000,11.0
6000,8.0
6000,9.0
6000,9.0
6000,9.0
6000,10.0
6000,9.0
6000,11.0
6000,9.0
6000,9.0
6000,9.0
6100,10.0
6100,9.0
6100,11.0
6100,9.0
6100,9.0
6100,9.0
6100,10.0
6100,10.0
6100,9.0
6200,11.0
6200,9.0
6200,11.0
6200,11.0
6200,11.0
6200,9.0
6200,9.0
6200,12.0
6200,12.0
6200,12.0
6300,9.0
6300,13.0
6300,11.0
6300,9.0
6300,9.0
6300,8.0
6300,10.0
6300,15.0
6300,12.0
6300,11.0
6300,9.0
6300,11.0
6400,9.0
6400,8.0
6400,11.0
6400,13.0
6400,11.0
6400,10.0
6500,13.0
6500,12.0
6500,9.0
6500,12.0
6500,12.0
6500,11.0
6500,9.0
6500,10.0
6500,11.0
6500,10.0
6500,10.0
6500,9.0
6500,22.0
6500,9.0
6500,11.0
6600,46.0
6600,10.0
6600,10.0
6700,11.0
6700,20.0
6700,24.0
6800,9.0
6800,9.0
6800,8.0
6800,9.0
6800,9.0
6800,20.0
6900,8.0
6900,9.0
6900,8.0
6900,10.0
6900,9.0
7000,10.0
7000,9.0
7000,10.0
7000,8.0
7000,8.0
7000,7.0
7000,11.0
7000,9.0
7000,8.0
7000,9.0
7000,10.0
7000,11.0
7000,9.0
7100,10.0
7100,26.0
7100,9.0
7100,9.0
7100,9.0
7100,12.0
7100,7.0
7200,11.0
7200,11.0
7200,9.0
7200,10.0
7200,10.0
7200,10.0
7200,9.0
7300,9.0
7300,12.0
7300,8.0
7300,9.0
7300,10.0
7300,11.0
7300,9.0
7300,10.0
7300,11.0
7300,34.0
7300,24.0
7400,9.0
7400,10.0
7400,10.0
7400,10.0
7400,11.0
7400,9.0
7400,11.0
7400,9.0
7400,7.0
7400,11.0
7400,9.0
7400,11.0
7400,9.0
7400,9.0
7500,10.0
7500,13.0
7500,11.0
7500,9.0
7500,9.0
7500,10.0
7600,11.0
7600,12.0
7600,10.0
7600,10.0
7600,10.0
7600,9.0
7600,9.0
7600,11.0
7600,9.0
7600,10.0
7600,9.0
7600,9.0
7600,11.0
7600,9.0
7700,10.0
7700,9.0
7700,8.0
7700,7.0
7800,11.0
7800,10.0
7800,11.0
7800,11.0
7800,8.0
7800,8.0
7800,11.0
7800,14.0
7900,9.0
7900,7.0
7900,12.0
7900,8.0
7900,10.0
7900,11.0
7900,12.0
7900,9.0
8000,13.0
8000,9.0
8000,9.0
8000,11.0
8000,8.0
8000,8.0
8100,9.0
8100,10.0
8100,9.0
8100,9.0
8100,11.0
8200,9.0
8200,10.0
8200,9.0
8200,9.0
8200,9.0
8200,9.0
8200,10.0
8200,8.0
8300,11.0
8300,8.0
8300,10.0
8300,12.0
8400,9.0
8400,9.0
8400,10.0
8400,10.0
8400,9.0
8400,11.0
8400,12.0
8400,12.0
8400,8.0
8400,10.0
8400,12.0
8400,8.0
8400,10.0
8400,8.0
8500,9.0
8500,9.0
8500,8.0
8500,13.0
8500,8.0
8500,9.0
8500,9.0
8500,39.0
8500,7.0
8500,11.0
8600,38.0
8600,11.0
8600,10.0
8600,10.0
8600,11.0
8600,11.0
8600,9.0
8600,8.0
8600,11.0
8600,10.0
8600,12.0
8600,10.0
8600,10.0
8700,10.0
8700,12.0
8700,9.0
8700,10.0
8700,12.0
8700,9.0
8700,10.0
8700,9.0
8700,11.0
8700,9.0
8700,11.0
8700,9.0
8800,8.0
8800,9.0
8800,9.0
8800,10.0
8800,9.0
8800,10.0
8800,7.0
8800,13.0
8900,9.0
8900,11.0
8900,8.0
8900,11.0
8900,9.0
8900,11.0
8900,9.0
8900,11.0
8900,9.0
8900,10.0
8900,7.0
8900,11.0
9000,10.0
9000,10.0
9100,8.0
9100,11.0
9100,10.0
9200,11.0
9200,10.0
9200,9.0
9200,9.0
9200,10.0
9200,8.0
9200,10.0
9300,10.0
9300,12.0
9300,11.0
9300,10.0
9300,12.0
9400,7.0
9400,8.0
9400,12.0
9400,8.0
9400,10.0
9400,8.0
9400,13.0
9400,10.0
9400,9.0
9400,13.0
9500,9.0
9500,9.0
9500,8.0
9500,10.0
9500,9.0
9500,9.0
9500,11.0
9500,7.0
9500,7.0
9500,8.0
9500,9.0
9500,10.0
9500,11.0
9500,9.0
9600,10.0
9600,10.0
9600,10.0
9600,10.0
9600,8.0
9600,7.0
9600,12.0
9600,10.0
9600,12.0
9600,8.0
9700,8.0
9700,13.0
9700,9.0
9700,8.0
9700,10.0
9700,10.0
9700,12.0
9700,10.0
9700,9.0
9700,8.0
9700,10.0
9700,10.0
9800,10.0
9800,11.0
9800,10.0
9800,10.0
9800,9.0
9800,10.0
9800,9.0
9800,8.0
9800,11.0
9900,10.0
9900,9.0
9900,11.0
9900,8.0
9900,8.0
9900,11.0
9900,10.0
10000,11.0
10000,9.0
10000,11.0
10000,12.0
10000,8.0
10000,10.0
10000,10.0
10000,10.0
10000,8.0
10000,9.0
10000,7.0
10100,12.0
10100,11.0
10200,11.0
12700,37.0
12700,37.0
12800,37.0
12800,37.0
12900,38.0
12900,38.0
12900,35.0
12900,38.0
13100,37.0
13200,41.0
13200,38.0
13300,39.0
13400,40.0
13500,41.0
13600,47.0
13600,43.0
13700,43.0
13700,42.0
13900,43.0
13900,43.0
13900,42.0
14000,44.0
14000,45.0
14100,44.0
14100,46.0
14100,45.0
14100,45.0
14100,45.0
14200,45.0
14300,46.0
14300,47.0
14300,46.0
14300,50.0
14400,48.0
14400,49.0
14400,46.0
14400,48.0
14400,47.0
14500,54.0
14500,46.0
14500,49.0
14600,48.0
14700,49.0
14700,47.0
14700,50.0
14700,52.0
14700,50.0
14800,51.0
14800,50.0
14800,49.0
14800,49.0
14900,52.0
14900,52.0
14900,50.0
14900,52.0
14900,51.0
14900,51.0
15000,51.0
15000,49.0
15000,52.0
15100,51.0
15100,51.0
15100,51.0
15100,49.0
15100,52.0
15100,48.0
15100,50.0
15100,50.0
15100,51.0
15200,52.0
15200,52.0
15200,55.0
15200,55.0
15200,51.0
15200,53.0
15200,54.0
15200,50.0
15300,55.0
15300,52.0
15300,51.0
15300,53.0
15300,52.0
15300,54.0
15300,51.0
15300,51.0
15300,54.0
15300,55.0
15300,54.0
15300,53.0
15300,51.0
15300,54.0
15300,51.0
15300,51.0
15300,51.0
15300,52.0
15400,52.0
15400,55.0
15400,50.0
15400,51.0
15700,55.0
17800,48.0
18300,54.0
18400,53.0
18500,54.0
18800,57.0
18900,60.0
19300,63.0
20000,66.0
20000,66.0
20700,74.0
21000,79.0
21400,79.0
21500,77.0
21600,79.0
21700,79.0
21700,81.0
22200,83.0
22400,83.0
22500,83.0
22500,86.0
22600,81.0
22600,83.0
22600,85.0
22700,82.0
22700,85.0
22800,81.0
22800,87.0
22800,80.0
22900,86.0
23000,81.0
23000,84.0
23100,86.0
23100,88.0
23200,79.0
23200,83.0
23200,79.0
23200,79.0
23300,83.0
23300,87.0
23400,83.0
23500,83.0
23500,81.0
23500,89.0
23600,86.0
23600,93.0
23600,83.0
23600,93.0
23600,81.0
23600,87.0
23600,85.0
23600,81.0
23700,82.0
23700,84.0
23700,88.0
23700,91.0
23700,81.0
23700,82.0
23700,82.0
23700,92.0
23700,86.0
23700,87.0
23700,93.0
23700,81.0
23700,82.0
23800,86.0
23800,83.0
23800,84.0
23800,83.0
23800,83.0
23800,92.0
23800,83.0
23800,84.0
23800,87.0
23900,85.0
23900,86.0
23900,84.0
23900,84.0
24000,88.0
24000,87.0
24000,86.0
24000,86.0
24000,85.0
24100,92.0
24100,86.0
24200,83.0
24200,89.0
24200,91.0
24200,87.0
24200,87.0
24200,88.0
24200,91.0
24300,87.0
24300,93.0
24300,96.0
24400,91.0
24500,90.0
24600,99.0
24700,92.0
24800,94.0
24900,93.0
25600,65.0
26100,76.0
26200,82.0
26300,73.0
26500,78.0
26800,82.0
27900,77.0
28000,85.0
28400,75.0
28600,84.0
28600,69.0
29000,64.0
29200,73.0
29300,74.0
29300,54.0
29400,82.0
29400,45.0
29400,51.0
29400,53.0
29400,78.0
29500,45.0
29500,51.0
29600,52.0
29600,51.0
29600,67.0
29600,52.0
29700,52.0
29800,51.0
29800,74.0
29800,59.0
29800,59.0
29800,54.0
29800,50.0
29900,81.0
29900,69.0
29900,53.0
29900,59.0
29900,48.0
30000,59.0
30000,61.0
30000,60.0
30000,60.0
30100,43.0
30100,61.0
30100,57.0
30200,62.0
30200,58.0
30200,72.0
30300,60.0
30300,67.0
30400,76.0
30500,61.0
30500,75.0
30500,71.0
30600,67.0
30600,64.0
30600,43.0
30600,66.0
30600,77.0
30700,62.0
30700,80.0
30700,68.0
30800,68.0
30800,41.0
30800,44.0
30900,70.0
30900,67.0
31000,45.0
31000,71.0
31000,71.0
31000,78.0
31000,70.0
31100,76.0
31200,73.0
31300,71.0
31400,73.0
31400,44.0
31500,82.0
31500,73.0
31500,78.0
31600,79.0
31600,74.0
31600,78.0
31700,89.0
31700,78.0
31900,81.0
31900,85.0
31900,79.0
31900,86.0
31900,80.0
32000,93.0
32300,95.0
32500,91.0
32500,88.0
32700,46.0
32700,45.0
32800,94.0
32800,93.0
33000,92.0
33200,94.0
33300,95.0
33300,45.0
33300,94.0
33600,48.0
33600,105.0
33800,100.0
33800,97.0
34000,102.0
34400,58.0
34600,108.0
34900,57.0
36000,66.0
36200,66.0
36200,67.0
36600,134.0
36600,65.0
36700,66.0
36700,68.0
36700,65.0
37000,69.0
37000,67.0
37000,70.0
37100,66.0
37100,71.0
37100,67.0
37100,74.0
37100,63.0
37200,72.0
37300,67.0
37300,69.0
37300,70.0
37400,66.0
37400,76.0
37400,78.0
37500,66.0
37600,67.0
37700,69.0
37700,77.0
37700,73.0
37700,70.0
37800,65.0
37800,68.0
37800,77.0
37800,76.0
37900,72.0
37900,81.0
37900,71.0
38000,73.0
38100,76.0
38100,69.0
38100,85.0
38100,73.0
38100,63.0
38300,71.0
38300,66.0
38300,68.0
38400,73.0
38400,67.0
38400,63.0
38400,72.0
38500,66.0
38500,67.0
38500,68.0
38600,70.0
38700,66.0
38700,73.0
38700,71.0
38700,75.0
38800,88.0
38800,77.0
38900,62.0
39000,92.0
39000,71.0
39100,82.0
39100,90.0
39200,71.0
39200,62.0
39300,91.0
39300,83.0
39300,75.0
39500,68.0
39600,86.0
39700,75.0
39700,100.0
39700,67.0
39700,101.0
39800,63.0
39800,77.0
39900,67.0
40100,105.0
40200,104.0
40200,102.0
40300,63.0
40300,65.0
40400,83.0
40500,76.0
40600,64.0
40700,95.0
40700,69.0
40800,105.0
40900,75.0
41200,110.0
41300,73.0
41500,69.0
41600,68.0
41700,82.0
41700,88.0
42000,69.0
42100,86.0
42500,130.0
42600,101.0
42600,64.0
42700,63.0
43000,66.0
43000,57.0
43000,62.0
43100,58.0
43100,58.0
43100,58.0
43200,60.0
43200,60.0
43200,59.0
43300,64.0
43300,58.0
43300,65.0
43400,62.0
43400,65.0
43400,55.0
43400,65.0
43500,54.0
43500,59.0
43600,60.0
43600,56.0
43700,58.0
43700,63.0
43700,59.0
43700,57.0
43800,59.0
43800,56.0
43900,58.0
43900,56.0
43900,56.0
43900,63.0
44000,65.0
44000,60.0
44100,66.0
44100,54.0
44100,62.0
44100,61.0
44200,57.0
44300,60.0
44300,56.0
44300,60.0
44300,54.0
44400,57.0
44400,67.0
44400,55.0
44400,59.0
44400,61.0
44400,58.0
44400,59.0
44500,53.0
44500,64.0
44500,55.0
44500,50.0
44600,52.0
44700,52.0
44700,53.0
44700,61.0
44700,61.0
44700,48.0
44700,50.0
44800,50.0
44800,53.0
44800,58.0
44800,56.0
44900,50.0
44900,58.0
44900,63.0
45000,62.0
45000,61.0
45000,57.0
45100,52.0
45100,62.0
45100,52.0
45200,48.0
45200,59.0
45200,51.0
45200,52.0
45200,47.0
45400,54.0
45400,51.0
45700,51.0
45700,53.0
45700,50.0
45800,53.0
45800,50.0
45900,50.0
45900,50.0
46100,50.0
46200,52.0
46400,50.0
46500,50.0
46700,48.0
46900,51.0
47000,51.0
47100,48.0
47100,54.0
47400,52.0
47700,49.0
48000,47.0
48000,52.0
48100,54.0
48200,50.0
48300,51.0
48400,55.0
48400,49.0
48500,51.0
48500,50.0
48500,52.0
48500,50.0
48500,53.0
48600,52.0
48600,53.0
48600,52.0
48700,48.0
48700,51.0
48700,51.0
48800,52.0
48900,50.0
48900,49.0
48900,51.0
48900,52.0
49000,50.0
49000,51.0
49000,53.0
49000,52.0
49000,51.0
49100,50.0
49100,55.0
49100,48.0
49200,51.0
49200,51.0
49200,49.0
49200,51.0
49200,49.0
49300,50.0
49400,52.0
49500,49.0
49500,50.0
49600,51.0
49600,50.0
49600,51.0
49700,51.0
49700,53.0
49700,51.0
49700,55.0
49800,52.0
49800,49.0
49800,49.0
49800,53.0
49800,49.0
49800,51.0
49900,52.0
49900,53.0
49900,47.0
49900,51.0
50000,48.0
50000,49.0
50000,54.0
50100,54.0
50100,51.0
50100,52.0
50100,54.0
50200,52.0
50200,53.0
50200,53.0
50200,49.0
50200,48.0
50300,53.0
50300,49.0
50300,51.0
50300,50.0
50400,51.0
50400,53.0
50500,55.0
50500,54.0
50500,51.0
50600,52.0
50600,50.0
50600,47.0
50800,54.0
51000,50.0
51000,54.0
51100,52.0
51100,52.0
51200,52.0
51300,50.0
51300,52.0
51400,53.0
51700,53.0
51900,48.0
51900,52.0
52000,51.0
52000,48.0
52000,54.0
52100,48.0
52300,50.0
52600,50.0
52600,47.0
52900,47.0
53200,50.0
53300,47.0
53400,46.0
53500,49.0
53500,50.0
53500,52.0
53500,46.0
53500,51.0
53600,48.0
53600,49.0
53600,49.0
53600,49.0
53600,49.0
53700,49.0
53700,46.0
53800,47.0
53800,48.0
53800,49.0
53900,52.0
54100,49.0
54100,50.0
54100,49.0
54100,52.0
54200,49.0
54200,49.0
54200,51.0
54200,49.0
54300,51.0
54300,49.0
54300,51.0
54400,52.0
54500,46.0
54500,47.0
54500,51.0
54500,51.0
54600,50.0
54600,49.0
54600,49.0
54600,52.0
54600,51.0
54700,49.0
54700,53.0
54700,47.0
54800,49.0
54800,50.0
54800,49.0
54900,50.0
54900,49.0
54900,49.0
55000,48.0
55000,49.0
55000,50.0
55000,49.0
55000,47.0
55000,49.0
55100,49.0
55100,48.0
55100,48.0
55100,49.0
55200,52.0
55200,51.0
55300,49.0
55300,48.0
55400,54.0
55400,49.0
55400,51.0
55400,46.0
55500,51.0
55500,50.0
55500,49.0
55500,48.0
55500,49.0
55500,51.0
55600,52.0
55600,51.0
55600,48.0
55800,54.0
55900,52.0
55900,52.0
55900,51.0
55900,49.0
56000,47.0
56000,48.0
56200,48.0
56200,49.0
56200,47.0
56300,51.0
56700,52.0
56800,52.0
56900,50.0
56900,47.0
57000,49.0
57200,51.0
57300,50.0
57400,52.0
57500,50.0
57500,47.0
57600,54.0
57700,49.0
58100,50.0
58500,49.0
58600,51.0
58700,53.0
58900,52.0
59000,53.0
59000,52.0
59100,54.0
59100,53.0
59100,51.0
59100,54.0
59100,53.0
59200,54.0
59200,55.0
59200,53.0
59300,52.0
59300,53.0
59400,56.0
59500,55.0
59500,56.0
59600,52.0
59700,53.0
59800,55.0
59900,56.0
59900,56.0
59900,53.0
60000,56.0
60000,55.0
60100,56.0
60100,54.0
60100,53.0
60100,56.0
60200,55.0
60400,60.0
60500,58.0
60600,63.0
60600,56.0
60600,58.0
60600,58.0
60700,56.0
60700,55.0
60700,60.0
60700,59.0
60800,57.0
60800,56.0
60800,58.0
60900,60.0
61000,61.0
61000,62.0
61000,60.0
61100,55.0
61200,63.0
61200,58.0
61300,62.0
61300,56.0
61300,61.0
61300,57.0
61300,61.0
61400,62.0
61400,61.0
61400,56.0
61500,59.0
61500,57.0
61500,57.0
61500,60.0
61600,61.0
61600,62.0
61600,59.0
61600,60.0
61600,54.0
61700,64.0
61700,60.0
61700,56.0
61800,65.0
61800,61.0
61800,61.0
61900,66.0
61900,55.0
61900,62.0
61900,59.0
62000,68.0
62000,59.0
62100,60.0
62100,57.0
62200,60.0
62400,60.0
62500,54.0
62900,68.0
63000,65.0
63000,59.0
63000,56.0
63300,61.0
63400,64.0
63500,60.0
63600,59.0
63700,68.0
63700,61.0
63800,61.0
64000,61.0
64300,60.0
64300,56.0
64400,66.0
64600,58.0
65300,61.0
65300,64.0
65700,64.0
65700,63.0
65700,64.0
65900,67.0
65900,66.0
66000,67.0
66000,67.0
66000,63.0
66000,66.0
66000,69.0
66400,68.0
66500,71.0
66900,71.0
67000,75.0
67000,75.0
67000,68.0
67100,74.0
67100,63.0
67200,70.0
67300,73.0
67300,74.0
67400,67.0
67700,74.0
67800,72.0
67900,71.0
68200,70.0
68300,73.0
68400,81.0
68500,63.0
68600,77.0
68700,77.0
68800,73.0
68800,79.0
68900,71.0
68900,78.0
69000,74.0
69000,74.0
69000,81.0
69000,69.0
69100,88.0
69100,81.0
69100,73.0
69300,70.0
69300,89.0
69300,85.0
69300,80.0
69300,76.0
69300,92.0
69300,78.0
69300,84.0
69400,77.0
69400,76.0
69400,78.0
69400,77.0
69500,77.0
69500,75.0
69600,82.0
69700,85.0
69700,74.0
69700,78.0
69700,77.0
69800,83.0
69900,81.0
69900,96.0
70200,82.0
70600,85.0
70700,99.0
70800,87.0
70900,85.0
71100,96.0
71100,79.0
71200,95.0
71200,86.0
71500,114.0
71500,79.0
71600,84.0
71600,101.0
71600,70.0
71700,105.0
71800,97.0
72000,98.0
72000,119.0
72000,101.0
72200,103.0
72300,75.0
72300,96.0
72400,92.0
72500,94.0
72600,112.0
72600,64.0
72700,68.0
72900,67.0
72900,70.0
72900,68.0
73000,69.0
73000,68.0
73100,86.0
73300,61.0
73500,63.0
73500,61.0
73800,103.0
74000,98.0
74300,56.0
74300,81.0
74400,82.0
74500,64.0
74500,72.0
74600,51.0
74600,106.0
74600,75.0
74700,72.0
74700,51.0
74700,92.0
74700,72.0
74800,82.0
74800,111.0
74800,76.0
74800,89.0
74900,52.0
74900,58.0
75000,71.0
75000,66.0
75000,112.0
75000,65.0
75100,56.0
75100,62.0
75100,55.0
75100,63.0
75200,57.0
75200,59.0
75200,62.0
75300,55.0
75400,58.0
75400,99.0
75400,59.0
75400,68.0
75400,64.0
75500,60.0
75700,44.0
75700,62.0
75800,59.0
75800,49.0
75800,63.0
75800,58.0
75800,57.0
75800,66.0
75900,83.0
75900,66.0
75900,55.0
75900,64.0
76000,63.0
76000,68.0
76000,80.0
76000,64.0
76100,62.0
76100,69.0
76300,49.0
76300,64.0
76600,58.0
76700,68.0
76700,56.0
76800,51.0
76800,58.0
76800,55.0
76900,102.0
76900,55.0
77100,52.0
77100,79.0
77100,51.0
77100,132.0
77200,54.0
77200,79.0
77400,135.0
77400,52.0
77500,48.0
77500,49.0
77600,75.0
77700,49.0
77700,60.0
77900,48.0
78100,49.0
78100,53.0
78200,91.0
78200,58.0
78300,52.0
78300,61.0
78400,139.0
78400,62.0
78500,60.0
78800,59.0
78800,55.0
78900,52.0
78900,57.0
79100,73.0
79200,52.0
79200,46.0
79200,55.0
79400,76.0
79400,69.0
79500,47.0
79500,47.0
79500,50.0
79700,48.0
79900,68.0
79900,48.0
80000,53.0
80600,58.0
80900,67.0
80900,56.0
80900,59.0
81000,63.0
81000,58.0
81200,62.0
81200,58.0
81300,64.0
81300,60.0
81300,61.0
81600,63.0
81600,62.0
81600,60.0
81700,56.0
81700,61.0
81700,62.0
81800,67.0
81800,55.0
81800,57.0
81800,59.0
81800,62.0
81800,145.0
81900,63.0
81900,70.0
81900,58.0
81900,59.0
82000,57.0
82000,70.0
82000,60.0
82100,61.0
82100,59.0
82100,71.0
82100,68.0
82200,66.0
82300,63.0
82300,71.0
82300,78.0
82300,74.0
82300,61.0
82600,64.0
82600,66.0
82600,57.0
82700,92.0
82700,65.0
82700,75.0
82800,69.0
82800,63.0
82800,57.0
82800,58.0
83000,51.0
83000,56.0
83100,62.0
83100,74.0
83200,71.0
83300,68.0
83300,60.0
83500,61.0
83500,65.0
83500,81.0
83800,68.0
83800,67.0
83900,62.0
83900,62.0
83900,79.0
84000,67.0
84000,57.0
84200,66.0
84300,59.0
84300,70.0
84400,60.0
84500,77.0
84500,67.0
84500,62.0
84500,60.0
84600,67.0
84600,70.0
84800,67.0
84800,62.0
85100,57.0
85200,62.0
85300,63.0
85300,60.0
85400,60.0
85400,67.0
85500,56.0
85500,69.0
85600,60.0
85600,62.0
86000,75.0
86000,69.0
86000,58.0
86100,64.0
86200,65.0
86300,72.0
86400,63.0
86400,91.0
86400,67.0
86700,71.0
86900,61.0
87200,58.0
87400,62.0
87500,63.0
87500,74.0
87700,58.0
87800,56.0
87800,58.0
87900,61.0
87900,68.0
88000,61.0
88100,61.0
88200,59.0
88200,61.0
88200,67.0
88300,64.0
88300,54.0
88300,65.0
88300,62.0
88400,69.0
88400,62.0
88500,61.0
88500,65.0
88500,65.0
88500,70.0
88500,65.0
88500,64.0
88500,74.0
88600,72.0
88600,58.0
88700,57.0
88700,59.0
88900,66.0
88900,69.0
88900,64.0
89000,58.0
89000,67.0
89100,66.0
89100,66.0
89100,62.0
89100,73.0
89100,66.0
89300,68.0
89300,65.0
89400,62.0
89400,73.0
89700,67.0
89800,65.0
89900,62.0
90000,59.0
90000,65.0
90000,65.0
90100,71.0
90100,90.0
90200,68.0
90200,69.0
90200,65.0
90300,66.0
90400,63.0
90500,65.0
90600,59.0
90600,65.0
90700,60.0
90700,67.0
90800,63.0
90900,62.0
90900,63.0
91000,80.0
91300,71.0
91300,71.0
91500,60.0
91500,86.0
91500,67.0
91500,65.0
91600,71.0
91600,94.0
91700,60.0
91700,67.0
91800,74.0
91800,62.0
91800,95.0
92000,56.0
92200,68.0
92300,65.0
92400,69.0
92500,60.0
92600,63.0
92800,75.0
92900,67.0
93000,68.0
93300,86.0
93300,85.0
93300,76.0
93300,67.0
93400,65.0
93400,72.0
93500,69.0
93800,54.0
94000,63.0
94100,64.0
94100,70.0
94200,59.0
94200,56.0
94200,62.0
94400,64.0
94500,63.0
94500,87.0
94600,70.0
94700,81.0
94700,66.0
94700,73.0
94800,92.0
94800,61.0
94900,64.0
95100,66.0
95200,68.0
95200,68.0
95300,66.0
95300,66.0
95400,66.0
95400,61.0
95700,76.0
95900,71.0
96200,75.0
96300,84.0
96300,78.0
96400,65.0
96400,73.0
96400,77.0
96500,69.0
96500,76.0
96600,81.0
96700,80.0
96700,66.0
96800,82.0
96900,66.0
97000,79.0
97000,68.0
97000,65.0
97000,78.0
97100,82.0
97100,78.0
97300,78.0
97400,83.0
97500,79.0
97500,67.0
97700,75.0
97800,69.0
97800,91.0
97800,85.0
97900,68.0
97900,84.0
98000,76.0
98000,72.0
98300,72.0
98500,73.0
98700,67.0
98700,67.0
98900,71.0
99100,73.0
99100,74.0
99100,87.0
99100,99.0
99100,61.0
99200,66.0
99400,88.0
99400,72.0
99400,91.0
99600,94.0
99600,81.0
99700,77.0
99800,98.0
99800,73.0
99900,75.0
99900,80.0
99900,64.0
100000,65.0
100100,66.0
100100,108.0
100100,65.0
100200,67.0
100200,74.0
100200,83.0
100300,86.0
100300,76.0
100300,67.0
100400,95.0
100400,89.0
100500,56.0
100500,98.0
100600,59.0
100600,75.0
100800,60.0
100800,91.0
100800,64.0
100800,65.0
100900,72.0
100900,65.0
100900,63.0
100900,59.0
100900,62.0
100900,99.0
101000,56.0
101300,58.0
101300,70.0
101300,60.0
101300,62.0
101400,58.0
101500,111.0
101500,60.0
101600,74.0
101600,62.0
101700,68.0
101800,62.0
101900,70.0
102000,55.0
102000,61.0
102000,59.0
102100,71.0
102300,54.0
102400,56.0
102600,86.0
102600,109.0
102600,62.0
102700,60.0
102700,83.0
102700,61.0
102700,61.0
102700,60.0
102800,55.0
102900,64.0
102900,136.0
103000,64.0
103200,63.0
103200,60.0
103300,61.0
103300,58.0
103400,57.0
103500,65.0
103600,64.0
103700,65.0
103800,59.0
103800,65.0
103800,62.0
103800,56.0
103900,58.0
103900,107.0
103900,68.0
104000,63.0
104300,58.0
104500,63.0
104600,66.0
104600,57.0
104800,68.0
104800,68.0
104800,61.0
104900,56.0
105000,57.0
105100,58.0
105100,58.0
105200,71.0
105300,57.0
105300,60.0
105700,63.0
105800,67.0
105800,69.0
105900,58.0
105900,59.0
106000,61.0
106000,62.0
106200,64.0
106300,58.0
106300,59.0
106300,60.0
106400,57.0
106500,64.0
106600,60.0
106700,60.0
106700,67.0
106700,65.0
106800,57.0
106900,61.0
106900,73.0
106900,58.0
107000,74.0
107000,65.0
107100,70.0
107100,56.0
107200,62.0
107400,71.0
107500,60.0
107500,69.0
107600,61.0
107800,67.0
108000,63.0
108100,69.0
108200,74.0
108300,80.0
108300,78.0
108400,66.0
108400,74.0
108500,74.0
108600,82.0
108600,64.0
108700,65.0
108800,78.0
108800,63.0
108800,60.0
108900,60.0
108900,60.0
109000,73.0
109000,80.0
109000,60.0
109100,62.0
109100,65.0
109100,71.0
109200,77.0
109200,71.0
109300,71.0
109300,74.0
109300,55.0
109400,78.0
109700,62.0
109700,69.0
109700,86.0
109800,58.0
109800,64.0
109800,64.0
109900,81.0
109900,64.0
109900,95.0
110100,70.0
110100,60.0
110200,65.0
110200,62.0
110200,66.0
110200,62.0
110400,65.0
110500,57.0
110500,82.0
110700,52.0
110700,57.0
110800,97.0
110800,67.0
110900,64.0
111000,81.0
111000,57.0
111000,78.0
111100,58.0
111100,61.0
111100,59.0
111100,70.0
111200,65.0
111200,58.0
111300,84.0
111300,63.0
111300,53.0
111400,63.0
111500,75.0
111600,57.0
111600,61.0
111800,57.0
111900,57.0
112000,58.0
112000,59.0
112000,55.0
112000,56.0
112100,53.0
112200,55.0
112300,57.0
112300,52.0
112400,55.0
112500,60.0
112500,94.0
112600,56.0
112700,85.0
112800,57.0
112800,63.0
113000,82.0
113100,57.0
113200,61.0
113200,72.0
113300,105.0
113300,64.0
113300,61.0
113300,60.0
113500,58.0
113700,59.0
113700,55.0
113800,62.0
113800,69.0
113900,62.0
113900,54.0
114000,60.0
114200,54.0
114300,55.0
114300,57.0
114300,58.0
114300,56.0
114400,53.0
114400,52.0
114400,72.0
114500,51.0
114500,51.0
114600,54.0
114600,56.0
114700,54.0
114700,54.0
114800,65.0
114800,53.0
114800,58.0
114900,57.0
114900,58.0
114900,50.0
115000,57.0
115000,77.0
115100,67.0
115100,52.0
115200,53.0
115200,62.0
115200,52.0
115200,66.0
115300,50.0
115300,58.0
115400,50.0
115500,51.0
115500,55.0
115500,66.0
115500,55.0
115600,52.0
115600,60.0
115600,52.0
115600,55.0
115700,56.0
115700,56.0
115700,50.0
115800,55.0
115800,51.0
115800,63.0
116000,50.0
116000,49.0
116100,51.0
116100,47.0
116100,52.0
116100,49.0
116200,47.0
116200,50.0
116300,57.0
116300,54.0
116300,50.0
116300,50.0
116300,48.0
116400,48.0
116400,50.0
116600,53.0
116800,55.0
116900,49.0
116900,51.0
117000,53.0
117000,58.0
117200,50.0
117200,57.0
117300,51.0
117300,55.0
117300,51.0
117400,53.0
117500,53.0
117600,50.0
117700,53.0
117700,54.0
117700,50.0
117800,51.0
117900,54.0
117900,50.0
118000,55.0
118000,50.0
118100,53.0
118200,45.0
118200,48.0
118200,50.0
118200,47.0
118300,48.0
118300,53.0
118600,52.0
118700,52.0
118700,54.0
118900,49.0
118900,54.0
118900,49.0
119000,48.0
119000,49.0
119100,52.0
119100,52.0
119300,48.0
119300,52.0
119400,48.0
119400,49.0
119500,44.0
119500,49.0
119500,48.0
119700,45.0
119700,49.0
119700,46.0
119700,47.0
119700,50.0
119800,45.0
119800,52.0
119900,54.0
119900,49.0
119900,47.0
120000,47.0
120000,46.0
120000,55.0
120000,49.0
120100,52.0
120100,44.0
120100,51.0
120100,57.0
120100,47.0
120200,44.0
120200,44.0
120200,45.0
120200,47.0
120200,47.0
120200,43.0
120300,49.0
120300,44.0
120400,55.0
120400,45.0
120400,46.0
120400,46.0
120400,56.0
120500,48.0
120500,49.0
120600,49.0
120600,42.0
120700,53.0
120700,45.0
120700,44.0
120800,48.0
120800,48.0
120800,45.0
120900,45.0
120900,46.0
121000,50.0
121000,47.0
121000,48.0
121100,46.0
121100,46.0
121200,47.0
121200,46.0
121300,42.0
121600,51.0
121600,51.0
121600,46.0
121600,44.0
121600,50.0
121800,50.0
121900,45.0
121900,44.0
122000,49.0
122000,46.0
122100,44.0
122200,42.0
122200,50.0
122200,47.0
122300,48.0
122400,45.0
122500,47.0
122600,47.0
122700,45.0
122700,51.0
122800,46.0
122800,47.0
122800,45.0
122800,49.0
122900,44.0
123000,49.0
123100,47.0
123100,47.0
123100,47.0
123300,44.0
123300,44.0
123400,50.0
123500,50.0
123600,43.0
123700,49.0
123800,47.0
123900,42.0
123900,44.0
124000,49.0
124100,49.0
124100,45.0
124100,50.0
124100,49.0
124200,46.0
124200,45.0
124300,44.0
124300,43.0
124300,50.0
124300,44.0
124400,45.0
124400,42.0
124400,41.0
124400,45.0
124500,43.0
124500,46.0
124600,51.0
124700,44.0
124700,45.0
124700,46.0
124700,44.0
124800,45.0
124800,42.0
124800,44.0
124800,44.0
124800,48.0
124900,48.0
124900,43.0
125000,47.0
125000,44.0
125000,48.0
125000,53.0
125000,49.0
125600,52.0
125800,50.0
125800,50.0
125800,54.0
125800,54.0
125900,50.0
125900,54.0
126000,51.0
126000,54.0
126000,56.0
126000,53.0
126000,53.0
126000,55.0
126100,51.0
126100,55.0
126200,50.0
126300,54.0
126300,53.0
126400,50.0
126400,53.0
126500,53.0
126500,53.0
126600,55.0
126600,56.0
126700,54.0
126700,49.0
126800,55.0
126900,51.0
126900,54.0
126900,55.0
127000,50.0
127000,52.0
127000,49.0
127000,52.0
127000,48.0
127200,51.0
127300,49.0
127500,52.0
127600,51.0
127800,60.0
127900,57.0
128000,56.0
128000,53.0
128000,54.0
128100,52.0
128400,60.0
128400,54.0
128500,55.0
128500,56.0
128500,57.0
128600,54.0
128600,53.0
128700,50.0
128800,55.0
128900,59.0
128900,58.0
129000,60.0
129100,49.0
129100,56.0
129100,58.0
129200,54.0
129200,56.0
129200,53.0
129200,49.0
129300,50.0
129500,51.0
129500,60.0
129500,55.0
129600,55.0
129600,53.0
129600,53.0
129700,50.0
129700,52.0
129700,51.0
129800,51.0
129800,49.0
130000,59.0
130100,50.0
130100,56.0
130100,55.0
130100,55.0
130200,53.0
130300,54.0
130300,53.0
130300,59.0
130400,55.0
130400,52.0
130400,59.0
130400,58.0
130400,54.0
130400,56.0
130500,54.0
130500,55.0
130500,53.0
130500,60.0
130600,56.0
130600,54.0
130700,55.0
130900,57.0
131000,50.0
131100,53.0
131200,51.0
131200,52.0
131200,62.0
131300,51.0
131400,52.0
131400,54.0
131500,53.0
131600,53.0
131600,55.0
131600,54.0
131700,57.0
131700,53.0
131700,52.0
131800,52.0
131800,53.0
131800,52.0
131900,57.0
131900,51.0
131900,50.0
131900,52.0
132000,52.0
132000,58.0
132000,57.0
132100,49.0
132100,50.0
132300,54.0
132300,52.0
132300,56.0
132300,51.0
132500,54.0
132500,53.0
132500,55.0
132600,54.0
132800,51.0
132800,56.0
132900,55.0
133000,55.0
133000,52.0
133200,51.0
133200,50.0
133400,52.0
133500,55.0
133700,55.0
133700,54.0
133800,51.0
133900,53.0
134000,54.0
134000,53.0
134100,49.0
134100,52.0
134300,52.0
134300,56.0
134300,55.0
134400,50.0
134400,50.0
134400,53.0
134500,51.0
134600,49.0
134600,52.0
134600,56.0
134600,53.0
134700,54.0
134700,59.0
134800,50.0
134800,53.0
134900,51.0
134900,52.0
134900,50.0
135000,57.0
135000,51.0
135000,53.0
135100,51.0
135200,53.0
135200,54.0
135200,52.0
135400,51.0
135500,52.0
135600,54.0
135700,51.0
135800,53.0
135800,54.0
135800,51.0
135800,51.0
135800,51.0
135900,56.0
135900,54.0
136000,55.0
136000,54.0
136000,54.0
136000,53.0
136000,57.0
136000,54.0
136100,55.0
136200,54.0
136400,56.0
136400,52.0
136400,58.0
136400,55.0
136500,54.0
136600,52.0
136600,52.0
136600,51.0
136700,51.0
136800,51.0
136900,55.0
136900,51.0
137000,54.0
137000,57.0
137100,52.0
137100,50.0
137100,50.0
137100,52.0
137300,55.0
137300,53.0
137300,55.0
137300,50.0
137400,52.0
137400,53.0
137400,54.0
137400,51.0
137500,54.0
137500,53.0
137500,56.0
137500,53.0
137600,51.0
137700,57.0
137700,52.0
137700,50.0
137800,50.0
137900,54.0
138000,55.0
138000,53.0
138100,50.0
138200,55.0
138200,50.0
138300,51.0
138500,55.0
138600,52.0
138700,57.0
139000,51.0
139100,52.0
139200,55.0
139400,58.0
139500,61.0
139600,56.0
139700,56.0
139700,55.0
139800,56.0
139800,55.0
139800,53.0
139900,51.0
139900,53.0
139900,54.0
140000,51.0
140000,55.0
140000,54.0
140200,55.0
140200,52.0
140300,60.0
140400,58.0
140400,56.0
140500,54.0
140700,56.0
140800,57.0
140800,60.0
140900,60.0
140900,57.0
141000,58.0
141100,57.0
141200,54.0
141200,59.0
141200,64.0
141200,55.0
141200,56.0
141300,59.0
141300,59.0
141500,65.0
141600,56.0
141700,57.0
141700,65.0
141700,55.0
141800,57.0
141800,59.0
141900,57.0
142100,55.0
142100,59.0
142100,55.0
142100,61.0
142200,58.0
142200,62.0
142300,61.0
142500,62.0
142500,65.0
142500,64.0
142500,63.0
142600,64.0
142600,57.0
142700,57.0
142700,59.0
142700,54.0
142800,62.0
142800,61.0
142800,60.0
143000,62.0
143000,54.0
143000,64.0
143000,53.0
143000,54.0
143000,57.0
143100,60.0
143200,61.0
143200,57.0
143200,60.0
143300,58.0
143300,54.0
143400,55.0
143500,60.0
143500,60.0
143600,60.0
143700,64.0
143800,65.0
143900,61.0
143900,56.0
143900,67.0
144000,61.0
144000,64.0
144000,63.0
144200,60.0
144200,60.0
144300,62.0
144400,64.0
144400,59.0
144600,62.0
144600,62.0
144700,60.0
144800,55.0
145200,63.0
145500,63.0
145700,61.0
145700,58.0
145700,59.0
145700,69.0
146000,83.0
146100,62.0
146200,62.0
146200,58.0
146400,64.0
146600,59.0
146600,66.0
146600,69.0
146600,61.0
146700,61.0
146700,65.0
146800,67.0
146900,58.0
146900,92.0
147000,66.0
147000,68.0
147100,70.0
147100,77.0
147200,57.0
147200,58.0
147200,59.0
147300,62.0
147300,59.0
147300,64.0
147300,63.0
147400,60.0
147400,68.0
147400,60.0
147600,66.0
147600,56.0
147700,65.0
147800,57.0
147900,62.0
148000,79.0
148000,61.0
148100,67.0
148100,63.0
148200,62.0
148300,60.0
148400,60.0
148400,57.0
148400,61.0
148500,58.0
148500,62.0
148600,67.0
148700,64.0
148700,55.0
148800,61.0
148800,73.0
148800,56.0
148800,59.0
148900,64.0
148900,59.0
148900,57.0
148900,61.0
149000,60.0
149000,66.0
149000,58.0
149000,60.0
149100,63.0
149100,62.0
149100,57.0
149300,74.0
149300,60.0
149500,60.0
149600,67.0
149600,62.0
149600,61.0
149700,63.0
149800,66.0
149800,61.0
149900,63.0
150000,56.0
150000,61.0
150200,62.0
150300,61.0
150300,66.0
150300,62.0
150400,72.0
150500,63.0
150500,56.0
150500,103.0
150600,56.0
150600,58.0
150700,62.0
150700,61.0
150800,81.0
150900,67.0
150900,68.0
150900,65.0
150900,63.0
151000,56.0
151100,63.0
151200,53.0
151300,56.0
151500,56.0
151500,74.0
151500,56.0
151700,53.0
151800,54.0
151800,56.0
152200,54.0
152200,56.0
152200,63.0
152200,53.0
152500,62.0
152500,57.0
152500,57.0
152500,54.0
152700,58.0
152700,52.0
152700,59.0
152700,55.0
152800,58.0
152800,54.0
152900,54.0
153000,55.0
153000,56.0
153100,60.0
153100,93.0
153100,55.0
153100,59.0
153100,53.0
153200,59.0
153300,59.0
153300,58.0
153400,58.0
153500,62.0
153800,53.0
153900,60.0
153900,57.0
154000,54.0
154000,60.0
154100,58.0
154100,54.0
154100,58.0
154200,60.0
154300,65.0
154300,67.0
154300,62.0
154400,54.0
154500,56.0
154500,58.0
154600,60.0
154600,56.0
154600,60.0
154700,56.0
154900,57.0
155000,58.0
155000,57.0
155000,62.0
155100,56.0
155100,61.0
155100,61.0
155100,60.0
155200,59.0
155200,59.0
155300,61.0
155300,62.0
155400,59.0
155500,58.0
155500,64.0
155600,67.0
155700,59.0
155700,59.0
155800,74.0
155800,66.0
155900,59.0
156000,56.0
156100,61.0
156100,62.0
156200,61.0
156200,57.0
156300,61.0
156400,57.0
156400,66.0
156400,59.0
156400,58.0
156600,59.0
156600,55.0
156700,60.0
156700,54.0
156700,62.0
156800,57.0
156900,59.0
157000,59.0
157100,63.0
157200,58.0
157200,63.0
157200,63.0
157300,65.0
157300,61.0
157300,56.0
157400,55.0
157400,59.0
157600,56.0
157600,74.0
157700,60.0
157700,66.0
158000,56.0
158100,54.0
158100,57.0
158200,65.0
158300,54.0
158300,56.0
158300,59.0
158300,59.0
158500,56.0
158500,58.0
158600,57.0
158600,53.0
158700,67.0
158800,59.0
158800,54.0
158900,59.0
159000,57.0
159100,58.0
159100,58.0
159400,62.0
159500,68.0
159600,63.0
159600,64.0
159800,63.0
159800,62.0
159800,58.0
159900,57.0
159900,62.0
160000,65.0
160000,59.0
160200,72.0
160200,71.0
160300,58.0
160500,62.0
160600,61.0
160700,63.0
160800,60.0
161200,64.0
161300,71.0
161300,72.0
161300,65.0
161300,68.0
161300,66.0
161400,71.0
161500,60.0
161700,68.0
161700,63.0
161900,66.0
162000,73.0
162100,68.0
162100,62.0
162100,66.0
162200,76.0
162200,79.0
162300,71.0
162400,68.0
162500,71.0
162600,74.0
162600,62.0
162700,52.0
162800,66.0
162800,67.0
162900,72.0
162900,77.0
163000,72.0
163100,66.0
163100,78.0
163200,63.0
163200,72.0
163200,79.0
163200,68.0
163300,70.0
163300,63.0
163400,83.0
163600,45.0
163600,68.0
163700,71.0
163700,71.0
163800,72.0
163800,53.0
163800,55.0
163900,63.0
164200,79.0
164200,64.0
164300,75.0
164300,69.0
164400,69.0
164400,73.0
164500,69.0
164500,66.0
164600,73.0
164600,86.0
164600,61.0
164700,75.0
165000,81.0
165000,81.0
165000,42.0
165100,67.0
165100,92.0
165300,75.0
165400,80.0
165500,89.0
165600,66.0
165600,74.0
165700,57.0
165700,64.0
165800,70.0
165800,65.0
165900,70.0
166100,78.0
166100,76.0
166600,91.0
166700,69.0
166700,77.0
166700,66.0
166800,81.0
166800,72.0
167100,86.0
167200,75.0
167300,85.0
167300,86.0
167500,61.0
167500,83.0
167500,70.0
167600,76.0
167900,63.0
167900,75.0
168000,65.0
168000,78.0
168100,62.0
168200,75.0
168400,84.0
168400,69.0
168500,106.0
168600,71.0
168700,86.0
169000,88.0
169000,116.0
169000,66.0
169100,81.0
169100,61.0
169200,94.0
169300,54.0
169400,70.0
169400,65.0
169400,79.0
169400,75.0
169800,77.0
169800,67.0
169800,71.0
169900,65.0
170000,69.0
170000,60.0
170000,61.0
170200,76.0
170300,80.0
170300,94.0
170400,63.0
170500,77.0
170500,77.0
170600,68.0
170600,71.0
170700,63.0
170700,90.0
170800,60.0
171000,87.0
171100,78.0
171200,64.0
171300,91.0
171300,61.0
171400,80.0
171400,89.0
171400,84.0
171600,64.0
171700,81.0
171700,84.0
171800,84.0
171800,72.0
171900,96.0
171900,162.0
171900,87.0
172000,105.0
172100,76.0
172600,86.0
172800,70.0
172900,76.0
172900,76.0
173000,126.0
173000,82.0
173000,95.0
173200,98.0
173400,87.0
173400,78.0
173500,76.0
173500,90.0
173700,74.0
173800,98.0
174000,79.0
174200,82.0
174300,99.0
174400,92.0
174400,95.0
174500,64.0
174600,87.0
174600,63.0
174600,99.0
174800,80.0
174800,74.0
174800,73.0
174900,56.0
174900,103.0
174900,94.0
175000,61.0
175200,82.0
175200,82.0
175300,93.0
175400,116.0
175600,75.0
175600,87.0
175600,64.0
175700,75.0
175900,101.0
176000,83.0
176200,78.0
176300,100.0
176400,91.0
176400,77.0
176400,72.0
176500,63.0
176500,77.0
176500,88.0
176500,96.0
176600,109.0
176700,98.0
176800,59.0
176900,62.0
177000,77.0
177300,68.0
177300,69.0
177400,78.0
177400,79.0
177500,83.0
177600,71.0
177700,77.0
177700,81.0
177900,104.0
178300,105.0
178300,97.0
178400,88.0
178500,99.0
178500,73.0
178600,90.0
178700,80.0
178800,78.0
178900,107.0
179000,90.0
179000,88.0
179100,83.0
179100,63.0
179200,98.0
179200,76.0
179300,84.0
179400,79.0
179400,80.0
179400,78.0
179500,74.0
179500,77.0
179600,81.0
179700,81.0
179700,78.0
179700,74.0
179800,77.0
179800,97.0
179900,69.0
180200,100.0
180400,72.0
180500,74.0
180600,129.0
180600,64.0
180800,88.0
181000,70.0
181100,79.0
181200,91.0
181400,82.0
181400,106.0
181600,58.0
181600,94.0
181900,64.0
182000,107.0
182200,88.0
182200,74.0
182200,78.0
182200,85.0
182300,71.0
182300,72.0
182400,66.0
182500,94.0
182700,77.0
182700,79.0
182700,91.0
183000,93.0
183100,80.0
183300,74.0
183500,84.0
183500,90.0
183500,68.0
183700,90.0
183800,99.0
183800,92.0
183900,70.0
184200,86.0
184300,76.0
184300,143.0
184400,90.0
184500,66.0
184500,74.0
184700,128.0
184900,79.0
184900,54.0
185000,85.0
185000,102.0
185000,83.0
185400,93.0
185400,88.0
185400,58.0
185500,64.0
185600,92.0
185600,78.0
185700,81.0
185700,91.0
185800,112.0
185800,64.0
185900,72.0
186100,155.0
186200,65.0
186200,108.0
186200,70.0
186300,86.0
186300,97.0
186600,72.0
186700,147.0
186800,89.0
186900,119.0
187000,89.0
187100,78.0
187200,60.0
187200,86.0
187300,106.0
187300,84.0
187300,63.0
187600,60.0
187800,81.0
187900,83.0
188000,90.0
188100,106.0
188200,75.0
188200,120.0
188200,82.0
188300,115.0
188300,111.0
188400,88.0
188400,85.0
188500,77.0
188600,87.0
188600,82.0
188700,71.0
188700,102.0
188800,63.0
188800,113.0
188800,96.0
188800,87.0
188900,71.0
189000,97.0
189100,106.0
189200,93.0
189400,107.0
189500,73.0
189600,67.0
189700,139.0
189800,84.0
189800,92.0
189900,99.0
190000,92.0
190100,62.0
190100,72.0
190100,72.0
190100,55.0
190100,69.0
190200,57.0
190200,114.0
190200,76.0
190200,67.0
190300,51.0
190400,86.0
190500,58.0
190500,56.0
190600,59.0
190600,55.0
190600,170.0
190700,83.0
190800,39.0
190800,57.0
191600,95.0
191700,58.0
191700,141.0
191800,46.0
191900,41.0
192100,81.0
192100,94.0
192200,124.0
192300,62.0
192700,102.0
192800,68.0
192800,91.0
193200,99.0
193200,108.0
193600,72.0
193600,62.0
193700,72.0
193700,80.0
193700,67.0
193700,187.0
193900,55.0
193900,95.0
194000,88.0
194000,100.0
194200,90.0
194300,53.0
194300,57.0
194400,86.0
194500,58.0
194600,101.0
194600,87.0
195000,44.0
195000,68.0
195100,48.0
195100,114.0
195300,64.0
195500,142.0
195500,71.0
195600,119.0
195600,92.0
195700,67.0
195700,133.0
195800,98.0
195900,91.0
196100,105.0
196100,97.0
196200,104.0
196300,92.0
196400,64.0
196500,90.0
196600,91.0
196800,75.0
196800,144.0
196800,88.0
196800,61.0
196900,88.0
196900,113.0
197000,97.0
197000,72.0
197100,115.0
197300,69.0
197300,110.0
197300,73.0
197400,66.0
197400,71.0
197500,72.0
197500,87.0
197600,75.0
197600,90.0
197700,80.0
197800,68.0
197900,60.0
197900,60.0
198000,86.0
198000,76.0
198300,73.0
198400,143.0
198500,111.0
198600,84.0
198900,81.0
198900,85.0
199000,94.0
199100,99.0
199200,71.0
199200,102.0
199300,90.0
199300,118.0
199300,54.0
199300,103.0
199400,89.0
199400,87.0
199500,110.0
199500,61.0
199700,94.0
199900,61.0
200000,70.0
200000,96.0
200100,118.0
200100,112.0
200300,80.0
200300,115.0
200400,105.0
200400,119.0
200500,57.0
200600,67.0
200600,83.0
200800,143.0
200900,71.0
201000,86.0
201000,71.0
201100,127.0
201100,70.0
201200,60.0
201300,61.0
201600,75.0
201800,110.0
201900,110.0
202200,83.0
202400,63.0
202500,78.0
202600,81.0
202600,106.0
202800,71.0
202900,99.0
203200,98.0
203200,90.0
203200,114.0
203300,87.0
203500,106.0
203500,63.0
203700,69.0
203700,61.0
203800,90.0
204000,149.0
204000,83.0
204100,71.0
204100,97.0
204100,96.0
204200,100.0
204600,87.0
204800,83.0
204800,90.0
204800,69.0
204900,78.0
204900,96.0
205000,84.0
205000,70.0
205000,64.0
205000,97.0
205200,97.0
205200,127.0
205200,70.0
205500,85.0
205700,80.0
205700,98.0
205800,63.0
205900,74.0
205900,88.0
205900,78.0
206000,85.0
206000,97.0
206000,85.0
206100,103.0
206300,70.0
206500,87.0
206500,105.0
206600,71.0
206700,95.0
207000,67.0
207100,93.0
207100,104.0
207200,76.0
207300,103.0
207400,97.0
207400,83.0
207500,93.0
207600,74.0
207600,63.0
207600,81.0
207700,102.0
207900,64.0
208000,117.0
208100,100.0
208200,77.0
208200,90.0
208300,95.0
208300,92.0
208300,84.0
208300,110.0
208700,80.0
208800,83.0
209100,97.0
209200,116.0
209200,62.0
209200,80.0
209200,95.0
209300,92.0
209400,92.0
209400,91.0
209600,61.0
209700,87.0
209700,100.0
209900,93.0
210000,94.0
210100,131.0
210200,74.0
210200,91.0
210400,96.0
210400,64.0
210600,112.0
210600,63.0
210700,93.0
210700,73.0
210800,54.0
210800,90.0
211000,71.0
211100,69.0
211300,92.0
211700,91.0
211800,87.0
211900,76.0
211900,106.0
212000,156.0
212300,86.0
212400,62.0
212500,63.0
212700,103.0
212900,142.0
212900,95.0
213300,73.0
213400,66.0
213400,84.0
213400,58.0
213500,76.0
213500,84.0
213500,92.0
213500,107.0
213700,55.0
213700,103.0
213700,95.0
214000,101.0
214100,146.0
214300,106.0
214400,92.0
214500,133.0
215100,92.0
215200,98.0
215300,102.0
215400,93.0
215500,107.0
215600,129.0
215700,107.0
215800,106.0
215900,163.0
216200,110.0
216400,107.0
216400,120.0
216500,93.0
216700,68.0
216700,88.0
216800,101.0
216900,94.0
217000,105.0
217000,94.0
217200,118.0
217200,105.0
217300,121.0
217400,101.0
217400,97.0
217500,114.0
217600,115.0
217800,116.0
217900,129.0
218000,96.0
218200,119.0
218200,88.0
218400,110.0
218400,99.0
218700,118.0
218900,94.0
219000,105.0
219000,117.0
219300,99.0
219400,186.0
219500,99.0
219600,111.0
219900,110.0
220000,116.0
220100,181.0
220100,105.0
220100,111.0
220100,107.0
220200,99.0
220300,97.0
220400,100.0
220500,111.0
220600,108.0
221000,129.0
221000,108.0
221100,103.0
221200,113.0
221300,103.0
221400,106.0
221400,99.0
221400,92.0
221500,111.0
221600,138.0
222000,94.0
222000,119.0
222300,111.0
222600,113.0
222700,106.0
223200,126.0
223300,124.0
223300,124.0
223400,114.0
223700,152.0
223800,155.0
224100,105.0
224200,117.0
224400,166.0
224400,101.0
224500,126.0
224600,104.0
225000,121.0
225000,115.0
225100,114.0
225100,112.0
225400,133.0
225400,123.0
225400,123.0
225500,119.0
225500,108.0
225600,129.0
225900,181.0
226000,123.0
226200,126.0
226200,123.0
226400,127.0
226500,120.0
227400,135.0
227400,107.0
227600,166.0
227700,113.0
227900,118.0
228000,124.0
228000,187.0
228200,145.0
228300,128.0
228600,114.0
228700,121.0
228700,113.0
228800,118.0
228900,120.0
229100,100.0
229100,138.0
229100,119.0
229300,136.0
229500,111.0
229600,121.0
229600,107.0
229600,110.0
229700,117.0
229900,107.0
229900,103.0
230000,119.0
230000,126.0
230000,116.0
230000,97.0
230000,97.0
230100,125.0
230700,147.0
230700,103.0
230700,106.0
230800,116.0
230800,111.0
230900,127.0
230900,101.0
230900,133.0
231100,99.0
231100,108.0
231100,116.0
231200,106.0
231200,135.0
231200,107.0
231200,158.0
231300,142.0
231700,103.0
231900,161.0
231900,141.0
232000,134.0
232000,104.0
232000,122.0
232000,151.0
232300,107.0
232500,179.0
232600,113.0
232700,112.0
232900,163.0
233100,109.0
233100,115.0
233100,172.0
233100,119.0
233200,125.0
233200,129.0
233300,131.0
233400,116.0
233500,106.0
233500,113.0
233600,100.0
233700,98.0
233800,110.0
234100,116.0
234200,102.0
235900,115.0
235900,124.0
236000,126.0
236100,126.0
236200,119.0
236200,116.0
236700,150.0
236900,113.0
236900,113.0
236900,122.0
237000,77.0
237000,112.0
237000,72.0
237100,114.0
237200,126.0
237400,61.0
237500,122.0
237600,78.0
237700,116.0
237700,120.0
237800,130.0
238000,78.0
238200,126.0
238300,74.0
238600,124.0
238700,86.0
238800,124.0
238900,110.0
238900,91.0
238900,137.0
239000,114.0
239100,124.0
239200,81.0
239300,127.0
239600,69.0
239700,144.0
240000,115.0
240200,126.0
240300,114.0
240400,140.0
240400,152.0
240400,120.0
240500,123.0
240600,96.0
240700,126.0
240900,127.0
241200,81.0
242000,109.0
242000,142.0
242400,133.0
243000,141.0
243200,137.0
243200,144.0
243200,142.0
243200,135.0
243300,112.0
243400,141.0
244500,123.0
244600,118.0
244700,133.0
244900,139.0
244900,109.0
244900,140.0
245100,137.0
245200,115.0
245200,119.0
245200,127.0
245600,118.0
245800,143.0
245800,157.0
245900,145.0
246100,126.0
246200,118.0
246200,125.0
246200,151.0
246300,120.0
246400,131.0
246400,125.0
246500,144.0
246600,153.0
246600,105.0
246600,167.0
246600,164.0
246700,174.0
246800,104.0
246800,135.0
246800,96.0
246800,135.0
246900,100.0
247000,167.0
247000,108.0
247100,135.0
247400,101.0
247600,174.0
247600,105.0
247600,113.0
247600,105.0
247600,112.0
247600,174.0
247700,106.0
247700,105.0
247700,155.0
248000,119.0
248000,106.0
248000,178.0
248200,110.0
248200,168.0
248500,156.0
248600,95.0
248700,110.0
248700,111.0
248800,110.0
248900,155.0
248900,107.0
249000,156.0
249000,110.0
249400,172.0
249400,106.0
249500,110.0
249700,184.0
249800,119.0
249900,115.0
249900,120.0
250000,111.0
250000,110.0
250400,106.0
250400,113.0
250700,101.0
250700,105.0
250700,115.0
250700,112.0
250800,115.0
250800,189.0
251000,116.0
251000,201.0
251400,115.0
251600,105.0
251800,113.0
251800,196.0
251900,128.0
252000,114.0
252100,117.0
252400,118.0
252400,115.0
252600,112.0
252900,122.0
253700,115.0
253700,129.0
253800,112.0
254400,110.0
254400,112.0
254600,124.0
254700,113.0
255000,114.0
255000,116.0
255200,117.0
255700,110.0
255700,123.0
256000,106.0
256400,113.0
256700,119.0
256700,118.0
257000,117.0
257200,121.0
257700,126.0
257700,123.0
257800,124.0
257900,121.0
258000,116.0
258100,120.0
258200,114.0
258200,122.0
258300,120.0
258400,117.0
258400,120.0
258500,125.0
259000,124.0
259200,127.0
259200,126.0
259400,124.0
259400,126.0
259900,129.0
260200,130.0
260400,135.0
260500,137.0
260500,126.0
260500,135.0
260500,132.0
260600,130.0
260600,138.0
260600,142.0
260600,135.0
260900,131.0
261000,131.0
261100,133.0
261100,133.0
262000,142.0
262000,136.0
262100,90.0
262100,139.0
262100,143.0
262400,142.0
262800,137.0
263200,162.0
263200,153.0
263600,158.0
263600,164.0
264000,152.0
264000,151.0
264000,149.0
264300,156.0
264400,155.0
264400,162.0
264500,153.0
265900,169.0
266500,168.0
266700,183.0
266800,167.0
267900,187.0
267900,177.0
268100,185.0
268900,173.0
269000,194.0
269300,184.0
269300,193.0
269500,175.0
269600,184.0
270000,182.0
270400,192.0
271400,113.0
271600,193.0
271700,197.0
271800,212.0
271800,179.0
271900,123.0
272400,172.0
272400,214.0
272600,118.0
273500,209.0
273700,228.0
273900,211.0
274000,200.0
274300,195.0
275000,201.0
275800,135.0
276200,253.0
276200,241.0
276900,185.0
277200,180.0
277500,229.0
277600,194.0
277900,270.0
277900,205.0
278100,279.0
278900,250.0
279100,292.0
279400,210.0
280400,298.0
280700,235.0
280900,240.0
281100,224.0
281300,267.0
281300,233.0
281600,250.0
281700,258.0
281700,291.0
281900,260.0
281900,250.0
282000,266.0
282100,242.0
282100,242.0
282700,305.0
283300,332.0
283600,242.0
283800,215.0
284700,285.0
284700,295.0
284900,204.0
285000,181.0
285000,243.0
285300,267.0
285400,271.0
285500,244.0
285500,248.0
286100,194.0
286200,268.0
286600,253.0
286800,260.0
286800,226.0
287000,223.0
287200,249.0
287900,241.0
287900,266.0
288200,201.0
289200,262.0
289300,251.0
289700,205.0
289800,256.0
290200,264.0
290300,257.0
290600,298.0
290700,301.0
290700,216.0
290900,239.0
290900,263.0
291100,315.0
291400,231.0
291700,283.0
292000,259.0
292300,297.0
292500,344.0
293700,256.0
295200,344.0
295500,348.0
296200,376.0
296800,266.0
297300,278.0
298800,478.0
299200,274.0
299200,385.0
299200,266.0
300300,391.0
300400,309.0
303300,327.0
304200,345.0
304300,323.0
304400,422.0
305000,416.0
305000,465.0
306800,348.0
311900,421.0
341700,506.0
346200,723.0
360300,1000.0
362100,1000.0
371100,862.0
371500,1000.0
371800,1000.0
372000,1000.0
372500,1000.0
372700,1000.0
373600,1000.0
374000,1000.0
374100,1000.0
374400,1000.0
375100,1000.0
375900,1000.0
376300,1000.0
376300,1000.0
377000,1000.0
377300,1000.0
377600,1000.0
377700,1000.0
378000,1000.0
378000,1000.0
378200,1000.0
379000,1000.0
379200,1000.0
379500,1000.0
380500,1000.0
380800,1000.0
381000,1000.0
381200,1000.0
381400,1000.0
381400,1000.0
381700,1000.0
381800,1000.0
381800,1000.0
382000,1000.0
382000,1000.0
382100,1000.0
382200,1000.0
382200,1000.0
382800,1000.0
383400,1000.0
383700,1000.0
383900,1000.0
384800,1000.0
385000,1000.0
385000,893.0
385100,1000.0
385100,1000.0
385400,1000.0
385500,1000.0
385600,1000.0
385600,1000.0
385900,905.0
386200,1000.0
386300,1000.0
386700,1000.0
386900,1000.0
386900,1000.0
387100,1000.0
387300,1000.0
388000,1000.0
388000,1000.0
388300,1000.0
389300,1000.0
389400,1000.0
389800,1000.0
389900,1000.0
390300,1000.0
390400,1000.0
390700,1000.0
390800,1000.0
390800,1000.0
391000,1000.0
391200,1000.0
391300,843.0
391500,1000.0
391800,1000.0
392100,1000.0
392400,1000.0
392600,1000.0
393800,1000.0
396300,1000.0
396900,1000.0
397400,1000.0
398900,1000.0
399300,1000.0
399300,1000.0
399300,1000.0
400400,1000.0
400500,1000.0
403400,1000.0
404300,1000.0
404400,1000.0
404500,1000.0
405100,1000.0
405100,1000.0
412000,1000.0
426200,480.0
428900,576.0
431400,268.0
441800,1000.0
442200,612.0
444500,545.0
445900,550.0
446300,1000.0
446600,737.0
448900,743.0
449600,657.0
450700,579.0
451200,662.0
451200,541.0
451400,632.0
451600,590.0
452800,763.0
453100,752.0
453200,712.0
453200,657.0
453500,544.0
453900,574.0
454000,798.0
454200,671.0
454200,686.0
454300,938.0
454400,824.0
454600,651.0
455400,134.0
455500,690.0
455500,291.0
455600,655.0
455600,704.0
455600,834.0
456300,846.0
456700,445.0
458100,740.0
458900,736.0
459500,734.0
459800,975.0
461200,805.0
461800,891.0
465100,886.0
473700,1000.0
474200,1000.0
474500,321.0
475200,1000.0
476000,1000.0
477100,1000.0
477400,1000.0
477700,1000.0
478100,1000.0
478100,265.0
478300,1000.0
478500,239.0
479100,1000.0
479300,1000.0
479600,1000.0
481100,1000.0
481300,1000.0
481500,1000.0
481500,1000.0
481800,1000.0
481900,1000.0
482100,1000.0
482100,1000.0
482200,1000.0
482300,1000.0
482300,1000.0
482900,1000.0
483500,1000.0
485100,1000.0
485200,1000.0
485500,255.0
485600,1000.0
485700,1000.0
485700,1000.0
486300,1000.0
486800,1000.0
487000,1000.0
487200,1000.0
487700,224.0
488100,1000.0
488400,1000.0
488500,146.0
489500,1000.0
490400,1000.0
490500,1000.0
490900,1000.0
490900,1000.0
491100,1000.0
491300,1000.0
491400,1000.0
491600,1000.0
491900,1000.0
492200,1000.0
493900,1000.0
494700,911.0
495700,366.0
497500,1000.0
498100,164.0
498400,161.0
499400,1000.0
499400,1000.0
499400,1000.0
500500,1000.0
500600,1000.0
504400,1000.0
504600,599.0
504600,193.0
504600,1000.0
505000,265.0
505200,1000.0
505200,1000.0
505300,232.0
505400,489.0
505900,172.0
505900,276.0
506500,250.0
506500,547.0
508100,250.0
508300,469.0
511500,257.0
512300,625.0
521100,215.0
528600,368.0
529000,1000.0
531500,1000.0
546000,1000.0
546400,1000.0
546700,1000.0
549000,1000.0
550800,1000.0
551300,1000.0
551300,1000.0
552900,1000.0
553200,1000.0
553300,1000.0
553300,1000.0
553600,1000.0
554000,1000.0
554100,1000.0
554300,1000.0
554300,1000.0
554400,1000.0
554700,1000.0
555500,1000.0
555600,1000.0
555600,1000.0
555700,1000.0
555700,1000.0
555700,1000.0
556800,1000.0
558200,1000.0
559600,1000.0
561900,1000.0
574300,1000.0
574600,1000.0
575300,1000.0
576100,1000.0
577200,1000.0
577500,1000.0
577800,1000.0
578200,1000.0
578600,1000.0
579200,1000.0
579400,1000.0
579700,1000.0
581200,1000.0
581600,1000.0
581900,1000.0
582200,1000.0
582300,1000.0
582400,1000.0
582400,1000.0
583600,1000.0
585300,1000.0
585600,1000.0
585800,1000.0
585800,1000.0
586400,1000.0
586900,1000.0
587100,1000.0
587300,1000.0
587800,1000.0
588200,1000.0
588500,1000.0
589600,1000.0
590500,1000.0
590600,1000.0
591000,1000.0
591000,1000.0
591200,1000.0
591400,1000.0
591500,1000.0
592000,1000.0
592300,1000.0
594000,1000.0
594800,1000.0
595800,1000.0
597600,1000.0
598200,1000.0
598500,1000.0
599500,1000.0
599500,1000.0
600600,1000.0
600700,1000.0
604500,1000.0
604700,1000.0
604700,1000.0
604700,1000.0
605100,1000.0
605300,1000.0
605300,1000.0
605400,1000.0
605500,1000.0
606000,1000.0
606000,1000.0
606600,1000.0
606600,1000.0
608200,1000.0
608400,1000.0
611600,1000.0
612400,1000.0
615300,608.0
621200,1000.0
628700,1000.0
629100,1000.0
631600,1000.0
646100,1000.0
646500,1000.0
646800,1000.0
649100,1000.0
650900,1000.0
651400,1000.0
651400,1000.0
653000,1000.0
653300,1000.0
653400,1000.0
653400,1000.0
653700,1000.0
654100,1000.0
654200,1000.0
654400,1000.0
654500,1000.0
654800,1000.0
655600,1000.0
655700,1000.0
655700,1000.0
655800,1000.0
655800,1000.0
655800,1000.0
656900,1000.0
658300,1000.0
659700,1000.0
662000,1000.0
674400,1000.0
674700,1000.0
675400,1000.0
676200,1000.0
677300,1000.0
677600,1000.0
677900,1000.0
678300,1000.0
678700,1000.0
679300,1000.0
679500,1000.0
679800,1000.0
681300,1000.0
681700,1000.0
682000,1000.0
682300,1000.0
682400,1000.0
682500,1000.0
682500,1000.0
683700,1000.0
685400,1000.0
685700,1000.0
685900,1000.0
685900,1000.0
686500,1000.0
687000,1000.0
687200,1000.0
687400,1000.0
687900,1000.0
688300,1000.0
688600,1000.0
689700,1000.0
690600,1000.0
690700,1000.0
691100,1000.0
691100,1000.0
691300,1000.0
691500,1000.0
691600,1000.0
692100,1000.0
692400,1000.0
694100,1000.0
694900,1000.0
695900,1000.0
697700,1000.0
698300,1000.0
698600,1000.0
699600,1000.0
699600,1000.0
700700,1000.0
700800,1000.0
704600,1000.0
704800,1000.0
704800,1000.0
704800,1000.0
705200,1000.0
705400,1000.0
705400,1000.0
705500,1000.0
705600,1000.0
706100,1000.0
706100,1000.0
706700,1000.0
706700,1000.0
708300,1000.0
708500,1000.0
711700,1000.0
712500,1000.0
715400,1000.0
721300,1000.0
728800,1000.0
729200,1000.0
731700,1000.0
746200,1000.0
746600,1000.0
746900,1000.0
749200,1000.0
751000,1000.0
751500,1000.0
751500,1000.0
753100,1000.0
753400,1000.0
753500,1000.0
753500,1000.0
753800,1000.0
754200,1000.0
754300,1000.0
754500,1000.0
754600,1000.0
754900,1000.0
755700,1000.0
755800,1000.0
755800,1000.0
755900,1000.0
755900,1000.0
755900,1000.0
757000,1000.0
758400,1000.0
759800,1000.0
762100,1000.0
774500,1000.0
774800,1000.0
775500,1000.0
776300,1000.0
777400,1000.0
777700,1000.0
778000,1000.0
778400,1000.0
778800,1000.0
779400,1000.0
779600,1000.0
779900,1000.0
781400,1000.0
781800,1000.0
782100,1000.0
782400,1000.0
782500,1000.0
782600,1000.0
782600,1000.0
783800,1000.0
785500,1000.0
785800,1000.0
786000,1000.0
786000,1000.0
786600,1000.0
787100,1000.0
787300,1000.0
787500,1000.0
788000,1000.0
788400,1000.0
788700,1000.0
789800,1000.0
790700,1000.0
790800,1000.0
791200,1000.0
791200,1000.0
791400,1000.0
791600,1000.0
791700,1000.0
792200,1000.0
792500,1000.0
794200,1000.0
795000,1000.0
796000,1000.0
797800,1000.0
798400,1000.0
798700,1000.0
799700,1000.0
799700,1000.0
800800,1000.0
800900,1000.0
804700,1000.0
804900,1000.0
804900,1000.0
804900,1000.0
805300,1000.0
805500,1000.0
805500,1000.0
805600,1000.0
805700,1000.0
806200,1000.0
806200,1000.0
806800,1000.0
806800,1000.0
808400,1000.0
808600,1000.0
811800,1000.0
812600,1000.0
815500,1000.0
821400,1000.0
828900,1000.0
829300,1000.0
831800,1000.0
846300,1000.0
846700,1000.0
847000,1000.0
849300,1000.0
851100,1000.0
851600,1000.0
851600,1000.0
853200,1000.0
853500,1000.0
853600,1000.0
853600,1000.0
853900,1000.0
854300,1000.0
854400,1000.0
854600,1000.0
854700,1000.0
855000,1000.0
855800,1000.0
855900,1000.0
855900,1000.0
856000,1000.0
856000,1000.0
856000,1000.0
857100,1000.0
858500,1000.0
859900,1000.0
862200,1000.0
874600,1000.0
874900,1000.0
875600,1000.0
876400,1000.0
877500,1000.0
877800,1000.0
878100,1000.0
878500,1000.0
878900,1000.0
879500,1000.0
879700,1000.0
880000,1000.0
881500,1000.0
881900,1000.0
882200,1000.0
882500,1000.0
882600,1000.0
882700,1000.0
882700,1000.0
883900,1000.0
885600,1000.0
885900,1000.0
886100,1000.0
886100,1000.0
886700,1000.0
887200,1000.0
887400,1000.0
887600,1000.0
888100,1000.0
888500,1000.0
888800,1000.0
889900,1000.0
890800,1000.0
890900,1000.0
891300,1000.0
891300,1000.0
891500,1000.0
891700,1000.0
891800,1000.0
892300,1000.0
892600,1000.0
894300,1000.0
895100,1000.0
896100,1000.0
897900,1000.0
898500,1000.0
898800,1000.0
899800,1000.0
899800,1000.0
900900,1000.0
901000,1000.0
904800,1000.0
905000,1000.0
905000,1000.0
905000,1000.0
905400,1000.0
905600,1000.0
905600,1000.0
905700,1000.0
905800,1000.0
906300,1000.0
906300,1000.0
906900,1000.0
906900,1000.0
908500,1000.0
908700,1000.0
911900,1000.0
912700,1000.0
915600,1000.0
921500,1000.0
929000,1000.0
929400,1000.0
931900,1000.0
946400,1000.0
946800,1000.0
947100,1000.0
949400,1000.0
951200,1000.0
951700,1000.0
951700,1000.0
953300,1000.0
953600,1000.0
953700,1000.0
953700,1000.0
954000,1000.0
954400,1000.0
954500,1000.0
954700,1000.0
954800,1000.0
955100,1000.0
955900,1000.0
956000,1000.0
956000,1000.0
956100,1000.0
956100,1000.0
956100,1000.0
957200,1000.0
958600,1000.0
960000,1000.0
962300,1000.0
974700,1000.0
975000,1000.0
975700,1000.0
976500,1000.0
977600,1000.0
977900,1000.0
978200,1000.0
978600,1000.0
979000,1000.0
979600,1000.0
979800,1000.0
980100,1000.0
981600,1000.0
982000,1000.0
982300,1000.0
982600,1000.0
982700,1000.0
982800,1000.0
982800,1000.0
984000,1000.0
985700,1000.0
986000,1000.0
986200,1000.0
986200,1000.0
986800,1000.0
987300,1000.0
987500,1000.0
987700,1000.0
988200,1000.0
988600,1000.0
988900,1000.0
990000,1000.0
990900,1000.0
991000,1000.0
991400,1000.0
991400,1000.0
991600,1000.0
991800,1000.0
991900,1000.0
992400,1000.0
992700,1000.0
994400,1000.0
995200,1000.0
996200,1000.0
998000,1000.0
998600,1000.0
998900,1000.0
999900,1000.0
999900,1000.0
