step,episode_return
1600,77.49592179448594
1600,78.79561389835067
1600,77.67378754003074
1600,78.1220979209071
1600,77.50985017341665
1600,76.60694571566803
1600,78.29579860739304
1600,78.22157939970448
1600,78.47464477974229
1600,78.45472675723666
1600,78.18885023570047
1600,77.68872409509174
1700,82.619824943205
1700,83.47298402766299
1700,83.7194625231716
1700,83.15134523508499
1700,82.81935538446432
1700,83.6397964742468
1700,83.1904248754045
1700,83.24095887032492
1700,83.43888972869942
1700,84.0401433534423
1700,83.28645353211571
1700,82.66351113718184
1700,83.40013266057198
1700,83.37051630810532
1800,87.7574850336203
1800,88.85119468701131
1800,89.6268146404013
1800,89.23824621511284
1800,87.37384698442261
1800,88.8453718256466
1800,88.0809801341703
1800,89.70567303934885
1800,89.42514639720848
1900,93.46527916790059
1900,95.41753716319893
1900,95.13126876633679
1900,93.1015684798101
1900,90.85671815323394
1900,92.362473850921
1900,95.06468682022359
2000,100.17539107901258
2000,96.52275885115684
2100,103.35497558375397
2100,104.77334763393476
2100,104.32446893381848
2100,96.79083044206101
2100,102.4762526166694
2200,109.90836523428091
2200,108.48630293684171
2200,105.45797420850269
2200,102.37263745504809
2200,112.88927423866127
2200,110.46913756903628
2200,104.09276735465954
2300,113.0682964929049
2300,113.40742988963677
2300,116.32622758984057
2300,114.82526818708888
2300,115.0693981380431
2300,116.62662514215877
2400,119.13158653938987
2400,121.72652126409449
2500,120.20496475157101
2500,120.75296359391926
2600,130.3090406307839
2600,131.01086040351026
2700,127.04142754003965
2700,126.71155335900849
2700,125.58943446964851
2700,130.02180195895068
2800,144.93600902118973
2800,137.73891399745486
2800,133.0274137585957
2800,134.6159987041522
2800,136.07812295902664
2900,136.13702555349778
2900,134.85021996070745
2900,142.33625976274791
3000,147.2545584668414
3000,133.29314705080975
3000,141.68859831619395
3000,137.6673772336185
3000,149.47414414204877
3000,149.62998058433334
3200,156.94065338690746
3300,164.4487904510516
3300,161.33596642891217
3400,156.51713963593136
3400,78.35507948867073
3400,155.6799898334942
3400,78.51358734124453
3500,166.0922928092147
3500,83.3004657554228
3500,83.91090136924281
3600,83.48602627962777
3600,84.67074352200378
3600,83.27110069961408
3600,83.17870824031719
3700,161.16267339120284
3700,182.90868510764795
3700,87.97268796276386
3700,91.22339132150435
3700,89.93229721197055
3700,87.30071483474218
3700,88.21466019649442
3700,82.48275440330747
3700,84.6533339207589
3700,78.21796129889661
3700,87.13116315962283
3800,84.15126778714452
3800,87.88109478519827
3800,83.42065699345326
3800,96.93522500582478
3800,191.7625147425151
3900,173.40863227304644
3900,192.37178345602982
3900,93.96672582613235
4100,87.39890464968765
4100,90.21697965414162
4100,83.37490426241314
4100,76.73761868185059
4200,115.03266428432865
4200,87.70397511426874
4200,83.28682441741776
4200,111.01456226020993
4200,116.55314051587492
4200,117.4017557713059
4200,95.93363952397209
4200,203.15211358638732
4300,113.33018009495713
4300,127.10140345858316
4400,89.1393451625945
4400,120.5655270250623
4400,217.63487000573332
4500,134.20121427898198
4500,115.21376055356872
4500,93.9592639159489
4500,85.98270768536709
4500,217.41402663508214
4600,82.24032153256049
4600,99.36078955104176
4600,119.47162697120909
4600,83.29193460372879
4700,109.27854252052036
4700,78.40157095253639
4700,78.39182747612487
4700,109.99194077629745
4700,88.06894766194597
4700,114.24152419912693
4800,90.20254739728114
4800,105.3878882581861
4800,77.74841328448409
4800,119.77150723596576
4900,138.48297652500884
4900,83.3484144517087
4900,133.5202662563923
5000,145.55786473257797
5000,142.0668744344231
5000,99.63131578920914
5000,147.1980702420636
5100,144.95332380923523
5100,136.81515376949824
5100,104.41851388272421
5200,89.02633543141522
5200,157.26846352386107
5200,147.00690658498203
5300,132.4180080664261
5300,104.1505782757524
5300,106.44471149818935
5400,148.8511588131528
5400,133.03900369993468
5400,125.31699681688877
5400,118.97492908027527
5500,79.16704424808302
5500,96.15899388604198
5500,178.7047973145595
5500,96.4676234586021
5500,148.1227379875862
5600,79.00767843078712
5600,101.87634692621742
5600,83.83868298481828
5600,96.07114989500162
5600,130.70000170938002
5600,83.64374408751776
5700,95.20832742292099
5700,84.56753557832764
5700,159.05522401384584
5700,128.84483472423247
5700,84.01660932596845
5800,94.80330963663198
5800,93.89586441490928
5800,90.03312600531929
5800,93.28037123313679
5800,83.91698845749852
5900,165.13970482730338
5900,115.82733895566507
5900,78.78720530363601
5900,193.9094910611516
6000,159.66808936574122
6000,79.0775380838427
6100,104.1795073944366
6100,117.25257933224728
6100,142.87403523137314
6200,112.5951798016206
6300,200.32850927206874
6300,95.66151992428424
6400,121.3276195244314
6500,101.20283996458947
6500,105.15530126528579
6500,107.19538911543472
6600,119.46504568061769
6600,134.73186938524782
6600,112.64444229274322
6700,98.0043001729552
6700,119.844589013157
6700,101.39972460175075
6700,88.97917349374966
6700,95.31611755087442
6800,105.7201663682092
6800,137.12333687369343
6800,132.80370563152644
6800,143.13357671297283
6800,147.72429131410192
6900,113.79604782228664
7100,236.3793631098343
7100,115.04618294162539
7100,116.87443143807222
7100,170.41323811471827
7200,127.07090881122294
7200,94.00836715444719
7300,118.34862965133131
7400,198.0683846955568
7500,147.40459910290292
7500,208.72467459109942
7500,124.1752524916755
7500,149.47540046498656
7500,131.4502449050065
7600,123.16534194786999
7600,136.74996378187353
7600,134.3977834218669
7700,136.11264244377062
7700,131.43965269917345
7700,116.13158331584495
7700,121.81879397011161
7700,146.15338326537588
7700,167.88292885058723
7800,134.45384834379954
7800,161.34522590467967
7800,131.24698382886658
7800,115.34686802096113
7800,105.85021709881465
7900,90.12882309346881
7900,106.02692408384087
7900,166.55994140940265
8000,149.10731144977217
8000,105.3094516857737
8100,120.24685424435911
8100,155.96290326835674
8100,113.55668199585759
8100,147.48448931139131
8100,112.44688621013424
8100,106.15508816343751
8100,126.28896577812625
8100,162.69904835573195
8100,122.05023178406383
8200,148.24310163413367
8200,210.42480938105862
8200,151.41130824722222
8300,115.60421781670568
8300,97.05807542360948
8300,224.84889983448343
8300,117.33615845368955
8400,191.7740448866281
8400,121.81715454210249
8400,148.98770292449257
8400,132.77204688103402
8400,152.3495066334096
8400,174.5600573120011
8400,153.68709098106388
8400,130.80193973824862
8500,150.2534871232026
8500,136.21876543778086
8500,117.45327148732554
8500,117.1854769910987
8500,138.30756847649846
8500,121.32383183349012
8600,150.9555386292285
8600,118.88047248193622
8600,146.47554605853912
8600,129.14594960504922
8600,107.71275050495629
8600,138.59496742524277
8600,144.1505481809725
8700,100.94171464681233
8700,200.3684063241997
8700,140.9852433626763
8700,141.13726932936567
8800,108.22578560929757
8800,97.3127442789552
8900,163.74422038298508
8900,199.75109617157253
8900,193.80396328687712
8900,131.51712425916713
9000,121.5059822345737
9000,106.48143363154557
9100,108.11079654677451
9100,131.8583734890477
9100,157.82337816707408
9200,125.59822403398391
9300,274.6170182598402
9300,161.93292644027454
9300,113.47508672354016
9400,155.08168179498514
9500,106.88175848871026
9600,130.38506616014442
9700,89.63394202129327
9700,100.52750677444351
9800,147.74346153742638
9800,99.7807094718496
9800,120.84698526805568
9900,132.82101373747682
10000,149.26376864828808
10000,100.6467305692791
10000,115.06549644292825
10000,101.17621739641824
10000,117.07768779568319
10100,141.16637620173105
10100,89.06511035120934
10100,164.52710597076805
10100,103.88655945385786
10100,110.43085496074475
10100,110.31815392218338
10100,158.59196597187542
10200,124.71501289535504
10200,124.74366662167239
10300,233.23171200709393
10300,98.93711028773782
10300,149.2026932200753
10300,111.14427350736585
10600,114.72905636945868
10600,108.69991608850198
10600,184.8535131671405
10900,114.98215923290799
11100,185.82182511244727
11300,231.37521391072082
11500,226.5207546512872
11600,222.25140157432017
11800,216.6195565205842
12000,171.65792362801005
12100,214.18246470839702
12100,215.04024834266716
12100,181.9267881496103
12200,163.37771626757032
12200,231.4308500024756
12200,173.27600459338868
12200,267.0447395415784
12300,166.6452967809982
12300,173.1446828313653
12300,210.06566738701488
12300,195.95161976164658
12400,192.09931931490138
12500,181.49714620440116
12600,186.34117130091764
12600,159.4948131227065
12600,211.58985578130418
12700,184.433469467809
12700,205.1561452202711
12800,247.89410078289794
12800,208.3648147791417
12800,252.44846953063816
12800,228.6498683593367
12900,228.0308222930322
12900,230.00916183045126
13000,210.54694494784195
13000,201.96602825252657
13000,213.16139890062306
13100,208.44273671034452
13100,226.39043602289607
13100,197.34479756172985
13100,256.4264546852336
13100,233.86701798681875
13300,240.09002513947004
13300,264.52606361238753
13300,233.92749724043284
13300,269.28738837961487
13400,267.61818755106975
13500,261.2882863887822
13500,248.12143357179556
13500,219.3333113837165
13500,227.2174360799044
13600,254.39527253807225
13600,240.37881267167825
13800,245.97929053331697
13800,237.49654192771914
13800,243.75723160101535
13900,235.50045727071293
14000,234.64946272325324
14100,276.970896259367
14200,277.62782110576234
14200,266.15618376448725
14300,314.686153721109
14300,267.8327458574203
14400,223.5598728922171
14600,255.57406775292785
14800,308.2043421578074
15100,242.14985463447675
15200,244.68391983779108
15400,281.0259746737838
15400,249.6965319787016
15500,335.50454833628584
15600,320.63414423790294
15700,71.0011783073819
15700,256.4039108457388
15700,308.6696803883005
15800,267.0068002143992
15800,80.03624262769907
15800,92.29371592302068
15800,81.85274496376725
15800,80.23563529103082
15900,115.2327341280272
15900,101.34900605316518
15900,75.68623099844854
15900,100.75966325613253
15900,90.39028470482695
15900,309.64132613403984
15900,69.90359522649374
15900,70.53435621386046
15900,101.38933621815099
15900,94.38062699082411
15900,84.65935006921352
15900,102.23190167795948
15900,114.0516569338398
15900,124.72619782597258
16000,93.58696055613932
16000,98.89742753412925
16000,66.37233977663867
16000,68.15907619464672
16000,116.85982897699442
16000,98.7982675565597
16000,121.98866443197977
16100,69.88434114601378
16100,127.69296722891458
16200,65.2203151968346
16300,321.28098409493276
16400,250.92531861519535
16400,61.967813685524035
16400,288.16130218545385
16500,342.34076429634985
16700,63.669186269461434
16800,63.489031496829206
16800,355.0877207045648
16800,304.7648874518585
16800,296.2752039622073
16900,301.6680948004559
16900,311.37715217296835
16900,305.3380045813303
17000,319.8660490580449
17100,66.70881236722754
17100,61.551311612481356
17100,66.65981470524125
17200,316.8890019788733
17200,318.91846571496217
17200,318.64137372515654
17300,63.95301713861014
17300,65.844413885916
17300,225.09750313211114
17300,326.93938595588395
17300,343.3587725926001
17400,62.10149441769303
17400,68.41783947180403
17400,64.84840724068657
17400,192.1048794744255
17400,67.40792429651108
17400,57.825419291200944
17400,298.36702057077576
17400,60.9576882156183
17400,336.2921549777462
17500,65.1076405186508
17500,62.455470909451954
17500,58.84092060532229
17500,69.21027339312786
17500,64.05925783777352
17500,255.2932431661418
17500,63.683770332813786
17500,60.54602827585944
17500,61.64842352788381
17500,64.24454598427647
17600,61.75348289297595
17600,64.64086806897244
17600,65.99576967791008
17600,61.76972433728507
17600,63.33742871913398
17600,314.5175112553827
17600,65.99614112997669
17600,68.93254191552546
17600,60.78452326082006
17600,66.82398364682115
17600,67.30413676274749
17600,67.71216407311539
17700,67.24124842278825
17700,256.85566406109945
17700,321.75292989034244
17700,59.1309622087166
17700,68.90997908797019
17800,461.35622599873085
17800,63.0484878100071
17800,235.24623028492024
17800,60.43241763553431
17800,182.89446197156602
17900,204.97418965674473
17900,60.70601282562906
18000,61.46480557656632
18100,68.26087522067162
18100,242.9774733137752
18100,69.04864728495485
18200,68.97272046205751
18300,357.5965768665557
18300,379.13310665045924
18300,239.35105852098764
18400,61.18844311662445
18400,64.26554425559978
18400,63.835770765368366
18400,247.96330055512283
18400,246.4836843708101
18500,241.59357759909403
18500,372.6960057068546
18500,66.08757612538886
18500,270.8911693200356
18500,319.0412020678045
18500,373.532238630112
18500,64.04374393200429
18500,373.7434676217159
18500,68.7388270728108
18600,235.26724753019187
18600,67.85060053331914
18600,228.20353038491118
18600,69.41833123812108
18700,64.46428296984146
18700,64.81168536169375
18700,255.61623091652027
18700,63.15358132661577
18700,355.0271916171979
18700,286.2512907379239
18700,63.267187441567536
18700,241.19886460648888
18800,369.31200759680524
18800,64.94725876910864
18800,275.7553203123014
18800,330.29903883957473
18900,64.18187203767614
18900,68.16562957682304
18900,289.2889536734814
18900,62.959839443471104
18900,69.96688197478149
18900,62.56202904658267
18900,60.816752201609724
18900,252.3998676713524
18900,263.66212758148225
18900,300.3885099194549
19000,59.40962924595628
19000,313.246911263845
19000,301.8851034807124
19000,57.73581262103791
19000,68.50719214157363
19000,58.96950168359539
19000,263.8000100871383
19000,263.5577465263444
19000,63.374265753288455
19000,62.029949824312155
19000,69.30417646360029
19000,62.94162114295124
19100,63.15351396794912
19100,67.46718392736696
19100,65.65709424240521
19100,279.10085279583467
19100,63.65017557112056
19100,62.65267845660846
19100,54.56018382575447
19100,64.66634149014668
19100,69.92699807813003
19100,64.01863397120614
19100,64.74617366016358
19100,64.66458411880483
19200,66.36922245807607
19200,63.009192518495254
19200,62.76224944990607
19200,63.18512198704934
19200,296.7026496118906
19200,61.70351832556179
19200,60.281286244236576
19200,62.94587065252022
19300,69.01091379912393
19300,69.60487282588647
19300,65.27756415712214
19300,63.941556564203474
19300,64.89558328432318
19300,302.3815683505919
19300,69.51426520313126
19300,64.50822637945016
19300,64.06397005670361
19300,64.77682551690489
19400,69.39011279871185
19400,70.11470096919079
19400,301.30053339189317
19500,68.47645044152166
19500,68.68022204677806
19500,68.64994925433656
19500,63.02258582407835
19500,65.16431292926319
19500,62.99090145587908
19600,65.95459157977061
19700,63.76466070025303
19700,67.9004300188401
19800,69.17976426475879
19800,59.48765155649078
19900,63.692984378462135
19900,64.37129360485618
19900,69.36260345278428
19900,58.50606206374823
20000,62.249029866678356
20000,63.19804682989765
20000,63.67171743188865
20100,64.00449197767242
20100,62.556176782757206
20100,64.93161173235961
20100,62.51593480626765
20100,68.76298289306152
20100,63.49831105945288
20100,69.38468628568391
20100,63.43196607044348
20100,62.19179437003544
20100,64.19299347571082
20200,63.84130495445956
20200,61.979078232512336
20200,69.29660377808703
20300,68.7492478509708
20300,58.346538540086016
20300,62.36350229798099
20300,67.05330134820578
20300,62.27695578802519
20300,64.04797034345866
20300,63.19989006038891
20400,61.8002495114969
20400,64.83388570677431
20400,68.23880620579527
20400,68.36454402176722
20500,60.243846934596725
20500,68.28039953603917
20500,60.226465248298716
20500,63.59121569649442
20500,68.72435898072321
20500,63.13365132947252
20600,64.02742491237255
20600,63.73796994284954
20600,62.83948267064059
20600,67.52742814103024
20600,57.15976838760376
20600,65.23909836022573
20600,63.419912046148
20600,61.02772920537525
20600,60.800499112646875
20600,63.15344041439333
20600,65.66346746351249
20700,63.598692550983934
20700,63.63707198498024
20700,65.58870657715502
20700,70.07256058900482
20700,68.03244601809484
20700,61.02137522287383
20700,55.81169219884943
20700,65.36347580501997
20700,69.86853103985825
20700,63.51834039245583
20700,59.62395588202806
20700,65.85363146370942
20700,67.85324662768531
20700,67.17017467868267
20800,59.67985826639061
20800,58.5700359296407
20800,63.75902405443382
20800,66.6438474799242
20800,60.016586684773614
20800,60.17280844043564
20800,63.91986034191019
20800,67.4343574873126
20800,71.71979014386656
20800,57.69513131580118
20800,67.53685168211531
20800,61.48798767908558
20900,60.67263638769913
20900,62.61355735422395
20900,60.93858849935924
20900,62.55917278514458
20900,63.38814473578543
20900,55.71335954205746
20900,58.947804197062204
20900,65.34658807194965
21000,65.4898923786643
21000,65.8636414054631
21000,62.271515067704335
21000,66.33322835007124
21000,59.19286736895916
21100,65.168746398911
21100,59.54043146359772
21100,58.7007683515289
21100,57.78370278569334
21100,63.92973567501616
21200,56.77362908177616
21200,67.12594334356754
21200,65.23543750668553
21200,66.6722852876078
21300,63.28988931283293
21300,52.66583509601373
21400,60.43414585395052
21500,63.088125919123755
21500,66.7187317795145
21600,66.15129077151619
21600,66.76046743163504
21600,68.29547641106623
21700,64.21114537241583
21700,67.73908855741246
21700,61.709090878958094
21700,65.96052748157418
21800,67.76067680564763
21800,65.46527432724373
21800,68.74280914237573
21800,67.64319001377673
21800,69.21546812052732
21800,66.72951258484599
21900,65.33165680024135
21900,71.29983658165668
21900,66.93473399571454
21900,68.116229604533
21900,68.73971070382434
21900,68.63759962137645
22000,64.93344078167911
22000,63.67433930927909
22000,66.72704292032284
22000,66.91376498065733
22000,66.84165064501398
22000,68.98434992189122
22100,68.25960721653826
22100,65.04574135257003
22100,71.22229261087193
22100,67.28085741940099
22100,67.62340319664376
22200,60.34426357283428
22200,68.78717747984618
22200,68.46132177326837
22200,68.87263491481785
22200,68.98513032305608
22200,59.84312752248532
22200,65.64646220880545
22200,57.678142722475535
22300,68.10900951590706
22300,68.53577275148852
22300,67.75219025560175
22300,68.22578888704102
22300,66.84281408774459
22300,68.01705333816358
22300,62.456702373190495
22300,66.6803000656606
22300,62.50981492712071
22300,68.49834552301311
22400,67.94640915700549
22400,63.10669025042914
22400,63.87370869373112
22400,66.52959683515193
22400,67.22559244132717
22400,68.11088095822845
22400,67.92679947561294
22400,68.9309006975505
22400,67.1956958490942
22400,72.6911688804732
22400,68.72332280653245
22400,68.05312628940104
22500,66.94032813470552
22500,66.03364542134689
22500,65.40115950585312
22500,70.702096580796
22500,68.60090332152046
22500,69.28415089857893
22500,67.6330462908227
22500,67.49382218810247
22500,71.91656112078894
22500,67.77355636704783
22500,64.48371896302469
22500,66.65357825580546
22500,67.39028938934898
22600,65.74808846426433
22600,65.01263720100545
22600,64.06795590690524
22600,66.94955190584155
22600,73.67505118393719
22600,65.65130432120033
22600,67.38972953835868
22700,66.66107444665523
22700,67.47637747903906
22700,71.51377786433045
22700,68.15088516981693
22700,67.09122397387951
22700,61.88496791312395
22800,65.34023560124284
22800,72.42485696725147
22800,68.52871292844252
22800,63.739170252858074
22800,66.93212979432207
22800,67.12834808599185
22900,62.41883939990242
22900,68.12721423625673
23000,68.6688813599429
23000,66.9419494877843
23000,73.21362438800443
23100,66.5692230925848
23100,62.412223115152
23200,62.300872191121606
23200,65.25667990675046
23300,68.65637117984856
23300,62.64962051409186
23400,67.71551733952505
23400,63.746534363054785
23400,71.14086409289207
23400,67.23229454042948
23500,67.73783270994544
23500,67.82963306396717
23500,62.98575643864142
23500,66.80411520022149
23500,67.27837522385543
23500,66.92243078437622
23600,68.13891427761857
23600,68.33847948554313
23600,67.34353885077958
23600,69.10012390901065
23600,67.80375466825532
23600,59.65338367593142
23600,63.57237591440969
23600,67.3711965183913
23700,68.79291202326372
23700,67.74305389031974
23700,59.01322982348224
23800,68.53830535513417
23800,72.53091753200515
23800,72.69383875029887
23800,67.15276696503764
23800,68.62525518781283
23800,67.42731706901101
23900,67.22896185398605
23900,65.72606154540554
23900,62.99030092906225
23900,68.50498180056098
23900,67.50489707674208
23900,66.80915194504827
23900,67.26717857930734
23900,60.89963922626279
23900,69.00190909061047
23900,63.181795740068935
24000,67.20967951493955
24000,73.8261519043655
24000,68.01240994172221
24000,65.92748841689739
24000,67.27243672055305
24000,68.13533880686147
24000,63.12128316507856
24000,67.3061662947912
24000,67.76109167124109
24100,68.8043629184012
24100,67.91940685921494
24100,66.28031368428847
24100,68.1929434346852
24100,67.99437831714067
24100,67.07326612385253
24100,64.1685716638925
24100,68.66660102687541
24100,67.66358735873294
24100,68.77363472813212
24100,63.50027302025404
24200,67.12457662428176
24200,68.07865430068922
24200,65.79166762121606
24200,66.43365131446372
24200,67.15840428197389
24200,62.76834960768612
24200,70.57171296594888
24200,67.95769739905164
24200,68.71501846933381
24200,66.99350545039435
24200,67.10074560961999
24200,69.7007758648418
24200,69.29150629767408
24200,63.01799731148997
24300,68.54473451434178
24300,61.04799501258307
24300,67.06988266491462
24300,62.430231982152826
24300,68.1125239523769
24300,69.29332842728464
24300,65.28537146810072
24400,67.347217907646
24400,67.94296110987302
24400,71.69170003928707
24400,65.27822124706553
24400,67.04556626449191
24500,69.46503945818769
24500,67.54870960407082
24500,66.42722722243543
24500,67.81790537990975
24500,67.68828479188855
24500,68.12247941195389
24600,66.1093936066185
24600,68.9126547478123
24700,64.08388435526079
24700,68.6399918255819
24700,68.45805255334118
24700,65.4872660165705
24800,65.96506889908324
24900,66.51013761885692
24900,63.2563419620145
24900,67.7638776361913
25000,65.76318527884843
25100,67.81447675146931
25100,66.93962204188084
25100,62.874696085498904
25100,68.44244128277126
25100,66.68207290670226
25200,68.26426690792132
25200,58.88978601639767
25200,67.34421582295826
25200,68.06939236964715
25200,64.2797771159398
25200,67.83913081356846
25200,62.562999308942665
25200,67.25408095809341
25300,66.05437350341529
25300,65.76548195526813
25300,65.43898513037351
25300,61.68567885014165
25400,59.41807253153296
25400,64.65463539227639
25400,61.679505004415006
25400,62.45131251798014
25400,66.38197282209906
25400,60.42818586566463
25400,57.617913423514324
25400,66.31562324634575
25500,67.61321733818836
25500,65.79232491046207
25600,68.66386866166401
25600,63.142755849387925
25600,68.7530462549364
25600,68.51633400722757
25600,65.45367301291795
25600,68.70885177862056
25600,66.34800887363085
25600,67.18824916010337
25600,64.60271521918379
25600,68.71199597213086
25700,62.75521936714197
25700,69.12396638047878
25700,66.90135258880936
25700,71.59643631453766
25700,67.79424479007578
25700,68.23512260260394
25700,67.804204164742
25700,65.2966035115594
25700,72.47005921103265
25800,68.22997578420092
25800,68.20522582417851
25800,67.249763445806
25800,66.12597187036424
25800,62.68765165023829
25800,62.3908753764981
25800,66.92399295613693
25800,68.27950472859771
25800,71.13163716783833
25800,66.35023183730645
25900,66.00333996391153
25900,72.74568398832217
25900,68.994138118224
25900,65.62194143662408
25900,69.1877932909885
25900,63.93936524015457
25900,66.72874117172965
25900,68.24104532530366
25900,66.83991281630252
25900,65.43377761410866
25900,66.9226673165384
25900,67.27488027209367
26000,67.61033102957902
26000,69.25685381203786
26000,69.77419845207048
26000,69.8211809265674
26000,66.98024239586688
26000,70.53217136911067
26100,68.50890742729644
26100,66.49517103759285
26100,71.18269653722257
26200,69.11860484091112
26200,67.14281178665782
26200,69.39211927737081
26200,67.91722968877977
26300,74.52470935716596
26300,70.54638815866942
26300,72.27419129736256
26300,69.98686538780858
26300,71.14088668417337
26400,67.97732166094876
26400,64.031489306195
26400,69.03405305374186
26400,71.2285404828582
26500,80.06670180567448
26500,82.79065768550839
26500,70.02624379414483
26600,87.54243848740421
26700,73.67359398270386
26700,68.92813937561463
26700,69.51110465360296
26700,61.72280389253656
26700,68.46131303121928
26800,85.1224232922179
26900,68.36021883273801
26900,84.83259184660419
27000,74.89012250670451
27000,72.19600032066742
27000,76.7795689117299
27000,66.47614350497838
27000,74.08059761202801
27000,77.17871933998191
27100,75.9533985147979
27100,73.93601755279768
27100,77.38546134897746
27100,69.9182645948094
27200,58.6563030124481
27200,81.56449220829535
27200,72.22960618540546
27200,72.13185616013062
27200,81.2515707987996
27200,69.44491100985633
27200,76.22959816812929
27300,76.57070352014007
27300,70.73239128830322
27400,72.16685487271594
27400,70.8848617234435
27400,73.95519283570079
27400,81.79157089521367
27400,73.73550480247641
27400,72.59871372980551
27500,97.96551233784993
27500,68.27871503358055
27500,77.44826490853445
27500,73.01105420689846
27500,67.56013958152998
27500,82.03102475334575
27500,64.05187835517637
27600,82.18196045488759
27600,78.80644653801184
27600,71.06503441675447
27600,79.43927164632248
27600,78.64012221011824
27600,66.17814766953487
27600,68.98592098617091
27600,73.27329600929687
27600,71.11359507608967
27600,97.61290234932399
27600,67.87689773544976
27700,75.61188469439108
27700,70.42504582769614
27700,86.22075932473889
27700,73.63928842418204
27700,73.14993546337762
27700,72.33525905168787
27700,93.7523916506222
27800,81.32245692654419
27800,69.74158426943873
27800,71.84146974235819
27800,73.31219912726088
27800,74.8318238508504
27800,69.63177855142058
27800,91.6741094932654
27800,69.55360460404968
27800,83.92343792043474
27800,81.64395832444197
27800,76.13137949378947
27800,76.11584244251378
27800,75.3252954447335
27900,76.47757881988088
27900,77.6196050605527
28000,64.46755768251529
28000,85.78534012470675
28000,68.07512778752155
28000,71.70337004599565
28000,73.81900393936792
28000,93.84597245546935
28100,90.55475509609578
28100,76.7274360188721
28100,81.95131929160388
28100,69.41499215368735
28100,83.62792409229262
28100,77.02084685368834
28100,93.93526190144736
28200,80.15237609041105
28200,78.88789328568676
28300,81.23470834066137
28300,72.00924819193116
28300,69.29461569770758
28400,75.52549175067472
28400,111.82301843489586
28400,82.17391094479613
28400,69.49312869110041
28500,86.2942707152732
28500,82.33612125365892
28500,71.65569266587814
28500,70.75358245448967
28600,71.25970607122224
28600,69.46671033309958
28600,72.16883626004
28600,74.81268411636408
28700,81.14800030134113
28700,94.14520636143399
28800,70.47286041325214
28800,67.14979411847723
28800,65.95092039424144
28900,74.40474827500506
28900,68.27550210818616
28900,73.14319692510986
28900,81.65334137866952
29000,74.90309901005696
29000,71.37709453084298
29000,70.5016456028161
29000,66.124650838627
29000,69.9878920507231
29000,72.06188162243207
29000,168.857961738905
29000,80.47161505247651
29000,83.23212397366014
29000,76.58725736086848
29100,73.03145339947271
29100,85.29933540959402
29200,69.16698952416756
29200,69.3842364939816
29200,184.78794731963958
29200,72.91655255900734
29200,71.85666011255829
29300,79.1814535715153
29300,68.26547993752818
29300,71.6623409613824
29300,70.30743287014786
29400,59.17381233692749
29400,72.7723898970418
29400,76.55958982367245
29400,80.67430035657961
29400,75.51799982302249
29400,90.40844991450143
29500,77.08470283834625
29500,77.27279290941262
29500,75.36454907309174
29500,70.44277598397214
29500,71.32014709047422
29500,68.40245248548989
29500,74.27060771326501
29500,66.89291622685585
29500,74.9107848206875
29500,72.2869519602281
29500,73.17936405317721
29500,77.8388506893508
29500,72.27044790313742
29600,81.47146295131817
29600,89.05847963292327
29600,81.7811837661862
29600,73.53888442571902
29600,69.73994506992355
29600,73.73465065920173
29600,89.0914567451469
29600,81.56312572429519
29700,74.77551532624081
29700,89.12871876294061
29700,77.136067690799
29700,77.15956903811293
29700,74.6055653403956
29700,79.62904897359743
29700,69.27133023662681
29800,73.59955309607183
29800,74.29990666994742
29800,82.57998299305072
29900,68.34590784758076
29900,67.84482906137157
29900,72.05012824061338
29900,73.29309034276471
30000,87.21690331858582
30000,82.29005782848242
30000,82.42824227967681
30000,64.56703048653598
30000,65.52426398122395
30000,78.53439168860864
30100,80.26396505564993
30200,69.70834723600395
30200,82.0033444253343
30200,94.82305210752567
30200,69.67845349758898
30200,70.22731447383836
30200,72.77655457469889
30200,88.66048376692642
30200,68.92368119811698
30200,84.01111903324407
30300,70.42406897565826
30300,96.24959289777516
30300,67.78908084622951
30400,73.37546352657087
30400,77.74428468932095
30400,74.24333177509243
30500,100.87190183525689
30500,68.66973550235458
30500,78.71624566008862
30600,71.21432479887353
30700,82.472760682391
30700,74.2681540739634
30700,77.30179691420236
30800,105.89215272567964
30800,75.94497270293503
30800,75.20955195450252
30800,68.43286342863485
30800,72.1396580074401
30800,72.51553040654059
30800,68.9977573281984
30900,78.05731651063863
30900,77.27849657940561
30900,76.24323400195483
30900,76.75062603637879
31000,73.88837843154913
31000,82.33384413071047
31000,82.50788488642995
31100,79.47268897263915
31100,65.61260811264155
31100,75.35396148657783
31100,82.24317595077328
31100,60.65458053220142
31100,69.74657605738166
31200,78.93954802741128
31200,63.28682231603716
31200,63.58351440356505
31200,67.98592581676272
31300,70.60441571158839
31300,68.44460311528694
31300,77.98814928084957
31400,71.70927038745312
31400,170.72805863959536
31400,80.47579853997057
31400,74.49543950532491
31500,96.21595640195672
31500,68.22151405398262
31500,69.87684425181942
31500,69.85255247801435
31500,82.40324866553759
31500,70.08962189169026
31500,74.22941889502916
31600,84.90373297712762
31600,74.15775027472615
31600,73.98423608296324
31600,73.16804474264265
31600,92.1548164202663
31700,69.59269802637921
31700,69.22970944291612
31700,88.0959490150786
31700,86.98273952954375
31800,71.66402737548083
31800,93.7208253897344
31800,71.84765335322484
31800,73.57329617904236
31800,74.85831110131855
31900,73.57896792063912
31900,75.67670966020597
31900,92.14407707177985
31900,88.5964116347207
31900,86.7817547094323
32000,69.94465734379686
32000,83.54992260852002
32100,71.70566155187866
32100,211.45418348399178
32100,68.92890766910288
32100,75.00381309390535
32100,77.56414368526336
32100,82.07110461727741
32100,69.44298840726776
32200,75.52806755338975
32200,75.37496470444204
32200,73.7011543979117
32300,72.22845172709789
32300,75.20929543584329
32300,208.65340697131498
32400,91.23191785750988
32400,72.3264258474322
32400,81.55161180422816
32400,95.24451146150184
32400,77.41091200739572
32400,156.20527580018012
32500,69.70065985092374
32500,72.89999713859119
32500,69.26020542062047
32600,71.40461945036098
32600,67.51183002412792
32600,67.78679065917298
32600,76.86375049800255
32700,69.16159951875726
32700,66.82790823309955
32700,76.02167147238444
32800,193.73258001263272
32800,69.61393426954447
32800,71.53835796760251
32900,67.65710519956937
32900,71.42045475709168
32900,71.96826534708467
32900,68.6704572576446
32900,83.4127401686994
33000,75.15298153862766
33000,169.6341661076904
33100,185.58945085856402
33100,70.71758053292602
33100,70.82146893839399
33100,165.3069186922663
33100,79.20615696932332
33200,61.89934081528527
33200,179.71936942521094
33200,103.23256061736333
33200,80.41771726080762
33200,68.7635512495922
33200,168.397406125518
33200,70.80714233842248
33200,67.89307532529995
33200,181.05947902784166
33200,69.80321154604545
33300,178.30204714043447
33300,91.58813489802529
33300,75.84629748924218
33300,65.50827507653202
33300,68.21619862914235
33400,174.21639392754528
33400,67.21968047352713
33400,68.8200341145044
33500,80.75046367518318
33500,185.08275996021146
33600,72.2056208080184
33600,77.70540601565502
33600,74.51486702840295
33600,183.47890583358407
33600,77.24685003610671
33600,72.59672047173166
33600,186.13612000310084
33700,190.68902420317207
33700,71.41730937633592
33700,86.82705536801602
33700,80.915385565535
33700,85.13490851203976
33700,66.15472609770428
33800,68.55159516702626
33800,62.78209956685171
33800,77.45661361407144
33900,65.70800712048427
33900,87.25725119417756
34000,74.37314265168109
34000,85.17098403094799
34000,72.64381671328135
34000,85.02592620470604
34000,71.81655604933026
34100,65.4443701392868
34100,80.1386506639774
34200,73.34160549792244
34200,71.8514029284185
34200,70.37657459988417
34200,185.75173113392034
34200,70.76758783356861
34200,226.72600518578494
34300,188.23261391590447
34300,208.74526074805837
34300,152.73545778475835
34300,160.01797074402313
34300,90.74117041314727
34300,71.2202621343494
34400,110.11553441000048
34400,88.20693134026621
34400,63.46342590585819
34400,70.24448993019644
34400,86.154460535706
34400,168.9495805787556
34400,96.68746637232465
34400,67.28106886825182
34400,72.17600792692495
34500,73.91441067741638
34500,79.77212782832218
34500,189.9413789301985
34600,92.86449285259486
34600,81.5067527481558
34600,67.95477127868358
34600,87.2441495630971
34600,69.59049735071419
34700,160.29802363870138
34700,68.54389381351415
34700,111.22791586148692
34700,69.90272682174061
34800,76.94069988676588
34800,66.83133328403817
34800,60.64269851350962
34800,163.10575449285966
34900,66.04001777581657
34900,62.77663400431743
34900,73.70668862394207
34900,175.89951786105473
34900,71.9854222654512
35000,70.10096461802048
35100,81.50130010544598
35100,68.5564096673242
35100,95.26772486077331
35100,70.48204256821931
35100,75.72974590476818
35100,78.8616166856009
35200,165.37684860228683
35200,72.77786506923637
35200,82.02132134741363
35300,82.28530761483952
35300,179.48868720792333
35300,81.07246587870564
35300,164.42064217554312
35300,66.29577462572358
35400,74.08164282754079
35400,68.95760591216158
35500,166.7612464354588
35500,76.62837878955348
35600,79.96402795226207
35600,76.5751363292731
35600,194.90317742340093
35600,75.12084287955582
35700,92.60723452861328
35700,78.80032509852629
35700,80.602235778768
35700,77.38820856120502
35800,81.67675018577962
35800,102.73773076619577
35800,87.98805679034062
36000,75.20641182803652
36000,75.11942631592417
36100,85.4797935175835
36200,168.65707835454182
36200,90.07896466892873
36200,90.99835672793802
36200,81.67659804140902
36300,195.12796897836495
36300,86.0095328340366
36300,81.25582581643128
36300,96.74203660280007
36400,162.3600261982708
36500,145.25018824376482
36500,84.3761057104295
36600,134.04076932520658
36600,95.44977374819136
36700,174.4927161453467
36800,179.54015439709022
37000,216.51067509052245
37000,170.043761559054
37000,147.66176451338413
37100,175.61420581359744
37100,151.57838936866702
37100,113.99799558837074
37100,159.9386351553638
37100,93.28334550072091
37200,174.38812023629401
37200,176.5598168758177
37200,192.22125908354855
37300,128.72165851225208
37300,130.2484551535397
37400,104.92012950129464
37400,136.21251112905793
37400,93.32129648728912
37400,135.42817341766118
37500,99.7124310958714
37500,120.91395172402322
37500,167.52580951516933
37500,139.37465602857878
37500,198.46124382188702
37600,126.04567557466876
37600,102.74314952271305
37600,134.58851804752325
37600,138.22012823903918
37700,140.67463898782532
37700,169.44002550082772
37700,170.0135813594369
37800,128.17259203327677
37800,157.1950095685067
37800,126.29468097577555
37800,148.23523539817262
37800,158.06917151197405
37900,154.54212866625085
37900,158.75816691550284
37900,79.74385295303908
37900,153.03576105991172
37900,163.75724865298002
38000,154.80430819699538
38000,161.3421403084416
38000,135.2134830245945
38200,219.668857613722
38200,124.72325533089729
38200,208.70352603382938
38200,141.05842158421567
38200,153.97960238270093
38300,172.7871095874989
38400,90.96306988928198
38400,100.94214613420894
38400,137.06729500595594
38400,129.7776009857508
38400,90.49467248456236
38500,154.27675911684764
38500,122.24952594035298
38500,81.07346650392232
38600,158.55446084335455
38600,204.61417857839288
38600,173.6484355720981
38600,154.52677610937843
38700,170.2976668897734
38700,126.80516728526679
38800,149.3963809379641
38800,193.8858038398933
38800,198.0895290171081
38900,218.79834712284003
38900,149.61177806545382
38900,143.62943825507452
38900,171.23291112979123
39000,210.31372785520574
39100,193.0383918992857
39100,160.76668529582756
39100,145.3400844743639
39200,212.61629764725913
39200,215.93253336574034
39200,133.21192830413574
39300,130.92198264367116
39300,173.26470688806597
39300,135.72134664392382
39300,165.6753219090378
39400,150.46478946391312
39400,195.2827989469057
39400,92.19892864274762
39400,132.61765258434576
39700,147.38589125343148
39700,189.67984874854542
39800,191.76156845472028
39900,83.76446020411835
39900,212.07910106923035
39900,142.35997276896265
40000,170.8963883296545
40200,144.03690384951318
40200,265.8664226779978
40200,135.2599372482228
40200,157.9269976731935
40200,243.39036041895992
40200,232.75398746256087
40200,159.8842392825254
40300,265.92121127696356
40400,146.24546144641246
40400,151.02722283938638
40400,85.00297864197805
40500,225.35270414311816
40500,154.34177543141226
40600,133.8549670695737
40600,185.35312695253268
40700,144.25829918902332
40700,142.6740640394928
40700,153.7938433722176
40800,150.02317931726094
40800,132.30191025044502
40800,175.88247098854643
40800,159.0597484204581
40800,132.45464686521427
40800,261.0186133797761
40800,128.36171071731735
40900,224.99890641001397
40900,146.073653097192
41000,94.33087910497395
41000,163.81371598131085
41000,142.83073200949258
41000,145.1083387533205
41000,156.04179495464174
41100,187.76141496794787
41100,226.05665712525308
41100,170.82835659551392
41200,160.28219817220577
41200,180.6500524279584
41200,148.03282298265808
41200,183.91020572415545
41300,167.40958303412143
41300,200.96622985854398
41300,202.78274290166587
41400,154.21563639788027
41400,159.64463081149998
41400,179.4712279563697
41500,175.90590211098885
41500,132.95826021872094
41600,207.1481683697763
41600,173.19873701440494
41600,159.00494853180612
41700,148.6617432590892
41700,149.16897995028614
41700,158.62960631263974
41800,208.03034917133715
41800,162.1054810323618
41800,136.97661427250105
41900,147.72157087379878
41900,136.34612053273713
41900,135.0459714907239
42000,141.99579357224704
42000,150.37530002826009
42000,145.6992248356775
42000,192.43634586081862
42100,146.08229374629036
42100,223.29380385471347
42100,138.37604644624466
42200,150.96582187185365
42300,188.5060443580064
42400,187.7079549961611
42400,192.23823783633037
42500,185.565137462979
42500,206.79510212064423
42500,166.43656876408045
42500,186.83224795343253
42600,159.56342674374667
42600,225.76552707233085
43000,236.44963125432986
43100,212.93291338614543
43200,194.09431761880666
43200,218.73622817044995
43300,174.31363856409104
43300,185.37705075095036
43500,214.53174257284658
43600,193.6700267170434
43600,189.73703896419062
43700,217.79943705183976
43700,219.99155830292315
43800,196.3672861858834
43800,199.82861052579335
44100,217.9585598121481
44100,218.33633091142283
44400,194.5092809350663
44500,197.09279452209742
44600,233.8469030062353
44700,213.67264597179116
44700,231.20704843353485
44800,201.42109252404305
44900,273.8906330442032
44900,267.3039827348194
45000,218.69854119655352
45100,201.09416554309672
45100,194.5551677291212
45300,256.1455321859014
45300,202.07197260228986
45400,256.44649641109277
45400,246.23780761399135
45500,209.65016195146495
45600,249.6513554102335
45600,213.44884661424194
45700,208.5447919192614
45700,261.11835742230846
45700,240.4389723926743
45800,197.89449495536758
45900,284.2381885853289
45900,199.9291143312862
46000,218.58500501429612
46000,251.90474969129514
46100,232.35740271642024
46100,193.86966160733206
46100,236.99241749465466
46200,241.6990837101129
46200,239.41293674887984
46200,224.20168884310468
46300,260.94270908192124
46400,256.5918711987373
46400,235.0497217965069
46400,231.6714702571372
46400,296.69671606562105
46500,233.8916899054433
46500,223.45801368959266
46600,288.46019692084354
46600,281.86490501127327
46700,260.1254928270349
46700,211.67368730681352
46800,236.74817891795047
46800,261.9548066048298
46800,290.6392799063322
46800,287.9675012995515
46800,240.65047489382968
46900,266.3975916540943
46900,231.92834092407077
46900,310.22838126230903
47000,250.32619000543028
47000,209.17109337185437
47000,275.90340507746936
47000,294.9881235417059
47000,228.88559289532384
47100,215.70629933235583
47100,279.8046654092122
47200,226.05316442138223
47300,268.0090546284987
47300,235.27577053168287
47400,263.1736198249179
47500,312.8357431315215
47500,293.24865007043036
47600,198.53649382921284
47700,267.6364524501607
47700,250.3504978238619
47700,216.8578850303032
47800,241.79319397350082
47800,269.0775563339779
48000,256.0484789008585
48000,248.22771643595865
48000,299.731542314111
48200,320.64227835679895
48200,290.9987686350395
48300,354.68626245693787
48300,310.78092597565075
48300,245.1589197527056
48300,272.8706442523609
48700,394.6325352323847
48800,246.86255016330017
48900,367.46175047222056
48900,245.81631781937813
48900,239.56381380323876
48900,234.4177841550503
49000,439.17100241954057
49200,363.6009982119362
49300,202.55504215245526
49300,313.64798013065865
49400,252.32540328467206
49600,222.91697631906027
49600,287.3372858636199
49700,183.68102460051267
49700,232.13742018604984
49700,331.0805782469111
49700,376.7552221291213
49800,215.0146705591526
49900,225.98830181934417
49900,221.79852676935423
49900,318.3579223962471
50100,353.5875938093032
50300,225.45948812371995
50300,393.29941832486446
50300,224.08372909066443
50400,198.87001690891654
50500,202.54873447903898
50600,231.61958800048225
51100,246.17641489571153
51100,296.54876029736164
51100,220.23985037644854
51100,230.46210243566307
51200,212.78255804563574
51300,192.9699833996487
51300,210.3216101090757
51300,186.1288809106181
51400,200.5462279286416
51400,340.66513633266396
51400,185.07370182759007
51500,321.2919462677327
51600,212.19760292646197
51600,301.83828378975454
51700,270.88564171594805
51800,202.1525992972931
51800,252.26023981220175
51800,227.88696726377862
51900,386.63412782434256
51900,217.7590396168324
52000,217.54045512682822
52000,170.5163095619586
52100,264.1079681919692
52100,413.15355399376324
52100,241.29417914434566
52200,341.4806577315658
52300,205.33471555738407
52400,250.9930605258385
52400,268.8537517121287
52500,238.4773830241842
52500,182.16524281167142
52500,286.70372971585954
52600,332.0231890583554
52600,310.6688191412858
52700,313.21847271656617
52800,319.1164490339964
52900,258.3300461713811
52900,347.0926236292267
52900,249.26862203522552
52900,177.4044146583191
53000,206.98570508668155
53000,324.603390454284
53100,315.1005036030491
53100,256.45959170692146
53100,160.9490920866413
53100,236.99675297748612
53300,272.1084111030913
53300,348.04738911424374
53500,246.32780157772447
53500,187.89125964487815
53600,280.8479887545791
53700,188.80992271294517
53800,352.8675190016491
53800,322.2711614590736
53900,277.6836183908355
54000,365.5104216290535
54000,222.7514728231744
54100,401.9772210044628
54100,370.38248931450863
54600,383.1536881043504
54600,358.12438331855105
54700,352.757004691613
54900,416.37898769974623
54900,390.62971790623794
54900,287.6503695389753
55000,320.413806392119
55000,349.6030717727221
55100,275.1827174099616
55200,355.9441176403779
55200,297.3497214031968
55600,437.4100514781305
55700,287.3909539436167
55900,280.982786489094
55900,299.92890007407516
56700,270.41214052936914
56700,305.80014554143276
57100,276.79297416778275
57200,592.6382644590813
57200,236.67089866070268
57300,259.0539030462343
57300,346.1069545611558
57300,365.7161628451769
57400,302.90107050483715
57500,309.3460170315977
57600,449.8693938198097
57600,369.160449016026
57600,567.3626407393853
57700,378.83490879316463
57800,386.57038877941
57900,273.76531629483435
57900,286.2184073356116
58000,390.3852251183556
58000,316.7476793892721
58000,195.92562369392
58000,282.16104470759717
58100,387.13324048579966
58200,362.5942877634581
58200,400.4749871672362
58200,317.4157650712389
58200,418.95903802266383
58400,314.5865782512993
58500,371.4372173090149
58500,348.27802189699185
58500,425.15887105079986
58500,266.4204939850152
58700,346.47582137669633
58700,297.83095928675897
58800,381.2650741269959
58800,278.1892819830582
58800,332.4716482819852
58900,327.5338130109739
59300,315.545636622848
59300,315.72634925712276
59300,244.2846985735077
59400,236.61846571665026
59400,197.67666645668862
59500,419.0600972738798
59500,340.251900630817
59600,272.03372984813933
59900,777.5990330568914
60000,508.02668082317064
60100,305.771303663046
60300,235.94515806757892
60400,371.6723048838416
60400,418.2768295698898
60500,392.96783740339316
60500,308.66056084947775
60600,311.06280654456253
60600,376.0918169497988
60700,366.42883374487093
60800,363.4171976483214
60800,214.40900979460042
60800,351.05757547427174
60800,377.32959654664404
60800,328.3106317184695
60900,371.83535206856567
60900,415.41596366750184
61000,359.1569743806887
61100,343.35017640764835
61100,387.7033939926582
61100,655.8303703200698
61200,402.41988830411196
61200,406.1891303413374
61300,390.1543685051651
61300,467.7062980205621
61300,478.07512593975895
61300,343.18824156782233
61300,359.87057043481616
61300,202.84963481869542
61400,406.62130401559006
61400,413.8888285527659
61500,327.5149739579703
61700,332.86533749184713
61700,445.2152922664011
61700,318.10807294222917
61800,514.5894686594236
61900,369.41467448338085
62200,497.2926565910398
62300,335.2100388784936
62300,347.70357915627494
62500,205.97763924004968
62600,403.87328541783324
62600,344.44368677518935
62600,455.034400193756
62800,365.4806933791546
62800,553.257872471196
63000,650.5653533800621
63200,267.23616855526603
63400,283.4790972222525
63500,268.9723195920369
63700,285.9448799322236
63800,279.6587375939429
64000,237.73552858816768
64000,277.69152410922624
64100,333.64885753941394
64100,267.7004033478936
64200,521.151187735893
64200,503.9534932705992
64300,390.7630959453873
64400,333.48735912143417
64500,273.2372879052638
64600,417.080945503575
64600,265.3664901597626
64700,179.5996314692237
64800,315.78030378277805
64900,324.0725300880166
64900,258.91703168938017
64900,414.33984350084575
64900,266.03009106613035
64900,299.8533157815119
65000,347.15151113013775
65000,393.9038341740822
65000,323.7480114721085
65100,295.3224827641996
65200,455.0656210870942
65400,222.77970335770027
65400,385.99881013263973
65500,308.3069118739627
65500,262.4878911421252
65500,617.1762243116054
65500,382.067965532255
65600,190.11880644572287
65600,289.0967227127157
65700,293.4697036511334
65700,197.151081569726
65800,394.25390548662443
65900,311.2435391950105
65900,280.74187482935395
65900,181.13737692565573
66000,238.65222665864715
66000,194.8601052822352
66100,398.0193207324406
66100,254.3021747330378
66100,214.75230395146423
66200,236.97922057038463
66200,264.60064788042985
66300,353.5427426316403
66300,369.7998062251196
66300,238.92817303405786
66300,226.9114980773016
66400,340.37633227612827
66400,309.8007885341706
66400,254.50296391860044
66400,359.1790650810974
66500,355.3407254489731
66600,510.1978651223138
66700,269.7181649850994
66800,284.8501919749997
66800,307.6198232510825
66900,219.33058643840386
66900,270.3963328508901
67000,520.677651045344
67100,403.2252556383813
67100,279.0374035735729
67200,152.71814672216234
67200,199.09998796347247
67200,418.76536336162314
67300,128.07754266313796
67300,263.8743584494672
67300,300.1669123003521
67400,305.42575965684216
67500,303.51636076111146
67500,400.2607546638097
67600,390.22577825720253
67600,278.9270770781999
67600,268.31343807439555
67700,241.4203466789257
67800,364.09953603947037
67900,260.0205988936166
68000,469.89285646212585
68200,300.9023801492385
68200,229.96354648282346
68200,149.57933660599642
68300,438.11304546637194
68300,125.81788884714761
68400,329.3979479667428
68600,194.56978802885357
68600,258.3769953681456
68600,374.8382060893713
68900,286.41550047448914
69100,161.95477197813884
69100,245.17399529130674
69100,228.33276755393487
69200,150.18911334223733
69200,178.51941438978744
69300,314.6863532542437
69300,330.2346324749343
69300,160.4117211038476
69300,180.6900883626837
69300,272.62852207342866
69400,399.1911419730483
69400,199.42080181460622
69500,136.7645129210836
69500,356.9816475501401
69500,442.07195487147
69500,403.70320775260194
69500,130.473623934842
69600,211.69908467121488
69700,243.2761108562986
69700,172.3381056303335
69800,435.35014563187605
69800,162.53234234651373
69800,269.07005958316273
69800,410.6748527541185
69900,187.61895259248857
70000,257.7089493351611
70000,161.57701885160606
70100,188.06092916865063
70100,160.6088048207519
70200,240.22128352566946
70200,322.16878303808517
70200,128.57352487438277
70200,212.1360664131637
70300,244.5626228424981
70300,244.1905453489679
70400,566.3977412495792
70500,264.77834322006277
70600,300.28656968674966
70600,180.77585718849843
70600,305.36286558267966
70700,219.27587398076165
70700,125.9000318550991
70800,273.6649384343782
70800,215.8988141940772
70800,212.4858707719837
70900,195.5662024813857
70900,273.4676800239231
70900,200.61683262240078
71000,191.71441473383956
71000,247.17713335330834
71000,205.48179660439786
71100,206.62812214633257
71100,221.55466464169666
71300,227.66741518249137
71600,253.74695646578496
71600,425.1931120385621
71600,211.45536543933716
71700,197.69630808496066
71700,218.73585504420495
71700,211.57229591639168
71800,342.2703882141945
71800,173.35278582204342
71900,191.41373692008204
71900,654.18030871818
72100,233.46626702458832
72100,280.49773989653926
72200,339.34549086241304
72300,316.2022682437667
72400,234.9958780786238
72400,218.5984616121391
72500,272.57176534571755
72600,236.80452609043908
72600,236.59027067665153
72700,179.69541765534441
72800,182.8535144154504
72900,249.36128190325235
72900,239.315853911526
72900,199.2791611022024
73000,315.99589528840835
73200,219.5010634280213
73200,242.68936667878913
73300,258.3672585006804
73500,189.38862536609236
73500,301.91657583200447
73500,196.1336047832203
73600,276.52432535829246
73700,583.8476748985149
73700,250.1348636453895
73800,205.85457169864742
73900,175.13166134247507
73900,239.2762248363433
74100,291.52915925973315
74100,152.36776748980196
74200,284.6618696442912
74200,230.05929731487578
74200,340.62845170777496
74200,207.82044794678427
74300,332.5451591156091
74300,213.77061189440695
74300,223.69339065319696
74300,371.02678226089097
74400,146.27732304775705
74400,290.14617501385703
74700,245.45819549927444
74800,430.27719593464343
74800,209.9226662130228
74800,204.20607591026533
74800,237.89484918836857
74800,242.6596412156072
74900,253.6435703885842
75000,306.5371956407883
75000,549.280918274687
75100,233.13213298806613
75100,235.2966534544871
75200,223.43368200183505
75200,288.1872342371287
75200,257.20756606096694
75200,228.06854835017026
75200,238.0645412250114
75200,239.1457539979391
75300,275.41658411752167
75400,385.4217285305578
75400,141.04429491476273
75400,280.7733405309365
75500,269.3746681853264
75500,329.1580126615049
75600,275.56863812539876
75600,262.98786124070926
75600,226.51609606854527
75600,198.8330472893835
75700,211.66749868068047
75700,300.76162747682065
75900,230.16195362933803
75900,264.97575532240666
75900,231.0006103663619
75900,208.63326027132655
76000,245.64010747509172
76000,266.06832950167006
76100,300.63674201470985
76100,302.54448614077506
76100,197.74820084019808
76200,265.88901962696065
76200,201.37777990247304
76200,231.20262809487846
76200,189.7150375630787
76300,256.98468298027507
76400,255.64394142433974
76500,214.11870500019577
76500,252.50011677553795
76600,271.1436845513446
76600,211.49930868456423
76700,225.07774701357053
76700,598.3975042228607
76700,317.7163557203119
76800,289.07145337678276
76800,336.1493089107613
76900,223.55306808242545
77200,229.7807361554468
77300,186.76461156713657
77300,261.43335279406887
77400,292.9457922469912
77400,125.55763962745473
77600,156.61686158627668
77600,208.75975031289443
77700,331.42256539082763
77700,238.9689498271813
77800,232.2920692346667
78000,314.38105294272606
78100,326.7035997607548
78200,224.09487798827925
78200,198.970905737432
78300,249.77143893267672
78300,202.80570881251978
78400,273.69189629527375
78400,310.8153731012533
78400,254.07081070959936
78500,259.79608251730156
78500,239.5621585380079
78600,187.3646081608453
78700,183.66241751771759
78700,165.1253019368884
78800,193.18919439325393
78900,340.62523469937037
79000,219.0832371553779
79000,313.6542553873156
79100,161.80563483498688
79100,219.52505914517496
79100,253.1907986930444
79300,267.8924343527139
79300,164.17402526286935
79300,308.1885442768214
79400,235.37471724484408
79500,349.9838869911364
79500,190.60322928890236
79500,279.40405309029603
79600,234.97794880638824
79600,243.33225143349603
79600,280.7178871376772
79700,236.80973822704684
79800,227.32532089835112
79900,249.44350454371084
79900,282.0446540426407
79900,353.6008129135133
80100,238.40138955548835
80100,231.77397627638788
80100,218.1674753883319
80300,294.91638570573195
80300,284.5008350117288
80500,235.8631161570049
80500,197.4323304789377
80600,252.38794597378077
80600,377.56076865547016
80700,347.60920807004567
80700,260.2542556192413
80800,264.97613247891
80900,212.07614456654207
81100,256.1142801393877
81100,235.8176969731538
81100,284.560475719921
81200,296.3128353722537
81200,191.35387260891534
81300,263.87770451264754
81300,276.1134051528775
81400,205.99014095430712
81500,244.07301835397402
81500,282.24217025735646
81600,251.78469076518147
81600,271.0049885618955
81700,232.34803647875478
81800,271.5166518036805
81800,175.82999808919763
81900,261.319191649569
81900,284.6962954934775
81900,232.7152220305904
81900,261.1809186665401
82000,288.7655272691081
82000,232.25301170510082
82100,278.42085181213093
82100,257.3134359508238
82100,267.9527181961305
82200,309.43214081099
82300,326.6131833555075
82400,293.95045401527074
82400,274.9615239620948
82500,268.772184278335
82600,228.25623158215384
82700,261.0621110035391
83000,300.51024970414915
83100,388.84584721486874
83100,295.8455356482378
83200,222.02174554879392
83200,349.2660922182528
83200,625.4831000793894
83300,168.90223145613942
83400,308.07623659801186
83400,261.67859953889143
83400,281.91598090318473
83400,158.63005548736723
83500,185.59499835742932
83500,394.6521646843237
83500,282.3998019511334
83600,330.25351148158967
83600,268.52916411760634
83700,220.07199777628577
83700,344.87659894681343
83700,171.47757886394285
83800,206.3762468499554
84000,150.97155502581586
84000,199.59454088953882
84000,269.95101915230504
84100,237.2072777163992
84100,233.4451480873062
84100,251.22850504837533
84200,273.5720780892683
84200,227.55458239032419
84300,275.8091489580341
84300,266.3164438653744
84300,202.04583514510585
84400,306.47970516118534
84400,256.0242555963768
84500,188.08541488571524
84500,198.84414243942703
84500,184.73542974220484
84500,210.07245876891147
84600,229.1822864150014
84700,292.2289810714589
84700,329.45512141580036
84800,219.17731288290472
84800,298.4166764492408
84800,423.1571628453099
84800,180.37925138630288
84800,286.22638382462685
84800,350.48465150106415
84900,302.29896443740427
85000,225.99736786020577
85000,292.66120981430606
85000,274.56620051328895
85000,357.64690078158026
85000,187.93500668677683
85100,241.37233347318437
85100,254.92688621797598
85100,336.31253130523214
85200,279.71032206433586
85300,204.1382477749019
85400,173.0726695682999
85400,233.8842509533082
85500,192.36481381885244
85500,145.83223561491917
85700,258.47032904648773
85800,276.5978282210287
85800,227.51520830064348
85900,238.37027067984124
85900,296.0468721928811
86100,228.20654426951182
86100,256.5657991317506
86200,180.9795563961891
86400,317.30969037542326
86400,199.12054319423993
86500,252.57164308346336
86600,243.77652183966683
86600,181.985586406186
86700,227.2061165788237
86700,176.2093563773853
86900,211.2554574079182
86900,212.6513015397562
86900,241.50575749570405
86900,245.0691242265422
87000,241.6847788031755
87000,216.3288668373836
87000,230.60211168852092
87100,180.7669182779709
87200,250.319932143348
87400,247.13867057123863
87400,304.0454745953498
87500,224.85626802616304
87500,240.54188208962728
87600,278.8287257338451
87600,578.9934100725679
87700,217.53815552177466
87700,204.6376673940294
87900,308.89039661846243
87900,205.86821887065216
88200,203.51683999571637
88200,333.8298610747497
88300,218.50638938646148
88300,261.98928613374346
88300,214.1931330599014
88400,197.84631756878343
88400,293.274102150266
88500,315.6044930459063
88600,243.90118888010937
88700,234.91882007201684
88700,282.82485907892993
88700,227.18323942923985
88800,211.4219815801781
88800,209.20283863950013
88800,251.2392727164551
88800,231.46723594906373
88900,201.24313545913597
88900,236.53570163028928
89000,247.45411903329983
89100,215.91245756771062
89100,337.62063839480686
89200,191.37461944262498
89200,225.44995295000672
89200,242.41147351334394
89300,229.53690020427436
89500,220.84076305852045
89500,212.69668657761844
89600,222.15290112605754
89600,281.7139338607951
89600,235.87940294824057
89700,206.2057260930411
89700,199.2131694887229
89700,221.55942417989255
89700,248.13586690323243
89800,220.21912144872033
89800,370.7655380658245
89800,280.54666912146644
89800,218.62052736611201
89800,222.775164008918
89900,213.50128515113445
89900,197.38998073451046
90000,219.28613553556468
90000,214.14672356661126
90000,241.72781142762958
90100,297.25512598640154
90100,264.1208550951954
90200,284.270108075987
90200,227.85436751616305
90300,243.18269880663166
90300,246.788749803032
90400,239.71482131499909
90600,211.6380338881594
90600,178.85703496393796
90800,187.83450453017218
90900,247.8524965666564
90900,275.5891032931511
90900,349.85543765349746
91000,234.62991785470226
91000,296.9021765972366
91000,222.9545510931342
91000,292.18962034305906
91100,209.5576466930615
91100,247.70533526006864
91300,267.4570612083706
91400,257.2777443324766
91500,210.2707257551506
91600,253.67116176084295
91700,282.5710072592263
91800,294.9880930557883
91800,309.25971282392476
91900,234.71085932172994
91900,255.8261517115707
91900,262.9705039617857
91900,181.33075290511633
92100,232.3004842433916
92100,227.221653111973
92100,224.5780589070251
92200,230.22609800467254
92200,242.5219415255685
92300,390.5045814039731
92300,207.10410827526655
92300,217.1585227157673
92400,235.93218342089344
92600,244.25504430591684
92600,265.0447363717093
92600,234.44100314289653
92600,207.36269283891653
92600,254.1512602165309
92700,185.17176168863085
92900,220.20462891984482
92900,312.7258125185478
93000,462.8218687228373
93100,188.7687415748394
93100,200.16169085315602
93200,144.462701113133
93200,246.33728855559298
93200,253.70943986942058
93300,256.9182465088426
93300,226.3041181714664
93400,433.64964544331406
93500,302.85680205205034
93500,202.14683660570032
93600,223.10731219388498
93700,216.7248170253806
93700,139.04659159566768
93800,188.2039883712529
93800,225.9624292679844
93900,226.08195192211917
93900,224.20330063874846
93900,406.6118285704326
93900,251.08621823518757
93900,275.93822002778126
94100,237.23747806832347
94100,223.0640452444879
94200,203.6690512988551
94200,260.9242666940277
94200,194.62262718146184
94200,191.78679247427308
94200,194.01106225856157
94200,233.28366167360775
94300,223.85362337096646
94400,205.45442477809237
94400,243.089371765524
94400,230.76187718973515
94600,195.83713591327677
94600,271.35899385379486
94600,266.8359843206106
94600,289.19333305170534
94600,226.02507615252506
94600,186.70253258424364
94700,208.44666184989094
94700,157.94490068533443
94700,242.078262814162
94700,239.4976806569459
94700,146.40366338053116
94800,221.53176911756063
94800,210.56349411589144
94800,239.31852081245412
94900,227.68370293690123
95000,171.09453647928032
95000,235.32280013977186
95100,146.48415144634055
95200,248.11736910263238
95200,272.2984773468594
95200,114.47681200702414
95300,399.3240641719032
95600,235.63012639649222
95600,276.808608724501
95600,272.5123442889685
95800,237.51923580097485
95800,266.9171317534582
95900,273.9705864432259
95900,198.96850184203115
96000,229.34608802529303
96000,159.75167203840704
96100,272.55882410155624
96200,246.08719763521123
96200,298.019751721123
96200,242.4708556012156
96200,188.2112487701472
96300,243.45522770752805
96300,156.67003457051138
96500,205.59155385176743
96500,239.52297714964098
96600,295.83045814967636
96600,274.9849445724216
96600,384.7495376861441
96800,200.55422405253879
96900,198.86197209794054
97000,258.4472893348442
97000,243.92990694982436
97100,255.65114630542172
97200,272.88429288251115
97200,290.2142348222249
97300,253.63931309802945
97300,210.52315634438955
97300,221.50380911277983
97400,179.47348795160556
97400,215.06689295948118
97500,192.97716477739013
97500,235.0018895522966
97500,214.4628091167151
97600,258.71364370423726
97600,999.3445141506821
97600,240.48236497525136
97700,161.53209615644542
97800,261.66311972382414
97800,216.9980698262317
97800,237.69103730471323
97800,274.46828921241564
98100,205.6614352281388
98100,185.43429393125172
98100,167.4795305262677
98200,222.30937859378227
98300,170.54876425229105
98300,258.793737757468
98400,252.44726340341208
98500,244.50468531270275
98600,232.70018358968915
98600,229.60932659562962
98700,168.83704600432256
98700,219.0622262175726
98800,231.26651967082628
98800,256.80520348401893
98900,330.263011969167
98900,222.90651334274378
98900,209.90710330316827
98900,250.83367520514818
99000,230.47311488187722
99000,261.5048435760636
99000,212.3342737147254
99100,324.1962807596357
99100,234.4657633807108
99200,212.3501200767142
99300,221.31058718738086
99300,233.2431779230198
99300,204.5163102871262
99300,270.6192110815277
99300,219.48487223948612
99500,232.10152037525296
99600,222.321347917566
99700,237.72282980581366
99700,270.1926011785579
99700,307.9980768487719
99800,232.17492413796055
99800,228.36276972713395
99900,238.93853308638361
99900,264.8454967719719
100000,278.3579849942282
100000,226.60157676211884
100000,245.9559162033811
100100,252.40099988639682
100100,227.83049819345553
100100,233.84686733743092
100200,199.15765058798806
100300,253.53292883378938
100300,248.9392125374625
100300,233.52743402316585
100400,230.20575479951924
100400,233.35840964264125
100500,202.86357407319193
100600,292.08198657624484
100600,269.0874755502686
100700,265.77049621785557
100700,227.0975549670642
100700,217.6966448018742
100700,193.97623514499136
100900,258.8474284647748
100900,284.82598069085094
101000,216.69964760773044
101000,274.7846271013955
101100,214.35136365057028
101100,206.8439986320611
101200,241.68220684263574
101300,259.1806820550241
101300,244.7168681165626
101400,241.36638944913406
101400,304.41308124918817
101400,261.29428009789603
101500,228.64731204968905
101500,170.84155915982348
101600,198.24040056474885
101800,240.68813405929026
102000,247.52032069976602
102000,286.57837999863034
102100,209.11444051462064
102100,165.17936989013361
102100,265.55160982457875
102200,226.52879644469022
102200,239.52647515497642
102200,232.3504432268436
102300,215.68796041375288
102300,257.1826522758996
102400,245.2569950567738
102500,241.44651783017048
102600,281.3724851436392
102600,239.01002478612753
102600,230.28718840986727
102600,303.18580167851144
102700,216.18820428070524
102700,203.57744507204745
102700,274.8004200375633
102700,234.60766684476872
102900,282.9889936252698
102900,241.75415911327966
102900,258.00000526423185
102900,221.98562655475217
103000,240.35020622599265
103200,285.49009507407214
103300,257.32785168215185
103600,233.48851004597145
103600,211.39233427896778
103600,236.51434417189176
103600,178.33489347437214
103600,285.3517719400989
103700,246.88505537156985
103700,242.11036895858197
103700,197.56482839791107
103800,216.29983670445125
103800,242.16436169742497
103900,216.7667930939145
103900,250.2682589486033
103900,274.27731760378424
104100,225.45653039788007
104100,217.29599599834341
104100,269.62680276743663
104100,244.94803370607423
104200,232.30430696782454
104300,251.55827141631357
104300,244.25715485974573
104400,248.77874666758564
104400,234.2176378396926
104500,232.4965658113079
104500,253.25925369053292
104600,256.60732785326803
104700,270.24446709409443
104700,251.2952372777851
104900,230.05121742348675
104900,237.26248999914168
105100,255.10117039153178
105200,248.35008315271634
105300,246.3825332158187
105400,290.48447223388894
105600,262.55616239599607
105800,232.15980126363166
105900,285.7913170800061
106000,293.54127601767914
106000,267.1819870027155
106000,251.4966569298206
106200,264.0877924263578
106300,259.78755687447523
106400,268.7708771769896
106500,263.6213900077907
106800,260.97778485256987
107000,298.6073255789306
107000,307.7236958693629
107000,300.25977298058757
107100,445.6484043547642
107200,294.59993337351494
107200,291.197587985381
107300,284.10378326433664
107300,274.15706161238995
107300,289.94893594792626
107400,244.76641116173926
107500,245.71501267389428
107600,215.18527640690394
107700,296.8139822170656
107700,261.3717378991977
107700,311.82077800812124
107800,200.46133314457273
107800,402.56795932091546
107900,349.8257003924334
107900,312.1150037251678
108000,270.3659239095232
108000,310.92836748322196
108000,259.10156702168797
108100,225.19313950684608
108200,322.3613481548896
108300,256.2662891685239
108400,313.3885655159501
108400,311.0711617572526
108400,255.8779632003855
108700,346.56913522207753
108700,335.22371224229846
108900,419.6456403684442
109000,298.4387060353972
109000,315.9625460024074
109100,321.8356233653826
109200,305.8151193381592
109300,255.48078366674224
109300,305.8084432652249
109500,338.94222655457816
109600,277.4689799946044
109600,299.52496470587243
109800,324.9756182167309
109800,275.0357560691977
109800,289.4330626253805
109900,288.7077995699532
109900,306.01885042207374
110000,469.51326681125505
110000,266.0783456869544
110200,253.94527104434349
110200,383.2759120511262
110300,263.76440191544856
110400,322.7982068486337
110400,238.80374691517068
110400,486.8140593048338
110400,356.9045118670462
110600,322.0215166837884
110700,278.28436372018035
110700,323.64666476853915
110900,302.8065319580848
110900,351.9520329585245
110900,311.77544801761974
110900,324.4627217150515
111000,511.49328399048966
111000,314.66712836746194
111100,256.6561399956517
111300,258.06037753297926
111300,318.69190421754763
111500,489.63790129680075
111600,258.7898835096921
111700,386.33054522940415
111800,328.42527928370885
111800,548.0531217012251
111800,453.1843944537745
111800,313.2412383991317
111900,438.9311895843043
111900,381.799369338995
112200,387.0450550036416
112400,298.9452633129372
112400,580.1721130534097
112600,236.137986953362
112700,324.2800083912891
112700,351.7601120034221
112700,297.69006635157933
112800,317.78324651745083
112800,431.29595999254946
112800,362.2557738044367
113000,251.97870781686558
113000,277.7745917982942
113300,506.55956998846636
113300,387.4524610774244
113300,316.2076336741901
113400,281.6972547220752
113500,245.58103486888783
113600,301.30442062389716
113700,266.2058657336934
114000,364.9439685821835
114100,330.05852255443637
114200,481.1037938946984
114200,258.07190145745415
114300,294.35100844392406
114300,288.5916830941284
114300,328.0943336432717
114300,299.67025680373047
114300,239.9490135378461
114300,545.6171277912512
114400,486.7657260628459
114400,492.51991672133425
114400,513.1835913718386
114500,346.9833078180653
114600,289.4059007762062
114800,492.7863736119418
114800,219.51690990136098
114900,276.96384710054537
114900,501.50437203786936
115000,379.34582120768187
115100,261.13672278885736
115100,302.0764163478323
115100,349.20252980621575
115400,359.130783237045
115400,333.4574693686668
115400,382.23165011360464
115500,238.1605788398958
115500,398.71609228691847
115600,281.6883720294935
115600,234.88215295214158
115600,334.8850939174439
115700,268.6987096463226
115700,460.1558013504927
115700,293.6698408195923
115800,251.55323262278276
115900,242.55736461680476
115900,256.0153412501524
116000,287.842286115009
116000,442.2023321773289
116000,211.7089068398816
116100,373.2182501973982
116100,386.58762683438215
116300,313.0816828920081
116400,406.6414460495471
116400,283.6256803288948
116400,298.6939531156369
116500,231.11129767566484
116600,412.0689047750274
116600,320.39648648443375
116700,253.69401942137418
116700,397.9366185656017
116700,287.4538537311228
116700,357.5739233148277
116700,359.6177623439248
116900,265.6174067112648
117100,240.57505382887743
117100,339.1737962619078
117200,449.73973429414235
117200,289.9641471644955
117400,304.81528322636257
117400,462.78333327209606
117500,349.8689837532119
117600,324.672684565475
117600,261.99004328175937
117700,226.57817077380753
117800,322.9103635939105
117900,326.068526672541
118100,693.7698613795721
118100,343.22012371815003
118200,310.37637757851627
118200,380.38843027776
118200,359.4872226195388
118300,299.0316709940279
118300,239.67932457229165
118500,354.25655963914147
118700,285.3080402937975
118800,333.19334125204324
118900,285.6378332490841
118900,303.810675105087
118900,337.9696398095063
119000,263.07129713811923
119000,341.1083665682764
119000,295.3416740102714
119100,297.9024689166859
119100,310.4915141264664
119200,183.44890255265295
119300,301.81031406555456
119400,269.6895499676073
119500,227.4874979888483
119600,198.73658433250858
119700,321.6675404050028
119900,193.77698950160368
120000,261.7696717231683
120000,245.13280126655118
120000,253.36452101410185
120100,322.35345176992155
120100,330.5871004940846
120200,235.2057116496614
120200,256.2031204414544
120200,268.17996650009525
120300,130.71889789619976
120400,285.1693565803569
120700,440.2257085089644
120700,243.8763792435265
120700,263.5880341660502
120700,173.37240425972226
120800,308.8797730062003
120800,235.14310609718086
120800,246.0213550748426
120900,311.9303396850042
120900,233.75380063580326
120900,581.1935512061937
121000,221.8330115695052
121000,182.84599816403193
121000,224.26307659848652
121100,288.8241104202709
121100,301.0645951760492
121200,250.6327123754942
121200,242.66835198726758
121200,324.03050943244193
121200,208.10800681908052
121200,280.217846248467
121400,223.72420004781824
121600,337.6726006628536
121700,386.20853574641797
121700,253.85046128442855
121800,242.8387509549604
121900,302.7462708025033
121900,255.0448182927251
122000,482.4037121968781
122100,264.01905623457833
122200,168.30913866284945
122200,308.1338342725385
122200,261.8138879932253
122300,544.903931937012
122300,164.96442141253394
122300,336.9260608546806
122300,211.70355264390994
122400,297.57541521605395
122400,183.25707100804487
122500,393.31665407472036
122500,358.11015245068626
122600,327.8819697927067
122600,434.0747412336586
122700,427.4061264180996
122800,216.68944703866669
122800,239.83071488909454
122900,349.3087747828588
122900,857.7246773931222
123000,270.2431988551658
123100,237.6436811184303
123100,347.1606516450926
123100,182.06833485417212
123300,310.910918945324
123400,343.1906721366995
123400,481.4866120304312
123500,209.1453744926426
123600,262.7084098693034
123800,249.82268333891633
123800,311.2269653976613
123800,400.5458963379342
123900,406.14337391317383
124100,237.91785085831992
124300,316.53668233617077
124300,448.7893147815167
124300,293.66271259688693
124500,429.64388637799294
124600,261.68762521142946
124900,338.5743019773305
124900,271.97157337587333
125000,312.1376836097671
125300,279.04470488646024
125300,303.86374704966113
125400,302.52325869878894
125500,331.10587645280015
125500,287.8302278702208
125600,304.7818587179509
125800,409.6452774497087
125900,290.7383361058603
126000,327.4158345617512
126500,344.0470987687027
126600,320.03518549255324
126700,268.53474352029394
126700,223.32615332379063
126700,337.8972579562738
126800,220.74737221638497
126800,275.4796886000581
126800,485.35080242426756
126900,285.3932799328634
127000,276.6992117034694
127000,272.07202520273165
127000,497.21125035934995
127100,388.0541088039341
127200,448.8740528169175
127300,512.5807656314636
127400,271.16446687743974
127400,286.7983997920097
127700,504.111827910224
127800,324.91944986917207
127900,276.3890864642675
128000,287.0961739533352
128100,331.0003927524994
128200,273.4778106362651
128400,294.0606520811921
128500,357.4269544456446
128600,330.5370912788608
128800,309.72067968945805
128800,312.7560788675746
128800,263.8787538828938
128900,271.3772627064126
129000,249.6420390308725
129000,343.47910442688607
129200,344.4897151302635
129200,254.94388851753774
129200,524.23509064626
129300,347.80067433723053
129500,357.45841780494266
129500,406.52037398264866
129600,325.20210646801553
129700,305.5059469383444
129800,321.49158670577185
130000,321.96954593570035
130000,340.81009749779474
130100,298.9348215068833
130200,361.4962391244446
130200,330.7113849375542
130400,453.82959506764524
130400,298.1194179461607
130500,478.489787407169
130600,272.1839360805254
130700,338.20101144364025
130900,399.4940340385742
130900,361.5260849139252
131000,413.9050626590636
131100,345.55288534361836
131200,274.4400118456109
131200,423.81778024098287
131500,284.45053264287685
131500,512.8898381630792
131600,498.4611925444834
131700,468.7052572508559
131700,284.26639534020086
131800,280.08310483002043
131800,346.97288334722253
131900,297.6281163477699
131900,540.8982467651002
132100,536.1337161318141
132200,417.9030472484704
132200,287.4022652825592
132300,481.45611491045764
132300,329.32039053886
132400,416.19946236734114
132400,285.566630185162
132400,364.3573783871088
132500,545.3050338768134
132500,441.9923394451912
132600,348.8325212774361
132700,370.6478877580355
132700,283.94272361120636
132700,513.0033542678012
132900,345.48737852754226
132900,448.8700520733357
133000,332.4565534031701
133100,231.54795893410514
133200,280.3903681670612
133300,330.06757234301466
133400,265.21868655643397
133400,443.9361549047033
133500,313.5943707279502
133500,248.88505023210604
133600,530.7893327354446
133700,272.6440599806902
133700,287.57277106756686
133700,277.2522218167989
133700,727.63176640064
133800,396.8309785652454
133900,300.4128703740296
134000,263.17946809452405
134000,662.7837697981518
134000,664.7037240027882
134100,344.05550019671637
134200,528.739910295955
134200,499.9013859360267
134500,297.959942059469
134500,556.8418488930362
134500,473.77395021640297
134600,295.73499102131314
134700,255.27000083126302
134700,328.92237668197174
134800,386.577904392615
135000,394.4865019268754
135100,222.2715207368539
135400,327.07626939747024
135500,291.80989994303087
135600,286.3532095360903
135800,342.431981391618
135900,257.8720736810098
136100,258.98651749025726
136200,401.7067971576735
136200,352.1915588759367
136300,292.715024029185
136500,476.6800169788903
136600,303.17976725289884
136600,716.6976071397445
136700,617.5739308581683
136800,297.4203721377096
136900,381.9982405222681
137100,334.59620746123767
137100,284.7070283735231
137300,386.2113017111267
137400,337.8739405104799
137400,325.3305070253984
137400,404.46131481768407
137500,284.45247976146266
137600,286.945267537425
137900,458.83864595309615
137900,252.83783645437134
137900,462.5517933221572
138200,278.64264267035674
138400,312.76785659403015
138400,312.9727960462819
138500,345.79138834111603
138500,322.7072535903734
138700,275.7212204118245
138800,294.6966770212103
139000,308.484788303856
139000,331.571288684521
139100,319.8347637164684
139200,251.66558537757604
139200,616.7184420287605
139300,446.1731305802097
139400,469.26761598505834
139500,359.061121122616
139600,394.30900243617543
139800,444.06404555505645
139900,268.3991654810571
140000,348.80632866583517
140000,310.1932650399146
140000,305.13183243369076
140100,301.26898670951186
140400,554.4712952352996
140400,401.94667722222357
140400,312.96842492262556
140500,391.44112125571235
140600,659.6183309680612
140600,374.3663529043451
140700,426.9725589188122
140700,397.67187780118996
140700,321.15628951282173
140700,344.20231956181027
140700,398.33252502166175
140800,318.70937185125126
140900,784.159370060644
140900,349.9680543706916
141000,247.57025841790275
141100,214.2755804162992
141200,531.7554706922724
141200,519.4749194956969
141300,401.79242944913204
141300,244.13118564718778
141300,376.07788666285416
141400,302.38233898584883
141600,350.6449065394262
141600,335.18773071783477
141600,504.29012524527366
141700,250.81285298221994
141800,606.2058394050574
141800,412.78908735187207
141900,346.4612622118454
142000,393.09040890338787
142100,384.8041154525413
142200,356.8044796693194
142200,337.6215375133316
142400,273.74674478264706
142400,684.0439380612995
142600,360.7156508485422
142600,372.88798666156106
142600,303.659631548095
142700,370.1360499160604
142700,280.78857349539277
142700,335.65011424339616
142800,665.0562138614976
142900,347.3097795957033
142900,241.16985148100883
142900,399.6848907250174
143000,226.6701098625784
143000,367.5766592651932
143100,318.59373560975035
143200,305.49719971135744
143200,293.55059588168797
143200,415.49794304153545
143200,270.9820283916555
143400,466.44503626454303
143400,569.43006763157
143500,414.3661714900784
143700,254.25719223055071
143800,582.8628890119111
143800,339.37793278146677
143800,265.47980482732953
143900,447.20001638744293
144000,372.2591532625277
144000,474.5107744275669
144100,235.09896554870144
144200,316.9690858282199
144500,325.29684153507156
144600,501.5640998834349
144600,282.91131937028183
144600,413.32934934970746
144600,245.92436311266857
144700,541.6383331928326
144900,371.26284685385684
145000,316.1077425211724
145200,790.5373277029114
145300,290.66069229825683
145300,278.79541235484163
145700,588.2900084664647
145800,347.9317750027011
145900,417.15362869643286
145900,274.40658942466433
146200,243.78329768066658
146300,258.17981164298794
146300,547.3886989741335
146500,257.43277149866134
146600,342.7781913411772
146600,369.16093532529203
146600,468.34492517935513
146800,247.3716477247224
147200,370.13846066775943
147500,301.9036100878386
147800,217.8719854731157
147900,382.11494300877564
147900,298.8457060484954
148100,305.8774341765247
148100,271.6488550935692
148200,234.70935346903946
148200,329.06497114364555
148300,387.6022220920068
148300,374.56872636554544
148300,341.3109721833623
148400,268.15472667407613
148400,798.1061477707963
148500,290.1607209524709
148500,241.3417913749785
148500,393.5999968800148
148600,266.3343186650187
148600,298.205867527158
148600,407.7129969415172
148700,354.5948973411734
148700,365.5799887098747
148800,515.8197517407245
148800,296.3992510801882
148800,383.28094249880587
148800,446.1563921325851
148800,329.4380680303404
148800,271.5620407966978
148900,240.72503808295718
148900,300.0841028862116
149200,366.809943516489
149200,355.743784063636
149300,303.0336499835342
149400,264.33537660154735
149400,379.29175864339965
149400,212.37074330019732
149400,304.531712975142
149500,238.2443513987765
149500,221.48092604427984
149600,316.71820329451486
149600,256.47391191512537
149600,380.17911715582005
149600,591.0100571965226
149700,430.81008433643996
149700,334.095570374037
149800,220.47749223834919
149900,548.0060383229421
149900,370.64584091616496
150100,497.27599976331544
150200,336.0830794881456
150200,453.6663737237314
150300,360.39856318575033
150300,346.21612862018486
150400,408.2649196423123
150500,348.70306961939366
150500,235.3801784242063
150600,369.2455029997972
150600,279.2330716277529
150700,268.29716287296526
150700,382.92904153941885
150700,637.4516320658284
150700,343.7366848012953
150800,384.30514022389553
151100,482.4434774313317
151100,243.42436562462595
151300,211.36949529246772
151800,402.6737572443845
151900,388.92616170930916
152000,274.4430949244531
152000,243.21152627687604
152100,378.96551645121593
152200,517.2096229006396
152200,257.9220809443006
152400,324.4589310066707
152400,396.73570759445124
152500,663.7965364810211
152600,235.87838818570918
152600,212.06537966824848
152700,424.9424813136705
152800,349.40560956620254
152800,388.1420892374141
152900,602.1050174973003
153000,301.535847945547
153000,397.6126500537744
153000,242.8854712858109
153100,318.7325971616365
153100,305.15832591390534
153100,326.93424642922025
153200,205.30255565685832
153300,452.7888881049657
153300,469.2032309887087
153400,230.18533001448026
153500,442.40627549306873
153600,237.55542312226675
153600,320.2755551843244
153600,243.08870475449172
153900,281.5168933349405
154000,455.2536653124305
154100,268.11386586535565
154200,206.8283815102153
154200,298.76162322112896
154200,232.96324293862037
154300,239.4201899543369
154400,221.25670970217482
154500,275.1218599372358
154500,377.17197733033925
154600,238.64186880971266
154600,265.64427390721244
154700,226.40289355046528
154700,233.13887450459058
154700,479.1780060267535
154700,538.3552260958544
154700,417.72948131395987
154800,582.5752041136763
154800,241.04281725925722
154900,277.8901711497609
154900,315.06673556821556
154900,553.151538850924
154900,461.4377551414036
154900,285.61258591071635
155000,235.64378031458344
155000,269.07055565201193
155100,286.79019890920586
155100,273.61686584540666
155100,305.85186855326316
155100,309.49027566330847
155200,225.3265004242523
155200,438.2419966016012
155300,217.13015694415617
155400,305.60904573395646
155400,238.4381664152856
155500,255.66151848936124
155500,214.42914774876294
155500,272.8001606922403
155600,336.6423129111301
155600,330.24873828825696
155900,302.23370043093377
156000,214.83252858729625
156200,796.3132471484718
156200,307.1780318455165
156200,302.00629830837306
156300,265.39166869858195
156500,267.22054463071663
156500,195.8669033041149
156500,317.55561854837435
156500,272.34098398630175
156500,339.20603529920584
156700,288.1612158360639
156800,261.56003089295353
156900,310.8236109105465
157000,373.1999468854642
157000,281.68215452359874
157100,197.57256939402075
157100,259.4217230985967
157200,320.9543057861152
157200,461.8434882485137
157300,397.8353759254203
157400,195.21480884416164
157400,218.21126851968955
157500,425.0769766005437
157600,185.14921309624816
157700,331.09009902566044
157700,453.9438127171323
157700,244.82431823078892
157800,292.4232277112425
157900,160.64831941586877
157900,267.48826611088737
158000,250.48076447934463
158100,216.2293523428075
158100,204.64205368852632
158100,214.847733752353
158200,378.8950405324671
158300,403.24348618103994
158300,234.68891573076223
158400,240.7206407753266
158400,194.6122703646122
158400,264.67227284331403
158400,238.43198676127602
158500,270.66126179566
158500,311.3355602425873
158600,269.2157762482347
158600,472.76454191754465
158700,270.26356926361586
158800,362.0123422417592
158800,308.06605340293504
158900,309.4967623228836
158900,206.29983703113064
158900,206.9133148517498
158900,216.76847083147993
158900,244.32317276436567
159100,326.04670746301326
159100,202.721049889391
159200,324.7905986380474
159400,256.34085711517054
159500,229.86282606167282
159500,308.65920689677154
159500,245.85387465664203
159500,213.3060758645627
159600,203.02776588317073
159700,229.0422937901358
159700,189.51944727536008
159800,206.34945295005375
159800,286.96343462183466
159800,248.25628232230181
159900,225.08593945157506
159900,247.70307577333725
159900,107.56923438738116
160000,257.04943858076786
160000,340.1420034747952
160000,255.18433999472032
160100,228.1501049324766
160100,258.4208777345468
160200,210.99541495837153
160200,144.7301273099766
160300,227.32589508664833
160300,353.14734380124133
160300,239.89871692386367
160400,249.35346492761371
160400,441.10963008680324
160400,244.82226130842776
160400,250.9603323065894
160600,245.31908144776867
160700,266.0811737625278
160800,229.36799887941683
160800,202.24911675103272
161000,295.54823909656704
161000,286.49488099198345
161200,273.6375599615821
161200,175.97705960535941
161200,207.7060731719005
161300,492.7210988198878
161400,264.8260135834211
161400,291.2617833277021
161500,277.4058154749985
161600,286.16302368247534
161800,250.1074922541912
161800,275.05343109332915
161900,337.60720805792903
162100,307.74376580006185
162300,283.6695998971207
162400,333.06608625256484
162400,157.47188212542434
162500,270.5808853741257
162600,260.4664804300486
162700,266.612411113771
162800,218.85165794899072
162800,350.10872091969816
162900,155.40697826918998
163000,328.49561477418695
163000,250.69544729745374
163000,237.1373327648841
163200,301.31258937417175
163400,245.15668237002635
163600,260.4789704145358
163800,320.38368084982767
163800,252.7497900242474
163800,383.8444348282606
163800,313.618404988619
163900,242.0787224983197
164000,321.03728123968153
164300,272.36923719685086
164400,322.2988583625753
164500,194.85275424249843
164500,290.6442407140778
164600,224.1043692554757
164700,369.0626185305091
164700,254.61285206624288
164700,273.10811671429576
164700,277.1892499950441
164800,238.02441963376242
164900,242.63494431376043
165000,276.77223122594273
165000,305.81755063770476
165000,239.04828996862938
165200,367.36709966298866
165300,242.3817657691551
165300,223.0586606685014
165500,288.6730921617241
165500,438.8259794296923
165600,262.17912673561176
165600,280.06416105086134
165700,435.75142511855967
165800,305.17751044283
165800,333.466860770419
165900,275.8994076406203
165900,321.60711870407084
166000,276.9998093025525
166000,260.2438035451215
166000,367.8485170594383
166100,378.9402589438339
166200,304.6492947763433
166300,345.5364723481306
166300,412.8471983529245
166400,349.61209548680756
166400,421.9356831259554
166500,321.4558386866298
166700,264.39712356160396
166900,394.28956467933807
167000,311.06185212676166
167200,273.33346628924056
167400,355.93358636879174
167400,348.81318074635544
167900,235.69627910826063
167900,308.2133725085905
167900,413.35015954781636
168000,458.3177647454739
168000,390.31227816390447
168000,443.46240757616613
168100,333.0307703952917
168200,260.25956006158054
168200,392.002914095833
168400,351.95026004340133
168500,320.9539120989506
168500,393.24550703598203
168500,362.6427169650957
168600,512.7695619515284
168600,406.77526036817824
168800,286.03483038436343
168900,387.3899603057897
168900,336.1633569228524
169100,466.5507710939805
169300,447.44538591605397
169300,379.3090863635371
169400,247.07564632753616
169400,374.08717563592785
169500,287.2278168452861
169600,584.4968787893096
169700,323.21947826259594
169700,328.94866882951027
169800,381.17134507688263
169800,364.51630268870804
169800,281.7958191818786
169900,282.7281024411117
170100,439.2558797589522
170100,235.67692660584282
170100,317.1223557853807
170400,268.74259970461844
170500,356.43071308583046
170500,425.93094529372337
170600,267.93935019066686
170700,333.4804730990396
170700,495.2667581159753
170700,323.18125326743416
170900,441.5549593825109
170900,497.99605149469426
170900,472.88219634109
171000,291.9541721384562
171100,210.7577288262007
171200,501.7355139137083
171300,239.71458862438246
171300,257.1056858204176
171300,523.2213818079242
171300,310.1896145238202
171400,222.52993529797163
171600,304.3964788282629
171600,476.8067360439359
171600,273.51110691717287
171600,321.35448586514804
171800,267.79865536617103
171800,264.0200946389347
171900,285.3109242653475
172100,312.21545177743286
172200,475.0446881549403
172300,396.03245923146443
172300,442.73918562524534
172400,381.12796156830984
172400,294.8980631776078
172400,298.73990082081303
172500,386.0818689329233
172700,292.45032965330563
173000,356.59196683803776
173000,255.56304130585133
173200,336.7315836158209
173200,388.9336288663142
173200,532.664127757517
173200,341.73771762721685
173300,228.9303943938696
173400,286.8403948174644
173400,240.02209516245
173500,639.9284112900824
173500,390.86715037748064
173600,693.6644888265816
173700,358.0838477206911
173800,237.91909647452133
173800,265.00388306504294
173800,403.17179306225665
173900,227.02644184492837
174100,256.1015936604273
174200,328.2019856780624
174300,293.26985503571757
174400,480.0332758627577
174600,373.5508418164068
174800,535.7388060379999
174900,446.07663476184854
174900,298.87826475405865
175100,289.763844404486
175100,319.75904139390065
175200,369.965999383185
175300,482.8759768982937
175300,257.81966893690503
175400,354.4038598696774
175500,362.1147566683367
175600,483.0202827921948
175600,292.23787563138427
175700,269.1723262592194
175900,264.85345858640846
175900,707.6424993432228
175900,518.3558273732303
176000,333.0249441469405
176100,502.9786664357765
176100,358.91153914222394
176200,255.41394005746062
176300,389.15068029685057
176300,471.0110373514824
176500,398.48765335933507
176500,312.5285635943086
176600,312.8842233006486
176600,277.1886695210951
176600,293.77029137275593
176700,407.9241791427527
176700,311.16741125017376
177000,285.26037966785134
177100,366.948961216751
177100,264.7204863082868
177300,314.434716799032
177300,718.9069194824259
177600,494.0984362558148
177700,318.6489751232105
177800,485.378472371433
178000,253.00426843107007
178100,405.60434940696666
178200,438.2073310909572
178400,308.66781182619496
178500,281.3774003604098
178500,284.84151695412845
178600,337.54862547041006
178600,316.2744869537028
178700,353.0178309575252
178700,302.871875102166
179100,279.5312654320753
179100,353.96524469252046
179200,264.7579480390993
179200,305.00315757613066
179300,401.6617952454136
179400,320.7772028491623
179500,303.88705618482163
179500,285.8672623833014
179600,447.48384701289575
179600,712.558711106299
179700,305.08305749098355
179800,453.88850598739674
179800,354.76517125581296
179800,440.89833826550574
179800,404.1302340609858
179900,288.05247851376225
180000,355.1464001187689
180100,516.8372788463555
180100,510.0258223465156
180600,342.7647701823281
180600,376.45876783704006
180700,294.6642073192158
180800,423.97916091515395
180800,363.0442519000584
180800,495.6665907231091
181000,442.82174010911564
181100,327.5577697351675
181300,571.6876263865944
181400,487.155375034349
181400,334.70520874639266
181400,882.711754959856
181600,390.9531346184315
181600,287.21007192519835
181700,466.69939824755596
181900,328.88474207210623
182000,434.960378907746
182500,345.1413606870402
182600,308.64870984626367
182800,291.0779440617458
182800,301.5092885196542
182800,282.5287933999774
182900,376.5552569058704
183000,441.16600071108525
183000,330.3810801198654
183200,263.91690943801757
183200,328.2397683549204
183200,358.7760727659382
183200,509.84272097873566
183200,450.0943967270032
183200,405.5485016309796
183400,279.326160015726
183400,428.80936643988974
183500,300.6804528093023
183600,318.9323555449904
183600,424.9876967830823
183600,558.1462279722105
183700,315.93415295364866
183700,342.11509293681644
183700,332.5166033463561
183900,266.3609255455633
183900,276.734478781199
183900,380.08694786995454
184300,506.28700725454786
184300,314.9948123013173
184300,875.7157534149933
184400,371.01892071562406
184400,266.11955669485036
184400,583.7842159071956
184500,381.73012184986686
184500,441.53485919195316
184600,292.6348250904581
184600,280.5372152411311
184600,353.99760893949855
184800,373.39675123115063
184900,260.18137925552634
185000,448.7263395865872
185200,248.60261148355448
185400,267.88766732657626
185600,416.4269980760611
185600,433.9480278952246
185700,408.85779874347656
185700,481.50968339899714
185800,594.4356455343653
185800,594.8941994560498
185800,617.5511200089152
185900,387.61917641704355
185900,351.56858090315353
185900,279.2635993332196
186000,652.9013469796668
186000,393.34852659176505
186200,261.404774973526
186300,267.5613602395632
186300,461.6790562169027
186500,794.7889491893319
186600,284.0077951530239
186700,289.29630398808507
186700,335.6509371139881
187000,272.76274585884124
187100,323.8650348763648
187100,301.36471962858406
187200,351.0385248842414
187300,436.7239919330107
187400,288.3474571263464
187600,351.9820824606345
187600,261.9633747769946
187700,290.958408867122
187900,406.9168941640955
188000,463.09349102504586
188100,340.56746710599674
188100,312.00428829280827
188200,273.76239359749064
188200,285.45916797785713
188300,364.66585787261613
188300,310.56134783207824
188400,391.91811228536477
188400,360.31995004856634
188500,440.72588505396413
188700,277.3412259848068
188800,339.3585854603645
188900,304.6586098405639
189000,251.2921776945069
189000,473.68665913872667
189000,490.5988088628148
189300,410.11768067816166
189300,245.37787508063843
189400,322.2630891538433
189400,360.83033354574803
189500,299.59050340101345
189600,270.0669731274163
189900,271.2695477105286
190000,265.02938981971784
190100,584.190821312504
190100,326.38800292718713
190100,355.52201042678865
190200,425.0934045450014
190300,325.98523951916786
190300,326.64857448291303
190400,301.49208673133506
190500,302.69980354361223
190500,337.6727775997395
190600,333.86252281194356
190600,302.9803159278845
190700,304.04234655188935
190800,296.0308314109951
190800,319.6861676612871
190900,273.8040086126696
191100,417.61301245756977
191100,643.9608962528501
191200,295.4181933537834
191300,316.4622795413662
191300,359.6644298867861
191300,336.78932514822793
191400,239.3178928424335
191400,299.88703632836825
191400,526.9060527626415
191500,459.4512958230255
191500,298.59958297073115
191600,634.2702781796253
191800,305.4925162530111
191900,307.69814750141643
192100,364.8328710292321
192300,329.20254031272685
192600,394.78575736885534
192700,311.63490868622756
192700,1040.2073618711308
192700,346.8387784324485
192800,347.1169332438401
192900,353.02824559620825
192900,289.6899293198355
193000,298.283420384687
193000,294.48879621602754
193000,313.615745575996
193000,265.1423339834219
193100,296.5805038948081
193100,240.76128274830054
193100,359.6734929579377
193200,257.4858889090671
193200,308.99511449158047
193200,349.86768733518846
193400,345.5165925127794
193500,450.9574618356781
193500,251.62121762703688
193600,836.3193290221222
193700,455.73689645792655
193900,312.8468858198996
194100,273.3402297563261
194400,434.3585857264771
194500,410.5333541721236
194600,297.15578618600796
194900,877.5282147459187
194900,286.32676722236357
195100,398.7743381507464
195200,459.03018300197965
195200,302.992341055517
195400,423.52040502680273
195400,317.79929620227597
195500,334.05231817969116
195500,259.2131227373336
195500,285.26706945966697
195600,228.0242512227706
195600,415.32795970733116
195700,326.57837108445096
195700,302.2187036515784
195900,451.0517083405245
196000,428.69229169855373
196000,275.8847213773642
196000,231.21990341678753
196100,255.71032902375424
196100,426.9140906111273
196100,264.290790899268
196100,236.61496569953493
196200,240.4242032905723
196300,421.2419230863896
196300,241.0038142938204
196500,242.1978716924167
196500,265.33870106533874
196700,275.0396119157232
196700,482.96800651450684
196700,238.09476957621285
196800,399.49875449065024
196800,266.9392485450776
196800,227.67460683656037
196900,271.20625808543053
197000,685.3160646853636
197200,253.65991215373248
197200,369.8349822513996
197400,349.24422604906687
197400,338.6559869282322
197400,291.2923212461012
197400,232.82002478717646
197400,306.2899729382081
197500,263.7303575879762
197500,251.13444433433165
197600,274.1292885859668
197700,404.07520812600956
197700,508.42773827453044
197700,311.9971930026747
197800,346.13266204852874
197900,266.30092820074657
198000,253.59705968485878
198200,305.27001690191696
198200,366.7614149972462
198200,371.42969969376844
198300,230.51648491956084
198300,851.5716084608787
198300,651.7978267987851
198300,429.04917725348895
198500,301.4049974584893
198600,259.3884939206362
198800,250.8482778934466
198900,238.55534529990567
198900,243.44416297392084
199000,470.7164119019337
199000,580.9194420993716
199100,274.6624985608313
199100,411.8185715268768
199200,284.13165258517466
199200,258.20630600860517
199300,232.59892942240265
199400,278.2369271932201
199500,345.7933159641947
199600,267.31393373900283
199600,353.1245794351699
199600,270.83960496488646
199700,275.8058354156917
199800,257.0413987863308
199800,225.19422419799224
199900,290.8105195838842
199900,235.02816590940074
199900,307.5712874591758
199900,348.25885157406157
200000,261.6940920008911
200100,299.2288590073128
200300,210.33062639684692
200400,546.6661628306391
200500,221.61984773047718
200500,305.62929472278785
200500,245.8830582674447
200500,343.0341081280313
200600,535.2257790293548
200700,372.24636126457074
200800,221.19888223289112
200800,217.54059673577802
200800,237.2017195364156
201100,352.7726191228139
201100,212.42826682593935
201100,238.4218432686772
201200,248.11099275513126
201300,236.58793189859412
201300,219.3659438192497
201300,329.1180410587503
201400,260.8284215799311
201400,224.26274511571654
201400,208.28924738361388
201400,242.411206437242
201500,273.4487171083706
201500,239.46541308329446
201500,263.2727363489079
201700,225.9046686552347
201700,212.91301252467153
201700,242.1852484887516
201700,266.7587320910985
201900,454.5395481213453
201900,251.01414562266538
202000,221.81703613419253
202000,648.1619889589381
202100,243.55567635217145
202100,682.3282698497582
202100,225.01549193005687
202200,461.7870801056425
202200,307.55990329327625
202200,213.8389581292926
202300,239.48227912285174
202300,213.83249345128226
202500,250.47434519092414
202500,268.6929327423163
202600,317.21712618332936
202700,220.64285273372576
202700,207.20335382595746
202800,224.25622123447587
203000,234.1859534300193
203100,205.2056934371879
203100,206.68399031111232
203100,294.31046458640685
203100,237.5353600628213
203200,216.37099719638917
203200,213.22593549670495
203200,258.6749301937245
203300,242.89793876221304
203300,243.2256784749572
203500,253.97961771477614
203500,281.7918135198417
203600,240.3573477096792
203600,238.85348302523826
203700,441.7597416791844
203800,238.616684936864
204000,293.3743754489396
204000,327.0438425080375
204100,272.527682751142
204100,219.67928772529572
204100,264.9699596556485
204300,220.25484786911144
204400,221.03676580742527
204500,233.56832023229364
204600,228.77540093389686
205100,265.83546777901523
205100,264.90234719932715
205300,280.22259948442104
205300,293.0586424580202
205300,811.5122779201934
205500,294.5493807384126
205500,270.8862589202497
205600,372.98167475635177
205600,326.9698645242645
205800,233.97611516157068
205900,574.2635802731422
205900,317.4547041379906
206200,275.3758122605598
206200,267.5333881109434
206200,214.83695442017637
206300,263.82508040972476
206700,291.38434244174107
207000,193.35341241680024
207100,259.48091624423984
207100,268.9417552966616
207100,669.4156175734344
207100,323.48417362025333
207200,243.02570152243655
207300,329.1157574229121
207300,315.4514155114509
207400,215.9087448368617
207400,326.17562697985306
207500,315.3569664674622
207500,278.54715596129955
207500,297.18491670976954
207600,240.88105873035718
207700,247.9149512609006
207800,292.056580902874
208000,303.14029160371257
208000,315.3395536791408
208000,332.91084341654863
208000,272.7922610564259
208100,283.70223775837565
208200,249.82764671802482
208200,282.3417600787434
208200,280.36005979738604
208300,358.34170297049224
208400,275.2341054333569
208400,276.61208804708014
208400,327.6792034891446
208500,274.86686447543144
208600,332.727719676796
208600,293.68728188533044
208700,299.9065971589238
208800,278.8413251218027
208800,343.23306841569723
209000,236.3373062580011
209000,280.3931879267055
209100,315.8582187075263
209100,421.1586307558158
209200,291.5534493980801
209300,243.3884916345214
209300,272.195837056179
209300,287.12039465926483
209400,373.633676357752
209400,345.53637758086455
209400,290.83288289356767
209400,262.99892717803505
209500,285.7761669353508
209500,308.429367488064
209600,416.18000197916524
209800,219.23468900995098
209800,239.51150291193952
209900,262.2428554298586
210000,289.6231684272222
210000,333.3226502569744
210200,303.3144258105874
210300,445.5552320821814
210300,290.6589544850921
210400,253.8541042298125
210600,286.0419271863025
210700,446.2220190224226
210700,212.57421182290645
210700,271.137558819205
210700,264.9439914699547
210800,333.2406854842536
210800,238.8556624180619
210900,323.6818632980745
210900,404.0102284973619
210900,212.51963935121879
210900,348.24783965025796
211000,238.86295382908085
211200,328.4824116832616
211300,358.07120260375683
211400,231.00359492961817
211400,500.44143898259546
211400,339.23536749542353
211600,240.94723718846097
211700,220.97917886144282
211900,374.2181287281271
211900,336.0145547658868
211900,217.37766848055168
212000,333.90831673634597
212100,242.44770189701035
212200,358.9564833054011
212200,266.8025508245773
212300,272.2590934065885
212300,323.8784310629712
212300,217.2797960117458
212400,484.9706888714073
212400,407.4246966885454
212500,223.91512201958002
212500,304.82447555888075
212600,238.10562197145256
212700,266.13275819115654
212700,314.1399681401333
212700,239.8888792636552
212800,229.88942852047407
212900,221.1495364078591
212900,227.02438916916267
213100,219.29927653564636
213200,318.9400498565407
213200,388.3906122983158
213400,246.62171726278928
213400,229.6428176817099
213500,503.4198272101614
213600,262.2904848143095
213600,240.7242399889289
213600,222.72819887505116
213600,310.5430653273137
213700,223.84746729457862
213700,234.7767175270957
213900,399.5974583831851
214000,235.07428734727216
214000,214.41737919477904
214000,206.36360374450547
214000,442.9853959220856
214100,238.8287280291621
214200,223.2220644230689
214400,565.4420114359132
214400,217.39011256756788
214500,261.7437640711427
214500,290.6347524325379
214600,448.3227749388173
214600,282.348421629887
214700,299.14130448713473
215100,254.51723625935435
215100,246.8507430442394
215300,273.4861866911716
215400,277.68466958655875
215500,343.3232215420841
215500,291.4504853198432
215600,249.2026189026792
215600,534.7027476258248
215600,357.40069094493225
215700,279.4952204104512
215700,297.77154063267045
215800,272.79658247433366
216000,353.00546475134627
216000,337.85501502810797
216100,316.39337279257376
216100,330.3413267007025
216300,397.4857789818591
216400,235.61256011308936
216400,283.85018978930344
216600,245.84343698150641
216700,267.9204627652108
216700,317.11748178503524
217000,235.84980090374944
217100,312.77672860502133
217100,310.00454479656963
217500,297.9627888666803
217500,323.1522322098379
217700,302.7731577782824
217800,297.3859810890279
217900,274.0180054010434
217900,192.21395433107799
217900,355.1748949452817
218000,359.02878855320216
218000,231.67543283183983
218100,300.0657295347556
218200,301.7665809193091
218200,252.6445700034373
218300,363.3478146758151
218300,311.2347011493236
218500,327.47449993653385
218800,393.5381988493674
218900,301.4639730791526
219000,303.1319304111031
219000,208.43081648002473
219000,248.5600348719635
219100,346.79866910859704
219200,216.9862874260512
219200,292.03543503846413
219200,342.14996572717564
219300,215.50850616701064
219300,210.68746323554973
219400,235.84119327373426
219500,221.255506148723
219600,270.31560042754944
219800,411.82975130226004
219800,420.02914028693516
220000,271.68319167006206
220100,330.73056564971955
220100,231.14807590424468
220200,212.23405073426966
220200,357.79047840654084
220200,351.5870946144898
220300,383.23339973081124
220300,462.37748495088306
220400,549.5097100118753
220400,324.45501627210604
220400,257.3247629337097
220500,369.76384297618813
220500,338.91803420383866
220600,274.641607594978
220600,420.75913743872945
220600,246.23843447350453
220700,366.2385731509834
220800,404.9924028824312
220800,230.36753890663672
220900,207.8157549891067
220900,314.2404292602116
221000,211.93649512267592
221100,376.2293544393804
221200,316.1470626245662
221200,461.30819134398917
221300,330.3134943790114
221400,273.2758721067293
221400,218.71265742081414
221400,218.1179764607973
221800,253.99369562933904
221900,251.06398943059563
221900,318.9572849715881
222000,408.28313779512075
222000,425.0687528925067
222100,484.25507842946934
222300,215.06749869514917
222300,285.4869586698361
222400,195.97798093845228
222500,561.733630429159
222500,419.344175815985
222600,301.8640199154916
222600,381.20080310183175
222600,396.38571861535473
222600,203.18874060608655
222800,590.5652898449325
222900,451.1350839004233
222900,482.17908908440927
222900,217.14740605622544
223000,258.54902174677443
223200,485.60834812755155
223200,357.50969783280976
223200,443.62201538574675
223300,230.6561735670552
223300,184.3764543583766
223300,565.363381801669
223500,468.47591178262877
223500,230.4178952057045
223500,196.12887666548576
223700,341.44290027798684
223800,233.9034570393292
223900,260.5497042734326
223900,320.3442021839905
224000,342.0510742430208
224100,365.33770901980563
224600,517.7997470665847
224600,243.92518206565072
224700,426.14405246520505
224700,239.36733045060413
224800,536.7397960426418
224800,384.8396878221676
224900,289.7685292323002
225000,423.82536956918983
225100,231.81784729168095
225200,321.13818343749193
225300,304.34318795195054
225400,229.5170155948755
225400,226.06060410561926
225500,427.6524905419658
225700,234.45216633712306
225800,614.2064050084593
225900,579.6752927059962
225900,234.8130927843833
225900,239.807380966732
226000,274.8671607050517
226000,446.14468660916145
226000,345.46730625552755
226200,244.52650000874254
226400,589.9459752935235
226400,256.924973120028
226400,439.61892642772085
226500,238.12661109420827
226600,322.4697812598001
226600,313.94850406833626
226600,300.39221334125386
226600,224.29276906386707
226700,241.90699602525754
226700,264.4288298078344
226800,384.5663785337875
226800,252.8441790602108
226900,557.6692592916249
226900,405.59743371284037
226900,234.60950318658703
226900,269.51749251671424
227000,376.7326358000158
227000,414.2678832548643
227300,308.58364031002884
227300,332.8773737700845
227300,262.307163655698
227400,228.024317125302
227500,213.51906177612196
227500,297.13660133666974
227600,343.21537207555144
227600,238.06451884817446
227600,248.5971695109698
227600,299.75040597911953
227700,485.6093080418772
227900,229.30164509354287
227900,206.03959996249276
228000,219.39011812739923
228200,266.44247793516416
228200,268.8219657034483
228200,244.03792451553034
228300,245.59942291994315
228400,236.13485646458975
228400,317.1765516476136
228500,545.7709848567291
228600,231.2601358884522
228700,341.28397149397347
228800,240.0156050999086
228900,423.27285010806656
229000,235.6635254256694
229000,550.8411008406371
229100,253.94905497974867
229200,279.5881417863755
229500,266.7914589936878
229500,381.42136861885746
229500,235.4852160473574
229500,262.47441198968994
229500,258.6085680218525
229700,520.7461655461808
229900,253.191817164772
229900,304.10104786160576
230100,397.5038224513635
230200,306.5178598602107
230300,491.89073288118925
230300,422.7473987576625
230500,393.76625408707883
230600,337.4816889763715
230600,501.9124179712718
230600,366.96669298266477
230700,412.22628006688973
230900,284.9516163576799
231200,576.5252346542338
231200,419.95253662300394
231200,453.3341830550334
231300,265.96542359928014
231400,347.3997325180524
231500,302.6853733348506
231500,300.23655058350397
231500,315.7176191016166
231700,385.1709872655775
231800,326.93967982850927
231900,273.0031891291905
232000,276.67740813631025
232100,422.0895185621737
232300,364.90077487659727
232400,252.2277272705006
232500,370.63505878553076
232600,304.9073835856489
232800,382.25546490655597
232800,337.2835818630528
232900,438.42632282384625
233100,391.2819009992191
233100,365.3718591616223
233300,340.69319301096084
233300,297.58161782446115
233300,291.33014370851004
233400,523.7437580312577
233500,456.98944784057113
233500,412.71600284929417
233700,271.2339544040874
233700,355.6092260662812
233800,296.94951420522614
233900,296.398566590629
234000,373.7312804998412
234000,332.63913231239394
234100,355.853292874427
234100,349.903326777216
234100,359.5387278518099
234200,305.5843441831966
234300,313.2309045934958
234300,273.20711121960926
234400,279.1324380024291
234500,435.5736096795777
234600,389.17185464469657
234800,302.2265234447499
234800,420.92376149904743
234900,272.18613055766474
235000,309.0074201880665
235000,381.0061180336799
235000,354.35235933980437
235100,283.00130105642444
235200,324.3071468478021
235500,256.69830437092895
235500,310.47594397679546
235500,214.61615083835414
235600,420.87708294381736
235600,385.1142129434463
235800,305.1068338743127
235800,451.54999472555505
235900,442.78240398488737
235900,376.26869820097767
236000,466.2957344583639
236100,391.5869629588011
236100,362.02803339339755
236100,330.53661343318225
236200,374.4883605486425
236200,453.0074260577194
236300,473.55982237316465
236300,310.75315125202695
236500,347.8214272937621
236500,242.9393984551239
236600,366.68939293388587
236600,212.28070880881802
236900,404.36187582629617
236900,477.4626012659693
236900,347.53962495799493
236900,393.991339200743
237000,253.52962367194732
237100,411.316956401832
237200,333.3237785521578
237600,486.1061120074095
237600,321.0460675996133
237600,250.34253967043315
237700,395.07829270888624
237700,307.96005641210724
237900,316.9692632222972
237900,354.1192440969273
238000,576.0809445143269
238000,203.7096104751485
238300,275.62009463134274
238400,325.60729939917763
238400,294.93724772705485
238400,521.023403429108
238500,325.70911509344154
238800,519.3659334677711
238800,363.43540489869116
238900,310.4214930703473
238900,345.71187842631247
239100,236.36542570719507
239200,515.2175349344125
239200,335.8684342414162
239200,499.00048709726735
239200,539.0527237272289
239300,250.8252932145136
239500,369.01032377397127
239500,245.76835251736784
239700,403.26740790618
239800,274.99976650337436
239900,408.28808052111026
240000,414.84296819236175
240200,269.82825165754053
240200,414.7754351732772
240300,522.5377713531723
240300,298.472875803859
240500,280.5249018103603
240700,394.3247982921666
240800,372.5522750610638
240800,316.1526630772974
240900,355.1222775790638
240900,257.9112838755783
241000,557.7384669627359
241000,315.69164241134945
241000,301.75007209003934
241000,327.0728803112044
241200,301.28239849736235
241400,509.97212039429525
241400,332.5202124593942
241400,262.61902371417494
241500,249.99019529079916
241500,378.9807389288194
241600,363.1849511990537
241600,371.89601338857824
241700,271.0196755405806
241700,366.8816493829179
241800,287.2144091826049
242100,382.41784660961736
242100,342.66148640752107
242100,301.0699007633568
242200,340.2748968593677
242200,491.8889726455411
242200,236.1192906497653
242500,233.66201279898704
242700,280.610150159472
242700,434.5623542505261
242900,425.5945982224379
242900,765.2022724042442
242900,279.09032299308
243000,382.2797151275872
243100,314.41461656467993
243100,379.95758904544397
243100,538.8665227842348
243100,356.0327802478344
243500,349.06423699461493
243500,489.4628435153586
243600,334.0612373794769
243600,379.33103978568755
243600,351.74450731585046
243700,351.37326024523423
243900,431.5358067523605
243900,280.2441659064475
244000,456.79394816996455
244100,234.15003049701798
244100,335.69194188126363
244100,419.504113542426
244100,495.20367500557506
244200,291.29292189842226
244300,297.29643673417837
244400,383.7802538098301
244600,410.05681709525857
244700,313.58067739670486
244700,402.30296927637113
244800,289.28388900681585
244800,486.6811056601352
244900,252.90796290878444
245000,257.55860805043574
245000,278.3414279182902
245000,409.4690048556164
245100,390.2734625644635
245200,506.0830956861223
245200,394.9843125134216
245300,316.75010382347466
245300,291.21979035108217
245300,360.6445922875226
245500,462.8116709798997
245500,462.45051760332274
245600,276.0715680396627
245600,319.1445076478082
245800,456.8162810870738
245800,382.912601959342
245900,358.99804484183795
245900,367.6910629299894
246100,305.63811336006944
246300,303.8099385069878
246300,255.8943007616203
246500,283.3206674026983
246600,393.5067881715907
246600,290.75622716868156
246700,346.39109744925116
246700,335.61317000315944
246700,347.390423606283
246800,269.95796633843713
246800,238.71337690894595
246800,369.8062499253654
246900,318.0210834092775
247000,337.9258499797961
247200,277.272312994789
247200,275.63539114266734
247200,279.8635723739507
247300,612.5990903069938
247400,386.24498907372174
247600,272.45315785268883
247700,244.62787662104668
247700,103.18309782899192
247700,265.77824098445626
247800,272.0970263098265
248100,265.41828664869263
248200,431.87175756269346
248200,298.10479371652514
248300,327.06871775149676
248400,284.5919373239449
248400,535.3865191177978
248400,318.3088920391352
248400,282.9426724303262
248400,506.91930829923547
248400,242.70293865384176
248500,321.2449293448153
248600,312.31422498892323
248700,260.558064192905
248700,256.1114624986384
248700,359.3970108232095
248800,397.97332433651235
248900,277.032010438488
248900,289.3866972420612
249000,276.652168930003
249000,429.09614636280264
249000,156.74107834025025
249100,240.40663598220294
249100,247.31893335999536
249300,196.55198388203416
249300,158.40461255390326
249300,338.9645745264525
249500,290.2418682414888
249600,410.6898333641544
249600,217.73628079705733
249600,296.49426967025704
249600,202.97236199488168
249700,245.06049538195555
249700,237.61265704206772
249800,234.81697573760758
249900,262.94795570535223
249900,181.8478393822645
249900,390.6789859876205
249900,242.85560928192265
250000,270.55320451530713
250000,274.12297045006926
250000,239.75233936717876
250100,248.13771237243975
250100,199.44145666727508
250100,473.1627648356112
250100,296.20322302857716
250200,154.96000041377087
250200,206.06146522742313
250200,300.9250881944273
250200,488.48377150155375
250300,166.57572859763184
250300,182.09438088989637
250300,136.06763219370796
250300,172.34856562226062
250400,265.8975367559062
250400,202.5042155582547
250400,309.31561185017773
250400,344.42939727972214
250400,318.2332804723203
250500,173.83844019558924
250500,262.4332570482741
250500,222.0425877301851
250500,287.28062054642254
250600,206.40113863764904
250600,292.12965058867235
250600,281.9998730551561
250600,376.4543605604045
250700,422.5863675170615
250700,187.4742028696516
250700,300.8458959634285
250700,302.5578415242551
250700,274.77585527401897
250900,138.18718635438208
251000,675.5617892318388
251000,367.09195807049605
251100,217.90503054346752
251100,272.51697597243856
251100,218.22209170803404
251200,164.8329246521036
251300,634.9876390411674
251300,252.6894498357256
251500,217.5709932625543
251600,203.148272508755
251600,471.9839059667748
251600,208.01951160453234
251700,308.0899967538719
251700,475.9659160021097
251700,189.0619014465137
251800,334.4604935625656
251800,156.78920815037387
251800,148.84055199857505
251900,225.89964832379746
252000,352.7938618766747
252100,165.87444551205277
252100,251.04622592677472
252100,387.6717470131087
252100,239.05264958969096
252200,160.0895910228673
252200,184.39734832542467
252300,164.98256425975177
252300,187.3948394409806
252300,271.33665971543115
252400,224.52219408040312
252500,168.91264452588132
252500,192.0927172222272
252500,192.57811780192696
252600,206.22081144530594
252600,180.5723202837231
252700,216.7945137415339
252700,212.27445750632575
252800,733.9702727553046
253000,185.497555164445
253000,271.81906365178554
253100,247.21397458649355
253200,421.4492204779167
253300,220.30692485278854
253400,206.88315427564413
253500,261.81025296162215
253800,230.09074912902034
254300,222.56294535749342
254300,253.3259727585958
254400,189.93540786516482
254400,239.1240834154461
254500,474.0214370631107
254500,218.3595717726481
254600,282.21847884699986
254700,228.30401452780495
254800,188.8799681296185
254800,209.24460835398654
254900,231.60255185440792
255000,281.9081575987991
255000,287.5349662369536
255100,291.47777748217425
255200,251.57884741965185
255300,279.8760866847014
255400,241.49033033451968
255400,231.39408951206298
255500,234.06031760757034
255500,220.61888130124302
255600,240.9099266992852
255600,253.31610185745748
255700,251.96949162032783
255800,193.63858004358866
255900,223.42272058340708
256100,279.1323792619392
256200,220.13434147389427
256300,278.468924620442
256300,293.72142026225185
256300,283.85606015426544
256400,326.1840952085903
256500,265.4614024778651
256500,298.63775986461235
256500,226.1632086855608
256600,696.4981269932088
256600,203.35645739840953
256600,173.95361591310106
256600,224.86959781706247
256700,289.6933578551884
256700,275.4964340016057
256700,297.12301517062195
256800,310.1312624124499
256900,301.1981838749209
257000,312.0396577037782
257200,301.23871128984746
257300,309.3813161124902
257400,322.690709722796
257500,257.7746791440025
257500,272.9610398296803
257500,264.10628260194443
257600,282.9554785572473
257600,313.5129443714111
257800,251.10406257819773
257900,302.97882707470757
257900,265.3363581716376
257900,266.044412938928
257900,371.8380921698852
258000,367.420718863509
258000,349.4176713855163
258000,295.4102460143718
258100,395.42374095222334
258100,334.9404498139624
258100,327.875485881989
258200,292.39831846223075
258300,338.0709347087959
258300,334.30847773935403
258300,298.4842242972609
258400,263.0380609398545
258400,381.74752432502476
258500,278.11834721864443
258700,392.4124006395828
258700,283.35746557630637
258700,306.5417170594481
258700,306.3586225994011
259000,425.99916051507034
259200,416.6269429535407
259200,318.3443112726653
259300,314.65999842427755
259300,346.2454648021299
259400,375.06247043598177
259400,444.9487797699639
259600,235.5857791468347
259700,444.42720540955895
259800,317.6999790309866
260100,321.7297157662058
260300,324.2056018272969
260300,308.34757259496104
260400,332.04654229770614
260400,275.7483329884427
260500,326.1738131125189
260600,292.77886735331566
260800,289.3714945600963
261000,380.0970690690272
261100,376.6107697296404
261400,455.67117701544055
261500,303.26716338860047
261500,311.7625248072708
261500,320.10586272990133
261500,299.25792528106336
261600,397.73064912518635
261700,503.7842608251905
261800,478.44246096813544
261800,253.84812374231785
261900,272.22284330699654
262000,330.7069159631737
262200,370.4042523023585
262700,290.2371354734132
262800,409.1007304780104
262900,505.6173514177995
262900,308.0252701169172
263000,364.485028266109
263100,228.55143242761932
263200,360.19703746253805
263200,304.8958725681408
263200,284.34591545620736
263200,449.26997223795314
263300,325.9312660173197
263400,461.72016276148213
263500,274.0054886211691
263600,374.40994565758893
263600,335.2541084429409
263600,349.5212170583403
263700,383.59587503197247
263800,347.4911886938785
263800,590.4060755022034
263900,404.9858171678124
263900,297.07325974072927
264000,164.52859454464215
264100,326.39534470590854
264100,352.7116278106442
264100,229.09687166311213
264200,290.3952980226431
264300,318.36286763666646
264400,371.91802645314834
264400,241.9051018954683
264400,363.9055760989771
264500,455.2793272495915
264500,280.8391400641174
264700,190.86820666038076
264700,341.84181157322075
264700,312.3131511285029
264800,412.60557465182234
264900,273.85842490344737
265000,335.67893750800334
265100,250.44542188446314
265100,296.0408890663135
265100,384.27457763765346
265100,213.49227505241777
265200,350.90223472915363
265200,318.42180326850774
265500,386.7418300097724
265600,713.9911860076659
265600,459.9872088969504
265600,351.153250983754
265700,249.7515597724868
265700,255.11046852567375
265700,282.39103025020063
265800,430.76455505391897
265800,215.72860752139766
265800,557.5016135677907
265900,394.62205725854784
266000,466.15717773834416
266100,376.32703782642517
266300,244.17975974957108
266400,327.55068702675896
266400,320.38959673325246
266400,263.1746462359373
266400,226.9784536210377
266400,146.67910422157107
266400,224.29997628705502
266500,458.26917002893117
266500,335.7563450593927
266600,246.0070473916088
266700,413.2225650880914
266800,303.7599884009894
266900,166.7503286917848
266900,444.30930072009926
266900,513.2248555592105
267000,247.6712959144704
267000,342.6220774396984
267100,439.10657098250397
267200,379.8974845653731
267200,404.6822334179332
267400,458.5109445818662
267400,394.58859781538
267400,296.7854034345685
267500,255.58921943341483
267600,297.78596854400894
267700,537.3241255350291
267700,387.69408875227106
267700,232.74880741897076
267800,439.60854655061706
267900,419.2446611204146
268100,478.66074503898625
268300,219.32691537725165
268400,551.2331932175825
268400,284.5708572110822
268400,230.49366149707717
268400,330.68478095936905
268500,327.3077051932247
268600,215.74892794392315
268700,320.16171587983234
268800,221.2859196420826
268800,400.5620034602173
268900,244.10054410390717
269000,350.95046213885985
269000,258.39856320239585
269000,211.78128667762059
269000,324.9229039625923
269100,202.22041841665526
269200,232.60107006915325
269500,557.5713119894364
269500,229.08276118988738
269700,291.6333627066961
269700,329.11238041191933
269800,591.8585282190205
269800,216.40571204745234
269900,292.56772229050495
269900,319.3879144394765
270000,320.77303368467585
270100,282.0592960324135
270100,224.63445033568752
270100,206.24628876896367
270300,341.7729032724774
270600,213.930421368056
270700,302.0783912779868
270700,296.53223153343555
270900,305.92117164421524
270900,219.9608637995629
271000,256.7715086578473
271100,391.62977403812687
271100,393.96980992045474
271100,307.99545454092913
271200,370.37496056882156
271200,325.70634343539433
271200,360.521533415441
271200,308.1552237708379
271300,499.2737827707199
271300,298.2176907461336
271500,270.82213729164596
271600,580.4210915134177
271700,243.22765816353612
271800,345.3626260151007
271900,328.8874482548978
272000,491.72269427077794
272000,342.78716184101404
272200,275.03750256621873
272300,397.16102867729927
272500,356.7377472389657
272500,289.90600762905694
272600,291.8241320308731
272600,335.40012400147555
272600,285.726042366718
272600,299.42019228975624
272700,266.06106370153395
272700,332.3458743944793
272700,248.9864003744883
272800,347.9582308521959
272800,294.1347243399146
273000,267.9788034782869
273000,257.54473097036686
273100,285.84810071793936
273200,778.9834382421153
273300,307.75987887626735
273400,233.09317144660452
273500,338.25556028469055
273600,295.1183156802342
273600,249.64812509517378
273800,412.87018333439306
273800,299.96066807658593
273900,384.95289589239593
274000,758.9543034370826
274000,328.82186293851896
274000,305.1473293590246
274100,438.57884064251664
274100,343.785196374342
274100,274.9615329725474
274100,274.31237654375536
274200,248.76447892565005
274400,358.5665911310359
274400,390.5978910022417
274500,414.301061950257
274500,338.5625674435435
274600,292.62788882034374
274900,234.3241960199857
275000,278.60080842846696
275100,268.6131673328544
275100,448.4798281400286
275200,280.0893917194636
275200,405.47086387734686
275200,307.6991552654149
275400,450.96853415269095
275400,188.034497673459
275400,307.45235881013537
275500,236.60465655037072
275500,242.52650486074262
275700,310.94141944647356
275800,330.2415973297218
276000,300.31030678132146
276000,362.7752460720602
276400,427.97157151034787
276400,247.88284424428196
276400,493.0991161180338
276400,412.8437117312119
276500,244.07002004964122
276600,387.80726898822616
276600,373.5489485916613
276800,482.44402841402814
277000,270.3813678804549
277000,332.72072731984434
277000,515.2029910197084
277200,281.181218041708
277300,299.83023373615595
277300,343.93473533437697
277400,314.8795408797271
277500,365.6748726083327
277500,436.5977497666847
277600,477.45968991791625
277600,361.0251140277098
277700,351.6148514094512
277800,174.60662769903996
277900,248.43561886380215
277900,360.81097227455393
278000,280.339671432761
278100,294.1411360191225
278100,311.19809349477043
278100,336.0056232881315
278100,254.66861860716583
278300,499.7829165024816
278400,196.63140229747503
278400,341.1068798353092
278600,371.89386485436694
278600,347.69956258330797
278600,276.1296866095622
278700,189.45533011062696
278800,307.54463591347826
278900,325.13483874633914
278900,255.86972269742324
279000,340.404347701611
279000,208.13059288566092
279000,225.55069039850136
279100,347.0607481070123
279200,276.89206851078865
279200,296.3799073057274
279300,367.113984471122
279400,648.2663823332031
279500,475.59332216776966
279500,314.25707055743936
279500,244.2120237837605
279500,466.58870011442974
279600,328.32807095984776
279600,187.35087018420694
279700,365.8160446935238
279700,748.541891185786
279800,245.45925566727192
279900,297.874346759978
279900,335.86804339896423
280000,291.901383121325
280000,218.54379127146873
280000,280.54983219060864
280000,267.16366375236595
280100,278.3309830938818
280200,430.35042923249335
280200,453.4847296796655
280200,416.33773742044735
280200,350.744782607713
280300,313.4772312832642
280300,329.9569394462709
280400,238.20124930104768
280500,409.3910644368818
280500,235.02479552248707
280500,726.8438073809621
280500,286.1939158328967
280600,243.7434528991331
280700,247.3583207367796
280700,325.9456680390149
280700,312.43393505891635
280700,467.5311541678933
280900,266.53748521990303
281000,297.07853181781877
281100,278.5802492821746
281200,236.53319728741036
281300,543.7273261208085
281400,328.6424046820457
281500,315.0932648356627
281900,412.16914603964904
281900,373.7454183178788
282000,270.58643365688414
282000,400.40014266560553
282100,388.378159215015
282100,341.85305956085887
282200,225.99888016658187
282200,449.9819875958009
282200,337.1346915005674
282300,292.72982685052057
282300,649.2697307609762
282500,464.6600167320606
282500,292.22408446563577
282700,262.6575773021126
282800,236.02609856707275
282900,296.6677381906132
282900,316.63727172645986
283000,288.4724040135276
283100,253.28057610889942
283100,271.31877524718186
283200,290.123139888416
283300,530.7484183550001
283300,254.44024318689108
283300,166.86324996790725
283400,326.90995877834087
283500,177.8567313314778
283500,283.52960116937464
283500,167.80121911864333
283600,343.7415028550269
283600,391.18787662924325
283600,285.17115668706504
283700,204.3608648641281
283700,186.17598248071675
283700,249.90900314404826
283800,176.9387409958116
283800,211.58695486495407
283800,183.26225972051762
283800,282.9945832546811
283800,192.01239389352523
283800,383.37475676531443
283900,212.72185392441597
284000,250.23068019485765
284000,306.50823255567684
284100,193.89462510847176
284100,202.48507712664573
284100,219.33990097931013
284200,192.07951647088797
284200,213.9361921120926
284200,209.50738340966592
284200,302.9745009305705
284200,274.56072276327455
284200,292.7227689191713
284200,310.3500484922834
284200,276.3720964829961
284300,262.195644213827
284300,201.36264836027433
284300,277.4615151062409
284300,210.49920830984718
284400,226.03274448457003
284400,345.73060002815845
284400,215.5482903205129
284500,197.36706605796985
284500,229.07852693372357
284500,203.14981865926526
284500,300.04938591610653
284500,239.18773304333973
284600,229.97041273623256
284600,216.15902932443058
284600,212.72995151650636
284600,210.30979598294363
284600,182.2142195817729
284700,189.65143055186863
284700,221.8046735340549
284800,319.74077290580163
284800,323.61939774569976
284800,205.58519319058013
284900,210.2262244795169
284900,269.88201542927635
284900,219.60747496865892
285000,372.8387877402362
285000,310.6799473726496
285100,291.65861575876266
285100,215.80941967754188
285100,215.93708583005056
285200,222.8583815629981
285300,236.87918778268835
285300,320.23550492117147
285300,206.62660337290802
285400,207.28830066313682
285400,220.265208816659
285500,207.13130549546557
285600,413.7648989069227
285600,612.0234421364486
285600,364.9819878253302
285700,329.68349249840355
285800,185.5368305964327
285800,217.86434847496827
285900,231.25725804444818
286000,220.65618200896543
286000,193.85036048615356
286100,498.5585921269095
286200,203.03187068651275
286200,188.35038425605399
286300,197.50750787529967
286300,212.0690263862708
286400,361.33868909231506
286400,200.0285668955854
286400,196.24683002509474
286500,209.80445177260432
286600,214.1199898307821
286700,227.45483598278113
286700,201.01970431942672
286800,207.19942237489298
286800,196.52533178974647
286800,183.15249869927115
287100,209.32487627919693
287200,193.80468965564626
287300,212.21278257942058
287300,215.42805988124084
287500,218.1812724057585
287500,199.60435178480714
287600,207.70817080467558
287600,214.43483795977068
287700,204.23533287296794
287700,194.7680119091699
287800,196.11106535058087
287900,206.64733079687144
287900,205.27554576790118
288000,203.84765505840463
288000,230.72154470612637
288000,201.69738043366533
288000,173.75014246909052
288000,216.5149868849327
288000,223.2255458757318
288000,215.8089105432326
288100,210.5201981961221
288100,190.4279596291993
288100,204.43748849388876
288200,197.6290966428354
288200,215.91342815430656
288200,193.04919410223334
288200,222.3716622025105
288300,224.2276832670099
288400,199.4777591391479
288400,229.245796200758
288400,230.2364026589964
288400,213.34720444233378
288400,213.09210675087286
288500,217.44661398981006
288500,202.1156645141408
288500,208.80761022128965
288500,197.53829445677312
288600,222.38131261675798
288600,209.07751108498636
288600,210.29592688098978
288700,207.0620656561742
288700,218.39631893113827
288700,181.61844795746805
288800,212.1554492723083
288800,205.7111818128508
288800,218.62095623760234
288800,208.65161762968083
288800,209.71299277118922
288900,205.2945489184966
288900,217.6798972946494
288900,210.77935898181371
288900,222.45886482872825
288900,228.91673183031781
289000,219.45898738732097
289000,212.39572238185602
289000,236.93893054290118
289100,217.60222400409498
289200,214.43073527802082
289300,225.3743208381652
289300,235.19833697081614
289400,219.8334741586316
289500,249.5026209895089
289500,205.91071622692485
289500,217.67622311273132
289500,218.7380581545772
289600,237.13627711745028
289600,224.35085529244478
289600,203.88114056270598
289700,229.89951404757997
289700,225.62235775143864
289700,223.22398589210277
289800,209.27665447763962
289800,225.63370265589424
290000,263.44853833753
290000,218.0634541123316
290000,230.99501175146614
290100,234.93309562197766
290200,228.89100518566937
290300,212.30304219151324
290400,244.41953024005383
290500,210.41599617468142
290500,241.28034226805434
290500,228.67930918026704
290500,237.89212584184517
290600,197.86793151707033
290700,206.48520847362926
290700,246.4384952090974
290700,234.06247785366352
290700,222.19591317126165
290800,238.81393180824847
290900,225.7421942134466
291000,211.50090935115736
291000,203.55664346916865
291000,228.98458818086485
291000,217.54813591138569
291100,208.9674427936018
291100,215.0635855954599
291200,216.28229510736142
291300,193.0067139950965
291300,222.09904402685348
291400,255.04017193213835
291500,212.95148222148217
291800,208.4503851188882
291800,237.26228706395142
292000,229.61323560498215
292000,222.32493213179848
292000,184.79830178548198
292100,215.13912980308743
292100,225.45058096654594
292100,214.64271819307095
292100,212.28234388351854
292200,206.86235601764034
292200,157.87874785579552
292300,212.20999370916184
292300,206.1476447375922
292400,208.39095357957194
292500,230.22041304392593
292500,225.16161244977295
292500,211.62954301895795
292500,198.64226769757755
292500,216.65092950107714
292500,213.41137830036845
292500,230.53473310651677
292500,243.799612490858
292600,228.99361103502827
292600,202.92839150097484
292600,223.80519200051145
292600,176.53146312654562
292600,209.60387876382643
292700,207.0301196165011
292800,195.76090488506938
292800,210.91687638532244
292800,213.20197113413082
292900,246.98650494723762
293000,231.56035518527273
293000,232.33730565153525
293000,221.8361494499063
293000,223.70852866405622
293000,217.89021809704005
293100,232.68996592614428
293100,224.74722903231975
293200,252.70253739779312
293200,213.3462704496445
293200,222.55900047079928
293300,232.7854716547207
293300,212.91625552211528
293400,224.13376893538668
293400,222.09403411021552
293400,237.31124883504762
293400,217.45503262693845
293400,230.91289207758027
293400,215.889197540497
293500,220.01573387198678
293500,166.5754810064281
293500,227.67450138336386
293500,227.54883985701392
293500,228.21722120256695
293500,194.8792640798255
293600,209.56057973978366
293700,217.42399510876254
293700,189.92522007537275
293800,209.57345306546728
293800,199.45869425152628
293800,229.5915676699521
293900,212.66161404924705
293900,224.65438341989991
293900,205.57599861052876
294000,215.59085172711005
294100,225.325269719809
294100,226.18870997163341
294200,207.95168675534686
294200,142.27500555246368
294200,232.10417059294036
294400,207.9348533957628
294400,229.4072516081441
294400,189.21270274546694
294500,238.9906733832709
294500,244.50199339594724
294600,199.47369813804124
294700,152.99684990817016
294800,221.14833380097792
294800,204.18513197546878
294800,230.35869099328022
294900,243.55532704944665
294900,218.23643979119194
294900,220.00603954986914
295100,201.06599502685592
295100,233.8678654215837
295100,203.43735622420914
295100,216.12110418128233
295100,217.79936054734878
295200,204.00085747901667
295200,192.476142633362
295200,224.10840869687246
295300,213.27656610355544
295300,224.51440115418416
295300,201.68622344908948
295400,211.22850013566483
295400,233.61424657771062
295500,172.51466900858313
295800,214.28512861068714
295800,182.05019408657245
295800,224.4763538176558
296000,158.2028065540108
296100,223.306654508486
296200,208.35472071510793
296200,209.0384281250312
296200,197.60687135076475
296300,195.86890001277928
296400,184.17284461952983
296400,184.89514823980522
296500,193.37074808560612
296500,156.3500651730181
296500,193.22239478204446
296600,225.7702854754231
296600,221.503673918866
296600,226.05909497599905
296600,183.24137543264408
296700,199.91552127426723
296700,207.9568219719313
296700,166.41219285176317
296700,217.31993127404442
296700,216.81986448287682
296800,189.61589856320114
296800,180.6117412322168
296800,213.4148827423758
296800,209.61992584457147
296900,212.4169155282741
296900,212.44573130647382
296900,205.5717526319841
297000,175.28756999274495
297100,191.70716533862327
297100,203.6300682656477
297100,165.35339848540116
297100,176.79708376388362
297100,218.54380109527975
297100,193.09714112497224
297100,184.36604914740505
297200,178.67698815682598
297200,224.80737480538
297300,201.98699015450072
297300,177.31965177654433
297300,192.19859590200116
297400,200.46694487004586
297400,190.14373733916298
297400,216.5389316716716
297400,180.33341006884757
297400,174.25592241645927
297400,211.01337425061138
297400,186.9730795647099
297400,184.8149136221541
297400,225.4655226882016
297400,186.5199504623195
297400,180.7113038729334
297500,209.2186897794833
297500,169.06822618053985
297600,176.1827124285578
297600,195.45394313524318
297600,191.7829302298597
297600,180.9952428498511
297700,272.75315854698965
297700,259.2310978157473
297700,143.94646829969474
297700,202.65999900175453
297700,184.3687349152709
297900,181.10529260055353
298000,184.51329492865204
298000,177.35311851487842
298000,201.6570449361829
298000,184.08683603406072
298000,176.47894242371189
298100,196.98325019570512
298200,187.25181372562477
298300,176.18959624984072
298400,180.86044877686163
298500,221.4944101236858
298700,188.04964031240607
298800,180.0772663910985
298900,173.9737378540096
299200,173.82567449103297
299200,199.92733148080566
299200,213.85347598145339
299200,195.61086232873203
299200,219.0496560665984
299300,187.10709185499863
299300,190.968212573921
299400,230.8149984430836
299400,185.58815574869533
299400,205.21821977561393
299500,196.37663697169415
299500,193.47801279401605
299500,206.00317084796805
299600,183.72411399593395
299600,222.60133106172407
299700,154.47787980985805
299700,201.49987208690482
299700,207.80480282700583
299800,185.12966061258106
299800,166.28295607933995
299800,184.2806362802039
299900,170.72555301139434
299900,227.47147794790536
300000,219.8770087670308
300000,233.55980599397762
300100,229.17442672336998
300400,212.07665848979445
300400,193.26240363620192
300500,184.47179127634678
300500,176.89638039609116
300600,180.85215942305655
300700,192.71100279711234
300800,201.30199022623276
300800,213.18090378580501
300800,184.42135596602665
300800,193.4860498250207
300900,194.54849276025772
300900,201.59216197490213
300900,208.3271053048606
300900,173.86597454761116
301000,179.5662961693735
301000,193.0398074621844
301000,220.9683896909989
301000,189.9650327078288
301000,205.45142415769803
301000,167.32764584024346
301100,198.35724376328676
301100,212.24547743829316
301100,179.78929770572182
301100,165.41616884440975
301100,193.8995108291953
301200,170.58246407866088
301200,194.58978830906455
301200,152.6311465078007
301200,206.54326923831863
301200,169.23832332587935
301300,182.92785337712343
301300,183.69798376669618
301400,204.70204463263224
301400,198.10246090233022
301400,218.06345819548534
301400,198.17141523962783
301400,198.71192989857533
301400,163.56532362190424
301400,202.2866018149598
301500,186.0919254967362
301500,191.1496556406166
301600,199.09945117282862
301600,176.8678403989373
301600,202.67199036146565
301700,192.97187370605664
301700,177.33310662236383
301700,195.07190982735247
301800,191.46821010625146
301800,174.17397957093237
301800,174.25516854202473
301800,200.20897406283268
301800,188.03164314086746
301800,211.11678361084427
301800,166.56826742652103
301900,211.76457775886794
301900,174.70540028414868
301900,230.94752548672662
301900,214.15048622956064
301900,196.82296296980692
302000,210.4445484531547
302000,213.70934756231927
302000,179.91530403101177
302000,202.54002717843954
302000,183.34315843298526
302100,202.09859528837288
302200,186.5475652877079
302200,170.92706476325765
302300,180.5875122704823
302400,163.80377817854372
302400,191.44069954848402
302400,219.5937289898069
302600,180.92192920250753
302800,174.2864955920369
302900,161.49756841905025
303000,191.4193021515844
303100,171.0655526260887
303100,175.72260042071207
303300,186.42204931936007
303500,189.89031883689648
303600,185.7940715579194
303600,180.8463822084623
303600,196.82940703774386
303700,177.69085215703154
303700,172.27686014598842
303800,200.90788264794725
303800,186.74237006154735
303900,196.0304500300062
304000,203.48451662260214
304000,193.5518581384019
304100,226.89574511571374
304100,140.36957402019362
304200,146.4530172789004
304300,213.90202962323434
304500,209.9538147138664
304500,200.5630017937344
304500,204.01317389248103
304500,217.05149659427124
304500,196.49665281381945
304600,186.58806285046452
304700,138.77238513024534
304900,170.4977306409901
305000,189.13553821981722
305000,158.4281001062434
305000,188.56944762042593
305100,239.72865948391282
305200,177.69034467134694
305300,254.96901974318249
305300,190.92357957434623
305300,191.56631473429096
305400,197.98008900441255
305400,196.33125779652428
305500,192.15166940109356
305500,231.67898712756553
305500,176.26429406808072
305500,179.73022271027102
305500,242.71008496652792
305500,184.1568850399631
305600,215.09640419137367
305600,212.9239789784857
305600,216.17531164804146
305700,188.321502270749
305700,146.90761923502777
305700,166.29857812557967
305700,209.71631243237704
305700,229.82712299228047
305700,170.21737635827353
305800,180.1888077133119
305800,263.2485984996572
305900,209.56811887478142
305900,195.17908528665305
306000,267.37197254336456
306000,207.2434399158952
306000,217.50101876844295
306000,187.76944457593316
306100,190.1914519442131
306100,230.71377336207584
306100,213.0854475824437
306100,250.12582080194866
306300,194.54714649633056
306300,231.70691249834925
306300,230.06854357795956
306500,242.9557399324577
306500,248.62692592533946
306500,212.5075005758904
306500,201.4790796118957
306600,207.92646493909828
306600,264.11197268393533
306700,252.89410230784284
306700,218.80967251401879
306700,211.75407135082054
306700,157.1162557685626
306700,232.45512917127365
306800,241.84892715114307
306900,233.19644647990899
306900,276.80091510080143
306900,238.44646820427346
306900,233.9268107836806
307000,189.5727560554105
307000,252.6074681251692
307100,178.77069781482908
307100,250.70740857022602
307200,223.89745015236537
307300,244.5764921720022
307300,241.19623201852613
307300,242.97296852729718
307500,261.7264684553067
307500,177.88939324218498
307500,196.46281100109798
307600,166.7630627821412
307600,246.60184539842842
307600,214.50184948744845
307700,239.36400445682358
307700,245.90259817255702
307800,276.1349423829909
307800,252.1054540014036
307800,253.58797391059616
307800,203.31155935817932
308000,232.74582330757417
308200,289.82086491325117
308200,206.9682813352074
308300,185.13759379345765
308300,189.57206795866654
308300,213.09040623671376
308400,217.23421311893938
308500,202.97296352148814
308600,316.0352721290693
308600,194.51547058814336
309100,244.78685429232132
309300,257.73342935389866
309500,248.07324378068077
309500,276.5023426120576
309700,233.95298290650322
310000,253.6291975801088
310600,286.1971601799231
310900,294.56306001516845
311000,294.78634619315216
311000,345.70025385238773
311000,300.2329577171887
311200,254.3805931902473
311300,272.59696873795247
311300,298.81451292539197
311800,265.5138562633624
311900,271.6026088365341
311900,263.32044797313887
312100,303.0320359060439
312100,306.89326213714173
312200,290.88470438760675
312200,231.19939165480977
312200,298.66587216499494
312300,332.4029667423851
312300,285.97176017193146
312300,297.99441581432933
312400,331.542689787195
312500,265.60120518598416
312500,310.2716310208575
312500,290.0344733055259
312700,339.46029369302596
312700,306.0135133809194
312800,309.31122649664144
312900,311.5752555526923
313000,337.24269119383985
313000,323.38161442587597
313200,257.5557550725928
313200,242.30104194684048
313300,347.78235283066437
313300,355.70296948427494
313300,279.94777939785786
313400,413.0561285873836
313400,380.85602909070656
313600,369.6757857396588
313600,331.11588847175324
313700,360.83091822738754
313700,260.05612684628863
313700,350.61191738657834
313700,343.98116590951713
313800,326.3625943771822
314000,257.0491974284679
314100,306.98136386522873
314100,365.42838190603953
314200,416.13186581191746
314400,392.1953525923307
314500,364.6207966392834
314500,435.6108779956183
314600,275.74134424973073
314600,371.20859696572666
314800,316.27288686742526
314800,390.87865910938626
314800,406.67850045469856
314900,314.27933516090997
315000,444.76624567380946
315000,464.52036585899936
315000,425.59863994579564
315100,386.6940895097301
315200,398.847436925571
315200,305.93099130109863
315300,410.74719095680126
315400,432.4353331562542
315400,406.9069037022239
315500,358.4061714848183
315600,402.58902403352914
315700,337.4799909169508
315700,487.0381498573295
315700,448.0450639876362
315800,344.8896404157731
316000,359.22498027456817
316100,435.33263641636216
316200,278.53079227592787
316200,444.44195634957697
316200,304.905362729413
316400,362.3567008429779
316500,335.1901895358783
316600,419.22009497600385
316600,371.47227441942124
317000,273.83622162556566
317100,510.1194445630897
317100,215.5464847919078
317100,277.9209780096492
317100,259.3258434876614
317200,367.2935700117788
317200,474.3223772242332
317300,486.7890330275004
317700,445.7681515351543
317700,272.49679678440003
317800,324.72692972471253
317900,241.18872383022327
318000,267.64047661212305
318100,393.23648227212067
318200,370.9555920239044
318300,548.0302006968332
318400,213.76995734326292
318500,498.10947599231184
318500,436.41071005652697
318600,277.2696226721929
318700,456.38417443346026
318800,286.54355816850574
318900,381.12515029920576
319100,339.1033435268009
319100,300.04446140043314
319200,538.4178656512263
319200,227.09314445811256
319300,266.8460432975236
319300,261.9296796503449
319400,346.655073478635
319500,433.91261240423603
319600,500.88566870628597
319600,299.34324075093053
319600,401.3507718609652
319600,338.58731465994555
319800,258.45606679670993
319800,354.85045853837664
319900,320.28249313988965
319900,292.9932340594387
320100,575.7103581924989
320300,326.6533056042175
320400,374.02232804694466
320500,612.3581241576783
320600,301.1976159949745
320600,327.26062789886157
320600,251.70827674521047
320700,253.86425032631197
320700,257.59877047235256
320700,340.16900340419653
320700,354.42755954892544
320700,357.0713184902076
321000,269.52655897882244
321100,444.3895624404118
321100,266.81747377881027
321200,243.60081149439466
321200,359.18882894786174
321300,263.82052290887714
321300,272.2032603997134
321400,592.3088891005686
321500,280.61346928268597
321500,264.97425194113725
321500,702.6240706391137
321600,267.6912333987735
321700,261.51298401642777
321800,267.6472152664458
321900,390.2041818727977
322000,245.64677026400378
322000,360.1567361141393
322000,309.9128452535222
322100,277.7114583278109
322100,237.7019677876829
322200,259.8054511108302
322300,492.9270318589515
322400,267.0006494093975
322500,254.19966014498374
322600,285.37742135559654
322800,801.8225915125091
322800,242.83942796834043
322900,242.6005296976807
322900,309.91560162333684
322900,292.28591909693256
323000,240.3945097931761
323100,300.0399413523617
323100,278.8463357979373
323100,391.42164918426874
323200,249.56692814817848
323200,415.8594349627034
323400,528.3742883681762
323400,243.28631596418987
323500,268.23693474785233
323600,278.2762807750021
323700,518.4875608340939
323800,234.6975204275445
323900,386.9107543723788
324200,250.96372037859334
324200,513.5635236473856
324300,390.4963920476148
324300,274.8212488303322
324300,418.1233147125406
324400,287.77235938918767
324500,265.05803458423577
324600,273.275485227247
324700,411.48136794603704
324900,326.5259003244199
325000,245.8253385212948
325000,278.1797743377978
325000,406.03413903905016
325000,246.95131676753178
325000,277.5398535570918
325100,485.3445788893663
325200,256.92718505687367
325200,280.06110922007844
325300,281.4250948931744
325300,285.7875951437783
325300,260.5270477863319
325500,596.6194076832696
325500,273.5953206154424
325700,308.1844873329328
325700,365.34688660990145
325800,191.84054650861356
325800,285.6378251048741
325900,297.3252022956089
325900,215.29106342699848
326000,572.5496610667626
326100,230.06220058561308
326100,252.10575998090567
326100,513.7041011439085
326300,246.99987749024422
326500,388.7986352839937
326500,648.9987658789858
326700,236.25089366913167
326900,546.439802765234
326900,207.32078059950885
327100,240.21233577810926
327100,299.27994018027215
327200,270.5868329514922
327200,347.64393193177875
327400,273.9674678090848
327400,380.75575133328414
327500,377.4142703466702
327700,305.82543371448793
327700,232.6494961534034
327800,298.06762040219627
327800,473.42551915561774
327800,266.24434737400526
327900,260.13268924375296
327900,300.940964283593
328000,273.2383285843445
328300,499.39622239924824
328500,293.4007462845799
328500,260.857270206551
328600,331.4546733567661
328700,296.04437159473537
328800,444.7526080774823
328900,296.27805826249283
328900,249.77876862002748
329100,258.8856275226042
329100,348.6647586511819
329200,439.6776172598233
329200,372.01099626378664
329200,301.81069466501526
329300,459.8831974864736
329300,259.77695447403454
329400,297.55151954767354
329500,240.07971993316428
329500,245.8430757681718
329700,239.38984754196792
329700,276.4757092013528
329700,512.4978246198749
329800,254.0234096160242
329900,279.4135288045227
329900,195.68968870276225
329900,263.97572397190015
330100,333.56169484304235
330100,320.3233265310071
330100,319.7557163381178
330100,313.93166566598427
330300,298.0335977297053
330300,263.63823510006523
330400,729.2862401480754
330400,217.75648992836835
330500,415.18225355383964
330700,315.23191313965725
330700,211.70547058097023
330800,260.22045834280493
331000,427.4486096237109
331200,359.9374376724223
331200,213.22439919725025
331200,212.58303716543693
331200,253.505286413989
331300,282.9195041671533
331500,233.49470381239163
331500,222.06836281997857
331600,437.25961151592713
331600,242.3469063382707
331600,347.489414278296
331700,1035.8748405113595
331700,276.13545848769706
331700,222.88735688815876
331800,311.58159453099086
331800,467.3793410912617
331800,266.61798517104637
331900,280.0320803054274
332500,340.43303654144796
332700,240.99263698524243
332800,527.8984912721436
332800,238.9459273792449
332900,242.7484486477793
332900,418.2456306120784
333000,329.0934772343607
333000,433.2784808769313
333100,496.59401072035746
333500,233.932275693944
333500,231.63858458462929
333500,228.58463587057568
333500,289.60701297485303
333600,336.3900492770937
333700,252.41698903680881
333800,240.04856613546664
333900,198.2186776221758
333900,366.3800698878
334000,430.4746358778774
334100,294.97293732489624
334100,215.15458315760029
334100,242.68201326889266
334200,228.29224248452863
334200,210.87768195187357
334200,430.0947605149756
334200,287.2203596500647
334300,452.4287749812964
334400,202.60344511732131
334400,238.5729108262769
334400,393.4865973386765
334500,298.4527000435519
334700,222.29535513015833
334700,256.4092048152824
334700,221.64169009283415
334800,546.9963930366752
334900,234.65852427851726
334900,366.8921224064866
335000,230.33621915189244
335000,238.83331046435978
335000,287.7414940980925
335100,227.44022890413999
335200,373.57995142241873
335400,454.3661051430992
335500,241.03472832921108
335600,265.7188943094012
335800,295.5906605905697
335800,331.3095069971965
336000,392.390918405368
336200,298.1608458848888
336200,289.1133839448041
336300,306.8895464363404
336300,554.6703251308898
336400,305.84554619820307
336500,302.5760641830133
336500,295.3253031224658
336600,520.2604023570361
336600,309.68203111851017
336800,292.1785064978697
336900,246.28909582741016
336900,501.9975594431502
337000,341.75231910379375
337100,545.8272943847588
337100,307.233863910846
337200,296.425717394664
337300,512.7731577165927
337300,256.4535344900342
337400,429.6940016388635
337500,653.4765404806765
337600,272.21980994405004
337700,321.36376366272583
338000,367.11674370159426
338000,369.684286731275
338100,349.7042080535902
338400,395.92837591461273
338400,369.24007089759294
338700,341.41222270946975
338900,361.87458515640714
339000,354.7503725392086
339000,383.14934009583646
339100,302.128926698771
339100,288.5267340228713
339200,427.13870823952635
339200,285.7341476715624
339300,243.25187085119063
339300,637.0762124222085
339400,244.9010811552741
339500,249.7236793481127
339600,332.6335688429525
339700,337.42955812747795
339700,386.43218105238265
339800,599.5424096531674
339800,836.1016345510399
339900,536.0336795813841
339900,416.3683684269001
340300,385.7322925515895
340400,454.03324959616174
340500,334.02864649130646
340600,344.1180127939972
340700,238.88274337132
340800,785.7089256398675
341100,359.96007032559453
341100,389.2124164553057
341200,449.04270845908553
341200,409.13939760395647
341200,320.916579611057
341300,342.9975994720545
341400,410.3110799571983
341500,770.2564657398093
341500,333.1382283271271
341500,341.56589409037935
341600,388.66464255776947
341600,556.2337670042816
341600,482.09823464089993
341900,327.8896786026099
342000,406.6561476450854
342000,284.0616254540667
342100,262.0575595239405
342300,533.3631789535871
342300,403.51079930795584
342400,397.150161385636
342500,370.9216395538106
342500,313.060720892542
342600,374.70699729696554
342600,481.12252376690924
342600,286.1265305228589
342700,470.8040657403954
343000,493.9657586179155
343100,364.7542264298112
343300,273.8948646928314
343300,445.80134060033447
343300,350.81342028191636
343400,325.9539282853937
343400,286.0924576032617
343600,336.4019887590993
343600,458.3641679063468
343600,462.29842541868226
343600,308.24900593766307
343700,429.6314335358985
343700,362.9363165829617
343900,328.85607163466875
343900,426.97262409774163
344000,434.6275582637692
344100,594.641229645181
344100,490.45180239551587
344200,279.3493552572129
344400,458.57570787174564
344400,335.56694755657315
344400,309.32373814470446
344600,329.8904585589268
345000,435.87679535709424
345000,365.381511385853
345100,297.5252983576177
345100,292.91805043908624
345200,339.9028766662504
345200,370.0769064203487
345200,324.9351089009169
345200,271.29881944654875
345300,418.75777504294575
345700,413.70037500379925
345900,290.4673292003861
346100,468.4868876922085
346200,551.9924952966064
346200,329.763241842055
346300,398.7733805411667
346400,485.8053260212846
346500,280.16681317913134
346600,436.4900963222408
346700,243.51330738936008
346700,494.62629367351127
346700,366.8443886874674
346800,233.3785350339947
346800,397.5528929610645
346800,337.3814452572333
347000,384.9194074772581
347000,553.4893512987348
347000,446.60736393821156
347300,287.595457457659
347500,283.24083337467476
347500,292.2859225506686
347500,400.91423351730145
347600,475.6019771404542
347600,371.733198093268
347700,412.5204203104188
347800,391.689422001283
348000,471.18682204269754
348100,251.21337490517246
348300,397.9235267257094
348400,327.5060148145737
348400,344.94250637673616
348700,462.0445163297471
349000,340.3985549270877
349000,362.65574606488155
349200,319.58471110677897
349200,714.8825468254124
349300,294.7953953595464
349300,348.19323199748595
349500,288.3724694605367
349600,426.424464260551
349600,299.3287337623042
349600,244.20909176305608
349600,245.36631097211787
349600,358.98868629418587
349600,301.4791989443245
349700,249.27052463475096
349700,303.2835223743515
349700,885.7346702713062
349800,242.52496733744232
349800,260.34789367412355
349900,453.53109266558465
349900,597.9053592607955
350000,345.0123703002036
350000,284.4378451290034
350100,449.166375549932
350100,362.52402050470357
350100,356.41695921031913
350200,379.7418455282968
350200,305.3654840357547
350200,293.6343454709019
350500,469.7923089015313
350600,388.9221762969479
350600,529.5590303154154
350800,400.3367975563289
350900,395.0616083789841
350900,504.1953723948523
351000,429.7196208077968
351100,356.1455883412432
351100,332.2221962714494
351100,275.6861723376011
351100,478.24651763211483
351200,283.3619735585121
351300,463.2726070741884
351300,336.75991031987513
351700,398.2321695199848
351700,772.6315606792377
351800,585.7413739820337
351900,645.7381931760472
352100,249.99365701638487
352300,482.6720590014329
352400,573.3458103127787
352400,430.7692104152413
352500,635.5695404620794
352600,272.92752531571136
352600,274.1609401422151
352600,546.9973028717535
352700,365.91873878354744
352900,340.1142181873778
353100,447.5056078142934
353300,315.1519680791065
353400,302.50949611610406
353400,277.66826122859584
353700,485.0105096534757
353800,433.79940166385836
354000,397.0558565676776
354200,365.2055636885794
354300,309.0670169596129
354300,331.3634341119152
354400,556.6701958730399
354500,394.7185791197592
354500,398.3290850932369
354600,309.9423766910234
354700,436.2396753254074
354800,317.7749764794465
354900,304.8725125089699
355000,304.1380018106399
355000,343.43715069083555
355200,426.1847746069379
355200,496.7422710097981
355300,391.9468758983615
355600,294.55168675742755
355900,421.51779781343123
356000,513.0679414314624
356100,279.0577226267013
356100,222.58078845785846
356200,413.4425028939149
356200,478.664717430327
356200,311.3748042304223
356400,491.66808577700994
356600,435.8004159098044
356700,306.10811138267724
356700,289.3939910155718
356700,462.40488939370164
356700,598.8271806425621
356700,574.2439203275095
356800,428.43532413062206
356800,336.002601406221
356900,448.1889254711311
357000,359.9092466232373
357100,299.2383049749502
357100,376.1133501256098
357100,429.41519855916835
357100,395.11669450616097
357100,334.04761328177165
357100,760.4112389122805
357100,335.3293646956251
357200,367.0022385008598
357200,576.8535065471042
357300,354.5259830168174
357300,341.4406048636735
357400,668.3335820662735
357400,346.0859300534446
357600,406.55498317108265
357700,434.80005456750905
357800,284.5742390288551
358000,385.3611045666851
358100,290.1577134811952
358200,368.2617453045083
358400,449.96007215898356
358400,282.540694570119
358500,274.7810635635694
358600,388.7332821664818
358600,430.74075373300366
358600,447.6030386068624
358600,426.7216201847791
358800,436.82423133552356
358900,268.99271874400716
359100,413.4122771202711
359100,440.9624786852461
359100,395.008570578059
359200,398.71926345868883
359200,295.61774385325305
359300,335.2153805947116
359400,362.12928720873344
359500,417.0956197883817
359500,412.15307586193535
359800,406.2013066003459
359900,345.71201923462
359900,312.93966535213605
359900,297.373712452871
360100,482.0848479067836
360300,390.0790374779802
360300,616.591641944997
360400,308.7579864739862
360500,477.6569697816404
360600,382.5632352451486
361300,570.7632235406288
361500,388.42422888840395
361500,289.6649409308804
361700,295.38581168330666
361700,294.239990230113
362000,526.5384682144519
362100,349.28575689543
362100,279.4399800129389
362200,446.4889136101413
362500,380.4724531426857
362500,494.7027367340467
362500,390.9263882328974
362600,254.55372319406854
362700,377.7183901506992
362700,497.75766165035606
362800,322.7505833014524
363000,646.548343012454
363100,247.22529433217375
363200,573.6765396983187
363400,630.0709932340329
363700,536.1396561814479
363800,303.13677826044767
363800,237.31304284276024
363800,307.05423115796975
363800,366.40255525207255
363900,342.3436303341007
363900,364.86955324996705
364000,321.1339120224971
364000,631.5647394679875
364100,345.45466069674393
364100,330.1077818511395
364200,376.9865564884014
364200,471.67469682762334
364200,266.85137502492535
364300,394.55014759809364
364400,691.9522689131221
364600,375.95445696425736
364600,276.0555329053151
364600,328.4331767965817
364800,286.52247356723507
364800,427.3202281540768
364800,342.17484965804607
364800,408.85645394382755
365000,305.54519912375383
365200,352.330225265607
365300,386.5653105948032
365300,326.15086253222233
365300,477.1131263030602
365400,415.5481385202408
365500,492.8533008065211
365500,386.3881980277321
365500,287.96470539710543
365600,663.8214237313371
365600,369.2794325272287
365600,259.8898223129448
365700,388.7987853705624
365800,275.8469893185009
365800,350.1085612251318
365800,645.3989922744
365900,421.49680808311433
366100,349.68576595679775
366100,325.62313890116445
366200,314.3520061000112
366300,275.07515427833755
366300,351.66998311743447
366300,486.7052386113256
366300,360.7031798314387
366300,342.99783437446945
366400,399.90895829594007
366600,451.3885450612341
366700,706.0109563625618
366700,352.6319512091498
366800,443.44946779397475
367100,373.782891294877
367100,313.2524935472389
367200,449.6400879216215
367500,392.69347431796984
367500,382.89997070965535
367500,493.0088904135649
367600,695.1204782122468
367800,257.89843143360224
368000,529.9056710922331
368100,402.21284160663504
368200,323.38073859236215
368300,476.0295780101285
368300,478.50460718059617
368400,630.5022544350979
368500,385.76376982936335
368500,658.982506722041
368600,616.2776426508802
368600,537.256266382522
368600,333.91141918640426
368700,392.7926055986069
368800,565.5321434929709
368800,316.71283370088213
368800,465.6081681379547
368800,422.4627097282011
368900,338.8392265403348
369000,397.07927469406116
369100,322.22609547995233
369100,282.4041240442802
369200,445.24290430579003
369300,287.0289364551645
369400,248.35348695318143
369500,308.9195698923378
369600,325.5383185889397
369700,675.1496110266233
369900,301.2283096245944
370000,350.67335047207473
370100,288.5263323967209
370500,305.9163107894694
370600,435.8995134731071
371000,426.75766802448436
371100,355.7812760610013
371100,348.6190068838524
371200,308.3620823498972
371300,410.6261005195959
371400,242.61544594955936
371400,313.4910815728349
371500,274.2621116861907
371500,490.75369097829724
371600,326.764391378113
371600,274.16123224622754
371600,244.4255694030657
371700,225.17512165342578
371800,296.6684371599832
371800,263.31338574367
371900,431.31718175306685
372100,281.1303024464337
372200,778.7829733921005
372400,347.0847532565607
372400,402.254600520625
372400,551.6823520910052
372400,325.2615253193126
372700,446.9632445725747
372800,436.57130302663626
373000,319.1122940435619
373100,352.1250020206474
373100,423.34163710360104
373200,282.5648498489433
373200,303.76917495159864
373200,361.43199512048164
373300,341.9817306503555
373300,518.1900888773655
373400,397.56924026362753
373500,305.5975889273573
373600,221.0591666076343
373700,403.549859729611
373700,470.1133022578705
373800,341.0258646211811
373900,259.26839668025053
373900,342.0907975632412
374200,294.7166107985964
374200,402.54467394971937
374200,389.73372209837964
374400,497.6260474896971
374400,254.06413663734557
374400,493.2390403884041
374500,434.73896297481343
374500,389.85746863933707
374600,455.62516383411935
374600,486.91735112232743
374700,353.3163465101774
374700,354.80407504567023
374700,377.88598249755086
374800,336.315479185333
374900,274.81457005746324
375200,310.97413292069854
375200,464.57335802332364
375300,466.0614876454496
375400,549.5217862008368
375600,542.4512106639768
375600,287.86151930458857
375600,359.41273958776435
375700,526.4877974925611
376000,411.6794448862248
376100,308.5017933817989
376200,273.6063104129759
376400,445.44467346315105
376400,298.68363020439045
376400,363.44208087314973
376400,363.5778761394687
376500,328.1717337677467
376700,399.6562396851737
376800,355.03467062514096
376800,385.3851686058905
376900,403.7646849328751
377000,350.6804270754097
377300,406.00440505836406
377400,401.07492724353665
377400,350.6610107049221
377500,489.4163150810815
377500,478.13288529792
377700,582.402110744539
377700,253.3295580706962
377800,438.09983858939046
377900,589.8505775223924
377900,359.0622396752704
377900,408.64358327685534
378000,377.6727415660194
378100,666.4823010434832
378200,332.2877784084512
378300,330.8437798693924
378300,392.2571241645306
378300,324.14168752236355
378400,414.02157836303905
378600,981.7140400295441
378800,337.33212092455796
378800,599.2591495502659
378800,340.23591656711994
378900,261.8450811671968
379200,269.2729174947656
379200,314.46155806804074
379500,431.514416070387
379600,335.91476130413633
379600,392.4290207923418
379700,347.48762072159815
380000,249.92596187238232
380200,333.88820998862315
380300,334.7650191621226
380300,306.741739622898
380400,406.0897166352748
380400,381.7284899434116
380600,557.646191193688
380800,442.8532707521978
380800,285.47333746764394
380800,485.8002077183393
380900,344.5416655537108
380900,294.4005732998279
380900,567.1315868788673
381100,315.5416548581488
381200,344.9609143475463
381300,371.94856229872255
381300,345.44157365403424
381400,392.0094831460059
381700,343.8612729411612
381900,367.4066450148952
382000,398.7590858559509
382300,383.9657881267082
382400,409.75725869630344
382400,341.5405792905485
382400,622.3902564009584
382500,512.9562627786482
382500,451.41901658911536
382600,478.67947542580697
382800,291.9879351750925
382800,563.135800036358
382900,489.53319512359303
383000,367.4472842774116
383000,431.88728775854173
383100,649.909331026988
383100,298.15234965187443
383100,365.5921658673029
383200,474.2084094204139
383300,637.1930314809684
383300,462.0824191588056
383400,326.18310534331516
383500,508.2658922974049
383600,421.4978065655062
383700,528.7722519571961
383800,355.90923936286345
383800,303.1974487790671
383900,334.03001149251344
383900,399.1411627747342
383900,453.9671785683846
383900,391.7460289545804
384000,419.1148890937149
384000,458.1772663803863
384400,316.07260546778537
384600,456.2165318890495
384600,360.6453714776477
384600,587.8196401836285
384700,448.3259232191899
384700,297.8862313982872
384800,384.81562645849345
385100,418.0911499661832
385100,313.44255942518134
385200,295.35337817592716
385200,355.683735449422
385200,606.7700036336861
385200,337.69247608340885
385300,349.4552108299698
385300,854.6192845324266
385300,338.77665210098667
385300,311.40809484426353
385300,304.7940023968807
385500,455.7315651846158
385700,386.7235432602389
385800,434.51460725634803
385800,453.66157883011016
385800,346.5444888094437
385800,399.00926022645916
385900,356.5707591426944
385900,368.5938846081542
386000,509.0039521738087
386300,282.96512292387354
386500,532.435555374038
386500,530.5288823047986
386600,484.3822228082747
386800,420.22872554957377
386800,593.8619029601339
386900,340.98081018639925
386900,347.5560663427733
387000,306.0156255046463
387000,286.93586228720136
387100,306.4293476009713
387500,618.5943827844427
387600,298.5562686776061
387700,428.6041743239051
387700,622.52076429888
388000,510.7769346656974
388300,522.3029777265084
388400,475.08229326556295
388800,363.81213049178973
389000,624.8424889075302
389100,421.7916169343922
389100,231.0533515279844
389200,364.87770657945833
389300,292.6281527834706
389400,502.5018074215179
389400,366.3028796887055
389400,301.9511726402314
389400,487.5962985194336
389400,301.96177128036624
389500,255.5888295016634
389600,339.29314211934667
389700,299.3739609494296
389900,414.8494523317305
390100,366.5529263793124
390200,391.3987730463225
390300,322.32649352835375
390600,429.03387354391276
390600,546.6691739181293
390600,390.6126089689482
390600,400.54335335139103
390800,504.5606160195038
390900,511.90281585919377
390900,333.8933083373319
391000,374.4771611268105
391000,486.91938629493734
391000,357.07828717160174
391000,339.98483344262894
391100,340.6129336708181
391300,544.7978789909394
391300,257.21987126089294
391400,318.39696925564147
391500,410.2995829029467
391500,400.73965953132574
391600,520.3450069021659
391700,340.26611544304683
392000,279.1936602801229
392100,448.5155331633495
392200,353.3702982618157
392500,341.8170236625028
392500,296.67376711117413
392600,483.3818630212654
392900,364.90442223915835
392900,351.84628677287037
392900,467.0693858145486
393000,309.20657873294965
393100,297.6274390266383
393100,331.187939489634
393100,580.4644118726038
393100,372.31642027689014
393100,306.11276045036215
393200,309.38408076832746
393300,574.4653562808475
393300,465.8795718972421
393400,771.7808799076066
393400,636.3311831201183
393500,595.5840251379897
393600,310.0491364506052
393900,387.0909818590261
393900,378.88629644515953
393900,305.1290394693608
394000,413.6727433988865
394000,435.6787070204452
394100,656.2402376375398
394100,372.67885873235224
394100,507.87893761963846
394100,502.7770647866681
394200,532.5060513110001
394300,423.1878352038345
394400,312.8882382052549
394500,256.11217781493343
394500,443.83966414692753
394500,413.0493527919213
394600,279.01266529841894
394800,490.7055813678642
394800,562.9120488176729
394900,422.93465378697226
394900,334.38830076488955
395000,313.06624983064347
395100,380.71200260028877
395200,390.34957358652986
395300,529.0459343356214
395300,351.64670172519203
395500,272.7772023520297
395700,425.19885424613534
395700,339.4593587101629
395800,331.51407658569894
395800,284.7258985159225
396000,461.99137816700335
396000,378.99154311549273
396100,290.0810484959446
396100,403.1437439069684
396200,330.077484527818
396300,500.2299992463075
396600,681.4777322363165
396700,306.05603410519285
397000,768.4434195090631
397100,342.48934748192323
397200,323.0781537309862
397200,483.9158434220071
397300,362.1165638627215
397300,577.8477544233368
397300,376.87235489836314
397400,359.2405326741526
397600,539.8190048464256
397700,283.10175045268414
397700,373.2471183443412
397800,339.8199940034875
397900,342.07321307819745
398000,366.5858681822659
398000,357.0138256685886
398400,353.0338262222913
398400,484.3842658125723
398700,259.6926347485003
398900,342.5572223476242
398900,264.3312760293215
399000,261.14694342990305
399300,696.3733621290231
399500,338.22088899879174
399500,464.12902128199937
399500,363.1972699045285
399600,378.02130855126717
399600,513.0347084226189
400100,457.4769669806681
400200,335.11347557634537
400200,426.13209205182017
400300,429.994713575528
400300,398.1023453921006
400400,489.66405655735775
400500,389.76230881859146
400800,469.0450364527589
401000,304.99938469679086
401000,290.7018897458053
401400,342.5212049989547
401500,302.5839330733565
401500,324.4846847810389
401700,726.2413772438448
401800,429.1834598345721
401900,413.59625970450327
401900,435.41012980831505
402000,311.00593661747996
402100,706.6587516385798
402400,476.4894192726439
402400,352.20211109106083
402500,586.5546792230205
402500,459.91158128590365
402500,561.2960963741698
402600,350.00860481008135
402600,440.31956990277916
402600,266.9314436230102
402900,354.4913460763675
403000,426.42263913530985
403100,543.2578007149455
403300,295.50014489105996
403400,445.9196412649805
403500,493.620825005765
403700,421.05924334832815
403700,330.63634481325323
403800,338.7055024811962
403800,580.833641406139
403900,361.1976121253385
403900,309.38493724102864
404000,606.9446322282117
404000,389.87113456180913
404000,448.5165991786506
404100,450.5019868056544
404400,506.48432530094357
404500,304.4474963457123
404500,400.23094077331837
404500,621.4339168797055
404600,264.25457320958265
404700,487.4024146893458
404900,514.43240761081
405000,410.01644245768995
405000,329.6550030582888
405000,352.7353085890681
405100,480.81687342573497
405100,368.7373001130259
405100,331.7888969267324
405100,401.8162551170164
405200,532.664299627984
405200,315.5075026397353
405300,564.3595315834758
405300,569.5382449145702
405400,371.48194790567624
405600,498.68511970954404
405600,508.91672799484013
405700,701.9091153897461
405700,405.86830544114207
405700,407.79769610350036
405800,397.9914268424343
405900,323.7695175225354
406100,517.2587839988203
406400,339.48275965965826
406500,736.0250629889169
406500,359.06924282452286
406600,608.8575517803956
406700,749.0889983080139
406700,473.10075612388
406700,622.5250174129096
407000,316.88132779616745
407200,342.91166573217936
407300,424.3812694733708
407600,589.1275575789352
407700,555.534680312207
407800,404.4583272009206
407800,539.8236637169312
407800,703.5214365037801
408000,529.3477779976715
408200,322.7997454722514
408400,317.4943270676519
408400,369.7602744272789
408500,326.4322478137627
408600,338.88442933226
408700,433.7309699552826
408900,345.7280643760793
408900,479.8923519393614
409100,424.1557784245843
409300,316.54277219515177
409400,654.0946939305563
409500,523.699037674394
409600,317.97754711778276
409900,677.4336782539194
410000,518.9589211266946
410100,397.5221535265969
410200,424.8770667598438
410300,415.7384678286772
410500,282.61822965430474
410700,374.6503315975019
411000,306.3437855008429
411200,548.0089930068345
411300,361.88143232121695
411300,314.66058875455855
411400,257.89463101285355
411400,469.79145381884297
411500,354.4430411045351
411600,262.0501646819178
411600,466.86993308693525
411900,326.25939168371127
411900,279.47735073554895
412000,414.7585052289769
412000,388.0434776060938
412100,668.921623906326
412100,661.1948802235501
412200,730.2908167924287
412200,574.358859674613
412300,469.2816199705192
412300,295.00718723828027
412300,410.5993546218252
412300,294.87770421563204
412500,280.4601202752427
412500,374.5469183844456
412700,282.830507120629
412800,286.6331468108815
412800,402.6420755492199
412900,407.4054026986125
412900,245.3527207445223
413000,321.4196375481992
413000,381.80457280122573
413200,359.3083286933816
413200,517.1463949077063
413500,618.719452460065
413600,306.4257501380645
413600,285.1711326288824
413600,578.1388133854573
413700,431.8438726384085
413800,680.86487003422
413800,561.6417732274574
414100,291.9387714003881
414200,368.86854208602847
414700,444.8699610778595
414700,385.5900422774226
414700,457.1749497487051
414800,506.20964292403687
414900,288.78217673598317
415000,543.2690254192138
415000,290.826295002686
415000,473.3424888784263
415100,294.21069052554805
415100,395.3139914635718
415300,449.8525539765112
415400,553.6690435223297
415500,361.0377292660718
415600,589.2468993047223
415600,501.1924953328832
415600,540.0444487973249
415700,698.7985651643922
415800,415.5958560753443
415900,380.4417103750574
415900,333.53605800238597
415900,502.25878617632304
416000,467.7444070307371
416100,726.2968463780858
416600,367.78185532607887
416700,538.0161159288517
416800,632.2823577492679
416800,370.8811708719686
417100,407.6064838870506
417300,251.85328254973206
417400,313.5351848895282
417400,563.9433724066157
417600,516.0960897443807
417800,551.1852245651583
417900,397.1051388431362
418000,405.19611794234294
418100,450.2420519986685
418200,324.78784810362447
418500,350.6589440173937
418500,383.4181614471699
418600,565.8621860044649
418600,283.04298376990766
418600,561.5082082629847
418700,571.0780619823983
418700,355.06655375094
418800,663.7568448442755
418900,518.7479835029734
418900,516.7153278985045
419000,264.6333059321225
419200,277.7045180167024
419300,442.4177619758415
419400,251.14948375645957
419400,324.11353371524734
419500,457.03607885993205
419600,429.4441316542177
419800,255.52204868432116
419800,276.2735595954879
419900,176.85551336252954
419900,346.1612237854918
419900,312.86761909457556
419900,307.30123421032675
419900,362.5771221324411
420000,308.5711735569942
420000,264.75823547311626
420100,327.15289843677976
420100,306.63337214940407
420200,308.92520625280173
420300,720.6274360330063
420400,260.0539907572893
420400,279.9681379608769
420500,566.9509648367
420600,317.14288861517605
420600,538.8405903184704
420700,313.45191580614517
420800,516.6739156424261
420800,372.2280537916597
420800,413.46097379301
420900,248.65888571650243
421000,318.4946828669255
421000,345.3118803356717
421100,403.370705049708
421100,250.6757855395949
421100,376.9837238062822
421100,429.6301473171505
421200,318.80284918214005
421200,564.199595925492
421300,414.59392213843864
421500,527.6572045696738
421600,364.01369628827257
421700,275.16256686703576
421700,306.702664689334
421700,319.5393370461091
421800,289.3328698615084
421800,818.1147015620403
422000,250.1536005288426
422000,286.8503985603973
422200,295.0688458160413
422200,267.32910051800434
422300,296.85416154690216
422300,340.21668303696055
422600,268.86909500502236
422600,285.03524878139854
422800,406.4892200118603
422800,238.55820728812583
423000,531.3820073239575
423100,299.6464744185131
423200,305.324518864625
423200,266.4323755909012
423500,336.3469630759809
423700,817.8675308448566
423800,667.7559576584318
423900,526.5840864322295
424300,388.2234466376371
424500,272.2180886763161
424600,301.25205324725187
424800,410.1921812346218
424800,415.09231633907746
424800,362.1608369232548
424900,578.9323789004862
424900,253.89031705357868
424900,539.6624987000126
425100,387.5269941569301
425100,660.3899539959489
425100,288.84038772677906
425400,278.49254559399645
425400,382.5613983055585
425700,290.69265277441144
426100,293.0694579813263
426100,226.5008092624584
426100,258.0547583016994
426300,353.18346865618895
426300,447.2271101807921
426300,474.01603337451485
426400,459.1642071021729
426500,374.74591711785206
426900,339.8710771805363
426900,301.36256478454237
427200,384.1067926759957
427200,239.42040009330282
427200,286.3997598335153
427300,285.3705273832483
427400,304.153151559627
427400,380.0807617386748
427500,446.61294039078643
427500,345.4836254532034
427600,330.6606980296089
427600,349.06406226473894
427700,331.6949518231477
427700,307.0265150608302
427700,279.8981737732773
427800,264.9843024848297
427800,329.1878961497956
427900,277.31918503882576
427900,296.77863627337547
428000,766.4572782713608
428000,297.7488295221879
428100,358.50543163908196
428100,301.74340734242213
428100,254.07625194816316
428200,448.73576275519355
428200,301.8328322883886
428200,665.7025500655825
428200,255.89426614592128
428200,263.8544038744837
428300,340.5125917151744
428400,299.9122502978797
428500,384.0264998699916
428500,278.05019559479746
428500,545.4966221230516
428600,307.9864198814603
428700,255.9418142270247
428800,407.1796402787177
428800,429.0087336935827
428900,296.0295194531684
428900,262.88663425285233
428900,317.06702725508535
429000,384.0768560077343
429200,313.2232644632835
429300,254.33738105299267
429300,325.3000049792639
429400,343.50508196256555
429400,334.5217243870075
429400,394.80494788171745
429500,233.45005584379908
429500,289.55013378709606
429600,289.2876745751872
429700,385.77043767649207
429800,313.9533267266131
429900,278.71335520230747
430100,289.25299294603667
430200,306.49036934498696
430200,219.14558391319952
430200,431.9012621195319
430400,821.992255426427
430500,274.13128796286566
430600,258.8677805321332
430600,566.9265631904124
430600,243.44937522411803
430700,386.68956102868714
430700,230.51767699721233
430700,246.3488797476835
430800,253.40246260965836
430800,314.3774863852274
430800,295.79848668456896
430900,253.2651145649238
430900,548.8874484942821
431100,324.4042406552913
431100,275.1784284663559
431100,257.8264612648079
431700,281.3715112113602
431800,286.0436327386722
431800,279.77447050536733
432000,282.41214611826183
432000,243.61236797264027
432000,598.8172329506309
432200,299.6601448864701
432200,251.37692074807165
432300,541.2929912827352
432400,254.68054453539557
432600,273.1812643258114
432600,258.4666776784592
432700,572.3653214040232
432700,699.6511939639005
432800,507.46413155066693
432800,214.61862944557566
432900,271.52793952756474
432900,518.0191319571554
433100,244.28994260561498
433300,296.3821441787596
433300,224.1786388111868
433600,266.3677661358781
433600,220.10753229197766
433700,235.47297423726096
433700,350.83806016625664
433800,301.9538716768627
433800,230.9759736084108
433900,231.71419248691316
433900,239.496085169394
433900,228.21895236766252
434000,247.3442529464584
434100,240.5743873822574
434100,256.4652853012077
434100,748.3368315488078
434100,249.53227940316012
434300,268.5553685322136
434400,280.4997817578429
434400,198.5318480954949
434500,287.7012299683933
434500,292.2351364031681
434900,251.87203716232509
435000,264.71273733295845
435000,329.2747203841588
435000,296.3463606923683
435100,264.47417873763175
435100,289.2113746216389
435200,238.48999821860815
435200,356.48459285792313
435200,282.08791669887836
435300,270.36920253845915
435400,268.83258836642744
435400,275.9899767267641
435400,250.34039351983225
435500,802.0770752867968
435500,274.0401505753364
435600,265.3750039610167
435600,362.63073952446587
435600,256.7730185254445
435600,260.72662723883906
435600,287.85107935854484
435900,280.7058728332485
435900,391.8768127615531
436000,692.1516093694105
436100,371.5922879938688
436100,262.04366983786656
436100,354.0330120414662
436200,475.58898131496767
436400,282.9277853058716
436400,291.88003993728097
436400,225.66052899716186
436400,261.92157129032836
436500,332.9817762381033
436500,242.54639581059413
436600,299.56244298834173
436700,259.5393702948003
436800,418.3033305822695
436800,629.9222118914009
436800,255.31910526327812
437000,271.40382576425384
437200,275.50878454301824
437200,281.3864289042751
437200,248.75587125583564
437200,262.59316074051895
437300,267.27562487594344
437400,289.1762339931052
437400,292.2649427325023
437400,271.91124118497606
437400,264.49745299091194
437500,246.96349065063757
437500,274.39710384292204
437600,343.3794324246131
437700,298.1110380846159
437800,311.44590460504344
437800,327.04843427443154
437800,218.25407836103003
437900,247.3882185389162
438000,244.4023939261713
438100,433.6273646896283
438300,273.1818861289345
438400,273.14703052026005
438700,244.23839185696286
438900,423.2727120385367
438900,260.67631915712866
439000,846.7812393600752
439000,265.59458669000134
439000,217.65850154895725
439000,260.3147087381083
439100,497.98336725033755
439200,289.0566563300049
439300,271.20825397568507
439400,286.2834108834862
439400,198.17171695069382
439400,262.1798800648749
439500,245.98150422192737
439600,260.6427440169959
439600,262.2476303638287
439600,221.3167920685176
439600,263.82153263412795
439600,293.02280462660013
439700,241.57444945460338
439700,501.06319423739717
439900,252.96977026132632
439900,250.98456720005268
440000,943.009947180071
440400,335.2527028084406
440500,280.8810197635061
440600,227.48479973563414
440700,279.39583714095363
440700,585.2421286055772
440800,229.33141881524543
440900,320.0687136324061
440900,218.8340587281639
441000,246.7447321639535
441100,235.35910417482575
441200,296.0051936219714
441200,254.9575143234574
441300,253.93775197480917
441300,284.89994959848286
441300,286.27865959831894
441400,243.20016993083505
441500,254.18036380774194
441500,243.23256791928156
441600,256.7723354385339
441600,394.3357526997038
441700,264.10911800367387
441800,242.30533002725412
442100,237.50654977328975
442200,218.80150099907857
442300,247.639559128738
442400,217.77706654821617
442500,307.13007643344724
442500,357.8146580173707
442600,256.7148227748336
442600,241.4758430309489
442700,274.4817963409388
442700,363.8502959920946
442700,261.78498055554934
442800,224.4697301803167
442900,250.78071884294636
443100,447.40280017416603
443200,248.5561655249985
443300,235.02236059437092
443400,252.20018503384378
443400,240.66399449322185
443400,307.03901688783236
443500,260.7645242630385
443500,228.46646991672517
443600,258.12074717789426
443600,471.4174281932978
443600,233.9381426574038
443700,241.12159425148573
443700,268.09954400925585
443800,251.88295940577092
443800,294.245294680648
443900,230.57646278318688
443900,312.6390232860297
443900,398.34679546816403
444000,376.9206177249553
444000,421.74127358817407
444200,320.81530766608023
444400,455.0242823453879
444400,338.8767164901887
444500,596.3243101514836
444500,344.4561393740542
444600,260.66829456824973
444700,333.5450307897607
444700,241.62177983603877
444700,237.03521585840693
444800,219.51758806490616
444800,216.2040467851548
445100,221.92081654627236
445100,459.4097261546928
445200,260.5413212891702
445300,367.18670231878275
445400,266.86365511257156
445600,248.92270409736759
445600,243.90176194033808
445700,414.8607076644541
445700,259.53695574475887
445700,252.23024905645795
445700,264.9703300666076
445800,276.62236610155645
445800,392.43797627966734
446100,264.07042380306507
446100,390.3575516520607
446200,291.7789634970311
446200,267.1802253538754
446300,334.23622971137326
446300,375.8318689454879
446300,480.9487535204379
446400,279.58714216834204
446400,397.62133306472714
446500,319.5841891979411
446500,398.02135005845213
446500,282.9681285479054
446500,334.1569457740652
446600,441.57037268548453
446800,288.55544887895405
446800,220.0740797811512
446900,259.09651094345634
446900,245.86853059523492
447000,232.92673042728504
447200,261.21795889485924
447200,239.93626231251702
447200,255.3021095518814
447300,254.63416152382098
447400,252.935276926146
447400,255.6945829068533
447500,281.73220459406923
447600,302.90800569447526
447700,257.7040546406224
447800,223.98569506075447
447900,267.0292538311297
448000,273.0648216256189
448200,230.70779638473363
448500,265.35678141744256
448600,359.1862594558988
448800,338.24176412579305
448800,693.9929404236278
449000,259.6281295545918
449000,271.39977997002273
449100,301.2656134766425
449100,251.37882705799976
449400,229.39846922660678
449400,268.4189804872372
449400,289.5739346938912
449500,260.8783460944304
449600,238.77386681560068
449700,263.9519400091441
449700,460.7463569819053
449700,353.14174477990383
449800,294.69004436860325
449900,256.33706387952157
450000,266.41278933091303
450100,223.86502875427422
450100,238.22615929632587
450200,255.49314010186183
450200,311.94124586606773
450300,281.0872144072122
450300,248.51541135989996
450300,318.47662877645575
450400,255.23550165019532
450400,238.60017660115554
450400,266.46135083374406
450400,581.6720535130171
450500,242.8907045909169
450500,273.73103437559985
450500,276.8871088878445
450500,282.1651094600522
450600,236.45264261525386
450700,256.2260582562393
450800,680.3708059522351
451000,245.76017884231834
451000,219.395346256764
451000,264.4426235748615
451200,397.3711469259763
451300,236.92675711057564
451300,253.44177951391728
451300,258.93137459781263
451400,444.9125304947705
451400,274.334933518619
451500,237.85019423396335
451600,338.718861580462
451700,254.7617059344615
451700,218.27154963728964
451700,220.70570183079568
451700,264.99328946930143
451700,271.8648654910887
451800,355.2175210417716
451800,535.5708297135019
451900,241.10720357464157
452000,268.09842417159007
452100,352.8338649185036
452100,250.0610045017863
452100,785.9038813770655
452200,249.72309154643222
452200,318.281253173841
452300,343.2668919633757
452300,279.7728602799911
452300,420.7883903195907
452300,249.4030754616042
452500,245.64058046334753
452500,441.45002306161444
452500,428.84498863773416
452500,369.40453366695743
452600,265.59147538783265
452700,231.1910745103717
452700,255.21630337571148
452700,268.0749723481416
452800,255.44465390724795
452900,242.50810749401643
452900,247.29787693297214
453000,255.96879421181305
453100,228.6812096117335
453100,269.3490327698283
453100,216.40507586543066
453400,256.73020042742166
453700,250.74414420807224
453800,307.7450520168439
453800,301.8045757680847
453800,326.31101961958046
453900,439.03165723842795
453900,250.96232095385702
454000,281.05197041638615
454000,375.2060660636708
454000,335.4558594805923
454100,495.7783661811721
454100,286.2794053425228
454100,312.39470709528837
454300,245.36793023750494
454600,291.2377348196837
454700,386.4857320858443
455000,251.017647142483
455900,263.0005051895744
456100,292.00694117166626
456200,273.0947932640015
456200,297.57384845786135
456300,697.2401936370711
456300,442.43979390902757
456500,230.8296412804047
456500,331.32796580490447
456600,293.1853562126508
456700,326.1386205673862
456700,257.27023953400334
456800,346.10223680728944
456800,272.82914553239465
457100,285.2921952330203
457200,335.5325197287409
457300,317.35400508410976
457400,704.643855088165
457700,226.7612205674681
457700,220.51454717702674
457800,359.63691732294416
457800,360.50626999701973
457900,251.2007777891573
457900,337.107403890029
458000,324.76085209874793
458100,473.7417747875007
458100,267.7980003609372
458100,280.6085816981037
458300,277.3582577016529
458300,270.2497887427371
458300,334.80104909595497
458400,358.16466202840104
458400,348.2570262217638
458500,393.52052439302133
458600,321.8914785140807
458800,362.7968664140611
458800,250.86327580439647
459000,314.959512800963
459100,305.14879921183115
459200,273.4492754365928
459300,390.84683314910234
459300,299.8698888276029
459400,372.31380467753314
459500,315.86671525664394
459500,419.13631314693976
459700,300.5853633327354
459700,482.4218219523975
459700,415.4574000651431
459700,364.51880544162975
459700,243.64487973922954
459700,307.133160633544
459800,356.87221610829846
459800,262.4063792803547
459900,407.59495130162907
459900,344.0158495446963
460000,454.2681796965094
460000,347.93976696465324
460100,376.2119333334406
460100,365.85613228944896
460200,449.8928731300711
460200,312.325974468086
460300,495.9805258733853
460300,437.69264411585476
460300,246.57664515528424
460400,253.27940993634684
460400,270.8886530854522
460500,482.27616776436946
460500,356.7758038873982
460600,318.5799728723686
460700,432.43145494999214
460700,425.99060585212106
460700,323.0742477319523
460800,290.9197929655373
460800,384.4544648861041
460800,498.18496070663633
460800,373.8325791435919
460800,376.39428916414386
460800,405.33213243159236
460900,324.3701638870891
460900,329.2909829753024
461100,376.1368903913827
461100,343.40027593580606
461400,473.12472585312565
461400,372.54093086010636
461600,240.1125964956551
461600,322.7794704038097
461700,411.87406437487414
461900,310.25423502484784
462100,384.09845995222906
462200,475.66364867270244
462200,385.97306116935135
462300,442.90381397090954
462400,425.48679292991227
462600,322.6986850897423
462800,429.467585862947
463000,376.37368201127657
463400,319.09300261457145
463500,305.77547312684334
463500,462.0476722000368
463500,395.6965979960579
463600,304.0255488699646
463600,410.2883968698232
463800,441.31247421159514
463800,310.3252314703424
463800,306.3822327118679
464000,306.26434184763013
464300,312.3500933846261
464400,327.4101523836654
464500,352.29139484512615
464700,273.5467495661958
464800,271.7826976109363
464900,372.420289643566
465100,539.9787840255751
465200,286.1231513041249
465300,318.6215851834723
465300,312.2919180323844
465300,303.42184594043545
465400,303.5655505192847
465400,368.65529730672216
465700,448.1484033648652
465700,370.1970106170299
465700,346.5257790933943
465900,345.28974804645924
465900,253.84633143554916
466100,344.2627304689812
466300,345.19874973869054
466500,350.49586524765294
466600,287.3433205646899
466600,339.0203591178392
466600,257.78093077126755
466600,289.05416306634254
466700,586.8961415409011
466700,283.56074602305745
466800,314.4204081918869
466800,286.20197407619133
466900,272.50565191214025
467000,377.1068633883075
467000,297.3115500655364
467000,424.0588019023302
467100,313.5216295179883
467100,253.3688490636721
467200,357.8829724224083
467200,293.7596896604939
467200,430.46162114861335
467200,300.99239250187446
467400,271.3291900149862
467400,322.7707840379071
467400,298.43584728360133
467400,294.2209230774616
467400,349.8524189479902
467500,283.23968505191016
467600,337.80035315492415
467700,424.67768587937155
467700,335.6259720542855
467800,394.42798467721985
467800,392.80882353372147
467800,326.43109654167654
467900,305.08737202221636
467900,281.3050661043796
467900,307.82494588435065
468000,364.59825550720905
468000,366.03205595195095
468100,248.0520647730768
468100,315.5095477622333
468100,343.84084339493825
468100,442.39449058380495
468300,326.50452773620185
468300,345.5770790898754
468400,279.6704784752733
468500,293.50897078861885
468500,334.62006691296466
468700,340.13302514139156
468700,363.03712224274165
468800,340.00568751474464
468900,334.7163887731658
469000,431.7489018958587
469500,387.606945518893
469500,373.30387323909736
469600,388.3003253018489
469600,315.88263187693354
469700,439.390883385094
469700,261.44535465404465
469800,317.08089855644636
469900,259.5982074710802
469900,260.35284350587324
470000,289.5225192432993
470100,332.4605048008685
470100,234.48537757401257
470200,310.18632763015853
470600,418.30497478895825
470700,345.6196794320616
470700,495.4976944133951
470700,501.17221541675775
471000,296.61960749587774
471100,568.3339843510561
471100,354.7955173488409
471200,309.5968263691698
471200,268.0011953874581
471300,244.55884680190547
471400,331.1203496452537
471400,418.74676246001104
471400,402.3115416476515
471500,342.12462657479296
471500,310.442488632259
471600,272.86367341202646
471700,430.6612311205866
471800,272.8606235699817
472000,359.3783981917474
472000,303.0569541882466
472100,323.0624758659068
472200,280.4029152183747
472200,459.4515134492884
472300,294.6820479706798
472400,257.67555061829324
472800,291.76644996234376
472800,266.42131786383624
472800,381.49813976243814
472900,232.5864336133424
473100,326.41314542750024
473100,324.2841186709717
473200,255.69237268969033
473300,276.88463802554645
473400,356.20960876766134
473500,251.08157050237116
473600,293.8605787949197
473600,246.03795944802272
473600,334.8035916470037
473700,403.117390074383
473700,296.68328528958256
473800,266.6043536712814
473900,337.72854895168524
474000,256.3506853549514
474000,253.36098028509923
474100,289.1318615969059
474100,266.2020866414268
474200,298.158936130344
474200,278.38800780975674
474200,309.6312829514774
474300,576.445948456313
474400,246.2439191175747
474400,325.46433402127167
474500,294.16503159979715
474500,264.2852761632035
474500,318.2014299508338
474600,274.194805661679
474600,278.17090955483457
474600,290.8892347431834
474700,290.73323564477647
474700,286.44470340331804
474700,306.0307512238971
474700,330.69515516418534
475000,349.23558474002175
475100,252.43457603675628
475100,337.5257943959673
475100,318.8653761449664
475100,329.4233459084007
475100,321.51729262585764
475300,269.71999608360284
475300,367.9067696334426
475500,293.87989487594274
475600,280.52860066297535
475600,410.00634448797297
475600,230.75777086945925
475700,302.5736358854174
475700,308.35596353998034
475800,332.57691082135045
475900,331.82793626659077
476200,332.28958554077803
476300,341.7686770995642
476500,264.6599399212753
476600,426.5068808663585
476700,271.12773475819887
476700,265.78963085151577
476800,305.1371860676063
476800,272.7799000905499
477000,485.8849706528834
477000,346.6068711378832
477100,309.71188138557704
477200,268.5034037409919
477200,307.7237957604895
477300,267.23833571953685
477400,326.9797254317993
477400,278.5672486848912
477600,262.24401698801523
477700,256.2197415117975
477800,347.91131031663497
478000,274.4666018223927
478000,276.220578903619
478200,263.0461085070976
478300,278.75495294777505
478300,293.1829129080476
478400,280.7452668086195
478500,295.638582202547
478600,425.12694732036647
478700,256.56416353794793
478800,270.24349577702105
478800,368.78356311344896
478800,332.117690577578
478900,262.1031559598423
478900,245.61936919334488
479100,544.0163217782483
479100,313.3546378042926
479100,395.27132668346366
479200,256.4260133797162
479200,481.10209523033126
479600,250.07738938306287
479600,264.124972138184
479700,314.9392693869164
479700,342.336025237908
479800,268.1843509493738
479800,428.5372026705094
479800,331.57345663873724
479900,317.8722885559475
480000,378.07765917091837
480000,269.35092777342817
480100,572.3427327880738
480100,237.0475189584822
480300,351.0473945164896
480300,275.29257782394683
480600,309.7436724534472
480600,358.6718541452605
480600,325.25359749429407
480700,306.844886450465
480700,393.3131240098276
480700,268.9428173074478
480800,295.75521835529537
480900,276.5604019198118
480900,265.22367812801974
480900,336.33742457188623
481000,272.6490231957508
481000,298.53155756309366
481100,315.84491356903
481200,306.54981421204656
481200,296.9912161069952
481200,251.8864420157866
481400,285.50410935234794
481500,669.4157740392615
481600,332.7512298346825
481700,317.2000185073128
481700,322.8471011950239
481800,292.27246609064446
481800,304.9705749270595
481900,306.73811607421237
482000,299.95983712356184
482100,309.7013297957606
482300,296.8841254963671
482300,328.8714070659954
482500,328.68203818660567
482600,313.93056510312516
482600,304.04670339952975
482600,285.94032454014587
482600,341.8322861733234
482700,353.3862980863493
483000,350.0182674080986
483100,359.71653764686897
483100,307.5274351641022
483200,320.83838914780034
483300,256.1202976123522
483400,349.04043004228004
483600,358.32509587729805
483600,354.3534522245514
483700,282.0283877676426
483700,292.3701952135941
483800,248.33001000885196
483900,301.25586902102214
484300,272.7559251875969
484400,317.70216163504716
484500,335.3229012191421
484700,320.5292858809622
484700,372.3393420508195
484700,323.7308239284311
484800,332.4806225717663
484800,263.74224353942816
484800,353.82054053747186
484800,470.7809170096134
485000,290.599166571628
485100,335.04985610035766
485100,404.80384574879986
485100,279.63088239309496
485100,273.69517494987144
485300,411.88758585948216
485300,301.1360900307554
485400,285.7553863287613
485400,392.7515550665224
485500,342.4261867357679
485600,422.9977893261397
485600,346.3652561393121
485700,310.4795452477687
485900,272.35015482360143
485900,292.4728324678276
485900,344.7119445849445
486100,251.67516515736864
486100,383.01806273798894
486300,243.58361670866884
486300,380.95418529949455
486400,305.04247082997495
486800,339.5689670896838
487200,247.20160364647276
487200,336.7126265691561
487200,270.50226012148477
487300,347.54547416235846
487300,360.47003192943424
487400,362.53657877607844
487500,323.7534179095496
487500,318.121769814599
487600,370.5892796470969
487600,328.0585072136628
487700,333.8310389415612
487700,316.39338452599304
487800,296.9590086508155
487900,294.2984412202103
488100,384.0658990283124
488100,407.4735951587511
488200,340.88502885195186
488300,294.2720897120602
488300,298.63991479729236
488300,318.4319756980104
488500,393.69741141085217
488600,319.6321305909175
488600,272.6575297426549
488700,378.62590434027925
488700,270.0982732542052
488900,341.6267513144609
489000,346.7203256250974
489000,366.3715288025245
489000,310.7335544904889
489000,351.2480220422531
489100,337.9014288532963
489100,308.9284875445087
489100,601.0472009655946
489200,316.8542338565992
489300,628.5091150721458
489500,283.4523645268746
489600,373.45718066919676
489600,341.5498515768365
489600,316.9173088832905
489600,265.56188559705254
489600,424.3884872808729
489600,368.2347535003854
489700,353.251230796983
489800,278.0247619451184
490300,281.58601429841696
490400,455.41231534544386
490500,332.26783686849814
490600,511.5678947452607
490700,369.86971088226124
490800,263.2826837703684
490800,464.6030811505107
490900,418.1957376410986
490900,255.7995786738777
490900,229.5273462541641
491000,299.4830106358261
491100,412.69660079748894
491200,275.85550547439846
491200,258.4699095278244
491200,268.66916690944475
491300,256.7111252125051
491300,396.0552651193211
491300,320.1278799825363
491300,291.8313123468267
491300,367.5686001101454
491400,276.30303087066864
491400,402.308169042059
491600,278.93437870475026
491800,337.464417016668
491800,288.48598656236874
492000,248.28366196019482
492100,258.54712625868325
492100,286.20684820180225
492100,382.2673253958432
492100,245.03756023709562
492200,305.1131983360191
492300,248.67975329262765
492300,303.7767923712132
492500,268.6231724907673
492500,266.2706444465329
492500,298.12272565829124
492600,329.71338171479715
492800,429.38408182992924
492800,371.9209670776892
493100,332.67609192020734
493100,260.59457443167105
493200,559.4565880645575
493200,285.8330328581565
493400,331.6307240511886
493500,334.39484973418985
493500,259.3508176697779
493500,442.7706002382969
493600,341.08013172293147
493600,261.47498609528213
493700,491.9939343407071
493800,249.07990044143443
493900,391.13363947951075
494100,446.68091008637697
494100,270.2812595302073
494200,332.57162174374173
494300,228.46016114357045
494300,277.7175538359048
494300,256.4950316415228
494300,287.6838090387218
494400,367.5715035900463
494500,477.1455298273468
494600,312.99224057865007
494700,231.3399961339537
494800,278.3872726976751
494900,260.06560754984736
494900,304.87154247843307
494900,260.84025405723895
495000,601.4157957364125
495100,505.57752291109637
495100,314.19073874749535
495200,270.201313338743
495200,287.8468016188072
495200,318.8104406105131
495200,241.09993001264732
495300,287.9316523764238
495300,291.5264084091188
495300,269.2504866063694
495500,245.9566627379826
495600,380.7621259114567
495800,283.03373757132096
495900,258.1391683646421
496000,352.9896904598983
496100,264.2485292061991
496300,305.4894093477897
496700,335.0846627515006
496900,311.63848064811475
497100,237.6563770782817
497200,317.847738160276
497300,321.82945793425245
497600,270.27145330089945
497800,288.4855446441723
498000,609.0182492884213
498000,376.486742233473
498300,303.64451564272343
498400,303.6053299248122
498400,457.9197453514817
498500,295.18633230738783
498500,410.4609084538477
498700,282.7107019286881
498700,271.2324914976058
498900,563.2320681691474
499000,387.6958685195287
499100,295.07201381555444
499200,429.33305169291896
499400,397.1230610900061
499500,439.9962047872119
499700,346.60404832220235
499800,393.9980418411561
500000,396.4198816086486
500000,310.77897982390243
500000,406.65929444721536
500100,293.014989256784
500200,344.76167399498473
500300,457.3940787036574
500300,397.9892147534925
500400,257.60764394720786
500400,311.92202610647246
500800,438.3219413481251
500900,339.27829700626086
500900,241.9047931501544
501000,359.0247051510296
501000,418.5296353360481
501100,452.3851895261912
501100,410.93277899248903
501100,261.05665877306217
501300,319.6794914433528
501300,377.39135167000086
501300,571.3706486632227
501400,372.7234525618965
501400,599.2729532530537
501400,278.0921661950437
501500,254.630033053024
501500,553.6575506629762
501600,520.1330619500411
501600,517.3813502193584
501600,501.3895344316253
501700,318.45045630873256
501700,357.89299044844665
501800,340.6444100846612
501800,316.67539751619137
501900,371.96797426655667
501900,412.34042249056614
502000,355.84121557120204
502000,301.1929953235566
502200,457.3034175593992
502400,273.16913618552087
502400,483.6851141443864
502400,290.9099852702192
502400,302.54767999642905
502500,319.846415269183
502500,265.0106948870821
502500,304.3102722859243
502500,332.2766106537622
502500,315.44263899269674
502700,249.74956266745323
502700,352.8303934449317
502800,294.045970657311
502800,316.3643801189451
502800,400.4217602052435
502800,319.3459693637211
503000,338.2104729428961
503000,442.0751195288103
503000,337.25419229221757
503000,421.6500856339268
503000,386.6432602096491
503200,471.2888694917887
503200,385.54778434930586
503300,406.49728082479623
503300,500.71714418296847
503400,415.28102646956506
503400,607.9580634667316
503500,379.03750866677063
503500,245.61402934432323
503600,360.5679475403959
503600,254.1281656187891
503700,316.4432994037296
503800,232.15286742130408
503800,314.293497980442
504000,432.2770607979221
504100,248.24753556255547
504200,515.5893159902278
504200,656.3705133967408
504300,523.8357600949781
504400,438.26602388198205
504700,368.99400653392496
504700,230.8787677548619
504800,277.21427868656593
504900,270.2241927626227
505000,331.7303864619296
505100,236.02494822776134
505500,542.4341794069676
505900,311.19058494095094
505900,458.7972690521107
506100,318.09401264073085
506200,299.79710095474576
506200,267.92192195871775
506800,316.0195735573194
507000,277.142886543284
507100,255.78986874329684
507200,360.9968346516977
507300,294.13225902309296
507500,810.6746014467121
507500,452.95468794463613
507700,318.014840418686
507700,307.2034460534865
507900,393.69258314905267
508000,275.9966350745492
508300,480.0610279602411
508500,308.55077782818944
508600,353.16596774593023
508600,366.3967884240418
508700,390.6165302526911
508700,271.5675191592602
508800,258.8871412684641
509000,396.3703020574524
509100,259.583553386719
509100,300.0688477355995
509100,283.4685465281218
509100,307.50652575809426
509200,323.65737047994327
509300,448.780692171344
509400,355.8006412841775
509500,381.4894292599035
509500,317.35786013243603
509500,353.2562722230837
509600,317.0432831979826
509700,370.7090117326307
510000,318.32226512141625
510000,350.3441564107366
510100,472.98667074389346
510100,312.71344542604976
510200,278.2387248723874
510200,393.0245295679513
510400,697.3664531494527
510700,296.40943413308065
510700,299.31213992526847
510800,289.02837243854583
510800,328.69467204355226
510900,406.83670033438653
510900,611.465051721815
511000,252.13305809001105
511100,318.9948398300414
511100,466.82964942140467
511300,497.2068095300403
511400,359.1634792747816
511500,383.82248239922285
511600,352.3006444285219
511600,373.31724766930637
511700,429.4171068227475
511700,399.6021680111779
511700,438.17118117265255
511800,429.5161291315759
511800,387.4563523682421
511800,575.1467503333671
511800,454.700204409574
511800,385.7511030742603
512000,396.76691740542236
512000,360.91983002901816
512000,321.88183871279267
512100,402.7891724822237
512200,338.4061570969076
512300,440.9215452436639
512300,418.4233492802514
512600,404.0578642990403
512600,326.255509748555
512600,400.7386333169389
512900,483.1454082868374
513000,477.2694810971943
513000,451.40908212897403
513200,445.813002358307
513200,342.1514210307855
513300,558.0397960605762
513500,515.2971893636502
513500,299.96697572086225
513600,314.58727000304367
513900,379.72065844067424
513900,337.0014127039726
514000,412.3633893225389
514100,625.0081220236929
514200,304.1278617467385
514200,533.4481072204986
514300,405.1773134489008
514400,431.9039252795822
514500,308.7512660836209
514800,282.22048149024465
514800,468.4591736305678
514900,313.5613192431429
515000,261.5433497904271
515100,307.42324805125406
515100,274.7823141343772
515200,489.9381742744331
515200,503.70983147458617
515300,230.0419830487083
515300,390.38190311658684
515500,345.37174621171675
515700,674.3100265275929
515800,309.13988515033816
515800,339.6630241999558
515800,260.7182133354973
515900,486.574082320308
515900,383.914966213379
516200,349.69278140150504
516400,720.9121732706182
516700,322.7151504948108
516800,253.83465257406075
517100,339.26344790328784
517100,245.93024993922825
517100,328.7526577526782
517200,367.7082467938106
517200,705.411404980788
517400,598.5501683834095
517400,599.1108464154462
517400,646.0885837407893
517600,620.6115044652648
517700,356.3798782272796
517800,655.3832675557379
517900,448.6173470635489
518000,255.34310718927895
518000,243.23483370415707
518000,352.91681082948935
518100,406.924997569954
518300,264.23824154361466
518300,313.7232671112023
518400,429.4886918193815
518400,388.3584935767399
518500,534.4071418233289
518600,317.77604497404127
518700,294.33043541242034
518700,415.52996096606995
518900,385.3060591423965
518900,431.9017654640938
519000,299.01083416962996
519100,295.8337003123981
519100,472.9095965551065
519100,310.23942605221634
519100,348.4423230141419
519100,414.35736098552206
519200,391.5846817810027
519400,281.827968529823
519900,444.48311386400627
520100,648.3276497979161
520200,414.5732718957661
520200,525.4002096306257
520300,407.7857111083883
520500,434.5028479085521
520600,371.2253031125996
520600,306.2347119240296
520700,504.25260292528844
520700,420.4518092104281
520700,407.34795793060783
520700,515.3734396135985
520800,514.9430379281536
520800,349.067635230232
520800,271.14726054611873
520800,327.7880885579519
521000,384.43531909272673
521000,335.59721436700084
521400,306.6985331691625
521500,362.3455877814977
521500,301.0644485535215
521600,425.2664032470053
521600,490.42916027453566
521900,375.59399122368035
521900,461.1420301776607
522100,364.2372996768656
522200,425.9887111331632
522500,311.97186897038915
522500,508.42373151007104
522600,445.99122347932956
522800,304.081753627673
522900,464.748099753827
522900,401.4263196628599
523100,304.2421784750068
523200,294.34454333702075
523400,318.8733476944866
523500,491.40404815035697
523600,352.754735865506
523600,415.14727569122215
523700,381.62840156620234
523900,344.8051229138225
524000,369.9887528616776
524100,571.8942490253439
524100,583.9824235659228
524200,393.6539382573977
524300,354.5414658594114
524300,300.90581148415447
524500,485.66256405359616
524500,544.735708778396
524600,309.35467365566143
524600,458.9272224831214
524900,476.0141584873643
524900,633.9467760082766
524900,399.1193950642001
525100,299.883788167676
525300,694.7794700442685
525300,377.2425402546245
525400,376.8143226394753
525500,417.6201263531373
525600,326.228739190437
525600,345.53771371777356
525700,325.38879359585854
525800,521.2904650592825
525900,410.85652754158207
525900,632.390608487369
526000,378.0177499528308
526100,527.0944238456573
526200,564.2173036072583
526200,318.20946887090037
526600,467.027451815901
526600,302.8842322526072
526800,252.30759218076048
527100,381.86381992832355
527200,355.6516030247402
527300,377.4723006781875
527500,387.6507302551397
527500,299.88836844399987
527600,498.5844061269096
527600,369.37237693525157
527700,370.2184366843401
527800,299.43648970338126
527900,683.2829613519725
528000,308.31245476592636
528000,326.9949385767817
528100,469.54298745503155
528500,294.72521696650614
528500,416.63399384425355
528500,501.94311175096954
528500,402.44329331904447
528500,571.1340242963066
528700,414.24728560627796
528700,411.95405768246286
528700,341.79612805084474
528900,291.51887951615925
529000,241.89979322593615
529100,338.2609760175906
529300,439.37511630636027
529400,471.87591458334776
529400,566.0260118037652
529500,971.4836226572112
529600,378.47854666216153
529800,437.62225678038
529800,567.9405145428282
530000,479.3184379951254
530100,424.0261263598342
530100,405.3641298632117
530200,311.58701678813384
530600,364.9608189663506
530600,264.0225202798802
530700,538.0631745807152
530800,397.89951477089096
530800,302.8121958301301
531300,506.1306357941563
531300,491.98718766730957
531400,578.2003199101304
531400,486.91427115354963
531400,377.10197328056876
531600,365.064989502842
531900,458.0523693595716
531900,449.20744747871913
531900,324.5796474155649
531900,429.64340546547976
531900,307.0168867833846
532100,464.8411147958272
532200,478.13634783700246
532300,350.58949537448683
532300,483.17593429710405
532300,354.6889475305777
532400,791.760124539339
532500,347.6179126321163
532500,346.40673838070876
532500,258.6242149171506
532700,471.0052008089186
532900,443.43964475538377
533000,374.18553699896665
533100,500.6534621860841
533100,405.8738003633558
533100,656.006040244811
533200,327.03997831227
533200,365.0418602045638
533600,841.2709326054311
533700,369.36686460052016
533700,395.45046922586715
534000,639.0596162857097
534000,342.400799012471
534000,441.46879012567103
534100,527.4921519726546
534200,396.8030133963354
534200,364.0267333562799
534300,686.9802122356314
534300,257.4901072704922
534300,474.58247341830327
534400,491.5029772499135
534500,454.23360574285294
534600,288.15050355680097
534700,461.99572512279804
534700,535.5647954552684
535000,336.6582102896274
535200,414.5475674614384
535300,274.0069989013338
535400,517.7606657163457
535500,278.8108615519566
535700,595.3972099940652
535900,506.34301690395705
536000,282.5300900336598
536000,429.18107953454665
536100,259.8838395263962
536400,468.17902664495244
536400,794.6648478313965
536400,281.95606350136063
536500,269.51551468262505
536500,393.106938873524
536700,1157.5310273191728
536700,445.7469364416487
536700,297.25181772050814
536800,244.34489914856175
536800,342.30362724174256
536900,401.51293627456806
537000,380.2986175708399
537200,506.20966469032027
537200,536.9073205255116
537300,444.5019116627401
537300,375.79340916452486
537400,441.227958890998
537400,263.2446899691585
537400,581.8651799575546
537500,411.24347051224464
537500,320.94732215173644
537600,346.2752151989914
537700,346.23591865934077
537700,287.6330752088879
537700,438.197699742638
537800,241.77921157040024
537900,227.60470151548697
538000,395.3935237358878
538000,433.27212515160056
538300,553.3870579757706
538400,294.29062231132065
538500,391.3853652370433
538500,345.5822815065067
538600,433.636570985227
538700,278.8692542822521
538700,299.5063424316836
538800,465.3546487777725
538900,233.8343145349102
539000,556.515382406716
539000,266.27474152376277
539100,474.58151247527854
539300,261.60483244792766
539300,299.95475667120235
539300,280.38806438254255
539300,403.49809569759236
539400,595.7592089940081
539400,300.919328027497
539400,372.02515125328625
539400,380.3082783109334
539400,341.38249233169233
539800,903.0720703241235
539800,508.860121716718
539900,299.46616564334363
539900,361.99228223382534
540000,286.0150360942878
540000,354.39590025206934
540000,319.5530855227795
540200,337.99843328223955
540600,557.7257949751887
540700,404.8360530733051
540700,271.0804333637021
541000,392.06920616855103
541000,413.4194847905179
541100,549.6261956158091
541100,357.3487923165232
541200,275.8976881951593
541600,256.1631600546006
542000,708.1307370249633
542000,302.5100844524726
542200,321.5171197964818
542300,335.38227121400854
542400,359.7515084861755
542400,247.20803551616234
542400,396.9120551832686
542700,325.4795048682645
542800,428.0285993490892
543000,294.740854891771
543000,381.81549563311745
543100,432.6797317833015
543100,273.9967864147052
543400,263.6383945331497
543700,431.9094883206781
543800,345.15194866499854
543800,285.6904762803278
544000,420.07100286413396
544100,319.41082031470324
544100,426.24923538271634
544200,322.5345719570969
544200,318.27850658261315
544300,425.3470935518775
544300,666.9860731347405
544400,463.16255067262324
544400,491.5409218390142
544500,308.15471542865504
544500,400.89807092583834
544500,519.146073571315
544800,305.76322006413017
545200,378.0970821204423
545200,296.5394748539234
545300,273.1117307514304
545300,276.72888972989284
545300,551.948367678478
545300,262.08121620830383
545400,432.43041143851315
545400,369.9100974160118
545400,412.6056846088351
545400,346.8383461426949
545600,487.1314040389859
545600,344.8224566044184
545600,281.8781190921658
545600,321.3274688198443
545600,643.5132593798722
545700,504.493821129187
545700,325.5809708141246
545700,333.1240061155238
545800,720.7190846772161
545900,333.577153934647
545900,398.04830777093326
546000,304.533235244499
546000,272.4979909204498
546000,240.87337734104042
546100,361.0940631732207
546100,438.3390796932492
546100,376.42859476703705
546200,258.8236037435552
546200,441.29165229876435
546600,430.2850070677995
546700,448.7416995567408
546700,235.94021932600663
546700,472.9260639861209
546700,445.4940952754787
546700,228.19613665049962
546800,301.1012686469913
546800,305.27562835694914
546800,282.36005909515177
546800,257.11801020840494
546900,252.89338697930742
546900,383.0025972076876
546900,366.97754646661986
547000,341.2554222128453
547100,305.7321273524531
547200,344.35904550018415
547300,347.3063323761118
547600,349.33959426006305
547600,323.92543144442084
547700,285.017691056223
548000,328.9928679954161
548000,285.71681983533915
548000,271.63207732454697
548000,936.8058035972876
548100,377.78999594134143
548100,341.6610488175735
548400,808.6378739622493
548400,406.73583552246197
548500,342.1953759125618
548600,270.7976230574285
548700,302.26578807865263
548700,245.72800119718244
548900,281.38844541540703
548900,512.6805556163554
548900,279.0397241649723
549100,273.88596092446824
549100,275.3301014342597
549400,756.8696652871168
549600,432.9269038802026
549700,279.0651534826919
549800,495.0082280314389
549900,242.0842861695793
550000,292.68230428288564
550100,295.8172776568431
550500,330.6546593261222
550500,310.2948421102471
550600,254.2554971094379
550700,337.97952865055754
550700,498.23080661679097
550900,272.86986723554884
550900,592.522553269897
551000,293.7951566771307
551100,556.4363298934177
551100,498.9582032696793
551200,266.90688867517184
551400,315.77890984082484
551500,239.26635320512463
551500,321.5928092689616
551700,345.90085796595235
552100,309.1691303302859
552100,320.3195088983363
552100,344.0263664599452
552100,281.15438314172553
552200,283.3346678494826
552300,348.55560687357263
552500,638.5196790476427
552900,303.03919009701474
552900,417.56188540124407
553000,253.6534625637707
553000,399.3945195809113
553100,707.4254669455914
553300,273.48105260089153
553300,338.32326266678626
553300,295.8994567031346
553300,308.1916582698582
553400,403.6368919698194
553400,299.1336446262105
553600,317.96206092827225
553700,348.97001094895677
553700,333.7125059409453
553800,292.70905600597285
553800,368.2499712924255
553900,254.83559956443466
553900,354.9029834646648
554100,297.31446738590785
554100,400.3160159084164
554200,396.0035214609046
554300,570.8006362205174
554300,283.9308724961199
554400,388.81593955179676
554600,688.6601384274132
554700,432.17826238288194
554800,330.00803841582024
554800,385.1109661282496
554900,452.01593841630523
555000,395.32792782895274
555100,351.95877703473593
555300,434.92048774078773
555700,435.96910436016356
555900,327.32151045630945
555900,428.56978438100157
556000,480.272805192248
556200,294.4721330358852
556200,476.935299407224
556300,452.28820223376505
556500,473.6042448033188
556600,439.0582415258275
556700,274.25814482194363
556800,353.2340701978668
556800,318.60727827297
556800,474.8016101403678
556800,371.9472317116575
556900,493.01441598614247
556900,439.26292654921286
557000,475.2090860586749
557200,457.05263667600707
557300,501.8750102679464
557300,556.9722502885917
557400,517.917012992395
557600,467.533510664311
557600,425.14581185162245
557700,295.06829569890573
557700,339.31436152585997
557800,268.45175697645277
557900,423.32698735188285
558000,510.77290637678755
558200,513.7117741399278
558200,353.1382106993738
558300,302.4396754653008
558400,449.17416432478205
558500,309.55905721837615
558500,358.0421709292297
558600,326.34121374588364
558600,345.807313107032
558700,268.7384181964041
558900,471.41786973934956
558900,306.3235624220809
559100,286.3354995360218
559200,258.38444019827915
559200,309.93683123328464
559400,397.3075397344095
559500,382.6967503914366
559500,301.1357570485951
559700,372.19676650281895
559700,678.032294381411
559800,537.463744592062
560000,361.8497689535321
560100,436.56393704946277
560100,499.464155037897
560200,539.7544108495698
560300,393.18463936623215
560300,261.7902247370892
560300,520.602313745481
560400,290.59467512095716
560400,248.69624340888748
560500,290.63854720339083
560900,647.0325069050856
560900,399.48870607099815
561000,526.6453862855043
561100,302.83079861843635
561100,346.3644446456821
561100,577.4096789909682
561200,615.0179467505593
561300,306.8182196605023
561300,303.1799178341634
561400,319.6749912193235
561400,388.1323595296838
561500,317.0600898344771
561500,514.7947792699252
561800,376.31748095046703
561900,753.8640544911515
562000,542.1869508868639
562000,580.7690993710851
562100,315.8081924947438
562100,289.31804662595766
562200,328.63182242843646
562200,311.6200802115073
562400,439.8228316875644
562500,372.8033635632716
562700,290.87587173292883
562700,325.656945088049
562800,449.5672225560068
562900,327.31271257504795
563000,457.27129510356
563000,454.7076056632137
563300,442.24947411864713
563400,277.82819298870174
564000,439.8512766353773
564200,481.8458913772198
564200,397.6062100233527
564200,339.9023994178836
564400,252.4934654941624
564500,368.69346256577455
564500,422.4653437705121
564600,739.1198771648343
564600,424.4421530771933
564800,429.4685916715955
565000,396.4474251417992
565000,307.5250973806387
565200,417.36513217394935
565200,528.196996985254
565200,266.54912458515776
565300,449.3925829417339
565400,301.61450334581184
565700,375.38229044015594
565900,387.8020360065698
566000,331.2077110941343
566000,368.1425433046785
566000,279.9692240618678
566200,432.58840586283657
566300,328.74343028858175
566600,435.8762856775017
566700,733.3911139973393
566900,382.94924578047903
566900,386.5390560814308
567000,650.5383595360404
567100,371.75197030249706
567100,413.6586590948036
567200,296.2231187390082
567200,405.06512497713834
567500,433.5844265797975
567600,481.65747509615
567600,347.98202987487315
567700,367.7772209877574
567800,490.84907636482956
567900,650.4665661344369
568000,948.5365258729704
568100,408.48131375728474
568300,448.6211969131635
568300,449.5670945468051
568400,292.162634249847
568600,367.09137438820494
568700,277.57672124176923
568800,324.4796348977883
568800,317.6954576726248
568900,378.1569813618954
569200,456.8589913763825
569300,749.4062690640858
569300,401.4076278665223
569500,436.11458397905136
569500,361.36872134153606
569500,287.0687702164538
569500,609.3575975321354
569600,594.7494737208984
569600,397.0477935349425
569900,354.6551904776411
569900,558.0091652767736
569900,407.8520149009598
569900,487.68381628547104
570000,373.0654589707897
570100,379.8620250949394
570300,456.06677825820157
570500,444.4021596400309
570500,457.66932452119875
570500,404.9973816603716
570500,365.13259069068783
570600,395.83224381446666
570700,499.4992960139533
570700,407.26674174334823
570800,600.9723656623327
571000,365.8154100939372
571000,349.0204697578536
571100,621.1339444998533
571200,321.44095605503844
571200,285.5644005421769
571300,523.2493065777144
571400,736.5976993145445
571500,264.3799615621837
571500,290.4079316568422
571800,408.7910264410993
571800,370.75624978509296
571900,502.16947897992975
572100,429.6501482606661
572100,750.8699116101332
572300,573.8615755735281
572400,306.56812303637065
572600,410.66944285027637
572700,299.95382510548137
572700,664.768460357566
572700,411.15874203478614
572900,625.1588235095065
572900,265.43696829904366
573000,510.61162851658065
573100,502.9709203035392
573200,315.8237364560582
573400,400.0183215491074
573500,530.9979879914148
573600,607.096077154777
573800,370.8935509333438
574000,396.3213594550306
574500,287.93588087646344
574600,681.1003570830137
574900,690.9401153243667
574900,371.5708278170154
575200,426.93086376363647
575300,522.9549800534746
575300,350.91031537637843
575500,489.10664500107424
575800,563.32884715226
575800,545.4823920458169
576000,412.769339893069
576100,439.7790605640987
576200,380.7878827289814
576600,568.1125504088659
576800,386.7464648476246
576900,368.4307202976772
577000,334.6417770795627
577000,439.9896812977405
577100,433.4827708050043
577200,785.1865692226013
577200,535.6998347615828
577400,269.79334600204345
577600,399.00759194851383
577600,380.3554467395652
577700,453.2197509036198
577700,497.7169786097022
577800,623.7347500067841
577900,302.6673094168349
578100,462.1508266235187
578400,412.3638412362631
578400,407.95356348785685
578500,526.9345459689587
578500,505.8857853446545
578700,621.3633827520991
578800,420.267610131239
578900,412.4171817788413
579000,357.4817074553925
579000,400.9174121283705
579100,447.3831453939463
579100,311.0944095644125
579200,365.13224902734913
579200,1135.0949378005703
579300,414.4008467603104
579300,423.8479158149992
579300,475.14219037020024
579500,343.14177875955966
579500,311.21800428563034
579500,480.037165682937
579500,428.00910645912336
579600,407.8321669942849
579700,361.38431265447775
579700,367.63946329462414
579700,519.0984498059955
579800,299.0864155386944
579900,270.4985351053287
580000,478.73160758142245
580100,502.31199496704653
580200,354.0869810365568
580300,299.5419121837383
580500,381.6613621384728
580700,532.9724049263222
580700,428.5143683347849
580900,311.2269997465306
580900,656.4638168737841
581200,586.9333866486784
581200,458.71100868079645
581300,437.9214805560216
581300,663.8114476724992
581400,766.8210381024747
581700,661.5312366415633
581800,757.9739924233083
581900,519.1678909268637
582000,305.614889457658
582000,757.7402126989953
582000,467.39565552182574
582100,556.1881685568231
582100,303.89783446441913
582100,429.05077257867356
582100,585.6903097245905
582400,692.7627666440013
582500,559.9999599629192
582500,602.7143067755775
582700,418.45932775316453
582700,310.46113550226596
582800,485.6788711641899
583100,991.2884226564325
583100,321.3785935257022
583200,291.93875949073856
583300,706.1080564100587
583400,392.31547450916094
583500,634.3557525416214
583600,511.2288113110083
583600,615.1576125361203
583700,720.3063711330157
583800,379.5266230357702
583900,290.23539077372607
584100,362.86698359457546
584500,564.0452163229436
584500,410.8764620851288
584600,622.1415774507988
584700,595.6345280603585
584700,334.69156056660887
584700,321.78646890061714
584800,296.6830429908874
584800,365.81430638247656
584900,307.841684854875
585000,429.72557214478815
585000,386.810554287436
585000,427.5540714127714
585100,528.1105557889532
585500,516.8575068394845
585500,357.39045244354224
585900,563.1805610446793
585900,338.3056882285924
586000,270.0900705795367
586100,365.6621510173695
586200,273.8108276504987
586400,500.51938374896565
586600,284.305024508952
586800,351.2742436644264
586800,444.88501165187677
587300,603.1351707480034
587300,361.56859035596364
587300,333.50069754919423
587300,402.62088844896834
587400,447.4988224698996
587500,300.5155864797225
587600,335.94554611804887
587700,648.3781923583828
587700,819.8507684147055
587900,356.5026408078635
588000,707.8309433439583
588100,345.99977956018245
588100,393.85520798228333
588100,375.2899665490979
588300,451.6878288910725
588300,363.03365304446373
588300,464.19876999250266
588400,397.44802015291805
588400,458.8066855685004
588400,483.67991680453355
588500,385.919363406608
588700,762.5569760935723
588800,456.10576558596955
589000,294.2062117483142
589000,336.71719067539595
589100,365.0646691452741
589400,338.33395628395647
589400,470.5574306652067
589400,506.3679468138822
589400,310.1409894973689
589600,287.38316487974697
589600,489.6331688608134
589700,425.02850717580543
589800,432.42449808994115
589900,322.2723265032057
589900,460.7331167901325
590000,362.98201103467704
590000,421.065573565751
590100,316.45904776229054
590100,493.2267115611536
590400,322.0603189572317
590400,395.6728094955158
590600,426.93168406290545
590700,561.0665022697893
590700,282.2977532747274
590700,448.3221311909959
590900,312.8840532966414
591000,605.1560553513694
591000,387.18580184624165
591200,486.49858145107373
591200,330.866000357216
591700,398.3393744690035
591800,295.0732645567601
591900,318.8523698886085
592000,505.6411831754709
592000,564.2052040245147
592000,391.2847158879479
592100,624.7745963647179
592200,441.50073443276364
592400,366.8765183259094
592400,361.4355198484233
592400,310.8011588768831
592500,436.30857475873427
592600,340.53319522897175
592700,502.20490337036733
592800,324.0707971940518
592800,391.86684362481776
593000,420.89042719336356
593100,668.232190884126
593100,436.6867367831577
593200,673.0524559093462
593200,350.84223541055036
593300,358.4723018823231
593400,598.4930548584963
593400,377.88210321642737
593400,350.17768919263403
593500,341.14116982570806
593500,530.7279934573493
593600,375.52613700295296
593700,360.3754757864643
593800,670.140172593533
594000,256.79232179282536
594100,317.0919634334501
594300,348.71844139615763
594400,518.5343808106504
594400,417.58803101160197
594500,374.23521804890567
594600,749.8984118016638
594600,301.9032779738851
594600,378.40807062596133
594600,474.0235504399482
594700,282.9246934231073
594800,268.2060434152331
594800,363.9105412511752
594900,318.8040873724019
595000,336.27022612101285
595100,434.93759069540283
595100,352.0362102361596
595100,566.6938897276606
595100,688.0568805289384
595400,395.82685218138096
595700,368.5257586393664
595700,368.57697503983155
595700,467.2203813390057
595800,470.7744549870208
595900,342.832667384231
596000,586.3952772085555
596000,330.53631017463033
596100,297.3688790790533
596200,394.0575958391194
596300,291.5129851664988
596700,363.0831100240698
596800,355.77310554161625
596800,352.7075368976202
596900,342.7413695121645
597100,412.60719756072007
597100,399.3776407736549
597200,351.8426821322657
597300,369.55943183552506
597400,365.0150163326485
597900,291.19156999058754
597900,435.1561499059693
597900,343.320112838089
598200,371.4742391273217
598300,368.8179847638485
598500,432.1182273102183
598500,509.6705965719692
598700,421.3680358986521
598700,441.0692045356398
598800,516.2698072959074
599100,334.5729675177079
599100,292.61189763921055
599100,320.9411613932367
599200,390.55205128484715
599200,298.1270853307451
599300,407.87492902333196
599300,420.75320572569564
599700,294.4887372462487
599800,457.4946079626057
600100,400.07682993501527
600200,323.2367886700812
600500,290.84517622998766
600700,438.8883916414286
600900,356.50125130704436
600900,443.55111351607786
601000,382.64358809707306
601200,319.81813251852674
601200,491.74762583269506
601200,473.56026600241864
601200,313.29457639167316
601200,389.422638624949
601400,420.9242296696225
601500,367.69198770175973
601800,305.71916845441774
601900,439.1514183962094
601900,525.6329468214802
601900,278.84809293259445
602000,349.6996838799247
602000,304.2592386517166
602100,342.40335486943957
602100,438.8528197554207
602200,259.95710459872123
602300,462.87872072583343
602400,520.1643883611127
602600,391.3087731822943
602600,325.16695748366527
602600,556.832996261411
602800,544.1096241877943
602900,380.7012790353981
602900,566.767298173824
603000,346.9158515268224
603200,306.44098891796887
603200,476.28907390529093
603200,526.3718822002876
603200,350.31380341448823
603300,604.2247131233277
603300,653.2889060107075
603500,469.2667015580396
603800,345.53428010344174
603800,288.7972363911694
603900,291.79888382656327
603900,442.61273267188324
603900,271.2281685669916
604000,444.8822557303719
604000,321.4814996004596
604100,320.1854479983589
604100,298.4287163916868
604200,336.3572460261524
604300,393.0139622955095
604300,585.8322179795666
604400,482.1251601458433
604400,467.7733513098699
604500,303.94961963026174
604500,317.31895723166645
604600,476.9285330278563
604800,408.3514706035153
604800,469.2537607179022
604900,505.3243241718932
604900,397.8016742914852
604900,433.5178546866652
605000,417.9502813778694
605100,497.3667993393879
605200,262.1461226001423
605200,630.9758040923558
605400,401.2219051639964
605400,312.1085479348305
605500,286.6850283123215
605500,298.48875798389673
605600,316.26349741669264
605600,547.5706112108621
605700,351.9717767929118
605700,359.0509898930915
605700,297.5083162259848
605700,452.07798238733034
606000,278.2434079023874
606000,309.35374789050456
606100,323.2216028293934
606300,297.9342582483854
606400,288.91423375073344
606600,545.1839484657303
606700,434.56589432438466
606800,345.9705048497984
607200,474.46291264036483
607200,394.21827093049575
607400,346.0886639023796
607500,617.4623401064362
607600,355.2790055905713
607600,274.89609372613666
607600,347.9449253777219
607600,347.54988082356607
607600,351.92355842599056
607800,278.5510946101183
608000,700.5269661132331
608000,333.2003331577045
608000,323.596973477046
608200,307.73919922118495
608400,282.89504976695036
608400,264.8492146754907
608500,601.2084212517038
608500,272.04218944396774
609200,303.94957814946383
609300,330.187155722229
609300,299.43876450865434
609300,732.2553389052304
609400,376.69283305821733
609500,344.9166501174875
609600,320.9094143960433
609600,347.17221400737253
609800,296.80503581939814
609900,662.4849284726871
610000,278.78611101878636
610000,293.1326274416939
610100,298.39248549223834
610200,334.25523581020315
610400,311.8711015148658
610600,763.4558232628798
610700,345.9293377496877
610800,489.31129770990066
610900,250.84629060790914
611000,361.0588429813631
611100,360.7323762569005
611100,413.74799310080687
611100,296.02107614196797
611200,336.2843989328411
611300,419.99009929831675
611300,297.7659858436758
611400,436.12756126360694
611600,774.0782651880222
611700,278.4787410481223
611700,370.151488243632
611800,354.4584264783317
612000,271.99387671600493
612000,299.3781672543789
612100,335.85057185742704
612200,268.6131084188311
612200,344.7484563839593
612300,290.7800181519804
612300,329.95815069171266
612300,299.00420320239357
612500,301.6370684635486
612600,287.53515186414796
612700,355.7909171233652
612700,275.1638746840954
612800,386.0104617881157
612800,319.84260235204226
612800,319.2831625706394
612800,461.50050178572366
612900,360.5091341511777
612900,301.54188537223075
613000,383.3774809643742
613000,279.0458434355893
613000,336.6233639710535
613100,312.6066186028668
613100,329.069934671462
613200,414.25125063671805
613300,389.0801481386155
613300,323.1393630818684
613300,394.8512447684724
613400,458.08289325808005
613500,551.2099585126921
613500,285.3188982108084
613600,918.1477102252444
613600,329.22509853907025
613600,382.652237333172
613700,409.60757372719877
613900,331.00330420106786
613900,382.9195860990436
614000,270.6593645784108
614000,1147.6259579692091
614100,332.21149850099755
614200,279.3656894560672
614200,267.53858215025156
614300,273.72514032622325
614500,334.6151835333198
614500,282.12711854647
614700,331.247749389603
614800,298.57781519039145
614800,460.11524627899587
614900,265.774859361589
615000,314.8693752649842
615100,282.3191744249909
615200,534.9630813807736
615300,465.17720384835786
615300,465.38938374666657
615300,283.4004346243876
615300,298.5494748793136
615400,258.2310293889197
615400,343.52183802222095
615500,254.61324601693823
615600,356.4123025468797
615900,308.7280596278881
616000,408.37758740394156
616100,355.7126979920493
616200,507.8009148866976
616300,732.7499034311028
616400,352.1081514710755
616400,297.09852606026016
616900,357.2847878580369
617100,596.2140504220082
617100,311.6564845968831
617600,261.3666179608348
617700,317.81821215802177
618600,560.2456478397503
618800,384.1282002579085
618800,335.0555619341807
618800,318.03518542257353
618900,392.6860334326706
619000,435.9196618017072
619100,326.89803407540165
619100,431.908564972361
619200,284.40871550050554
619400,348.0280916151726
619600,422.54508379221755
619600,492.6509147236237
619800,367.22651198684605
619800,400.6121163226914
619800,397.71563608968825
620000,344.4031030572746
620000,314.1117719508803
620000,740.0558178422323
620100,432.67670560120376
620100,406.1671532271286
620400,406.91417663156614
620400,288.73617012893703
620600,309.8754993814076
620600,323.0801842918256
620700,348.194062479493
620700,284.2081132354576
620700,309.168553940063
620700,454.29180533564613
620900,460.98304932662046
621000,456.65749208321756
621100,344.4100944603683
621200,382.5383851258827
621300,358.75228558714036
621400,342.0766720255541
621400,267.7344672135522
621500,370.00156588890263
621500,384.920268948815
621500,422.79398817958565
621600,391.8640838879741
621600,316.7473413165431
621700,525.0900814327547
621700,253.35156205327266
621800,344.94695285969874
622000,923.9422784602618
622000,262.7434521003709
622000,303.2948070845671
622200,314.6176785487677
622200,621.4481064758203
622300,370.4770727942301
622300,472.3438062840121
622300,427.57180184748705
622500,311.1429116141644
622500,603.0820179187348
622500,457.5057803722459
622600,303.04049552711086
622700,455.13278179994603
622700,299.8861475946911
623200,548.6659430810345
623200,445.00484129609345
623300,356.67512000623896
623300,445.86792801454754
623500,313.83953547507866
623500,496.6482802061626
623700,268.14911568547444
623900,423.9599299778988
624000,378.5926331386059
624000,554.6023036875641
624000,405.81127823916734
624100,420.7008017010477
624100,385.76282638738246
624200,461.376168862821
624200,476.3634163085066
624200,484.991161218733
624300,493.5811083355573
624400,561.5116009550987
624500,380.13996868944827
624500,370.4141076689334
624600,467.44788770955597
624600,355.3606073593577
624800,349.0977536101054
624900,472.40655206058017
624900,406.59739144439015
625100,631.8178391646634
625600,553.8052079555935
625800,652.6112494571023
625900,365.6898361394964
625900,520.2077107171467
626200,348.19213401562763
626300,453.4976045651996
626400,262.59187521721395
626700,485.442143800706
626800,444.95463898689104
626900,269.90803006205
627000,337.5739413004927
627000,293.6458785217248
627100,290.5133213866271
627200,266.63571435406203
627400,572.7994425534504
627500,526.4629232973562
627500,586.8421313223871
627600,324.77194485343915
627600,269.2043217958036
627600,342.93124798993944
627700,616.7224482876481
627800,265.338729055879
627900,511.37972150330614
628000,439.51575670194853
628000,387.81401077531166
628300,384.87608158007663
628400,325.35518670444503
628400,321.2079204533009
628500,273.30273878278103
628600,361.2247133343346
628600,286.96541086102224
628600,358.1262902569187
628900,304.62727337635494
629000,742.529082120302
629100,394.9872353135333
629100,279.8948345272295
629300,363.8317487510561
629500,274.3413548440894
629600,326.3676613463756
629600,394.13867981346885
629800,461.3535019094347
629800,295.4723104227085
629900,305.5322491640281
629900,471.28183141387296
629900,440.38557948262434
630000,363.70073429583556
630100,345.97566950138025
630100,414.4404255292735
630100,369.75923509444067
630300,376.93576035999956
630500,699.1396847471245
630500,343.7782048045996
630500,907.0229840604826
630800,570.4887015035152
630800,514.8548872890148
630800,360.5628691622998
630900,366.3563609798457
630900,334.9399880254482
630900,478.02011725648657
631300,593.2067211833833
631500,504.1726566155709
631500,328.6659796660917
631800,503.4041138121296
631900,586.7242168312084
632000,409.25527424305375
632400,464.83359179728944
632500,374.9985865647515
632700,437.0006868469779
632900,449.0282383642224
633000,360.3228756929921
633100,513.6669430423776
633200,336.62832907550205
633200,361.8418952740615
633300,425.83651031131177
633400,487.76147143646807
633500,466.38378930932413
633500,418.088643015619
633900,398.3709488363684
634500,435.3620258626294
634500,659.7918118944141
634600,460.89748482804106
634700,721.1785374528436
635000,548.4636002836654
635200,426.3762434047459
635200,428.6055544423383
635300,381.66736235224363
635300,511.387664586944
635300,442.2113677741224
635400,546.7472088096733
635400,376.14606214264376
635400,399.99063427585276
635500,500.9716217649256
635500,392.02859244598517
635600,344.72157441457057
635600,525.1807735562759
635700,477.1051466493891
635700,434.57354073207017
635900,444.5828587136624
635900,504.69883956047346
635900,496.06413578389214
636100,440.45710382389376
636100,500.3864969477779
636100,337.8444871600831
636100,498.5156244954619
636200,387.4427535156421
636400,414.7169579250975
636700,1099.9804271931648
636700,430.7272531743517
636800,438.8464920572333
636800,457.4793754770239
637200,452.232867515725
637300,592.121186501585
637300,360.38095320596364
637500,415.47546606817764
637700,471.06703561170724
637800,368.50686568202156
637800,453.27602045401653
637900,419.8939125663238
638000,418.6756682972537
638100,611.5984024327201
638100,470.3339478329571
638100,585.3041289700246
638200,441.35126646293406
638300,467.07601084325694
638600,614.7391250699951
638700,442.4037704924166
638800,381.0620155215258
638900,429.569084632374
639000,442.7535085553208
639000,845.4389280976683
639100,451.310775642249
639300,399.31170119538234
639400,430.68431729258947
639600,481.70527301839815
639600,436.6792983647986
639800,346.280756524656
639800,325.3777885089279
639900,486.9624753302642
640000,422.83818005791255
640100,560.6575208235168
640300,421.60679184456956
640500,476.49721020528824
640500,569.4231298939195
640600,509.77787364998386
641200,408.8853898786805
641300,517.5837265921797
641300,394.3640878409853
641400,468.00355425685746
641400,592.1622755650709
641500,615.2024631184037
641600,435.5892093240168
641600,374.72077743705927
641700,525.0410724476978
641800,476.4648025778807
641800,444.48715904903656
641800,549.96988525738
641800,444.4695957286757
641800,335.233218013506
641900,536.5743684495901
642000,405.21904999028067
642200,600.7170409702793
642200,277.84705167720284
642300,424.76877114278767
642400,673.2632923627201
642400,335.25377384727784
642400,514.5105496650781
642600,474.3643825762041
642700,455.8299434197294
642800,595.4535363050447
642900,488.5026782312576
643200,408.36986888052473
643400,390.28266139527796
643600,278.7715796775415
643700,369.9785511817152
643700,609.0808955358461
643700,901.1611084384205
643800,292.1984009274915
643900,437.07808656391353
643900,325.780440475784
644000,419.4379022065104
644000,505.13929735779334
644000,376.4963037352567
644000,335.167805866796
644100,498.587860178416
644300,422.3311937469683
644500,333.9647446411402
644500,467.795426733061
644700,450.9441186099945
644700,410.6954630617257
645000,312.38479541165606
645100,438.2404525739631
645300,376.9903478188448
645500,269.5084151184378
645800,362.58672423266177
645800,383.3996486372261
645800,442.43518270137264
645800,742.2995027462631
645900,289.7166578108551
646100,452.8642504175901
646100,549.5092861317373
646300,481.2647169135939
646600,356.24388816653925
646600,290.4688193202749
646600,319.3659848064953
646600,786.7729784623019
646700,312.53937821669336
646800,336.61086816847535
646800,481.97516458977157
646800,354.4522675359774
647000,301.97627863483586
647100,511.598313550771
647200,546.9371930739352
647300,425.5504647527441
647300,380.6499765338884
647300,385.8052839154893
647400,396.08390175675504
647600,335.0829428278155
647800,441.5219693011629
647800,397.2908586330555
647800,520.8620631502785
648000,345.05163134787296
648100,450.95185953829883
648200,423.6928692889933
648300,501.92175848458476
648300,293.4362807822663
648400,408.37890845919384
648400,995.5283943421864
648500,872.1572035435154
648500,501.2477164172178
648600,483.23688802302996
648700,689.2995257736031
648800,419.4055170616641
648800,448.1309542657062
648900,496.5080384493287
649500,316.4318870988743
649500,377.4327812674976
649700,411.24341531044644
649800,373.5154973081889
649800,306.3526909378873
649900,340.7150610432262
650200,269.9172742205528
650300,350.4662118409418
650300,398.00848806182313
650400,363.85576090222645
650500,321.1958526624516
650500,353.2760850559684
650600,466.47836803743763
650800,666.6203893229855
650900,736.9602950606862
651000,425.6233730976238
651000,322.2280734630762
651100,604.1135440885602
651200,724.487796672369
651300,430.7880020357884
651800,324.2469816359011
651800,425.1055011462678
651900,441.2094012055438
651900,479.71722223774344
651900,351.97987651549636
652000,451.6428173315632
652000,325.6267599009633
652500,735.5665593861916
653000,476.8370205318067
653000,420.326783082288
653000,435.48905101378796
653200,381.95715596910577
653400,401.1607314008644
653500,479.4763899775736
653500,448.77128480253293
653700,451.3985700392378
653700,310.31950770635035
653800,489.159970964763
653900,327.2609448313261
653900,460.51101860388786
653900,486.9595469078112
653900,416.8198135553762
654000,820.1621069606709
654100,337.0634868882034
654200,442.41540659740434
654300,622.3442297026345
654400,435.94106361025155
654500,607.9208124498634
654600,556.1064420768716
654700,371.8992482490218
654800,526.0748065820208
655200,370.996067419713
655200,423.3004855416486
655400,666.4234845370256
655500,430.657432553094
655800,471.9175547709361
655800,439.5712866959088
655900,786.6922838926054
655900,465.32970406381173
655900,362.3548561504288
655900,367.55882033989803
655900,521.0107303277424
656000,457.5392736520168
656100,391.68330607907546
656100,368.70242399531304
656300,323.27153242189684
656300,509.9751742843298
656400,758.8361777660724
656600,478.8733947444389
656600,399.7400977717772
656700,370.3928048188624
656700,472.62964905620174
656800,500.39769547635507
656900,307.66492480812883
656900,476.91901864205835
657000,360.6512517726714
657200,317.6473760713595
657200,351.5751402072287
657400,486.04046799341404
657500,419.4626164725971
657500,464.0150815880405
657500,463.8512249225693
657700,452.7842107735308
657800,544.4347799465014
657800,289.53090428004526
657800,429.03667770757875
657800,391.30592135254034
658000,587.9928600124645
658000,495.90516951872627
658100,420.4808734911393
658200,541.5442028902823
658200,408.7252083632486
658300,452.09454441045625
658400,478.4773486784936
658600,396.00449869298194
658700,284.2827270453414
658700,377.2944011593357
658900,623.543067884543
658900,361.361312899202
659000,374.46145500356585
659000,334.10190822047804
659000,351.76106537410476
659100,443.96244944570896
659100,303.8446952411291
659200,298.9604610873602
659200,474.674165345909
659300,310.4482151779096
659300,730.050173814564
659500,424.4825348114936
659600,455.8567574915831
659600,392.0395763635697
659700,470.38034871593584
659700,272.578346016917
659900,296.37269904967127
660300,457.6483855180463
660400,404.7159335002199
660700,477.5717557416502
660700,443.38844768300135
660700,378.87797871884504
661000,386.36939186066314
661200,386.8434584823722
661200,594.8113841692583
661300,315.55442664130845
661300,454.23487673907164
661900,384.37909145353734
662000,325.8311129113689
662100,601.9548856299932
662100,397.15177064977314
662400,432.95994735511795
662600,385.29959132925984
662700,441.62790921281254
662900,485.8456419711711
663100,412.21031668297735
663300,452.70192459812324
663300,341.0585969233332
663400,388.56340284607285
663500,491.1999852534787
663500,676.6567094620755
663700,286.3316513260623
663700,368.2747876416176
663900,243.81477260437782
664000,459.8448861997379
664000,349.7464637688226
664100,375.81437717020043
664100,390.03455676944344
664100,353.6473603706706
664100,730.6658635265048
664200,454.1829553299248
664200,623.3815154309606
664200,406.9593255239958
664300,371.24368038317493
664300,496.6740245477553
664300,359.4376380634331
664600,767.0755690286956
664700,352.3932862626511
664700,536.8523121541799
664800,500.8235876201247
664900,296.4766866416493
665000,279.639761917437
665200,365.66907435831456
665300,441.2185869874333
665300,326.698172178061
665400,342.4341816906071
665500,338.1424249362707
665500,357.3466550741911
665500,371.78232257213523
665500,411.2790081219488
665500,449.72241875082125
665600,368.4916720512204
665700,376.5750348967206
665800,545.8983934867787
665900,375.6780070035748
666100,396.7730238461457
666200,344.7497853437659
666200,420.16928105104904
666300,387.5524104854907
666300,432.2252556807152
666400,614.9192867153297
666400,731.6432040876417
666400,428.7307378154602
666500,367.6310590686266
666500,438.22365677123787
666700,305.08537730866203
666700,366.87181893837004
666700,516.4211983908831
666800,500.6222436502291
667000,528.4324348041824
667100,502.89733467098057
667100,612.4303216248082
667200,393.8771845642891
667200,381.9367536624595
667300,360.9742570764928
667400,431.96324517774275
667400,380.3902828074225
667400,584.116862512287
667500,412.29670416692795
667600,566.3654437487971
667600,535.071954079211
667600,604.5005821730011
667700,392.5835519319474
667900,439.26084214146033
667900,403.0558232320754
668100,529.1925285743711
668200,355.9255080218785
668200,418.61864593491
668200,342.7229538845772
668400,684.1776825426314
668600,448.320365559318
668700,414.2725783023566
668700,585.1825123212287
669300,361.41932479866455
669400,360.6365836667773
669600,405.92262986356997
669700,457.7020263070544
669700,273.272216566055
670100,394.86571228199716
670100,318.91817364732736
670100,418.00581950158266
670200,375.86130102656807
670200,585.0183104286023
670300,1113.449365182273
670400,381.30739303147686
670500,593.898505960079
670500,367.72157991273696
670500,347.37389908011016
670600,327.39268251598565
670700,321.48425767528136
670700,494.3206747050628
670700,427.26634920414773
670800,396.3113875746146
671200,398.50002866449427
671200,368.1331611606627
671400,280.4714790974149
671400,344.4340199163473
671500,243.86548995793862
671600,395.8455324416251
672100,305.1698959696227
672200,380.1760131850118
672300,394.4923555534596
672300,465.7447125971069
672300,742.5881217699214
672400,409.9831300510772
672600,417.09261233117655
672900,527.3071942743543
672900,330.9433889376288
673000,375.79014488777767
673100,423.6879164774827
673100,287.7876042172441
673100,471.7665924740797
673100,435.64156789040214
673100,317.848832764598
673500,344.6146811148441
673600,697.2619931172001
673700,460.067617363474
673800,261.40394195436113
673800,402.7203503344369
673800,471.24633689456084
673900,316.2218452914106
674000,386.4190540299832
674100,422.9816556009525
674100,373.7481883180732
674200,330.30441528760093
674300,862.9060323204435
674400,333.71612131983625
674500,478.95467438727695
674600,440.51082496124974
674700,444.95067413331316
675000,298.63092856593846
675100,423.6817993256629
675300,478.93692742369353
675500,424.014783733642
675500,459.8331893113115
675600,394.27477578668663
675800,438.4409514830831
675800,553.0200892796765
675900,353.26397934342697
676000,545.2461062040244
676000,371.63217159389876
676000,610.9654229095012
676000,383.4365668990283
676100,478.76343309680067
676200,447.8300982297288
676200,446.4603542576021
676400,482.1460593521105
676400,493.82175192412905
676500,375.2125649545677
676800,478.89005813793455
677000,505.8801951950133
677100,378.6970910005658
677500,434.76489915201677
677600,362.3528062291891
677900,615.7577998125857
677900,548.1295662267262
677900,481.29861849043243
678000,456.3155354457082
678000,320.6026014658771
678000,331.5700737809264
678100,502.5152562939079
678200,755.7737544413358
678400,376.6081095684899
678400,322.23243295541266
678500,382.544250408762
678600,700.7008895579096
678700,513.2994546762698
678700,451.92040294419667
678700,377.3637202400422
678800,373.7045065163678
678900,741.0267386661568
678900,563.0395544637315
678900,529.67570090843
679100,323.6780859890555
679200,319.5130987405781
679200,362.8789297171307
679200,561.5441189569285
679400,372.85027191975007
679800,369.159785944185
679900,606.1068930741184
680100,372.99947291240505
680200,606.7070324158444
680400,338.15383329303285
680900,382.61251720312174
681000,531.7224333586967
681000,425.1373595092181
681100,454.1155729571608
681100,453.31411454823416
681200,345.25153301878805
681200,302.7679766042103
681300,407.04073305182544
681300,419.11572670095705
681400,549.7124097473096
681400,372.3704941618451
681600,615.9269505720124
681600,452.56335149168285
681600,408.68852713580657
681700,350.99519684659947
682000,425.4982766084176
682200,494.8571693161593
682300,767.3264019697101
682400,525.7237840485451
682400,622.8481918580342
682400,353.1885244116029
682600,560.0529387207116
682900,536.0611628522124
682900,733.9516925687051
683100,432.0545275403549
683200,343.5412277742958
683200,445.40349234008147
683200,355.96412235473986
683200,308.4334697605214
683300,449.2122887389387
683400,308.68470044298294
683500,454.3222046936302
683600,309.1526825641458
683600,392.3846332521369
684000,402.8962148093459
684100,346.8184441677587
684100,334.34020728404573
684200,450.6019254161575
684300,387.47202651361476
684500,292.6589094646243
684500,420.01443806465215
684600,839.4952943029664
684700,820.5835666899085
684700,427.8844362649738
685000,593.5668049898269
685000,372.66896630263705
685200,356.29825394636583
685200,497.05665113943996
685200,458.698625816976
685600,636.977617944573
685600,673.7615346241842
685600,319.05465716149814
685600,809.3467441440764
685600,406.9933955424541
685700,324.58659412672085
685700,412.7419559003065
686000,363.497709615866
686000,332.015636973656
686000,383.9745508907063
686000,332.37587712018416
686100,448.600705154712
686300,601.7330591314861
686300,408.06947571814925
686400,581.6452843404765
686400,354.7026235636805
686500,590.1182139713175
686600,359.44898327692016
686700,594.2374759581052
686800,337.9872811035729
687000,461.0769716414917
687100,561.2692911747212
687200,394.70707147650637
687200,344.41596550462765
687300,398.19826539899304
687300,419.22373925292544
687900,371.2080788592622
688100,349.90440690996405
688100,453.1869970919238
688200,667.3319898504475
688300,411.2801350078449
688300,355.10108870345096
688800,421.68765898952705
688800,307.8682746526294
688900,715.4806479633396
689000,388.6594309660726
689000,371.4268269280344
689300,380.31117494774855
689400,470.32596118019023
689400,376.154618087323
689500,309.14485729109055
689600,509.1155951299323
689600,500.8829982039277
689600,415.84406616232485
689600,563.6420596348689
689700,484.9366349210822
689700,407.011144101864
689700,418.55652195236695
689800,382.0378973354218
689900,366.30961767205423
690000,412.7714398813548
690000,551.0330853177978
690000,520.0181867313577
690000,514.879054876925
690300,398.9367345833176
690300,490.099899591042
690400,651.4085020712885
690400,349.79913279846187
690500,296.8499337508258
691000,421.21581502100827
691100,369.1363286020812
691100,382.3484784443969
691200,743.1636093711701
691200,344.81233050603385
691600,340.59494564305794
691700,400.2147260915813
691800,802.1520749488004
691900,408.4510487867365
692000,419.3552718087839
692200,750.3571402482323
692200,441.41184164686916
692300,369.048438687487
692300,671.4874666218864
692300,549.5101339191267
692400,342.7135748080963
692400,387.8235933383913
692400,388.4569428481652
692400,478.58619601761734
692500,324.849425487911
692600,648.6760344063694
692600,386.2100516283744
692600,301.20514504280675
692800,331.034252949432
692900,560.2637529147808
693300,405.27906710455875
693400,712.0617032530054
693500,579.6552007342904
693500,368.31395920084816
693500,482.2261322666524
693500,411.60947455179894
693600,330.5560648681397
693600,500.0602467323734
693800,453.2911796186251
694000,352.8289047188161
694100,351.5669230046042
694200,742.3319572922044
694300,428.0406910706832
694500,397.712428247613
694500,353.72470559760137
694600,643.3267588769527
694600,496.6097941117866
694800,443.0120626755923
694900,723.1736403138578
695300,389.8574788373396
695300,435.467421313001
695400,473.9311885386977
695500,407.5413128447217
695500,498.82935930682993
695600,326.1112048768236
695700,433.5284579763488
695800,460.3531175386034
695800,636.0736941107282
696000,602.8014876236458
696100,384.9561256837687
696100,483.0156860859189
696300,536.0953765836983
696600,309.9176660644028
696900,534.9728890270247
697000,719.6184466862986
697200,332.549470964291
697300,587.5692469611198
697300,314.5343399876968
697500,310.95988039172
697700,383.0935090199043
697900,474.8445456441483
697900,314.2063676598202
698100,468.2000908280236
698500,362.2590241682118
698600,566.8731528335715
698600,734.1976404719611
698600,521.1046510141255
698900,466.35074310862893
698900,460.61525107406516
698900,460.6240785235963
699100,576.3778595633597
699100,412.333442367645
699100,603.2630260464582
699100,327.608236809678
699300,466.4919124924686
699400,648.8407803659176
699400,431.81164698522576
699400,395.99591753833755
699400,519.2431936632751
699500,467.1574762796879
699600,359.68327066507203
699700,469.76987748102744
699800,475.09576894754485
700000,461.1581132615524
700300,387.8014641192785
700400,534.6991057059493
700800,286.57503675615277
700900,555.4883837220274
701000,415.3575726975362
701000,511.91955385523033
701000,548.4451017467161
701000,498.34115804967735
701000,346.3384586213266
701100,480.89635781204146
701200,536.08277527466
701200,530.0967808364246
701200,485.74817522019487
701300,460.9045749764867
701300,330.1417803783427
701400,414.45987854151707
701400,565.275523379619
701600,440.03708691231634
701800,375.5755126798881
701800,444.9726573564605
701900,458.66550422890157
701900,405.4596478807369
701900,289.915594654061
701900,399.4662135570007
701900,572.0232113866084
702000,406.21010151287163
702100,1398.7646724019073
702100,686.6047999523764
702400,497.95661247140566
702500,487.36349687318784
702500,449.14493735326306
702600,412.0676837548965
702600,412.5875255864259
702700,393.4153569338808
702800,641.8669474726889
702800,358.4628035830017
703100,528.1038110920393
703200,398.1435811486999
703400,370.27619228548946
703500,472.36311794627767
703600,354.0590600212384
703600,547.7259612544157
703800,447.82008975742934
703900,382.88884219849996
704100,684.2550519956449
704100,412.09432113278467
704200,474.7195334357758
704400,465.2339787191799
704500,573.7471826271351
704600,343.5324476374103
704600,645.5547638037068
704900,432.4697433060249
704900,424.28682271637734
705000,519.8473568919786
705000,306.6418565184283
705100,358.4857268945031
705300,578.418655390684
705400,351.6345799925127
705400,396.2410265730595
705400,525.3579007969022
705600,431.33289788777165
705900,602.2373964867239
706000,398.1847156647811
706000,446.29405783650884
706500,603.402932945581
706600,551.1244745082262
706600,702.7583486249902
706700,425.53540862414405
706700,400.6632823362214
706800,517.8904942781318
706800,330.8782739833608
706800,390.1445269693481
706800,747.6815392587116
706900,469.4621122353805
706900,384.9131157093134
707200,741.6616640938993
707300,279.87455789312656
707400,352.8181206004043
707600,468.3171689713553
707600,482.3990811945541
707600,631.5847374750703
707600,414.3071845042434
707600,598.8881236642875
707700,599.8671810600972
708100,342.34563887747163
708100,395.36696678177117
708200,381.8328098244263
708400,728.583962989559
708400,480.35842616123125
708400,369.9753903921221
708500,363.3147462241519
708600,366.52754634216114
708900,648.6584843794003
709200,477.34094610148617
709300,360.48996205839995
709300,352.11044854523794
709500,407.6092844574533
709600,297.50483751088274
709700,282.57556479438495
709700,525.2207143693797
709700,359.60110808307064
709900,371.36301165160313
710100,431.5414465374652
710100,336.4248705959916
710400,315.5143163071776
710500,354.03468507809407
710500,380.5345724052398
710500,423.0919176483256
710800,403.6116747879346
710900,341.1566029246752
711600,528.9346381622463
711700,244.89925887827508
711700,444.7832055669484
711700,477.91399817085045
711900,536.0455075856818
711900,503.9104251122584
712200,438.60926715278526
712200,556.5438811881309
712300,334.5961972385095
712500,481.5663709263233
712500,488.0078372528202
712600,470.89524409467987
712700,319.64224754796425
712800,553.093509586438
712900,387.5947538951155
713000,333.2721509750206
713000,432.21765833273747
713100,301.0356559202238
713200,668.732961852864
713200,657.6668821206498
713400,426.4636513252835
713600,382.596456017383
713600,379.06084550805366
713700,426.1531297003408
714000,537.3241874628656
714100,587.4845681970761
714100,416.40700198986264
714200,394.70435830359406
714200,680.2377998112777
714200,592.5877212699679
714300,617.9313676630936
714300,369.03939991359266
714400,609.2361688251033
714500,380.7852259121006
714600,526.7984549358323
714800,489.27987525168106
714800,398.33608500643675
714900,411.2611949690484
714900,843.4489271554062
715200,434.0410919027871
715300,328.074225526272
715300,322.21801483892983
715300,482.7285205378679
715300,377.3450845401555
715300,546.6317107259234
715400,416.26470931682326
715400,462.91561604390864
715400,732.2081711217381
715400,638.5723122112357
715600,356.2334502052402
715800,657.1686101695128
715800,309.9247237620371
715900,342.70539134065325
715900,544.1683391584495
715900,492.3823535253294
716100,431.3030620526349
716100,688.1128412863995
716200,333.2474967362437
716400,822.862873749658
716400,409.4011994051247
716500,692.3814398707318
716500,346.0245287154281
716700,350.9563682590627
716800,301.85063666229036
716900,374.390816249416
717000,590.0470415947295
717000,385.1932353410578
717500,664.5916391662895
717600,444.50793136299035
717700,653.9514167354203
717800,425.63760395667674
717800,537.3923796525214
717900,502.9237794819126
718000,509.071841813264
718000,515.4426920359067
718000,408.6119690733864
718200,390.54973942921475
718300,412.9275481801478
718400,576.4289804770154
718500,409.0276927915749
718500,362.41075301410746
718600,436.4031722342064
718900,558.5073916493014
719200,537.1127626503556
719900,713.379675859676
719900,623.8141062464916
719900,402.096016901361
720000,482.86595333218105
720000,565.9901692339583
720100,369.242318303923
720100,718.8669464228102
720300,484.2415550495892
720300,415.869015433157
720400,364.5836275575587
720500,532.4867577683543
720600,387.05573160078455
720700,336.8025998585927
720700,409.2481780366915
720700,549.8180958978285
721100,433.87873481680157
721300,492.15378622509905
721400,423.915822662704
721500,479.6549727075114
721500,406.5048817426416
721500,478.4606154360013
721800,440.64111923018777
721900,433.95185343033893
722000,337.382273089795
722000,652.2345009602737
722200,306.00879211988837
722300,508.3744854045035
722800,408.3722927448653
722900,479.42504166491716
723000,398.7797879739856
723000,435.7852073355978
723200,531.2633729524521
723500,420.12812808113466
723500,865.3676891593572
723500,433.40295113666826
723500,714.4726263332856
723500,401.948486133472
723600,448.25824111758607
723800,411.75819834034667
723900,426.21378253769774
723900,580.079412896618
724000,577.9262803535261
724100,507.9872543012108
724200,447.69222564431396
724300,422.02023966153
724700,366.9493793935893
724700,508.72533710583355
724700,456.27115169209134
724800,429.4886109737212
724900,436.07490705794316
725000,536.7588610071144
725200,466.8702677446189
725200,403.53735802118655
725200,404.51516778686965
725300,247.80443046402837
725300,350.6123700923653
725400,440.0904852474827
725400,842.8649140732698
725400,377.2770691408087
725500,470.0789291062566
725500,589.1930165552014
725600,488.7319827924634
725700,526.5232017195689
725900,557.8213442304254
725900,535.3919692110748
726000,542.4063197326552
726100,583.1753302062085
726100,402.0484371385197
726300,761.2017176805783
726300,472.20512466771646
726400,403.2806988338914
726400,262.83075137917547
726400,622.1050698984924
726900,488.8764844603389
727100,439.280244152311
727400,296.4348379048559
727400,576.858686375713
727400,312.6466439247209
727700,560.8697618815166
727800,467.7219271818548
727900,384.2871100839184
727900,376.00271790433715
728100,479.14562467562104
728100,561.3485273332562
728100,302.2023336405924
728200,395.38097761439644
728500,506.17802527387744
728500,527.3378863854566
728500,612.4242188482343
728500,397.36191875260664
728600,706.6238578828642
728700,320.3689150732326
728800,550.0358628798839
728800,581.3080254300165
729100,323.3464697779298
729100,531.3886580602455
729200,644.9136372538891
729200,511.7741651941851
729200,639.4544035989113
729200,615.1350662531689
729200,448.54420172268533
729500,721.1099363284148
729500,463.5549325078922
729600,413.2331847522804
729700,397.64451483638635
730000,594.4560747311984
730100,365.42040130128566
730100,419.01038120201963
730100,278.97117521955454
730300,460.5250401692721
730300,432.5443675495635
730500,575.1874766985088
730600,729.1057207918236
730700,329.6590835817612
730800,631.3400932536008
730900,588.5293100563902
731000,454.44676198287175
731000,343.84059808336025
731000,276.4360590607704
731000,570.796620728291
731200,762.6404604999095
731500,465.47720462462496
731500,398.7332815830298
731600,851.7024599408144
731800,379.2747957067358
731900,556.4117661523621
732200,391.39819192400415
732200,427.2730681934613
732300,397.12371907058076
732300,424.7324016089142
732600,356.33204748843286
732700,470.94535242030423
732800,477.56345168819206
732800,435.0661616458353
732900,456.4077985184766
733000,316.672573188755
733000,493.6254670710553
733200,542.8881788617832
733300,688.4869518368071
733400,506.75915589785353
733500,478.9817168551639
733500,289.99719966620046
733500,411.1192057785444
733600,508.66301160476525
733700,440.6911468102238
733800,495.67507954753654
733900,655.279196086975
734100,414.76266405629775
734400,676.1676977328791
734500,407.5412050381435
734600,284.7350254275123
734800,348.22592304122054
734900,462.2447109373531
735000,427.56230064545406
735100,401.5267561887368
735400,334.40934601713326
735400,292.8696301416905
735600,526.2876198691807
735800,761.8817750524303
735800,501.18832953416756
736000,565.8971393088796
736000,509.2636109905799
736100,335.6708309639335
736100,366.84158034639665
736200,359.5072702718719
736200,412.23292322099394
736200,486.8670281891072
736300,436.52680568324814
736500,357.07104202922693
736500,341.14005303602414
736500,523.67969526151
736700,514.3146304145372
736800,417.8762643536693
736800,429.36963225907726
737000,286.45019658312486
737200,446.1500654273917
737300,503.99263881479857
737400,547.7546793057927
737400,307.57609811439414
737500,480.6257500387127
737500,581.8763181980347
737500,530.5172288855508
737600,321.09166979464214
737600,411.47198443216206
737700,436.531805407365
737800,406.57873534347596
737900,379.91402798181923
737900,634.1025482769702
738000,389.46755611009644
738000,462.02112613252643
738200,532.3372109979164
738200,428.9439949023698
738300,459.3381315757622
738300,583.1754668808749
738400,445.57761481257575
738400,498.1047957520007
738500,620.1388466089528
738500,566.19762319041
738800,653.273393089507
738900,260.4003032064167
738900,601.360181113775
739100,313.9030195091875
739100,484.37764314888204
739400,346.9450043256907
739700,475.47907721384473
739800,372.40505644517503
739800,447.4893967544911
739800,366.449575790714
739900,432.7655495127053
740000,389.65196544390693
740100,555.7784141610317
740200,449.9535115037872
740200,430.21353175089524
740500,487.5335949784088
740500,426.6885912070076
740500,587.0363839837889
740600,452.59340141641826
740600,611.8194646738683
740600,834.5087382354586
740900,363.1021692499415
740900,496.1031365217082
741100,448.6163110838616
741100,700.8264126251476
741500,449.8775539608417
741600,400.26057467507775
741900,607.4883743241647
742000,414.1504650316073
742100,450.30169056040893
742200,468.9344759589131
742500,371.0770184965262
742800,561.1192669645004
743000,232.12344200565104
743100,277.99459554583177
743200,428.5639868293615
743200,324.7958523728423
743300,326.4554002133665
743500,495.50692595752594
743500,556.4462614772624
743500,746.6867577914999
743600,521.172009937373
743800,335.55916582004227
743800,424.67660950099946
744000,429.92430385712373
744200,501.3931097475589
744300,558.7909937851088
744500,487.0179028552983
744900,403.0143262275582
745000,397.32296782694
745100,348.4144296138635
745100,699.4381842701403
745300,661.4389674458838
745400,394.14250833058196
745400,462.14684556717094
745600,396.0647767647969
745600,402.52586236924043
745700,388.8311371911903
745800,346.39934853286013
745900,296.29534292829726
745900,509.4296442437569
746100,407.83218070755714
746100,408.0931471350624
746200,542.253674773146
746200,660.042778359819
746500,453.1090062218578
746500,787.7927563175757
746500,670.1168047410813
746600,449.499853153172
746700,346.6569799190938
746700,575.7234984335112
746700,377.49964402671714
746900,456.943362449385
746900,434.59773687252687
747000,525.0400564981903
747100,605.2392584328325
747400,502.2729788280218
747700,327.3289587149044
747700,475.76176376106395
747800,374.50360407622026
747800,432.3599012798473
747900,530.8688048034246
747900,595.1487172610583
748100,490.63015953567407
748200,657.9101665623953
748600,376.78331668104096
748700,732.3291217985947
748900,474.8729845487702
749000,500.6228305495324
749100,676.0149708917572
749200,566.3006147945858
749400,598.6933977780975
749600,465.36768840254376
749600,436.14648348806253
749600,455.96497574177505
749700,627.6970449295322
749800,545.5027394710224
749900,371.71782399900115
749900,522.9109029700506
750000,439.2820525573519
750100,553.2219422277573
750100,442.6330504133652
750200,474.4144501750557
750600,760.8524012499664
750700,412.21483124466664
750700,391.1599703405823
750700,613.4547033604754
750900,426.43120979870537
751100,478.30567007059574
751200,454.0905115544204
751200,618.5333581771852
751300,501.664490648444
751300,367.5289983397655
751300,436.4599821907168
751300,401.8190089091071
751400,563.7935422780538
751400,530.7251429236534
751500,409.5338450605595
751600,637.900372620046
751700,410.46179157158366
751800,359.2493394258854
751900,366.6745340165748
752200,521.7596907940491
752300,617.090628193968
752300,439.9342474298752
752500,678.334493551258
752600,438.4124389184084
752700,316.2291255295937
752700,740.1206526435099
752700,584.7811206361625
752900,390.70215474360134
752900,426.1640775652419
753100,394.6569897677522
753200,441.8866096815884
753400,514.2927555435421
753700,438.8864037096463
753700,657.2594566831244
753900,326.05222746123377
754000,444.28567721878085
754100,658.4633593164223
754100,407.6198941997162
754200,714.9750255788856
754200,372.68438339005075
754300,441.87154695227247
754400,315.1106624874674
754400,697.2929657393013
754500,426.6279737335189
754600,543.4695125488362
754700,423.00931546788803
755000,760.8577247320138
755000,742.1945150271204
755000,408.2984424128264
755000,390.9392455814134
755100,359.0994292123671
755100,506.00499574171585
755100,324.93635846988957
755100,430.4883163646541
755200,470.12510114920934
755200,308.8184259020301
755300,439.3272650528701
755300,412.4447499341725
755300,325.6930284105068
755500,266.33242403379376
755600,405.7724750557924
755700,364.78323668588035
755700,505.77120015694567
755900,457.0994593526413
756000,509.235474210892
756000,452.5803598646275
756200,347.275706214552
756400,407.32148027900314
756400,460.0617549278951
756400,523.368722051973
756600,513.7958038421634
756800,391.40547538274734
757100,513.6425249376048
757200,341.4992012947982
757600,417.1361282115786
757700,382.0835465419973
757800,554.6990640058874
758100,521.9120235622426
758100,490.6815125812862
758200,404.2707932512683
758300,405.84316925931
758300,498.92650756866226
758400,390.79466666772663
758500,506.31271334758867
758500,422.6060730239823
758700,353.805133024265
758900,424.54775856979916
759000,749.6409563809747
759100,334.1087609158325
759600,462.99471628098485
759700,1002.6839003250736
759800,444.4331486277081
759900,418.08405675908443
759900,477.33483994706677
759900,384.2302408881026
760100,364.506204622657
760100,430.13405105656136
760200,376.4367992192049
760200,411.78949792746926
760300,537.3908211973026
760300,451.3641311358974
760400,665.4756859460031
760500,574.7206377599474
760600,472.7302389297421
760700,465.0619993625857
761400,446.23447530681796
761600,357.01636870111787
761700,404.50960108155124
761800,537.5449218677768
761800,433.17701547458216
761900,311.8048708110542
761900,379.9546515320749
762000,454.2043027492321
762000,556.5569833411768
762100,451.57954297045643
762200,610.2482947171362
762400,351.833245380657
762400,537.2463776730003
762400,353.72179691147835
762700,619.8769741463461
762700,560.6713616748103
762800,318.14720118055396
762900,351.97256486868395
763000,805.6834026937665
763000,359.87373455778294
763100,503.7419895837626
763100,434.3156903548668
763200,444.6812534262032
763500,410.7409562168059
763700,355.90614088573284
763700,353.72213163703583
763700,707.9881144933966
763800,323.96014882293287
763800,286.7752157831533
763800,350.80344888752546
763800,362.3450504001446
763800,466.24744839743016
763800,421.04370423634924
763800,506.41378360597565
763900,495.60477398852817
764100,424.99092607793006
764100,399.08885491510523
764200,379.5806051039153
764200,344.00981890176047
764400,516.8881768719609
764500,493.1525403088159
764500,386.4843594513427
764600,728.2017130494161
764700,308.42011917588894
764800,364.40945093893293
765000,437.0753501661267
765200,558.8563201975749
765300,591.8808761130897
765300,494.5992387747333
765300,390.16865363801406
765400,229.35417164213436
765500,505.9775668052509
765600,372.6236373297593
765600,693.0433201167192
765700,412.10013598380004
765700,360.96728931656094
765800,678.4341656141271
765800,695.88599189958
766200,294.24975412266156
766200,507.6069365617786
766200,448.36773940554474
766200,874.2387833379951
766200,403.0459501577582
766500,362.71474732589087
766600,430.87833484275296
766700,712.7844623568388
766900,545.1230030281033
767100,340.58267810306995
767100,579.5647891014124
767100,405.63386330606977
767200,359.6011607152344
767200,364.25455090504613
767300,438.4732142052037
767300,785.9254160260983
767400,563.0405846692598
767400,650.0109021316298
767600,426.677478721569
767600,532.5607052441832
767800,270.74914871862313
767900,351.28639258711763
768100,624.1415948969048
768200,333.969424395384
768500,406.7821214959657
768600,638.4706076306295
768600,326.9722812023955
768800,431.46120931238966
768800,356.42391417745716
769100,438.62666286441333
769200,519.8365470404799
769500,357.2288255299701
769500,485.81175351673653
769500,459.01562255727026
769700,332.34769728094733
769800,443.9220849350584
769800,524.178329981939
769800,397.71917050208566
770200,684.8904551112817
770200,353.9614703407261
770200,245.64218791373992
770500,367.94412520546217
770500,541.0446890736978
770500,275.386300040706
770500,440.3932944534369
770500,319.95180078849
770600,266.4388316370483
770900,691.2949729477948
771000,468.46555250782956
771100,236.81996804448886
771200,392.8299072609158
771400,453.60573811860894
771500,467.7931087689
771600,762.7142363725245
771600,327.6689357401749
771800,540.5276745153405
772000,381.81179903693936
772000,217.57648951049458
772000,397.74767827569326
772100,399.63182797499206
772100,436.3785024166411
772200,342.2429384166942
772200,365.4306950736869
772200,507.0351420585134
772400,613.8309012794281
772500,685.1598650915774
772600,435.1974483325742
772600,248.66045635520092
772600,347.4926784484817
772600,428.0577726366454
772900,515.3576692553687
772900,509.77806630390677
773100,297.4380714608235
773200,254.27464586994995
773200,376.30336329375524
773300,323.39977458271954
773300,337.5565262765397
773400,440.7509437960868
773600,443.2581148652037
773700,385.90879778830254
773900,473.15910381889995
773900,538.5378330172952
774000,505.2061598174416
774200,422.65640713535817
774200,537.3288285169272
774400,423.8998337295898
774500,347.4422451616937
774500,360.8514236605084
774700,423.690882492171
774700,465.6558529984221
774700,405.2214304303103
774800,537.8352580695405
774800,459.0409069431695
774900,549.9261153891516
774900,520.6389688546783
775200,525.8102333890129
775200,486.4753857221178
775300,460.0121253330126
775300,481.16218881032717
775600,413.3562254640087
775800,530.5853181757931
775900,401.4119586258736
776100,488.6952570807474
776200,448.9367349429907
776300,407.83305120562636
776500,509.15533703922085
776500,584.094692138778
776500,432.9275852860818
776600,393.83660591478593
776700,555.6476601755106
776800,612.0773640141379
776900,712.6186777379278
777100,478.9169918465422
777400,425.5173444786202
777600,462.08831188215026
777700,493.4159283352306
777800,500.90040160274555
777900,501.96070594378085
778000,336.52175554370234
778200,355.3716151054557
778300,608.111834244693
778400,400.64958520293294
778700,503.6842778103077
778700,637.377863286647
778800,376.2256241038837
779000,503.3908007605051
779000,461.50315610305097
779000,363.6535072434008
779000,386.2704618227158
779100,421.1192415548524
779400,529.9458185348852
779500,440.8946579770989
779600,492.8840157249367
779900,539.3668109463229
779900,389.6019150910162
780000,385.48436805855727
780000,497.36752306591353
780100,722.5443914931013
780200,475.9541653078518
780200,452.86504743064893
780200,469.2204852525105
780300,523.6540254170145
780300,597.2448265475691
780400,305.5139597549879
780500,589.7916711209366
780600,420.83032846783226
780600,412.0924927383902
780700,437.78412406991976
780700,377.51655629463824
780700,424.76487420432574
780700,418.3030792423111
780800,674.0679688937294
780900,572.3091537825239
780900,289.83808491974514
781000,455.43205289340034
781100,381.01166067050417
781100,412.5128198219697
781100,353.0328463195498
781100,337.75851218997474
781400,436.87609904275786
781500,504.2920968782737
781800,501.3783675853709
781800,641.5248161671437
781900,560.4817740771251
782000,460.3275010176099
782200,465.45291142323225
782300,411.4917160641912
782300,367.23319532163754
782600,462.28902034178117
782700,533.0475406167141
782800,398.34604891099497
783000,478.99164502266296
783000,405.4901896481881
783100,381.47371020126224
783200,629.2822563664412
783300,420.1943786737275
783300,434.35786629234116
783400,460.3095350614144
783600,268.6880061754881
783800,459.76837483852603
783800,372.9145681240986
783900,296.6691641945716
783900,493.51771474118556
784100,462.4200893994442
784200,654.2209860536426
784300,625.5545614010558
784300,250.99248011839273
784300,559.5913213729781
784400,442.46321348617175
784400,380.0617571789202
784600,605.3784489687374
784600,627.2907199124082
785000,460.37756219522976
785200,510.29033899296223
785300,305.3565236273674
785300,606.3038356652881
785500,478.3635213305217
785500,499.0455335517043
785600,361.63632494448325
785800,259.44599093241146
786100,315.8992552122739
786200,400.5178063421339
786200,304.18365763511565
786200,559.3253260274054
786300,275.1670271040432
786400,475.9323465815943
786400,470.7640581277783
786400,372.61878977677145
786600,633.0302370693236
786800,321.3066847214929
786800,244.66732353263916
786800,452.79562841140205
787000,320.6084584445876
787000,285.8659172855446
787000,574.9107879175907
787200,545.771481516386
787200,316.8179658363332
787200,407.1153264146641
787200,336.85956353706314
787300,695.3943205245699
787400,254.9728368729905
787400,462.0268487973367
787500,407.2364080300716
787500,366.3971780324543
787600,322.20491015443673
787600,529.7085839959109
787800,348.9938102493558
787900,311.45982164656203
787900,374.5980503787462
788000,350.5378305434928
788000,463.8055047901469
788100,339.22803661267517
788200,876.2533442825757
788200,295.74318380224
788300,493.0640921424726
788300,400.8482502230566
788500,591.7833602251943
788600,528.2976666796687
788700,391.0351846833283
788800,532.8101165982081
789000,381.9610676426615
789000,410.2639669797338
789100,410.3253634697111
789100,416.33550703864404
789100,351.0076435696176
789200,447.0412783495038
789200,336.30756490990075
789300,504.73444548499907
789300,414.61094416701724
789300,444.62520280331296
789400,507.53865480646806
789400,222.3719906893368
789400,248.34312451565728
789800,236.6612318805231
789900,322.9809353168958
790000,612.3096034883425
790300,407.8853569716566
790300,388.4727518285583
790300,518.4996082793673
790300,547.1985556195068
790400,444.84616378813524
790400,268.4445659050591
790500,640.7313981808225
790500,697.093812917937
790600,662.9105731917226
790700,289.2682956277893
790800,400.5383396227648
790800,485.29204130967156
791000,389.5495895184863
791200,427.32733007794315
791300,419.3789808690939
791300,365.1157523239734
791300,336.1340837160645
791500,370.9768277999599
791500,240.83002540770522
791500,381.35519203766694
791800,382.66897247662155
791800,831.8618986465743
792000,544.6623883151511
792400,757.8111835638298
792500,289.69967523361646
792500,343.01843131640237
792500,849.6831389277284
792700,251.71036364876454
792800,321.20628116242574
792800,348.3011768702191
792900,422.2414921622612
792900,821.3837071124145
793000,530.0800134493028
793000,425.5372506427458
793000,409.7100463495879
793100,433.64782939476
793200,441.9771817877591
793200,491.01039787431006
793300,346.9491055951857
793500,299.8550820947468
793500,517.5098472744113
793600,403.9160852168669
793700,326.1132329533061
793800,392.31262156054356
793800,248.006787673757
793800,524.1299140480112
793900,230.4719975885103
793900,375.19890130556126
794000,524.8118687101155
794100,367.03865475591283
794300,309.06419342480433
794500,289.0167429869331
794900,403.01508444060084
794900,382.2665637265418
794900,365.3482956279337
794900,332.42250085979884
795100,467.5870819179564
795100,215.3775457240736
795100,336.75617063357856
795300,299.5599823549933
795400,351.1592053796497
795400,375.4029791429102
795500,431.36950002279247
795700,417.56765057478066
795700,207.89744158410366
795700,219.824211528838
796000,431.0570821507141
796100,635.5879427632133
796200,464.2816352175404
796200,410.6022785826957
796300,279.46571584554243
796300,430.3362345321851
796500,424.6376456631471
796600,355.4731213406359
796600,458.28033879597115
796600,306.8423306632352
796600,497.5971753222026
796900,567.4851167273962
796900,312.59096379094916
797000,349.9215667461957
797100,313.5454221231705
797200,287.04833221575024
797200,334.0587973748723
797300,281.0913525939243
797400,316.1980402492674
797400,344.8183610920503
797600,495.9366654754043
797800,299.9855397214736
798000,502.06034054012395
798100,477.3016072540426
798100,267.4001395734033
798200,465.510391445918
798200,392.7031202738059
798200,347.15844018073386
798200,369.2058759097388
798300,639.9887965577223
798300,280.3508186743009
798300,384.80557450494155
798400,386.3383497037639
798400,441.70787027174504
798500,397.31205890667854
798600,543.2791291209586
798700,527.2378659215699
798700,450.7504081237476
798800,341.3473622588525
799000,376.2216503885404
799000,412.1381184874212
799100,288.93137136320996
799200,299.2162709298134
799300,310.71806879889533
799300,543.2184273081798
799500,298.97935744412877
799600,498.7448666599896
799600,533.3103171072088
799600,503.90432330868555
799800,589.6128184632071
800200,412.4539855207608
800200,477.05801419702686
800300,352.17807697035823
800500,430.5715354708148
800600,595.4341587391946
800700,396.0750952234844
800800,285.3067013997902
800900,571.9493305464088
801100,365.4078001824045
801400,402.2813166375117
801800,431.0903482680305
801800,371.06229101450054
801900,442.4804131953655
802000,401.25741064764276
802000,633.1980851884267
802300,387.76218829052635
802300,499.4629018927211
802500,366.51550804343793
802500,551.2124275237467
802500,272.45873861099886
802600,370.4891735468954
802600,307.0120806822147
802800,491.48939174341456
802800,394.95822112238574
802900,376.43890956419585
802900,444.35355615844475
803000,465.5195485361477
803000,324.85566690556044
803100,484.93994116375677
803100,316.6066395684023
803200,407.1508687499988
803300,325.99641400567646
803300,370.78562550120125
803400,508.27127078477406
803400,451.0853558809643
803400,374.55952327077785
803500,484.4058994736875
803500,440.0315170984084
803500,564.501786161317
803500,383.8183344735506
803800,409.96999400061253
804100,501.67775040191157
804400,332.8479948844854
804400,402.7345182047493
804600,567.4222240016364
804800,414.72807945032497
804900,406.06863521638866
805000,354.1001117330617
805000,309.92446612330417
805200,251.86494752910528
805200,478.63535987358335
805300,321.9582333443652
805300,304.46980536445994
805400,693.7725323660698
805500,396.3875984028445
805500,420.35187872124806
806000,369.8589071282869
806100,372.3007171818088
806100,540.194034892281
806400,542.7315085400413
806500,602.3396333203629
806500,788.8502431678726
806500,343.263809915571
806500,494.52699213567695
806600,629.2662557411321
806800,439.88427593653483
806900,393.44537926186854
807200,432.1344279849574
807300,486.8527591878333
807300,441.47374088294083
807500,349.724261001342
807600,506.97323762947934
807700,455.44364287753007
807700,394.6666242462963
807800,448.4319373326203
807900,739.1978891438108
808200,630.3930807569272
808300,506.61368343739827
808400,255.67926009634746
808500,465.43164981473006
808600,311.78769457217186
808800,523.7063348457367
808900,438.496490647111
808900,447.7244729511452
809000,498.95333795663447
809200,534.9673068717734
809300,434.01215907290174
809300,352.77012490241924
809400,290.13127004497665
809600,558.8170959612694
809800,563.7057376187056
809900,405.6624689297891
809900,344.407389605662
810200,320.55300116189073
810200,594.1570720305976
810300,474.0063528990185
810400,584.1745317916669
810500,293.9979818687003
810800,408.12573320281365
810800,550.4452502632049
810900,594.230967760531
810900,1122.6712248799413
810900,387.3865132398608
811000,451.29652492842314
811000,620.4619955078807
811100,622.6655879548912
811100,421.85447404261066
811200,384.46528055508236
811200,497.5156907446988
811300,439.6021218959092
811500,534.5085265927614
811500,415.96873518224857
811700,333.53292598494374
811700,310.26656774029203
812000,534.4423393608248
812100,370.2339820055231
812100,349.34643348567084
812300,648.4249594633104
812300,431.0209282185361
812400,372.1001922229077
812500,494.28000414075456
812600,468.3065786426828
812800,299.05437472708854
813000,377.1524046232494
813000,568.7755918484041
813100,547.7307380895161
813200,488.2410991463322
813300,541.9849620925858
813300,485.2306662698659
813500,689.9625413707122
813500,478.3562740681349
813800,416.4242448327609
813900,308.23517987406484
814000,366.1489611673628
814300,437.88907994602795
814300,312.10845970684943
814400,570.7704310816393
814500,546.5351545150055
814600,699.4750458932151
814600,680.7340047299765
814600,574.1236065328075
814700,557.9976917366507
814800,461.64102884083877
814900,420.6324247501442
815000,418.7955807493674
815100,716.7837670990502
815100,508.8996709804549
815200,362.08758675413395
815200,357.8783908917653
815200,365.7944696242868
815200,543.3677423483114
815300,364.86876230708265
815400,927.4424609363151
815500,741.4205586137357
815900,537.4161603628111
815900,547.0111925599422
816300,430.82848193604906
816500,516.6178857020216
816600,612.671253593429
816700,363.661335523169
817000,408.430955210355
817000,497.5685742175168
817100,453.2367430871204
817200,487.14543687744805
817300,516.2753668648597
817400,395.6799629971514
817500,316.0582415757671
817500,479.00294936087244
817500,557.0275298831989
817600,395.83491343766167
817600,538.8648516237317
818000,370.45445258574387
818000,401.4281080726279
818300,471.1656698981842
818300,522.9455527873156
818300,418.48038578944613
818300,461.74379351052914
818400,500.1647433266048
818400,718.0906716060858
818400,438.7578761405945
818400,584.1721494035138
818600,368.0440068965068
818900,359.6418363223928
818900,415.1273931260286
819100,507.9360619598504
819400,392.2596186900803
819500,349.45486303895035
819600,403.6749684239607
819800,459.12685110381744
819800,441.8402850788041
819800,430.15062542655716
819800,510.4729135851551
819800,542.110606275617
820200,410.8023628110516
820200,503.85756749628746
820300,476.0281680660258
820300,623.6398097633762
820300,632.7086908542855
820400,421.66955750260956
820400,444.69557198666377
820500,282.6428701602265
820800,456.17449344196547
821000,254.978023772019
821100,637.5197558434437
821200,503.0560449821327
821300,549.0760820477698
821300,501.0836704697887
821400,556.1743117624351
821500,493.9841910555556
821600,439.9657624198912
821700,450.84987100129524
821700,479.61048507632216
822000,1092.8049233916322
822000,482.20688420637475
822100,530.2461437271136
822200,418.34380913302635
822200,372.32916969131236
822400,382.8593517460386
822400,491.26218895914434
822700,297.6748184123668
822800,322.4045088319161
822800,471.9999951002452
822900,365.2684256709455
822900,504.4023381821478
823100,401.2133481866297
823300,420.45940692973903
823600,771.4451649979865
823600,362.27505625109444
823600,549.9465723631854
823700,390.8167144416854
823700,418.0434581565263
823700,290.8931910057344
823700,398.7865422963003
823800,504.5611829141255
823800,393.7098891289104
823800,429.99485854618507
823900,398.8473118173647
824000,518.0680344718468
824200,653.540403048681
824400,263.5304707292209
824400,353.64624959958155
824500,1061.3895373899772
824700,365.5073537845259
825000,527.5465850182361
825100,495.74992419280187
825300,511.88509781075595
825700,442.143449172284
825900,360.12698960291726
825900,585.9653813035123
826000,668.3231447603183
826000,684.37067694619
826000,360.13954446618123
826100,461.28284486256325
826200,638.9076347345253
826200,438.4049996348393
826300,447.5088261323393
826300,313.0047730847806
826400,503.3438354751037
826400,225.95326800292338
826500,652.767683524965
826700,393.02783412534495
826900,499.1767102768713
827400,378.6946096598507
827600,609.2369803750262
827700,464.3379168870137
827800,450.6084326358991
827900,370.86190349197517
828000,721.5996810725662
828100,531.8689007626863
828200,501.8587300697036
828200,484.981044630252
828300,389.75582112447546
828400,579.6614444226356
828600,442.11946870602065
828700,226.47876174193058
828800,294.42535485545284
828800,401.2997693321645
828900,448.90219987205853
829000,575.293601198463
829000,474.1042325609009
829100,400.35585645827604
829200,501.3367858466914
829200,501.1847038862751
829200,310.3993736031002
829700,590.5796502222028
829800,242.97011176148854
829900,403.77869761787747
830200,480.45056604532624
830300,545.9470090289896
830400,685.7677273558155
830500,549.9446410215379
830500,750.5100868770945
830600,606.3581298187629
830700,444.4930059679502
830700,363.55546770206405
830700,439.20022356158154
830700,441.3001557288705
830900,446.8579680243968
830900,620.6593822646357
831100,440.20558122301964
831500,600.0860639419594
831500,405.76839278952025
831600,316.1547371806834
831600,458.3031838295372
831600,373.2956824211227
831800,395.8534420395139
832000,511.3496367344057
832100,417.52840796126304
832200,515.3384904228648
832300,386.2486884346808
832500,432.6870997881136
832500,378.9534272947835
832500,321.8204752718375
832600,416.24007834552935
832800,590.6325354039728
833000,598.4876046250243
833100,726.0592730854164
833100,564.2315325936041
833200,454.27765225377277
833200,593.3417226402507
833400,494.5717173290793
833500,464.7805107447797
833500,417.08051941598836
833600,446.9845492784915
833700,354.7022791619436
833700,504.2707933478317
833800,676.8563300382995
833900,667.2912612425099
834000,626.4765165113339
834100,760.0303191972657
834500,651.5480205872474
834800,421.05513176298933
834800,389.1175531869532
834900,618.9070851181868
834900,189.77678037905417
834900,186.46284726646306
835000,329.39721886851214
835100,524.957044207733
835100,729.797260674872
835200,453.13671286137753
835300,543.8469188036046
835300,405.1960789141323
835400,572.5651762614801
835500,467.3479399933211
835500,393.2324418081588
835900,581.840493951585
836000,244.74119764503058
836100,554.9980283024041
836400,281.20059630931894
836400,388.59462608317614
836600,438.91885082199224
836900,420.590179784096
837000,456.9965586547839
837000,295.9362307900494
837100,354.5313434277134
837200,724.4796016183539
837200,342.96635828885263
837300,678.1572943268125
837300,778.850134751074
837400,705.1318714141286
837600,444.25779080185464
837600,620.8560362964937
838100,271.8174873817493
838100,310.62960881950687
838100,591.2206012497509
838200,692.8510916380396
838400,460.02978913784517
838500,635.780541126557
838600,389.51901835980726
838700,316.987532251173
838700,475.0787890653353
838800,453.84527566899095
839000,600.977264664188
839000,430.04608645004805
839200,543.1208821945132
839400,702.5947607351922
839400,376.40346053171
839500,553.7099994256781
839500,526.7180396230676
839600,521.7243778829733
839700,677.722645905062
840100,534.6257183833087
840100,653.9526819694898
840100,402.1978420028087
840500,571.0984498548995
840700,543.9252154311026
841100,410.94338978148653
841400,282.612289073626
841400,645.7734604249416
841400,420.24224388771734
841600,478.50940869341593
841600,515.1025653294299
841600,550.6998100526038
841700,766.417833096811
842100,724.4974642256586
842100,472.4253023156901
842100,341.64743362329625
842100,633.4161336141362
842200,726.7511714029255
842700,431.78486874140185
842800,703.0439158015554
842900,395.7624887752397
843000,402.9081064810993
843000,483.2264554039271
843100,481.94371847546483
843200,552.6680015124639
843200,508.48912990842
843300,475.9185860227365
843300,459.6896543902436
843400,650.0906245545956
843500,440.16251241174245
843600,1024.412794152482
843600,260.82406179875807
843700,362.51239518264026
843700,536.9842294783463
843800,265.9878740481051
843900,590.8751623900075
844000,421.4174508968664
844000,612.7596387850585
844100,804.4884475854195
844100,336.9957593298744
844100,444.31041933630456
844300,448.2893098811254
844300,433.20739308363534
844400,392.5663284244563
844400,354.5994566501558
844500,306.09279741488643
844600,481.1768589654858
844600,555.1957294037668
844600,506.3321776445469
844700,509.47798056374785
844700,716.7722329750344
844800,565.0134888413315
844800,641.449156898991
844900,483.7670005765344
844900,492.9445797429375
845100,369.1673988168799
845200,309.57125908160737
845200,797.6223687066071
845400,726.9163012945106
845500,437.6423577553282
845500,268.1925961373095
845500,414.93819828849996
845600,342.80155466309145
845600,465.6044615582379
845600,503.6241036395413
845900,323.1114434628517
845900,594.7577466981832
846000,496.28595580179143
846200,796.8169819388905
846200,445.5069618130046
846200,553.7399389173777
846500,553.4165973680497
846500,367.2299712021144
846700,442.4878527638687
846700,709.5919564475919
846700,644.5492457804174
846800,449.18834969595554
846900,545.690473941295
847200,471.85768009416387
847200,365.0965399336703
847400,438.41580211870735
847400,244.89565476537607
847500,337.75689199612003
847700,692.727149101654
847900,589.5534578785816
847900,355.31801801461046
848000,321.45763014472914
848000,904.1092674510115
848100,395.6817048247251
848200,492.88534839244704
848200,257.990700269201
848300,363.27182914229684
848600,408.89948797081803
848700,360.6661526030729
848700,489.43475278503473
848800,316.12501553410357
849100,339.07906622076035
849200,301.60061356059555
849200,294.85114451625077
849300,288.78206839626137
849300,504.4790203056431
849300,371.7252698481082
849400,386.8102671040332
849400,272.70017851069724
849400,347.09006412314693
849600,299.0285373363285
849600,707.0679565618971
849600,626.0948338280978
849600,497.79483029202646
849800,400.90296417534154
849800,184.758333939037
849900,312.4476399144042
850100,520.8896179582844
850300,234.4417755921242
850500,306.20482864807576
850500,636.7106925280219
850500,313.9360920954818
850500,239.335038176694
850600,443.5317258368713
850900,348.58494109875176
851000,294.7114201556753
851100,635.4572195639774
851100,297.38077629958696
851300,390.87068271246255
851400,317.5709895785187
851400,354.80987602331965
851400,337.00497298282556
851500,454.9197435003259
851600,356.7777183185737
851800,440.1816738988964
851900,390.1258464121264
851900,258.88032993629344
852000,355.7459759982494
852000,443.017174384248
852000,610.8233223373246
852000,357.3390780973151
852200,421.8807327524242
852300,347.43515484101636
852400,732.359164313736
852400,307.44461281556954
852500,599.4717643759637
852500,260.5758742157543
852600,895.711433395939
852600,477.5302594986241
852700,445.8173134429811
852800,471.94349457426864
852800,289.4325888450501
852800,313.6038310326323
852800,338.5811933911201
852900,434.8573602795027
853000,366.91153367003164
853100,440.3033799894011
853100,332.64024645353544
853200,710.6119390767291
853400,419.19377653629084
853400,444.6857393565346
853500,457.4288552117486
853500,383.7144766364775
853600,440.90890582679805
853700,377.2203630243756
853900,418.69230193694233
854000,458.5181386642163
854000,667.7248890575356
854100,352.071461382868
854200,755.5639423101007
854200,467.2763440185785
854300,429.33741039802163
854300,247.96320135482668
854300,271.6202858878378
854300,226.85326621054313
854300,294.27734452512294
854500,269.7310288814642
854600,436.23875805529894
854700,345.16096206417524
854700,323.245125190912
855000,406.9627909113651
855100,386.5542218675982
855100,305.0978987772924
855300,233.4779268955852
855500,434.8493440303844
855600,380.4364013958731
855600,370.790073321842
855700,586.9412260224196
855800,414.2795423474847
855800,418.3816583806609
855900,299.1375951530043
856100,327.92028402576767
856200,439.8155143585538
856300,269.5276638454755
856300,434.82310413565
856500,281.24746829663906
856600,356.435835755466
856900,334.7623659664262
857100,315.3146804861205
857200,461.9824712634604
857200,441.8408210795857
857400,378.05433739244137
857500,389.45796581537667
857500,273.458337919664
857600,465.80018805411436
857700,768.6948335167647
857700,565.9260869746591
857800,418.1363941371391
857800,642.6129060128426
857900,326.87213284444954
858100,320.43410508282034
858100,412.7330414618768
858300,257.7200097397233
858400,517.0429467960606
858400,421.189780354401
858500,423.89324126938646
858500,449.3507481238698
858800,463.7527481466036
858800,348.1786686503492
858800,322.97794698195594
858800,616.3363838031598
858900,434.66255426125184
859000,390.0861157410949
859000,459.5994790125897
859000,435.2604396223457
859100,301.9506061615248
859100,418.4890094904071
859200,297.7214307505739
859300,331.720128810596
859400,388.6977216324702
859400,298.3121209880845
859500,335.41532026469434
859500,305.01332472575433
859700,562.5038326742952
859800,303.0472702813584
860000,345.10684244846993
860100,556.4521655441791
860100,342.7999301532952
860100,391.03943419707883
860400,380.95544264537847
860600,354.0628201119846
860600,288.5877088578824
860700,311.96368494766193
860800,320.6014268009775
860800,308.1850700003469
860900,405.9156091086084
861000,306.51626135196
861100,373.95034023961006
861100,417.1691141758254
861200,328.8821697547498
861300,391.86567644666184
861500,358.2121840884304
861600,309.0038694896368
861600,271.2465582786581
861600,537.4735403998001
861800,306.5119990052345
861800,312.90983032437333
861900,570.2937467205184
861900,465.96395473015775
862300,488.3909189646878
862400,477.9351663064278
862400,495.5989224108599
862700,338.14144567072776
862800,478.8227186346095
862900,471.75053065459724
863100,554.4605325910863
863100,414.3705106789461
863300,447.25001416035786
863300,342.0246795941958
863300,476.06935404524586
863400,424.8004310847078
863600,307.2266545970333
863700,454.93383410245673
863800,367.45766086687416
864000,343.4465084115926
864000,435.2651285667728
864000,540.3790325539742
864100,525.3769312771155
864100,513.4741038892304
864300,552.1902608529556
864300,432.73238860674076
864600,427.08127645775653
864700,441.91962473556237
864800,413.30649899281156
864900,423.03191847462966
865000,371.572353087053
865000,404.4134537710664
865000,414.8837221550547
865100,250.1408795211914
865400,375.115261060281
865600,311.5793620326591
865600,563.0860776602989
865700,372.2428784273726
865800,314.383398633275
865800,558.6431286406332
865800,355.3268455534872
865900,331.22188191348283
866100,396.07908178748863
866100,381.5323331957216
866200,431.95713508061175
866300,296.0370902517719
866300,368.633165857148
866400,335.711304839069
866500,756.5531690608639
866600,368.0044031898096
866600,462.3813000327896
866700,387.17785297404987
866700,623.7874517313168
866700,283.57699754407764
866800,643.2495896364142
867000,439.63546635171923
867100,492.78634371042756
867200,394.89797372524515
867300,346.16835223526795
867300,466.877311657049
867300,482.31865038989395
867500,187.92812659091746
867500,442.8927450417114
867600,453.2131522834833
867700,735.4508461801212
867800,395.8137557420905
867900,381.81332210293135
867900,349.4106303436901
868100,313.08795307650513
868100,367.39193286971204
868100,307.8941088055807
868200,428.8469243483
868300,678.0879922990622
868400,356.52133263781775
868400,353.4197242578095
868400,435.31364983182186
868500,302.8861997407906
868600,389.7687441180814
868900,659.2445529398395
868900,342.77124294000066
868900,528.375828644671
869000,834.868577387788
869000,490.1484558558849
869000,435.998358783331
869100,347.02489866885645
869300,406.35459087977085
869500,681.0116011918286
869600,1253.167822313448
869700,269.9320157179635
869700,383.3672788929078
869700,396.62825622914585
869800,371.16310213982234
870300,467.3395013694025
870400,452.415462800521
870400,444.91027254002296
870500,396.8977462036531
870500,352.9776774830455
870800,508.1635896204872
870800,657.4670209551
870900,349.0398535426462
870900,536.4773527349948
871100,579.4269443968882
871300,537.4070475867735
871500,309.28382489643946
871500,227.68101111323455
871500,321.90772330890115
871900,917.3980736590512
871900,655.5837495963344
872100,553.4680258931821
872300,577.6824790397434
872500,410.21023524513123
872600,347.3749605570939
872600,486.8034217020306
872600,656.1425569387196
872600,376.86034189937413
872600,459.02188544292534
872700,430.80412720554006
872700,459.381857323582
872800,542.5730563335662
872800,425.0728847184412
873200,459.06951227949884
873400,423.24751160207603
873500,436.1546441889375
873500,466.36061100523307
873500,521.6164370038052
873600,384.0234241565331
873700,393.3860571337067
873900,348.3477807412941
874000,439.1208964818919
874100,404.83283417287396
874200,479.792307101809
874200,537.5989324441997
874200,396.03595227648816
874500,400.5568457131527
874500,570.9073746602104
874600,352.46288188559305
874700,331.96488456070347
874800,633.6699309047293
874900,750.8626432539696
874900,330.7350768819273
875000,315.7618470508094
875300,435.875657285388
875300,467.85762807872237
875500,358.98472009539955
875500,434.547829942029
875500,321.1357460714147
875600,320.265530090095
875700,427.67145928134266
875800,292.650676345923
875800,403.1637722889299
876000,413.94751235430664
876000,342.3771253148091
876300,485.3848434402894
876600,401.2656691056851
876700,689.6731854015902
876700,544.7427870563201
876800,269.5621354718256
876800,395.950034532703
876800,483.86821550737994
876900,475.738521109015
876900,360.18387854645295
876900,498.7882473961247
877000,442.3497152733327
877100,397.1807676207504
877100,596.8265445147692
877200,213.372492434642
877400,504.6751201019455
877400,614.2583173663095
877500,426.39896717461113
877500,545.9198845214135
877600,507.96321290669965
877600,580.3600743727774
877700,364.4940842624373
877900,295.4074283329983
877900,530.4981455084805
878000,691.9521637228628
878100,444.87062322525816
878200,674.786679524251
878200,498.6551542987925
878200,481.56023120700917
878300,450.2014708514864
878300,491.1746842080926
878400,387.6715124858382
878400,425.4925619237048
878500,559.8315599728261
878600,280.62091856057134
878600,374.38219688297255
878700,567.893515720447
878700,447.3548513674432
878700,353.0943602692394
878800,284.16334334299603
879000,637.2103494921281
879100,309.5793080463391
879200,270.71422180506727
879200,528.6704655063726
879400,370.9195049753902
879500,445.9503114693201
879600,504.79529400703996
879700,290.3009773538418
879900,536.4158472393829
879900,382.0985428296857
880000,363.52906264632435
880200,427.75906904042347
880200,441.9025367173295
880300,331.65376338344544
880300,337.93215492120976
880500,386.73759953411087
880600,660.7125417143117
880600,389.27083489887286
880600,503.97907779311976
880700,446.4316562187702
880800,481.6119191919187
881100,374.97812159797627
881600,476.61943156370285
881900,542.4052677114028
881900,451.45016685504396
881900,589.0728574072688
882000,604.6704675302108
882100,569.8542272729468
882200,477.01281511897366
882400,482.98534507689124
882500,399.3786218366264
882500,387.299076664856
882700,711.1080935065257
882900,448.9603646703254
882900,738.64985064298
883000,767.4034089556017
883200,344.7668317605312
883300,486.1144745410636
883600,400.2350000621141
884000,315.5639492908254
884000,455.9511682078383
884300,503.2479074742534
884700,391.76864224054117
885000,531.1303227119747
885100,395.6794145294269
885100,493.8205595389481
885100,542.5630387486312
885200,369.2000344224937
885600,376.5385278331777
885700,491.23878707349536
886000,377.53217640196806
886100,363.75198138017606
886100,326.56792549429747
886300,359.764171330707
886300,376.9331727622891
886400,473.8479443589448
886600,566.5767186391032
887200,508.64320015876115
887200,491.5492215923857
887300,448.6450062350434
887300,504.0733450824426
887400,479.3467718355574
887400,436.8493680442428
887600,548.283487756149
887900,497.04428610128105
888000,462.60377381635664
888000,393.61180420470794
888000,484.2438481030399
888100,395.9454721193067
888200,618.7038917248158
888300,435.85189410545036
888300,561.229785143468
888600,489.6850165741912
888700,586.4265486965248
888700,567.08447474462
888700,518.412350902489
888900,603.0457472597249
888900,313.29497792387485
889000,420.6974994847749
889100,522.7471864626378
889200,490.21830062150997
889300,611.3573346610643
889300,578.3414170432847
889300,670.5628711711298
889500,515.8043719739513
889500,587.2263780687854
889600,545.4224178172974
889700,459.1278801583027
889700,606.6459346187553
889800,387.888898943888
890200,507.31156437092767
890200,587.8796717655588
890200,692.9880685720722
890300,631.1797516186501
890400,723.7186518587191
890500,602.5005049536247
890600,365.7937237147326
890700,797.1678963649125
890700,489.20877081043983
890800,408.4719734498719
891100,631.545510895684
891100,433.34248342231984
891100,428.31148874327374
891400,544.0963861809045
891400,551.7347640960044
891500,607.7553692032045
891600,633.3984135810227
891700,563.9606154347043
891700,588.0583595314748
891900,608.7086951049052
891900,416.1875595646622
891900,704.1687505772383
892000,610.1953325973013
892000,566.4634101390131
892100,497.6456849609446
892200,343.1618056864936
892300,501.61873791480247
892500,654.7135465076551
892500,402.0141371463313
892600,517.9476649915686
892600,707.1102358260446
892600,588.6996292792044
892700,913.252099178869
893100,446.0414736071217
893200,640.3427738737083
893400,453.08946509953967
893400,490.0271638753341
893500,596.8287543921633
893800,660.0808970709262
894200,896.4739426195579
894300,389.4576059016445
894300,560.0592451937125
894400,781.7169257942777
894600,595.7018440455361
894700,447.47993424943525
894800,556.7805069572075
895000,974.4953736757476
895000,440.074918433464
895000,514.7745096083311
895100,633.2287148822409
895200,405.54956068888146
895300,444.6909498467609
895400,523.1947132840313
895600,401.69878393405867
895800,670.4723986689128
895900,371.3612707873128
895900,365.93790675576645
896000,959.2449493925764
896000,419.468450975878
896100,532.2962357004103
896400,714.0869137978748
896500,442.82443211025264
896800,520.002488141724
896900,847.8155101568796
896900,386.93682342266874
897100,468.706227850711
897300,410.7447272102452
897300,414.0664168364368
897300,418.33273655552404
897400,428.5479162385776
897600,461.5425764440736
897900,542.330020598904
898000,474.29296561854125
898000,429.43558345300005
898000,728.2628623903965
898000,446.2703026606294
898200,302.13894416422426
898200,426.71723772125307
898300,396.57759097678763
898400,337.0960064872313
898700,495.30346541654325
898900,363.41812913461894
899000,568.3513812595698
899000,472.9853360221959
899000,430.4660086727449
899100,366.0478329406585
899300,626.0439270914972
899400,332.9608986020797
899400,474.93616589860113
899800,545.767738391303
900100,510.0049039055547
900200,371.1914587288359
900300,529.3652537072387
900300,590.0019848108382
900400,747.460950506935
900800,595.744338543455
901100,597.3797147889537
901200,639.2355729590128
901400,591.9621490399511
901600,317.9741904623673
901600,534.3184496772102
901800,399.12679398654035
901900,601.0935375612312
902000,273.05087321855916
902000,819.2103543095286
902000,537.8246141176041
902100,452.70580353995956
902400,528.306561563287
902400,433.85687480961315
902500,449.25835439857246
902500,401.7059501319052
902500,584.405178406056
902500,708.9881855838544
902800,440.2093613606382
902800,355.58976390340996
902800,444.2663577172027
902900,580.1177416368498
902900,528.485701730065
902900,716.5719504949318
902900,545.9009848562295
902900,568.089662930518
903000,373.1329723076881
903100,538.9861602491541
903300,423.79086622144195
903300,292.72430399740296
903400,615.1842124343763
903500,325.52792754315715
903500,544.3157288878288
903600,558.0906349447081
903700,345.52582010054783
903700,417.04848297555094
903800,435.87266524805506
903900,591.2349265106338
903900,550.629803338191
904000,598.6525283780451
904000,588.2508914718163
904000,367.6969226643393
904100,537.1877009786377
904200,579.3731028483036
904300,711.7237623497194
904400,743.8306555397463
904600,355.7222942894644
904600,470.5327462341291
904700,288.97395341893457
904700,364.3874518611168
904800,737.1350577718001
904900,523.1019903105914
905000,411.2724826649878
905000,439.6841166854534
905000,480.72825909839486
905400,573.8476326628612
905500,377.5908492292671
905600,701.3515100716244
905700,299.32453336682005
905700,663.9142124929996
906000,459.10495023628613
906000,484.41982433863024
906200,569.0924368803906
906400,512.4336555472596
906600,314.6256973964723
906600,574.8933464225277
906700,281.95595300863863
907100,750.4064921400189
907300,399.5639249658332
907400,528.5128753140528
907500,458.9675249837239
907700,453.8267222160018
907800,431.2522759288964
907800,772.7540472734383
908300,560.1546688878499
908500,505.5337184633909
908700,623.2150720998384
908700,794.83352326191
908800,785.6434544800821
908900,428.084173613864
909000,404.48739123121743
909000,305.67080289017144
909200,480.7486736989978
909200,516.9334462014976
909400,428.5168126233443
909400,546.8003044295322
909500,313.06832669264946
909500,439.12264182393113
909700,531.7925635324003
909700,615.5674483484102
910100,488.1857932301407
910100,549.1311708280275
910300,349.98339701956485
910300,415.5408732509601
910400,598.3976213454525
910400,311.89400982218893
910700,722.3426852694444
910700,419.9249508828167
911000,297.1155518353449
911000,490.1818708285309
911100,454.7396377494976
911300,368.61860139196426
911300,363.76889410947115
911300,360.41333643331234
911500,473.99443475571303
911600,335.0646817933973
911600,402.1335158756763
911700,418.6479522915148
911800,597.1803124934945
911800,742.3099204726232
912000,444.85704580389756
912000,489.65572687329023
912100,458.6059085923345
912100,394.2687499213473
912200,455.70692917534313
912300,474.82281363629016
912300,754.4619684421851
912400,328.4143644063506
912400,454.72590642175373
912500,521.9558378514952
912600,411.90856904990096
912600,563.9355003495804
912700,412.0113803478878
912700,649.464488235838
912700,479.5765939162775
912800,386.2696349497191
913000,400.5335873203724
913100,403.94917374922545
913100,395.27536442673056
913200,470.30255151270853
913300,455.1345855138442
913300,296.12679453854844
913300,537.3322076724753
913400,536.5227562275256
913500,514.6583961474014
913700,446.2732192929911
913800,418.59159247768537
913800,444.715171603079
913800,533.4232845686888
914000,766.8579073692899
914000,392.45578139664053
914300,510.80802879495064
914300,485.58745696582577
914300,508.3139166611532
914400,546.3525899695745
914500,570.3479678125808
914600,409.65712221030753
914700,339.22234203254897
914900,364.91299769983436
915100,607.6578956494295
915300,410.6062222269554
915400,418.51489696587817
915500,882.2661839837339
915500,582.7653068653007
915600,538.6773948429513
915600,551.869042856849
915600,442.99634518570855
915700,415.67488104573044
916000,341.4392995318897
916000,697.5947386494489
916000,486.73580635166695
916100,499.3899424851825
916100,853.4092474880409
916400,337.97069946268755
916400,850.2674718545406
916500,411.3418391369679
916600,399.07332428943675
916700,522.3746443474871
916900,482.81979162822097
917300,397.2037039326751
917300,200.27880045659694
917400,252.43351181181282
917500,298.82061103654485
917500,766.2863528137754
917700,302.8102234893829
917800,469.54647882672225
917900,343.79224346420943
917900,442.2612530737304
917900,399.128143982604
918100,645.8564590214003
918200,369.4828283010601
918200,290.97671353633785
918200,397.558465360505
918200,586.0599904558267
918300,426.709160031471
918500,479.09458869725836
918500,930.6080291399527
918600,410.99094376775446
918700,530.8959563819643
919200,540.0419041114094
919300,374.9485556227683
919300,309.97835516859834
919400,339.5646206866257
919600,616.5135634272391
919600,249.1914787780944
919800,368.0010777076225
919900,331.6832441816632
920100,330.22960502811225
920100,548.0838543383475
920300,343.79965800314415
920400,389.14360613290756
920500,340.10610616052554
920500,215.09473904920483
920500,359.1571184322738
920500,424.94131503898825
920600,572.7711107384383
920900,488.9698604383973
920900,559.3082255777807
921100,419.7740580137055
921100,403.73143649916994
921100,363.42081677815816
921300,580.7612332256974
921300,425.3531744272429
921400,487.51358279149576
921400,397.54536070464377
921600,300.27437171578185
921600,381.78652198411424
921700,447.59352561748034
921900,273.9075206487388
921900,563.2135228763635
922000,402.65289508061903
922100,445.7422053300424
922100,489.3225338126536
922400,468.52179503140604
922400,385.2213714517296
922500,450.75971195746354
922500,553.0203878754392
922700,530.5751412474041
922800,384.40066235731905
923000,367.4828875661614
923000,370.2461830471737
923100,486.56406905391566
923100,420.237052389418
923200,577.9945483770849
923300,568.8565100175528
923400,543.3716407943256
923400,336.07970638222275
923600,464.1619244541486
923700,476.6716151373558
923900,613.5081472084014
924100,380.9005438404344
924300,477.1825285278002
924400,414.16494857001777
924500,446.2673666040851
924500,429.1931136079768
924600,557.4605274513484
924700,374.96847246578074
924800,408.7909022302254
924900,339.88679636157036
925000,751.1685411338284
925100,421.3858290168331
925200,419.3636075966203
925300,595.2509331748211
925300,501.44234727418683
925300,422.84043388030403
925300,481.6374213290488
925500,473.62560136724244
925800,375.2095673752946
925900,413.25181408127037
926000,470.6230118865532
926000,602.2123585029983
926000,431.04596793859963
926200,396.7259223998914
926300,416.90765498502344
926300,312.1687809597089
926500,426.3972445396561
926600,599.2777629146412
926600,692.8030999808095
926600,427.83505675804724
926700,352.3357324502847
926700,306.3270718390582
926700,423.66884885707265
926700,554.31776943202
926800,408.0068108024686
926800,610.2238034960353
926900,252.93407325982574
927100,422.22567636495427
927400,338.20702194223344
927400,287.2380318385954
927400,316.58530371229875
927400,550.3152332508419
927400,422.9839357972697
927400,463.60523020598043
927600,293.53713663099234
927600,567.3107952267327
927700,290.94342668648727
927700,355.12211148635515
927800,471.16826519525097
927900,579.9119739237866
928300,513.2311302107261
928300,257.1707862835345
928400,604.5516457767743
928500,392.5538875729938
928600,403.91566308846143
928600,505.01441930160735
928700,344.3192066969391
928800,249.21091642382083
929000,275.03954666729044
929000,355.2384093635289
929500,232.79517918714916
929500,277.75863124343823
929500,549.9590973396045
929600,469.94457462497377
929700,485.94831017219235
929700,514.8163975402236
929800,506.41433319366666
929800,319.00983570634924
930100,420.4671903529403
930100,996.2379173530642
930300,352.30519638949914
930300,646.3213202668695
930300,431.8393686417863
930300,484.3269624357223
930500,271.8831504604434
930500,413.2338278393098
930500,531.3826591674515
930600,482.3115518140755
930700,324.53757328449547
930700,519.4395384784812
930700,402.1828520153719
930800,419.2155781015296
930900,498.22462478203033
930900,477.059496721803
931100,463.72869243884463
931300,614.0125911053799
931400,390.26266803782005
931400,597.5605080008086
931400,569.8801056048385
931600,466.4431400074207
931900,431.27660666180594
932000,372.9731325090253
932000,278.70713619747295
932000,297.47978050579314
932100,401.64195106632496
932100,504.33609389204656
932400,488.422067768356
932500,356.241680878581
932600,520.284443984788
932800,497.94763573804386
932900,299.59050169054507
933000,295.3893456234063
933100,717.4072286543931
933600,495.3395186655121
933700,457.7741753715001
933800,529.4588443127371
933800,640.7208438077108
934000,780.3354604991757
934000,452.929230746597
934200,463.58142742565303
934300,244.59480206118607
934700,397.79844551841654
934700,360.556753420374
934800,418.07002482561853
934900,465.46103656260135
935000,518.8500614026415
935200,486.51970200739953
935300,409.8342427154443
935500,455.9352241255965
935500,281.27945400104767
935500,516.3911975039582
935600,439.35908848459275
935600,388.7591710734731
935700,400.83248791742596
935700,358.44224224002807
935700,418.59083633557185
935800,349.2973432859129
935800,297.7210755929578
935800,584.9287323072807
936000,413.7276260364849
936000,365.31680671329104
936500,359.3911562388134
936500,363.0176592894118
936500,461.84554845786954
936500,455.0333036236873
936500,466.27006499897124
936600,436.06758615869734
936600,395.5181870781931
936700,637.9042977309872
936700,542.914535704204
936800,534.2133855310448
936800,445.49202864309115
937000,501.95779181694047
937100,522.4028693027474
937100,490.8900395312386
937100,556.4613501947634
937300,579.4691099296278
937400,441.25917529648956
937500,368.43008700748516
937500,370.3972202851919
937500,524.6177487511452
937900,508.21752696276224
937900,460.80857457277807
937900,352.91953742818134
938200,418.9924047583352
938200,267.6992562915546
938600,394.6896659450343
938700,495.29481853141544
938900,358.8417857078877
939100,471.02116964776036
939200,527.6335509498094
939200,563.0526847549457
939200,398.7108311987358
939200,375.90129687306944
939400,438.4282636087953
939500,574.7677492865243
939500,587.3959305056551
939500,406.75384622720674
939600,339.1272481114404
939700,448.1917237724309
939800,409.48193008063913
939800,348.1132703935614
940000,427.09661901860983
940000,388.6283239189277
940000,482.056598893324
940400,700.1386441107933
940800,261.77765883747594
940900,281.55374698694095
940900,379.4365700083253
941000,357.0327703733722
941100,544.7001083434288
941100,471.81698183831435
941200,650.8403415057962
941300,521.7282020026913
941300,287.3850988407202
941500,328.0068983631378
941500,507.1548816081961
941500,453.7930444966673
941800,539.7036351921304
941900,495.32570659885994
942000,344.34344321225166
942200,303.02285964718686
942200,498.4814290597906
942300,363.02140001665
942300,479.52185964606906
942400,534.9449129235444
942500,827.0392436989891
942500,500.22597174438096
942500,314.8772370735021
942600,294.85068559635846
942600,463.8259656604999
942700,345.2337361713113
942700,369.12433636489135
942800,444.30304405202395
943000,264.9078995657008
943000,327.42660314475387
943000,541.6084245390634
943300,664.6465595538577
943400,517.7437498109983
943600,711.6449085340317
943600,297.42857535447206
943700,340.78165458152023
943800,350.4141106097238
943800,293.8375889245202
943800,599.2834133189322
944000,339.6413812136682
944100,298.76887990376895
944100,705.6256603591163
944100,514.9340891737818
944200,270.3473186249643
944300,360.5819361177083
944300,318.2143127941144
944300,590.5557766354978
944400,438.5796986441123
944400,474.2076396097852
944500,617.4122609045658
944600,643.8377150336279
944800,706.2620205127466
944900,380.594337053645
945000,534.35294873247
945200,233.56701370342512
945300,469.7583842804461
945300,386.5862928862826
945600,412.94171951841884
945600,263.09936508304924
945600,496.01092164932186
945600,632.4800845378744
945600,700.3447945515039
945700,214.28344233975025
945800,583.9609613534083
945800,506.626647154974
945900,341.1611873186811
946100,401.607556794535
946300,481.6143520083478
946300,523.4588576465464
946300,400.78421102523936
946400,474.17022086485093
946400,234.9081569840068
946700,363.2552273184733
946700,433.8708119571217
946800,505.325848151029
946800,439.787954773398
946900,285.77765327377637
946900,494.6904952796076
947000,428.80417178169
947100,378.5955192140106
947300,212.20679947176095
947500,480.30394320944043
947700,546.9045561895767
947700,401.88263054524543
947800,596.6218433886604
947900,347.74765575590675
948100,437.04599312276923
948100,475.4642792527202
948100,436.6015713709198
948200,617.4166460871039
948600,323.7813973182668
948600,354.7669384875881
948700,316.12294147110464
948800,286.5402029494878
949000,573.1621007249855
949000,487.0228545354583
949300,416.6364268321944
949300,502.01742696493096
949500,596.0655539977492
949600,269.08300103227714
949600,484.7303064865331
949700,366.941233045124
949700,393.9351876944152
950000,465.4774793470321
950100,312.14543386390505
950200,257.6041597035948
950400,528.172783512432
950600,268.24928228361654
950900,598.5119866831709
950900,497.79869465731065
951000,392.6350089102244
951100,475.70238123462707
951400,480.4178980826388
951400,462.85509734790924
951400,480.94644783417516
951600,391.22444132488744
951600,504.1287525771075
951600,456.7397590060167
951700,448.05043951488517
951700,309.8547437736465
951800,595.0696448877258
952000,527.376923454794
952100,359.9785458237311
952200,440.8489854479596
952500,635.681939426792
952600,426.78322343187625
952600,303.3440803751697
952800,294.8933945070576
952800,290.39243881132376
952900,491.51787211743056
952900,435.2010799129782
953000,522.6767340974902
953000,535.5863164924972
953000,423.7677496374063
953000,469.14466360980236
953300,402.3566933681121
953600,586.4886036378081
953600,466.34761131076255
953800,416.0564543542549
953900,407.8849649562154
953900,474.11768156644683
954000,481.04257421040205
954100,564.668680887051
954200,471.6840091113174
954200,444.042898210097
954400,424.90572837397025
954400,487.6846905826166
954500,518.8748068325829
954500,574.7988254424705
954600,374.8746941364817
954700,595.9608117880853
954700,390.1270119480398
954900,462.18832961430985
955000,664.8117515742599
955000,533.8189808898269
955000,428.10990638128084
955200,284.3014077874144
955300,461.5687268416161
955300,312.4108341719401
955400,530.184219884332
955500,377.8470588109043
955500,396.0604174735867
955600,431.70725960179146
955800,294.88118310105597
955900,562.6666196233562
955900,462.20648661051973
956000,296.3226259203354
956200,584.3875950744606
956200,627.007224180516
956300,510.7407692104369
956400,486.21390628219183
956500,366.5663314393624
956500,460.30717039573113
956500,452.67596911005734
956600,378.05618271915347
956600,356.27001550254323
956600,412.8328782744845
956700,418.8884636853253
956700,518.2845552123794
956800,465.2498338401046
956900,708.0771816293682
957100,526.556321844764
957100,441.9483435385154
957300,657.3891759581143
957400,286.85297036574246
957500,510.9614232359563
957600,854.368689048034
957600,419.3830860036071
957600,313.8700997821963
957900,323.2166490800185
958000,415.6862912308825
958000,367.3387272035354
958100,478.62062697242226
958100,505.53423506649153
958400,413.592990446937
958500,311.99755684161863
958700,566.4005361886828
959000,534.6675089474944
959000,364.3017600656943
959200,568.7694998877016
959400,474.8669897628629
959600,369.357271827059
959800,356.15800167616584
959800,485.5388201234956
959800,392.68509707180056
959900,537.9395683445836
960100,397.01805770500687
960100,360.87001437438363
960300,560.1119513624561
960500,330.9773336279599
960600,321.62006728455816
960600,378.2666668514866
960700,371.36754276042143
960900,383.06180975240306
961100,405.3083248355406
961300,574.0305763769086
961600,406.3079737465025
961700,598.2816389975021
961700,507.6546679041698
961800,421.3589460544159
962200,580.5517247293784
962300,489.38305197199406
962300,361.0928825370587
962700,465.0296039592359
962900,307.5407590217039
962900,573.5856911323605
963000,638.1535019338677
963100,495.6994923153665
963100,494.54423137938875
963200,233.96257165710847
963200,362.6511800346915
963300,291.2715754853029
963400,454.3608156660678
963500,476.9630731094905
963500,605.7188192660271
963700,549.3995846837029
963800,383.4049987112417
963800,311.21703394872344
963800,363.1993491047562
963900,365.32098430985957
963900,457.6843636179169
964000,555.2102290468091
964200,521.9080237554261
964300,550.6595941555253
964500,328.87983174534145
964600,533.5558001716198
964700,513.4665502957793
964900,262.96985175362437
964900,476.2003634671789
965100,256.31696436846346
965100,526.3636056830476
965100,353.91805692914323
965100,523.6152899037326
965300,506.2163197437071
965300,465.9806203277327
965400,437.1248832668782
965500,379.3489601061091
965700,643.0594120664208
965700,476.52145054481275
965700,382.91730433139173
965900,426.7384097228058
966100,730.2187708084659
966100,530.3655829020887
966100,474.31961719433576
966200,619.7289745069071
966200,388.3232096483651
966300,486.45112391639344
966300,508.1126490289582
966400,416.3975786312176
966500,264.10775726595466
966500,484.84111226865366
966500,362.10452933820704
966600,346.71959479756606
966700,555.3642120636549
966800,227.5144188254601
966800,396.3152020644141
966800,504.67308012846564
966900,524.0269575100056
967200,619.4801103517281
967200,363.58840040182054
967300,444.6163668013273
967300,396.1482782462181
967300,590.2893283047082
967400,563.8141804980334
967500,432.2471040561239
967500,660.097641243054
967600,619.6693516378626
967700,550.0680707913693
967700,536.1268902944748
967800,643.8567298902279
968000,604.8455115254802
968100,652.3529152211307
968100,488.3647619283617
968200,442.2567852977797
968300,673.6658078394527
968400,379.7844101153506
968400,686.3315326861915
968600,324.00865132874446
968700,307.98269428850404
968700,649.5786240363981
968800,379.5173816240062
968800,281.84591118064685
969100,460.28399304195824
969200,465.70186613802673
969300,341.30338764670785
969600,442.1981740115495
969800,301.3353156852643
969900,694.9518235867946
970000,476.1671243041487
970000,409.19108100096804
970000,338.280298192391
970300,796.7130860012504
970300,516.3506148334129
970300,383.6674277467065
970500,579.4403663210604
970500,446.7718458466385
970600,526.3379603636931
970700,511.44364657687015
971100,756.7901562882955
971100,295.6716687840026
971200,370.3813583636638
971300,465.58096318406376
971700,326.9021714603557
972100,706.3920110005572
972200,285.31927559966124
972300,436.7616385845958
972400,419.8647424138473
972600,343.6774764932255
972700,479.12899573168653
972800,388.8414985460063
972900,508.1472135631057
973000,411.229556795104
973100,462.1856558727434
973300,338.33840253869914
973400,478.7130189668378
973500,448.037748692781
973500,479.3405179514387
973600,532.2894221144975
973700,399.16126435083726
973700,421.39528536539285
974000,330.52150273939304
974100,495.1297118997505
974100,354.4408127762263
974200,322.95332513957277
974300,277.6467136616776
974500,710.0264549783803
974500,464.5422664185015
974500,718.3499844408633
974500,525.0573468401159
974600,320.037918563244
974600,430.4547287074051
974800,569.799154661528
974800,406.043445414947
974800,428.16018402935373
974900,382.73945485016577
974900,646.7237657344938
975000,330.7248586239502
975100,331.4268722851014
975100,514.1928060145639
975200,445.42489657316787
975200,432.5897316667395
975300,695.4542239302348
975300,415.03839466761656
975400,303.4171233825288
975500,485.7978161565091
975500,301.37766807708425
975600,329.0543613728391
975600,554.6004467834895
975600,404.53053160407654
975700,518.9087256945716
975800,734.0549289257481
975800,435.7750597958908
975800,404.60027831807673
975900,276.4650076089277
975900,478.4457662364953
975900,370.7519627964529
976100,319.47260483324754
976100,417.1735703306726
976100,494.5575359763643
976300,372.5687685756581
976700,479.4740796888417
976700,594.2318493132482
976700,504.6909232605349
976800,310.2283116102914
976800,460.9729601472984
976900,349.93125219463525
976900,576.0753532596741
976900,339.91132487851775
976900,520.1986254468735
977000,509.907226192112
977100,403.94372608604436
977200,390.13788999333724
977200,621.317991672578
977300,480.52089058574506
977400,348.29097782644465
977500,502.3801455101808
977500,463.2303980836954
977800,455.9185885364269
977800,363.31581801990455
977800,351.0177152948642
977900,360.45469076854204
978200,426.56215506651574
978500,445.4132220732968
978600,656.3510072782472
978700,540.8468243229581
978800,506.9947319535875
978900,274.81166132514664
979400,561.0027905893946
979400,578.7689543351742
979600,452.27389506018136
979600,331.2494093668042
979700,343.1828439688773
979700,260.90259219091075
980000,481.05498790453
980100,290.7324457748712
980200,360.58085968073715
980300,458.4747634329928
980400,494.58272917989194
980800,350.75821986014694
980800,539.9764602791231
980900,505.96448249532034
981000,366.00682953707343
981200,450.16721873896677
981200,423.9839853319894
981500,439.73640799124695
981500,716.2592701596589
981700,417.67805418864157
981800,480.86970042844985
982000,482.8680967964493
982700,402.54829202390954
982700,679.8641807960728
982800,434.1356694461047
982900,453.3068006196736
982900,761.2242210296641
982900,382.19867243294334
982900,500.23603951152813
983000,378.09958087911616
983200,365.4617900200468
983200,418.08903453655034
983300,581.4731784974188
983400,360.3158303119052
983400,526.12110060733
983600,522.3950127915117
983600,321.34491681999225
983800,450.99856151962206
983800,378.99052212330326
983900,328.65283387885637
983900,383.08884408459335
984000,584.2703282380407
984100,418.1629939089607
984200,463.7582954179775
984300,402.5415272180622
984400,523.4402867492013
984400,367.9088994922121
984500,358.27069130545334
984500,483.840105539385
984700,297.66849308316375
984700,308.37252697969177
984900,461.1146215770453
985000,454.1689562407421
985100,573.500399911406
985100,483.1345396629577
985200,493.63133957465624
985200,516.1682384603283
985200,719.5304662934436
985300,442.2311843149039
985400,440.28658680986246
985400,489.16048228041683
985600,321.934157528453
985600,485.55586094961797
985700,441.9364703830693
985700,494.36578570168894
985700,564.846882349876
985700,439.6713943944379
985800,435.2210243026181
985900,447.42298575668747
985900,434.942955069662
985900,477.26929680378714
985900,261.98125645043
986300,271.9352063422205
986400,477.35211321240035
986500,421.2476463219421
986500,610.6488636586221
986700,444.412124479216
986900,440.9419512954891
986900,478.2658315312484
987000,608.9289211945274
987000,577.2932601733534
987400,630.7820035403643
987400,509.5003888898208
987700,511.2103892797061
987700,275.5475565748241
987700,539.0525562309679
988000,496.57305049136454
988100,505.2699901028432
988100,536.434631192168
988200,635.9198701680881
988300,647.7197231880873
988700,278.68335924988844
988700,480.1769105973079
988700,418.4879564527443
988700,579.1441396910524
988800,680.8141842472636
989000,452.8056736388121
989000,685.3999330400936
989100,577.3943082686933
989500,459.9565475653622
989500,664.5078866034912
989900,472.223913130662
989900,253.6091365668346
989900,473.5593590134633
990400,518.7802268205274
990500,442.65119877250925
990500,422.38188777015466
990500,528.3295062100531
990500,577.5266957972517
990600,258.36274708609926
990800,679.9645269354936
991000,721.0439499056517
991000,323.3941000783976
991000,397.6194009564841
991100,273.328761023853
991100,406.4532365341562
991200,395.50644080919216
991200,418.76384170295313
991300,478.7105158570431
991400,463.4145355002814
991400,390.8475518660494
991600,448.2308748212635
991900,445.52263759515137
992000,377.18955020872454
992100,611.3788648371176
992200,280.0266872856844
992200,661.2728231901493
992200,303.2258998254167
992300,406.7169980922988
992400,343.26288417766557
992400,827.2124378473013
992400,437.8547605614453
992700,365.41997026727563
992700,365.78532530228887
992700,400.16611378589454
993000,379.09592845923447
993000,330.18835127915435
993000,380.41706839243096
993100,549.453986162952
993100,340.2609854792756
993100,298.7910824686035
993200,442.45351868814043
993200,446.88238310709914
993300,377.97191855308137
993300,329.0634994894798
993400,557.2555074676586
993400,385.02825736617694
993600,431.29510537836114
993700,422.5654027085326
993800,468.80951476081617
993800,527.0948257561163
994000,361.4257322614561
994000,642.8452694550558
994000,345.493663895998
994000,487.017768949517
994100,503.0216527662327
994300,443.0921438976778
994300,411.2801260922795
994400,365.8569759479239
994400,432.4881456765536
994600,476.4021256178047
994700,288.9404177901009
994800,436.00792156077006
994800,271.78983157263644
994900,318.2890554688754
994900,593.2883196797717
994900,512.5559244723987
995100,498.0489322344044
995200,483.58122775476704
995400,416.84709418975507
995500,303.1921491849491
995500,470.15085923679555
995800,413.0604165307068
995900,341.7299617951751
995900,472.1404618026645
996000,476.543934099526
996300,423.2439901476438
996700,473.6266801162069
996800,628.9240683489394
996900,383.57144885330683
997000,646.9170158147824
997100,530.1016856352101
997100,431.4901371249151
997400,431.7454164286632
997400,511.76259616783375
997500,371.1895764176007
997600,292.75226766564685
997700,298.2422849149325
997900,603.4397612846416
998000,479.0159903493987
998000,334.3878920812041
998000,545.993078386327
998400,849.4557401698194
998700,312.7250682308644
998700,402.3391613263513
998800,433.7402927070359
999000,408.8647586126236
999000,309.97415746098244
999100,433.2752307006799
999200,603.6149856967361
999300,390.9365757759936
999300,429.41729151620035
999300,414.0846073861304
999400,350.71103659931794
999500,303.81818222035866
999500,504.47903256400906
999600,407.764563762178
999700,470.4460131455451
999900,490.25243184814303
