step,episode_return
1500,72.87856169995432
1600,77.76188905482444
1600,78.29211061754134
1600,78.5147242129084
1700,84.07473141533389
1700,83.42669877376098
1700,84.31202062850346
1700,83.39332407776944
1700,82.970748108278
1700,81.55811828393132
1700,83.27329801192181
1700,84.85081167309316
1700,83.71590356328527
1700,84.0653391378826
1700,83.57549175501337
1700,83.2476058704829
1700,83.71501435071558
1700,83.13162339698913
1700,83.592882625514
1800,88.15326432943465
1800,89.5336818863242
1800,86.47504424242015
1800,89.69478082709173
1800,86.4397317563597
1800,88.00427694848163
1800,88.50634939882889
1800,87.91386076736826
1800,90.260233194705
1800,88.29998534344523
1800,89.84845414471683
1800,90.63014378558815
1800,88.76497201656777
1800,89.99657497455334
1800,89.13825521763131
1800,88.41093563685132
1900,93.9504759307353
1900,95.04643776333171
1900,96.05935107699099
1900,93.42333450987536
1900,93.21077898903226
1900,94.01099818690886
1900,93.71413545683846
2000,96.38498387677879
2000,97.69296599686722
2000,98.33865677470429
2000,97.6100994853624
2000,99.2182044848951
2000,98.31436279828408
2000,100.03102251913265
2000,98.79290829722696
2000,96.56090675423917
2100,102.59889679768013
2100,103.82240778790116
2100,104.07868345186117
2100,102.53325745524286
2200,110.99110398981838
2200,109.97765335821757
2200,105.16702924348746
2200,109.61599063766415
2200,109.16943334323393
2200,107.9417160254803
2200,107.28543901665188
2200,107.67722585442468
2200,110.86281487650346
2200,111.32049824140795
2300,111.81019274356888
2300,107.72614680287184
2300,117.10435327785774
2300,112.70729152606212
2400,116.82812280907538
2500,129.32069580710353
2500,120.10044452375755
2600,127.92059873674347
2600,122.84564834112624
2600,127.03754759891143
2600,127.83482874606192
2700,134.24349253934503
2700,124.79367265068323
2700,136.49190388883372
2700,135.2731279968382
2700,127.09428871182588
2700,132.2921671451098
2800,144.36694674782666
2800,136.02490013640235
2800,141.94167825761406
2800,134.36505380170917
2800,137.6378520051844
2900,147.60864292989046
2900,141.57981786665522
2900,145.77772434732788
3100,144.12404077763054
3200,156.81506652849288
3300,158.74754318041576
3300,158.97227875251795
3400,168.1660263950209
3500,160.18519202357407
3600,78.13375987633843
3600,82.6070071539068
3600,78.32589673766708
3600,83.12065403250973
3600,73.13463981258423
3600,81.8319171896414
3700,83.44555307743525
3700,78.07610932511152
3700,81.76820985523747
3800,88.48625580062708
3800,94.51194135450899
3800,89.53097598099806
3900,93.5643981122824
3900,93.11653374478018
3900,89.91079666341543
3900,88.85046552652427
3900,190.37225025233496
4000,184.61911035282083
4000,106.22434366543672
4000,83.19591850017672
4000,88.39573583675865
4100,96.0644904572103
4100,83.25663407242205
4100,97.60819038516588
4100,88.65634411717106
4100,83.16380992007569
4100,88.65151996775013
4100,102.33123177214985
4200,83.77869115793185
4300,98.7435960565143
4300,113.82763749626247
4300,114.89011484964496
4300,121.38773346375287
4400,99.91359792831807
4400,109.34266708012778
4400,82.929246507299
4400,83.76837548278729
4400,127.49757277722392
4400,125.52577841639051
4400,96.09360548841137
4400,120.88839980770555
4400,107.53739969379619
4400,111.39491227786807
4500,104.79147089020437
4500,121.95693357372022
4500,127.1037575294691
4500,114.28326603039095
4500,118.55668323089033
4500,100.08783242142384
4500,229.31318272947465
4600,82.92044549708315
4600,78.63894878298218
4600,83.70526620458043
4600,103.99778684965007
4600,116.53494246084792
4600,80.63095511217709
4600,113.31263592157964
4700,94.01420435843487
4700,119.69283705630107
4700,128.67640806797831
4800,121.12626735550097
4800,141.6965578317433
4800,139.34632209452613
4800,143.92017557458632
4900,135.59734611348668
4900,139.15226744824702
4900,139.75368228285302
4900,91.27275457735036
5000,93.14781043053505
5000,156.06785039685698
5000,98.19132182919243
5000,98.44709432199878
5100,128.9735928130159
5100,163.36037941311125
5200,152.88896850197304
5200,109.51212745445545
5200,133.79828969837314
5300,258.84564665701635
5300,98.21938119458045
5300,90.10410896917635
5300,134.5964023937997
5400,129.93563383311394
5400,114.7080013745945
5400,84.56931812053311
5400,94.20213750274114
5400,126.23669253469426
5400,171.77728434721178
5500,147.89863024821855
5600,83.60511849198645
5600,83.69906862959937
5600,78.98880469170966
5600,166.57410289169098
5600,100.87925000207252
5700,78.66571245710624
5700,172.95595799421162
5700,141.153819203635
5800,83.55219494841452
5800,149.83931059215627
5800,143.31884887779347
5800,96.68957994000367
5900,188.36872833346516
5900,90.54990234405506
5900,83.73639102744269
5900,83.51934752089902
6000,100.53237065005617
6000,85.19588342253185
6000,169.96887298170284
6000,110.54393669693764
6100,179.44982751087755
6100,161.20688201740538
6100,92.56188322077259
6100,113.92440944825893
6100,130.071326097522
6200,95.04950964154257
6200,94.79439126936529
6200,103.73992180003474
6200,89.58558460153351
6200,78.66614713840795
6200,105.50694941964964
6300,159.25825023196006
6300,97.94157607922304
6300,84.23427323130642
6400,90.44609903155185
6400,92.78018041656586
6500,135.0612819529264
6500,96.09477890824293
6500,93.15650328387946
6600,88.66298475207441
6700,95.40795807992943
6700,110.83808070152611
6800,127.03930498460426
6800,122.25790125766353
6800,110.27508254218483
6900,98.71861783128425
6900,144.18333107552957
6900,147.10385229809742
7000,107.29713732705041
7000,113.71724520716194
7000,127.01937230649433
7100,127.54452893773751
7100,116.80668970239752
7100,112.82811202815917
7200,118.04507369974482
7300,128.62720834700383
7300,129.18282475170233
7400,148.75958943762677
7500,121.79133659001977
7600,114.99525501194644
7600,148.52803460217717
7700,152.07924759252575
7700,129.15839332168864
7700,128.12815388958833
7800,131.09211856269255
7800,96.14126469589114
7800,152.46345057871295
7800,105.52520574922058
7900,116.554564825719
8000,113.02036965418789
8000,147.21117437688804
8000,151.16111211456422
8000,148.48011131944747
8000,171.80154627199752
8100,116.08500397905615
8100,146.935370794755
8100,166.89923457704828
8100,142.61850779109255
8200,153.29479735085914
8200,114.29771715782599
8200,111.35201153991204
8300,96.3429215395694
8300,111.82807833091742
8300,135.29251026454205
8300,136.64351320042016
8300,141.90262395672502
8300,119.22982768336486
8400,132.29945198516745
8400,144.90664044980252
8400,147.39780612891357
8400,96.47626035327158
8400,151.4807567730898
8400,156.32250000246415
8500,171.19800374855913
8600,113.1729730145004
8600,153.94249425403416
8600,119.39735844984551
8600,157.56327442382482
8600,148.621296926954
8600,122.4555403117717
8700,148.54458694515677
8700,179.71259913499495
8700,128.9911293515055
8800,149.7119839577016
8900,215.7274725035568
8900,188.9581290834339
9000,133.88462681848208
9000,140.95653058411466
9100,231.25393961797633
9100,142.21432581297097
9100,141.96689097539206
9100,127.77657870517606
9200,136.94490499284402
9200,140.67289867281926
9200,121.00798255263436
9300,89.82084605449222
9300,111.65738750878072
9400,105.64240720896177
9400,144.8137787147178
9400,150.72061529023003
9400,109.75936669698645
9400,150.93405237282963
9400,169.03744728046456
9500,128.81633085108234
9600,175.1921515307133
9600,147.53610942515647
9600,91.25109941819663
9700,128.99228867633192
9700,107.07832662391758
9800,123.94411220435668
9800,107.54645304527018
9800,272.2814907654046
9800,159.37969152560308
9900,149.02421197352044
10000,179.71055433891772
10000,292.9364176640476
10100,147.49007874154623
10100,136.16011054396694
10100,163.8898735298487
10100,145.6807740818954
10100,161.8421603709691
10200,142.43463369754514
10200,101.16769134292984
10200,82.85673263889775
10300,188.77702774929068
10300,89.60864364787139
10300,149.1522340685149
10400,275.4229295374045
10400,93.6465645229028
10400,171.15454772079372
10400,107.18904921412349
10400,124.47456755589832
10600,303.3224798248241
10600,130.39668047127714
10600,204.44156075185307
10700,157.87111537407034
10700,141.33812063175378
10700,92.66021334885696
10700,307.5702875764974
10700,118.50956203268626
10700,138.36813095638175
10800,119.13982237159239
11000,280.7475325792892
11100,259.4715772186918
11100,137.77174633626697
11100,135.33383003279442
11100,218.85780941295144
11100,264.51966147044044
11300,169.96804645499964
11500,274.82945396776046
11600,184.71012170288898
11700,298.48989274738346
11700,305.2749259414522
12400,111.89331963775565
12500,104.04889807550245
12600,116.5807938303177
12700,297.7340573655921
12700,107.28940377646737
12700,114.64237538469882
12700,122.36654976303305
12800,129.24935835186045
12800,124.76181306423348
12900,212.49112135862526
12900,202.36512477732458
12900,117.35649015569945
12900,113.11839768757251
13000,159.89968017581688
13000,148.81933124948446
13000,147.41549149991093
13000,146.20942904885288
13000,106.3596550459927
13100,109.68587168264
13100,158.96076350146055
13100,130.7377989520653
13100,142.5273243021751
13100,168.2246139673744
13100,146.99695888137083
13200,186.04102967527214
13200,205.97346642651425
13200,112.03784715545689
13200,136.25268396144264
13200,113.86626077626275
13200,134.34499966502912
13200,321.65652780426024
13300,225.4737826758637
13300,172.46212226136407
13400,144.57724313620417
13400,101.38885571296574
13400,248.356944698718
13400,158.6573135488765
13500,268.0388198838099
13500,127.57912352453464
13500,380.2633057362553
13500,265.1718074315731
13500,190.94209489605248
13500,263.1883170866163
13500,154.36736342338352
13500,185.9000690699819
13600,143.78934700713486
13600,137.90361556045
13600,238.80004738332994
13600,258.5658082642447
13600,135.53379708450876
13700,148.65321060296154
13700,145.34375483882627
13700,293.9557727804423
13800,134.71535152764838
13800,251.26291764150847
13900,303.588114558938
13900,130.42157606861892
14000,214.56191124484388
14000,215.27941250945344
14000,228.18532869940822
14100,146.19858651112085
14100,243.06284071659053
14100,235.59697630951723
14100,266.7504632776937
14100,262.70667704292384
14200,149.49132791540856
14200,281.38909105380895
14200,149.16958564249302
14200,248.73430839863363
14300,273.9971504212499
14300,238.1478652209756
14300,116.6969701785054
14300,236.9466251945108
14400,287.2429583426987
14400,243.57062910118634
14400,245.3513520613716
14400,226.56766623213252
14400,132.5733514174109
14400,238.51660463432137
14500,140.88195165762684
14500,264.06678926598124
14600,277.40599579185664
14600,163.42001029924077
14600,268.1421143549092
14700,250.9728587553357
14700,302.6844687607375
14700,323.00628572549266
14700,295.77700047308247
14800,302.6140517753634
14900,280.34902686498515
14900,279.46166492711995
15000,323.13706473240813
15000,309.43757531722883
15100,113.92928654114459
15100,166.54847222451446
15100,317.4621194276486
15200,126.03463044787136
15200,132.920125589025
15200,115.91665225045428
15200,116.09806869589407
15300,95.33901805103449
15300,284.63076390175274
15300,98.82253919294622
15400,99.57038312042049
15400,108.73320973755008
15500,123.07461167928435
15500,121.08210944064452
15500,116.11851493708141
15600,346.546150118678
15600,109.45104446195676
15600,380.95535038457103
15600,138.41757643313838
15600,65.61178084225179
15600,285.2987209741028
15600,128.87265186115962
15600,109.99498429816141
15700,114.80583666580941
15700,99.10583850211529
15700,114.71195188281591
15700,101.69122880662876
15700,110.87399665602568
15700,127.03023071004156
15700,120.76827367567596
15700,129.19470762375482
15700,140.35979267152507
15700,131.6901102039486
15800,120.11174040222224
15800,95.68291096875842
15800,93.16246189878416
15800,115.44304687736478
15800,106.48095874778477
15800,107.59414281195328
15800,97.8429296261317
15800,126.81474996989786
15800,113.71211670963402
15900,126.57941286012212
15900,109.61390447022943
15900,105.62150459792322
15900,111.78561547565171
15900,117.5480522259452
15900,156.70191686925958
15900,60.76663579671166
15900,130.0507216432187
15900,95.58975454844166
15900,125.23509895796373
15900,367.3748713058073
15900,148.15275262238674
15900,106.69314755481086
16000,60.30586761862833
16000,65.47057738546283
16000,102.60155869816876
16000,117.23378608951344
16000,66.06767436884847
16000,108.07992838177856
16000,64.26154011586254
16000,60.96620932622599
16100,121.34228711072313
16100,116.49035578989485
16100,56.30448342127509
16100,60.875620020537504
16100,100.97923832385564
16100,55.68179757428062
16100,122.2041630833202
16100,78.13564979526446
16100,123.14779851395436
16100,60.0507589859715
16100,108.58885160824538
16100,100.2009740791659
16100,89.29065132764781
16100,61.30144216968839
16200,81.30333637862446
16200,97.66452022976455
16200,94.63130479550325
16200,109.3374743468831
16200,60.69504513649849
16200,60.82731701750618
16200,100.26075536443514
16200,77.1502977900652
16300,58.96725597893995
16300,87.14786382009507
16300,55.63599162518151
16300,53.781954154640985
16400,105.62177075944211
16400,82.74530853972453
16400,55.933731132610326
16400,103.30077467507212
16400,55.050044289461724
16400,102.51279369063123
16500,55.94735369531711
16500,53.78352129314252
16500,55.07016230611489
16600,53.87364758846115
16600,52.658845984785984
16600,98.93207572565527
16600,55.681083084610485
16600,108.32107099583139
16600,110.9952207056144
16600,107.80492329311284
16600,55.43058510517612
16600,111.228160182118
16700,56.24360438635953
16700,53.976239880405
16700,53.802628663162324
16800,54.455261262568115
16800,56.69515368806008
16900,52.17747801801662
16900,56.55481861822442
16900,52.03964457872014
17000,56.607490092026254
17000,56.07584144152184
17000,55.33280677990431
17000,54.02346046459586
17000,53.68806357025428
17000,53.86764633864681
17000,54.346075495796455
17000,56.03975450557793
17100,53.99500294676895
17100,55.54253411797339
17100,56.35041322158512
17100,50.36417561951806
17100,55.024222777113984
17100,52.02275412750088
17100,54.23477910652238
17100,53.003738398934814
17100,55.789662393959205
17100,56.28098065794664
17200,53.91222289323869
17200,54.435673417944585
17200,51.894372928767176
17200,55.02421744765714
17200,55.206611551839835
17200,53.84155147132184
17200,55.94304485671287
17200,55.7063599585448
17300,53.85561521279769
17300,53.83756677367764
17300,50.76902289764701
17300,56.900441568021925
17300,54.38677628065588
17300,55.32093151342054
17300,54.49460660925767
17300,53.50603876220194
17300,54.53058390984086
17300,56.28338853695837
17300,54.8244567725457
17300,53.00669799954073
17300,56.547369915725085
17400,54.023881797029915
17400,54.96027850208699
17400,55.71358803749401
17400,52.48741809990978
17400,58.00515780478706
17400,56.54773212079638
17400,53.377447430521805
17400,53.008217636074896
17400,53.26410876341492
17500,56.13585242090204
17500,56.015739398791666
17500,55.405103066612405
17500,51.27509962939142
17500,54.26762219086257
17500,55.70698545078964
17500,54.57884069908553
17500,52.775934615792984
17500,55.59476766581191
17500,55.173661022947776
17500,54.8945051143442
17500,54.80243381291523
17500,52.13690703435801
17600,57.75737265288955
17600,54.3520096294907
17600,52.734143992845695
17600,54.15492767161844
17600,51.91069812281015
17600,53.620477851481276
17600,53.83191001515464
17600,55.50790251812356
17600,51.30249513597119
17700,55.78032730557444
17700,53.68934214060466
17700,53.86051950505211
17800,59.18612375150804
17800,52.1788559099487
17800,54.92853098837646
17800,53.6048695016874
17800,55.581483330202325
17900,56.69586455735185
17900,50.70896459707603
17900,57.85166605331002
17900,56.40480350431797
18000,55.26748973510286
18000,54.71776238265156
18000,55.686764306607415
18000,60.628510881219604
18000,53.12283851333866
18000,53.43756259491799
18000,52.609147829074544
18000,49.76209318999395
18000,53.61701808997468
18000,56.436178976275244
18100,51.58715465624192
18100,55.65583035041251
18100,53.33897545554002
18200,54.85400354526852
18300,60.136701653299895
18300,49.777125360949306
18300,56.08814921039045
18300,54.54121281304574
18400,53.4560483132175
18400,54.52470681400597
18400,55.58690015067765
18400,53.76769341001441
18400,52.91371071519155
18400,53.92537901270939
18400,54.80904454040356
18500,51.399430890639806
18500,54.32341874246466
18500,55.15079969231824
18500,54.603894217272284
18500,55.307354740838065
18500,47.873898146984885
18500,48.0759822178621
18500,51.038175937524066
18500,56.387601125884274
18500,55.53389914344574
18500,59.39115384141507
18600,54.42793682082317
18600,53.76180362513439
18600,55.2420339358342
18600,51.2198539611062
18600,53.36503356640343
18600,56.06526368344318
18600,54.31134208346651
18700,55.14200328875435
18700,53.463745561497575
18700,52.5679909133402
18700,53.8019371141853
18700,58.068375866496645
18700,54.17567307298208
18700,56.5895381056305
18700,52.73949776177848
18700,55.127624526890436
18700,55.30465520525264
18700,50.45354369572419
18700,55.740476631518526
18700,53.89952877792896
18700,51.75065286688984
18800,56.50353403905485
18800,54.72892427115695
18800,54.47562752178086
18800,52.64403290535726
18800,53.363388696283266
18800,53.26212306526089
18800,55.99879135751808
18800,55.74080200927365
18900,54.983962625524164
18900,55.25979758294824
18900,55.09577375797286
18900,54.05010198100224
18900,56.54056646267194
18900,55.57340325292321
18900,56.25611803228578
18900,55.622465696549774
18900,53.729524949735364
18900,57.76596207006346
18900,54.867506592665876
18900,54.575364483893686
18900,55.788083087397894
18900,52.846750784731455
19000,54.005766089846205
19000,51.319165017822215
19000,52.76514759674076
19000,52.24235239413914
19000,51.70186775372265
19000,54.86925484341402
19000,51.411813413636175
19000,54.89039061642117
19000,56.63827623401229
19100,53.07230520100266
19100,53.702304339547275
19100,54.9087101825786
19200,54.47196046037656
19200,53.15008961073542
19200,52.7557667931217
19200,56.405024042398374
19200,53.13142221592528
19300,53.13911858527392
19300,54.05758103479994
19300,52.48546873361463
19300,56.83135476332474
19400,54.21658408402152
19400,53.80706666499232
19400,56.939468160277265
19400,55.67739890312234
19400,54.95132475126275
19400,56.148146870647075
19400,52.28794986141485
19400,51.66114370703359
19400,54.34243633256035
19400,55.33730188752777
19500,53.76382102343543
19500,49.81872664938215
19500,52.85541454991308
19600,55.32821089395818
19700,53.5612995575634
19700,51.73787915064442
19700,53.289443289315436
19800,54.15489069093866
19800,56.1049674636916
19800,49.588839438805294
19800,53.09660804416298
19800,55.461930288285366
19800,54.965695268424085
19800,55.69568573573542
19800,59.04333693163571
19900,55.2632751256526
19900,53.31911857765661
19900,49.25851530050007
19900,53.07457949770988
19900,56.67421385291433
19900,53.25191662444669
19900,55.144543548497744
19900,55.15573837230009
19900,54.918507084916925
19900,56.311677721668524
19900,55.27921576154098
20000,55.10616641210675
20000,52.297451860285555
20000,54.08365113878923
20000,55.24359085341756
20000,56.009902687503846
20000,56.129165897448225
20000,53.221060947593074
20100,52.68991475906051
20100,54.647118714909226
20100,52.97408597159027
20100,53.547846761463134
20100,56.01117263809392
20100,54.713073951573186
20100,53.05938103506395
20100,56.17302906009463
20100,54.76313967268731
20100,52.30677515863878
20100,54.11081373116118
20100,54.91731573985764
20100,54.56343304306287
20100,54.01659725439224
20200,55.21236813862643
20200,54.289544185828966
20200,55.20564520002993
20200,53.045595830929784
20200,51.256103019153365
20200,52.974921945682624
20200,53.901359217405485
20200,53.87096186540832
20300,53.28719986109197
20300,54.80781451169036
20300,56.277282215696246
20300,54.59604977498159
20300,54.04951184206735
20300,52.354656677710736
20300,53.217062065115876
20300,50.8706168950603
20300,55.21132476161031
20300,55.06977525119037
20300,53.95444202193204
20300,54.60929220340976
20400,61.060251053547745
20400,52.25713507782524
20400,52.26152572215491
20400,54.40016756673875
20400,53.529182846594765
20400,53.74798290132657
20400,55.45311775934976
20400,49.760140663213775
20400,54.75850622311118
20400,53.92020723791391
20400,57.71670174952991
20500,52.562114027977294
20500,50.70626465091623
20600,54.292546226624204
20600,55.94963032983719
20600,56.15268804132089
20600,55.76037676607077
20600,58.16980808142222
20600,55.164115242756175
20700,54.28913869042351
20700,52.5551685936512
20700,52.93577864745894
20700,54.453729779887645
20800,54.51021735719311
20800,54.776400421813655
20800,55.06804567547785
20800,56.102655255783226
20800,53.87302367611231
20800,53.665790807011646
20800,55.13631742024508
20900,56.96173645077707
20900,58.3819611718444
20900,52.92058678578084
20900,51.650194979429855
20900,60.1723799625419
21000,58.023743312558565
21100,55.048412713988704
21100,54.321622337156086
21100,59.21495238843677
21100,52.45284623041549
21200,49.565124169081955
21200,53.253611789114615
21200,52.90984189632339
21200,49.09315173193582
21300,54.22233776976558
21300,59.80456504714806
21300,49.97374389478903
21300,55.004521725302965
21300,51.636033433685085
21300,58.50447075791101
21300,53.682229085790695
21300,54.13438368897066
21300,55.7566584938012
21300,60.252801852808844
21400,58.381534925360974
21400,59.06455463933279
21400,50.97814599587867
21400,56.049178636177054
21400,55.30737964854721
21400,52.525270585632875
21400,56.16076037682343
21400,52.9870692953041
21400,54.16128051209489
21500,48.59520567553941
21500,51.65640709032846
21500,55.085186165475434
21500,59.37080469085348
21500,50.29438051294758
21500,53.48111167144212
21500,54.34013221747465
21500,53.616431286003696
21500,52.07044264528715
21500,61.065773038663494
21500,55.273780528517364
21500,54.802886802284156
21500,54.701784694910614
21600,47.3118694855429
21600,47.18023315999506
21600,56.367130029465045
21600,56.732896198855975
21600,55.677449018316054
21600,60.93558269575533
21600,49.92536776668845
21600,53.53017443545706
21600,60.19893318041346
21600,54.85832981909989
21600,59.14928044131914
21700,55.22193048695267
21700,54.76377925350842
21700,55.230264284574325
21700,53.849649972284865
21700,50.042954537462144
21700,49.78097157596632
21700,54.70372042687558
21700,49.775499337081264
21700,59.7257960438893
21700,50.8768315213851
21700,51.48936431327845
21800,55.58900260478134
21800,53.09325930117621
21800,55.20137244657477
21800,54.13444532265698
21800,49.93959109417101
21800,55.37136396519447
21800,56.25287824109196
21800,59.33714953801392
21900,55.010827229742006
21900,58.13848666636446
21900,55.504487494040184
21900,54.863942834026176
21900,51.49025087846976
21900,56.45180889171002
22000,54.87462031373944
22000,55.54017154385043
22000,50.35017630192255
22000,56.34758811253643
22100,56.16134086427665
22100,54.520050345310594
22100,57.84216121821208
22100,46.68538177831078
22100,60.362317761829175
22200,57.29601127909358
22200,51.42742162299669
22200,61.54545708517457
22200,47.292126444316395
22300,60.43012694618056
22300,55.88970521629761
22300,56.93817108827408
22300,54.58128713979353
22300,43.783083640234416
22300,49.19789902144365
22300,51.076295554833436
22300,55.18034623866945
22300,59.74328513707512
22300,55.891054352534084
22400,52.47952032933107
22500,53.50748828402902
22500,55.81169218199764
22500,54.837262222713356
22500,50.85649160497146
22600,52.61897030129801
22600,53.191361404038844
22600,56.085984991682686
22600,52.51176596001917
22700,52.64162424073583
22700,54.24132041617647
22700,56.40771468863466
22700,56.28745478288261
22700,56.31897969003428
22700,54.74410479804562
22700,56.16128727506702
22700,55.967640645387895
22800,56.370616024296844
22800,51.2036910221366
22800,53.88604129669673
22800,55.68568779945201
22800,55.94066701715089
22800,57.364441104295736
22800,59.50786272586578
22800,50.41913246663217
22900,56.49594181268605
22900,60.03777106851979
22900,52.62928074526101
22900,51.19378656657831
22900,57.1285908420469
22900,51.711830583905915
22900,55.600798719538865
22900,59.56159277752844
22900,51.32489195939478
22900,55.29077286563876
22900,54.87979810058617
23000,60.78264380895813
23000,53.238093683475384
23000,54.751581606422874
23000,53.819999960318825
23000,51.14407018576253
23000,55.76276242685799
23000,60.09510029129281
23000,55.000247358136484
23000,61.11914887510837
23000,57.94640139243559
23000,55.963497892064154
23000,55.63748693430668
23000,58.001862882449295
23000,55.764485480488325
23100,52.74640639986831
23100,59.137534646114204
23100,55.923292824167284
23100,52.33058407292892
23100,55.60684158140454
23100,55.3127026413668
23100,55.60954572111324
23100,51.917343074655214
23100,48.8205247936533
23100,56.75923416129745
23200,58.36044862466387
23200,54.980870225667026
23200,56.37834251430379
23200,56.27760943205868
23200,56.32193948456382
23200,54.732148611459515
23200,53.66740043797329
23200,56.34477217251028
23200,55.27567690321739
23200,60.2554398853035
23300,54.61684157470634
23300,56.28720376859103
23300,60.45452429833123
23300,54.69910125030939
23300,55.54141590141647
23300,46.9989470179445
23400,53.72931619411723
23400,54.20682633040591
23400,56.44437094104983
23400,57.56525388222711
23500,49.50282468760508
23500,51.728211272992475
23500,55.00547143449961
23500,60.0658420472392
23600,47.20516362718516
23600,58.699634728383415
23600,52.61923782768577
23600,54.83712179152757
23600,61.456131265443375
23600,54.91024264256438
23700,51.289276005931946
23700,46.564299663000604
23700,55.075293821962795
23700,54.00065233018942
23700,52.0003192847186
23700,52.91789368305519
23700,48.655060850953106
23700,53.117679256963115
23700,52.17868990224019
23800,59.91966650599133
23900,54.8264079801482
23900,50.026524905697265
23900,55.44237202136779
23900,53.34478520037447
23900,60.007643680266845
24000,50.79058702028309
24000,55.021259110220846
24100,55.29041162452248
24100,60.778977151878614
24100,51.02039465750273
24100,53.872335783393005
24100,54.37174665988299
24100,54.01831600049766
24100,54.24546639517354
24200,54.66047882347929
24200,57.92361758639488
24200,52.89135256296536
24200,54.23676385779201
24200,60.65685890945671
24200,56.711400556377214
24200,58.80357658241788
24300,55.661458547358286
24300,53.55266108800968
24300,58.82078763101367
24300,55.42913154258104
24300,56.56081844808253
24300,57.834046361979304
24300,56.26208916927926
24300,57.46282529388771
24300,49.173059396371485
24300,54.9072915076316
24300,52.71834357097291
24400,55.40173637511077
24400,54.48144791585124
24400,54.005654961179026
24400,53.12705859750426
24400,58.75398959771236
24400,59.255194513794905
24400,49.92131396976148
24400,50.35444366888519
24400,55.459341679086975
24400,56.530018742545145
24400,56.640493191561646
24400,47.57812207143719
24400,50.646739884721796
24400,57.703494375886365
24400,55.0857975137394
24400,55.30802912466994
24500,57.22791370346537
24500,59.79542550202907
24500,51.107654086427374
24500,54.86934160467077
24500,49.609177130301624
24500,52.75272839803622
24500,56.11647365034022
24500,55.74474937413731
24500,52.057892414632
24500,53.488358743108705
24500,52.28892587448762
24600,54.987919022123776
24600,54.70127794598067
24600,54.7438841229109
24600,55.990330016837625
24600,51.55214074702091
24600,55.229778516315186
24600,55.80985991324518
24600,52.848484231959155
24600,54.88303548244412
24600,56.23729382356514
24600,54.93768914015141
24700,48.5379569067845
24700,53.484666260510394
24700,50.75766187966656
24800,59.10759499285908
24800,51.57154062740795
24800,55.929443539031055
24800,57.66421206454623
24800,55.61438116310981
24900,59.97349208493429
24900,52.33917018798515
24900,58.976484766148886
24900,54.923208181818175
25000,51.075340865268544
25000,54.64215866238027
25000,50.1444063022727
25000,51.915903395697086
25000,52.9638427898518
25000,55.33165519302677
25100,60.92989374608998
25100,55.93475526530694
25100,55.633937306487084
25100,56.105423197280075
25100,56.80033468450465
25100,54.90974704806685
25200,58.918831717215845
25200,51.789753120537696
25200,54.02676898514589
25200,61.472597655632136
25200,57.773486199259935
25200,53.93697911162053
25300,47.74888304769276
25300,55.58627314263253
25300,50.72520278515195
25400,55.68174006399456
25400,60.69788764004544
25400,59.63244514775613
25500,48.35995953020989
25500,51.40048504768117
25500,51.78945358184197
25500,53.6396036984771
25500,54.032975300957844
25600,57.981130181785176
25600,54.25167936784761
25600,56.28094929148646
25600,48.20422621180156
25600,58.58759592337254
25600,52.11938174992349
25600,54.95790891786812
25600,59.33701227200562
25700,59.88125231384544
25700,51.56837350932356
25700,55.03039840126701
25700,56.16814902481768
25700,46.00627888294072
25700,58.46229154947876
25700,51.035719433000615
25700,52.45541896670814
25700,51.632861368149875
25700,54.75395731182735
25700,55.37333108464737
25700,56.49308904003499
25800,54.617168758285395
25800,55.945505577271256
25800,55.692435446112896
25800,52.89318476733339
25800,54.2239011698919
25800,55.823890001236634
25800,54.42507092067202
25800,55.18576799167546
25800,56.30065378838328
25800,55.00649755435145
25800,56.03813562923228
25800,55.509652376503325
25900,55.5971906322203
25900,52.5720701578973
25900,59.1603870927844
25900,54.71351260748373
25900,59.996180410750185
25900,55.58312561195306
25900,51.741996220790426
25900,58.28131143160256
25900,57.767808785154244
26000,60.010427291811375
26000,52.80752190205207
26000,56.89988679574707
26000,55.25195256118488
26000,53.08754378266422
26000,56.30118553096473
26000,52.078457086651866
26000,58.574985965609486
26000,53.70485580680965
26000,54.294096268906856
26000,59.23888241149044
26100,49.55840058523664
26100,53.43538402358705
26100,58.00317296060736
26100,56.407212939094826
26100,59.28418408975899
26100,50.959478267744814
26100,57.99542058305915
26100,58.70288128945889
26200,52.04739588061521
26200,58.17533842060072
26200,54.325659749947455
26200,55.17676293891421
26200,50.410419945375246
26200,53.48980260491561
26200,55.612033588925016
26300,50.820337397672695
26300,51.91677025893899
26300,51.327087829294356
26400,52.977365242037955
26400,45.624208781300645
26400,55.12875213680568
26400,55.38013811703165
26400,56.965157787522635
26400,54.19159031341158
26500,43.839740220920504
26500,56.02158127565102
26500,53.07130298755215
26500,58.22165324887206
26600,52.38395414095325
26600,59.70265426160999
26600,59.216521764343895
26600,53.99805444225294
26600,54.05213599837405
26600,56.707204955241245
26700,54.84248753348077
26700,48.810140039481446
26700,58.60325232665103
26700,47.475261430610956
26700,49.99191461312255
26700,60.01515467946463
26800,55.69747535666435
26800,53.442820524219876
26800,54.30582431033433
26900,46.97569606092429
26900,49.8729690277071
26900,53.094267913401886
26900,54.025739067661185
26900,55.52441638363823
27000,54.64124721408681
27000,51.36805364840022
27000,51.42748655840875
27000,53.6682695901799
27000,56.27141077844055
27100,59.928081018562885
27100,51.03209037656503
27100,56.20134136741918
27100,51.88234253926502
27100,53.25404145537785
27100,50.822202636030326
27100,44.49634999734634
27100,57.83802706906485
27100,46.20630522518213
27100,54.911394554863
27100,54.95968892160681
27200,50.59091820770042
27200,55.06845978406963
27200,56.36451495676942
27200,59.29384043132811
27200,60.46698907600916
27200,53.06329223998948
27200,51.13800724498723
27200,53.419767193382114
27200,56.15584234366245
27200,52.03254552597285
27200,55.61320071710667
27300,44.96256273497793
27300,61.250008426775864
27300,54.96515582457768
27300,52.849146757352194
27300,50.814369555186964
27300,57.21547586220592
27300,55.34607159029598
27300,55.67644544656065
27300,49.67563129730529
27300,54.334358238365475
27300,53.76539674818594
27400,55.74080986083218
27400,53.85756747748655
27400,57.093409403683665
27400,50.184933551130804
27400,58.19048234176625
27400,57.44943263036918
27500,53.56948971956493
27500,58.68581966806776
27500,50.463818389238824
27500,40.49507624537876
27500,53.81540878228027
27500,53.41965645031006
27500,53.22450253764817
27500,54.52702079036187
27500,56.47075999726387
27500,60.37715521976294
27500,55.53935795066176
27500,55.37299017359458
27500,59.31324143456443
27500,51.694988206904036
27600,53.94321282715597
27600,55.62721598387121
27600,55.25813499190844
27600,59.317909927129605
27600,56.633699165593235
27600,54.02938029625412
27600,51.034967917022065
27600,50.49381167497754
27700,51.890312885474174
27700,48.40061040956631
27700,54.20995847387662
27700,59.23852542956576
27800,44.89327968439957
27800,54.417594718514785
27800,46.596245260996774
27800,56.46356129747597
27800,52.52266469440273
27900,52.791042625384506
27900,52.9246406746488
27900,50.59325607041615
27900,53.955246196192014
27900,55.003486973108906
28000,53.91655018578494
28000,54.80084642269865
28000,52.15987245932178
28000,54.58361466706923
28000,52.04992017580694
28100,51.170415430631685
28100,53.72281339053315
28100,51.95181243342017
28100,54.15323252970084
28100,52.644477136600734
28200,56.23464294928073
28200,55.51781130990496
28300,54.92421312405128
28300,57.194012137753894
28300,56.440490987417164
28300,53.99927068994286
28300,51.69977748619846
28300,53.4971840843888
28300,54.04380732422924
28300,56.765169727174765
28400,51.482350438295946
28400,46.20442121637183
28500,54.37100611620955
28500,55.157399660480316
28500,58.70978093792878
28500,51.0116731563146
28500,52.79858771051416
28500,54.93236299528116
28500,53.18222348543234
28500,52.74167029864729
28500,48.994642067090304
28500,50.92887612162581
28600,57.4820368597912
28600,50.5876967056924
28600,59.95562984687503
28600,53.29533286694921
28600,56.639249927858764
28600,54.227218453204
28600,49.41144410890046
28600,49.9274795275923
28600,57.72445958113367
28600,49.150631416049514
28700,59.83637632884556
28700,55.89948346818659
28700,51.75271916481955
28700,55.85648837381339
28700,45.45347315755319
28700,55.98338138583907
28700,48.77703344967634
28700,55.00870006944195
28700,49.85224616226733
28700,56.47779251099294
28700,60.876822595006985
28700,51.6508305163014
28700,55.27603961552744
28800,54.68531424171046
28800,58.03872799131791
28800,56.05881793893321
28800,40.44870208312058
28800,56.290654587373886
28800,59.95261323901767
28800,54.272755169270084
28900,55.6501757597016
28900,54.83350459728257
28900,55.44782917971957
28900,53.248319527360636
28900,51.036381653888625
28900,52.62690929456074
28900,55.21534848409736
28900,55.460860564471965
28900,55.259516954409236
28900,54.066687803653814
28900,47.789235230693066
28900,52.63827288551594
28900,51.27172983478026
29000,49.722035095654164
29000,59.65283123911106
29000,50.6823256691392
29000,53.00937628476538
29000,54.74092606807355
29000,53.42736724897486
29000,55.93148662509928
29000,47.18598522341084
29000,56.80813874756213
29100,49.52486102370951
29100,60.21221584526848
29100,55.239130381239264
29100,57.159380387701816
29100,53.38878247399187
29200,52.43253676096535
29200,52.73626123763237
29200,51.25748883119155
29300,58.139623956543645
29300,53.685995155115386
29300,58.77548957419376
29300,48.32983310740046
29300,56.94498545745899
29300,47.88996692811162
29300,53.34398788919103
29400,54.07131333778086
29400,53.85290556896703
29400,51.86578902521417
29400,58.99794955531702
29400,53.26997738952241
29500,55.16598196765485
29500,49.490486380505374
29500,49.435768490775835
29500,53.526383850262874
29500,54.6466262323695
29600,51.36277071277681
29600,59.35772404779446
29700,54.29356333138231
29700,53.5429654635308
29700,55.082113717539784
29700,56.302566926278196
29700,54.59974377227061
29700,51.49850136115379
29800,55.96656348776988
29800,56.702884923990396
29800,54.097127150909344
29800,57.25370209059816
29900,51.789196827832654
29900,54.59568394167185
29900,51.390408949593166
29900,48.53529947532909
30000,53.94246529727525
30000,56.11822344822529
30000,55.52437883783561
30000,60.8694849090793
30000,53.48314647290513
30000,59.38765662765072
30000,59.6825467773905
30000,58.278018410799696
30000,53.451329741119146
30000,55.94314058561464
30000,50.79872311355388
30000,58.68179245286073
30000,55.122337338036274
30100,53.092017878725876
30100,51.62650137499397
30100,56.352374010379755
30100,50.9413837867912
30100,54.67619297935042
30100,57.60528206504523
30100,46.58407863031724
30100,48.27565838205036
30100,61.17370052074628
30100,47.44776492161091
30100,53.60897777049982
30100,53.73066164693179
30200,56.2150117993135
30200,52.43846027226484
30200,60.48241973412313
30200,59.17653478962223
30200,52.762859513548506
30200,54.6885173532912
30200,58.44924829825815
30200,55.16134881794822
30200,54.682259069195815
30300,55.936089002084096
30300,52.58274521491099
30300,54.051031632343644
30300,48.70414143740632
30300,50.76657562654153
30300,56.921950546519504
30300,55.269094270872365
30300,58.38720207713715
30300,48.807826170402926
30300,58.98664092293185
30300,56.33418278359536
30400,52.59007100480207
30400,53.48769169948106
30400,53.06525673512091
30400,54.93611036934214
30400,52.53595276337691
30400,60.29623374353802
30400,59.337005156108816
30400,55.315834241630924
30500,59.7107088684722
30500,56.35420289559268
30500,60.76202320804797
30500,52.126429925625565
30500,57.07564221712405
30500,61.42489599828859
30500,53.503000666398975
30500,57.74341796984487
30500,53.89096599376811
30500,54.45776222079988
30600,58.26719854471269
30600,52.274572244590956
30600,54.33618555385996
30700,54.95095427348798
30700,55.3188034159561
30700,53.89168011498713
30700,52.59159389884926
30700,50.73905508387491
30800,54.90233346030467
30800,59.49676563799929
30800,61.494587279623495
30800,58.07697725611029
30900,57.862352753965965
30900,59.021447061737284
30900,58.73123659549173
30900,57.99820910574664
30900,53.69596646360802
30900,47.32371199119968
31000,57.92376050705582
31000,56.295931252586435
31000,58.06795256667228
31100,54.84885653307336
31100,59.48356175459333
31200,56.356249663678234
31200,58.31682410047513
31200,58.41472366054954
31200,58.239928018715105
31300,54.30306576592185
31300,62.5585579710748
31300,60.66295111529286
31300,65.82211119012877
31400,64.62260809529121
31400,60.33404769439492
31400,60.600136803381965
31400,61.07670734454567
31400,57.53618499739023
31500,61.39865810901801
31500,58.532370682420286
31500,59.20224695945472
31500,61.405721224752504
31500,59.6400867666866
31500,61.26066945676935
31500,61.101052954467455
31500,60.66426322430558
31500,59.92048604976265
31500,60.31973532288295
31500,61.52011531703063
31500,65.25724008778329
31600,60.91549727904274
31600,61.2026201803591
31600,61.59018431728625
31600,59.7532629244896
31600,61.54665843306212
31600,64.55433876500017
31600,60.8194904496025
31600,53.53380807275929
31600,59.27887059474432
31600,58.307122272796384
31600,60.592495488113975
31600,60.06958325512083
31700,59.66364145520815
31700,64.59258245657637
31700,60.71155796957954
31700,59.628512135136596
31700,62.26179856987346
31700,60.50356738135919
31700,60.891791648801586
31800,56.66584732614315
31800,65.42697392335556
31800,57.60450989762134
31800,61.37097876814212
31800,60.49797896885091
31800,61.25138562272818
31800,64.67584156579824
31800,58.66189123538575
31800,61.22441945558688
31800,63.83254819180096
31800,59.37467765363187
31800,64.56675750919308
31900,66.22568544067856
31900,64.57408446383111
31900,59.935782665635074
31900,55.83403486699117
31900,61.4989053717531
31900,60.95982677674407
31900,59.39703414113317
31900,66.23037997842958
32000,60.929399358780934
32000,61.581202688048705
32000,60.28452569703751
32000,61.19322912823658
32000,61.205946599031535
32000,61.0580861676022
32000,59.46295150365791
32000,59.91438198053362
32000,65.51934292208485
32000,65.51885942852925
32000,64.6398143133177
32100,64.19662436680667
32100,64.8608143838072
32100,60.254422259515415
32200,59.97856582167934
32200,66.04476942346389
32200,60.0801705229637
32200,63.832900315516326
32200,60.02813760166913
32300,65.6134923955726
32300,61.07171733620014
32300,61.093729467734704
32300,59.72500174047048
32300,63.80684476858403
32400,58.28462327069508
32400,61.280137532431695
32400,61.466057281663375
32400,65.30889829717906
32500,61.22560976699801
32500,62.253193389685876
32500,63.635115722544796
32500,61.98680285577974
32500,60.82197887669617
32600,60.402345288975276
32600,65.88657640957206
32600,61.27965150562654
32700,58.60947255813616
32700,58.78798859976903
32700,61.21966791779119
32800,65.37625592340567
32800,60.55722031484863
32800,60.613890038245536
32900,60.44937287604917
32900,61.56925624944502
32900,66.2290118029294
32900,65.46508835717978
33000,61.143267835414335
33000,63.51499167239181
33000,60.72964992774999
33000,59.99143852715157
33000,61.40033204958231
33000,61.25170919107263
33000,62.10366284445519
33000,60.699809289061726
33000,64.95812429484626
33000,58.823213842650105
33100,58.87720006427807
33100,60.77959487420096
33100,65.74819393796393
33100,55.31035524454544
33100,57.846513575981945
33100,63.469206779307044
33100,59.8016008811341
33100,63.39676523735092
33100,65.50130580493811
33100,60.36465258684036
33100,58.271545182641994
33100,63.008439527115144
33200,62.316811783262516
33200,61.24139452522189
33200,61.520440587097454
33200,61.416906751432215
33200,66.23237806026474
33200,63.78251780983477
33200,65.52198695039483
33200,58.23841885668505
33200,61.24971367607349
33200,66.03055067221679
33200,60.0642497721511
33300,60.647497291304525
33300,65.4903506004518
33300,59.736765859221364
33300,59.645282399703675
33300,59.99792122126319
33300,60.81465258484332
33300,58.3462003928729
33300,59.34287949022833
33300,60.70725097119051
33400,65.86997714314398
33400,60.54415719839638
33400,61.078704058061994
33400,64.37011258801222
33400,64.28187092652675
33400,63.60589233429526
33500,60.484991958789166
33500,65.45584277914415
33500,64.97351073382312
33500,60.88909949134676
33500,61.23720713177971
33500,65.41804524978141
33500,60.56399823073785
33500,61.59175781878481
33500,66.1414070817231
33500,60.19972613128694
33500,58.16442070435254
33500,62.64151525863901
33600,59.961015094443056
33600,60.828785594756525
33600,64.73596515877036
33600,65.52719428113436
33600,60.10919666723919
33600,60.20254345223767
33600,65.47075875706673
33600,59.55352303552087
33700,58.63741314921221
33700,60.24991408837497
33800,62.58804270124184
33800,61.08764743570189
33800,65.06345470415575
33800,60.136330625059806
33800,65.15953326394475
33800,57.86320817714748
33900,65.59881659077045
33900,65.33812521413621
33900,60.24727178451278
33900,61.41737062560638
34000,63.300966087817976
34000,61.08740455416498
34000,60.37180762573773
34000,61.398971023010795
34000,58.891195548966365
34000,60.97183761591526
34000,60.72256518447946
34100,61.003709032289485
34200,61.75602763133538
34200,64.94985532624833
34200,61.60997777931743
34300,59.75844157597892
34300,60.30458169725725
34300,62.89333290810291
34300,62.31097070191659
34300,56.0930817461702
34400,60.66520290992282
34400,61.09289958449114
34400,59.64403689237344
34500,60.84403048285352
34500,63.16639756259773
34500,57.29954555608945
34500,61.43244049341418
34500,60.81428817432234
34500,61.68569847343361
34500,60.32120989589397
34600,65.56676881844197
34600,62.25053168967116
34600,61.51677612486711
34600,60.87482727572277
34600,59.68302805523858
34600,64.14493942273809
34600,60.09982249953164
34600,58.84485998790871
34600,65.96854199132584
34600,60.255478799153884
34700,59.58090358457949
34700,64.5388607090578
34700,64.23295636223854
34700,59.128208654386476
34700,55.73899698705522
34700,60.67553281114834
34700,60.555755132546196
34700,65.46189842811309
34700,61.01820065379461
34700,60.633670673596825
34700,64.32083999650018
34700,60.33208709729555
34700,65.26048581336862
34700,59.48512089326028
34800,60.95553368829937
34800,62.920441883477956
34800,60.527495300452856
34800,60.30901613229433
34800,64.10755022367876
34800,60.57412348857309
34800,63.778883351375526
34800,60.68879568243824
34800,60.72459841802173
34800,58.48940924582062
34900,63.68079191992627
34900,57.901038311541434
34900,61.043748281214974
34900,64.42549733918489
34900,60.396247361846214
34900,60.420484852192416
34900,61.29571516255379
35000,60.39098611441875
35000,60.20818050518082
35000,60.8219394798465
35000,59.94851227565989
35000,58.42455227827606
35000,65.85822702686588
35100,61.408936456870606
35100,61.17484276327911
35100,63.39350422373509
35100,59.317024076448845
35100,61.22601657400903
35100,63.4398175251605
35100,60.800239465303264
35100,63.51489465922818
35100,63.66653612513977
35100,60.647179677863264
35100,65.89980571024668
35100,64.80861513144427
35200,57.45515111867077
35200,61.25065532986403
35200,66.00717306498441
35200,65.49161947119943
35300,65.20427399236512
35300,59.8201052321485
35300,59.90683306487548
35400,59.67895325249088
35400,64.38255642109867
35400,66.18293900239571
35400,65.81627749826025
35400,64.82615781274772
35500,65.83888252503877
35500,60.1610746839218
35500,65.71963073435052
35500,61.721294292228684
35600,65.39130357327967
35600,65.1165012312625
35600,64.6883779438422
35600,54.8146471012574
35600,63.92537930671014
35600,66.16874721422097
35600,64.20923442396604
35700,61.47097949691273
35700,59.768877690349676
35800,65.98809196343191
35800,61.77669353815264
35800,60.899358162652256
35800,59.97193500918253
35900,59.31738228442856
35900,66.3674185794227
35900,57.95478069785917
35900,66.10675628576176
35900,61.13467847922154
36000,61.66443115010451
36000,61.38940291107006
36100,61.79469271230466
36100,66.84070928503593
36100,66.39419136467781
36100,61.63550948300142
36100,63.72225529662671
36200,62.77661476597823
36200,61.32346379338631
36200,68.90665163740555
36200,67.67616354908162
36200,66.18911361468992
36200,59.16789562432294
36200,62.10045725814633
36200,62.07012554902856
36200,65.71083269917341
36200,64.10203163579158
36300,68.44685405809352
36300,62.89191561756269
36300,66.24805984790012
36300,66.03996765431967
36300,60.62411417483388
36300,69.56877046198765
36300,65.06198028382286
36300,66.80853826828485
36400,65.62647893956732
36400,62.213429118885564
36500,66.90961695370129
36500,70.66619913054112
36500,67.96761768532423
36500,70.36079986067952
36500,71.21604951209474
36700,74.49096835483051
36700,74.4438940504799
36700,73.8900858434973
36800,75.9233599289952
36800,79.8121609459496
36800,72.66180749255872
36900,88.19704966687888
36900,80.21024808905905
36900,85.97641299486763
37000,69.80665659545028
37000,79.95932169756682
37000,71.70720315845722
37000,86.0613600824911
37100,90.36062241547785
37200,83.0805670763903
37200,92.48995299413522
37200,73.43335380385705
37200,81.2458393237425
37200,84.93003234507792
37200,88.66568020382152
37200,84.58152544387188
37300,79.0398477597106
37300,85.2573768622328
37300,96.06554952977643
37300,86.90735509101448
37300,83.13805411508916
37300,85.25054424371193
37300,97.10688668025885
37400,96.43187257465344
37400,87.28046956564125
37400,89.32896938367544
37400,89.91005959573445
37400,101.81009626573244
37400,94.27004945047389
37400,97.40368084670266
37500,73.78996109043517
37500,83.47853311479264
37500,90.98669861855386
37500,86.19217035989686
37600,106.4553684197884
37600,79.92724155542604
37600,105.30781404283923
37600,76.99536076692952
37600,79.80251304043652
37700,77.44242880163328
37700,89.61510042184885
37700,94.67759493018374
37700,79.88082893176421
37700,93.32905741557514
37800,75.2867463836029
37800,86.62946651173947
37800,81.69565956392786
37800,94.29749060936527
37900,100.15917132808481
37900,84.36661771554985
37900,111.71745495117631
37900,83.84327384506155
37900,78.93527303597831
38000,114.31967045026119
38000,105.50313639131915
38100,100.38376221072008
38100,76.80008063695784
38100,68.41452901066216
38100,101.90105634668487
38200,67.43801986857234
38200,92.11624749263915
38200,85.14397005380695
38200,79.59381658111818
38200,74.1511790787587
38300,90.88737313164602
38300,103.18984322232984
38300,93.3576474451989
38300,95.81863130362525
38300,104.32775773785225
38400,83.18869105998199
38400,83.85073497247161
38400,90.02528319156517
38400,81.38476116790389
38500,66.5315284031046
38500,78.87447308351697
38500,93.17160460759469
38500,88.11451860805302
38500,94.22495677362247
38600,114.26640342638778
38600,96.48393829717857
38600,101.3307307151513
38600,95.22524051447222
38600,93.01241033716757
38600,88.02019309629954
38600,82.9159394774442
38700,86.57236664842412
38700,96.57071634551237
38700,84.24936883408274
38700,100.97403619783644
38700,92.24789641673989
38700,105.6465841977289
38700,98.14575965453257
38800,91.34422363022482
38800,77.2591815291102
38800,80.44888522264671
38800,104.38056853689656
38800,102.56492627128092
38900,74.7407012157295
39000,83.94353350785904
39100,96.33711828377122
39200,88.62893482073196
39200,89.65609417964906
39200,87.55450065728573
39200,91.73641413910369
39200,74.7611098903853
39300,75.95548810317877
39300,75.02936378018184
39300,84.53414349694393
39400,107.90838298247174
39400,94.84998878431882
39400,79.83281639106194
39500,94.151269030414
39500,93.95296000921516
39500,88.77994366271153
39500,77.44086129493489
39500,82.43175280914534
39500,76.47065380943867
39500,81.30793918268309
39500,81.81506099035873
39500,91.0086162598496
39600,86.87426653951212
39600,98.91396279168069
39600,94.54068004305508
39600,76.80772433810328
39700,109.47185380203366
39700,173.2053156953266
39700,67.9061574213141
39700,90.43372335506974
39700,88.2077039593867
39800,87.36410691022607
39800,94.81921374260347
39800,94.7430599309824
39800,97.5826175047326
39900,87.58477773341767
39900,83.54129954966689
39900,93.17768850435989
40000,94.21440804278879
40000,73.43766823672311
40000,93.18962704177308
40000,108.2957899895322
40000,112.49808641859218
40100,102.48763574552186
40100,93.94755500433612
40100,86.28375610655074
40100,84.64120466384443
40100,96.22828222933859
40200,106.17094120222524
40200,94.53823943564574
40200,83.61966373622259
40200,71.73380210315004
40300,84.19807855122934
40300,85.67302113090719
40300,83.25681040421752
40300,94.4488652361731
40300,85.17948361376321
40400,102.1914878869919
40400,97.42093947388446
40500,75.30015989302798
40500,89.1043424762212
40500,83.35832281386199
40500,86.06144534639235
40500,73.70726319813342
40600,83.73096554305255
40600,88.87035815617934
40600,80.48443566817937
40700,77.98367221487511
40700,88.43511006738366
40700,78.3247701205693
40800,101.05469841448105
40900,97.85965131959543
40900,82.42545568698584
40900,100.42649659176946
40900,82.92862750706554
40900,87.54154305398617
40900,75.40263707559681
41000,101.6527776933074
41000,98.20524716283262
41100,194.64620686905386
41100,94.72864152811151
41100,85.09997075197552
41100,98.67389402039217
41200,122.68276095798421
41200,144.74377270291112
41500,111.09973451738139
41500,126.40845033180281
41600,160.7875695460643
41800,104.74869808854783
41900,107.08301016294325
42000,135.10048303292973
42000,109.08979232360971
42000,206.46737312831485
42000,82.80675133912985
42000,106.69579962509484
42000,102.85636991700345
42100,137.3317754702173
42100,142.44998423718744
42100,129.62267965350125
42100,119.39051034093751
42200,89.90135762198526
42200,148.7108949162714
42200,114.37651829729698
42300,86.54643483540747
42300,180.51381328766712
42400,144.7587088670597
42400,178.1556465026517
42400,124.29537604101874
42500,122.22925346433986
42500,127.66880005784512
42500,122.5063949506267
42500,80.45856217829127
42600,100.08510209424757
42600,141.56583306909116
42600,130.5373632228781
42600,124.86560081855706
42600,151.26879495194444
42600,119.51613244579424
42600,164.59006278800982
42700,166.04613074838446
42700,106.22384131153196
42700,143.83766576769537
42700,133.50895924518443
42700,89.28730314293124
42800,107.02233256886178
42800,142.42192945618393
42800,160.6657574056107
42800,107.5167365343794
42800,115.11181821107306
42900,107.176364962445
42900,95.13938239593433
43100,146.5894359088395
43100,159.11851385583077
43100,126.24707852643569
43100,157.19504459030622
43100,98.49303753488795
43200,111.39594869662261
43200,172.7592189861659
43200,155.52920023030433
43200,79.44965933206151
43200,94.44620284700027
43200,118.29146081896549
43300,132.56901153910994
43400,103.25697967017214
43400,97.15267150020978
43400,114.85821012901437
43500,133.45272152487956
43500,167.80502759290724
43600,110.95018446460537
43700,141.4211637497887
43900,184.27276399898497
43900,96.0720567113839
44000,133.6158904468367
44000,156.40522072778776
44000,204.44066245566887
44100,128.52849463912787
44200,201.817446918305
44200,193.03162228534154
44300,198.3218216078166
44400,216.1418432075872
44400,106.3880526921156
44400,194.82752478903078
44500,184.7318856705121
44500,206.3786858210401
44500,144.2382962729336
44600,106.64626853521997
44600,97.6575940432712
44600,153.5907787907314
44600,202.2693854738275
44700,136.2826721943983
44800,101.34996214842656
44800,94.68473569870254
44800,224.43322960781103
44800,91.99466422671394
44900,186.9870088693256
45000,235.4957793422518
45100,106.98889726771887
45100,209.02510303877415
45200,206.31231507399426
45300,82.82081361242113
45300,219.70599397543867
45400,238.2807527406712
45400,88.91780384380573
45400,192.59132331843787
45400,108.14843056840311
45400,99.04949250457514
45500,242.7487358039946
45500,91.46511597412467
45500,212.82459854043142
45500,197.1971795041214
45500,191.04412256674513
45600,99.44821349786707
45600,116.27453879353385
45600,119.99084602533057
45600,231.97377950988673
45600,256.64178187488926
45700,117.62830526885762
45800,89.62693769561149
45800,97.84059029207323
45900,231.76562134243662
45900,135.12872485851588
45900,149.88922259966742
46200,87.6001962583327
46200,213.00003708184948
46300,222.86944226089994
46400,168.924241728787
46400,225.90298579281912
46400,100.61470283517217
46500,270.54886613334315
46800,201.5912039550169
46800,222.86124716229568
46800,270.90880371208993
46900,158.8368175857909
46900,182.13459239262914
47000,183.9769233236882
47000,196.1478092374268
47100,124.979967756138
47200,189.08066648311677
47300,208.63856048343564
47300,196.36477416048308
47300,233.3415355993006
47300,201.48675869990404
47300,219.76187481095607
47400,214.52797886439072
47400,171.87047356779047
47500,234.3850085618604
47500,132.9239537125885
47600,244.7518202828179
47600,187.1154790700215
47600,247.51468195182284
47700,132.41755707780823
47700,245.5102334739283
47800,213.981077638305
47800,197.9028915777878
47800,224.09733905769005
47800,231.29465392498463
47900,244.41682161229662
47900,155.9368699730311
47900,252.58880255257233
47900,127.5887134602862
47900,244.7797606491622
48000,253.68414198943375
48000,148.97404823252697
48000,150.29735430677144
48100,188.53181215836526
48100,227.84347617262569
48100,165.93408003002656
48200,193.04753943719624
48200,220.15253745995113
48200,146.64224176588914
48200,124.64240542921847
48200,155.16642290496543
48200,211.9380301107833
48200,170.14003006202003
48200,181.53056831539277
48300,208.4105535244268
48300,138.83924832299408
48300,203.25485555447318
48300,213.06165675208575
48300,132.75089025019972
48400,172.90947611602877
48400,135.4686107663472
48400,254.551629998989
48400,135.27788736940605
48400,161.23362752210414
48400,176.94973298036138
48400,189.72534674232747
48500,190.69209325730347
48500,147.37964885482404
48500,254.5673845547396
48500,130.89755468866872
48500,270.8572989005445
48500,151.180873211798
48500,156.70398624657477
48500,246.32521565879568
48600,203.18126748396193
48600,154.22163419998947
48600,193.346360619169
48600,150.6559436979429
48700,207.84686663704503
48700,229.94747549851272
48700,138.70204532350337
48700,159.37458664568706
48700,153.6297980160068
48800,140.19813751547105
48800,154.27492684402392
48900,212.46672561891654
48900,160.4974397611592
48900,153.35656951592327
48900,173.00762007618187
48900,158.06334665607514
49000,167.4055161649228
49000,145.46142259505393
49000,219.22281619567866
49200,143.3654192730128
49200,227.0572092592727
49200,251.42437904401615
49200,136.8447028629397
49200,225.78091255090223
49200,155.0665281283977
49300,165.77355701167173
49300,286.19221556230514
49300,133.20496425749374
49300,142.84922755276992
49500,244.56669654452048
49500,250.89853975413175
49600,145.94171431700678
49600,113.0772045284943
49700,135.49212717528746
50000,155.68519980334656
50000,179.16822093634815
50100,129.48792687533108
50100,168.45614774423942
50100,155.23516669311022
50100,124.3927278931267
50100,149.32128773542433
50100,152.13900767376967
50300,152.0945840466642
50300,145.52083936891486
50400,127.19310279749817
50500,169.871252002278
50500,143.77774900040566
50500,153.20770932405082
50500,161.26724625032776
50500,139.90766580290656
50600,138.71523740236267
50900,143.2457840084636
50900,176.9149662876102
50900,169.2538836608625
50900,147.11917986513222
51000,162.9040470079785
51000,169.44459996920358
51100,165.54056937578994
51200,158.3976017419589
51200,165.15208803651893
51200,162.6066243481082
51200,141.23567867672585
51200,127.97649574579407
51400,175.9337495906015
51400,166.46950031366686
51400,142.5321541109547
51400,165.62065664624342
51500,153.8345666251515
51500,134.93667019561798
51500,173.94889912706762
51600,169.96610691651728
51600,155.64928813282884
51700,158.504050801298
51700,170.82827800971188
51700,168.93194507747071
51700,172.4182125021396
51700,182.11012076528505
51700,165.50105192080494
51700,188.5006708000356
51700,169.35264023197595
51800,152.06121917486723
51800,213.0003751000221
51800,165.02598919834915
51800,177.00618041065204
51800,148.99903306016455
51900,158.23591625920002
51900,152.78244882578147
52000,168.28732566348214
52000,184.16692577060826
52000,105.25761539276144
52000,147.86367053292338
52000,144.16664867448455
52000,179.2789353407256
52000,172.91467385867557
52000,189.7888359463092
52000,156.89408332690462
52000,179.22252382760246
52000,184.61371042742033
52100,152.6487428966951
52100,178.48088976759684
52100,167.79076821477284
52100,137.84882781264193
52100,179.59066725123145
52100,124.80772897521895
52100,187.80156845886594
52100,158.88721139973018
52100,117.40554121287346
52100,112.49260408801595
52200,176.6714764921725
52200,190.8174077361806
52300,181.84455806409184
52300,170.72141118806374
52300,171.00989936732955
52300,177.71987443512992
52300,142.55307515803923
52300,167.06924719485457
52300,146.92408745157377
52400,186.55507709021916
52400,171.27835534200034
52500,167.87223794778558
52600,201.43161638534144
52600,163.41211933759757
52600,160.7325025325662
52600,190.90080403192732
52600,212.57218708199701
52700,170.77040534970095
52700,184.34925861489668
52800,176.0987191654288
52800,222.0829422914372
52800,98.89779624750047
52900,184.6143646223518
52900,176.7255783488482
53100,185.747647952959
53300,131.25644175895025
53400,147.07850019920753
53500,166.02277070042695
53500,193.62772027164036
53500,118.62488426857117
53600,142.30990463146765
53600,146.76317722191965
53600,122.21072716299281
53600,166.65331261321793
53700,124.27422581833062
53700,182.83560410420407
53800,107.472085851029
53900,133.42003683136727
54000,106.93717521274445
54000,197.13402446030454
54100,125.00944139075307
54100,112.56936596182214
54100,108.0758416931552
54100,105.06424836413389
54200,221.79021222964613
54200,143.02262557462825
54200,142.7040029498364
54200,201.99044608475793
54300,196.61675234730043
54300,111.8282055866159
54400,124.70522320276591
54400,132.40391125187392
54400,117.04867877035403
54400,205.09335938519308
54400,126.84728443852893
54500,166.10929584311003
54600,114.1353807926013
54600,107.52199380208565
54600,216.65822932034064
54600,139.13627234620532
54700,202.67011032247024
54800,117.39880245681469
54800,216.19992384601252
54800,208.21730936247377
54900,117.95310184156475
54900,127.98471279420738
55000,162.93392296073986
55000,163.84498423058304
55000,210.8546105462117
55000,145.04829871139415
55000,194.0822731743513
55100,119.25998156741635
55100,112.0519065208238
55100,140.9375316481192
55100,182.63646866620434
55100,210.61558474116492
55100,129.28546367084957
55200,165.03071668112887
55200,194.5417118116521
55200,195.40426542277592
55200,112.56659382269856
55300,163.8590320364599
55300,173.53751021169612
55300,192.08075628765562
55400,171.6512212996631
55400,181.38135369493222
55400,180.5033904063859
55500,173.78314736064792
55500,150.35710754775
55500,161.41219394510088
55500,164.65822479348483
55500,148.9056711764348
55600,156.5413193239335
55600,162.71753264852265
55700,180.4819826480608
55700,128.52150593893245
55700,171.16921335547883
55700,180.75322932310957
55800,184.47180726748928
55800,140.52558173268622
55900,191.34218080878878
55900,158.12391985233083
55900,186.47622277678403
55900,193.63906752740627
56000,158.56769651651263
56000,214.44659249112925
56100,206.79009756267345
56100,230.81039672688397
56100,183.4348939014532
56100,111.59742293287084
56100,200.3123108006108
56100,190.4874864801872
56300,208.39896373619703
56300,129.46852292260957
56300,152.09404543154324
56300,121.05638041405439
56300,117.78355374523883
56300,190.47258951545177
56300,181.3082892067888
56400,203.37818468584516
56400,197.032190123822
56600,116.97385494588436
56600,198.1188236063064
56700,236.40463876900068
56700,233.5468201503002
56700,230.87767739685393
56800,124.26544407536238
56900,214.0620017547339
57000,210.09690028696787
57100,137.12011535153653
57100,108.3554087527624
57200,113.54638326290704
57300,156.75297383683906
57300,214.2223933573504
57400,197.46302735962274
57400,205.41833594336478
57400,114.91695821585597
57500,135.77475115706937
57500,122.77053505630761
57500,104.63685972003904
57500,163.0092845171417
57600,161.89340369892503
57600,204.66758462946424
57600,116.6766469665781
57600,116.78432595509892
57700,213.3928987330653
57700,102.44163302476734
57700,115.99031235358085
57800,117.01884845941183
57800,253.181580822725
57900,123.9420235192338
57900,167.96028037572594
57900,230.31210825272709
57900,166.55646701571905
58000,214.20865100993842
58000,168.99424121020024
58000,159.2792456833582
58000,148.81001005906518
58000,166.03743498689468
58000,137.56863635081407
58000,170.5530749658298
58100,147.85151083598126
58100,138.94985613308953
58100,184.7860646252206
58100,147.7063381000193
58100,118.17363024914886
58200,149.4866847961021
58200,120.18168034902244
58200,179.1606419026791
58200,206.81735306719173
58200,109.6086224357593
58200,235.85248207217663
58200,138.75582180738556
58300,142.41852797875546
58300,138.14318659300622
58300,221.15954149606864
58400,137.63645172686998
58400,246.41134105257422
58400,157.9842227913396
58400,205.99521298141207
58500,167.2095444171639
58500,110.33057354758894
58500,147.83947859066316
58500,217.69386441718447
58600,220.98259155963763
58600,119.61995708343126
58600,136.47800976631342
58700,152.69592041546719
58800,163.09952045688885
58800,175.3350280353726
58800,228.28701056288864
58900,198.1478424572296
58900,155.94361460345428
58900,223.8399331702435
58900,110.98108751606924
58900,113.91687996278583
59000,182.84597995485973
59000,144.78268847777883
59000,111.90471429204679
59000,143.8421737679045
59200,172.73173828500413
59200,159.5044186228635
59200,159.15456719216027
59200,130.7126629425102
59300,153.05257635226778
59300,152.25933430131838
59300,155.69568555416512
59400,173.0510332466692
59400,187.18775667558035
59500,123.0888913103131
59500,163.98727685514902
59500,185.89502163206578
59500,151.23416248545084
59500,142.96673520915328
59600,170.24522455718144
59600,143.23405233370036
59600,126.40807946233137
59700,110.53810581570562
59700,103.51734821216881
59800,169.65186056671928
59800,215.77551662735505
59800,171.2030748759936
59800,143.35688427819272
59900,190.77920825625057
59900,141.02432523978104
60000,176.73375085179336
60000,133.68245587751719
60100,224.82407197808462
60100,113.56114933677054
60100,125.1349964689556
60200,113.85715623258328
60200,128.09060886752115
60200,114.2674741418541
60300,106.08607627778224
60300,217.99100288310294
60400,182.22260085363405
60500,106.19228004785266
60500,175.4980795146479
60500,111.95190321381364
60600,114.06760962957583
60600,154.96206332774815
60700,158.5865695240389
60800,152.1066445445881
60800,129.84808481213676
60900,155.92344485780964
60900,171.7408774173314
60900,208.57302152391523
60900,167.88927127489413
60900,128.63021723246362
60900,110.9726761285022
60900,151.40629687863563
61000,169.11140795101974
61000,162.89764297245526
61000,154.41638160345653
61000,106.47422528464521
61000,110.88929275555331
61000,115.50677041295218
61100,126.73295340528212
61100,127.24945482515288
61200,143.64873310885963
61200,160.32140805932642
61300,156.65189425020813
61300,155.35263403293564
61300,129.37190163898745
61300,166.51349230925092
61400,160.82659222289146
61400,165.39515786548537
61500,154.47616866048264
61500,175.06458049846395
61500,111.8207706238509
61500,166.61969188139193
61600,113.47686798713163
61600,183.04686851873302
61600,193.10363058230934
61600,169.83170123341318
61700,156.69761788625885
61700,161.1589173927373
61700,147.86328152877218
61700,164.06559963948283
61800,169.83026223426916
61800,131.51302772105979
61900,177.0829774306505
61900,172.12607678226516
61900,126.39972268274815
62000,187.35669148597748
62000,140.78296644211102
62000,169.88926825944392
62000,125.68929908345342
62100,160.6039206989013
62100,181.62398761990886
62100,117.59257274585414
62100,128.32952940924977
62200,153.95385419266728
62200,172.06414477345888
62200,153.77685956261547
62200,132.31643557276396
62200,190.83810794069336
62200,109.32542184515586
62200,186.93007126892678
62200,164.5626154846363
62300,123.41638207299225
62300,157.98928985347533
62300,173.86374689041236
62300,157.3830160357921
62500,142.29258766217166
62500,148.5819795404582
62500,131.9951258894545
62600,174.8782319396331
62600,129.8035817062585
62600,138.2429443410769
62600,135.3071966306476
62700,105.68827555275269
62800,145.19224380751695
62800,119.77704735025844
62800,134.44361954585239
62800,170.63851792576605
62900,121.40993176346312
62900,154.88354579163106
62900,125.0844881820696
63000,144.80753000479237
63100,127.99684884981687
63100,175.24612623769116
63100,208.12811496964264
63100,112.90712484087184
63100,123.24115189063889
63200,142.78480052250416
63200,161.21271315345007
63200,118.24134150017404
63300,117.92831677924558
63300,143.34579203574782
63300,127.82599182602067
63300,198.91550621885145
63400,185.87446978818303
63500,128.71390030282143
63500,103.68729917654571
63600,116.15002722207339
63600,169.92928891781682
63700,123.0639121031602
63700,120.77469783964523
63800,136.51904093458435
63800,111.8007381084902
63800,128.7627616211865
63800,111.08949045385761
63900,103.75453632051433
64000,204.43887580576322
64000,117.52010930019166
64000,154.64856642633802
64100,128.7708946702279
64200,123.61329627437098
64200,145.73443498830795
64200,116.91910204386761
64200,111.9930184273538
64200,142.94050523566327
64200,116.08138480662237
64200,177.67712509655618
64200,117.77354389206216
64300,143.5044284183921
64300,153.54159735004902
64300,181.85928194398068
64300,167.26166295309213
64500,121.1618333863178
64500,114.91898115080454
64500,116.23395897087174
64500,140.78535407826914
64600,150.43971725874394
64600,128.26515493252987
64600,169.57153180006762
64600,101.80960209848195
64700,180.66797575075586
64700,145.92863488469834
64700,172.07980794821862
64700,129.65397459217345
64700,155.88766081088062
64700,114.05737881858909
64700,126.77853706850344
64700,169.62798923935765
64800,129.91492958092132
64800,122.75414553477611
64800,142.75076858651494
64800,171.85479377692604
64900,140.27462541156078
64900,115.56646583094108
65000,119.15471709478668
65000,135.88557503164913
65000,120.60927590289565
65000,116.2131380817743
65100,136.48652755968251
65100,124.11987718665682
65100,164.738211677424
65100,126.37901242658914
65200,133.74629087809373
65200,131.83254107243167
65300,143.9550666630226
65300,135.33775940458187
65300,138.2641988538468
65300,128.90688191223796
65300,106.23903633971008
65400,166.78321256909956
65400,165.09637790649316
65400,126.56389831487057
65400,138.6425256253992
65400,142.40576246093747
65400,130.18121370858515
65500,130.15258069330872
65500,135.89504760885796
65600,120.5160130512068
65600,157.45503936817232
65700,134.378801183281
65700,114.87619538180635
65700,131.91523732444608
65700,175.14638796743844
65800,133.91682419370972
65800,126.32444330415325
65900,135.02635301092536
66000,127.14788660379884
66000,154.49535133274216
66000,129.59222437653014
66200,129.6118759458281
66200,156.1086298504028
66300,134.39053072747606
66300,170.9198438736638
66400,126.39309014399488
66400,155.0790666275202
66400,156.83731170431
66500,140.3923971460001
66500,152.08899744552673
66600,139.48502901118664
66600,126.82000773358021
66700,125.06939533138127
66900,141.86889262703681
67000,125.97030618618432
67000,179.80303553708706
67100,161.8688833766181
67200,188.51179453811108
67300,164.03921801359922
67400,164.53633571527735
67400,178.42796640321808
67400,198.53733548232822
67400,161.5839934289564
67800,197.42028765456618
67800,152.44719826656765
67800,136.71557086767982
67900,164.5132675348522
67900,130.78193103362258
67900,188.62430577116686
67900,118.8328949766649
68000,175.59649170613784
68000,123.07864231375025
68000,174.22877295882563
68000,138.39792728706948
68100,128.8544312809907
68200,194.4619497423694
68200,161.25177798182253
68200,128.5514429773697
68300,166.6664861486454
68300,209.0752697985785
68400,195.01810989783363
68400,165.29908491340552
68400,186.18476373142482
68400,156.1199811478645
68400,176.69491678661623
68500,186.6455476789412
68500,152.16821112536974
68500,125.15338173969245
68500,218.88318104501982
68500,230.3916137841781
68500,183.41388523884962
68500,206.24306969052
68500,158.69078923150408
68600,149.25389275189644
68600,147.8418791016776
68600,214.34091365831094
68600,211.8454505425262
68600,207.98244989700464
68600,123.56140099383393
68700,137.92435098822182
68700,174.9530737512569
68800,194.18442424641412
68800,164.37169905661514
68800,202.70287585998616
68900,213.321220388462
69000,219.3908371115147
69000,201.8392335095244
69000,135.64407618918517
69100,159.28492668626043
69200,163.4033992146553
69300,199.26715625619738
69300,219.73130994543865
69400,208.8254809253656
69400,217.46667301308503
69500,219.9822652287348
69500,191.13904672579994
69600,218.1280305076019
69700,112.99773323033303
69800,237.75718865990942
69900,204.40700221925576
69900,164.93820805884397
69900,259.4902577818531
69900,223.28974324109905
70000,258.84013951655163
70000,128.08607449597227
70100,223.74829078217536
70100,251.0372712538808
70100,241.3664711571611
70200,197.3303737145458
70200,232.71671201407736
70200,236.26184892242415
70300,149.49697834271817
70300,229.11309170324543
70300,171.80866407798848
70300,214.18180412472393
70600,248.8717593455004
70700,260.77398558980894
70700,248.31455272521566
70700,198.3069919827736
70700,114.6309145758
70700,194.76558310482682
70700,219.89691682376133
70700,251.26251225333107
70800,122.04272758205259
70900,229.51298483838133
70900,201.25927027207928
71000,118.8749696408943
71000,215.6654899483983
71100,140.56851709128364
71100,245.63490146378496
71100,131.92579991348674
71100,140.8494235834578
71100,116.38845617512607
71100,182.65831740286148
71200,255.05220561125995
71200,261.04932675264627
71300,228.81806105199047
71400,253.32740767874327
71400,129.32136665868836
71400,140.38417003864257
71500,163.9997693480184
71500,245.57398000960512
71600,201.11219133254966
71700,261.2643654829217
71700,84.94548302090324
71700,205.61655686876423
71800,159.42723566153234
71800,118.561692863194
71800,244.9608082926884
71900,86.01433039738058
71900,209.7624667744571
71900,158.83266895805966
72000,125.4148226095914
72000,83.743035697985
72100,269.6791827034399
72100,165.0257488048641
72100,79.56339639581535
72100,165.9841416707195
72200,195.03005718123737
72200,121.30062390330666
72200,152.73424824956015
72300,262.7251851809925
72300,111.34438313600401
72300,115.23174879640848
72300,81.91838698940613
72400,237.31611288608653
72400,169.7709114878747
72400,233.21561047658182
72400,157.9307666939631
72400,95.73761375588894
72400,233.2338750466392
72400,374.3916557534106
72600,164.41550618981145
72700,192.82932531159045
72700,84.5850670656
72700,152.64200422124156
72700,234.7842568582003
72700,185.8674655204904
72800,170.10750061838144
72800,79.69781831130612
72800,130.87830760239194
72800,226.8762018585927
72800,116.9007715002776
72800,92.6134532854401
72900,199.2295413478214
73000,180.60689726544587
73000,118.30310187129784
73000,77.21461276030126
73000,218.6429511858773
73100,145.7958342885948
73100,107.95173111093179
73100,210.27650144294736
73100,252.6469391615803
73200,239.99774517420207
73200,248.84246599594422
73200,80.82527602507457
73300,225.80683835464345
73300,107.37914836761611
73300,151.74378538788199
73400,111.46243401053523
73400,227.82997843671316
73500,226.2512784863473
73500,254.00729631059878
73500,88.7213878704345
73600,197.98750555945543
73600,76.57188574061779
73700,224.43203272223764
73700,241.7930561899408
73800,121.9023876071445
73800,125.4123770739678
73800,174.5974361293625
73800,206.9799515047019
73900,168.53063255980743
73900,258.315526867745
73900,254.44384205198972
74000,269.7426577118321
74000,186.27069051986172
74000,132.82046327232635
74000,84.81682442597271
74000,127.48136122939707
74100,130.86839959572436
74200,99.46800352452253
74200,140.53261133947237
74200,127.19927578019151
74200,276.79854401292926
74300,109.51971116108908
74300,276.7510601755609
74300,163.08775762943728
74300,130.25955598028062
74400,116.90613421167373
74400,208.5325983186128
74400,284.39045055090645
74500,91.42309866042018
74500,291.2099145791122
74600,77.00408946292404
74600,128.19850369983544
74600,253.20244216834337
74600,165.4502901861004
74600,118.59539525409296
74800,86.33169315004952
74800,86.00759036613246
74800,196.06510258313864
74800,78.37964881015787
74800,224.70144182928126
74900,110.00103675070399
74900,187.6634428575899
74900,123.90916634495566
74900,109.79387580230313
74900,126.6675994940719
75000,115.291910533747
75000,128.69816509316357
75000,98.92590744388458
75000,93.38994183062667
75000,93.96741401191834
75100,145.64861993539722
75100,87.34379334369369
75200,133.60348263424302
75200,214.25821360120625
75200,124.17044932739205
75300,110.30221925754192
75600,116.4303928996373
75600,126.79640328864325
75600,101.63178016131185
75700,81.06156461982299
75700,316.44864380130525
75700,76.1605894463156
75800,182.01688557626338
75800,232.02944684892023
75900,166.34755279821616
75900,123.2946744155666
75900,166.2614486365332
75900,81.2632556875914
75900,107.34916150006853
76000,250.36965666558748
76000,248.1716101925825
76000,76.264634814895
76000,109.06866379363426
76100,171.95255394254443
76100,98.86879568845946
76200,231.60738964298866
76200,113.5334586036856
76200,76.22748280493754
76200,336.3039839824773
76200,74.8851018613891
76300,92.90306407690392
76300,87.79385438709265
76300,126.90618016934567
76300,73.72811969783275
76300,232.68202599653128
76300,160.27840322809652
76400,296.6221276411658
76400,115.7367676528692
76400,231.87017401603063
76400,223.42022385694875
76500,81.53775805242701
76500,98.32851986278406
76500,76.48284045920273
76500,83.27630184153932
76600,145.69679545993606
76600,219.09875310677438
76600,202.02709466537934
76600,103.74263787889075
76700,81.14916787936824
76700,158.2116702112598
76700,208.36510968293803
76700,88.18884285932722
76700,81.26881872081886
76800,220.4240244329711
76800,80.35120400358997
76800,125.15638179325774
76800,74.04199876340061
76800,79.4892155945035
76800,79.97948810466599
76800,126.14504578728469
76900,266.93898782210977
76900,198.92840806336508
76900,81.13523784198578
76900,82.24167210946939
76900,91.80078788096073
76900,87.72712907930924
76900,197.20626099565152
76900,87.75266186013201
76900,76.5513600129298
77000,174.8670881631109
77000,141.3055119002506
77000,142.0912228724253
77000,192.0774120822927
77000,156.54713984481498
77000,84.70502787018641
77100,131.19694784464573
77100,87.04276963090925
77100,107.94100195508334
77200,245.86121340602008
77200,86.86748858987055
77200,87.3536492626299
77200,77.69487571491935
77200,204.61439424997124
77300,162.59629095814745
77400,136.1449724590069
77400,176.6963608872429
77400,132.23609992338243
77500,81.16990004126356
77500,76.21768549156704
77500,75.34942161833918
77600,219.63007084915347
77600,82.34261166579739
77700,116.32811905788152
77700,128.21127268837364
77700,227.21632493054148
77700,155.7545729594614
77800,82.53006389209844
77800,114.69655270971325
77800,81.40717159547928
77800,87.26955040646904
77800,280.2678178567117
77800,71.48652768702517
77900,87.13169757196754
77900,76.553152189289
78000,80.91756727286973
78000,77.78766185529587
78000,74.26415124863595
78000,206.48459775819236
78100,76.33181192909106
78100,242.1503791530449
78100,80.81866842535085
78100,95.01398669288952
78200,80.57862175865462
78200,86.30765389463639
78200,81.23038701011869
78200,102.53125075255296
78300,99.0746762015644
78300,90.61556451408198
78300,76.27522593613999
78400,249.58603514096808
78400,86.38885311465744
78400,243.36830750556328
78400,76.24668792584848
78400,80.95144288459531
78400,208.0629245441042
78500,92.06588787119527
78500,80.93081365067894
78500,225.2956885736187
78600,76.24463578771089
78600,80.8675376205413
78600,79.65980148453205
78600,93.51054047460299
78600,89.87708959941946
78600,119.16600474750193
78600,79.2452259404489
78600,76.18463574800262
78600,90.55226526603818
78600,76.49741339635372
78700,87.06555206084477
78700,76.1901309606943
78700,76.25032834199388
78700,233.70711443924657
78700,220.27825820510708
78700,76.38845331317968
78700,80.45364732600031
78800,86.94836275046305
78800,75.66880099446794
78800,80.92676814770178
78800,219.85685641249694
78900,91.97354272458577
78900,80.82051386965719
78900,80.8656641180271
78900,86.51494157950695
79000,90.85963854716618
79000,91.8443689401702
79100,198.30642996001933
79100,84.58795946942593
79100,81.33829160798899
79100,80.83686938446151
79100,81.00652527946475
79200,76.08084533185776
79200,76.5019878725996
79200,119.52177827800382
79300,81.04440673162209
79300,99.7687132522604
79400,113.52136652653898
79400,81.10849656819882
79400,287.9795356051194
79400,80.77170117757767
79400,82.3356801203617
79500,76.23452137781821
79500,75.96274854317147
79600,76.37274850777284
79600,86.85629295806926
79600,86.52003670512954
79600,76.21146302450971
79700,164.82749749235276
79700,119.39505149642838
79700,78.89176368773185
79800,100.71159356336602
79800,79.80752502461624
79800,138.41716321490122
79900,80.84072586276172
79900,123.90252779575158
79900,80.59443622837777
79900,87.91978037840134
80000,81.18244392289036
80000,95.70692119371064
80000,80.80740200504141
80100,78.5518341172716
80100,76.33856660811892
80100,90.84849390502353
80100,81.4266265897703
80100,263.8223195571169
80100,81.81979336146499
80100,133.56069762979118
80100,104.01217040109766
80200,87.00479604785404
80200,81.35069670613677
80200,76.3278726154867
80300,80.68564244543614
80300,80.90314959288042
80400,76.35980092875523
80400,80.43796511807396
80400,76.34006322133042
80500,80.03154970319682
80600,82.21211991382195
80600,80.98859169101947
80600,80.36602457999935
80700,86.48812068386114
80700,86.47831705818939
80700,91.11839882041237
80700,87.30386760043899
80700,92.21838496473633
80800,79.8895461625771
80800,81.45277575887427
80800,80.36304002452438
80800,80.46495241658076
80900,99.19802503247489
80900,86.47968106185587
81000,84.89395624707129
81000,84.8373375057375
81000,80.97750380335901
81000,80.93512192108032
81000,79.44095767832694
81000,269.3735155911218
81100,85.12097533562151
81100,80.2594252969282
81200,154.75007715656238
81200,108.73271346871118
81200,105.683182917363
81200,107.21012381077858
81200,77.8655898118912
81300,81.15033173327899
81300,81.02549002931536
81400,226.03169049102573
81400,81.71538077658873
81400,136.52528994163941
81400,80.98838862891922
81500,220.39258135535238
81500,80.49325591356708
81500,80.36281867648441
81500,97.3156781404117
81500,102.10706284978019
81600,108.61779578916119
81600,96.80683222676839
81600,267.70823051031715
81600,80.83948325424235
81600,299.8852644779736
81600,81.71781579866546
81700,81.02554818726145
81800,289.38812616216126
81800,95.3752963503556
81900,142.66448102969684
81900,78.27129183767444
81900,81.79216882314994
81900,92.9486715722242
82000,81.12299979473437
82000,92.88891429075129
82000,280.44983001440795
82000,105.60907368182032
82000,79.25036255572374
82000,81.24708993133918
82000,94.96308851499754
82000,80.63267531839722
82100,80.31979930588008
82100,253.03178490138504
82200,92.3307336803765
82200,198.0814023405302
82300,81.46318988135144
82300,275.0457145303516
82300,260.309343807086
82300,105.92871328311101
82400,233.3803093253592
82400,98.42355957144612
82400,97.129130699891
82400,95.55428356730407
82400,83.48797237416224
82500,117.82804362777695
82500,81.22366022293843
82500,140.43890187521447
82500,265.46625387351554
82600,232.06764830141535
82600,81.59471228024496
82600,80.74282038021452
82600,81.25608219279236
82700,90.91758996453163
82700,81.56019143809948
82700,190.97418497399767
82700,86.01384211122176
82800,80.88056095898011
82800,80.61931521953619
82800,231.31141627450754
82800,86.27270312421624
82900,80.95311026418598
82900,92.23078197277475
82900,81.1199943904389
83000,292.7132413762102
83000,224.5923400113546
83000,81.10876084640422
83000,86.61726451576172
83100,91.09681633542606
83100,84.93233646400142
83100,81.07603398588725
83100,81.29613379872697
83100,80.18275430085829
83200,87.29732880993859
83200,97.03960948703107
83300,80.16126015697868
83300,86.1591966979634
83300,116.2381155518368
83300,340.65223231559816
83300,131.45779809495397
83300,91.66567723190406
83400,87.84339094515737
83400,80.75167885156331
83500,80.96245148526972
83500,81.4097517228344
83500,88.31465922269751
83500,86.75060050513771
83500,90.73164645097
83600,90.73277753514157
83600,256.22396427876583
83600,91.31385258411072
83600,88.69406736902587
83700,87.88533591933378
83700,208.37416087845304
83800,108.48306978837678
83800,172.24481265519015
83800,80.05590280935247
83800,80.66503030050387
83900,81.97918561113937
83900,80.92401951607373
83900,91.34429419312559
83900,92.40171620221254
84000,85.29675988586492
84000,105.81134691203839
84100,98.69472337751661
84200,197.2895468952547
84200,80.7533219710069
84200,80.31014216231829
84200,87.51700520528912
84200,266.822682275039
84200,94.0503932228013
84300,82.2359605478906
84300,99.0337233439153
84300,285.5807498870281
84400,86.1434790558964
84400,80.26957391715933
84400,302.09713741648136
84400,293.8457998649951
84500,91.37487758307523
84600,86.35485359811275
84600,81.41807504546938
84600,118.17437061260225
84700,96.34688166052226
84800,101.8476070613886
84800,87.40467112965746
84800,81.31201041536708
84800,80.77133472583616
84800,91.94408889304705
84800,85.99767803407168
84800,76.47111052011948
84900,315.662817301534
84900,80.91720656463781
84900,116.20781966974262
85000,86.22260997637011
85000,81.26415823906139
85100,83.89736241306584
85100,235.6111953053323
85100,76.38259307534258
85100,93.71649209535535
85100,129.8220298717126
85200,210.31148205939223
85200,340.22865198387314
85200,80.94541471784346
85200,83.41146791876963
85300,90.65952554144735
85300,81.51755408889096
85300,288.48702853625264
85300,237.57724086343612
85400,81.2190072173212
85400,133.87612348266416
85400,101.6862717645915
85400,90.86797305928715
85400,114.6489673359943
85400,114.61886041994919
85500,98.08583781188592
85500,254.439021117182
85500,97.28234910848818
85500,87.63891789356032
85500,81.63696681579113
85500,189.75408758612159
85600,80.83717316635307
85600,88.02032561492021
85700,401.3876974183101
85700,89.99768793048784
85800,80.72301050562521
85800,82.28747325221681
85800,87.14166037735733
85800,88.08692702080948
85800,92.04278711970159
85800,86.39576903082346
85900,86.63518850386063
86000,79.05135014761983
86000,87.50063961606234
86000,75.14648040769254
86000,87.71669487346156
86100,80.17477883533434
86200,201.91657447052793
86200,87.94828388928873
86200,88.12890282873846
86200,235.91877220624283
86300,110.83910548253934
86300,80.89721051289067
86400,225.18538849885437
86400,81.59201140068849
86400,142.40551608470088
86400,87.36720442457008
86400,86.9144254025867
86400,92.07560848514677
86500,130.5724736154486
86500,92.44001573902946
86600,86.68455052197757
86600,87.45669582640474
86600,353.02821650919606
86600,81.82432164652855
86700,89.87340755188268
86700,290.19481748067983
86700,79.74223926213126
86700,81.16641278475429
86800,345.0032720574682
86800,85.32097071651333
86800,85.8967486423507
86800,86.2833138592743
86800,86.86340511896617
86800,81.57399653599444
86900,80.17684873542214
86900,81.68312433372188
86900,92.80614810094191
87000,81.84038393346006
87000,81.15405532489504
87000,80.99277640150432
87100,81.68579399800024
87100,82.5080013763872
87100,86.11952779886167
87100,86.31342296116965
87100,81.37400261611496
87100,131.24844997046475
87200,84.79015302312081
87200,226.06625468403345
87300,88.6417372187442
87300,88.38906572303335
87300,80.42341634063433
87300,400.3239160544076
87300,81.34903131685216
87300,86.81834249934158
87300,81.24722942848638
87400,86.70462310646319
87500,86.95841838168818
87500,90.22851368165628
87500,79.96369777115869
87500,216.74202357416527
87500,87.532893833597
87500,366.45328506999897
87600,92.69769110104693
87600,93.46544560588869
87600,263.65014522164284
87600,92.64755689578402
87600,86.14994978272946
87600,290.25077934462735
87700,96.58312495902146
87700,79.99496172098533
87700,80.69664939565693
87700,82.85539955855758
87800,243.11423489450547
87800,89.1800272571553
87800,269.17499343590436
87900,89.87825026612089
87900,300.3225987160732
87900,92.13939137566214
87900,86.26480422676616
87900,80.89896988891584
88000,85.54080378871186
88000,137.66789128647707
88000,309.6849024908517
88000,86.54422419239012
88000,97.90848152106432
88000,289.787723281067
88100,80.6562536245468
88100,86.19292056695623
88100,81.61108747882668
88100,116.7582298336683
88100,306.3363016799628
88200,247.72293748503046
88200,82.94283649604748
88200,80.94374127096665
88200,102.48359778368206
88300,81.06196563500225
88300,91.50088500025319
88300,289.22776598311196
88300,81.27776870755257
88300,269.75338528166264
88400,85.81932092877301
88400,85.53589180924796
88400,83.46810299551734
88400,87.58132594862506
88500,212.6562364269289
88500,87.33997378622921
88500,80.79617301752559
88500,79.83781002293453
88600,80.77705651559171
88600,80.44142478540473
88600,80.94575175215134
88600,92.42232083588907
88600,291.4327976403781
88600,88.02900068572833
88700,234.7920232948555
88700,80.54189375108044
88700,80.98662005766047
88700,80.25199191661675
88700,215.7616534312521
88700,80.41504169063471
88800,91.17871741550564
88800,85.80667200898684
88800,80.5310769276552
88900,84.24408399680392
88900,101.99286049623694
88900,76.04265132995478
89000,81.58570757285797
89000,316.37178159941993
89000,277.33615625524243
89000,81.30596275840927
89000,85.93539022447547
89000,86.98239514670512
89000,80.88108841222657
89000,80.75059055587231
89100,98.07037844814319
89200,107.70032646559186
89200,81.36844039654527
89200,94.97150012210267
89200,81.30333504382254
89200,88.75481694733517
89200,81.19929943863228
89200,82.09710411073986
89300,87.03787204880774
89300,92.31034647309413
89300,296.10311983933343
89400,82.0238278724129
89500,80.8761330176929
89500,87.15832579718304
89500,87.9054224190291
89500,86.24656951373863
89500,80.42039821436497
89500,81.10402212100821
89500,215.77805035222028
89600,102.78010426695027
89600,87.83698703550327
89600,86.63774699783056
89600,81.21683051836409
89600,88.33458969159494
89700,94.30505490568862
89700,86.43571033031485
89700,87.61267872146759
89700,80.84165331402134
89700,327.8053812613647
89700,79.42417801556391
89800,84.35434658411198
89800,278.798008759674
89800,91.10616418383223
89800,78.03020632171985
89800,96.66012698314834
89800,81.99342058635165
89800,80.42471741251082
89800,80.6850251072629
89900,80.93928302630646
90000,92.08628825954318
90000,81.03888153740347
90000,81.90407860818918
90000,87.61082659040039
90000,86.76933632753553
90100,88.02829036417057
90100,91.85955681958248
90100,80.95066711394054
90100,81.19892741962694
90100,81.57342992196234
90100,90.94412435596112
90200,80.62892169767022
90200,80.6946422308365
90200,80.26563917435332
90200,86.10200042066755
90300,89.23291908215097
90300,80.53735677145748
90300,80.967617618288
90400,257.0206502576261
90400,81.54798318727373
90400,88.3018578599756
90500,79.04911981740382
90500,80.04347372876009
90500,98.54285775491876
90500,88.09633966344853
90500,90.79100267478425
90500,80.55727879834127
90600,80.91426419149731
90600,108.739199567623
90600,84.44623864509788
90600,81.2396587697115
90600,87.19966349042934
90600,91.82970458579652
90600,80.65594754336747
90700,86.94911025477944
90700,81.35138384104252
90700,87.51780175588372
90700,82.9891210641652
90800,79.95128381444944
90800,94.16034962897953
90800,99.9934683828487
90800,92.82291760069336
90900,83.40800613177085
90900,80.20026354607913
90900,86.31727193264123
90900,87.54411564650103
91000,98.90672706312202
91000,88.78862203467858
91000,82.03983000223727
91000,88.37446557887995
91000,85.76980196704082
91100,81.87321165906683
91100,90.01181830081251
91100,92.81860628429564
91200,87.7510970067402
91200,92.58551951226312
91200,86.95524482645071
91300,90.55057159003462
91300,88.61603003307782
91300,92.02493471546919
91300,86.84386032504628
91300,93.91730079238579
91400,83.36020204170656
91400,81.09616822323656
91500,87.10441459071056
91500,87.67589684065884
91600,86.96184141827028
91600,93.7015349458705
91600,80.53564288645684
91600,192.11403463635781
91600,93.06085739791635
91600,209.4909820925255
91600,82.91738054814023
91600,79.96583580137238
91700,80.21662879707407
91700,79.8626937617935
91700,80.57815702945392
91700,81.47512715635779
91700,265.640045234345
91800,87.91341033750062
91800,88.50388629563184
91900,101.43374038121141
91900,101.77685914179763
91900,87.19376536477513
91900,93.49907995733554
91900,81.03272396372095
91900,81.49637553382676
92000,81.56148510968632
92000,118.26550386953073
92000,96.27064710235716
92000,185.48302123515896
92000,88.03287141708348
92100,92.80512559540429
92100,85.87415126593962
92100,87.66564248933713
92200,91.90683305704435
92200,80.84844109327388
92200,444.2396393061769
92200,132.7060213261667
92200,82.89503774317014
92300,114.1566278308647
92300,304.92351307995995
92300,88.1214020516189
92400,87.31474608444375
92400,82.28494119955187
92400,88.59304602996873
92400,102.30455273827124
92500,82.42217284651177
92500,105.42391282889679
92500,87.43089359149702
92500,101.25075014304039
92500,130.54501502080385
92500,87.48452563922376
92500,81.41037066085897
92500,86.5012316931863
92600,81.18478368505785
92600,92.68143003715849
92600,85.27522188153766
92700,269.44729609704723
92800,97.40579010776894
92800,98.6502093052871
92800,93.56413970997497
92800,81.99393869066212
92800,104.54355963823805
92800,87.70184520681931
92800,89.70217394951149
92900,80.72230296502292
92900,87.80229627247911
92900,92.41822815103974
92900,80.82290124227009
92900,116.02688309613096
92900,98.97875503101086
92900,80.85604590454956
92900,93.27596497796632
92900,86.0052280294385
92900,100.5985444313807
93000,87.16523419886381
93000,106.46279808541645
93000,162.78872019365977
93000,81.64380757298416
93000,91.93413036739305
93000,98.31367713442702
93100,80.52769792986082
93200,86.63916546456969
93200,87.21496887719366
93300,86.88869419385338
93300,98.49471813994539
93300,95.94643704208117
93300,87.36379878954918
93400,87.76699774903675
93400,147.50360362353905
93500,87.15714147070258
93500,80.8394010410213
93500,81.08992452166817
93500,81.63576651470409
93500,81.10778947855935
93600,81.35487440858776
93600,80.63787000509714
93600,87.7533504424061
93600,87.4717721996046
93700,81.39421486243619
93700,86.17366730976497
93700,87.66266351563013
93700,84.22808211296554
93800,81.36434270055258
93800,92.82172505431619
93800,95.43593918945271
93900,205.5635230556241
93900,92.5056582490336
93900,118.18425796333571
94000,87.87450199632329
94000,86.7805458371963
94000,80.232511512017
94000,86.96572785205946
94000,85.80691361807881
94100,79.65835883181931
94100,96.77662571725007
94100,87.03168709077434
94100,81.17524066316678
94100,86.80900834721177
94100,81.50150969418597
94200,87.52452470623122
94200,130.6283726445949
94200,86.47093983236515
94200,309.59110775354196
94200,81.66421054538682
94300,81.44939836998233
94300,80.94040912854675
94300,102.69027832559006
94300,228.1141712227628
94300,86.80446590422625
94300,87.95985390904285
94400,81.60986728191361
94400,228.53231390663956
94400,87.48184203643686
94400,80.73931965423363
94400,87.75045763191773
94500,87.59420221087406
94500,87.80087770566013
94500,86.45414315832342
94600,92.14526051449188
94600,87.96016214213493
94600,80.86994711713335
94600,93.46940119708242
94700,222.7368108941077
94700,82.86964245552996
94700,82.27621679453169
94700,158.35495674465778
94800,87.21337140281189
94800,87.86266409371457
94800,86.80189729971738
94800,80.63233224530106
94800,81.69955994891068
94800,88.21842723797262
94800,99.22751637121816
94900,81.49657842270972
94900,87.38543148056945
94900,79.12634185732097
94900,87.72562240793685
94900,80.83909380813581
95000,88.74349117622944
95000,87.36693049734424
95000,87.21993867281884
95100,86.52245932105617
95100,97.82952045640857
95200,171.98593809232952
95200,86.20499954567401
95200,149.63223071926686
95200,158.9210250407416
95200,99.1403444911982
95200,88.52348443248059
95300,86.76781812672525
95400,81.96034448439275
95400,114.18075764956751
95500,82.56158111732235
95500,85.99133766440038
95600,86.1498256260954
95600,90.14306618272416
95600,87.47127834735875
95600,263.63811007927444
95600,96.63250097230548
95600,103.55076366384208
95700,87.49312215564943
95700,80.30947041072841
95800,103.85578633284986
95800,97.27527089034159
95800,90.64388396358441
95800,202.3629607451138
95800,303.1009315857504
95800,91.90681259452597
95900,87.2420983677328
95900,80.34070690490249
95900,97.20352602498104
96000,94.51994144549755
96000,94.26581436248603
96000,86.47528032256479
96000,96.05469891328195
96100,92.59758470832566
96100,86.19721289142751
96100,139.78778938572356
96100,87.53859968452412
96100,93.65700405047386
96100,91.71633573147888
96200,86.32580080676891
96200,86.54068639916224
96200,82.32289055096626
96200,87.74657988010867
96300,208.97015761926846
96300,99.0291978177105
96300,96.39539933864401
96300,97.42902317532504
96400,87.27746253525181
96400,92.35448518847765
96400,96.27744284453767
96500,102.42702039303177
96500,96.94308077612921
96500,95.76750954629973
96500,89.92749662056438
96600,91.51754181737351
96600,85.62404964817293
96600,220.68361270474713
96700,95.98924483602593
96700,105.38279236892981
96700,105.51847909751403
96700,89.57381900030434
96700,197.74044459614726
96800,87.64157838726963
96800,88.39813599910734
96900,321.0056206195265
96900,279.5531579979434
97000,87.56667582571582
97000,150.46270454724643
97000,107.73189534639768
97100,102.0934900036224
97200,103.91454114383664
97200,86.39142033200673
97300,101.82874510992045
97300,109.30657824443408
97400,109.80613761689253
97400,162.94067486257845
97500,99.64482476714966
97600,230.27647196923698
97600,97.88795444462174
97600,97.53415757764948
97700,235.77287398607544
97700,104.28274127920048
97800,99.66310345705814
97800,89.88958914154814
97800,117.41843438522011
97800,91.42736324230744
97800,133.72335672096358
97800,84.24083366502352
97800,132.27449272070382
97900,166.42922430064002
97900,222.28391261216157
98000,154.87882018295807
98000,91.84352994051422
98000,149.71766530169072
98000,130.50247528667455
98000,87.27130237227927
98100,176.41745030805512
98100,229.79816788906226
98100,134.32936002023135
98200,97.52268227925849
98200,171.74211686922362
98300,99.3244368416714
98300,89.10244444973857
98400,104.34367520739416
98400,150.71429191166666
98400,92.9008339541827
98500,294.12858183795754
98500,97.42913530845887
98500,133.57409046558544
98500,86.56506615922164
98600,113.89113529922712
98600,185.59955919579272
98600,91.50455363525577
98700,102.3140236339706
98700,93.21015724117647
98800,157.12481629917974
98900,92.69542794605591
98900,214.30893267688802
98900,109.84118791682356
98900,97.84793590896996
98900,85.98764270326484
99000,136.66872472890904
99000,92.42768531439553
99000,104.29138377175178
99100,86.96977516919087
99100,207.44908147850762
99200,217.0862094833552
99200,97.42783440611535
99200,98.4971143733104
99200,108.20210191547883
99300,94.02731129261876
99400,255.8302673358508
99400,90.10964450121344
99400,88.33180720229258
99400,202.7765288082984
99500,127.59132034541344
99500,128.8952497105761
99500,81.24998997900447
99500,184.07773029727574
99700,244.60466838515453
99700,81.27414893233669
99700,214.22391065931038
99800,205.65209744708517
99800,108.31977149972604
99800,168.0672348419737
99800,185.09685630023313
99800,86.39763415617016
99900,81.06019060433707
99900,211.016953904127
99900,249.4503022077869
99900,247.83504601341045
100000,319.14764627481674
100100,206.96154849422712
100100,104.77211476434161
100100,87.90280871874462
100200,115.76954280489763
100200,188.38742157866858
100200,100.31057268318918
100200,114.81350396549844
100200,101.95046643491962
100200,272.32836109200844
100200,339.05378953843064
100200,113.55921782696922
100300,216.03187412966744
100300,106.2077091063162
100300,102.56783112720285
100300,189.62629139635888
100400,209.62009402169687
100400,216.3163547015669
100400,85.32775052750958
100500,267.315773394008
100500,232.64158057034794
100600,92.72936176736063
100600,118.61417919837079
100600,237.3140720220456
100700,90.45487519285409
100700,109.50282988541412
100800,107.56099200849262
100800,164.87166161410957
100800,260.5460329420338
100800,90.21436790268325
100900,115.66271412612484
100900,232.81024452155387
100900,114.90482235342543
101000,233.21522470234882
101000,108.8417419434213
101000,131.50526285898
101000,260.2748383427554
101100,96.39877775086804
101100,101.5720177671663
101100,205.71678946415284
101200,192.1652679163271
101200,103.57707558667467
101200,170.87753088909952
101300,162.85722141462415
101300,269.1856836198098
101300,101.77945890045204
101300,259.7836376250555
101400,162.43663817035497
101400,244.86593220727306
101400,95.24363422838559
101500,118.86458740896289
101600,141.67303926594732
101600,118.23129794969611
101800,137.13978068280673
101800,204.06551049142527
101800,167.44380493784521
101800,277.81868072408474
101800,199.85514051652441
101800,100.73025312630128
101900,152.050993672548
101900,289.4122515979569
101900,124.10680436110526
101900,178.06585738423848
101900,105.15329976231935
102000,136.6235227607405
102000,139.94780650656344
102200,122.7221067394161
102200,185.9748991808567
102200,293.12769682574617
102200,148.04043372244632
102200,122.89515901108113
102300,174.18808233600691
102500,121.70448783835738
102600,299.2072291973537
102800,122.78896534615546
102800,143.20865912779647
102900,125.93972865119636
103000,175.03085632867604
103000,169.44442270791995
103200,189.0953628832127
103200,103.06616382799847
103300,182.47595342741891
103400,334.0727840785627
103400,263.2818403555567
103500,156.76007331432717
103600,194.36532429183487
103600,371.71410817616044
103700,104.42630165203025
103800,170.84597871006974
103800,117.89230514410153
104000,108.04046115819936
104000,240.8581596325812
104000,142.81102880819066
104100,186.90135538248512
104100,264.2079752916427
104100,101.99994285476487
104200,157.2615723851429
104300,90.68650232237077
104400,244.93690415548483
104500,171.41444037918492
104600,211.57459384245885
104600,169.42386637331046
104600,207.79345377090047
104700,234.45784877535058
104900,247.29538027972418
104900,212.45911471749886
104900,295.69644159052507
104900,237.36625637255125
105000,242.67394203558626
105000,357.07295794993513
105100,255.93521029613552
105100,261.1425889652803
105100,245.44375463528306
105200,217.176011919093
105300,252.18643148414733
105400,197.17245577668803
105400,184.82128741663067
105500,209.7929672985843
105600,283.2247306772272
105600,108.2302425752956
105600,248.30127088272775
105600,274.24958439841583
105600,118.50752294110958
105600,158.71152577815178
105700,261.851903123827
105700,175.04649120448175
105700,208.1675588317049
105900,247.5031287868968
105900,264.4057972792644
106000,316.8398798751965
106000,259.665145240447
106000,216.82994160363677
106100,197.50656500438885
106100,283.66015733240476
106100,304.6479874594335
106100,232.2023527981317
106200,135.19180576420803
106200,273.595440708804
106200,181.62094358941445
106200,242.19261591509056
106300,248.79341996083258
106300,137.15184429721185
106400,260.3492562519281
106400,299.168923023757
106400,278.1093572913647
106400,184.49398596634973
106400,272.53112098785624
106400,114.89876203940982
106500,253.6928768215935
106500,217.7424083520754
106600,271.0594310389039
106700,308.7560676172698
106700,289.24515407729774
106700,275.63231035949974
106700,365.7556899345617
106900,105.08497009877512
106900,268.4122833776003
106900,453.2298591606594
107100,268.5204041935711
107300,346.59301512588286
107300,299.94129627275277
107300,274.5203334141025
107300,242.26806326993116
107400,324.42393098748374
107700,318.4808416711874
107700,93.94470645420044
107800,303.3781315471845
107800,296.806152898939
107900,386.98447192475874
107900,99.81351962849426
108000,116.53271656295563
108200,265.6314849407611
108200,316.7439375328482
108200,136.8911372311514
108200,305.2588494467628
108200,379.7473385834291
108300,323.2865468598453
108300,287.7288530644079
108500,215.27241157139792
108500,316.9565018958673
108500,144.42577716839193
108600,282.7981469482619
108600,110.45369460080747
108600,442.7452028182708
108600,222.08814064949402
108700,246.40622332287305
108800,223.1829736461383
108800,392.920853104005
108900,117.77535007298472
108900,124.60703637120321
109000,224.9800643512999
109100,224.8886307844528
109100,173.20323658940347
109100,185.25565846037517
109200,103.85208350971955
109300,330.1044761126158
109400,281.52693723024527
109500,278.5445236168478
109500,200.8405973107283
109600,139.65612548172408
109800,188.0338322341787
109800,399.4700151324569
109900,327.5254735575747
109900,319.16223744263414
110000,167.72095774395567
110000,326.1816830328864
110100,351.4982598091847
110100,244.65784601041406
110100,274.07051157193695
110200,385.33927766364764
110200,275.55229186658846
110200,130.35052137953733
110300,410.23753052577484
110400,226.02319565643464
110500,270.61106979015307
110500,235.36590022637012
110600,286.4708386390439
110600,263.98437504852154
110600,270.6706684905256
110700,222.88748910638972
110700,328.92756594559773
110700,240.2987219454538
110800,217.32042766162465
110800,343.3469962157036
110900,218.3276029770675
110900,447.1301865739037
111000,130.88780053634218
111000,243.41284250537632
111000,371.6057494567311
111100,110.88784354435037
111200,207.84408187901667
111300,205.14970261714544
111300,323.40171783146275
111300,234.53583997631142
111400,244.4833459548367
111500,110.1998045903832
111700,353.6870797180493
111700,128.73277691132114
111900,295.3968077719677
112000,252.88731196319804
112000,383.0993171704861
112100,165.76207384786323
112100,307.2066729800283
112100,98.34701048722815
112100,366.9958940121112
112200,259.2104460486922
112300,279.6030901254775
112300,290.1642359552737
112400,368.5983353359482
112400,341.1390125179351
112400,134.2894081873824
112600,398.700655774262
112600,320.81411149417545
112700,225.04846347197463
112800,324.18046260919795
112900,314.44864616100807
112900,251.54473790786113
113000,357.3606742731482
113100,347.67846851747845
113200,258.2781190001224
113300,130.5646671254607
113400,326.56238568023383
113400,118.64034958942285
113600,304.4466007334761
113600,273.19403990245337
113700,350.8528785860835
113700,269.48459772753256
113800,287.0751017876183
113800,162.52102308705233
113900,219.22804139684638
113900,335.04162917329563
114000,438.1127744662271
114100,324.4582248436789
114200,269.11260630096206
114200,379.8589319063142
114200,303.53860129610644
114300,305.3545496230273
114400,122.36288306237026
114400,245.6744382420972
114500,192.31478930328018
114500,397.62566163629845
114600,245.18735754731827
114600,296.23207404334835
114600,277.26897526713753
114700,244.29455835904866
114700,354.3664747433121
114700,269.2959471337447
114800,275.88456414801243
114800,337.0289924733119
114800,306.73403097760007
114800,341.643960411203
114900,316.34975298738607
114900,294.436732947445
114900,238.8246278246748
114900,264.74969394963125
114900,262.2020720241436
115000,320.45794606782437
115300,347.59536003753936
115400,213.6793450621777
115400,434.2949316616372
115500,337.6015875943249
115700,342.0839446466884
115700,235.88809453420956
115800,444.8755249729202
115900,264.5232203716265
116000,251.8005527227178
116100,354.0331942551459
116100,287.9922652682537
116300,115.89442737230948
116300,286.8929240231256
116300,515.1904129927295
116400,272.99254101187915
116500,468.6356611950429
116700,248.30647010738411
116700,313.96612818899536
116800,393.06842775161385
116900,239.0308315055633
116900,276.69526596228684
116900,273.5384801598444
117000,212.16045419923233
117000,281.1205325951789
117000,333.8731373631026
117000,351.0198915631544
117100,284.1647368975709
117200,314.2940672040859
117200,330.88362132393286
117200,294.1047160428881
117300,296.20599398353215
117300,220.7023425723149
117400,221.48881168907297
117400,353.8083343064805
117400,245.55917572816045
117500,267.3575993406299
117700,274.88210645192726
117700,256.0625712546109
117800,391.27691740098203
117800,274.419323334513
117900,327.70155016771866
117900,349.86290619913865
118000,160.0930718974861
118200,286.61235903371863
118300,254.40278451879456
118300,370.99534259391004
118300,193.98324061430446
118400,253.747207997546
118400,354.3205322721577
118500,397.4619246011774
118500,220.908440854208
118500,292.3483190421491
118500,356.5472034023673
118500,280.096767250213
118600,335.7635888086549
118600,232.44128808179602
118700,209.5659394900798
118800,313.1372172637694
118800,358.75754241793095
118800,435.4635210468053
118900,241.6796195032177
119100,136.77672946167155
119100,273.8235241713939
119300,203.5193413729664
119400,337.4936019034847
119400,286.4787590743312
119400,251.44909429693618
119500,229.03644096346582
119600,251.45185758060362
119600,344.34486021130516
119700,222.51012249886585
119900,259.02960301570937
119900,315.3201673727077
120000,283.6956422507446
120000,386.9898424621325
120100,256.1878734560411
120200,347.5715582907741
120200,365.3215310200873
120200,320.91116732450706
120300,235.56119971598955
120300,236.81164039417004
120400,261.9898234014723
120500,245.09683102135637
120500,216.5531039074033
120500,309.2237974313856
120600,309.13656765435877
120600,244.31547144256533
120900,277.4883799477094
120900,269.97324341896797
120900,276.08966834606974
120900,342.5278512721475
121000,299.824512753041
121000,291.7528611495425
121000,252.80931596589963
121100,184.04375049449334
121300,302.7661217676979
121400,307.66653730503725
121500,388.6670448394833
121700,193.6332658052776
121700,183.62143122283996
121700,263.1529108195792
121800,299.4854753290299
121900,237.92762668042164
122000,333.99091382991725
122000,260.2194735848091
122000,243.87930985774673
122100,273.9746455233684
122200,331.54806196938506
122200,273.97190348397476
122200,433.80906576484693
122300,214.24868131325317
122300,213.13238107474805
122300,238.29971958693395
122500,246.10482724499764
122600,271.0998134489761
122700,412.5119445525278
122800,231.25505380321846
122800,257.0924325979869
122800,247.57330355846764
122900,352.04353487292775
122900,255.2600875520601
123000,219.6848189964111
123100,326.89719477629933
123300,200.93447329955796
123300,291.4903044260629
123400,278.8029729177943
123400,430.34652781236167
123600,291.15713955736584
123600,306.4153700709832
123600,298.15527657827045
123600,295.5216129901068
123700,281.1505855098898
123700,303.1103507348005
123800,567.2389688525495
123900,232.62858282588567
123900,238.97344463612177
123900,224.83614746775692
124000,358.79440507798665
124000,201.12360378851758
124100,279.6852855457003
124100,310.66313774130504
124500,329.2658071926952
124500,345.66912640756084
124500,405.76065191693624
124800,320.4932630230613
124900,283.689659162365
124900,344.78249446622175
125000,300.75126106547106
125000,305.43153825987207
125100,378.1585225333456
125300,279.21480826938114
125300,329.22047285697664
125500,289.9572228565706
125500,328.3156647701397
125600,331.8377377661317
125900,309.73452799179296
126000,326.4104115983364
126000,294.7756670279616
126000,287.47842733314747
126100,278.19783457835246
126200,330.7104787175139
126300,286.1711203274005
126300,338.1899310674887
126400,353.1307211548738
126400,371.72785068990316
126500,387.94679568585383
126600,313.0925419931537
126700,315.67797546578066
126800,378.5873716656562
126800,390.49054148179215
126900,330.76175647683954
127200,359.70249942487163
127300,277.6663175280274
127300,220.41815674362726
127300,337.6585829869862
127300,352.06095349220107
127300,336.602488840471
127600,309.0966994024805
127600,332.42658647325925
127600,403.2158021995364
127700,334.3848288123824
127700,355.24904884647736
127800,366.06277708010504
127800,326.33069253607346
127800,345.0012076153922
127800,334.9434209837628
127800,380.6979814436283
127900,363.46010642036487
128000,296.5078221698287
128000,413.59044345646623
128100,375.9620319673114
128200,259.97789184154925
128200,360.0347236808854
128200,397.10639886559744
128200,341.3360489788695
128300,300.2568193123454
128300,347.3396727698811
128500,301.070950066134
128500,444.5010499993091
128500,299.7276998625721
128500,359.14486826087546
128600,281.4339194562737
128600,342.5166169476703
128600,388.47259115313193
128600,563.3347160508486
128700,394.29063176202163
128700,339.7833280983703
128700,209.33580043565433
128800,380.9433430303499
129000,312.9101250882363
129100,372.0150496416083
129100,232.21863697433375
129200,358.70536824263576
129300,292.4710296611076
129300,346.34656753610085
129300,344.7953551286815
129500,256.08429112882595
129500,289.38388589245073
129600,389.38250935312675
129600,306.5160289083812
129700,343.92331600652653
129800,201.40172002128057
129800,316.9810015463826
129800,245.6759529749394
129800,249.03426976044682
129900,315.978893339574
130200,325.14359413907454
130200,366.26956750927616
130200,340.2609597058275
130300,354.19340270203537
130400,387.92320588424195
130400,365.0677922670272
130600,375.1504496512373
130600,288.65658823401327
130600,316.2674168346895
130800,390.9829081852151
130800,384.5760436367642
130800,350.1284821967979
131100,284.95410748566024
131100,312.3001294744198
131500,421.72559783402914
131500,267.69828926591566
131500,320.69484034872914
131600,384.3289682673951
131800,329.2463295042958
131900,302.55020886469754
132000,252.41039000861386
132000,294.35778532575495
132200,313.2959412537517
132200,314.5975411383623
132300,284.17171545120533
132400,234.54780047813338
132400,282.374909909192
132400,257.09606718880275
132400,353.6524708806226
132500,322.0274653573834
132500,265.21140619511266
132600,313.7727327712791
132600,177.16221116508282
132700,292.0030011712648
132700,276.9176665009949
133100,462.72048087348895
133200,295.2909420725557
133200,260.5953484774047
133200,166.2696790403665
133300,212.21392956139036
133300,237.23010195727568
133400,257.6406832544344
133500,256.11187202132163
133500,309.9474870930013
133500,255.94467623884438
133600,362.53723753026526
133700,310.3495964398706
133800,228.62908727129013
133800,221.00473630060645
134000,341.31133207381964
134100,209.34731390647713
134100,324.89217444183896
134100,233.71055621251253
134200,280.431710291421
134300,265.79819116682074
134300,270.9542938677845
134400,367.1864382893889
134500,245.81562481455498
134500,296.11453767637346
134500,285.1115439196182
134600,265.8144409025338
134700,284.9337067665692
134700,298.10031258262035
134800,218.98675370207377
134800,332.23962259980135
134800,264.55750239468074
134800,330.04794569262094
134900,300.49845861720354
134900,459.7432704413292
135100,307.4426719035245
135200,234.78138346671682
135200,230.5324680096191
135300,214.23338449237912
135300,324.52418724538643
135300,208.61161052922577
135400,466.10755973157023
135400,351.8578877380248
135500,292.3143524134549
135500,283.9588747256064
135500,228.3216666357217
135500,269.7575517041925
135600,297.737901053015
135600,261.80191687154957
135700,261.02612541026616
136000,338.80577784410247
136000,286.8225163350118
136200,242.14311685888728
136200,435.62557268288333
136200,316.7158129017054
136300,345.4025628856087
136300,349.5194125733361
136300,293.6374866356846
136400,246.4932959763626
136500,395.5640825399591
136500,262.25828209318587
136600,509.95030024324143
136700,352.1866664292461
136700,266.27747342184136
136800,392.05384536479056
136900,337.95077473051805
136900,310.370138742611
137100,254.76433253974596
137100,199.77329481945813
137200,361.722217880137
137200,372.5069643016929
137400,293.1019921090169
137400,388.3627798481206
137500,341.3794097913066
137500,253.78697855245494
137600,234.1905081275283
137600,219.16726615348347
137800,231.34273899259134
137900,466.05167929153345
138400,231.39549912996833
138600,273.2256673218366
138600,316.80199801141356
138600,238.57649878980226
138700,224.07918863087224
138800,210.75364790263671
138900,292.05568042355145
139000,218.62624552418237
139000,281.70848424134516
139200,361.07209959813054
139200,319.7020405426765
139200,313.3539138650681
139200,217.45777735969637
139200,439.74102637115266
139300,542.9456334192191
139300,204.6352302500158
139400,204.8684130002902
139400,340.0099997903152
139700,227.91898145692232
139700,262.75070295100977
139800,267.088111638912
140000,429.2168997781602
140000,198.95441707037
140000,365.7670808685923
140000,384.55303133751994
140100,260.00221262769435
140300,387.3419562076559
140300,318.1922340997472
140300,351.9318261837632
140400,218.0862316349229
140400,364.79394328034243
140500,223.45722451407426
140500,234.26662968368953
140600,419.5603164138569
140700,219.476624442572
140700,371.0894104621343
140900,218.35791187465531
140900,249.2766571699964
141000,273.5834246898062
141100,338.0443356824458
141200,405.3009482032589
141200,235.02691023611712
141300,419.3360134024152
141400,297.0569091070987
141500,212.58075145616777
141600,311.4194447326454
141600,462.28267329193153
141700,353.6510222992827
141700,294.6942092910165
141800,307.67655402505517
141800,592.4664538749828
141900,297.85180153560594
141900,471.4371957407825
142100,281.5765358594542
142100,237.1659155429502
142300,476.75519172447963
142300,396.7609382252625
142300,293.7948460281317
142300,217.12163673943064
142400,385.56076043582743
142500,432.400444679071
142500,425.61504186341443
142500,228.82696924992916
142600,343.1169808866049
142700,356.274912903309
142900,345.6659908467117
142900,298.17542093994723
143100,251.4939147307371
143100,415.81795765527374
143100,338.00447455536965
143200,287.8243150855566
143300,383.85629328849836
143400,303.0156883644577
143400,480.73641423525453
143400,388.16236384262317
143400,320.57099620298754
143400,440.9209060232047
143500,283.53580437168387
143500,267.04456944336226
143700,372.5448665627864
143800,233.88208182716875
143800,341.97599229079464
143800,370.82292514245245
143900,453.73927627616115
144100,366.02658976199814
144200,330.57104682659474
144200,227.55173419967323
144300,341.2906572498682
144300,211.92085812791925
144300,439.883999860616
144400,236.03546041998328
144400,222.67688052086828
144400,286.672554306237
144500,407.27578761515986
144600,491.6402154710951
144600,376.45498478553816
144600,265.20046446015607
144700,355.4964516616504
144800,286.04944898675745
144900,372.46304417330606
145000,265.5666068308274
145000,363.45283492068546
145000,276.2564473330396
145100,398.53388340491233
145200,305.54687393604036
145200,264.04411355288255
145300,242.14527988869193
145600,257.2947970108108
145600,348.63347626860786
145700,349.11043003230526
145800,447.9091970878742
145800,212.70665874943379
145900,299.6740423912803
145900,350.93792451109516
146100,276.8059727442783
146100,282.03869880703485
146200,402.66030941874794
146300,304.1205913450891
146300,355.3303101714852
146600,351.8686385144927
146700,263.6270957350479
146700,293.0666025433152
146800,446.0861531699646
146800,338.03479606664825
146900,311.3687567732445
147000,326.34108145642307
147200,208.66492739054803
147300,310.758322660023
147400,306.6378991964519
147400,308.349172854799
147400,379.2894663531193
147500,339.0603223861093
147600,369.6349807806355
147600,268.6014647906705
147700,372.8519284319631
147700,265.0123846907374
148000,257.60847362511294
148000,361.6042400845129
148000,334.84069370164684
148100,379.58663198333346
148300,289.46046689406586
148300,265.3627602679637
148400,241.8368506234976
148400,185.7600271872538
148500,334.48320206788225
148600,167.54724837002985
148700,309.8126080626582
148700,304.40369802905997
149000,462.5938839856715
149200,395.1523162453329
149200,348.551605390783
149300,284.6902994803132
149300,441.52807812532245
149400,378.4473389111683
149500,301.567215500764
149500,362.00531049070435
149500,343.2789339497456
149600,371.8823317579928
149700,309.46046319751457
150200,267.89076692349715
150300,303.52578995157097
150300,290.4337111366118
150400,352.8902662426307
150500,331.90567268518816
150500,274.25415195586424
150500,286.6127147239377
150500,406.13467696717754
150500,337.72187255488524
150600,420.25774635969293
150700,505.21673776410057
150800,357.6464801381342
150900,325.73439987644724
151000,421.7935825936354
151000,258.75534643376153
151100,457.76828969928584
151200,328.7620889571756
151200,337.0438525260135
151200,287.15710150089154
151200,402.06657884986356
151300,339.3378505469995
151300,340.46902004628873
151300,401.1686938769773
151400,354.253321966652
151500,324.86341201588573
151500,491.52366358675516
151600,311.02385471582187
151900,396.50154687642794
152000,336.69196959719136
152100,314.64707021892167
152100,406.2194013975781
152100,448.7197512879876
152200,436.02077288447765
152200,400.33055221610226
152300,463.07742435592246
152400,369.1399114040532
152400,338.68971405419495
152500,350.1134052363965
152600,346.9039461696624
152700,326.74545881438365
152800,405.07416694314696
153000,454.35989789268643
153000,296.1084729509152
153200,278.90149353009633
153400,403.23171582450544
153400,350.31643641683564
153600,404.1854655487567
153700,274.87153298974556
153700,296.93470229500304
153900,407.2862716913741
153900,444.9594355615269
153900,495.7743711807188
153900,507.69380183480325
153900,353.08665731539026
154000,356.80996746755204
154100,449.80610438876056
154100,396.1068160962557
154400,281.3224905087347
154400,304.19982792075535
154500,283.36682156363247
154600,377.0747878343065
154700,435.3757599787946
154700,306.65750068813264
154900,398.3630381211552
155000,278.20536399324584
155100,408.22321224788794
155200,513.5177159027958
155200,448.218266295564
155300,329.8680145286772
155300,322.80006958330017
155300,372.9227367492252
155400,321.35425930259265
155400,340.68655265235776
155500,402.0894215752918
155500,432.0262346623063
155600,265.73778083140587
155600,240.52830479438063
155700,411.8874347735232
155700,243.32440926186655
155800,424.7065432387319
155800,299.76571789589514
155900,239.49941485880174
155900,433.8800895350678
156000,387.72775211191924
156100,413.882343476141
156100,429.98379605973173
156200,289.2934024053797
156400,241.71299922550702
156500,345.24140397999537
156500,338.49002906988767
156600,251.30290968345804
156700,360.33371925933807
156800,260.9583577327575
156800,316.3522696668047
156900,414.7844704223792
156900,402.2600965593546
157100,323.6190467534901
157100,436.0782946272837
157200,348.7317727164169
157300,153.0516439608176
157300,246.95129682304898
157400,381.2841126754521
157500,337.3020697410807
157500,463.32049563768817
157500,416.7717811678737
157600,260.3497673280288
157600,421.04062922310914
157900,313.33844689317004
158100,340.0457707920222
158100,338.914548026994
158100,342.56956480738285
158200,338.2511026638866
158200,263.37617972586423
158200,363.8585213411528
158300,339.880090609883
158300,383.8562976171255
158400,243.29298405877302
158400,305.6980148182596
158500,356.60157389247496
158600,280.9894671881754
158600,359.708200038321
158600,226.70916723654713
158600,343.1772269699617
158800,411.5592976956773
158900,385.24010004319854
158900,452.6289212715499
158900,547.7429185448477
158900,340.93087095336176
159000,382.88079881743573
159100,292.6457795909017
159100,351.4723012078415
159200,283.29179303871865
159300,247.96520924444306
159300,355.8829997487771
159300,482.29113497041897
159300,332.4177135440909
159300,393.0637766845849
159500,440.26250831258346
159500,241.16212401246102
159500,384.77190362318356
159800,377.5537502725275
159800,337.8313270248463
159800,367.3844710644853
159800,363.8840157324498
159800,383.6698792534583
159900,295.8545926782093
159900,317.2049356560602
160000,306.0393037080742
160100,368.5373639434739
160200,524.6140295602668
160300,318.50248679433173
160700,305.16296978965056
160700,212.6078610964221
160800,332.19332567056944
160800,342.2345878785752
160900,707.4785153955414
161000,316.3991400153068
161000,238.21773944736972
161000,310.2751709364966
161100,348.0832004062446
161100,322.0072668139673
161200,356.76742618242866
161300,276.258771783655
161300,291.37214319933787
161400,322.3533395908465
161400,383.6310993764076
161600,308.692140698481
161900,295.147304279193
162100,296.2793272981962
162100,320.7119170522423
162200,363.88238746987145
162200,316.47986218447465
162200,323.10919234557537
162300,300.7071006393437
162400,332.02890146739054
162400,365.9247570994838
162400,353.5887865587698
162600,355.44599183442
162600,346.06556664862313
162700,258.3151456655635
162700,265.603533611106
162700,205.5565506552655
162800,345.6906007413546
162800,316.223446591925
162900,346.96760830748616
162900,278.2338490146292
162900,481.02563880087865
162900,301.96334405230675
163000,395.1877700744328
163100,357.57633081215243
163100,296.41959485210083
163200,380.23115011706176
163300,252.53839342024722
163400,332.9425140777695
163400,255.69780688219788
163400,288.6568474784752
163600,246.49248661834582
163800,296.323718613939
163900,356.4082401510232
163900,312.0584088520322
164000,301.5203049124778
164100,265.26863581920816
164200,284.5903217458823
164300,301.3642603534131
164300,200.5972622319617
164300,301.3659055568209
164300,286.47213602854737
164400,345.6814422945895
164500,377.6156034501732
164500,437.7548660967227
164500,375.8399979443287
164600,254.8983312578931
164600,324.6143212767313
164800,310.4063749393068
164800,291.89994438793
164900,261.6991358648713
164900,305.93314387618204
164900,344.5059910006383
165000,321.07922109686797
165100,287.5907812008218
165100,241.38429333829862
165200,313.363259940198
165500,279.409783993218
165500,213.4551416967566
165600,264.2123455389846
165800,292.56625924193884
166100,334.66319803059736
166100,305.61170485561763
166200,369.3210069940293
166200,341.4989421169611
166300,348.95351685552976
166300,361.2428046759586
166400,344.8645261651519
166400,273.0747545177426
166500,447.628747651357
166500,370.07289683790503
166500,467.4021695749377
166500,373.29446669791434
166500,325.21581152750844
166800,393.9994171319433
166900,289.1153397753043
167000,370.33773259699365
167100,339.5907651908229
167100,343.2831822204004
167100,351.4590518111208
167300,412.0153672345471
167300,297.03178767104225
167300,328.5422713399406
167300,304.2915312688073
167300,260.49924510554575
167400,425.6748709566477
167400,316.2731130977468
167600,322.2226014546791
167600,260.9784015248596
167600,341.0168012960376
167800,274.1161200874755
167900,314.80270529629735
167900,274.0977009586271
167900,313.2562703109049
168000,372.406539133901
168100,347.22476820592595
168200,523.5835138800753
168200,472.62303475143193
168300,291.6773534128673
168400,275.9262302910639
168400,338.6156339510883
168600,295.6492296810592
168700,236.71806148027298
168800,326.8150695773544
168800,282.776366979395
169000,300.5372293782368
169000,323.15479554243393
169000,291.0874034349783
169000,284.1307339869342
169000,184.60948447206715
169100,370.46257895922463
169100,467.08672527625356
169100,276.96013069212535
169200,405.79253331114484
169400,311.49210520577304
169400,290.28481754869
169500,338.7043999660935
169600,327.52994873028723
169700,364.98612680502447
169800,236.99417664591337
169800,348.03299001964206
169900,236.08959324010536
169900,344.58851891591553
170000,339.5612027120943
170100,306.8922727649589
170100,246.49802138232297
170200,397.74952593677045
170300,259.484667994638
170300,309.6489477035153
170400,301.38324841298385
170400,385.00327164939205
170500,560.5139554795285
170600,245.18460979906754
170700,258.617549772704
170900,254.63779895745776
170900,395.48976114353474
171000,359.1093112726677
171300,342.62139682321117
171500,424.0860911421024
171500,309.1860179317248
171500,349.6150428938369
171600,377.27933313616654
171700,332.2611832133405
171700,360.4183220586495
171700,380.88537537622483
171800,367.3736189235875
171800,256.55350932114914
171900,268.61821822346656
171900,267.40127904176467
172000,319.78417172752154
172000,275.4481745504951
172100,290.0321832635342
172200,349.74782717900985
172300,306.9851080542489
172300,380.77548003188167
172400,288.2676156949179
172500,299.1157044708633
172600,318.3575869399004
172600,313.53289763970275
172700,330.33084346929365
172700,344.2593547355201
172800,274.5189806070066
172800,291.49576002321817
172900,301.14519681211686
173000,414.567963019787
173100,409.64290846843926
173100,338.83657801290406
173100,235.7677944152883
173200,291.0879791274372
173200,287.0377584510178
173200,305.16065303394146
173300,410.02837236331555
173300,280.6167758663743
173400,301.65791564338787
173500,288.0080995161142
173500,316.1410859732187
173500,282.5864306132419
173600,315.40654080686727
173600,302.5814278924216
173600,327.188365354185
173700,248.46008017679793
173800,326.54693488059013
173800,314.68457197687866
173900,474.2591616452928
173900,327.5526386664108
173900,368.6816199367104
174000,232.98306638271532
174100,507.10165769602713
174100,297.4597862298112
174300,480.79574810443
174400,276.82674594547154
174500,236.90942301267216
174500,302.36545534687707
174500,255.28444395368456
174600,743.7099297147691
174600,334.3738565846647
174600,268.77719450423024
174600,321.28285815663713
174800,287.5444634880214
174800,223.9545256370641
174900,349.10853949572464
174900,293.6136238207703
175000,352.40048599784006
175000,293.5875439817442
175100,306.0421218381253
175100,274.8416113120881
175200,332.13434211208596
175200,340.7925508341744
175200,476.4734801485145
175200,245.1958393879131
175300,322.31669798131725
175400,337.10244503657947
175500,263.6518404738293
175500,315.99656635563827
175500,281.9353544478455
175600,171.52819964533
175700,330.0655010325124
175700,259.20351234342155
175700,381.843651678164
175900,323.02812814467876
175900,473.80414100649955
176000,557.4402153935453
176000,290.4292909735627
176300,319.7654751550189
176400,264.5498566420466
176500,354.10653976713274
176600,317.38169864642094
176700,302.7798610212375
176900,355.0488897779605
176900,640.2594740582723
177400,282.842601292106
177500,356.6363571359481
177500,348.7675246336147
177600,287.4478659314381
177600,333.05127050747967
177900,360.9138581301042
177900,262.4215330947316
178000,286.6962557464614
178200,334.80153213912575
178200,271.17507122218785
178200,360.3199826304174
178300,294.7604296923668
178400,143.66121592830066
178400,262.2838842357325
178400,422.9588832752432
178500,279.47265507873544
178600,385.67476836423293
178600,328.4010189464334
178700,296.0573832608946
178800,288.1349812751327
178800,362.3086122598888
178900,284.52820344408195
178900,306.8415270304197
179000,271.39973966907803
179000,293.055221961731
179100,318.51906153252986
179100,343.78995836513013
179100,366.7716160518749
179200,307.222249232659
179200,276.88794626332054
179300,257.3276506622034
179300,263.5088022436461
179300,240.41522097615425
179300,210.31458780525946
179300,355.76513175465146
179400,305.4404032274206
179400,337.3621204032235
179500,321.3942417454036
179500,222.65959912938692
179500,284.75489276625694
179500,308.998842873938
179600,326.4225849360298
179600,214.32105391851934
179700,380.80080260395266
179900,314.6719573562614
180000,249.4943891143519
180000,309.80888261478475
180100,398.3009015309734
180200,217.14989178367645
180300,266.79841285844077
180300,373.98111773257637
180300,168.1178745895169
180300,211.5229973066818
180400,400.1625810590812
180400,328.50873774705536
180500,346.7122955089743
180600,354.13249286316886
180600,230.01343133152778
180600,277.6462827496184
180600,368.1809911350677
180600,490.9008346160681
180700,358.4866284846595
180700,315.6186001778054
180900,257.4845108806393
180900,310.5364738285494
181100,152.10206093110733
181200,320.89949922039193
181200,369.08489551083187
181200,294.8840857609657
181300,331.66016393384444
181300,262.7597607780567
181300,360.72230752601376
181400,337.17084660206905
181400,470.75172036205373
181500,353.80420754470293
181500,349.2281504039108
181600,340.697547777343
181800,248.64581490216162
181900,264.6396049599876
181900,332.0389850145269
182000,341.33930331404343
182100,430.79234233966395
182200,180.68958373793478
182200,280.85815714837304
182200,386.1589172349626
182300,438.0027264865022
182300,123.23873212983291
182300,327.0474893101826
182400,320.60617146285745
182600,307.825416397146
182600,467.6757972693971
182600,136.09887312979833
182600,133.97684475137095
182700,250.22304102963227
182800,321.244683854144
182900,114.27168767032022
183100,274.7284274794242
183100,257.3255957223319
183100,376.9398022360597
183200,241.02508258632628
183200,278.56479599097685
183300,259.09651096762065
183300,246.18321070922676
183400,387.353154795865
183600,399.02846657667044
183600,333.5584517456275
183700,186.19424250096728
183900,234.86699614214356
183900,274.63224647930366
183900,170.29204069308923
183900,124.68411819550633
184000,106.32327784531198
184100,244.83772632705742
184100,465.72857896503024
184200,254.76606776940784
184400,251.24708963108876
184500,276.6932101153348
184500,288.0002322545613
184700,396.83881010088436
184700,444.67517420730184
184700,590.2545713634049
184700,302.94204205633133
184700,279.6380268923401
184700,285.87258842821893
184900,278.3492937716364
184900,401.98522334067513
184900,230.97700505272564
185000,294.0499854803534
185000,313.7164822426861
185000,271.5114342793446
185100,312.8605992784058
185100,135.6549922248023
185200,122.23268810817672
185200,445.3914879420005
185300,110.73999765597007
185400,402.97636155306014
185400,357.9250725250426
185500,359.912732578169
185500,289.0515915301105
185500,115.64292110237285
185600,327.8761416407599
185700,362.6379991845434
185700,313.4698545727077
185700,329.1120035470881
186200,354.51576679485504
186300,231.92120530978275
186300,274.06410079880857
186500,266.5261915100758
186500,370.4093408729707
186600,171.6774851022285
186600,336.99681564765257
186800,383.9013080463551
186800,373.8006404616982
186900,324.05389631999543
187000,166.87540362063703
187100,278.3794341047903
187600,352.2520316197638
187700,355.50422634317437
187800,373.5003298597258
187900,253.94945657880365
187900,352.048500484173
188000,173.40359659994212
188000,270.5443289950372
188000,370.01458954286625
188400,278.7195778573748
188600,379.01666795843965
188600,436.02831901591946
188600,408.76764794376624
188700,403.56312357824237
188700,304.4300563023477
188700,249.67016716846496
188800,388.201681142731
188900,305.8089360233976
188900,418.867911642172
188900,412.043190597351
189000,387.692286988512
189100,301.4705742939801
189200,394.1670348876591
189200,381.9868636759337
189200,397.06752642916797
189300,432.74872789563364
189400,369.4296867179021
189400,372.850674003199
189400,380.7175346503213
189600,364.1902305810133
189600,353.95642219790545
189700,533.0065397196247
189800,364.9044317084719
189800,362.092332592437
189900,389.09037537810264
190000,375.5270735408762
190000,249.550400822382
190200,360.4384639799641
190200,349.4302458592819
190300,458.2310754236124
190500,329.3995999605628
190600,360.33240605147085
190700,286.32829856845825
190800,369.0078166846676
190800,335.01284759686996
190800,379.351410982332
190800,306.1084942719054
190800,351.6331384189104
191000,351.75009775667627
191100,437.1585738333254
191200,355.89708937124476
191300,311.5676354668972
191300,351.7676674833125
191300,385.00249630232423
191300,308.0968956996107
191500,304.03238895025686
191600,421.9159520372683
191700,347.7528516624456
191800,363.01298980330745
191900,366.0806195698207
191900,349.64399683549686
192000,364.1637195869704
192100,500.6412103773565
192100,325.45329653009736
192100,376.5082641940783
192200,340.01475436569444
192200,419.0178916260585
192200,452.0744378734098
192200,353.0410333381686
192200,538.2439251091986
192300,350.8312848280671
192400,343.11274916484683
192400,333.77179439080584
192400,384.4072847320516
192700,342.7837589245876
192900,320.1340107323045
193000,394.75280625139715
193300,363.9625719449097
193400,379.4220519634557
193400,395.6586416754113
193500,398.8898635170231
193500,338.0500268266919
193500,343.4807300149228
193500,424.50869894121297
193600,147.59814936335945
193600,476.0450994788592
193600,326.0948835361972
193700,285.27586159240633
193700,338.08994368849983
193800,412.22168224189124
193900,364.80699169089075
194100,310.1670539951376
194100,386.04180791036197
194100,302.70205569933023
194500,447.30001910431224
194500,329.5972456150302
194600,431.91096952472446
194600,279.45561316779884
194700,291.85642222479106
194700,464.70034741682974
194800,345.65994404376386
195000,327.34704293376916
195000,286.4966718688533
195000,382.6326960625904
195100,570.955036653618
195100,348.79264779271466
195200,308.7742533399529
195200,288.73654380514307
195200,445.83351815934003
195300,277.44693597795083
195500,443.89392133820235
195600,442.3114191972615
195700,269.61538478300423
195700,315.8073314800152
195700,244.24229905455326
195700,314.9558917116078
195800,316.34828868432595
195800,473.3435769728331
195800,435.3313056279812
195900,299.0811202980464
196000,402.5352272293589
196000,339.13583758824166
196000,352.2650254276172
196100,302.65786119403265
196100,367.8823330528661
196300,350.4330671159652
196300,364.5442433059941
196400,379.0693956776218
196400,317.57438773221736
196400,360.59238483223163
196600,303.0525811879364
196600,424.05551489321425
196700,291.4803330782859
196700,331.8807963728669
196800,400.65966478445785
196900,403.9086391459251
196900,248.3081160027857
197000,333.87897590259695
197100,326.21188750063914
197100,305.0944807890302
197100,256.11476034836716
197100,402.6451567493235
197200,281.0403197259753
197400,391.1334871189952
197700,350.6364407100461
197700,405.93413013926835
197900,345.16598287901206
198000,332.80936752618595
198100,338.42678703373764
198200,382.5955230659873
198200,323.05604728720044
198300,687.3603236954654
198500,368.12261949747494
198500,372.1035063873912
198800,323.5544846589472
198800,386.18878020391946
198900,321.7359230882338
199000,334.0046393056638
199000,392.0293137035552
199100,321.4433811861345
199100,319.84380853827946
199100,339.0562330938036
199100,338.6141047509968
199200,349.1469378155073
199300,285.8541344679298
199300,254.63839860911415
199300,232.576759290755
199400,384.42682769179453
199400,297.61560210398864
199500,382.5910436715897
199500,284.48861331903817
199500,289.79165715050976
199600,358.74214771957855
199700,406.08992403897463
199700,333.8214143275932
199800,272.348073326494
199800,373.15985996164954
200100,386.74057914796316
200200,336.5185664529743
200200,304.03450802213956
200300,394.27849880232895
200300,367.8611181008407
200400,396.7432753127284
200500,410.4249580325214
200500,345.0827151401225
200500,343.8166977792459
200700,293.823123342301
200700,409.085501015431
201200,309.5382631212604
201200,321.70940480940897
201200,337.50829822604635
201300,370.95954762381905
201400,269.159091679008
201600,358.1305046729779
201600,282.89288344135275
201600,333.19965651668065
201700,262.2384697028506
201700,228.97953451382722
201800,386.7158981191133
201900,309.8822181751675
202000,307.3456992084458
202000,386.45001853752854
202400,330.1951535888302
202400,355.75603802033066
202500,394.2785223884578
202600,354.18340563120387
202800,280.13191526368587
202800,334.392214160392
202900,356.5642511645892
202900,454.0271033891984
203000,314.54159984604695
203100,312.30319911919366
203100,392.66132370810703
203100,396.72246562787166
203200,469.0723044347018
203200,243.86025119147948
203400,434.5941604355758
203500,365.1849840280427
203700,325.8101049440464
203700,370.6441816782145
203900,359.16214028243786
203900,349.5254469741088
204000,436.9712206713063
204100,124.52505709921837
204200,181.36879035468436
204300,358.44656519476104
204400,350.1695738378167
204400,430.1782701423744
204400,401.47964456475734
204400,458.8693637979775
204400,381.29783142624564
204400,389.7443628554952
204400,414.2584943136527
204400,211.2973116184555
204700,360.82394601809915
204700,279.63487223533934
204800,392.1959167640675
204800,295.44582349679956
205000,387.27498208923765
205100,389.6257740600575
205100,327.69572983780813
205100,460.077038437679
205200,358.77183164509205
205200,353.31027661634585
205300,332.1305880477326
205300,451.3432359126209
205400,463.02381224911494
205400,432.57315273538063
205400,299.7497018993215
205400,334.88396416285815
205500,320.07439990978094
205600,156.81750561177702
205700,317.4555678266538
205700,360.5899946067476
205700,329.7101134456852
205800,499.9257234998803
205900,389.02632722369884
205900,458.21424492471357
206000,333.78456845031167
206000,319.89410662303095
206000,250.8998014764611
206100,346.2851767078846
206100,99.21190929959701
206400,244.31488850575218
206400,324.9887348724037
206500,266.17959575244197
206500,380.8872066623481
206600,364.42139169930465
206600,348.5236042175808
206700,355.90729685636194
206700,319.7170923306395
206800,499.2610589959733
206800,147.55483599057158
206800,287.4008855771353
206900,326.8652416525148
206900,252.43977340523207
206900,496.023546106602
207100,347.08182096499877
207100,380.45586404197445
207100,277.53776464578664
207500,403.6771362644205
207600,388.27949308165717
207600,377.2659560779048
207700,222.2255590170568
207700,345.9945038548789
207800,351.75793701872107
207800,356.2318558004596
207800,279.1506101960806
208100,367.171672319
208100,407.78676281702434
208200,390.4062718420531
208200,371.76523644115144
208600,336.44628484656647
208900,264.5686770757644
208900,551.0147124204327
208900,276.5602356630626
209000,296.33034604962097
209100,561.1613190161069
209100,370.01439369283264
209400,260.8629320934702
209400,374.7283056148184
209400,298.6543886839166
209400,307.6793854951161
209500,325.4754542268884
209600,373.4652215806677
209700,384.35441685516116
209700,332.63019542917215
209800,236.32511481770212
209800,381.823455514197
209900,418.7912691617342
210100,267.3951144593103
210200,472.3177239274247
210200,260.8661046484486
210300,296.5256103567309
210400,235.30449471117913
210500,256.9817182229831
210500,359.89487068949995
210500,358.84932807378266
210700,269.95967212290157
210700,277.2839844272697
210700,275.9916585271803
210700,301.8924808187974
210700,325.5576127407988
210800,232.46207014108663
210800,315.83039962538237
210900,308.43349123950156
210900,342.1713995620071
211000,317.2275841438133
211000,363.61849370476733
211100,268.03105487672866
211200,429.57327318614387
211200,267.6926486400688
211500,276.25901408788945
211500,327.0496365616493
211600,395.3866712677764
211700,336.51231870790815
211700,381.0266866477061
211700,332.13465005715346
211700,307.1003264068879
211800,341.0154342980502
211800,329.51120074280055
212100,262.95609302340876
212200,347.16444417576616
212200,290.19513185321205
212300,302.87343820172487
212300,403.4397624117169
212300,340.9486895814801
212400,337.0031161888469
212400,273.8974692289384
212600,370.48385480078827
212600,359.23376678136646
212900,287.68504277914457
212900,291.71986507553714
212900,559.0305748840883
213000,333.0194829259861
213000,417.44068344055796
213100,357.9756499264662
213100,311.68900874946326
213300,315.3564106720986
213400,312.30233454995454
213500,337.88312214145526
213700,378.88657348318964
213700,349.73074912199627
213700,371.2661729185773
213800,372.23254473956075
213800,346.440278148613
214000,365.7119832200741
214100,385.3650097091466
214300,407.6268272925613
214300,382.41542476416697
214400,549.3081628630688
214400,331.16752227407665
214400,385.54177184400845
214500,551.9804427965273
215000,356.92423091469726
215100,465.9702868815202
215100,386.38403246180445
215300,394.6378731728669
215400,410.90320349254586
215500,371.3939987825536
215500,379.098873930224
216000,390.7940574612143
216100,398.4677197151771
216100,403.3856965373866
216300,379.9184616234055
216700,337.48053480503154
216800,341.4878727484777
217000,396.5496318136291
217000,336.08393251805023
217100,393.6518094891742
217200,374.81614153479364
217200,336.74839381682636
217200,354.84109564769903
217300,316.33430847753954
217400,435.3801271670732
217700,364.32191526834083
217900,330.51980764042446
217900,387.86420127174205
218100,515.104821324753
218100,269.0948519889685
218200,396.3654415476243
218300,569.0597991260377
218300,386.76932957250915
218500,440.74534116605065
218500,336.00580765386616
218600,327.2325362392357
218600,436.0575047671319
218600,394.22574811591204
218700,388.46743702765394
218700,379.926248115623
218700,384.1873551189425
218800,386.75823464835935
218800,419.88572421382884
219000,321.1486742524037
219000,291.54736321863584
219100,546.9581882253735
219100,412.0295239319451
219100,282.0628406089485
219300,411.18658047555346
219300,556.3621848386357
219300,381.94959827589395
219400,378.87619931695207
219700,415.4864959401389
219700,302.6575643979758
219800,407.2399318992048
219800,465.60316643493843
219800,263.13046657345825
219900,390.6255344167472
219900,391.03784253760364
219900,342.93209756192215
220000,274.91364994916734
220000,340.55234173570705
220100,488.1411628623801
220100,353.0827867322235
220200,437.8033451182022
220300,430.2838556924621
220400,464.77157689594367
220400,378.5684079500008
220600,514.6040364175676
220600,433.4919258059939
220800,379.725100478109
221000,314.50985295423965
221000,334.85809901603494
221100,469.2900065116577
221200,446.03248492106934
221300,374.60383914328685
221300,389.94625174173547
221300,323.8885847653255
221300,521.106992742932
221400,360.71811401195004
221400,300.26629154236736
221400,407.3002051369968
221400,300.23161690788925
221400,314.31615247516345
221500,380.2151825286717
221500,414.1579025883101
221500,491.6911107150795
221600,410.4583505733148
221600,279.71721728425047
221800,345.0634818654948
221900,332.5972425627535
221900,414.1844185367849
222000,326.2601523400449
222100,420.60794422884834
222200,491.1145913600996
222300,419.3876706432999
222500,387.551153353998
222500,296.99350208734074
222700,482.1691854306801
222700,361.1165730687252
222800,349.88498069839704
222800,323.43554317843143
222900,509.02989585825264
223000,292.24301524238916
223000,492.6085916408641
223300,401.1952426896353
223300,361.18751706928697
223500,276.7876478210827
223800,317.5933999334195
224000,288.56216561534217
224100,339.66703258306063
224300,479.3622089859336
224400,403.94962695727537
224400,464.86638746275395
224600,288.1651983870098
224700,257.9872174420139
224900,441.3254191066177
225100,434.9544594159925
225100,568.4956355396665
225300,353.5637890478307
225300,394.4613463135775
225400,364.1448587392706
225600,351.2938604911968
225700,333.960768271329
225800,314.1437118479687
225800,298.2993339759649
225900,304.9776936749349
225900,401.624446619759
225900,409.79815810141025
226000,332.1141658115018
226000,442.9393118301139
226000,342.4195453048163
226300,376.2903503569529
226400,307.0824867624578
226400,308.62118200776837
226500,337.3812271761818
226700,374.68350272018654
226700,372.7600246360327
226800,333.7406034292014
227000,355.6242694080913
227000,342.2520773023531
227100,336.7715054417835
227300,425.9681713766113
227300,430.04194020816135
227400,493.7074813260737
227400,296.2745270995755
227600,363.36395290493584
227600,388.7677390430743
227600,325.9857353983635
227700,335.88920771311757
227700,402.56005964290665
227900,335.0693784610708
228000,357.53418916504785
228100,353.19501621687755
228200,438.4312207551559
228300,353.6490915275082
228400,358.6577571502167
228500,382.9109192041864
228600,379.93434304901984
228600,317.173200731809
228700,416.8930993376284
228800,314.77293830825096
229000,355.87343696922943
229000,314.96656672541667
229300,426.2450159599746
229300,477.3801263251137
229300,443.89489371196004
229300,359.15248988124847
229400,429.36575595015984
229500,345.6640400156261
229500,455.67097530855654
229500,355.67319117867896
229500,410.70579371959064
229700,357.4884537824932
229700,368.15647699032536
229800,340.6618519768329
229800,389.59146164416825
229900,439.75272577133734
229900,413.8331887843313
229900,367.01480901593743
230100,388.45833313928847
230100,454.8704942776615
230300,396.28170168351636
230500,403.94715600268677
230500,403.1153718868568
230500,362.6880232840233
230600,428.44727442988835
230700,383.85569798762975
230700,433.155502016832
230700,315.39603596432045
230700,425.9487436494907
230700,342.5847220702495
230700,439.3150567639404
230700,353.5948984146394
230900,405.9146955545452
230900,292.7035392487303
231000,444.63334514011757
231100,351.7067355388895
231100,409.2748525083834
231200,583.139421422562
231300,446.998742286006
231500,357.37078315811493
231600,311.4804673247367
231600,421.00702765324615
231700,323.62327250170074
231700,310.76356216094865
231700,350.582673240231
231700,389.18394204803883
231900,457.51563722048814
232000,471.25799926926345
232200,303.7744232075907
232200,311.85555078735297
232400,297.82737227449377
232400,344.9975460398378
232400,265.82447788458114
232600,431.6738077506052
232600,276.20160879358866
232600,282.61725971205544
232900,414.19659606428104
233000,426.3777843422973
233000,335.97556999299036
233000,480.70346925936946
233100,289.42705200867476
233200,336.9031590540626
233300,318.98494323952116
233300,376.18642237953
233900,289.72628354443714
233900,352.7329065972351
233900,296.1087702834961
233900,318.809646602079
234200,372.66206323729386
234300,295.2163878950331
234500,336.67722555897086
234700,379.1055178719843
235000,369.018853322354
235100,374.34671781902125
235100,321.9882000939667
235200,325.1304288130541
235400,431.22556029753775
235400,374.97330520960725
235400,308.60214689789507
235600,375.62163958645027
235600,443.9563922565322
235700,303.58887800150296
235700,363.8559135668957
235700,301.46117109646667
235800,428.9757637244878
235900,353.0668209608285
236000,276.80759398275035
236000,305.0381316131625
236100,380.877667641695
236200,437.1914923197599
236300,367.78129316481767
236500,428.17206439211174
236600,324.0264582680615
236600,304.09440469766713
236700,319.7342774126708
236700,315.28700237929223
236800,324.12108877266564
236800,355.3201325507671
237100,465.15558097315204
237100,367.95135094529235
237200,324.83763045636164
237300,330.8989365720761
237500,365.4187679678973
237600,300.983067832789
237700,325.2500294612594
237800,339.7601923817138
237800,331.3203562140917
237800,352.76703618068547
237800,352.17316661372047
237900,377.2821153469364
238000,520.1121614072367
238000,324.9275262225699
238100,311.3522519411272
238100,455.64514566606005
238100,316.04944513308993
238200,436.6641037936314
238300,329.8376041082175
238300,334.7275903299512
238400,311.4641802165785
238400,300.0389569295414
238400,381.0066651720048
238400,337.18260262625876
238600,442.02126739119865
238700,307.46982263343955
238800,540.0154103676367
238800,430.027713833114
238900,343.8350286988753
239000,291.5779012740178
239100,462.6736931846264
239200,359.40639520508313
239200,438.3074978185865
239300,450.6537649431145
239600,346.31656906249077
239600,396.5259827019421
239600,557.2120920656977
239600,342.02374979902464
239700,352.729645540617
239700,381.1138031968734
239800,316.3215098230339
239800,358.7901296969064
239800,405.1609287596049
239900,444.25897242361305
240100,331.1315731220853
240100,362.5663919894735
240100,391.64661311662957
240200,326.1167796375784
240200,311.2030796662741
240200,311.75047523084174
240300,375.8139629750607
240300,444.28090622269383
240600,346.92262760176305
240800,337.5081791221218
240900,392.0627903237513
240900,278.4974780978916
241000,442.5394722309279
241000,375.6273870839425
241000,606.9314654612507
241100,412.32668632348737
241200,308.19506993825786
241300,323.47336277860785
241300,502.35689206127654
241400,321.82856718875377
241800,273.00407030618646
241800,386.8455771745123
242100,363.7248771641963
242100,416.128692966927
242200,438.30255269530625
242200,404.8974140706267
242300,442.80640662874526
242400,466.7048990539958
242500,275.6896826645259
242500,319.6989591411481
242600,321.6444606295684
242600,307.6977044447519
242800,310.85560019107857
242900,282.25923391179845
243000,352.0451925509253
243000,381.837605792619
243000,273.12084683861394
243400,286.20935795915443
243400,331.45910148516623
243400,341.6066975630374
243700,453.4734947145992
243800,329.3916953803688
243800,408.8941282580545
243800,359.36908216772196
243800,376.53106426307113
243900,343.03929049659735
243900,283.34432243096035
244000,367.65380247756013
244200,357.5437910491683
244500,330.79854256369975
244900,380.15529925901376
244900,417.0404217867351
245000,320.68719360088215
245000,301.56696023063546
245000,362.0178286373604
245100,437.75408124735407
245100,286.5797535669998
245200,310.59862943850516
245200,273.3537204587273
245200,311.38171176299113
245300,310.3394638342255
245300,315.536777500862
245400,317.61911183714125
245600,341.66721200649044
245600,375.2478729944368
245600,343.7289773264082
245700,421.4069183042161
246000,431.39781004083056
246100,294.2870055455676
246400,411.0124721430265
246500,453.18195744519744
246500,406.19544106785224
246700,286.82617189303573
246800,328.1284594415021
246900,370.71462631142134
246900,357.37170614873133
247000,380.98741003418195
247300,391.8268050949547
247300,357.79258515707807
247400,299.9521044778619
247400,384.9136058650049
247500,452.68590393020344
247500,378.679476834629
247500,465.3778532131284
247500,368.42540004982834
247600,392.85316708221785
247700,303.61864635614586
247700,378.0500456706106
247700,409.47278450331424
247900,350.1753365481949
248100,301.577326905359
248200,302.1250621041619
248700,321.5740402726622
248900,367.9017497028175
248900,400.68338773701424
249100,489.47355505616633
249200,528.0843679562383
249300,413.7581765818219
249300,462.9341966628183
249300,420.005120831428
249400,355.9738337674032
249400,365.7407830503572
249500,306.32363940172297
249600,421.0431534973152
249600,429.01889874082144
249700,402.2178525435212
249800,469.47917681932535
249800,411.15563551833145
249900,494.79159987458263
250100,459.21613757246286
250400,334.72172080217774
250400,463.5825848849109
250400,491.4779162980103
250600,444.70861250958575
250800,336.9339761400719
250900,375.51022913542766
251000,396.4404631881442
251000,460.789460635288
251100,295.8424097552893
251100,456.59978442430884
251100,306.12999068372426
251200,316.0230075605134
251300,410.2256602644023
251400,453.4164157790036
251500,366.11292063389493
251900,414.3170110220725
251900,494.1303564153708
252100,506.66435693714135
252200,388.61322075630125
252300,519.4766179188405
252400,460.1362672613088
252400,414.569866752709
252500,339.4257620315549
252500,438.5130988991033
252600,377.8246581175244
252600,632.1811859881943
252700,429.2845178128144
252700,557.3399503841496
252800,328.951054957211
252900,500.1631767022183
253000,332.45186207045566
253100,437.34139399497934
253300,305.8649064891419
253400,327.2721203600827
253400,402.5995673014649
253600,429.131599507989
253600,423.2842706477857
253700,491.0606655046798
253700,343.90070482228487
253700,421.71773096124303
253900,384.1507808324941
253900,373.85979411272365
253900,797.9843606301748
254000,430.03296735937295
254100,379.5598435975851
254100,393.37246005088684
254100,365.35218184148516
254200,508.57710769434055
254300,295.3185313525405
254400,336.568624596129
254400,391.7640883807473
254500,405.60407989146125
254600,407.37659387313715
254900,706.5560899999535
255000,345.91222623584207
255100,319.01916793293697
255100,447.9934534636487
255300,502.0347247953865
255300,387.7704938718017
255400,646.0924213741603
255500,368.3157329044467
255600,567.7610673878994
255800,373.7365848201672
255800,353.86862883083813
256000,362.385600084276
256000,361.18502976865886
256300,460.5444591646401
256500,525.4618482086838
256600,549.7233804863924
256800,422.7032957271826
256900,402.8672263445194
257400,364.8828659798459
257400,335.40602346727
257600,366.30846314830586
258100,570.5569229226448
258300,354.91223924345377
258400,381.36357660428973
258700,469.91511384090074
258800,440.80195207862596
258800,466.31323087743266
259000,590.0240842369438
259100,560.8587518367182
259100,468.1646083726727
259100,498.715921314836
259200,417.6164918946117
259400,564.0473698808556
259400,453.201185825969
259400,528.4151966899489
259700,426.557093499598
259700,439.14541363099346
259900,353.10446089002204
260100,453.51464418834155
260100,407.86235246737436
260200,414.4345642582217
260200,516.2998135721017
260500,395.097268979035
260600,465.54831514796064
260800,312.65263876935114
261000,492.9564237153198
261000,278.79958748851936
261000,354.1889241825059
261100,302.1199238910822
261200,322.0939983872235
261200,311.44486122085846
261200,621.0634807161787
261200,524.5383058726961
261200,328.82709043428355
261300,503.726139167729
261400,367.0767001825407
261500,317.7869838557222
261500,478.37318293557246
261600,458.107349738754
261600,310.78713065997994
261600,475.51505685519083
261700,278.7899995606375
261900,342.8440743544347
261900,453.23328951210203
262000,380.1927566742347
262000,488.3899392171191
262000,320.7770264065063
262000,463.1556400831174
262100,676.8565680004253
262100,291.85376078224226
262200,417.11238005913265
262200,614.2930226236141
262200,517.260548567169
262200,469.33302393758316
262300,360.49473723991997
262400,387.8174356404555
262400,418.4067927270829
262400,318.0946694892571
262600,485.0890576871995
262600,415.9925198142256
262600,382.4532523976941
262700,670.0395530163063
262700,557.2307082729684
262700,438.9531918195254
262800,443.45817804693394
262800,287.944022060594
262800,306.8182729831601
262800,530.2051160098594
262900,405.5260220473796
262900,508.2030358762852
263000,286.7932764515258
263000,515.9007388575048
263000,324.570812079581
263100,598.937206562894
263100,376.29491596756844
263300,402.84651631876955
263300,515.2387459233663
263400,412.9910368616564
263500,291.2418974711634
263600,331.7514207882096
263700,491.58434304000895
263700,339.07380240105687
264200,471.07098580551104
264600,301.5075651564498
264600,484.2543035297828
264700,324.4417290904839
265000,506.9204291075716
265300,327.89895139046337
265300,553.9838988534525
265400,296.80230960528576
265500,259.49381095644816
265500,367.25889125868713
265600,438.1325496195586
265600,267.1419286821913
265700,654.3908112433548
265700,449.43522037669464
265900,405.1898537153008
265900,303.22611310740604
266100,297.8808894606284
266200,268.52272438214925
266500,299.3583021660704
266600,942.1765515434682
266700,356.6988250937077
266900,452.65243891164477
267000,284.65278847404664
267200,601.9042302108892
267200,314.18538152953687
267600,334.2361497628613
267800,271.93006776458543
267900,400.5428874247142
267900,290.76890389646644
267900,811.97654161504
268000,553.729962398216
268000,270.772365163704
268100,286.5721018002132
268200,391.27683644944665
268300,301.76988616508163
268300,299.73729300052565
268300,347.9770276063652
268400,335.05886777200396
268500,285.5744894902281
268500,466.21785111747954
268600,331.534837432759
268600,300.8356582287242
268700,331.12603758191284
268700,308.74237134410583
268700,318.26148051478447
268700,390.42906297002435
268700,403.09140508282366
268900,427.9270432434822
269000,388.59838341803146
269100,305.9321529701885
269200,752.5878613609362
269200,298.1578010027077
269400,326.1974139807397
269400,298.9290573051915
269400,342.64403838049935
269500,271.7292797032753
269600,325.09420679220227
269600,314.85364735527037
269700,300.90528177519764
269800,374.91721749866264
269800,326.07101227693926
269800,329.1211384095497
269900,374.07920589568096
269900,271.567554565961
269900,339.41287967761616
269900,681.5221043040625
269900,320.4785865720713
270000,290.5389282426134
270000,353.2680502966224
270100,295.1680545589246
270100,308.34660213071714
270100,349.5247750141658
270200,373.14814590308765
270200,296.2096818776389
270200,426.0813144433412
270300,302.4861946662295
270400,543.0010629721033
270500,322.6548829023847
270800,320.37412248868003
270800,341.9055832805285
270900,471.62271232343085
270900,433.78425410047544
271100,393.1010344462063
271100,380.78861181069806
271100,349.0730002383618
271200,319.9760928782959
271300,366.51046438255815
271300,369.1336460606837
271600,276.70923981402666
271600,452.4359663952528
271800,261.1269063186486
271900,395.5886760899746
272000,273.13573132945487
272100,305.7124102919648
272200,268.1882946568227
272300,426.97262876693435
272300,340.7344987426797
272400,361.2033236981509
272600,381.2141368284593
272700,399.34668198578686
272900,414.0794197674806
273000,359.4751013771809
273100,480.1785546818994
273100,312.2661685484599
273200,283.6497085680232
273400,333.9251266105954
273500,281.52408321629855
273600,324.79429481308125
273600,507.6502781463624
274100,294.4463465709163
274200,415.52767496185066
274200,368.39155574324803
274300,248.60175723513814
274500,535.7170968359918
274600,280.31383803498045
274700,284.7206276141019
274800,407.5060014811564
274800,400.6866199641079
274900,284.05009232803053
274900,320.5262250178462
274900,267.0359205877345
275000,322.516487930835
275200,270.64096705698444
275200,319.178087367144
275200,292.56544949402235
275300,274.83094552930066
275500,264.16544527096846
275500,298.9834271828408
275500,256.9702234929704
275600,407.39223950917955
275700,270.4123681098046
275700,279.43658528958196
275700,257.37877032745575
275700,292.16164115249893
275700,334.6696051467888
275700,386.3418274539394
275700,329.5389455652991
275800,584.1142926739819
275800,416.0375819326482
275800,303.5654755988543
275900,269.6399166234193
275900,250.25953946553867
276000,252.0987798535812
276200,319.1424628246938
276300,323.4860097382908
276300,438.57324525515196
276400,288.6880552812874
276400,262.8478861936444
276400,276.9696501868931
276400,318.6435758871955
276500,265.6802046764074
276600,289.0094395416209
276600,317.5108964170065
276700,278.4207525229496
276700,292.2568397985057
276800,359.6206069159935
277000,283.96814114547607
277000,354.7286950792006
277100,299.8377226042546
277100,382.54079860035375
277100,318.56678892667645
277100,304.74896707733194
277200,269.99489364396084
277400,263.0930430784079
277400,307.73075144694843
277400,318.3371336339168
277500,279.94798429127263
277600,333.9596270325241
277700,283.645093628871
277700,323.7556831865893
277700,289.08106459457366
277700,684.6451736122483
277700,391.990707240352
277800,329.7637845950239
278000,341.3019089564101
278000,339.0779398471073
278100,282.98161262645414
278100,422.7821974987426
278100,542.6887367124294
278400,338.88005123297273
278400,320.6333852323025
278500,462.5449124788199
278500,262.7514734553384
278600,294.81737047424895
278600,265.86587530664866
278700,297.53033913834327
278800,383.14938807956526
278800,272.6846804340509
278900,358.2200890524788
279000,281.538442114899
279100,298.6545760255041
279200,274.7559599051034
279200,312.6672845518713
279200,345.2855949729792
279200,309.50427049437207
279300,259.91109907001794
279400,346.391069677589
279500,298.6187721709423
279600,271.71943054429886
279600,274.9582516819502
279600,278.46369496850616
279800,260.15868961724186
280000,311.93173829050767
280000,678.4856405877166
280700,267.3705770208871
281000,261.56123581519427
281200,269.98840237699966
281300,300.9103100312134
281300,303.3532845208994
281900,460.7567947863499
282000,316.3959167191638
282100,290.1133200285922
282100,308.4673062754083
282100,307.7465347802135
282200,399.70447299177687
282400,322.06953573593876
282500,295.84592766565606
282900,330.8296646780269
282900,280.37378012485794
283000,348.22560167575386
283200,375.55829329936176
283200,364.37399589097885
283200,331.08764369102335
283300,320.67367161864536
283500,337.070402950308
283500,298.03120784057535
283600,342.4497959633982
283700,337.2229411366068
283700,304.476069052393
283700,336.84870435665374
283700,370.0286561726207
283800,393.5791716387107
284000,342.57295863983387
284100,435.709000226659
284300,335.2368439089558
284300,391.64712286475776
284400,357.57281244235065
284400,334.0056849491786
284500,320.1166250004066
284500,344.9379470239517
284600,479.35863523055883
284600,317.7859001007351
284700,458.9456254184431
284700,299.25183360458584
284800,297.8238630030609
284900,448.3352992479146
284900,384.460243539789
285000,414.0897731627926
285100,521.2509693886435
285200,392.8484685964894
285200,456.4699280969378
285300,317.16127208859757
285500,425.34466241046175
285600,442.88663750962786
285600,334.520035116718
285700,385.5024598432782
285700,348.0536779470512
285700,433.14665703812346
285800,372.66437638709084
285900,388.14227088114865
286000,393.41976615726645
286000,298.51562060147955
286000,399.762502475676
286000,291.6775707810736
286000,289.15291767149057
286000,418.0982940282702
286000,336.1141882852517
286200,338.70365302960846
286200,426.9314817828416
286200,333.3156865297379
286200,404.8879998808288
286300,411.3402575813378
286400,310.52082987538347
286400,349.01436067432854
286500,413.9012455830746
286500,546.4949373790621
286600,390.0680832558741
286600,362.1458058325381
286700,532.0444315108851
286700,344.9817128129399
286800,420.41973527202714
287000,313.17175853116424
287000,330.9856202534392
287000,590.2407207518277
287100,298.61179837668647
287200,427.4486991997364
287300,455.8953101688119
287400,357.24580820092876
287400,261.75742016905616
287500,506.1488950594619
287500,405.9209339321542
287600,353.5795811662008
287600,451.73775174864494
287700,362.9106637741985
287700,553.5590628548912
287700,371.4290357903271
287900,359.1557629322713
287900,408.91502987371604
288000,401.4399910601093
288100,281.29630717382116
288600,303.42975961645965
288600,461.62875134578877
288600,360.37563586128215
288700,278.6119672469838
288700,280.08559837347167
288700,265.94404514864016
288800,275.59940342149173
288800,259.22780009224755
288900,293.4568633533669
289000,389.27643965508327
289100,240.613176140889
289200,450.28982255680063
289400,270.3812948615275
289500,316.48681434965494
289500,352.6741017356084
289600,269.2611223543388
289800,279.1735486387372
289900,321.3977263203192
290100,266.1112306389836
290100,251.6598784340009
290200,293.5320262697868
290400,272.79070436000086
290400,237.79184643075553
290400,314.3341825231995
290400,312.0282508309011
290500,499.1276404050225
290600,290.64259415772716
290600,249.7641354821348
291000,271.7609290116535
291100,283.42191415523257
291100,283.24440466872846
291200,314.9069968461075
291300,277.67812641209565
291300,267.5076433525014
291400,268.1689850066042
291500,306.6590737485063
291500,287.8064574256901
291600,296.659691135768
291700,556.5823891317864
291800,345.72088116537793
291800,354.10255917619793
292200,318.9258092789938
292300,264.46272901575395
292300,279.952239644746
292300,301.9988788751317
292300,276.4515704998268
292400,283.78429566239424
292400,361.91276808495553
292600,315.896066129523
292800,250.76279766739273
292900,307.0303535842132
292900,295.9536178931197
293000,295.28019420127515
293000,287.7532875263463
293000,334.6819938944464
293100,305.4935099394509
293100,549.1607442048473
293200,320.69913586876623
293200,259.2015024643083
293300,338.1581089890277
293300,328.58023673103105
293300,315.1544607125851
293400,306.3698864733018
293400,325.41445585156157
293400,299.2201596407885
293500,303.64564744023994
293600,257.01099542716304
293600,428.5212740782583
293600,432.4769918556236
293700,322.86530365413546
293800,338.8079748353747
293800,303.17691682715184
293900,273.64099720528304
293900,284.96227097723965
293900,330.18577263409287
294000,324.9212568390834
294100,324.63389992839916
294100,254.2387927929937
294200,281.0348469801794
294200,298.3050645382388
294300,320.67775421274183
294300,432.3734597949465
294500,287.2390437016526
294800,301.7288586451831
294900,301.46304569433454
294900,353.5203976640338
295000,326.09474658465854
295000,270.0638247087321
295100,259.16456217902146
295100,299.31032612841807
295100,336.85643977385433
295200,329.20320445090795
295300,282.5549024849668
295300,279.49740792320165
295300,372.85781031796927
295500,284.6020052324544
295600,295.1334367435925
295900,383.7728425454198
296100,304.23474038007924
296200,469.85266168748814
296300,287.55188890051653
296300,282.2959171497631
296300,365.3013181143714
296300,322.8174188863758
296400,358.48928060042607
296600,254.86695207238105
296800,414.33539093869973
296800,501.4658341768411
297000,344.5809353558346
297000,339.81828529384325
297200,255.63552794367536
297300,318.8073395865561
297500,327.55892073840494
297600,295.6928769819291
297600,489.44829756609215
297700,361.0016161527293
297900,274.9694532825186
298000,322.26190350436957
298100,262.2107757898919
298100,245.9789184149141
298200,426.2824659238597
298200,346.78643973361426
298300,302.2297791321662
298400,347.3299048077765
298500,336.55385442255533
298500,284.99484010588543
298500,347.4161197750761
298600,293.91536180652975
298800,316.029034570787
298900,489.02666951682704
298900,362.3318121225003
299100,388.3126366982827
299100,328.35905478101495
299200,340.25518030125204
299200,291.737807564725
299300,293.6554024166373
299300,355.8555907817392
299300,293.7322211588265
299500,265.56532316335506
299500,302.9605124060914
299600,277.6319517038976
299700,341.36457380020823
299800,327.3454100352482
299800,277.16854804421655
299900,307.2402980690831
300000,496.5578526219284
300100,352.67208857334487
300100,294.3761185416565
300200,463.28466362291346
300200,312.14991974845157
300300,304.3341853944874
300300,430.63497532686563
300300,272.59784142194957
300400,273.75656106162637
300400,294.5451935314814
300600,333.06265196219096
300600,275.17387214304796
300700,309.383851222362
300700,311.62406855151494
300700,333.4992279060575
300800,307.2085906765469
300800,335.0210594366538
300800,362.2840478935569
300800,348.40167550267154
300900,281.3930804493618
301100,317.13532757783275
301200,294.5910811205078
301400,339.80156146214637
301700,354.21630987199524
301700,303.80059399769505
301900,378.7502560242407
301900,377.02998067450795
301900,321.728558215067
302000,310.21038893095744
302000,339.90698047181075
302100,356.0000548378349
302400,371.1891751828268
302400,332.98301723911044
302500,316.65061494247936
302800,383.5598285284814
302800,370.1129064083346
302900,344.38305128933064
302900,381.0797230634798
303000,401.8049484230531
303100,669.1387490206084
303100,348.1986303766835
303100,325.03746922050044
303200,294.5473350170407
303300,328.61425912135724
303300,361.21273625757357
303400,484.1253893165572
303400,350.1462319987326
304000,396.1156660036547
304200,342.20151185655993
304200,300.92970899904515
304300,313.0565851913301
304500,309.9090242667497
304700,451.62361477767695
304800,376.5769254677637
304800,367.89952748758566
304800,374.5716978345324
304900,431.4836370533768
304900,351.81183156981655
305200,448.91447472567137
305300,473.4431315291778
305300,434.57162748233344
305400,748.2466896074009
305600,432.46277482875206
305600,320.72652092501676
305600,334.0095616271812
305800,277.44775311390185
305900,463.0778591567635
305900,523.5034409655854
305900,241.8649111236796
306000,407.5069201378033
306000,302.0117605942863
306100,323.7587435560045
306200,376.313883373918
306300,275.43587040242755
306500,353.38007971781917
306500,275.46020127441955
306600,393.3570312554445
306700,278.43521976197025
306700,285.1697530034452
306900,273.7267740833662
306900,323.5589980624409
306900,402.58581093055534
307000,270.4846303129232
307000,291.70988835647216
307100,343.1439677488662
307100,266.67965180546423
307200,258.0142022773292
307200,304.41182122923004
307300,350.4782558108105
307300,307.25809101083496
307300,408.03480173775677
307400,280.0117782996343
307400,468.3052232390068
307400,405.37771089737896
307500,417.0311965816422
307600,336.5221575315966
307700,245.9318518338815
307700,473.0532841255948
307800,241.08030709452177
307800,434.4981159200285
307900,305.4493148353937
308000,401.55240809125144
308000,306.7896959246242
308100,334.18578530599603
308100,263.4355979069754
308200,473.59358083401577
308200,271.5906547721662
308200,396.9844018127857
308200,321.97475646984157
308300,331.8352950443128
308300,292.7399565708261
308300,406.043327042786
308400,351.552499060425
308400,267.3439782059139
308500,385.5629470442455
308500,508.7530303412102
308800,263.2642647407933
309000,372.643780150716
309100,345.44727951730874
309200,288.8444279590867
309200,497.34634271474516
309400,540.2806618630428
309400,358.3446770732665
309500,310.46330136371506
309500,463.21206265643013
309600,279.8921615664262
309800,294.6692668570435
309800,291.3497468605425
309900,484.4811864389448
310100,287.4634403065118
310100,550.607069495158
310300,323.4106979161231
310300,288.890175376755
310400,275.13817657494246
310400,322.0737047005302
310400,309.6563473598765
310400,308.44611657583675
310600,380.7720799475359
310800,443.2594721107312
311000,286.21858261829595
311200,293.9282593174172
311200,447.1010988590663
311300,350.71815411342305
311400,376.4525382716343
311500,539.6487928034431
311600,269.296953228246
311900,300.41295843273633
311900,318.77516620428463
312000,285.41701322998546
312400,327.12391115489385
312400,276.47366994235045
312500,258.0473360129091
312700,297.2911676708996
312800,262.28130541271105
312900,289.3157851410066
313000,439.6459189377983
313000,347.6834638912206
313000,312.24231796063117
313000,305.4987424150785
313300,346.23444125057995
313300,357.90797345482486
313600,254.95532770350323
313700,334.00941185897034
313700,323.12738628024937
313800,305.056289474143
313800,305.4985358341612
313900,292.86807772146057
314000,290.0483555641568
314000,361.92512442757516
314100,289.9667574398199
314100,280.3011631073862
314100,275.1198725195335
314100,269.105519207446
314200,370.2882825562599
314300,268.59024034851024
314300,474.75211445935867
314400,314.7428961185916
314500,242.22778149001854
314500,276.91601350001764
314500,796.769723653381
314600,306.7942175503997
314600,282.23932082017177
314800,332.91541985335397
314800,281.1049163470778
314900,273.54191533564693
315000,302.81941115738124
315000,323.26101706988385
315100,288.8619452886012
315400,252.88770361873057
315400,470.38665805784694
315400,341.4016173065843
315500,520.106439982646
315500,319.68781290640976
315600,447.59404671287706
315700,453.1484624238372
315700,332.59058730230845
315700,322.7464607742417
315700,362.43893554806124
315900,328.07219428197516
316000,334.03963861523204
316000,286.55373253536555
316100,454.3613184898563
316200,495.4484323503741
316200,346.77797285021006
316300,319.65154206593553
316400,295.3222657319405
316700,306.8758960125625
316800,329.2643681921183
316900,310.6031949520614
317000,568.3798489132939
317100,440.74559211496813
317100,284.05082254945745
317300,460.0297241188798
317500,303.49214301718064
317500,359.56895710874795
317500,427.15080219511367
317500,518.4166671892704
317600,345.8435977289888
317600,306.2316663123386
317800,327.7874107370402
317800,310.3078752820951
317900,348.6877545628624
317900,286.64392904326456
318100,290.69470810567583
318100,418.62806588873684
318100,342.04422035960584
318200,343.9918503729045
318300,505.3373556398586
318300,307.5843540718358
318400,373.80658609969714
318600,332.1722894992822
318800,1038.6816239363204
318900,313.1783897916631
318900,371.81501318553165
319000,303.1878413730169
319000,551.3713825998897
319200,316.7130373897636
319400,311.8410697377784
319400,585.2807004926126
319500,349.6998935698959
319600,562.6102365945641
319700,416.883813179321
320000,312.1756944892797
320000,281.9659705254646
320100,300.0902238328393
320100,326.9611618981677
320200,277.64056369568146
320300,297.3043394665175
320300,341.64830897947184
320400,270.4421278379616
320500,296.7987071282277
320600,340.21653913892584
320700,564.1521501702542
320700,271.3555871047673
320700,299.9142367284687
320700,400.2778470612812
320800,338.2120789463329
320800,408.7864578177977
320900,294.01407744230755
321000,310.11808581507154
321200,297.4971802172827
321300,391.5581010469519
321400,382.1445698051539
321500,347.69531888872075
321500,300.53184092926085
321600,315.5532902045343
321700,326.23330457566544
321700,382.24037734974803
321800,570.2707806474607
321800,329.96673563902624
321800,383.36156179147656
321800,272.9427016594072
321900,707.8983858585644
321900,331.6482887718027
322100,297.45926717420815
322100,307.7179295581666
322200,281.3510015274533
322200,295.91912087725586
322300,659.8415090813621
322400,284.5249290116767
322500,729.0008561391802
322600,324.8301530129421
322700,338.990541050498
322700,347.0593471805265
322700,374.57706324023945
322700,285.74128240348676
322800,286.4368505161205
322800,959.8330352756346
323000,315.1284414900814
323000,292.6622698663687
323100,369.5427449565199
323200,411.3933110175625
323200,319.74662976403084
323700,343.63420931104304
324100,496.1075336457953
324200,328.74777064759695
324200,312.0343260038532
324300,287.19986620505335
324300,354.9330108730352
324300,353.9722377890954
324400,307.69465498184724
324400,386.16449838360603
324500,288.07250836209556
324600,362.07267001353176
324700,456.18631901081864
324800,276.304024385499
324800,326.0073461752128
324900,337.1538537206812
324900,366.83221808505044
325100,305.70490143658924
325100,328.35212818041646
325100,307.6119039767359
325300,253.9908737859913
325300,389.83320665351386
325400,320.2398991946249
325500,462.5687899587751
325500,322.88550316653317
325500,344.0156210271868
325500,537.0769827466212
325700,317.80709178143184
325800,328.30627054203285
326000,370.94339972548977
326300,318.96005826935425
326400,428.4595662594855
326500,573.0649499032096
326600,324.92623728303505
326700,355.5659117166737
326800,378.5877670851419
326800,335.30349741663565
327000,313.3409647140253
327000,328.1881995499563
327200,402.79709680736926
327300,422.5033951510712
327300,581.3862977632251
327400,411.9182724355322
327600,556.4420862182668
327600,340.87471292519155
327700,290.4456614992058
327900,367.7407831140775
327900,489.6566727834542
328000,358.5923286735752
328100,331.84630122197024
328100,398.011949582354
328200,298.43958528917574
328400,379.1133457788475
328400,390.28334934385794
328500,340.2878888158383
328600,358.7349247528983
328600,338.99097094174874
328800,360.716122688861
328800,359.3204777293105
328900,385.43207400721934
329000,417.79924452480486
329000,384.73265921555736
329000,300.8566652806641
329100,329.32557295484503
329100,307.90036340200186
329200,298.6183561184398
329300,318.3624016900029
329300,360.4941529614769
329400,367.0693389352953
329500,307.2451603124014
329600,279.8514598337602
329600,356.371329813109
329600,401.4975314365859
329600,332.6955843580274
329700,357.75267455645337
329800,361.86912311346816
329800,417.7916019251014
329900,308.7910989088482
329900,327.3670341985374
330100,354.59938369446917
330200,221.92649305343107
330200,362.96515756793633
330300,453.7297097999233
330400,544.1582350913412
330500,356.2346851809758
330700,415.274521083159
330800,384.80063699425176
330900,388.7787060230862
331000,374.88469098584903
331100,411.013924878051
331200,354.7725200616669
331500,431.06458791880186
331500,355.1933793775229
331600,351.9389826300688
331700,299.21706457416076
331700,303.60353115999635
331800,394.48797167997174
331800,466.26020787643796
331900,489.36715971885707
331900,283.53386236070753
332100,308.16937972755863
332100,347.8577747273038
332100,326.9030915313617
332100,323.5613594620385
332200,283.28875177101804
332200,450.2244606272386
332300,572.130688447296
332400,351.3689584554373
332500,350.36433213659194
332500,414.24004555852787
332600,374.8434591131502
332600,323.7849510254482
332700,316.2513385419358
332700,460.1851558168424
332800,359.27574249952715
332800,599.5725523640137
332900,305.63493324143275
332900,377.6601357424658
332900,375.6876890854965
333000,443.92291498059654
333000,330.7900138697441
333200,355.25284956767655
333400,400.22579761492415
333500,359.3574040973571
333500,386.9806968061794
333600,337.4890051896816
333800,385.3572907728885
333900,317.99102896644075
333900,301.9092652183111
334000,374.4134719294522
334000,300.1395541743715
334100,277.24735248515543
334400,313.79555094409807
334500,339.069400702616
334600,313.9562358799871
334800,305.29334630804425
335000,350.75173867405914
335000,288.84087173862736
335100,388.7851955961485
335200,338.4076227520504
335200,439.9279688093441
335700,377.33528665631303
335800,252.59224023879932
336000,305.1523874054132
336000,347.9154065253148
336000,375.53240594443724
336300,299.34510083934066
336400,294.0916534173052
336500,307.4132052172118
336500,318.7875865405065
336500,329.29599393735185
336600,411.45799994741884
336600,357.398745254932
336600,270.6540929646857
336600,287.31460916967677
336700,371.4177891081082
336700,413.6717452929336
336800,511.3040108091966
336900,293.46087375116855
337000,372.3702704226422
337000,367.06585801922415
337100,306.1103533024908
337100,468.99237180235576
337200,495.29105363062797
337300,333.9364869243497
337300,382.015103384184
337300,407.77477693458616
337400,351.508412607795
337400,334.49558503912385
337400,366.41882539174725
337500,283.6817007017162
337500,323.29934762259523
337600,363.73794138370033
337600,388.3886572304969
337600,457.67648612166727
337600,307.99199014469724
337700,281.12504967110823
337800,417.6700453139782
337800,360.86802067842666
337900,354.72973174391944
338000,298.85498434328383
338000,323.5843024929214
338100,401.1257438483461
338100,286.1685107229387
338200,267.6582609749309
338200,335.91726936262
338300,320.52097954210865
338400,389.708237684474
338500,310.60899882552195
338600,468.21313981211216
338700,300.7271897188045
338700,274.38028102270016
338800,247.85491619924198
338900,295.6839356914784
338900,287.25720012520344
339200,283.7725160534814
339300,334.49396683153066
339300,293.08318743709714
339300,327.53476228622696
339400,378.54662380918165
339600,279.2313265974054
339600,312.30395842299765
339700,321.0674882371091
339800,289.3545938847092
339800,338.6364126159018
339800,339.31891542567416
339900,290.94455310146276
339900,322.59215663902484
339900,323.97445574218045
340000,352.4547740418476
340100,289.6252614261327
340200,319.98200689568733
340300,257.2710633532337
340300,370.02523972081394
340600,330.51412758944025
340800,328.01844846639665
340900,529.8102679647754
340900,291.3211307302676
340900,367.0402981191153
341000,297.25582640266623
341000,250.30864251536084
341100,401.75228234033983
341200,266.8993833274402
341200,363.9077612465259
341300,308.1362982316348
341300,285.3331496269306
341400,331.8804234671114
341400,341.10403674220436
341500,371.19024619021536
341600,279.56863104640973
341800,256.15817935025103
341800,336.66410210600264
341800,355.48383109038144
341900,318.67182142715006
341900,286.0918377618643
342000,296.1874207233313
342200,420.3067391322477
342300,334.3317314411302
342600,474.2203254961041
342700,283.63010135497865
342800,402.03178245547736
343000,276.1199350979906
343300,275.91138887122986
343400,322.04052081751996
343500,357.18437576370195
343500,295.50849207215754
343600,327.71611037210516
343800,266.2669055269718
343900,306.04036571248497
343900,300.90749177095074
344000,325.4547596614572
344000,302.54801570871706
344000,301.8207713712242
344100,289.9098243563294
344100,322.64599468673697
344100,313.19244033607185
344200,293.6849821820968
344200,335.59055871811836
344300,283.0829409588873
344400,277.2245826808752
344500,316.7903734898978
344500,361.50223977026457
344500,352.1860148252256
344600,277.2497947863909
344700,304.6000760029666
344700,293.0547631700089
344700,293.8986066883026
344800,343.6545962592481
344900,308.65957393173477
345000,365.28494021167154
345100,295.8139060611553
345300,329.8168620436725
345300,338.17646521206717
345300,285.2560192589717
345300,408.4078858416929
345400,374.672968593471
345400,309.10487706500834
345600,293.79713717544854
345700,301.58754278460475
345700,342.30077519297436
345800,283.18901898347644
346100,384.47126891405316
346300,351.92890535078226
346400,360.3997573492111
346500,340.0021740247594
346500,356.7914321423753
346500,321.8905305745345
346700,291.23234302154503
346700,288.9026543915883
346900,305.7421320452128
347000,304.8052281984428
347100,431.143013574132
347100,358.14519481053287
347100,363.95487108810977
347300,329.8493654938272
347300,384.7658920347175
347500,447.87082180799877
347700,422.9057225932373
347700,667.3603870035669
348000,286.93387585529393
348000,380.2737329424452
348100,290.2754438038408
348200,368.0281065006581
348300,350.3504533692818
348400,365.95921209612607
348600,379.65094099515153
348700,417.1271000414117
348700,492.52178659050384
349000,393.1093968397616
349000,427.62556659393
349000,356.45260813528233
349200,410.26261296489645
349200,373.2612259252371
349300,308.43227416966334
349300,394.3374135349377
349500,363.92074259955433
349500,410.93690917560934
349600,402.60712656879167
349700,340.60431035298194
349800,582.6174639959683
349800,380.6542573314557
350000,298.91657216082154
350000,424.60406748196027
350000,374.28466727000887
350300,453.29089410275725
350400,421.3495347207587
350400,371.90308345561203
350500,356.8711284900365
350600,345.13281933696777
350600,470.67645262447166
350700,309.614772653747
350700,487.8788425695422
350800,487.49157308634585
350900,399.2251723577961
351100,336.20314216283094
351200,333.4908503650521
351200,486.33800183427473
351300,282.6546213341755
351500,415.99261266031675
351600,295.3728181065268
351600,392.34097955542836
351800,401.0025401457364
351900,349.39941973160234
351900,459.7703931612348
352000,367.674019805691
352100,381.4404145618903
352100,339.5126567081718
352100,502.1916316420046
352200,357.98581711303194
352300,337.77340055048296
352500,348.75514767367025
352500,349.1955374555394
352600,355.5431741782812
352800,623.6127125761384
352900,532.620295919391
353100,401.8763271388025
353200,342.2802557533646
353300,418.26349809274615
353300,421.87269731981297
353400,331.41872940827494
353600,468.9403915559338
353800,440.9229597724895
353900,295.2606212039736
354000,304.22411448904325
354000,355.8257573971484
354100,367.95523616200535
354200,591.6890812879426
354300,405.17211836038786
354400,451.1746115124702
354500,401.1385718311544
354600,353.9003711176331
354700,325.69118501453295
354700,497.7716406122456
354700,311.5679540514351
354700,327.90322738235005
354800,305.0787657403506
354800,337.13408331044076
354800,429.9834002279292
355000,506.2755511540022
355200,314.50690993007055
355500,291.3922666210223
355500,461.8007674164769
355500,499.2889860005282
355600,322.58502167068184
355700,320.2661428472639
355700,351.8506987922392
355800,540.9622240071756
355900,315.89856268692006
356000,524.9070752109973
356000,330.65820877973476
356100,354.2355304024413
356100,406.1802170289837
356200,478.14566663056314
356200,590.6684386880229
356400,490.7308182034366
356500,310.11219137335314
356600,335.1184758153586
356700,333.9033820091365
356800,549.1518370881234
356900,510.52572561731887
357000,346.4960519008648
357400,533.5979907262558
357500,496.8516264602998
357500,472.4017940066885
357600,351.1190277899372
357600,647.8955607857024
357700,398.0511024982911
357800,571.2073827405321
357900,479.9575753927072
358100,544.9338604656947
358100,427.69405567624426
358300,362.63903770206207
358300,388.5466899357269
358600,285.38254427755624
358800,440.79483739604285
358900,362.3868302576742
359100,342.86657034563444
359100,360.31673398200917
359100,454.1308608878156
359300,589.3763464328886
359400,334.7187462781668
359400,406.9923275258607
359500,412.13003219877834
359500,399.9254322622507
359500,463.943368421433
359500,361.51691916768726
359800,430.2720505522989
359900,428.4353891951015
360100,373.02313207157766
360100,416.4289556503028
360200,603.4009243017957
360200,348.00614096848125
360200,494.53761465765837
360200,352.414025323799
360300,482.4260150113486
360300,355.25789949553337
360400,407.11126609721026
360400,368.75092351558817
360700,419.5561577076183
360800,546.1879344245768
360800,461.4719830256728
360900,416.47788359879655
360900,544.8070773502257
361200,313.31176566093137
361200,410.0880073371541
361400,417.64408368757626
361400,582.3517674315389
361500,365.4334309396754
361500,547.2176581404134
361600,399.3374886184441
361600,359.7302797080873
361600,507.9279485678765
361700,376.02368376065675
361800,431.9912482464246
361900,308.4195326331239
361900,370.55640235385727
362000,444.76564369580416
362200,324.93262998421517
362300,276.78951269717805
362400,287.73070153085655
362400,491.30189216070966
362500,793.4322893670468
362500,347.5770883681444
362600,333.0856232993665
362800,553.7828753612368
362900,405.60480664119405
363000,408.07879274848136
363000,501.907387977902
363200,383.29997915442266
363200,336.36225183911455
363200,379.00738540373993
363400,457.0326951908721
363700,443.82779821002936
363800,368.1986351849404
363900,537.2392087922277
363900,402.46263459109826
363900,464.89411283881526
364000,462.36204060596043
364000,341.65460061286416
364100,373.5817182553015
364100,441.59660981198306
364200,334.50778783689265
364300,335.2396591090268
364300,370.89336800805296
364500,498.25798280510674
364600,330.2871569559126
364700,464.7995912672464
364700,400.3868202205033
364800,383.8667874078058
364900,387.1781889345863
365100,458.0955765150861
365200,338.4329183505799
365300,334.13674833225326
365800,400.57008422231104
365800,339.6719360592398
366000,378.0921870427655
366200,427.8954353212572
366200,369.0046706108783
366300,381.35224140660745
366300,428.79641388554364
366400,391.71537642929326
366600,575.7419166774972
366700,425.96837882268585
366800,540.9791494986883
366800,329.05638727751926
366900,500.7572581355826
367200,338.92390625055754
367200,300.4024103867225
367300,511.7991243805153
367300,385.825630055202
367600,367.9571994788652
367700,361.7127945223398
367700,392.68424286156153
367900,435.0410215270887
367900,627.2481130284374
367900,384.47799402168346
367900,462.5487146306029
368000,484.1048111765578
368200,385.6041748622342
368400,327.43694971960645
368600,558.3397988196898
368600,405.50742710314876
368700,452.3209923195539
368700,450.6305321383464
368900,366.28488044725566
369200,354.36877212243695
369400,377.6801289146597
369400,526.2647243578476
369400,405.1467040393643
369400,465.5167229825437
369400,312.5267597803027
369500,343.90201991353933
369600,310.2784360932509
369700,649.6100815755417
369700,350.6153199954803
369800,540.5691911424524
370000,390.6847680298646
370000,327.95107047741374
370200,391.61711947896396
370400,408.41157079098866
370500,469.3673309715461
370600,369.27883778616837
370700,390.1907217675018
370700,413.1333294601527
370700,319.6287066847509
370800,372.8865324334862
370800,391.90877671621587
370800,333.31590212410873
370900,358.02422216622847
370900,418.07619982810564
371100,487.40995217358744
371200,423.9593038121721
371200,459.52938722799973
371200,338.8468006575435
371200,293.78700787452243
371300,560.3370270373937
371300,534.1973377332243
371400,525.1378783496579
371500,339.40809220049573
371700,500.45656439795647
371700,460.48259172752836
371800,356.21164607328166
371800,501.42178426938796
372400,376.10948440038925
372400,449.06193252903154
372400,518.6572083070441
372500,490.22983832664096
372600,400.39119987744965
372600,392.954486946865
372600,393.5827400497936
372900,462.19553626262166
372900,524.3862841563086
373000,445.9254332094389
373200,345.85845611090906
373200,500.0819930884137
373300,605.8710925581506
373300,634.8335507758111
373600,425.0639901792352
373700,430.7763612266947
373700,428.90505185704
373800,404.4383530514795
373900,539.9594376794541
374000,470.0055383139137
374000,577.4575363805284
374100,377.1546258034797
374100,310.0731493107495
374100,464.56140531674
374200,375.27497546612864
374300,396.26283145793445
374500,505.8326769332992
374800,370.0900265297521
374800,327.6201676015117
375000,434.5534713272099
375200,536.9940216176711
375200,369.2846146390346
375300,448.29461220663296
375400,341.2465780429026
375400,320.14145531212023
375500,499.8708179847981
375600,516.7807560140411
375900,573.5674845869279
376000,533.7679457843451
376100,574.0938674857811
376200,466.5413803452939
376200,499.04036516133624
376300,416.1266204396087
376300,554.47060798874
376500,429.56924243464687
376600,478.8703110249785
376600,399.7325001912822
376600,474.91969968082407
376600,486.1549686156533
376600,459.46017945343584
376800,510.7641156918794
376900,530.574403978624
377100,384.91436143176105
377200,340.99744471194134
377300,478.12919404378465
377400,547.0481686334316
377700,512.7282023080833
377800,456.55232855292667
377900,337.6103295324317
378100,502.28034452469313
378100,412.03984700601995
378200,489.4168124523917
378200,471.95336611362967
378300,487.74287908613553
378500,462.93479834217254
378600,472.65637907318944
378600,448.91883471627756
378600,337.0386361337959
378700,398.60400914376567
378900,345.6487509656175
379000,469.50876637588635
379200,374.80773257485356
379400,459.31461838956454
379500,437.68297960673635
379800,546.930962861592
379800,413.1312224832023
379900,520.6867969722198
380000,462.23872966142824
380100,477.9293770263111
380100,500.82242684335495
380500,365.55346159907833
380500,503.194863936672
380600,523.2889736045128
380800,457.81321663160554
380900,500.6946516949611
380900,384.8885917813211
381000,379.26156857918073
381000,559.2029779705583
381100,533.5325149135751
381200,442.7669787090739
381200,559.8946886232708
381200,530.000947338172
381300,404.6344181449585
381300,469.77715181563457
381500,487.189870319742
381600,536.6489925057717
381600,484.52340173661565
381700,498.98406231119674
381700,422.1683389660598
381700,386.5496913223206
381800,496.9849042393151
381800,515.996201993946
381900,406.98423438673046
382000,436.0840278575413
382100,437.3317090534305
382100,517.6320094565109
382200,374.8824631557564
382300,470.1571005526726
382400,525.6577679547518
382500,425.991370516827
382700,434.2509203846333
382900,417.99820413676656
383000,568.9965940748662
383200,462.1898196982367
383300,416.4071573493868
383300,446.8773777454646
383500,528.2049313245911
383500,517.4980770724825
383500,368.8734509612967
383600,432.0923420157114
383600,368.41280178857465
383900,408.61640593871726
384000,485.82487757269973
384000,453.0548939252863
384200,426.96291353177367
384300,412.8239729428206
384300,450.00575671429533
384400,504.30754433646484
384500,502.9119627898997
384600,489.3927952316579
384700,392.993150405252
384800,458.1204645282276
384800,438.6393618268269
384900,482.40141462131675
385100,561.0634400792135
385300,412.8042598178807
385400,548.3800549531844
385500,423.35859865737007
385600,465.5080519870744
385700,471.51032358460003
385700,372.5907753853339
385800,433.6245901359087
385900,469.94860624208525
386000,503.7397416149262
386000,433.00007285461635
386100,357.56523504588495
386200,461.0648238775681
386200,536.211691920216
386400,409.43450125390905
386500,477.51040385618893
386500,744.1296407424691
386600,459.2651801818163
386700,493.9638076843542
386800,491.52376321355814
387000,655.7399751170012
387200,451.1118677979911
387300,421.4773387411494
387300,495.23137946633176
387300,386.96103927144793
387400,317.8260614051602
387600,458.0390849362609
387700,426.6377613253912
387700,321.6379674113744
387700,451.04902654045026
387700,455.5798220775885
387700,450.56459398264656
387800,294.4029661177402
387900,473.8623162681677
388000,480.4924987310052
388200,418.4275272955891
388300,596.1861058381222
388400,373.6631547656608
388400,478.09000845006693
388400,470.20865648808604
388500,335.91481923768987
388900,378.9588066291201
389000,347.1814552683478
389100,342.11054936514813
389300,362.26119805992187
389400,511.77713190689434
389400,345.2782079979958
389400,522.6962767127801
389400,420.3033906705681
389500,409.5691026016839
390000,321.95004735145784
390100,419.38936301080855
390100,465.22568307746394
390100,319.725361946903
390200,384.02269070520475
390300,386.99780239128586
390400,360.67359539078893
390600,409.0367739620082
390600,449.1759504740972
390600,407.6433283699091
390900,548.9682715329691
391000,437.51992328786326
391100,416.8319182571867
391200,462.8943336983794
391300,376.9341605173846
391500,446.39976679731166
391900,445.56592365989354
391900,574.5789311399717
391900,412.5705283130302
392000,458.83324149730834
392200,504.28939436145237
392300,384.1087241747673
392400,458.99062993215176
392500,367.0914183502831
392600,395.1291641522995
392600,380.4596005532878
392700,298.18296607079515
392800,592.1922654286891
393000,410.9783963952029
393000,336.4300087890132
393000,529.0954347122874
393100,471.6996889066441
393300,465.38795371801893
393700,383.91046313867656
393900,832.1075849580621
393900,477.72698112439036
394000,480.6955689210982
394000,363.54090965345137
394100,452.87714249067983
394200,344.13737671466004
394300,534.3611472083498
394300,417.04816103926134
394300,324.9594459148421
394600,502.71875223689955
394600,408.43863550750933
394600,378.25855239633523
394600,502.3537033861823
394700,426.10753651034815
394700,612.6944095460652
395000,352.37922653991984
395100,455.3623204803534
395100,448.06167291339534
395100,509.826205458235
395300,495.71788839758375
395300,428.2995555807952
395500,599.4366917875855
395500,391.90288012840523
395500,533.8962250263734
395800,607.125233945683
395900,463.6285510515433
396000,613.5955970862238
396000,413.1925600067853
396000,428.8293858625458
396100,515.0456662941814
396200,446.74219632639404
396200,490.26343044428404
396200,401.88465606911
396300,580.0760692629432
396400,505.08517231751705
396500,551.874608548062
396500,525.1963584449111
396800,394.27518752936936
396800,527.6603894877544
396900,364.7295789017125
397000,484.57931258672
397000,652.2435406003165
397100,475.2834333757259
397200,485.1634124357687
397200,711.9897331155385
397300,573.0653506793022
397300,369.13301519498606
397400,470.8714171302474
397400,410.29407080152953
397700,670.7599937887042
398000,509.560199324663
398000,479.3891232716755
398300,483.44855707242004
398300,395.67747961517466
398400,401.29204476526695
398400,575.2223039188772
398500,399.20350749549596
398600,384.93261844532896
398600,467.27819620431046
398700,276.35154912197436
399100,451.9069524991963
399300,424.778436821764
399400,455.3151253696405
399600,557.7698128996169
399700,479.4706098289845
399700,451.4609850744287
399700,501.055785331499
399900,512.7479810585605
399900,390.86239342569075
400000,536.7129200854339
400000,344.68957538655815
400200,449.999559338729
400300,445.7896541351384
400400,821.5858389850911
400400,443.369139675347
400500,368.0771099455199
400500,518.8713050197402
400800,526.5675877018567
400900,375.4869425357729
401000,653.077253285539
401000,528.8563794068833
401400,503.6777605942807
401600,662.7211693778868
401800,426.2544112487037
401800,547.6248603554076
401800,335.49110868187205
401900,444.51618781789995
402000,343.64972718894234
402000,373.29836348729816
402100,450.8750877765893
402200,344.0168960535559
402400,403.01579717959714
402400,431.26928188256574
402400,442.3587770361754
402500,541.465278328987
402500,388.1497408524988
402600,470.44741618193416
402700,493.14664986007244
402800,502.22812429743686
402900,324.81921045097187
402900,432.6809744707623
402900,524.2534523937685
403000,544.2559527371162
403000,432.68246975497937
403100,502.7556049970309
403200,386.9625892475303
403300,302.41567046220183
403300,396.68759552769563
403400,440.342974434443
403500,390.21255678298735
403500,438.4705248446697
403600,407.09925127294474
403700,327.14584186701626
403700,536.0315619802367
403800,395.0069119202022
403900,376.12779480387184
403900,444.6461253652651
403900,483.3664606511119
404000,333.93044948615284
404000,559.2411905512392
404100,370.3050667112443
404200,518.2539429972747
404400,435.23806112151027
404400,438.68498729468644
404500,367.519937568614
404700,446.14160088448216
404900,380.8393860783968
405000,406.6946024137175
405000,326.924581798734
405300,346.7644447883298
405400,469.36817001827285
405400,677.0374243308715
405500,632.9771983356841
405500,439.87686131645177
405600,393.64682666260387
405600,471.1651943348499
405900,498.1707733379473
406000,481.4600938769525
406000,370.9494847787199
406000,428.6461504796186
406100,415.2898035757681
406100,409.0611548561217
406300,365.9643690114663
406400,439.37110254293435
406400,485.05568763238085
406500,549.6699070823585
406500,412.80511113394294
406700,409.4307337610713
406800,361.25845265836773
406900,379.09198851119135
407000,320.3273953103376
407100,442.19973753426945
407200,534.0728496608551
407200,340.2187166204146
407200,538.8944678239062
407300,641.1758996115285
407400,543.6913775094513
407400,520.0879666984822
407500,414.7607097532435
407700,391.5992777043048
407800,326.6117958529725
407900,438.34689845428534
407900,485.34992540731594
408000,439.60477056913544
408000,434.6323319491655
408000,610.8093092753378
408100,367.7677082433278
408200,463.97085449455517
408300,356.358393005166
408400,375.0139229787793
408600,357.2581179420958
408600,378.23676165609845
408700,352.2282464937457
408700,364.584410644236
408800,323.8083555260352
409000,397.391529509771
409100,323.7361579537895
409100,432.17544303429395
409400,436.1624570833521
409500,404.21788705952264
409500,323.80733800265807
409500,353.04529723799334
409700,358.01427558630485
409900,462.9356568210653
409900,328.9921647448039
409900,338.6963276317763
410000,315.7326946452284
410100,343.37334270309185
410400,337.2376662712525
410400,353.95810890227466
410400,350.0068201478918
410500,395.8488617767316
410600,361.8454184821855
410600,381.295813722063
410600,325.4526086071075
410700,392.8246481404719
410800,347.30310553492177
410900,344.2108190039205
411000,520.1497314445228
411000,365.2766942129723
411100,419.52301939113374
411200,518.5078809584612
411200,315.84910674686637
411200,338.6492774968344
411300,304.75985129517204
411400,313.0209052326536
411400,328.5112831338602
411500,347.01895992882544
411900,299.7204065453805
412100,307.61880606771075
412100,325.23630199304387
412500,286.2945761397589
412600,388.462754834123
412600,420.37398084469896
412700,327.8943251115444
412700,339.96975674686996
412800,421.29393587650145
412800,322.48665071049663
412800,517.4161658093159
412900,467.17529803146266
412900,270.5207277725162
413200,472.5127230272801
413200,321.53136311454085
413300,327.205700606232
413400,410.081671341753
413500,289.1390594587285
413500,334.70746250518374
413700,358.80672681309375
413800,494.9032454986319
413800,337.58796013293494
413900,313.99176317189887
414100,415.6862675864535
414300,315.29358242007254
414300,319.12042697764355
414300,383.74280869967555
414400,426.45282265907326
414600,325.3757505238471
414700,317.7634464398539
414700,284.8991042304237
414800,329.6920288699056
414800,323.3612340330369
414800,533.5038492887187
414800,270.00322306125537
414800,522.7771593933602
414900,283.9833515296232
414900,429.78780364513403
415000,375.15112754217853
415100,480.13498996191953
415100,504.3317373443476
415100,326.30206873053413
415200,398.35556178518914
415400,458.4303602885789
415500,635.2753520037779
415600,343.28925149129554
415600,377.4382833738844
415700,452.6896226094775
416000,365.95476347264065
416000,332.2556374001464
416100,320.24493292615125
416300,313.68936529652626
416600,482.3181180368644
416800,523.2519354439005
416800,639.413314465221
416800,724.4372392511241
417100,262.06164632313295
417200,302.0535602622767
417200,329.7328717457764
417300,341.97992734270866
417300,329.85250498847927
417500,426.4770643280207
417500,491.06648490383185
417700,325.5433957104521
417700,657.305657045875
417700,423.789182079963
417700,445.7886502034093
417800,401.71195649119346
418000,363.40912126375997
418100,349.67674778990414
418100,333.2898454069628
418100,355.51176037665186
418200,473.5434973432977
418200,378.36227357466316
418300,377.6354766956635
418300,317.89232132977554
418300,344.2761039546467
418300,457.89531828818525
418600,296.84994542736894
418600,366.93212818043986
418600,332.4221209164439
418700,356.8451130781368
418800,410.6284436780101
418900,343.7762628590243
418900,365.4604656159825
419000,354.9239017119529
419000,467.7781228294312
419000,445.2093855339991
419000,553.5590529697192
419300,391.440103174548
419300,368.9539694683733
419300,314.1811247821702
419400,531.4691345498884
419400,307.48298204489777
419600,298.6603382200505
419800,469.45254396364726
420000,317.80330467926103
420000,469.6947429709719
420100,459.1045270300643
420100,532.5935713709332
420200,346.7505669617954
420200,405.37810911339835
420300,423.3299983325144
420400,557.2681905170306
420500,539.4134617636252
420500,355.03229484014275
420800,343.6090642264983
421000,352.6528448345657
421100,334.87660269762284
421200,435.5700617653099
421300,439.2875194342017
421400,310.53895188017134
421500,342.2239501225673
421500,318.57314145137474
421600,364.48247205417186
421600,405.6560896559997
421600,329.20295024729086
421700,325.4027277950628
421800,423.27881194932166
422000,331.79545808910103
422100,361.3780452026709
422100,525.1410635341801
422100,325.8185985482687
422200,354.1886751273188
422300,315.2985100670519
422600,418.5944178427182
422600,335.4055854961224
422700,342.9232058297394
422800,417.00618493311777
423000,398.19578387717866
423000,362.19153259360303
423300,373.1249896842002
423300,465.9249470459939
423700,364.1858569196455
423700,433.5099616803957
423800,539.5220110140203
423900,446.3296123415728
423900,291.23509940100485
424000,380.6104916171685
424100,375.59983200475637
424300,432.7427329923752
424300,303.28890545646993
424700,499.8358374948933
424700,357.2834626346232
424800,471.04044222023043
424800,475.2069031792411
424900,471.57358569595294
424900,369.4986890151352
425000,415.70237504753254
425100,357.75834255880613
425200,446.8238513484818
425200,309.33188335053757
425300,453.5641138944483
425400,388.10582248438993
425400,435.4070892954446
425500,348.20932145734076
425600,413.5379845354923
425700,358.1538789566652
425800,328.63342931724185
425800,319.0969048259373
425900,366.80226496295353
426000,383.5473172051817
426000,376.68051953405313
426000,300.51608462118134
426100,359.686357951626
426200,356.4804584956841
426200,336.9112325243062
426300,419.1754686937027
426400,436.7734352854837
426500,361.36874800302803
426500,373.2786268492444
426600,352.2752822368325
426600,337.45630286294386
426600,449.4607118456636
426600,435.7259660054624
426700,410.33386998169846
426700,407.5565173701897
426800,341.43031036330274
427000,391.2781866820274
427100,362.31082286945184
427200,360.59227449067157
427300,316.6937338871256
427300,376.95197533360323
427300,311.05824911310475
427400,410.19998741445704
427400,293.06574964268634
427500,387.427402733501
427600,302.5486210670316
427600,462.90810145607895
427700,290.1557158762188
427800,503.3743319392324
427800,616.5481087138012
427900,387.92515806309564
427900,337.6232277033016
427900,289.2544696297721
428000,409.03625489577763
428000,354.71488594436374
428100,360.43897700062416
428100,389.0677137352711
428500,596.5845179773208
428600,405.40493015113725
428900,302.6220345117767
429100,406.8368632640304
429100,293.60805849073495
429100,339.7389802241456
429300,346.08680420589195
429400,523.7136111532257
429500,383.8861953183521
429600,352.0701406322501
429700,349.9855172975686
429900,450.81236715702903
429900,369.92960831179425
430000,364.14124629787284
430000,335.14420537499893
430100,393.08568875753343
430100,399.40350857050186
430100,298.3087371524026
430300,619.337360786521
430400,461.85219063289424
430400,304.57665430867803
430500,338.2275339789219
430500,385.01058288807263
430600,337.8349693200966
430800,501.6295458177343
430800,361.7682520999663
430800,389.6099822824749
430800,444.2507957614466
430900,399.30950943544434
431100,369.33550332555154
431100,308.6248746556674
431800,540.619683686697
431900,520.0154071226876
432000,421.71671887021176
432100,299.9419426966349
432100,440.73237452585647
432200,329.5191636101182
432600,389.6194938787675
432600,401.9135637577861
432900,416.51295325803153
433000,330.055739348427
433000,372.9111606300688
433100,354.41685413652283
433100,313.7231404852331
433200,382.3650809434626
433300,434.33828133028044
433400,440.97498923268205
433500,443.59072623391444
433700,378.9792817468505
433800,412.53620562278064
434000,371.67825709818715
434000,454.3937947600845
434100,410.3686280265017
434100,471.04941228824816
434200,314.435077978433
434200,352.65473726588647
434200,422.6086807809101
434300,374.6355922315975
434300,387.8425856011233
434400,408.08720910304606
434400,393.55232537146037
434500,387.36244828410645
434500,346.65993246038613
434600,450.98491763853855
434600,473.25894937762075
434700,407.01346740221715
434700,375.97950582713906
434800,347.445500567103
434800,333.9686669725365
434800,345.9698778987988
434900,371.3449592071906
435000,382.4482027018437
435000,390.18042761308203
435000,500.31119275863165
435000,346.8640230156155
435100,422.7318416195957
435300,446.33233126213815
435600,539.0407646775496
435700,500.944829208729
435700,398.65994902964985
435800,395.1072013338676
435800,494.25186993353987
435800,525.5155335409271
435900,383.7814005506214
436000,374.64282745778894
436100,366.7749827534624
436100,300.34253203958576
436200,326.49151718452157
436200,421.7218121880308
436300,388.13448815708244
436500,456.98743492095736
436600,479.42751967385414
436600,388.64589141641164
436700,401.4208258339857
436700,485.16632051557315
436700,493.49143098186937
436700,449.9989749863172
436800,523.6244006292337
436800,333.46324265489255
436800,409.9223591467034
436900,374.60402295795177
437000,435.03566756907605
437100,440.1667798428273
437200,528.8622408040221
437300,358.84535327721255
437400,358.9410934952872
437700,355.9630398766217
437700,335.6133189875679
437700,337.11358881571056
437800,412.9069005049842
437900,458.8854218063239
438100,410.6608163179599
438100,352.3328182486847
438300,342.7549445588525
438400,522.5452892986777
438400,364.91520934427047
438400,353.1823536578189
438600,436.3067845971007
438600,456.57334531972776
438600,361.27130400486607
438600,356.72839171934174
438700,365.0846101549069
438800,410.1503634956004
438800,424.5481171008318
439500,345.5476744803671
439600,428.64680275050205
439800,328.3726714970328
439800,344.4708469397938
439900,460.7969661948955
439900,456.8086638926458
440100,483.84959020719276
440300,404.02542825940714
440300,375.1958880197247
440400,330.0283628522344
440400,382.062547811517
440400,438.6127437490609
440600,490.69732974715515
440900,415.5085644459224
440900,451.60531142849544
441000,344.8027515161237
441100,338.00460050042153
441100,324.08986796538295
441200,331.4197044482362
441200,375.40083768576346
441300,336.94781928533854
441500,398.5729480852935
441500,323.90564632282934
441600,319.47231941062057
441700,412.6279646582868
441900,344.3027483432914
441900,349.99413733393567
441900,366.8862945596799
441900,407.97139700148193
441900,329.7192128338768
442200,371.48617506843783
442300,457.3020663521558
442400,375.60999371924083
442400,454.98915335949425
442500,416.4261371265203
442600,368.16232551880853
442600,376.69507846961307
442800,497.18090680464036
442900,416.3483068752451
443000,328.06746845483923
443100,445.92995309240746
443200,416.5734043985838
443300,349.3161651413229
443300,368.73355659232755
443300,305.33363502556455
443400,414.79167921927314
443400,405.7223992175843
443700,319.98806745168724
443700,422.46452482157304
443800,443.8545366364178
443800,322.20711958183466
444000,446.9793332599831
444000,448.8160226151364
444000,324.85551687675576
444000,345.7778824820663
444300,366.27335471192663
444300,497.02235701937917
444300,360.171965273978
444500,468.9937331129647
444600,458.6923227711369
444800,440.35608229740774
444900,339.3085247951548
444900,446.3637876016576
444900,414.9352385182192
445100,429.9316876308447
445200,498.2210965970995
445300,465.4074150381089
445400,335.3822686137799
445400,525.6563120161157
445400,403.02211019729583
445400,327.92169972940275
445400,406.0207590147081
445600,470.04527253415625
445600,467.24034970712694
445700,467.4220644517761
445800,424.88055804222654
445800,368.20625844737594
445900,422.8645191925148
446000,486.4700686182202
446000,440.4507193535493
446000,351.3740436172263
446100,394.61801939630914
446200,397.11263269618223
446200,432.94260383827594
446300,390.3252639699441
446300,352.38233902111193
446400,354.5949083439346
446400,423.0325146128331
446400,453.17363939249134
446600,539.4227677784801
446600,368.82739620582885
446800,385.0429105229902
447100,531.0708790528321
447100,381.80243405093324
447200,454.6136556919687
447300,405.1845732056483
447300,348.69049299348484
447300,318.22482871187043
447400,470.3806920793037
447500,459.5074599166495
447700,279.1021607987171
447700,340.4204354753138
447800,359.64065938257465
448000,349.5485302374694
448200,384.6023276135709
448200,338.4974920315318
448300,324.7774316608646
448500,427.84654682404005
448500,357.3406446125307
448600,386.4314572993183
448700,419.8814504397949
448700,320.5119472439712
448800,530.6519790271169
448800,315.5855000775404
448900,503.5907839940535
449000,364.3862135568691
449100,448.78431860240323
449600,332.6541650257987
449600,366.2451199949749
449600,369.1377142423839
449800,461.7178219030484
450100,349.8040867046031
450200,343.0214281547876
450200,346.5817881476521
450300,320.43789358583774
450300,326.7208682569878
450400,309.45459473479525
450500,461.5778963623429
450500,389.55047230473315
450700,414.60931029412365
450700,389.6720564853744
450800,340.12520841700535
450900,423.3081360123837
451000,362.6761015782029
451100,408.8528381820944
451100,526.5823174228531
451200,386.71676343910565
451200,347.32533350381533
451200,321.6982902826231
451200,357.75252766994754
451300,512.0550231655664
451300,450.8367092755447
451800,414.84180217213964
451900,496.06858943312454
452000,368.3405019751177
452100,401.9524498250696
452600,538.7840521080686
452600,410.41261547969407
452600,560.9098969824831
452700,443.2965556975025
452700,383.40394297961757
452700,379.52387850748715
452800,583.4293546512031
452900,436.8988781666984
452900,394.96788498354
452900,392.97531398850765
452900,447.29649618778075
453000,375.01957740805534
453100,379.2409212043347
453100,410.3867032679009
453100,330.83455095605
453200,377.60665809166005
453200,384.1428081716003
453600,390.4935685006385
453600,372.73784673360524
453600,344.05176045370814
453700,351.53578934048517
453800,489.7062321110301
453900,434.5960349409515
453900,401.97838044975066
454000,475.53800137642395
454000,339.85598172469423
454200,358.4447197260352
454200,371.3913683889942
454400,329.25641902288726
454500,381.93917209622555
454500,341.89619063327166
454500,496.51284463364317
454700,430.04741447637076
454700,416.8818534402878
454800,439.6196758800658
455000,447.5305456196569
455100,427.8418727159063
455300,418.6013902590283
455600,481.88967324021746
455600,509.0223253925204
455900,385.22490535487134
456200,457.29010047414937
456200,497.438658074701
456300,425.1985413708708
456300,469.4111400746715
456400,426.83947008730297
456400,403.9327683453284
456400,466.7488671364212
456500,343.1329423218381
456500,409.3111847318818
456500,378.4689796165506
456500,371.0075192196301
456600,422.5275811252835
456600,496.16735849766803
456600,419.7922452641526
456700,384.5174694005063
456700,556.4760385590456
456700,575.0538315980235
456700,328.64200153156474
456900,301.2330877759541
456900,565.5123785395259
457000,330.5575007476798
457000,551.2961373972253
457300,394.0781369219816
457400,438.95046805925614
457500,422.7274143128713
457800,353.97895980027727
458000,335.16532977651
458200,345.9514453916467
458300,437.25971828359445
458300,558.6979240202476
458300,500.7577689103823
458400,357.9823629415378
458500,490.2311009793092
458700,480.0256223073073
458900,355.7713001960362
458900,468.9117090596537
458900,353.9025796874875
458900,324.2989499645234
459000,367.6806074108865
459000,355.59462608657964
459200,370.2076171978428
459200,418.8544191142813
459200,551.0849168584862
459300,460.3280595417491
459400,387.5856111029907
459600,451.0736220939392
459600,325.1750178331674
459700,443.7984426886954
459800,546.9645725278543
460000,545.9593886475784
460200,481.6631785661739
460300,460.36449165290435
460400,593.1721552415243
460500,452.6892822355563
460500,467.44759532650266
460800,442.6288037253777
460900,368.56889185442355
460900,471.1164524858602
461000,398.66030389247214
461200,418.6479360372672
461300,431.70937501576395
461500,388.1044338108751
461600,425.6723226375881
461700,433.336597575087
461800,397.77630204968153
461900,412.33734655297707
462100,431.4576540292847
462200,415.52115358507797
462200,491.82110071501546
462300,553.5649397407195
462400,463.2309863764103
462500,508.90933487363014
462600,477.61656054614764
462900,517.8505169183279
462900,416.96729685872907
463000,514.07987129571
463000,414.8003446648882
463200,453.8095884689629
463300,520.9659237634089
463600,493.32260517420235
463600,396.90208629043167
463700,471.9862032891465
463700,372.0005409857182
463800,428.1241250757057
463900,491.7673411567081
464000,384.9811724191467
464200,492.42035049284897
464200,479.4966249564334
464300,378.5210207919437
464500,469.27981057282017
464500,563.7001242214452
464500,385.1860367253459
464500,415.6333486797481
464600,488.83424217415825
464700,390.8998409097285
464800,406.3900647668243
464800,531.6901361455718
464900,429.18724980798936
465000,515.3419317859718
465300,438.3231728777347
465400,413.2655422183079
465400,430.50886663275486
465500,456.07453061505976
465500,431.6951775659519
465700,454.0041070349468
465800,475.2333216689709
465900,459.0468551757277
466000,524.7313298506492
466000,416.01513887756556
466000,436.2045709635421
466000,443.45198885902533
466100,501.7748699979912
466300,340.9180558100092
466300,412.206064723043
466600,395.2388380249966
466600,452.7285199437176
466700,660.6984315633389
466800,388.6155787306989
466900,444.4082676533667
467000,500.875437170601
467100,398.62279695990674
467300,497.62095374908336
467400,476.3820366629658
467500,592.5907420241595
467500,434.204466361844
467600,528.0316621001251
467700,456.592698296912
467800,566.7793487126567
468000,412.45331194469907
468000,405.2732348893503
468100,432.56242914823406
468200,703.4224539141574
468300,457.28124177354493
468400,608.3145525987658
468700,383.9555194507647
468700,379.1306627182512
468800,454.5781780332708
468900,473.5687077939425
468900,474.0158006439768
469100,463.4378168813528
469100,389.88941750378643
469100,423.8434693815965
469200,484.89981063653136
469400,384.65697274733463
469500,465.0181205530836
469800,442.8905538719439
469800,331.47672616764055
469800,513.4584378871374
470100,389.8727837197563
470100,572.1538554729968
470300,409.5880756306105
470400,388.61478607826814
470500,544.9023265640532
470500,722.8376809917295
470900,501.67849339287386
471100,534.2895707157022
471100,697.1149964443746
471200,463.3070660818486
471200,402.5075413413692
471300,422.0479061336169
471600,546.4602445212586
471800,504.05115813830315
471800,390.70808172513796
472100,550.412059170557
472200,490.832556847346
472300,422.9454335882624
472400,640.5649753816609
472400,650.5753041275309
472500,626.2870584095049
472500,568.4292736156059
472600,452.2487030242096
472800,449.68775152114966
472900,514.2750917209682
472900,416.3733660155008
473000,520.3140009439473
473100,801.5991723056133
473200,532.7408528742401
473200,441.99950227709496
473400,488.0975678209389
473700,443.32670509400424
473800,498.9026361410381
473900,452.9654345035437
474000,443.4585183739464
474100,554.8672877743656
474200,250.5441018880472
474500,394.3644766292876
474600,394.0729404414051
474800,425.0763607824974
474800,442.2499423644417
475100,558.2644159580389
475200,443.54718973065013
475300,555.238743635551
475300,382.6839147511265
475400,369.878489711826
475500,479.31179878334945
475500,539.6988762800696
475600,502.5535389287647
475600,435.2472487111274
475800,491.98418855283614
475900,679.7476128957834
475900,442.9025732135285
476000,306.23847630933494
476100,425.77426479336026
476100,463.24833258426656
476200,418.2115951849393
476300,453.7611412036111
476300,539.25324672178
476300,414.48932478503343
476300,436.1580490193008
476400,734.4653100465326
476400,502.67110897189326
476500,663.528382300884
476800,396.59869304135447
476900,431.43394048358675
476900,367.78127574008516
476900,461.8923987884113
477000,438.5839999420859
477100,395.6925197106297
477300,408.8998305959383
477300,516.3057570730515
477300,640.1572215587064
477500,456.9968228624383
477700,599.0949603781435
477700,515.5758239418436
478000,557.4079388319769
478000,734.6534695440411
478100,513.4768639521567
478100,530.9706431559728
478100,508.6304542077396
478200,556.0275199257419
478200,402.8460695649273
478300,669.7484111377784
478300,457.63487346632024
478300,870.2784276634843
478300,446.0242905406164
478400,476.7424106059775
478500,371.76480321940784
479000,575.2248631459781
479000,500.62839249391317
479100,445.99068655526264
479300,500.16450706477593
479400,654.4748796742615
479500,337.8856404967424
479700,392.17491480948786
479800,387.42795100622413
479900,470.8776977095308
480000,626.8021608387528
480100,681.1596273378348
480100,357.66036386564133
480200,393.34145586348836
480300,607.1693133348208
480300,428.0707125642893
480400,427.9938228945909
480400,456.95174527066894
480500,453.4744809852373
480500,642.0130633704754
480800,412.1012343984935
480800,536.9635886162365
481000,345.5637786274501
481100,368.8735351683091
481300,500.2884199701301
481400,401.9589462697095
481400,451.4467857872875
481600,420.02380520783515
481700,578.9953023359537
481900,583.8287006364998
482100,449.2202801080167
482100,379.52257271817274
482200,492.7237358735351
482300,407.7220092083409
482400,595.1403250853948
482500,433.8402619203372
482600,604.6975681749121
482600,318.8059860596347
482600,502.0364954537585
482700,578.0970840868454
482700,398.54733255590605
482900,493.6320908058092
483200,392.97320302169305
483200,435.48748965354565
483200,351.0230933218951
483300,557.0002456251635
483400,365.66907782901535
483700,483.8194541264642
483900,422.1317107379309
483900,548.794232883208
484300,447.07112395221947
484300,334.8906638362605
484400,430.6994816888404
484500,381.23889041396194
484500,351.8600834171403
484500,376.165002968642
484600,345.15696118090807
484800,422.42888342669323
484800,299.09244205004217
484900,421.1259547447298
485000,381.287741110896
485000,354.89529507339796
485000,375.9954389602981
485100,437.71545173253827
485200,374.86089415877854
485300,356.7413197702663
485300,440.7591587909828
485300,336.8031500508142
485500,590.2492091343435
485500,433.4166008672355
485600,367.81943561983616
486000,539.7524468055766
486200,537.6685002354029
486300,462.0914647064268
486500,469.01918838533203
486700,386.2742497026942
486800,445.5744555929237
486800,374.2482460328888
486800,418.3542892916155
487000,450.0865716619243
487000,659.6180797898672
487000,549.0952818500125
487100,336.46359376659063
487300,530.3319837122781
487300,454.57840502562806
487500,535.2497380242634
487500,409.3856817504394
487600,424.4619098383139
487700,406.85091144783956
488000,357.6983602540348
488000,571.4921674829661
488100,448.48887852640706
488500,448.5928378778977
488600,415.018184556196
488600,406.70085461687177
488600,415.1264416737049
488600,691.4186429366085
488800,381.1314104644553
488800,371.29315996407263
488900,331.3634605251366
489000,378.53414030749445
489000,382.3652555244599
489100,749.0620290031584
489100,473.06348123901256
489400,544.6752376004229
489600,416.098773015467
489600,365.0688747171007
489700,466.6437631943044
489800,626.1732480877838
490200,311.59929013802616
490300,378.0727720192405
490400,531.2039220226999
490400,471.0527562551071
490400,362.3126289859699
490500,370.54612594029805
490500,452.9007599314153
490500,363.2022494854848
490700,514.861279605283
490700,519.8227320765926
490700,605.6358834741412
490800,608.4473232078698
491100,422.69659256323166
491100,326.0994852725767
491100,369.4181397725131
491300,376.8910124273297
491300,390.7608205080243
491300,514.608959455115
491400,420.2157161629526
491500,283.8365263607821
491500,334.88059456710454
491600,437.03416583727227
491700,448.96832386312826
491700,472.081479797761
491800,535.3076409148034
491900,400.42751702583087
491900,740.2975358283023
492000,429.1330298608824
492100,333.6370728497595
492100,521.0861564667719
492400,328.82563748357825
492600,379.85158175681914
492700,330.7062420345382
493000,653.3947099074054
493000,359.1549748727121
493100,390.2901442875799
493100,364.6975895344064
493200,544.6329426886662
493200,452.5576087714396
493400,492.8521541857739
493500,426.9754811346713
493600,531.6606585821721
493600,642.8836682403677
493600,370.5763973368452
493700,403.34695754724606
493700,410.3011464081146
493800,399.31267431938807
493800,371.32632238171163
493800,531.8821797967696
494000,410.88545380822114
494100,352.891172744624
494100,337.3774107605932
494200,365.7361296187789
494400,350.6701712598915
494400,385.12521932711405
494500,709.2979018143236
494700,319.5709625433982
494700,337.0828847944385
494700,608.7035352241331
494800,341.84045162802755
494800,363.10329059933616
495000,357.4900875883784
495000,423.9275034620687
495300,328.9248320533468
495400,367.14154367508735
495500,349.3503554413149
495600,482.13182807165333
495600,326.05135736237156
495700,455.18296050987334
495800,445.6285975289305
496300,324.88706706516666
496300,428.8609873382701
496400,387.82308002683055
496500,418.1942433492328
496600,380.6905114404689
496700,355.0197360765094
496700,308.55745715299656
496700,352.8620698006073
496800,351.43601215816295
496900,959.3196558956677
496900,726.3421048915839
496900,316.54803987356263
496900,330.06198244543526
497100,566.5560199094275
497100,475.138402121648
497200,393.1898802250853
497300,405.73539785413186
497300,360.4305558799526
497300,410.03756415064083
497300,380.65863590165594
497600,346.81921309126994
497800,491.27194733143307
497900,334.9084127438426
498000,372.22170085174105
498000,320.71129083658184
498100,366.6544611247319
498200,297.47953829605814
498300,314.0680712367325
498300,664.9250390330668
498500,325.7324961200418
498700,350.19221078438096
499000,323.8511456199294
499100,377.0983573206943
499200,384.30031087610587
499200,1318.228755334024
499300,334.70067145804035
499300,332.44947230019636
499600,332.29604035987023
499800,411.7846152320409
499900,410.2085897404018
500000,376.79324468242527
500000,417.0570399136235
500000,414.1796706317415
500000,352.19575461036203
500100,387.9071422048325
500100,332.8371336225058
500100,355.40015593551817
500200,325.5468992698316
500500,358.2931089044444
500500,532.6967938291439
500500,438.32367949898196
500600,331.1523606027902
500600,560.1385440748514
500700,373.61867030978146
500700,385.6158370344737
500900,333.3509055116659
501200,511.2177803431362
501200,331.3535452683553
501300,665.0975901512693
501300,351.54873304145934
501300,337.9335460545759
501500,486.40283409391566
501600,442.54112241349634
501600,610.1290743620523
501700,338.58891862372684
501800,525.5821529822608
502000,387.3969885239134
502000,384.41477235972263
502200,343.69037752671454
502300,454.41360840581757
502300,376.40674721858994
502400,369.4554684404026
502400,380.0056214607507
502400,371.7453923893212
502900,381.84620775633994
503000,337.9691657099454
503100,403.6295490404997
503400,368.9837099627169
503500,450.26018598535353
503900,402.3071558232217
503900,416.65149774203445
503900,370.3972421805112
504000,412.5033964661503
504000,406.848627070876
504100,329.3760195442507
504200,505.1975038800247
504200,324.4998025496473
504300,430.58809827193005
504300,420.47799810582853
504400,409.66472474803845
504500,487.4839469543389
504600,486.6504383621191
504600,336.2915485992469
504600,430.4641577470011
504800,516.5369243354698
504900,366.3844660075918
504900,539.782181960774
504900,382.8649148046853
505000,361.9093357066473
505100,378.1185574883091
505100,340.8582575086249
505500,310.52593733450107
505500,386.00874795278054
505500,409.62080069015616
505500,361.73408177863
505600,299.66469061649804
505600,406.85939937437166
505700,395.8269036834763
506000,364.29063935187565
506000,542.0506892127715
506000,459.74698496269
506100,567.6875020849485
506200,365.2899033732807
506500,383.96396405787465
506600,412.75440880777927
506700,379.7061113922826
506700,430.48016904411014
506800,560.1787294719323
506800,443.1802288056947
506900,371.7794955512784
506900,932.7416013826632
507100,487.28188252104246
507100,472.12582625209865
507200,453.8916347328007
507400,352.10414331675923
507500,386.80584690089864
507600,793.6991112370846
507600,482.4446360348257
507700,344.0509145508869
507800,543.8647705428444
507800,378.20717704848954
507800,429.7386718824669
507800,435.4264142977383
508200,378.288158346361
508200,398.4308450312491
508200,381.85778075255985
508300,760.8611547350785
508400,385.9912435415037
508700,434.5606285058372
508700,392.1171651473338
508800,412.7497174747483
509000,400.3557714479711
509000,396.69621314554274
509000,418.8324787287361
509100,329.6074667981878
509100,369.843164034004
509200,390.2541013255358
509200,412.24227459692673
509300,364.6451509589391
509300,371.5747941593991
509400,379.36176791455233
509400,440.7006811006182
509500,422.4093149921705
509500,362.68093905475337
509500,633.7534043479367
509800,518.1585112402412
509800,595.4521037091478
509800,419.8347971763957
509900,371.2199870761873
510000,536.7427471351849
510000,372.8658143205392
510100,354.21121942652303
510300,385.9358626745741
510500,424.7334018770994
510700,422.3795226329008
510800,459.21838880754285
511000,465.56458913021027
511100,374.16101955861274
511100,566.5702059362607
511600,490.88993758397106
511900,565.2854145935879
511900,417.5434230728426
512100,390.9538034272584
512100,299.7711786206284
512200,501.37538062170347
512300,389.8395310672649
512400,416.25056706776627
512600,375.21306754150754
512600,459.0821813267151
512600,399.7974820577195
512600,383.8811533899184
512600,402.99798496477194
512900,468.5823894751485
512900,305.0160931936293
512900,444.69795924690544
513000,343.8358937807242
513000,426.64570902996536
513200,653.2529650275371
513300,392.22972626934404
513400,366.4611547338115
513500,562.6806690473534
513700,522.1003987828377
513700,416.7006586810235
513700,409.6469403229754
513900,419.5706331548845
514000,382.6220536172617
514000,389.85764922695864
514300,346.57594357642245
514400,340.55045111765173
514500,472.8208474334002
514500,285.85813133820074
514800,499.3057244673188
514800,414.5098837833226
514800,334.28115490437585
514900,444.92047695874675
514900,357.1277441219989
515000,315.3755922274071
515000,506.06966935181765
515200,362.5960542708185
515300,365.40500622764847
515400,356.3457506821668
515500,380.7008193339846
515900,374.5995133591859
515900,334.36188159331607
516000,466.6416849756808
516200,448.6524575026072
516300,813.0772234789057
516300,367.8894722663619
516400,353.7954797014661
516400,431.61176430868636
516500,457.7002058927534
516500,348.94180050737424
516600,501.0457979324866
516700,356.07323692027484
516700,408.08925194748684
516700,373.94401183632056
516800,477.2490816349268
516800,395.32232666206824
517000,481.9758018270309
517000,343.03161612875346
517100,413.41862021647887
517100,359.3516759613661
517100,388.79801818760205
517300,394.9467964443651
517300,303.43488265963714
517300,373.74669286504485
517400,561.7163490351754
517500,482.64043108542165
517600,386.6120610824198
517700,399.637607578794
517800,598.2786645953317
517900,428.64786595561105
518100,325.1915285840997
518100,442.0687016194002
518300,628.9507322497534
518600,441.0054738254092
518700,417.09238726413815
518700,668.1162656271663
518700,441.4870185336036
518800,420.8070868194093
518900,468.8112258589007
519300,664.6908969329758
519500,405.6121717638857
519500,443.97851880105344
519500,368.8830503566972
519600,398.75246310848814
519600,485.0944791012674
519600,726.249307677291
519800,363.73248558753716
520000,519.5791170093725
520000,498.24512931832555
520000,308.1485709297336
520200,634.583813204198
520300,633.7965680022735
520400,342.23917783971814
520600,488.42859833490286
520700,364.52307490489517
520900,350.95938371156615
520900,381.9348342241813
520900,389.7775277590944
521000,398.7517625241869
521100,683.0972961762935
521200,353.30310719554205
521400,531.7259287492076
521400,399.8468804614197
521400,445.6426194338801
521600,525.7054348462246
521800,408.9071472746593
521800,407.364014996723
521900,810.1887754574761
522100,386.3964476870509
522100,496.3846091820839
522200,354.71982098591906
522300,482.3722840165384
522400,535.426607852464
522400,480.3844152394083
522500,456.5272866461867
522500,458.89070276633754
522500,511.28464204259365
522900,332.42082746608656
522900,338.30053428683794
522900,512.0112959708691
523000,435.113262419935
523000,479.1264823295281
523100,372.55266239481784
523200,381.415836766519
523200,367.37038526206493
523300,378.1449377739251
523400,395.0660656422805
523500,421.0133901392808
523500,589.9162009894785
523600,444.5357096834789
523600,451.20608196419465
523700,377.90913585517103
523800,445.7311650605566
523900,392.9806880731512
524100,337.16949533490595
524100,536.7486732810055
524200,832.1616058430765
524200,402.3127149077828
524300,392.4975514751551
524300,376.0282297079064
524400,376.53008832390515
524400,475.04667376229986
524400,444.06065284858005
524400,371.6182674347092
524500,370.46556310387996
524600,497.91761462428104
524700,422.64559808796645
524900,326.4846440279218
525200,424.9110723510736
525200,629.8386413857937
525400,419.7271459780813
525400,445.49427019473603
525500,390.9393138747001
525600,399.98973739348855
525700,372.89158546041483
525800,391.8942903187531
526000,449.777168144887
526200,359.7285408675002
526200,346.2570796039824
526200,477.2451852049314
526400,440.99995203938744
526500,472.88263829852764
526600,419.10282455208784
526600,320.5679861146055
527000,487.42329376046627
527000,466.0500001277986
527100,407.263484225336
527100,343.2476712667485
527400,436.77402090006876
527600,289.0452622076071
527700,493.84767775444277
527700,856.0346696327745
527700,287.33523662962506
528000,361.51689561793705
528000,376.6549944609914
528100,473.0010269576814
528200,642.845315461119
528300,432.16523583642976
528300,350.68607885388286
528400,479.3021905854491
528500,351.03605349656556
528600,385.5898742214473
528600,424.1533051867432
528700,304.6779588698018
528700,339.733743335146
528900,571.950804161061
528900,389.06758978556934
529100,368.82436523582817
529200,423.7788895751254
529300,469.3338312956124
529400,369.0552402953639
529500,364.4468533629702
529600,486.155234290327
529700,412.77762026710036
529700,596.5594451245154
529900,368.79440728964533
529900,353.7700587256107
530100,634.3970587963771
530200,330.7623104100609
530200,401.6374639873258
530300,464.28542485355695
530500,592.2961755889846
530500,385.27417016031524
530600,349.5635945912496
530600,441.58921312351436
530600,398.7368776188184
530600,396.8626970529746
530700,348.4792713946195
531100,434.53188357016614
531100,357.11746438553433
531200,524.4955487651437
531300,398.49185586319766
531400,350.7178655773936
531400,675.1063634084667
531500,397.90599218973114
531500,320.17580817434634
531600,701.4520084275836
531600,319.1377859421131
531700,393.7843616408124
531800,439.57060286180706
531800,323.1380248790072
531900,372.25609952800914
532000,424.52898482123663
532100,599.2814928768388
532100,455.8527490507093
532200,391.4102676933671
532400,383.7669348562456
532500,640.1329994105675
532600,578.7215699678144
532600,462.84237142761845
532600,432.2569172253724
533000,460.27568939512287
533600,410.0128983624498
533600,488.02047892667946
533700,653.0689605120042
533800,476.92359861795376
533900,469.29569796323364
534000,488.6608581142145
534000,496.82939032391954
534100,457.6041953293705
534400,520.1958153429633
534400,464.75900671481315
534600,455.7732786107195
534600,417.615328451574
534700,439.82925032576566
534900,425.2528136244435
534900,443.0071543138234
535000,485.2304792964225
535200,542.2661778225179
535400,348.6111521626257
535400,482.16324133248963
535500,335.20982302479337
535700,655.8826012211588
535700,428.9887814682655
536000,409.6237624012634
536200,399.17355804127425
536200,549.2347096444266
536300,398.8489621129725
537100,496.80076356216506
537200,395.0139458682509
537200,573.4449694104144
537300,335.59937707141756
537300,428.6310983868528
537300,327.29634103378186
537300,535.7440302778576
537300,531.0320591403453
537500,492.8422184115536
537500,320.0728945109847
537600,431.58892871644133
537700,414.2492530715143
537700,412.5208316202746
537700,394.7014120496172
538100,346.1607836253451
538300,670.2623677514819
538400,364.57420679460625
538400,436.9534093669938
538400,579.7095319925779
538500,384.01958577801827
538600,342.97185327938155
538600,491.849556209765
538700,421.380454211451
538800,486.2480552486019
538800,388.0650405780127
539000,668.3658985661137
539000,639.0101238765939
539300,569.5473371428589
539300,340.7366357419024
539400,580.2229253425417
539400,491.9578156386039
539500,493.6043224138589
539500,497.84330279218324
539500,428.0626619586056
539600,505.14491899912616
539700,337.24834781277957
539700,486.9065515764502
540200,407.5669912069324
540200,602.4576254444395
540200,477.1941554110753
540200,511.26286937526567
540300,386.1137225390152
540400,424.7514955920858
540400,425.5544238405524
540400,350.134886015781
540500,437.2778386808097
540600,400.91170881300576
540600,446.89195058650296
540700,625.7303476964494
541000,453.76430828776216
541100,454.80427341776317
541100,442.43061607447675
541200,692.1766995646661
541400,657.9908037232151
541500,454.9018326868108
541500,388.46010618984525
541600,585.8903169212732
541600,557.6776630965236
541600,438.21012647157727
541600,493.5700751838343
541900,496.100720583179
541900,325.59217101450116
542000,520.7254856607226
542000,500.64934426158874
542400,417.75849901894213
542400,688.1695248919316
542500,545.1773131051909
542500,502.87612697440704
542600,355.68702671821876
542700,357.24092399783746
543000,852.0354102549448
543100,394.6826109978936
543400,449.2133587137067
543500,363.6067745593071
543600,549.2217680960551
544100,420.32199826493485
544300,582.2890486127095
544400,330.2647748834691
544600,360.85833781244986
544800,643.4339391533248
544800,369.5294424612938
544800,491.76329872750654
544800,443.69953084821736
544900,429.45227645634463
544900,447.80443055000484
545100,380.41739855756794
545200,461.7737906197046
545300,500.7111547532754
545300,398.904650969793
545300,574.9502860799143
545400,511.9625625315867
545400,657.2841066336201
545400,675.8446033435797
545500,595.1266660766428
545800,397.6677777972342
546000,385.8775899768292
546000,511.1738568963266
546100,447.97819269643225
546300,394.49302838168296
546600,454.7172008143775
546700,566.0209370394377
546700,356.81563639937633
546800,565.9167353828519
546800,438.0864829815457
546800,384.7572445307072
546900,392.7625404364111
546900,580.9524869228336
547300,413.05622253346326
547400,599.197143210199
547800,452.05428676143777
547900,428.78940310173266
548000,417.4201397107396
548000,533.2547930577487
548000,518.2482124968386
548000,454.9777057907546
548100,415.27961368694326
548100,360.2784260784811
548200,428.45098193751187
548200,494.37860696493135
548500,532.9395569442457
548500,864.6197488953701
548500,394.83664368833405
548700,414.9303089701498
548700,503.3355197224289
548800,367.15684327832435
548900,400.9288152152257
549000,394.32461308058043
549000,497.09974573155523
549100,477.8788487007014
549100,430.8176701591617
549100,445.2415930485029
549300,517.507906968785
549300,500.21694942800906
549400,568.9458109494196
549400,471.11622072172554
549500,487.70610478048167
549700,673.7605354558123
549700,406.4185516752926
549900,580.9515354647344
550000,606.644128891878
550000,478.1953932161562
550000,512.6698897792976
550100,382.8277196028284
550100,481.47157900875675
550100,360.0410384280756
550300,422.6964454279573
550300,436.1528319375123
550400,462.49886107860254
550400,723.1369258566089
550500,397.69893274761137
550500,441.4075761479116
550600,472.2369723494405
550800,387.99618579440425
551000,569.0613328775677
551000,379.43624627137615
551000,518.7891471452415
551000,410.15651823997354
551000,424.8760186266791
551000,496.9826854082662
551300,430.87028121807367
551300,486.42739235192175
551500,395.5065582287747
551600,499.54644421366027
551700,462.37571365397
551700,449.68567937294137
552000,305.5186607441712
552100,494.9804251975564
552100,522.5201282577837
552200,476.43947887298776
552400,323.92872784505073
552600,468.10759988848355
552700,686.5422222719455
552900,442.70265530493276
552900,410.0658938613837
552900,357.6868015738987
553000,321.5412968513674
553000,363.50899248795696
553000,383.86250034235564
553400,497.6828432430344
553400,336.37793165194677
553500,586.1234120516176
553700,413.6254052156061
553900,326.96273055727585
554000,383.0442783769293
554100,405.0434575543454
554200,436.9701326960043
554600,544.6867632690556
554700,390.7829094451809
555000,368.5836141982334
555100,395.7689377477048
555200,367.7503075109362
555400,422.2848043554333
555400,338.27587314288945
555500,406.3808106375753
555600,425.28667553686347
555900,375.06925900819675
556200,338.87516781252674
556200,518.989889318324
556300,411.4750734750668
556300,385.57704017478284
556400,284.1641118617981
556400,643.9068829126107
556400,508.5468177215517
556500,320.1327802087296
556600,333.8680339038502
556900,533.2826826481602
557000,386.5862739490118
557000,622.8704397961728
557200,338.4116188461106
557200,434.60646655312183
557200,351.2552545018344
557300,521.1557014230783
557400,527.3506151892049
557500,522.8143756360427
557500,389.59158004728
557500,353.6205048990613
557600,382.54222710380867
557600,564.503600445643
557700,366.2249433790777
557900,339.8562567836826
557900,492.50651436018654
557900,405.991757579804
558400,421.3015970427868
558400,649.1220751467805
558400,451.9563117984778
558600,355.29613941179286
558700,534.9186354089975
558800,388.74096791067757
558900,444.7050562533074
558900,472.87925291493013
559000,529.9123959546492
559100,487.7543839624043
559300,332.61320407545475
559300,469.26369472072884
559500,462.3464927486129
559500,451.0262063846363
559600,425.2607473123674
559600,403.30423866223185
559600,426.58097550310595
559700,329.35650447572596
559700,496.2809223894213
559800,451.1584387821092
559800,524.1591630044637
559900,468.2205932486423
559900,320.26595149257236
560000,460.0242660839343
560100,560.4855245467915
560100,499.76529756197255
560100,421.4556889440811
560100,495.8660939302957
560200,989.559971715645
560200,389.7996191247957
560300,337.937565097309
560300,508.1467024114577
560400,538.1908421637958
560500,479.0644451327644
560500,545.7434680510788
560500,516.8335653681767
560700,422.94106190049973
560700,384.29829668878835
560900,453.0456307193065
561200,402.05268481949673
561200,435.7402237460218
561200,586.9242768597825
561300,532.2779598101532
561400,499.6227432672424
561400,433.25760537228706
561400,525.0982429946991
561400,394.7426147814125
561500,348.65786552070296
561500,785.8045444901975
561900,496.5166311880731
561900,627.0900257771011
562000,644.2457274507758
562000,414.35934428034204
562100,357.12222868086434
562200,319.2765710685367
562200,400.9544579002018
562300,429.67552497590106
562400,466.50819607600374
562400,544.2922580157502
562400,412.5929190831887
562800,341.45108928694196
562900,451.6351686826953
562900,323.1494351419863
562900,672.9638858766134
563100,325.01446344660525
563100,379.44934450589415
563300,327.1521637807202
563500,602.1223345656141
563500,341.25861690052284
563700,400.10144700854465
563900,452.7389587916166
564100,339.25529750957946
564200,396.02631292898855
564300,303.1983016661481
564300,365.5617492488112
564300,384.2970396589438
564400,545.998233466168
564500,326.29940861776487
564500,274.9523269521702
564600,314.40676663946664
564700,473.78719293872393
564700,301.2531056283135
564900,359.57157842868344
565000,398.94876196456806
565100,407.10785570376135
565100,333.82520116670275
565200,300.8845955704934
565200,372.0807274249923
565300,388.1802604547069
565500,494.2381747849794
565700,325.39980950825816
565700,453.27555930211287
565900,411.5613442990297
566000,614.6025028667642
566100,279.67491590669977
566200,393.33273293099114
566300,362.63437608408276
566400,332.26812159839454
566500,332.94583183089526
566500,437.5250901721104
566600,309.0022385003542
566700,417.374693868245
566700,309.5768912151283
566900,392.1331692944059
567100,523.5071441846864
567400,352.7578418317665
567400,400.401000566572
567400,500.67401317712637
567500,469.61887546975015
567500,365.3663821301475
567800,389.5383022521858
567800,341.69212006911664
567900,381.25076839205946
567900,419.83569767562335
568000,434.8921820400225
568000,422.7301007736777
568400,402.90014706066364
568500,424.8012668684181
568500,408.2973265752002
568500,797.7208465843946
568600,357.47808791812804
568600,420.9259605844121
568700,414.2223254913867
568700,415.7933285925933
569000,343.3740567314711
569000,395.22598766325274
569000,405.2052378417064
569100,334.95318564789767
569200,547.3412710971602
569200,350.2925277066433
569200,449.2485335063972
569300,471.7187528763857
569300,405.23290533676067
569400,401.5993217294241
569600,377.863442968945
569700,459.05776316636724
570000,497.0652482513436
570000,404.0786118112001
570100,390.95539536281706
570100,434.72777713300934
570200,502.52321848586803
570200,375.3841637714142
570200,425.81680898212664
570200,445.2815982575837
570300,446.22306500192025
570400,516.8392761460034
570500,370.7964979594323
570600,514.7667440884853
570600,343.3490500620111
570700,472.46104376234683
570800,396.85090704488283
570800,359.9881319983421
570800,403.2741584749526
570900,390.12228622878706
570900,426.84269735910146
570900,466.136603970886
571100,517.9629976561695
571200,390.49804012192476
571200,362.54816741697107
571300,395.338201031727
571500,335.18579903055337
571600,617.5947459353308
571600,404.077002205598
571600,363.6741143401523
571600,505.3653126077433
571600,455.27570923174153
571700,554.4410215452709
571800,486.4345194120305
571800,349.1640840946918
572000,380.06394916549306
572000,371.6056519243513
572100,340.76088044539574
572100,473.3755799989944
572100,358.61973241307913
572200,283.60713177131265
572300,444.6272380700139
572400,398.17831664472544
572400,368.19404661142926
572600,383.31738489789575
572600,389.5515642497009
572900,403.23629454604117
573100,355.18494708006534
573200,589.4654438337641
573200,451.9007995583869
573300,338.2919140254017
573300,311.30423220998256
573400,405.477515462043
573600,440.75182647086314
573700,316.29804952113386
573700,403.9231725122409
573800,434.175587762536
574000,318.9910754643557
574000,408.7410363894244
574200,812.2444079254169
574200,395.4506405517082
574200,291.15474111576884
574200,410.1465335570751
574300,466.4764062012976
574300,418.23529559871673
574400,332.8605619484936
574500,362.52594588211434
574500,333.72449021550614
574600,431.7556114906775
575100,356.00913831412896
575200,356.33646016084623
575400,486.9345929037937
575500,294.81859834991997
575700,425.330093286691
575800,361.0031602855036
575800,326.8250918284822
575900,406.18346274002147
575900,440.76058707260097
575900,376.75937954504786
575900,354.03714410075827
576000,426.0475751759175
576200,457.40709571745253
576300,387.9985016845234
576300,289.17966542688515
576300,261.53358075742995
576500,426.5422494670327
576500,282.99823873570097
576500,347.3585416693047
576600,414.39303797571347
576600,344.21885154855573
576700,340.5921428648418
576800,474.8754015488226
576800,392.272725040209
576900,518.1703975190247
577100,368.93587637011984
577100,343.83703660694925
577100,330.41372302218076
577400,323.26792035674026
577400,404.2093906405078
577500,324.7868222434351
577500,460.6675044380806
577500,364.8898651081878
577500,412.03506947326395
577600,318.8748202110586
577600,461.81585774524603
577700,396.82494922078934
577900,302.44908705027456
577900,458.2501305604054
577900,297.9583811546141
577900,328.21733721224666
578000,308.6224785092513
578100,323.0140665885089
578200,348.05240131967986
578200,334.81595607347515
578300,467.18393950226346
578300,306.3004941774773
578300,379.5869360434602
578500,409.7925754717204
578600,370.0735283606142
578700,413.8227168227798
578700,329.8756168903215
578800,386.97345952879004
578800,433.3981811722072
579000,434.6814652822516
579000,325.962905434182
579000,292.3187180367746
579100,348.34009736090405
579100,327.30593602304265
579200,318.2671984542226
579200,324.07921765953375
579200,323.69474953551037
579300,373.49264525746713
579300,437.2479395484558
579400,333.75038030860463
579500,441.7174050210235
579500,287.02846991448973
579600,374.86285698744626
579600,451.7522176928835
580000,355.17646453057864
580100,386.89463618157276
580300,335.55501658647705
580500,428.67915434229235
580600,358.0558217903214
580600,410.15430354563773
580800,337.6740903686789
580800,334.82416128821967
580900,380.49806230231707
581000,348.25123850213606
581200,436.67910125392905
581500,343.17586383132266
581500,386.45499224497684
581500,483.3762450520702
581600,524.6506755538021
581600,360.11121522708885
581600,350.1628186042976
581800,345.62884929905437
581900,416.80007270788724
581900,343.8662825878041
582200,377.1905914701154
582300,461.6199229844266
582300,527.1225961356117
582700,410.01172400148334
582800,416.1515604637391
582800,387.0491800562651
583000,340.3215768079289
583100,318.4973645663906
583100,470.8695277015605
583200,397.1588291233285
583300,476.1120700812545
583400,352.79729202080205
583500,350.95226959309775
583500,437.48174975171435
583600,329.563464052113
583900,396.767151614437
583900,319.2408579923559
584100,347.0307969542126
584100,319.10045013023563
584200,344.1002354816042
584300,316.7762874521821
584400,353.1890861293175
584400,338.1669163206577
584400,383.8643228166885
584400,423.3509046953919
584500,419.8908001247081
584500,418.5552526930575
584500,372.56484737253675
584700,331.03547991175594
584700,387.31469872808907
585200,396.74739520671926
585200,323.3707009409329
585300,394.18702576927814
585400,375.34719973987467
585400,376.5866572839344
585400,314.02249238114814
585400,516.4470414314037
585500,374.4923342691852
585500,456.6044262991209
585700,383.13649996759824
585700,454.8148495997735
585800,300.0334504874305
585800,296.1136253586958
586000,472.94687421706925
586000,466.7652071123929
586100,378.43966689893836
586200,384.92052705853945
586300,344.28079257844536
586400,422.1364668726191
586400,398.8499793994364
586400,379.1138747106076
586500,410.5617564768582
586500,378.03641495800997
586500,363.88764035203815
586600,354.4903345291833
586800,446.98134956049097
586800,353.9191084179457
586900,359.4238470332622
586900,395.2293112284294
587000,355.6236324145018
587100,414.9673940704626
587100,450.9617054601193
587100,355.43312063767905
587100,497.16694852652364
587200,435.18278795881844
587200,569.8485755135887
587300,394.72863891849573
587300,613.346779901791
587300,339.8149079028517
587400,343.37742624526265
587600,388.5578466266502
587700,408.4758585250682
587800,353.88119896992845
587800,322.40694144833316
588000,411.9150761824106
588300,353.1686516304091
588500,462.73174778801007
588500,405.1841844545078
588800,478.17915019084614
588800,336.93323602647314
588900,518.5625153080416
588900,567.5164301148599
589000,409.67945665930773
589100,398.1121988837039
589100,365.5052040695254
589300,507.96652798143776
589500,336.65166303814703
589500,420.90836389713814
589600,382.9112872386423
589600,394.3207629850149
589600,366.6027014190929
589800,303.8424793259317
589900,321.05197419970176
589900,387.6420543683496
590100,329.7598695260724
590100,310.9211131604646
590300,471.6609055204809
590300,315.7821462380522
590300,328.53389567807767
590400,331.1880818604505
590500,303.9709906360796
590500,322.1988611040385
590500,418.57695708660594
590600,434.96724904275993
590600,374.92434116074224
590700,363.26373596388214
590700,379.1943144181576
591000,361.99348487849585
591000,344.62652686663876
591000,310.4179897192887
591100,304.3636654074686
591100,441.737208475905
591100,515.7246028412403
591200,755.3239387588592
591400,339.8620346509127
591700,346.9390763910557
591700,509.981299390968
591800,485.74438756452776
591900,265.31545730080103
592000,313.20667942958954
592000,352.55951773925926
592300,325.67915936583586
592300,379.7992718973414
592300,293.7459999211689
592400,330.37508434083753
592600,376.3967616831057
592600,385.6887274491225
592700,335.3455830312581
592900,422.40379368655437
592900,359.34056610955497
593000,339.5840442788429
593100,315.37817014369244
593100,429.23916108369133
593200,340.63119239122943
593200,430.7258216770731
593300,414.8804348414578
593300,344.2076425628627
593300,312.82202690884355
593300,416.1631165044793
593400,315.6842624164724
593500,322.7796492045305
593500,320.2225394352677
593600,318.13812534647843
593600,387.9145221155858
593600,334.853755972518
593700,514.0114498984947
593700,398.02460066217066
593800,308.33253300205297
593900,319.1706153769177
594100,352.67305858519603
594200,342.85979018123766
594200,358.9352751075334
594300,358.86799560651747
594300,329.60219491472554
594400,777.0922195086815
594400,311.7315583424454
594500,415.4084462092231
594500,311.0026937866019
594600,315.2972863616877
594600,346.0768638417693
594600,442.57603912269775
594700,360.61435004724103
594800,348.7383479777586
594800,490.2185843347887
595000,316.3495459723094
595000,387.37112812162826
595000,363.5093339145215
595100,489.8487485522064
595100,525.5275757024791
595100,423.6634022266697
595400,307.53978121586516
595600,413.74367377085906
595800,322.61535174715533
595800,421.39945665705756
595900,425.47365617301847
596000,422.18116744808
596100,376.657551086304
596100,334.9157999373483
596200,429.40046429281836
596200,313.86555649894126
596400,311.9186897960399
596500,375.44749511005176
596700,372.5626448707088
596700,388.8117653535359
596800,356.0314172578701
596800,312.21969345227984
596800,383.23302316492453
597400,403.40906746213665
597600,343.95302983258597
597600,337.9049926792563
597700,370.7685815065055
597900,396.0921529020899
598100,358.5331810261898
598100,392.39090666644296
598200,282.7985586147155
598200,441.5105367237773
598200,343.48355734162806
598300,345.8575345815255
598300,406.2277196599866
598300,384.4536867923367
598600,382.7153622355863
598700,350.2140004258921
598700,366.96119280728
598800,402.14660300884674
598800,382.450031462149
598800,414.4161830328355
598900,396.247969069058
598900,413.88667671410053
598900,362.33052722476003
599100,364.6876509550082
599100,376.4144707558137
599200,387.8432401024821
599200,434.07691897764477
599400,344.9190585040006
599400,387.8424058176351
599400,313.88903369605754
599600,404.68724182306363
599900,317.5331616610812
600000,300.91551631284364
600000,405.2216375133406
600000,370.3060359880835
600100,360.65847680837334
600100,353.36261297938466
600200,394.8410608537762
600300,314.5028487999283
600300,350.7046363765921
600500,392.2923273911116
600500,313.67469413944923
600500,370.3393145939779
600500,375.3978735783746
600600,345.70443138336105
600600,343.5532008239333
600700,356.9334583309064
600700,368.8185866018621
600800,299.7712560411625
600800,266.57615236433367
600900,339.59243216542455
600900,328.7653262915531
600900,312.20798611275495
601100,364.89391425627616
601100,281.6219835048893
601100,368.2984104150779
601100,385.41267251571946
601200,370.9294757617146
601200,386.350429391671
601200,304.4017572753318
601300,358.1579383043835
601400,458.72072041259844
601400,346.28728258722833
601500,299.3576834352693
601500,297.8905896264797
601500,446.00679611639754
601500,366.90215055892435
601500,336.1787456735058
601500,340.9638741935017
601500,392.95826522742163
601500,325.5532563853335
601800,405.70167661662714
601800,372.612896583241
602300,353.1425838379366
602400,296.2844075820857
602400,367.0126122124765
602400,351.4481508998591
602400,301.6151200457081
602500,293.2721187720813
602600,309.1429924692914
602600,378.497344118381
602700,355.102712680729
602800,410.8031808198648
603000,391.6341268485273
603000,338.0568864342806
603000,327.52916948198435
603100,297.08207831362085
603200,319.9827730846203
603200,389.2961027556193
603300,335.8705916785364
603400,309.76222503091066
603400,371.3995678115619
603500,470.6242548605191
603600,389.7793822527259
603600,274.7175586686579
603600,396.1386804821748
603700,459.17175496679096
603700,346.42320612069204
603900,338.7053749013826
604000,322.6914062222783
604000,331.072046598392
604100,310.99846867526384
604200,344.7170852160645
604200,297.7860915456201
604200,280.6213081190036
604600,316.2478197973273
604800,298.81987562966646
604800,279.9651391950696
604800,301.23436009906595
604800,342.54801617221074
605100,322.35540406185595
605100,325.05563483608967
605200,273.5176944048175
605300,325.2073676279311
605600,306.1624253177449
605700,315.0919119619777
605900,309.0834876471201
606100,327.9819348219966
606200,369.4479273982913
606400,324.52981764493416
606400,377.36017273219665
606600,278.3322302966888
606800,355.9074038115522
606900,377.62892243350683
606900,374.3931466987574
606900,390.14569046621904
606900,357.8794776867671
607000,319.23413626524933
607100,394.92345838364446
607100,351.4002763377516
607300,319.1744628984788
607300,332.8832327932158
607300,313.0037436585615
607500,306.57457394816083
607500,361.2191400863524
607500,318.88831045287566
607600,341.00970015250596
607600,391.54719193778476
607600,384.8703825495304
608000,363.433692864514
608100,345.49478051542457
608200,369.59137460141596
608200,310.42253341792275
608200,314.77277458328945
608300,348.89340323184433
608300,327.1740485293758
608300,342.76336417664766
608400,310.34033714042664
608400,318.9539804429547
608500,333.17546357183403
608500,357.3545254279866
608500,350.4853774513027
608600,335.4864458591056
608700,383.7328768321136
608700,323.6218271393672
608700,353.7218023563703
608700,409.30515454201804
608700,349.6116251857212
608800,366.3917060655806
608900,357.99931849389753
608900,338.45166927940767
608900,342.705220698276
609000,400.7048641638711
609000,364.3013501659776
609000,415.377153696125
609100,434.0157337484972
609100,373.91658787237657
609400,371.624685063583
609500,329.99393013225557
609500,325.5333819486238
609500,363.65248118260916
609700,371.5263497237072
609800,337.39172893603717
609800,327.37935578552685
609900,343.53202299235045
610000,399.9641082599558
610100,430.8736077238619
610200,341.2632699744187
610200,394.17791269493847
610200,347.3567206601414
610400,337.84857989535817
610500,381.63656041229325
610600,333.5521387625722
610600,300.3571058762681
610800,350.81769094036065
610900,345.0849478739534
611000,351.1414924551455
611100,370.546773019125
611200,353.4351034265886
611200,382.1389757422033
611200,430.7717246947037
611300,292.80755665504813
611300,347.5924757910199
611400,374.57856186155124
611700,352.11209479812845
611700,360.0682477434227
611800,416.6613520200186
611800,417.07090498061785
611800,351.80888205564094
611900,437.7926906087754
611900,352.05886449871423
612100,312.3622853883453
612100,428.4262519698651
612300,407.0446690374191
612500,411.745613191995
612800,406.3810722342018
612800,330.65507362019326
613000,376.7391210261796
613000,358.8953622644086
613000,431.30207012809916
613100,391.16387098535495
613200,345.65708818974457
613400,293.3187868847269
613500,410.9930610305644
613600,401.9373210724471
613600,402.5540125345476
613600,418.2640112647383
613700,375.48761645284293
614100,323.84848185240037
614300,379.3112159384429
614400,389.26862722272716
614400,338.4778707690175
614500,344.06535905479086
614500,352.4806329566561
614700,385.7383659059566
614800,372.20018591003816
614900,367.3282418329199
614900,403.26181873125626
615000,312.9808568866241
615100,353.2207073910381
615100,319.66346494459407
615100,354.9952581272097
615100,317.35017672114617
615100,395.6474676309455
615200,363.97893983996
615300,394.54153055477013
615400,375.401845509609
615400,383.45292747323634
615600,394.66629403540145
615600,368.54861318333906
615600,317.4206541030034
615700,341.08283907063065
615700,386.07437393115566
615800,356.64186462230623
615900,359.70679102114156
616000,393.87939883900975
616000,354.3971594406586
616000,343.8594027840519
616100,348.87098312223435
616200,321.7373476441912
616200,345.0053436775372
616300,347.2503893574962
616300,334.52542151544674
616500,387.1514171568115
616500,343.3770624953247
616500,396.19307389956936
616600,359.87416646652883
616600,362.8746440714147
616600,373.97807366906926
616700,360.2690740400699
616800,377.6396240185261
616900,399.8645103367528
616900,394.8757453636893
617100,419.40434212398
617100,365.4235995603509
617200,400.01450706815393
617500,418.15262972797075
617600,369.62144548740685
617700,388.45390807987974
617700,375.29466940151815
617800,374.55051504120655
618000,388.0038824215443
618300,435.34882821885725
618300,327.2241407598412
618400,382.39735918724114
618400,356.4952185885977
618400,432.9541287722938
618400,386.069916187259
618500,365.42039995918566
618500,406.8914770436786
618500,391.81686594702785
618500,395.8377088988472
618600,401.8588846027101
618600,427.6489695519699
618800,381.4113900278052
619000,350.8577198327827
619000,425.35356690381786
619100,397.64765830842504
619500,401.9539649866291
619500,361.15518247569145
619500,396.94974660728934
619600,394.0533615907781
619600,433.2320489159193
619700,412.76112503899816
619800,337.17844987548597
619800,369.03812621021484
619900,410.6135235436003
620200,380.6290621935187
620300,392.80313637333956
620500,434.20923037699345
620600,402.1453643193123
620600,312.22838147974466
620700,426.058763588868
620800,434.9722974293042
620800,376.9426143870542
620900,359.0628175557869
621000,446.7860837355662
621000,369.5234123138519
621100,374.0531438033887
621100,403.3144650528032
621200,390.5288228137867
621200,356.76360992168964
621400,322.89587143860734
621500,399.10550595143155
621500,295.3267865384733
621600,379.3336190257342
621800,423.4143084815538
621900,332.41879057019264
621900,316.31934742725826
621900,305.1584513945078
621900,308.5671389982807
622000,300.41392116162905
622100,366.57517163793653
622100,354.718991823941
622200,301.0214101335389
622300,439.28772970238504
622300,344.73293113050863
622400,291.5905970388379
622500,439.8169156562583
622600,324.7034704533432
622800,443.6620047949699
622800,348.93528452433037
622900,358.5975628122031
623000,363.00870428020374
623000,328.5377295294407
623000,315.3956581836979
623100,370.59473091886053
623200,414.1720800981207
623200,417.78075514129057
623200,300.5994002952131
623300,402.86982710312145
623300,335.2276279358703
623300,347.60800290556796
623700,342.08109425188877
623800,339.4172690252894
623900,339.9085076911809
623900,397.0800279360728
624000,407.06143765469557
624000,327.4843868766952
624000,332.5888778851383
624200,366.48546163414505
624300,351.3703201334008
624400,389.89890177740966
624400,428.13612936196654
624500,431.5619635928754
624600,369.39261962505407
624600,340.73854024324305
624700,339.6130102735038
624700,408.59419049904915
624700,366.40438736538596
624700,318.00276740622036
624700,284.0631262858751
624800,399.6503476074319
624800,330.9679285840615
624900,423.8691115378728
625000,398.8699046134694
1500,73.26029735888862
1500,69.75512558085231
1600,78.74203366720309
1600,76.95155230325881
1600,78.75604190212317
1600,78.45638686861246
1600,78.301685932054
1600,78.30304014234042
1600,78.17221798569064
1700,84.1851923315529
1700,83.21492674026238
1700,83.52658689279465
1700,82.07442993406774
1700,83.41204157752142
1700,83.1918329734189
1700,83.66681158929296
1700,83.86095192260458
1700,82.88518248961361
1700,83.5678748633403
1800,89.01625830325715
1800,89.8409669434019
1800,87.6315553745619
1800,89.04828047684383
1800,85.14370035358465
1800,87.75881996505566
1900,94.93345308237183
1900,94.3931164017104
1900,93.82859949872358
1900,91.72726784698223
1900,95.37220428139877
1900,91.74232592374472
1900,93.82322814596908
1900,93.75225211068634
1900,92.78802237505954
1900,94.72766427009932
2000,97.982409598643
2000,95.84522883676712
2000,98.75386698483656
2000,96.78949153700974
2000,100.31993039912743
2100,102.541647830103
2100,102.32928023716886
2100,103.37865962200149
2100,103.91306148696866
2100,102.76023421589137
2200,110.46501955441073
2200,111.20635829635974
2200,110.36646190504672
2200,109.6569797976966
2200,111.33110466878702
2200,110.89214047541246
2300,115.32170146970262
2300,107.08588713422353
2300,114.41501482781915
2300,115.23060619090197
2300,112.29522826645959
2300,104.31624529669128
2300,113.90189640799063
2400,117.52191488973185
2400,118.90397666825766
2400,118.84751868700735
2400,119.50946807665548
2400,120.0301119429528
2500,122.56451388582347
2500,126.1358855152266
2500,124.72609276061927
2500,119.13065294865586
2600,127.08542850708832
2600,131.40601437367744
2600,119.61125268514039
2600,132.83340504381815
2600,128.89419264567738
2700,132.40278627841468
2700,134.41965003900916
2700,134.3620469713882
2700,135.80463335517774
2700,135.18495659109007
2700,135.65138296656446
2800,136.94295227713565
2800,133.10703913737683
2900,145.366094596431
2900,140.63856132938164
2900,145.74304553389337
3000,149.8237785499507
3000,139.3928244024321
3000,135.30015066228864
3100,154.23177096998558
3200,154.981010657736
3200,148.21064246729614
3300,161.0628993348337
3400,174.69580057426538
3400,161.09369339129032
3500,167.80554487822164
3500,78.55450725259193
3500,78.61053780081589
3500,84.42077117639495
3500,175.9944260443699
3600,89.1536099814535
3600,168.17775943795482
3600,84.6831725169191
3600,82.93556965364702
3600,94.20951620465368
3700,83.30573121406839
3700,165.00575908605612
3700,73.64890556897493
3700,78.17338385578914
3700,185.13709284370998
3800,83.35161867760175
3800,96.19522278262326
3800,87.50772147575505
3800,83.88721370207517
3800,188.4444058459525
3900,77.34646673361395
3900,88.49461032085695
3900,88.74677953381097
4000,77.9587988904486
4000,104.64484908023978
4000,88.98986021446315
4000,102.3912047113333
4100,78.4062097770644
4100,83.36263337908976
4100,108.11274381499888
4200,83.20223063282221
4200,83.15274371060997
4200,115.45690997425676
4200,92.48125647836903
4300,111.5679851857484
4300,83.9530118567559
4300,93.40828224174105
4400,115.59695260344964
4400,94.98726423407693
4400,98.86885235176572
4400,83.32735360111514
4400,82.16003792994648
4500,83.34324838469976
4500,78.39784836815502
4500,90.64935736720075
4600,83.28493379021702
4600,117.7279730247163
4600,204.46434735779894
4600,124.09488655864287
4600,88.20726971404366
4600,84.01998132750022
4700,122.71222094744942
4700,83.4389021277278
4700,120.24824417583822
4700,87.71465499042135
4700,87.92393775988543
4700,88.66872632677139
4700,115.22913452125022
4800,106.28448663490676
4800,83.97085980685735
4800,136.07078823111527
4800,112.8267931022327
4800,117.02811410475618
4900,152.1930233948405
4900,146.9478738515317
4900,119.67901486020939
4900,86.67491606771543
5000,119.15806304029277
5000,235.66992040991818
5000,150.16715253166075
5000,138.51829941951377
5100,141.92908236203698
5100,111.45883184913335
5100,162.94676485339474
5100,134.2810489721054
5100,112.77216447126125
5100,119.78678479383623
5200,89.02311920276632
5200,162.3485364089812
5200,158.45279406136706
5400,104.78121813890316
5400,83.6809169884313
5400,92.68149168204796
5400,136.9894146145852
5500,94.85849041492573
5600,115.21130148943782
5700,195.31573400114723
5700,156.69388968584045
5700,185.27343898201227
5700,182.87608905842453
5800,101.15159220233654
5800,79.12273342362553
5800,88.99357047417253
5800,182.96000082398461
5800,90.02151864899504
5800,101.18560405696496
5800,94.46437935447628
5900,95.99248547398366
5900,94.41675289380123
6000,192.43135929713733
6000,93.40720080840292
6000,89.80751001587404
6000,114.74459120933584
6000,111.39057181579751
6000,104.16246610445668
6100,172.63206621973055
6100,94.1041949258204
6100,120.30884750173547
6100,83.67162705190998
6100,162.12499092350393
6200,94.0416165507443
6200,95.99463001365334
6200,132.2644677909517
6300,111.01178191686824
6300,93.99331085378235
6300,143.94147804274309
6300,84.11866449964859
6300,154.51809510781442
6400,135.8447155283848
6400,100.42750730846964
6400,124.96403301899056
6400,123.36326796398288
6500,100.99984826015597
6500,123.06247336971067
6600,123.93832697340919
6600,160.21663081431709
6700,107.53464853432698
6700,142.00648745242643
6700,145.1117389069578
6700,179.57875986538622
6800,93.63696112071034
6800,101.37939610502033
6800,110.1071908362569
6800,104.74222136854218
6900,116.42415135902574
7000,103.49161282969264
7100,88.49024002105742
7100,119.00574178997657
7100,112.7259462433635
7200,166.4104553232535
7200,113.83066360394135
7200,139.3854262793469
7200,116.62991452020667
7400,107.93891832405814
7400,115.41117164670361
7400,120.15218747473588
7400,165.38150537371695
7500,118.08955145950928
7500,120.281164501349
7500,148.54722816794765
7500,145.30426179320898
7600,198.74927265823447
7600,132.89507626020202
7600,123.56039350529012
7700,119.19709290034446
7700,147.2805204670617
7700,130.3754139679155
7800,89.93104087437017
7800,113.44634896873927
7900,102.48262972691269
7900,149.53075688899457
7900,134.524915345855
8000,140.41218115230637
8100,155.0924552879428
8100,96.13101290646836
8100,151.3401806194937
8100,105.89647097207438
8100,100.2864785325814
8100,151.07123461156655
8200,99.1677835083624
8200,111.24723930547552
8200,146.99495157038044
8200,101.68925570530463
8300,152.2388576352065
8400,187.17947513758097
8400,174.544529748064
8400,84.48249350586434
8400,89.29977541122925
8400,125.41457654167966
8500,116.21663417902262
8500,137.83586978710633
8500,148.2792542873606
8500,111.87321439901316
8600,249.52901160766862
8700,133.85776785699895
8700,183.4989264376272
8700,121.74856913780741
8800,119.92185773958583
8800,127.0926201359429
8800,155.70382153667694
8800,113.18330453646786
8900,191.56260882746017
8900,147.2922211522701
8900,167.10840099712948
8900,163.20797121638063
9000,127.96784414409323
9000,102.7223921871703
9000,139.00726070409496
9000,106.49112886268796
9000,203.70358991933335
9000,137.56608916627192
9100,144.89621212618303
9100,136.23793771775516
9200,97.4327960492489
9200,111.596186359583
9200,136.0869105494763
9400,133.0354183698506
9400,138.4021754007667
9400,112.23957173713846
9400,162.5822525710187
9600,129.76143287524278
9600,246.845007599741
9600,95.84882871941038
9600,224.33922084463342
9600,148.80289009488362
9700,128.19418875754192
9700,134.18213706716983
9700,226.09690683206392
9700,117.00367694039493
9800,102.8195274419065
9800,148.15841897843725
9800,191.85380168872675
9800,144.24791978014403
9900,247.8923669800446
9900,106.83578824560755
9900,95.77905110786645
9900,131.2325427360465
9900,165.03362373226773
10000,122.15080085052828
10000,155.97029379505628
10100,149.96089067578257
10100,174.00891309050104
10100,110.4784823772032
10200,103.57023255138394
10200,170.03277959661406
10200,125.07497709160755
10300,100.55824499577298
10300,148.89242311018103
10300,147.5280018805013
10300,146.26143016268986
10300,134.96084138678455
10400,122.01785287309029
10400,251.73497002949108
10500,155.87225612753411
10500,209.4982658184144
10500,135.95360431672333
10500,115.95921556790114
10500,140.97323538832742
10600,108.42112319080744
10600,197.0985245675549
10600,98.30084132718385
10600,320.59957744091145
10700,72.9868779140523
10700,100.70686776733122
10700,105.11306728075844
10700,109.13512301380138
10700,136.7499124078375
10700,128.23819621307683
10700,83.21788341226691
10700,109.79673869540395
10700,72.93964943079122
10800,70.71311643101444
10800,84.719716914377
10800,101.79411456971415
10800,82.56217539873413
10800,121.54975171066386
10800,82.76289553425057
10800,61.65585380189613
10800,78.93148812730985
10800,120.05711656253085
10800,87.62890690223534
10800,72.89139790153882
10800,90.43425001019352
10800,109.52285529366361
10900,113.1645971500564
10900,77.69262295647577
10900,257.67274550408223
10900,138.923362963068
10900,118.62066023523833
10900,103.21207856409771
10900,266.093685888502
10900,79.25324244674941
10900,70.33066560104713
10900,63.99160502940532
11000,133.34852487840308
11000,135.36722926130764
11000,96.1075329467895
11000,64.30327344883307
11000,267.7304724465489
11000,56.7758543403188
11000,93.29646141489312
11000,110.37725396495456
11000,85.12261838001483
11000,104.61432972515452
11000,219.1267229654538
11100,84.89669150919515
11100,98.28962174156857
11100,112.29123015414312
11100,57.53727994011818
11100,92.48886094520303
11100,61.52981525349471
11100,168.88139714644404
11100,264.46457244636275
11100,97.24190199783438
11100,94.89977863434342
11100,171.13039090600796
11100,151.5955604686555
11200,57.687518165910866
11200,56.73490335079326
11200,107.15881981993793
11200,241.02249420381406
11200,216.5398866474091
11200,56.460358696159986
11300,47.03811475947651
11300,58.57843481029827
11300,62.44579622948466
11300,59.28587817082639
11300,68.72251297512422
11400,62.97262506640149
11400,59.9432682244811
11400,46.99892230987817
11400,55.36136679501235
11400,52.761611699967006
11500,53.901408252585966
11500,62.55352536255165
11500,52.3296364252295
11500,61.42450158503182
11600,56.00265453361894
11600,66.66272293432385
11700,58.2596689152461
11700,58.12669682598341
11700,61.437739906304
11800,59.94140339859955
11800,53.4827080989207
11800,53.81776173770936
11800,56.92431564055764
11900,54.704464574779855
11900,62.198386731537774
11900,61.97304791108122
11900,47.3615146246541
12000,61.81981068404148
12000,54.50841188850468
12100,63.1249078829819
12100,66.1436986952417
12100,63.06147490099925
12100,54.537450794639
12100,52.20974423571878
12200,55.81466444211986
12200,61.92721138409835
12200,58.387919474484704
12200,57.50701152677078
12200,60.80807953271238
12300,60.86750443165599
12300,60.437158554580044
12300,62.22409417289252
12300,54.068830082047405
12300,60.89765864083793
12300,54.679890925343045
12300,62.12267671699236
12300,61.26575137312079
12400,57.365330636819166
12400,63.2070329830882
12400,58.9099171568752
12400,56.21268467671672
12400,62.47315396269511
12400,62.200121147856635
12400,62.29233198186744
12400,50.32444631938485
12400,63.47878131077786
12400,57.37091082581914
12400,54.04425505144957
12400,68.09435315672401
12500,62.95222302404022
12500,53.44848848068226
12500,58.21614319254154
12500,60.75615629973268
12500,61.75027329511615
12500,61.04225853607783
12500,67.66086539017047
12500,62.26524746305904
12500,61.92860226191208
12600,61.72239778921734
12600,58.34726600265838
12600,63.438664061069844
12600,58.65281464903975
12600,62.60428468148818
12600,62.21761124491734
12600,54.506471396540796
12600,57.77724389846463
12600,59.64236225421107
12700,54.84867469402433
12700,56.18993385379087
12700,65.36286309961112
12700,59.49810830939234
12700,64.81496053791847
12700,60.551723819241545
12700,60.963209201098316
12700,59.39254587754236
12700,52.87420492791005
12700,63.65498067291783
12700,62.071160851639874
12700,54.88922709183273
12800,67.16341827039362
12800,58.709585467505924
12800,63.37657118844649
12800,67.08369286569761
12800,58.51070162621011
12800,58.67365639015759
12900,52.683523017187646
12900,67.30725295074286
12900,62.02053434018932
12900,63.89331752450241
12900,66.63916362656052
12900,67.44671735402528
12900,58.09511798417742
12900,54.86028526970798
13000,57.42682156105711
13000,55.2680475763144
13000,61.81005014377798
13000,58.055258494471246
13000,58.61664135599074
13000,61.385819211598886
13100,63.89715624922719
13100,54.7847192989422
13100,57.84692741064521
13200,62.765377687462596
13200,56.782468758240476
13200,61.88798210886836
13200,60.151256650772865
13300,54.019058420028166
13300,60.52697856250732
13300,54.42002828808762
13400,47.78187004915657
13400,54.884473029008866
13400,56.125247898659644
13500,58.35710777725271
13500,50.52328196355212
13500,63.76508598425333
13500,62.34818122384878
13500,59.02362905058559
13600,62.18663810180438
13700,64.41495566346686
13700,61.08175626269894
13700,61.795625414179824
13700,62.3201093497129
13800,54.44782985689502
13800,67.83883678911272
13800,61.76813672217904
13800,66.28103716584879
13800,63.23042075969254
13900,61.7647021421267
13900,56.21439340296725
13900,56.611459729179145
13900,62.10638853819559
13900,66.25169221711165
13900,50.92860966457592
13900,56.124418124993674
13900,67.64510871402783
13900,56.41605348828772
14000,62.13908809782859
14000,62.65126879694714
14000,51.98516967996093
14000,67.3137767575813
14000,63.059085327278375
14000,54.350798013885196
14100,67.09021647905419
14100,61.6770732728917
14100,67.72383108508875
14100,57.852409568967616
14100,62.358024273944636
14100,67.41322190625799
14100,63.14938956937103
14100,63.100458173924046
14100,60.95815614329429
14100,64.76037963916859
14100,46.83898642768117
14100,57.625307495639106
14100,66.2705605732618
14100,46.21524206455249
14200,62.156322039814086
14200,63.235780129306924
14200,66.125868536028
14200,56.5938963690354
14200,61.52041028578466
14200,60.09799878746085
14200,60.60265956028775
14300,52.98388303148052
14300,60.793509377279214
14300,57.07878562631236
14300,65.25943280714323
14300,61.85949845098738
14300,58.85451026156777
14300,56.28132190080779
14300,57.38539584811859
14300,64.13594157467173
14300,61.317247915469785
14300,67.65067964812116
14400,59.738744700839845
14400,57.773090826614805
14400,60.368535747440724
14400,60.41003366400004
14400,61.8625759275659
14400,61.18204582060289
14400,67.35587504603342
14400,54.38512365652408
14400,62.95981735629628
14400,56.50514384479651
14400,65.33460263119089
14500,62.732163210324536
14500,63.84257760132166
14500,57.31111384576217
14500,52.72534478155613
14500,61.74511141121596
14500,51.14157504561608
14500,61.19509024561231
14500,61.8952331792448
14600,62.18248508383084
14600,59.886389326212196
14600,46.305779762274405
14600,46.98333120868593
14700,62.427718646076876
14700,60.16186156774473
14700,64.17676029654477
14700,61.430700380421
14800,57.811388640013476
14800,61.566179390090866
14800,67.36402511532374
14800,52.81880260608368
14800,60.425780574611096
14900,56.75193787969457
14900,53.68159171959048
14900,57.902575839742845
15000,53.71515261405705
15100,58.618264280314236
15100,65.07605477269209
15100,60.18867014295868
15100,55.007636931100485
15100,57.37059762190953
15200,60.54117457633882
15200,65.52081613370514
15200,60.2975181515451
15300,58.00062998957224
15300,63.21185014053353
15300,56.93530990226382
15400,64.84666554055761
15400,52.55608526253659
15400,57.737821024096526
15500,58.976952166675694
15500,67.26561549613305
15500,54.26082420015492
15500,63.230891344217255
15500,62.925095401864915
15500,60.78092321104766
15500,61.87353724634825
15600,59.35366262979575
15600,62.939793414926264
15600,59.166692684731615
15600,62.279666787149914
15600,63.32877498200488
15600,62.42914549291075
15600,63.260591157666745
15600,62.500397943721296
15600,65.86503555432999
15700,62.51222546171782
15700,56.23640905985264
15700,59.734504189100676
15700,61.37170655664993
15700,58.423495950420666
15700,57.84579586232457
15700,56.96215563732993
15700,67.02973163398508
15700,67.49117315685959
15700,59.19448928260296
15700,60.215785148039934
15700,52.50994199412281
15800,58.39218169869341
15800,61.06362658425513
15800,54.55138655166638
15800,64.90146148354097
15800,53.30340345706042
15800,62.64095371340352
15800,53.85988302395918
15800,65.0696556132049
15800,67.718021972606
15900,55.126489601082056
15900,62.18140595995811
15900,66.57432342593823
15900,57.596976942306284
15900,63.01611034445065
15900,58.07532224467049
15900,51.26700853483876
15900,60.73228009953021
16000,61.19813551081046
16000,62.39310552098461
16000,56.22523198893417
16000,61.03563042803387
16000,57.438628723765284
16000,58.82270422203241
16000,56.55851646955413
16000,59.9098456742103
16000,60.604096703966185
16000,54.41478478556087
16000,52.50354358176031
16000,61.99170632899881
16000,57.912513182232544
16100,50.360529033317924
16100,60.761442635699105
16100,62.48892315746708
16100,63.08466080271336
16100,61.43210821108622
16100,60.81897915550577
16100,67.45951052578543
16200,61.38563107791559
16200,58.2780522546642
16200,56.27023616863696
16200,62.6525971285708
16200,64.29365750892882
16200,60.78737405210072
16200,63.63740147240866
16300,61.239798995087384
16300,64.859268761116
16300,54.73359352822425
16300,46.60744296506078
16300,53.18623322350621
16400,52.58389335334699
16400,59.42036217647969
16400,51.5872621690807
16400,58.10882786648569
16500,63.47015663425626
16500,52.881337141638106
16500,50.585325301913336
16600,55.33916432899089
16600,65.59436098736427
16700,57.319641965815485
16700,53.42493271184252
16700,62.51179531738997
16800,67.05044680695197
16800,67.08965542661964
16800,58.40212456810424
16800,61.65514736690197
16900,56.61857820820354
16900,62.17042681468814
16900,60.959176872886324
16900,64.30767765282421
17000,61.95063288577053
17100,60.76795280864866
17100,65.86995032126485
17100,63.48289804448226
17100,62.57614139545705
17100,63.67097052359278
17100,61.45553097092923
17100,60.765853638138886
17200,58.21584567781976
17200,58.45477923247658
17200,53.30649568150769
17200,54.96649389563823
17200,62.18416087494209
17200,56.07323210673565
17200,59.84534988638329
17200,61.610016346772
17200,62.18182815933486
17200,64.64869035320079
17300,54.599071026472544
17300,60.88823541239483
17300,55.71011695801764
17300,62.791996434334166
17300,52.861465260764255
17300,62.349503660608015
17300,57.778462829178075
17300,63.70625151752217
17300,61.886731074295824
17400,56.45781210053985
17400,65.4064888426301
17400,63.08225764659427
17400,57.65962729851723
17400,63.33484425340968
17400,61.97560761517789
17400,65.87823719666916
17400,62.51529577813249
17400,58.46319052261037
17400,58.71450354103656
17400,61.109858176460214
17500,68.38165939768659
17500,61.141914650250584
17500,58.615855189682655
17500,57.38340506198116
17500,62.69273175347177
17500,61.005140671381234
17500,63.52761183098681
17600,67.14478320616787
17600,58.03718577254949
17600,57.19627627663169
17600,61.264532148997425
17600,53.91515321176279
17600,57.5431531518242
17600,67.52477721228246
17600,52.71525154233903
17600,62.97411761669746
17600,62.1793354189513
17600,62.308475584400895
17700,57.662696512160835
17700,63.18085828895235
17700,54.98918007598623
17700,52.73832727699412
17700,66.65142828641476
17700,57.930727110851
17700,57.49498940125015
17700,57.76666163883169
17700,67.16312265540492
17700,61.75220866772053
17700,67.21200736870482
17800,54.317664902075926
17800,60.92875440469304
17800,56.74523391653903
17800,62.688782078536185
17800,55.65940439908219
17900,59.23452524971381
17900,57.32894257531525
17900,58.86551426321861
17900,54.84312022022853
17900,59.313747501238026
17900,62.68632247354319
17900,60.87911688492361
17900,66.95196619562935
18000,62.23662223154407
18000,52.94634698091786
18000,51.45464103178841
18100,63.11419257012984
18200,62.71017721310146
18200,59.600468724319995
18200,66.82517819769565
18200,57.56872969460245
18300,55.14356695068445
18300,67.45041196438558
18400,54.10997328415631
18400,62.07510686962641
18400,60.87889274836656
18400,58.97219760809304
18400,59.88714053988596
18500,59.38524521465178
18500,62.41681234909876
18500,56.8110213091702
18600,66.50495128617109
18600,53.262128191941144
18700,62.60865209559881
18700,54.7263191875536
18700,55.482869736524236
18700,57.99248749142349
18700,67.43522082622002
18700,61.178201540590955
18800,62.46562632800974
18800,56.53732103908974
18800,62.47252039980774
18800,64.0071007521629
18800,54.59926157383909
18800,61.94311985971018
18800,62.594985151353036
18800,59.2773763010628
18800,57.909521309311025
18800,63.61393905274342
18900,48.20927627522792
18900,62.51451633370113
18900,55.805928706017305
18900,59.786300484112935
18900,63.23231459593381
18900,55.12125348297714
18900,61.694814562567586
18900,61.59421623112149
19000,62.40223058774162
19000,56.56194484590545
19000,58.808544532505145
19000,62.50829319567964
19000,63.141926855307105
19000,62.96663562154645
19000,59.307055033815516
19000,67.3438373553077
19000,54.08893818415819
19000,61.46888482259452
19000,57.74416786280717
19100,59.35777086040772
19100,58.80011579609494
19100,67.8885010430721
19100,53.75886678566191
19100,54.227831415857075
19100,61.048323256731905
19100,67.61777206984866
19100,54.305169866393854
19100,62.94078168447412
19200,61.78941675489316
19200,57.10032730417215
19200,50.44618359398405
19200,62.36230073281352
19200,57.45663344668158
19200,62.35386419421059
19200,67.60328892332454
19200,58.650386886127954
19300,50.98143723653971
19300,51.03968947256871
19300,62.471956010266155
19300,61.8566160187358
19300,63.60708046206484
19300,57.394208167966134
19300,55.80842843904859
19300,59.87928651086224
19300,54.37833410091774
19300,59.302215750489594
19300,61.969450965485215
19300,54.986623123210094
19400,57.66436477735041
19400,60.15616398152304
19400,63.49127260249045
19400,57.154368372657615
19400,66.56414664010771
19400,66.71096886078196
19400,53.69468809518842
19500,61.91960308030579
19500,62.565780304580045
19500,66.8883313288483
19500,62.69110057587195
19500,60.29066985866026
19600,65.89799847558778
19600,62.90846473378089
19600,57.48611949157117
19600,68.3592180409199
19600,66.84918761327042
19600,66.76929997295883
19700,66.40243354114243
19700,54.92373749168569
19800,52.01647509530394
19800,58.53150117212387
19900,56.97570494422973
19900,55.058151957260925
19900,48.10570939794277
20000,63.613479084802925
20000,61.987559184185834
20000,58.41728903920817
20000,66.99894804349199
20000,55.90549382545966
20000,63.075949435521814
20100,53.71242464144027
20100,58.412943669936915
20200,64.826611357358
20300,60.33159902339299
20300,55.61140538992883
20400,59.57475570737292
20400,63.525417234571194
20400,68.2776286015638
20400,67.7087008082086
20400,62.05900892199372
20400,53.555116355649126
20500,67.08746233925415
20500,58.16470187254591
20500,67.62675351030144
20500,62.70699787400861
20500,64.1531790558952
20500,64.23178908623503
20500,65.85853851334937
20500,58.168271333238216
20500,66.88510053680325
20500,58.8787070280643
20600,57.66362583938717
20600,62.18037642476598
20600,61.75088183011474
20600,65.19309279931768
20600,62.11559458894521
20600,61.56867001660069
20600,57.474256393508554
20600,67.78876718530032
20700,65.37761367854326
20700,66.89541112123945
20700,66.34005125554853
20700,66.31881325457822
20700,67.70648579405609
20700,66.82310727371706
20700,59.162751344305576
20700,59.2359123358929
20700,66.49738914675955
20700,61.49668311023342
20800,68.55919039810914
20800,66.62124267418945
20800,67.82210485850118
20800,57.734235557690454
20800,67.752577205323
20800,62.462393965162754
20800,63.27790045358015
20800,63.358101394823805
20800,63.64449989496435
20800,51.75851569228822
20900,59.29273272775389
20900,59.21319971382726
20900,65.67019988704304
20900,66.12352363532997
20900,67.65404540118361
20900,64.09181823077529
20900,67.83099143502781
20900,67.54225766182354
21000,66.0586484270491
21000,66.91726444957872
21000,67.35311091681538
21000,68.05908355757033
21000,66.40384361183429
21000,60.84249551111033
21000,65.88673688655017
21000,68.47504426948586
21000,66.8546458220033
21000,66.70027816854441
21000,68.57645181726753
21000,67.17148526962256
21000,66.46048563453357
21100,63.30476682930924
21100,67.29490313889117
21100,66.03861281996609
21100,67.00281635121232
21100,67.98548629879194
21100,65.96393411567496
21200,67.82307316505619
21200,68.46706830891978
21200,66.70040874263738
21200,65.62977501410455
21200,66.9862969897318
21300,66.32411555327694
21300,66.7354926486861
21300,61.58520346885504
21300,66.9686834814603
21300,62.39050441418565
21300,65.84134024564005
21300,67.3955235822056
21300,61.91207006335017
21500,65.26676360663036
21500,64.22290136884673
21600,63.67120874764762
21600,67.29341579806491
21600,68.18680889692786
21700,62.04404758676181
21700,61.99733784629312
21700,64.14844301555694
21700,67.17380702290092
21700,66.23168363072425
21700,65.09489564233003
21700,66.10805142674829
21800,65.20093254018711
21800,63.23543506175144
21900,63.26727729844672
21900,63.84733206654309
22000,63.21540338142773
22000,63.515911891598
22100,67.41008352820567
22100,62.57461301070566
22100,67.29304174979536
22100,62.617075119258324
22100,68.24623085134309
22100,63.487050018378824
22200,66.75095010453988
22200,63.94502834351794
22200,63.395482298756576
22200,68.97542005338795
22200,58.9169441711121
22200,67.41220376173851
22200,66.96672731369281
22200,66.03316833758318
22200,68.05399626582674
22200,61.97590153768691
22300,66.03354306855647
22300,62.62130856839679
22300,66.10087685457746
22300,69.18644001985822
22300,68.4927799198474
22300,62.63187433625735
22300,68.40110476425495
22300,63.695424239286375
22400,68.19306999319078
22400,56.47322808135471
22400,65.99566121670131
22400,65.47606624087658
22400,69.14934031344731
22400,67.91213452944352
22400,67.0021622811234
22400,63.91681421396953
22400,63.16588760631499
22400,65.20252440322173
22500,66.92242781908348
22500,67.82145649213389
22500,67.32247839992496
22500,60.220977995939805
22500,59.47207258664174
22500,64.87485123926454
22500,66.09507896212456
22500,68.17577957009416
22500,66.48558157219898
22500,64.30245109836844
22500,64.26438300658269
22600,66.9985706528031
22600,64.48723006866317
22600,65.02941208506385
22600,68.17789562833414
22600,62.96976799692253
22600,62.944625267658466
22600,62.926224824783
22600,66.61500035224825
22700,69.13620763081654
22700,64.42350314354636
22700,61.18749845549405
22700,66.8446141893507
22700,67.7233266745855
22700,65.37534172869918
22700,68.20553779405294
22700,68.65787519830758
22700,65.81660126415541
22700,67.33318605195339
22800,63.480763040979205
22800,69.19985389416941
22800,66.04733480643557
22800,69.77639941603687
22800,67.80332202478507
22800,63.748146736123914
22800,68.137964739855
22900,65.79913225908085
22900,68.4671386941299
22900,67.42788123085882
22900,67.28253338842093
22900,59.245642535374216
22900,64.16047055074525
23000,68.5134611635012
23000,66.63421502818713
23000,67.7489284713722
23000,69.3593514176406
23000,67.3479704410816
23000,65.95535583784314
23100,62.826212710802764
23200,63.26858894636376
23200,64.15219791617474
23200,64.78661544702283
23300,66.37873045776331
23300,61.583743986391966
23300,61.453211548482514
23400,69.18362791263719
23400,65.34326137185927
23400,69.01706235738922
23400,66.62434115065561
23400,68.42651420374686
23500,66.43676231545948
23500,68.4498255896752
23600,67.43462595770893
23600,61.97664622146986
23600,63.17662492403162
23600,66.99192125118205
23700,62.30122226363154
23700,62.81647908314333
23800,68.44215065337275
23800,59.34562597004765
23800,68.59905033090105
23800,66.24981172545392
23800,67.66741660941987
23900,63.55918840914066
23900,64.00114066608593
23900,65.62014923458959
23900,61.3748702120046
23900,67.99382378036512
23900,64.64012477683953
23900,62.21494664684679
23900,64.1720472635889
23900,68.19278774590809
23900,68.73630611942109
23900,68.27592867429642
23900,64.30266818673697
23900,63.67611504516521
23900,61.87575509439685
24000,64.0114941054439
24000,61.46321857319338
24000,63.990212002789555
24000,63.73580084747169
24000,60.46832173715809
24000,61.83843103418592
24000,67.28257326110695
24000,66.90650978753399
24100,61.56885649589589
24100,62.40210537908327
24100,65.99695387497479
24100,67.13673137020399
24100,68.90878901982774
24100,62.01978818911239
24100,68.1411967590398
24100,63.626349576669604
24100,68.70219089054193
24200,66.82791468346437
24200,68.71138921874177
24200,61.11145241996748
24200,65.81823546449908
24200,65.82807997780976
24200,58.52979359162136
24200,68.79788883495377
24200,68.48850878387925
24200,67.91410012522414
24300,63.69031398995861
24300,66.98301917579734
24300,61.85009300830087
24300,63.308847800388534
24300,64.4214838029993
24300,65.31416871890494
24300,67.61693378820068
24300,61.327706502125416
24300,61.18981740333318
24300,59.952915840748545
24300,65.64768537988097
24300,62.6552616636035
24400,67.28126657823398
24400,63.829441889587244
24400,64.00202981860829
24400,67.76987612860691
24400,68.72938071507953
24400,67.50359498749067
24400,62.11268844194722
24500,62.41501636008708
24500,62.80770971531939
24500,65.04999531186995
24500,65.71032257226236
24500,68.12547303609395
24500,64.91237432878584
24600,64.36328519988666
24600,69.14121963893125
24600,68.92280816709578
24600,68.31622224891811
24600,68.1891591997854
24700,67.9669589973198
24700,66.45738204415399
24700,66.67095814510422
24700,68.2608320218588
24700,63.973111321637745
24700,62.391574047685296
24800,61.854619748193656
24900,67.26420134230504
24900,60.850397996559806
24900,68.01771570554446
25000,65.75772114984278
25000,63.56808502743449
25000,61.70389661801364
25000,62.75045345198271
25000,60.547947747649076
25000,67.33587355635794
25100,68.30307020691133
25200,67.97125453586108
25200,63.94536357678007
25200,67.99491693873655
25300,66.95573052105973
25300,67.69259091041742
25300,65.47634902486888
25300,62.43057518955033
25400,62.46873305048548
25400,64.84047166798338
25400,62.192118525880495
25500,64.81822379703661
25500,60.71799770029588
25500,63.897624768107136
25500,62.826769228557225
25500,67.13516792672937
25500,68.40064455815862
25500,62.92080765997287
25600,73.97166020821155
25600,67.95095197243418
25600,66.59319951148242
25600,67.6429050591538
25600,64.65302987341263
25600,67.79921691492041
25600,68.12242552304154
25600,66.22317464410108
25600,67.62792755547898
25600,65.09416324963635
25600,66.094927422804
25700,69.93192567733506
25700,64.92543793653043
25700,66.76443058368794
25700,68.89878077998291
25700,65.54382092316656
25700,68.64378756828451
25700,70.14412061882227
25800,69.62864205656982
25800,70.43590984856726
25800,69.936977904501
25800,67.48525563552978
25800,67.90655123655806
25800,69.3581273927256
25800,69.01237950230878
25800,70.80285138351361
25800,67.69011425012867
25800,63.30686301832438
25800,65.87992014874186
25900,69.81072519970002
25900,70.58101884007372
25900,68.42905662023789
25900,70.54601237494383
25900,70.31234645851261
25900,69.84662751067148
25900,66.0347230946981
25900,68.49339106797726
26000,67.09348028080494
26000,70.21237317982286
26000,69.48458345383779
26000,70.17883283509792
26000,70.74864210291416
26000,68.6690042919871
26000,68.942796140723
26100,68.15261706067794
26100,72.79111377670188
26100,73.13866399992678
26100,72.94027091377072
26200,69.73981605897032
26200,69.20560040149469
26200,70.78963441147286
26200,70.71518704810491
26300,75.25419647630896
26300,77.22270109957543
26500,89.38410689796001
26500,83.23447055533642
26700,92.1588248542336
26800,69.10735977489003
26800,97.81560813984564
26800,72.60170942840801
26900,71.97302129997692
26900,97.23959465488527
27000,77.76911542763354
27100,79.66356831712568
27200,91.97996492209879
27200,75.28774414005052
27200,88.17759942592174
27200,93.39046501071624
27200,80.48818760536412
27300,97.77747258570636
27300,80.48169335361248
27400,89.35257454618456
27400,76.09933996595682
27400,81.99169369387585
27400,68.23000863472011
27400,82.79116340785906
27400,101.03703478135643
27500,76.46678105610722
27500,77.04483784675884
27500,77.3807684573264
27500,77.42161602868082
27500,96.90644883473016
27500,74.7416358329249
27600,76.34397089793292
27600,77.13289139509635
27600,90.93683047131215
27700,74.9248619287665
27700,121.31075224154512
27700,80.03957623173515
27700,102.9867886783027
27700,80.75964977700029
27700,77.16063785384613
27700,68.24257414535033
27800,71.87295947641122
27800,75.37389368246416
27800,71.43682899290815
27900,86.53072122400106
27900,88.09923668061408
27900,79.97746917329708
27900,80.52596377488484
27900,79.6047343664991
27900,85.96388417611634
27900,95.53720187631842
27900,87.84365424956741
28000,77.53686272359708
28000,75.22157446804631
28000,78.3100234302822
28000,84.22855141573591
28000,80.52523262934247
28000,79.53738749566769
28000,68.21153301134868
28000,81.75704525863384
28000,99.22399009819723
28000,78.59110288390302
28100,71.0202422855758
28100,91.3559517355169
28100,82.62243436958752
28100,82.18069680586888
28100,87.64186130367392
28100,90.58403472903701
28100,95.87425660433313
28100,79.39290762947763
28200,96.53577404733825
28200,169.15074063826555
28200,92.64943479208485
28200,76.3107403282985
28200,83.09104491189188
28200,86.19368163220042
28300,88.16978802823131
28300,78.07377664143958
28300,100.616504414954
28300,167.809665247406
28300,79.69406813095527
28300,73.528162971697
28400,183.93565977121293
28400,82.58309780865736
28400,103.78983056178653
28400,91.46741526874267
28400,72.10324761523012
28400,87.80754936750675
28400,185.26712424984413
28400,76.65003588595057
28500,73.01873095301866
28500,93.91609180789115
28600,93.73165904938746
28600,86.90777919902065
28600,89.18665679105835
28600,108.33332945232222
28700,118.09995213607921
28900,80.05508372152812
29000,191.805398752459
29000,68.22420633908628
29000,78.21096613920119
29000,84.47012510983528
29100,71.3580541568551
29100,228.699564900575
29100,69.4432200428933
29100,77.57707448828563
29200,120.64976604409829
29200,115.9899802472471
29200,154.6258906315447
29300,79.12084562840272
29300,78.14453821050724
29300,91.65538289322451
29300,75.96657381241614
29300,73.53715826358767
29400,151.12271642302903
29400,77.5496639962147
29400,91.87513780291917
29400,74.31421320026605
29400,66.34850097533797
29500,67.85699634075455
29500,70.2438684923125
29500,71.30374953796968
29600,100.87620120824947
29600,83.26624424851668
29600,74.5332515861056
29700,84.41710925306138
29700,249.69393473896267
29800,68.37433491081404
29800,69.56004627950729
29800,82.75952367092819
29800,76.8985036238478
29900,77.69962285033816
29900,76.75284806445586
29900,78.10177064632207
29900,82.63509960814804
29900,75.18251703046485
29900,92.14411118065674
29900,91.4483044686589
30000,73.22403766370148
30000,74.52213682503408
30000,78.34827513999741
30000,70.80208532509198
30000,77.45526595326255
30000,72.89468653232194
30100,76.0189648162178
30100,75.03392470124575
30100,90.37623900663378
30100,75.17123098316952
30100,70.68744141529783
30200,105.8687311923095
30200,79.6986198379871
30200,73.75148668785073
30200,95.10903809696316
30200,81.60230422199885
30200,77.40346868922212
30300,68.91842797953305
30300,88.0594721078128
30300,75.01772563445192
30400,69.93223533381769
30400,78.01850036021705
30400,70.29504843467977
30400,96.98985818555207
30400,78.14834283796972
30400,106.70947272583464
30400,99.2037126176748
30400,69.39148918499446
30400,83.67174188661295
30400,85.84708214933919
30400,107.17986271554842
30500,77.87423909538417
30500,82.35096630141078
30500,75.45401680550873
30600,98.85064227670848
30600,78.89309709926745
30600,76.3192369274777
30600,82.99165279006448
30700,74.29561298337013
30700,88.35546905409751
30700,87.69097242887766
30700,83.43892118411797
30700,77.48373440562304
30700,75.11173620649433
30700,111.22022750535722
30900,117.09954438568624
30900,102.12868471901187
30900,112.02059625204434
30900,104.01568974271147
30900,81.92525046510065
31000,85.69353423005288
31000,133.10951826450088
31000,101.56234901748633
31100,78.99657327466156
31100,104.39893065914805
31100,107.24514745612686
31200,78.79415604924188
31200,81.99990192607618
31500,108.47460830234729
31600,85.67890643501221
31600,135.60950993679975
31600,96.86284582243512
31800,177.20937785113446
32000,96.40881417425638
32000,115.90930634264821
32200,129.38854785859303
33000,158.350074644088
33300,145.43689581199212
33500,171.1441002146217
33500,157.3429576565434
34100,206.04982911767925
34100,163.48375266308884
34200,207.8220577221353
34300,188.32952186211799
34300,183.19131759945472
34300,206.55649506638022
34400,194.63730317610072
34400,214.0120675759719
34500,190.05920301303462
34500,195.8305463763598
34500,182.90901701321206
34500,199.79095495231206
34600,179.1365866055561
34600,198.97004900244602
34600,151.8803793703491
34700,192.98474576071484
34700,165.76655225078176
34800,250.88965003567407
34900,183.88724811472608
34900,196.0378109293619
34900,228.52186096970468
35000,183.71830129731987
35100,209.18738947731055
35100,239.35222093390817
35100,229.47137940488074
35100,159.3427309849474
35200,196.0517991093838
35200,181.4627428238186
35200,232.99293450817623
35300,219.34400765443982
35400,204.22350663167444
35400,246.93918568292358
35400,209.636964456881
35500,225.8936636140468
35500,203.7236975116532
35500,227.84475611446408
35600,236.44518649209445
35600,326.4170408305868
35700,221.32429021136704
35700,209.6983200892761
35700,214.65222919095922
35700,219.21934781306936
35700,196.66486069430243
35700,187.89714446556408
35800,213.8811510107808
35900,222.23236187634166
35900,273.42946913030784
36000,262.18565509790596
36000,283.7837608944695
36100,223.08072396301904
36200,247.88865467470256
36200,243.33024900643815
36200,220.38321836794142
36200,252.3652733566268
36300,254.38457006144952
36400,285.1306855028022
36400,248.5073665293407
36500,222.78101384556
36500,300.7327367240768
36700,255.5381212824187
36800,221.31965929053456
36800,267.0429693323852
36800,247.12039289176425
36800,275.23517407133943
36800,235.27068679864672
36900,288.8640216679761
37100,209.42057645242298
37100,285.1735163373322
37300,332.4117995841261
37300,293.73829994808176
37300,280.20013001968914
37600,268.03425022387563
37700,302.9657500069939
37900,375.8891562953152
38000,268.0652969966367
38200,350.4386391198465
38300,308.9241277195776
38400,348.8671241230235
38400,259.9803992057622
38500,361.1403394522778
38800,362.021226111997
38900,232.2319477972063
39000,343.4085724312438
39000,306.8984706332453
39100,370.32624305945455
39100,377.0831283808963
39200,286.9964910246634
39200,335.0323236071056
39300,326.2999135022478
39400,368.37709404595046
39500,356.92827274573705
39700,344.7674494109797
39800,353.03652474027956
40000,328.3867241606375
40200,289.0731848353434
40400,292.701276810573
40500,383.0289123116365
40500,260.6946393203883
40700,308.77720852956855
40900,302.68940333584624
41000,448.2482155101086
41000,252.5759062373695
41000,274.31121888564553
41200,503.62576094549985
41600,298.65003639429125
41700,340.00965195317684
41900,414.114085663031
41900,353.90244278540246
42000,312.46317368390373
42100,314.45494788878665
42400,412.04310817053783
42400,338.7800656452085
42500,351.3864734488309
42500,338.55669709176715
42600,396.01682389155263
42700,390.59697443408305
42700,344.6672623217502
42700,393.39643320694876
42800,257.7537755681159
42800,351.44709897922644
42900,373.639189332553
42900,381.5633842158642
42900,350.25870705514427
43000,386.2569144727195
43200,365.0569769358034
43200,352.26950563484985
43200,370.0001928640789
43300,376.85224730529416
43300,369.9246041192388
43400,335.3756930250712
43500,385.57145560726184
43500,396.1845216410919
43600,367.59453696483416
43700,414.0762930808616
43700,341.66374078270377
43700,341.9281826741055
43900,410.9591629448253
43900,366.94522647739853
43900,370.60730396055476
44000,349.42839184134914
44000,366.7812508331147
44100,433.6309341812661
44100,307.40935740144926
44200,451.65079239862797
44200,390.51487725749075
44200,408.2527667906347
44300,268.9601448366769
44300,380.96284174939024
44400,399.9872558063755
44500,295.70600112851764
44500,461.28722811399626
44700,430.63849590768166
44700,520.9780459582906
44700,369.4173712903807
44700,464.62763361564174
44800,408.01899080803065
44900,469.5327641527301
45000,320.0291447739551
45100,460.1104666811461
45100,221.45711790873764
45100,415.98782240295833
45200,424.4697190669537
45300,416.1501091599949
45300,410.2338945119842
45300,304.97570763181113
45400,438.45612559939104
45400,380.41353180749064
45500,485.030494283771
45600,352.6763410268351
45900,345.80762760941553
45900,334.745346117169
45900,304.5434058525812
46000,385.22239265709294
46000,392.5667141364526
46000,467.78111154786876
46100,317.34097600417317
46100,384.46468444569564
46100,339.3356988927655
46100,334.0959260771226
46200,443.5547747534423
46200,330.56594068793856
46200,512.2211129434263
46400,379.2419473080841
46500,437.242524400401
46500,508.78322076017497
46500,272.17344881259794
46600,329.123100532375
46600,296.7423081230444
46800,325.89801680501216
46900,508.3372686635987
47000,323.53922416306835
47100,377.5697834496583
47300,530.8153401009781
47300,514.3624417058136
47400,464.23155543717326
47500,324.7397376559544
47500,268.7721778633523
47500,320.0307981018778
47600,277.0546568672261
47700,420.14036624028586
47800,245.8651258648389
47900,333.0896402097164
48000,426.992202352023
48100,341.4650605037864
48100,305.4415348952441
48200,569.5562615602008
48400,277.86895241168315
48400,283.99787993485353
48800,409.40895916935256
48900,305.81639004951967
48900,310.59857926063404
49000,346.35742768503053
49300,297.9884059939386
49300,292.2345629284529
49300,265.12072909735826
49500,372.1567746823284
49700,347.2143100532529
49700,374.4653737346043
49800,332.48865978070774
49800,253.495934604543
49900,340.7175482294295
49900,363.53222848860275
50000,286.5439650293205
50100,264.4702589011024
50100,654.7874350169191
50200,428.8532945051099
50300,285.1646856662589
50300,381.44878996608105
50300,244.94241015281972
50400,311.04961678700204
50400,363.7586531255088
50500,344.98746738111845
50500,259.99270943778464
50500,350.81268505222306
50500,287.83379645559637
50600,331.2223522134075
50600,245.5712767127357
50700,317.2007155642376
50800,366.53762667650165
50800,342.4311396232591
50800,365.01161297179414
50900,376.62426018643487
50900,299.4589396670581
50900,330.8614144494482
51000,297.1758644513449
51100,381.5021380678959
51100,305.99044274687554
51200,342.5770629029057
51300,293.7959225858958
51300,323.06166416905216
51300,400.3591505005884
51400,329.4417670267772
51500,361.3062002312742
51500,357.15760689800294
51500,291.754456145447
51600,420.8050557500852
51600,305.1219333189261
51600,287.0445669201927
52000,340.84739124653163
52000,274.6729161260949
52000,397.17231557929006
52100,408.97701940390857
52100,295.6054676620782
52100,389.0029564377902
52200,308.97713173898023
52300,287.92177524268817
52300,300.53562395780193
52300,284.7967351325881
52500,285.5651639910086
52600,427.15250719902787
52600,257.7582182552254
52600,378.2450346505223
52600,369.5142494225751
52700,244.2952201612995
52800,295.21614402463314
52800,317.33584235772287
52900,295.58914402419543
52900,325.4579061489273
53000,328.9164269463205
53000,273.2185284678946
53000,384.0834080622703
53000,278.8837161857225
53000,283.3759225272696
53000,332.6068949921615
53100,338.2903784893221
53100,370.04736842479497
53100,454.72521547564094
53100,293.67608624748004
53200,268.00053598347455
53300,431.7136199034732
53400,362.4554182425679
53400,275.8286564005611
53500,307.4514814990001
53600,367.51444750259
53700,275.50986908575464
53700,352.2309207436587
53700,288.12796161804846
53800,391.6155569215253
53900,314.1191543454485
54000,254.23574311258793
54100,306.13355184065375
54300,184.51222121210978
54500,426.43328101158096
54600,309.55370271780833
54600,544.6344670596742
54700,245.21396394498208
54900,331.39738570471656
55100,232.573312821901
55100,434.69208151330656
55200,294.26312456923847
55200,278.18690049780014
55200,204.82384315527605
55400,315.9858793010702
55400,243.6274417901765
55500,240.77299968394044
55500,246.8173963054737
55600,278.182116064649
55800,227.799342718515
55800,264.95991571113916
56000,239.114218013982
56000,243.24124171039742
56000,254.1095435993286
56200,232.23007221646012
56200,274.32732636315933
56300,328.7366409073385
56300,427.24320371363837
56300,300.54331445791416
56400,250.93267355328175
56500,271.3895278646135
56500,262.1712768468774
56500,315.53076035174786
56500,392.58167299611307
56700,460.17513662296693
56800,310.3935029991964
56900,266.92679443916313
57000,302.5299946197483
57000,212.2993806091266
57000,271.9529581621795
57000,253.9745437338506
57000,289.23664335127376
57100,303.2192462527373
57200,216.66454912646037
57200,267.78412217000175
57200,310.8133417797241
57300,252.11803508925894
57300,257.6948728590516
57400,276.6893610480962
57400,252.77592615749504
57400,428.38227106389036
57400,288.9112257175738
57400,235.03119796572497
57400,342.5640463732399
57400,284.7143580809831
57500,263.9974013377235
57600,229.96114662691832
57800,436.6283726789261
57800,285.3653021547277
57900,349.61993140072167
57900,241.5206159562749
57900,223.29208297707618
58000,248.5595260716817
58000,258.5562604688427
58100,261.4749404353704
58100,241.3790462066194
58200,288.0652048994664
58200,252.426615152783
58200,303.7369560210515
58200,349.0295968282765
58200,287.2736079168922
58200,240.71586544518152
58300,323.62996585791973
58300,282.7157916723608
58400,347.3154780046348
58500,291.49239181581464
58500,216.3214729147131
58600,258.49377626816215
58600,248.45377757621105
58700,244.07951173999624
58800,261.23531079271874
58800,257.32173635849466
58900,248.5228244613495
59000,259.86770501759554
59000,237.5419481010561
59100,270.3413135583132
59200,217.92725241945217
59400,253.82546783434836
59400,266.36236012624926
59400,242.07142953256954
59400,311.67943047844193
59600,304.4630755540309
59600,280.8182554807435
59800,311.90324770436723
59900,308.9733235337462
60000,282.0161219915817
60100,312.5940438283968
60100,343.41661103057294
60500,311.6383692763501
60500,334.81157382692766
60600,295.94473409946016
60900,264.8159201468479
61700,265.26806847151374
61700,362.62410311904574
61900,375.7901636048878
62000,368.1310682045986
62000,283.65351429141606
62300,223.9054070391445
62300,333.7361652685701
62400,281.3302613420779
62500,339.3896770534916
62700,392.4084588654865
62700,331.24495697521303
63100,365.72427084000117
63200,236.87163196609723
63500,325.889485429768
63700,387.7502596365833
63800,365.64730134252034
63800,384.8447194029959
63800,301.33649796300404
63900,273.5762302237711
63900,375.8914414640715
63900,303.95640333880203
64000,323.2095428926223
64000,362.35137247278794
64000,381.93302938452274
64100,371.9373669115625
64100,259.53871976833676
64200,391.22098329077994
64200,279.8633617930597
64300,284.05398715744406
64300,399.259831216143
64300,465.77165028753893
64400,250.2661766917186
64400,334.088754854249
64400,267.7816868271797
64500,384.3928191247904
64500,358.1408551869976
64900,299.5176872632073
64900,437.0145544136346
64900,330.36264575907813
65100,289.7596050584817
65100,340.87239177309334
65100,343.10351962039624
65200,477.7456983894537
65300,438.7046669006927
65600,553.6987190410674
65600,495.20131519068286
65600,523.7947712884345
65600,264.76963361729946
65800,380.16410170007106
65900,285.224563167151
65900,432.43826708507714
65900,383.21020807919905
66000,472.9799972490714
66000,234.5013738113687
66000,349.38619333073615
66100,352.38533742881185
66100,353.47663658571844
66100,294.65751885085535
66100,394.7966535918895
66200,192.78392992364186
66200,434.88787279182327
66200,367.55131025283697
66200,143.62386381221964
66200,445.6710131100296
66200,330.15593212285347
66400,456.5703165125871
66500,208.30127604776027
66500,390.85407398363503
66500,141.4457495016838
66500,453.3671816804445
66500,417.83840438241083
66600,477.96748837963844
66600,124.15629867653874
66600,127.7370072994529
66600,222.93980409264213
66600,335.200659032417
66600,415.86230730943663
66700,461.61024575239765
66700,386.8060731835135
66700,325.7996888221839
66700,592.3401591948455
66700,460.36673547188457
66800,477.8793319271272
66800,194.48344615338905
66800,458.761206488722
66800,323.14241040644504
66800,137.6014176512292
66900,442.4661603852146
66900,206.4399844210776
66900,402.5576828807953
66900,381.83326421962255
66900,217.88727235155622
66900,120.9279470315102
67000,497.1460163520797
67000,476.1208066721828
67000,536.792824126533
67000,136.53676758340683
67200,229.5975346146821
67200,137.3119908843369
67300,459.3834177883107
67300,163.51246373576396
67300,167.06483872966163
67400,167.2761886950812
67400,221.39079755493069
67400,162.52294203156154
67400,153.2494066058536
67400,517.4321055132458
67400,139.835301554453
67500,151.95184643418867
67500,392.4636933432681
67500,166.5174946739749
67700,471.1479078075305
67700,476.08866151523375
67800,195.4695116252031
67800,199.98690850527632
67800,230.56792639357778
67800,161.15416925649103
67900,265.88397176619935
67900,468.0304521666613
68000,170.13748048002577
68000,189.9022723570397
68000,394.3044555093518
68000,306.1467878510898
68000,174.57665985208217
68100,167.48132795357873
68100,150.57238844213614
68100,490.3038085966376
68200,436.5338984696012
68300,536.3036314368252
68300,165.07165726896272
68300,295.51541333607514
68400,162.0934719473405
68400,188.47677026341685
68500,373.24198287308417
68500,137.3649845959078
68600,161.68854031458812
68600,155.33617052001568
68700,171.6799895583448
68700,171.79897820774354
68700,436.1392218576467
68700,166.96983899690224
68700,633.3069675824702
68900,126.4091074000114
69000,147.1027894236047
69100,156.2888088198706
69100,423.63136062167473
69100,166.46041186854282
69100,166.9653520590269
69300,150.4219578976799
69300,179.636915499757
69400,171.7682935120068
69400,153.20520308682626
69400,157.05276185068055
69500,173.49277804191246
69500,168.4765757710549
69500,155.1806708685382
69600,170.3784083353958
69700,184.47331623241533
69700,151.84382008100928
69700,174.50980999694252
69700,411.90539951560663
69700,165.70989858610147
69800,148.98357944856062
69800,174.6264752677805
69800,157.58765956094163
69800,176.37136023528737
69900,159.12256039808102
69900,156.61345949522368
69900,158.620523011508
69900,154.5887564469601
70000,164.84305779162466
70000,149.79963483762626
70000,155.95718862475127
70100,158.59559309544483
70100,471.60449923305475
70100,165.7724824007407
70100,177.14083321944443
70100,154.40844996909877
70100,170.1152334101485
70100,180.62135774190625
70200,167.27443690734302
70300,176.65746061714125
70300,159.31252476917047
70400,168.70873086704768
70400,165.67252441229533
70400,165.63489126955685
70400,186.358855226794
70400,149.74289546174458
70400,173.60100413332466
70500,181.51628254531616
70600,158.78202613039008
70600,189.22309815389647
70600,171.36776830596412
70600,180.37310253581208
70600,191.2292993807482
70700,137.42001663417727
70700,180.5356607522283
70700,176.572550027328
70700,169.17317641548297
70800,169.3723506875549
70800,171.60391213385003
70900,167.86358231898635
70900,140.96373006052676
71000,170.38233880704072
71000,202.2681125972265
71000,172.93747719969343
71100,184.2145773923749
71100,178.6712532916409
71100,156.76053344439384
71100,165.11513899874234
71200,187.19902337854168
71300,159.99443680903173
71300,153.89420092312682
71300,166.81327983149282
71300,155.69438680384926
71300,207.23654067522727
71400,164.84483381044623
71500,178.2474051115435
71600,200.7973756487829
71600,186.48037238166378
71600,152.72976880365502
71700,200.61058103527986
71700,188.7083761554541
71700,181.27574628799462
71800,180.31656989666118
71800,163.95309373792387
71900,195.81014052936146
71900,173.8154596171308
71900,156.7760673103887
71900,156.29056117403144
71900,179.41583455447926
71900,211.5654427443741
72000,163.54933579887114
72000,178.7492948349919
72100,166.10843898479706
72300,211.81746536405996
72300,155.65490631687834
72400,197.47897156930432
72400,175.54919833355862
72400,181.07549258593525
72500,202.4994492614666
72500,189.20256240437348
72500,205.28819391950685
72800,189.6424227442511
72800,161.60909565198492
72900,157.0669607184477
72900,168.84885684284427
72900,179.27656274898484
72900,190.1247790071504
73000,197.65252607248533
73100,182.2542873693452
73100,189.5080653504971
73200,143.95800862394265
73200,182.70722073145657
73200,168.44940777938837
73300,196.493162436511
73300,204.76582173191906
73400,174.41565902740237
73400,170.18068380153824
73400,177.03477808178863
73400,150.4305976338474
73400,169.93408014404525
73500,165.63494030314257
73600,178.3972875035898
73600,179.9547686994764
73600,193.6429382480393
73700,173.10042136897084
73700,196.01099071807437
73800,177.2433264439746
73800,207.15804893389247
73800,164.19135427737655
73900,168.334820325465
74000,179.1226976869421
74000,195.7160416766823
74000,186.40456290690787
74000,114.57180848690685
74000,204.08900224716848
74000,209.33808600558916
74100,175.08791065271456
74100,192.92306397787164
74100,170.97664963507827
74100,174.12237171368648
74100,195.48496698222027
74200,178.44134386157577
74200,180.74611985699244
74300,111.26711817689595
74300,151.07156369199257
74300,192.23255142472385
74300,186.88259084159967
74400,185.1035693974429
74500,195.1909972561941
74500,184.00975995817146
74500,183.25691428898418
74500,191.8267553329744
74500,167.50482940110618
74600,195.92585311382132
74600,188.3982049039985
74600,172.55528744028862
74700,202.9944794721829
74700,184.96636103074565
74700,186.87972539111001
74700,183.48097079755996
74800,188.32132576412448
74900,205.23299889957678
74900,174.6663307796776
74900,168.1956071851912
75000,173.95106413840406
75000,134.5326609278109
75000,176.4215032161309
75100,202.1143154011862
75100,180.275738045809
75100,200.9108090594106
75200,192.49869645222606
75200,185.0213313611499
75300,182.60165662739172
75300,216.48511022357863
75300,179.3111619248239
75400,98.7076833373693
75500,199.39401931223225
75500,174.40850433406342
75600,205.1826325217873
75700,181.39246639228594
75800,194.7988221519313
75900,131.63242933742296
75900,238.99370552690806
75900,173.03473016300666
75900,149.86050261260132
75900,179.64398238772716
75900,177.04225128423968
76000,204.10756857778657
76000,106.54105441027545
76100,208.39501565455484
76300,194.35853180300094
76300,202.84611493911638
76300,200.79656375520298
76400,149.49815737586914
76400,196.85621764116087
76500,178.97435322487286
76500,204.23021055127515
76500,189.88282703242328
76600,210.00331671346262
76600,188.50288297026947
76700,236.12037685651734
76700,183.4054651292707
76700,165.95728371489778
76700,209.04126777139277
76700,194.50846301438577
76700,183.3582762754228
76800,72.11243900331192
76800,202.95546306493884
76900,216.36409178849277
76900,193.24078209505186
77000,72.70349733507598
77100,80.37435757853811
77200,189.10008140947934
77200,75.96835511636178
77300,199.82759882987958
77300,202.5241724871247
77300,188.55684175831695
77300,190.10577535247887
77300,192.35724966321175
77400,223.81324100779077
77400,80.1140565579465
77400,90.97215090120108
77400,200.7106867882308
77400,185.19984900815624
77500,209.39057612645075
77500,183.44600244673276
77600,183.55651806708107
77600,194.84445056130787
77600,102.12732371551358
77700,131.30552266479245
77800,76.8693194952358
77800,150.04439992794133
77800,196.1750019571303
77800,183.11491235673597
77800,110.93767423960378
77900,197.80882722637057
77900,106.85164662825412
77900,146.74476871414709
77900,202.11875392862834
77900,198.82537368717385
77900,169.8592297833921
78000,188.61051627723685
78000,202.26059434113125
78000,192.7390280499161
78000,93.14897480827467
78000,162.46078010844388
78000,152.66242461807232
78000,167.1937371142024
78100,132.66396826584807
78100,198.12809579974495
78100,204.68942796671126
78200,210.08291550052644
78200,92.67606169598005
78200,158.98312864717502
78300,204.87139743834635
78300,178.06810812734304
78300,201.54700663690278
78300,211.7801330084573
78300,202.32983664114104
78400,197.096692587389
78400,210.23660912365696
78400,182.32584563986703
78400,200.26857649830913
78400,169.78724884496876
78400,167.35675657745924
78500,73.63451442408957
78600,128.02557181283714
78600,206.5297291407118
78600,139.6773312425344
78700,224.9226564229644
78700,161.3218388787879
78700,218.24402465182573
78700,206.67582762344512
78700,195.5907414570972
78700,213.90465817445616
78800,221.9850929536099
78800,112.27263532690574
78800,232.20983581053116
78800,143.79006496567385
78900,129.06986415680876
78900,209.75660136076388
78900,204.043841241404
78900,103.39441038585038
78900,205.55473461463072
79000,81.25724575771338
79000,155.78351764010293
79000,82.71761014772048
79000,92.53275409451372
79000,86.70371201193694
79100,100.13612598718044
79100,186.69479206378475
79200,165.76504634629745
79200,137.33783041886247
79300,118.83124282618304
79300,102.68573647552763
79300,118.5330328677665
79300,249.5519505887236
79500,134.14264395581887
79500,91.77708369023527
79600,135.9978198699498
79600,97.24973360484776
79700,177.5979489192461
79700,82.48651581064101
79700,135.9094930985736
79800,122.77284279696254
79800,191.4673134082299
79800,90.5086523275292
79800,81.16958194770977
79900,168.85318014424897
80000,182.71180919462424
80100,113.66082826601887
80100,165.41725880769434
80100,129.73387275492917
80200,110.46718199758635
80200,213.61931783208385
80200,127.41568270234198
80300,188.5810020725914
80300,76.51758441787871
80400,193.15226397666572
80400,87.80710522149667
80600,113.44345975247215
80600,76.56791822296132
80600,157.82491259254027
80600,73.13124722333491
80700,99.17241235232297
80700,130.9515641044528
80700,77.28518210958536
80800,156.5197953340763
80800,130.60909909152042
80800,174.49266795973804
80900,141.39195954571676
80900,165.30915890413306
81000,183.77286834015888
81000,149.14551628544163
81000,127.12322930488679
81000,83.78315805162023
81100,195.9700700484602
81100,170.01807302645
81100,113.96169241687795
81200,122.3392609634039
81300,148.45065661263922
81300,158.7224515341695
81400,205.475550608463
81400,172.007237208715
81400,171.97431306059204
81400,116.35989827129218
81500,124.23676762056506
81500,216.52263716868637
81500,182.0999288598331
81500,170.06173255646442
81500,133.58886576863404
81500,193.14205437195258
81600,150.3584904906506
81600,179.6622892453442
81600,140.22204518140475
81600,164.87117566900443
81700,176.38573441552288
81700,217.2789495619972
81700,166.80686793450676
81700,183.74461641655657
81800,138.11174427012344
81800,168.0624718269544
81800,152.0075056976808
81800,168.7355613572234
81800,184.34261047600307
81800,154.31553642251095
81800,150.4441387213395
81800,135.02768743627283
81900,215.17388325236513
81900,127.32510341209675
81900,207.16399735516654
81900,176.19217937308957
81900,176.1634607398762
81900,198.9084302392746
81900,162.2977186684234
81900,195.81098061013702
81900,160.8052716508853
82000,137.63020392232673
82000,196.99528644040578
82000,145.331428436005
82000,126.94095738019145
82100,180.52758098016957
82100,177.7792305625151
82100,161.76189785533847
82100,188.54763789549125
82200,122.96080180372485
82200,158.30221012291054
82200,163.92292466528394
82300,159.54622512258783
82300,160.68755869359586
82300,159.5846003725631
82300,150.11910321882613
82400,159.09323347088235
82500,158.6996483445959
82500,198.72481543165583
82500,156.67578661908948
83200,202.63266630089714
83400,184.63557531428594
83600,202.77324736858748
83700,215.72697090152377
83700,376.82488982481954
83800,213.14291787919066
84000,229.73260621565075
84300,217.8449331280878
84400,177.48112012495395
84400,249.82379171873157
84500,217.78474955838428
84500,246.89601366274528
84500,216.60251370144323
84600,239.73543262639353
84700,233.28690709726973
84800,263.9673946604608
84800,231.27436791676752
84900,262.9027159119007
84900,268.52739727523976
85000,276.46841693954593
85100,260.7840163149015
85100,212.40189747666454
85100,235.65776636069785
85200,267.02934209050574
85200,239.91885153323943
85200,237.76624899148143
85300,272.4852137490457
85300,279.58161981554497
85300,241.10028000668433
85300,216.92755873739566
85300,244.8245669432052
85300,235.61829639628948
85300,245.57719280348914
85600,253.55535297528868
85600,203.52716692811467
85700,225.40008700036702
85800,240.19040869373774
85800,249.11574269188782
85900,266.8130385082027
86000,267.52464280367207
86000,234.08746194763225
86100,245.73080057075126
86100,251.93125264021887
86200,247.12205887809753
86200,280.5606584307555
86200,295.19892131432397
86300,316.03739743612
86300,256.1086633223243
86300,251.80832532920266
86300,230.25443402622253
86300,242.92045266067484
86400,260.5838538831817
86400,250.7106923554237
86400,234.95079787015746
86500,292.0467334528642
86500,263.10208202534346
86500,311.0531513307483
86500,272.5139860220091
86500,246.29441618279574
86600,262.48266097843
86600,246.2588397478154
86600,233.21085551918836
86700,249.79928598006387
86700,264.4008795424983
86800,302.9639308318072
86800,253.25247167164693
86800,280.0311977009902
86900,259.1599149431496
86900,265.516931002767
86900,271.0171544735342
86900,248.4572847842983
86900,276.037254339617
86900,265.86071860325205
87000,272.8828312527401
87000,292.4320462700281
87000,270.43244612863185
87000,286.7135738327258
87100,265.0043904590487
87100,274.23836509045276
87100,274.2896875999173
87200,264.2960028545847
87200,293.35870036025483
87200,248.80884536693998
87400,283.81151876506556
87400,253.67123389386182
87400,307.9870873060345
87500,297.85890363634905
87500,297.98978445217034
87600,269.51145645484894
87600,263.06713801014587
87700,316.694190179533
87700,328.6982560376228
87700,284.31074560284685
87900,314.52978993170103
88000,292.46769457183694
88100,302.0888707963891
88100,225.91991938087492
88200,329.92482537547187
88200,288.45192250454096
88400,270.24666532316803
88700,254.6370928481943
88700,274.4463247051412
88800,262.1308855399548
89100,287.53888811312885
89200,229.17493795207932
89500,232.30453728780347
89700,275.439960245923
89800,250.80893794706606
89900,275.38112296976294
90000,272.80764701407105
90100,290.74084816724786
90100,244.6393640599789
90100,245.3704222845768
90200,260.58044341901
90300,303.04252657469146
90400,320.31546466286943
90400,269.0662172731033
90400,273.61933045544475
90400,272.47034309830985
90600,310.4281756925471
90600,283.3500598954216
90700,410.2948147511555
90700,336.5545233339295
90700,292.4934420422486
90700,252.55859733757293
90900,236.83657497251778
90900,285.25784474573317
91100,330.658559709372
91200,312.1923035800302
91400,308.7509026774024
91500,308.7157021216133
91500,287.02859808132183
91500,479.45465330384286
91600,252.05479558244537
91700,356.27469968030937
91700,250.13245175445934
91700,297.4566815988965
91700,287.9966060761539
91700,292.2477641171842
91800,254.9618655765637
92100,259.55971906089985
92200,265.8571375152827
92200,320.2436277686905
92300,350.3203321304861
92300,292.69736619300863
92300,373.814726913612
92300,383.4210593863801
92600,392.4873723323972
92700,271.81108199711355
92900,362.8933041199902
92900,347.0373042342025
93000,351.45676126120867
93000,319.5590469123139
93000,343.09341077710934
93000,331.3930822247936
93000,354.6509128188769
93100,306.78554479746145
93100,379.09285713209374
93200,254.93890329811967
93200,308.3695802725653
93200,363.4614767977161
93300,318.6793739522884
93300,381.20833469667565
93400,256.46792833176096
93400,271.4064448862325
93400,372.89200393039033
93500,372.75483403342264
93500,283.81657563910653
93500,373.4412429840009
93500,353.7605936155874
93600,382.20813256723454
93700,334.1719767898503
93700,293.48682928267533
93800,390.62046948385756
93800,297.6457292375533
93800,355.9363327614163
94000,390.84160002658206
94000,407.4781378596197
94000,393.81346389875995
94000,438.70799926845194
94100,339.59991625620347
94100,376.8781994976848
94200,240.82425280718647
94200,326.5760855714661
94300,369.82900252796867
94500,411.62545860203716
94500,398.4813739770683
94500,413.8989997896126
94700,380.9992001690199
94800,399.0440866352623
94900,264.1817512586105
94900,261.6832608966918
94900,385.4224182360961
95100,389.2451277445664
95200,430.7519899411797
95200,443.54975843011823
95200,270.64207769622726
95200,440.0990289072209
95300,253.45810947046013
95300,344.67406188058857
95400,322.64084411418895
95500,246.2670086007521
95600,330.8890287085069
95600,363.12858270694613
95800,270.2847461566894
95800,466.8826330685957
95800,294.46830221617904
96100,452.0152373824135
96700,324.06774691684495
96700,257.54697802637696
96700,332.9720731299348
96800,264.7209189321586
96800,533.0973172416643
96800,262.4834004028094
96800,277.57616719659296
96800,427.4900843622927
96900,359.5245630513736
97000,539.7303617740391
97000,240.97142640244837
97100,355.596613028781
97100,313.19582631017596
97100,328.3679634150861
97100,363.59508811457465
97300,286.8697765859949
97400,265.3845386613041
97400,351.12224385975077
97400,315.8319163970004
97500,316.76784021171466
97600,354.17259887177784
97700,321.28447031444273
97800,345.131382988173
97900,291.36052288916744
97900,292.80044982221585
98000,382.3699673093255
98000,257.2921541081153
98000,305.2648565718951
98100,311.92557414434845
98300,455.0102185891589
98300,273.0596259176058
98400,439.28620813157283
98400,272.5013614439188
98500,262.45019219256494
98500,275.4810111049764
98500,289.0037084326796
98600,312.9301658930122
98700,303.09171299661494
98700,290.605102241598
98900,325.12991326862533
98900,392.0092881618136
99000,292.88036429757346
99000,453.47657569970283
99000,360.49920302793083
99000,757.5183004341792
99000,299.28658529609527
99100,446.5337693741667
99200,286.0376564022866
99200,633.9119647468657
99300,314.26833532383415
99400,487.49411412092763
99500,278.14036586432206
99500,329.3750411160404
99600,410.63911090551795
99600,414.76230717911096
99600,303.5634293319236
99800,318.2217267308479
99800,345.93860027112265
99800,274.19887919054406
99900,333.3413676432021
100000,346.41785053776397
100000,338.8894149754764
100100,317.1061064334886
100100,373.80010603955986
100200,335.3300240181737
100200,323.60008454759304
100200,311.38146777939124
100300,348.17273411237187
100300,382.6031239752294
100500,351.37797372829544
100600,335.22141839329095
100600,371.55186292928073
100600,343.92212431548677
100800,413.4602580439627
101000,364.99856999516606
101200,410.03171870961546
101200,348.0481027028403
101800,377.5383750624643
102500,430.60352409961155
102800,442.2015167974431
103000,406.834596272732
103100,406.86726836678105
103100,381.390296600895
103200,338.79366313613156
103200,445.8045482450183
103300,411.11649815124485
103400,348.7239144323885
103600,334.15110780272767
103600,315.1750067184084
103700,421.0544648571745
103900,468.0455785386683
103900,427.7764900207679
103900,362.68759606280855
104000,368.57779279677476
104000,431.25954109254593
104000,421.416113973127
104000,452.5970881407482
104000,422.615220410194
104100,324.6511036209255
104100,458.67694847552997
104100,378.9211003508128
104300,480.1905060624175
104400,311.1553697985233
104400,267.4760324018929
104400,402.6626652126104
104400,265.9160543573215
104500,455.63144470028493
104500,376.45448249390626
104500,344.7799610158963
104600,339.64962895967477
104600,465.80600883140033
104700,404.9141664986312
104800,339.93727844032975
104900,404.5194720225396
105000,379.9816350490367
105100,493.35017725351946
105200,352.26138897095706
105300,402.2461430941165
105300,415.70145698426086
105400,415.39412336074577
105500,378.06276023091306
105500,426.61159335250176
105500,378.46378274029047
105500,523.480043875403
105600,346.6416049888687
105700,368.17851648180573
105900,370.73717182770883
105900,409.38446630746375
105900,289.27133502252417
106100,349.71973630351346
106100,469.67347305230345
106300,429.01225353059147
106400,398.30007392314275
106500,284.91161209847945
106500,491.4619518494372
106700,386.2055043091873
106700,425.91389510373835
106800,292.2919143154556
106800,430.5260823652434
106800,411.24544040698174
106900,446.7176630741069
107100,425.2511308559327
107100,488.44718532561006
107200,380.3497013497332
107300,343.9019109995688
107400,446.5360813330157
107500,549.378554686506
107600,360.4809601187315
107700,476.0118724190485
107800,463.90204708860267
107800,439.8579351652756
107900,441.1927027308382
107900,436.3623140144209
108000,422.1868743310927
108100,392.51526541636946
108100,501.50272520578886
108100,380.6403811971719
108100,364.8063364608731
108300,405.903806238686
108300,433.512042176861
108300,361.0013803190817
108400,455.0816773502592
108700,374.0639248499817
108700,500.16607647649994
108700,516.602722263101
108800,492.54885595730883
108800,382.9449093887716
108800,445.43852897221166
108900,293.5233764557706
109000,494.7554739693554
109000,461.62699245497174
109100,571.9257130031095
109100,434.71770884961796
109200,423.06171273857075
109300,460.20104124086583
109500,290.75879586374606
109600,244.6413060176054
109600,440.4348663880435
109700,454.265829969587
109700,473.33862293015227
109900,187.4451639348721
109900,255.80776664341104
110000,233.49273398220782
110000,318.4168800169666
110000,268.1078283777056
110000,258.86532875552376
110000,275.20713911239415
110200,388.04940407418076
110200,234.82751823337105
110200,231.58272430882516
110300,258.9694882140066
110300,319.2458969866166
110500,323.81624099232283
110500,355.11672624495515
110600,263.68365576073444
110600,244.63514266330915
110700,309.00420446009696
110900,244.88813056802633
110900,358.314669824495
111000,350.33071296212216
111000,235.52167103293343
111000,263.13641281400675
111000,318.4378577497659
111100,337.1842640573102
111200,330.4837248714007
111200,308.52641596923667
111200,352.9051408342797
111300,250.89582851697153
111300,230.321606002504
111300,244.04506554313483
111400,350.76201547661225
111400,364.81034572384823
111400,356.27559458417005
111500,223.95331493851847
111600,470.8137256307611
111600,249.5674272876957
111600,249.50104234482157
111600,474.0943137424655
111600,306.2246220563606
111700,312.43635757045735
111700,393.3222333334983
111700,289.01275835086597
111800,390.7221998795897
111800,253.39647050054694
111800,231.47392375599054
111900,369.69241624907863
111900,343.0119933011067
112100,380.89764965140154
112100,238.44664269118076
112100,256.7385830197098
112100,334.5720255451344
112200,212.02027190936366
112200,372.0734050969499
112300,331.35391404118644
112300,276.2761691778116
112300,256.39246727247524
112300,231.4482602091061
112400,340.2151554664141
112400,194.17015660061418
112500,279.3085966588085
112500,235.06584294759938
112600,446.9052654850594
112600,360.4481810187113
112700,249.1151342962548
112700,410.1400050907935
112700,236.62215262464704
112800,278.36479500249214
112900,198.32976761484576
112900,374.0428830477654
113100,247.76313873087838
113100,247.14647347344103
113100,231.32157952431726
113200,214.04156879131187
113200,454.46430263984945
113200,265.1440583333072
113200,189.03033824329344
113200,284.89642389049976
113300,252.43056342417486
113400,224.24509605994416
113400,455.67990129755515
113400,250.48502378982386
113400,269.1728795647523
113500,222.67113475156572
113500,268.24090670658217
113600,269.2774881208229
113600,252.8904872631629
113700,241.23726271468928
113800,177.87501013179653
113900,172.46171354050895
113900,203.71375967161063
114000,264.1159750838262
114000,192.22522290004738
114000,234.28950180763684
114000,210.74179267968285
114000,200.9288624857934
114200,251.50480717842453
114300,150.87624457025566
114400,261.7558871302917
114400,211.5595113699723
114500,166.04331488703724
114500,258.32988566136413
114500,208.94901571486815
114600,219.6010431191548
114700,256.90872935486635
114700,174.16974337598407
114700,249.9049526290342
114700,211.28317938161257
114800,234.90841905808148
114900,163.17307072939133
114900,204.18671001452418
115000,234.55808701350165
115000,169.41918362612617
115000,247.15724573396443
115100,245.67180296936903
115100,180.44611065368713
115200,302.1916372000517
115300,171.83409527599682
115300,183.8883715271541
115400,276.5535460737261
115400,245.6976550312747
115400,415.60695707084386
115600,222.1574483313393
115600,242.27529904256093
115700,205.41117759580845
115700,210.42086856300193
115700,158.88721606295564
115800,157.2175695856733
115900,218.77147069182078
115900,256.61786756641817
115900,227.45543937260172
116000,263.2515945622806
116100,225.1993850174559
116100,176.76946813348866
116100,167.5333230684637
116300,211.99417809400578
116300,250.3393432975858
116300,161.6114519484661
116400,266.85396381044416
116400,185.1894088334566
116500,217.2950774748284
116500,206.93809759841955
116500,176.99346113756218
116500,219.71918090764643
116600,210.13636404178126
116600,216.73859396554528
116800,187.38481283896746
116900,195.5095155556875
116900,261.75861259139066
116900,265.3915513503007
117000,179.40522152654543
117000,263.9273731774094
117100,165.3874962096309
117100,238.84433917258454
117100,294.84032150771634
117200,275.1571726204273
117200,262.7972667589254
117200,270.50741647074886
117300,336.8917617014941
117300,244.9877211470558
117400,223.58702064101277
117400,193.1595398282533
117400,267.4005802375247
117400,205.8808593196488
117500,160.20812054038052
117500,290.8287270154804
117600,202.60123329135442
117600,249.897960379249
117600,218.56514452184382
117700,175.08561981940417
117700,298.30068328823774
117800,216.11027711413732
117800,217.7928650293335
117800,262.1859344066544
117900,301.7057802951052
117900,150.01394629213334
117900,258.5919511677461
118000,219.22704163031074
118100,239.9783675214685
118100,237.67474053235662
118100,241.15783025642025
118100,177.94665793119802
118100,175.0370539997285
118100,222.60366432640532
118300,155.53785573958808
118400,155.17484163914781
118400,286.678910144272
118500,189.28321534806332
118500,214.77379758287796
118500,226.05063553256093
118500,189.6879852886508
118600,161.0013328869212
118600,242.9797619589355
118700,179.0325717435248
118700,281.6980776698462
118700,171.27765531155487
118800,322.0651370198092
118800,206.93686516084819
118800,170.07974436736166
118900,255.55074972378264
118900,202.63788339927564
118900,156.76001803017158
118900,186.48212406157273
119100,225.51346881457613
119100,251.64894095611746
119100,210.5268781485776
119200,219.14014624703208
119200,166.48199027980672
119200,192.90018525244804
119200,162.32919000416547
119300,186.90437607968124
119500,199.0406590446657
119500,248.86931731190631
119600,185.19200064081548
119700,316.752082267389
119700,299.72150237395516
119700,389.3844906473952
119800,245.45015056574675
119800,174.9816486766489
119800,284.36803212754177
119800,236.0232509816024
119900,209.3017350168106
119900,227.18698603474243
120000,318.89594925072726
120100,168.12964862064968
120100,231.97283908645238
120100,194.00523659683873
120200,186.9152650475189
120200,213.67045449435096
120300,206.75696525610124
120400,181.5252099848052
120400,207.40487587267688
120400,311.98815672402674
120400,148.20532724606025
120500,197.27136826034675
120500,234.15508027359758
120500,210.55329364240055
120600,328.8620306374798
120600,188.45941511343364
120700,200.75091179760275
120700,236.2745276106131
120800,144.27668914445792
120800,209.26492094565205
120800,211.04268518040587
120900,243.33621279529035
121000,192.12240095489042
121100,203.99338382501597
121100,231.76047210031854
121200,196.61653811433828
121300,189.33832245214137
121300,211.76582671082704
121300,164.3165284665786
121600,178.82110845366486
121600,239.60099778604402
121600,171.12524805353314
121600,202.43920839626603
121600,192.29881040819618
121700,191.72919807852793
121700,215.2956127396165
121700,231.987172533741
121700,159.74707631736197
121700,217.7392932994884
121800,213.0732203644352
121800,239.0426995611534
121800,185.7894789790336
121800,218.69716737879264
121900,136.95719398701868
122000,197.70278452651326
122000,214.17476819642897
122000,223.25766970707087
122100,246.83653016313502
122100,207.2781173395247
122100,193.84189703925696
122200,244.8854595288038
122300,178.1237392860863
122400,236.51634094956506
122500,236.6538579664329
122600,162.2121345735164
122600,202.05510180815628
122600,187.25973929791914
122600,218.44142645848123
122700,187.32787216542013
122700,224.0739365240993
122800,174.2733235628896
122800,260.4953057752021
122900,225.35215928712205
122900,204.2117272058948
123000,182.44610329293647
123000,217.9888021726088
123100,288.07217371200096
123100,229.96620273074697
123100,337.2112694454897
123100,219.35977711562572
123200,255.65402936410692
123200,226.99913453648975
123200,205.56177401035802
123200,210.37589157312578
123200,210.2948388150793
123300,201.19733271270468
123400,259.20013680245023
123500,225.16285090595474
123600,233.21054306536712
123800,224.626939946255
124000,170.15547825581206
124000,201.84415708686885
124000,260.66597089676964
124100,309.7913794680005
124200,228.0977698836769
124300,281.33367450395247
124300,305.86218445858475
124500,267.4103840064647
124500,235.14205662853047
124600,222.36561104677216
124600,250.01931160814672
124600,243.73028624972028
124600,257.3437088652569
124700,236.52297836926226
124700,229.13921537705625
124700,241.3610339786918
124800,208.11091255840262
124800,246.01874439697966
124800,256.56033885504047
125300,218.62144238213673
125300,269.91160631082676
125300,237.86455706319833
125400,240.1178429316012
125400,246.7374652032295
125500,281.6914253317542
125500,250.06103322202023
125600,241.1404390723734
125600,182.41834044252707
125700,211.65747646920408
125700,226.518670465186
125800,226.51788732061684
125900,288.7190788008801
125900,264.2633575035973
125900,206.6162455759718
126000,369.4506552614796
126000,238.95207173516468
126000,291.2154598538443
126000,216.53046670264436
126100,261.99548935236226
126100,299.9698380174803
126100,304.04566556147176
126100,252.5840287987694
126200,219.44792720213604
126200,218.15755690129888
126300,212.87395378225426
126500,256.23400549550263
126500,240.74431137616884
126600,244.9517306543024
126600,236.09118249977854
126600,297.4605235110366
126600,304.835118696167
126700,229.63497602906645
126700,303.01938929293533
126700,242.73850368791912
126800,250.2307879049719
126800,291.7678372443245
126900,303.904618726712
126900,249.0623527455117
126900,199.0294576208476
126900,239.83190114703575
127000,235.72334773731728
127100,222.52974989711245
127100,265.1847471185522
127200,194.5612180207947
127300,260.9641235463846
127400,247.22086175432082
127500,355.1433536738761
127600,416.90777581098206
127700,283.0221931526025
127700,217.91495732841196
127700,249.88453969768443
127700,329.75100627565354
127800,224.08298388733598
127800,303.8303029412626
127800,252.83184873334372
127900,287.9214337920674
127900,293.414451725753
127900,327.47226580568025
128000,251.4923855179532
128000,248.42147414777077
128100,228.33654381494512
128100,236.56627946980208
128100,223.47380139498455
128100,241.84684605252693
128300,266.35870878991295
128400,291.2761536797014
128500,280.36157403262047
128600,184.09336815090057
128600,314.8669171573887
128800,187.51597938938403
128800,230.26466812006686
128900,292.47052787325947
129100,216.4389788499077
129100,318.389361043956
129200,219.40621192975317
129200,313.87053586081737
129200,223.51130125386192
129300,226.5305187549218
129300,229.92007786938848
129400,261.76791184180513
129500,302.16282951031025
129500,270.22610878057105
129500,311.12834411396125
129500,284.12631721032744
129600,196.98256689650836
129600,347.27498869088606
129600,268.1636064827976
129700,309.4776027158629
129700,324.68120798904766
129800,258.052377820645
129800,286.6298925095335
129800,209.92857116472058
129900,264.35373512177415
130000,281.1274619134521
130000,332.9301677384785
130100,270.3301497421827
130100,331.0753561016347
130100,265.4752709660244
130100,224.5455560310175
130200,274.4353487040349
130600,223.45638375937725
130600,202.5185346508725
130700,170.60535048207444
130700,287.23007575184187
130900,245.62313549714264
130900,283.6954571571931
131000,241.18977032945367
131000,235.65190827823298
131000,257.0872152904763
131200,216.53996530016863
131200,256.3961468075063
131200,252.6350615664832
131200,186.42216570779217
131300,217.89158683986113
131400,214.75764575459226
131400,295.7475865502639
131400,285.10938074441356
131400,270.47205696227167
131500,282.7440696994294
131500,262.72415864508554
131600,222.90089368470805
131600,238.7536292265961
131600,308.3787117442378
131600,244.72010154106053
131700,290.23188658238666
131700,286.91520197244694
131800,265.6492144051338
131800,251.0472299330928
131900,345.7365205494952
131900,243.85599016319472
131900,310.1673810437455
131900,245.53546814996187
132000,305.56000501191926
132000,209.9623879167494
132000,264.5619615787997
132100,252.39099075401603
132100,442.9986489009867
132200,317.510883901223
132200,281.6128411676634
132200,256.69986454806406
132300,263.9841316020785
132400,255.83411639153093
132600,322.03537476768633
132600,243.27807860019124
132700,298.9431856430128
132700,246.26403938792578
132800,235.50902469237485
132800,261.40956028534606
132800,263.48469957394605
132800,238.69900225854627
132900,230.58351837028815
132900,259.7434436914629
133000,237.0496188600839
133100,251.29910044192854
133100,269.5667696365202
133200,347.3789918767546
133200,295.999495832258
133400,239.66258735557386
133600,232.50136671463568
133700,285.87776266051725
133900,225.56397807643842
134000,313.4818403503727
134300,309.0714794163686
134400,263.5077757387667
134400,302.8325398777452
134400,254.493476855253
134400,271.847684884927
134500,326.2111455773631
134600,313.2847132135585
134700,254.39563289826057
134900,301.73300933957245
134900,310.11945448091404
134900,335.1587695700825
134900,339.6471874617182
135000,290.63993023440605
135000,255.5626972206111
135000,350.7053675548386
135100,249.65490554295974
135100,240.49355492042656
135100,292.78831594685647
135200,266.8127482094548
135300,252.13102988778937
135300,276.06329968620724
135300,313.89154428918044
135400,250.74796266466205
135400,287.42583221120003
135500,263.14898278567944
135500,274.52179337063353
135600,293.77694375761183
135600,296.02062817117593
135600,291.3966479924454
135600,288.67929071177286
135700,312.4332150195683
135800,244.91642670322815
135900,286.07601241046666
136000,330.91635017862035
136100,285.0340643839862
136100,307.8799298332002
136200,243.33538031713445
136300,340.65373962391175
136300,224.34724526972457
136300,221.53029859074877
136300,287.8777207853333
136400,282.09040769319137
136500,260.10954339645906
136500,237.295254685856
136600,209.10467147737398
136600,270.41556270779773
136600,289.4416135627021
136700,223.14828491336198
136700,289.2096778081904
136800,271.0383288081042
136900,389.6384012628186
137000,265.560345782369
137000,301.22164224856857
137100,250.39118801068628
137100,267.9080181408185
137100,299.57291604654006
137100,230.873152540249
137100,372.8282202609848
137200,259.27741712128716
137200,334.7966276245799
137300,291.0666418789015
137300,283.1117044040079
137300,294.02703595372066
137400,296.10465242932685
137400,237.04912488011732
137500,256.6410331366217
137500,277.13608663182913
137500,325.4569274976197
137500,304.56296434312935
137600,231.05616834566246
137600,237.53539505254665
137600,273.86527996285156
137600,288.0174923511764
137700,279.0090034705047
137700,265.1053388769084
137700,181.60239118879144
137800,287.4949404305381
137900,336.16496796862674
137900,282.74297487263516
138000,298.1821774318088
138000,293.78007925053834
138100,185.24004156419647
138100,231.043007431283
138200,142.05938699666373
138200,273.57122745496497
138300,297.4339364419086
138400,350.3813299596958
138400,226.8179169117695
138500,272.58928132889076
138500,214.95924547338797
138600,284.9915510630363
138600,295.85337145819244
138600,265.4222054792926
138800,289.36267244918884
138800,193.27647171611665
138900,299.7323820120434
138900,164.29750395980125
139000,292.25484693058604
139100,218.03563594386736
139100,173.94353673970883
139200,357.4082571714235
139200,227.222652777215
139200,290.9709569734559
139200,185.8856561915962
139300,176.42596225152124
139300,192.90559378727534
139300,322.44607738983586
139300,302.3529171371985
139400,160.33126040454206
139400,154.9731060419884
139500,163.0364847584286
139500,178.01756447490325
139600,170.7186105014564
139600,198.70209387810692
139600,208.5162370947421
139600,181.73909746370927
139700,184.85053651839394
139800,251.2114617412983
140000,199.33300226886726
140100,160.52813986287273
140200,256.7020408119363
140300,234.96857651230883
140400,179.19832769194488
140400,205.46227431508794
140400,285.2674222320065
140500,252.43203885455176
140500,194.08465903861708
140600,344.89902680028257
141200,224.9850367909613
141200,218.54809933539042
141200,206.17879006693238
141200,147.99699798873792
141200,333.6939093686626
141200,159.8028723395592
141300,291.67372679876866
141300,258.95019196956423
141300,277.8363639007171
141400,184.17110921404694
141400,186.19193235598436
141400,232.23268626911823
141500,283.2189344968998
141600,180.92169518611686
141600,228.3796958565695
141600,274.3336896462381
141600,147.40531390828906
141700,314.9710078065905
141700,206.90423473448837
141700,207.3485019715488
141700,262.6375663175713
141800,236.31144786339084
141800,279.1141192904773
141900,244.36830216322463
141900,204.84031776874758
141900,264.1534643610665
142100,288.6036165995987
142100,193.92696090075657
142200,229.5688069963469
142300,224.8803935376135
142600,260.3904676939992
142600,268.24356963018687
142600,249.94871069065132
142700,242.21890657497727
142700,270.2156335085445
142900,317.56690793632123
143000,216.34343054946007
143000,205.07785350385714
143100,270.970588552292
143100,220.49534076333575
143100,168.08288977968266
143200,248.9859118173789
143200,245.68958051686062
143200,300.64305504146665
143300,259.76897970459623
143300,288.1789030219376
143500,191.03489230580786
143500,282.2251504089725
143500,312.1680492302495
143700,273.0060002351843
143700,321.5773487126191
143800,241.0348577113842
143800,269.03171665733225
143800,268.6061576555515
143900,286.57654514902947
143900,304.04370213463943
144000,245.82036250569203
144100,240.20744227044412
144100,284.7294681172322
144200,222.39436074167233
144400,377.8873718833692
144400,289.67691045477596
144400,324.79216070096606
144700,256.4058586029668
144700,311.0999915903907
144800,293.21583953923965
144800,287.2391841985612
145000,258.41083630175115
145100,255.59938460180473
145100,261.83895254276194
145200,288.13819100444357
145300,245.69652117165592
145300,297.6786173694438
145300,322.78405108310346
145500,314.44907504033745
145600,283.81121870782255
145600,233.26515451450035
145600,233.52098896079107
145600,277.8121204206478
145700,289.27593588083676
145700,259.76564606263446
145800,231.6407359355586
145900,335.42221306561646
145900,298.2951764546393
146000,278.9745661641659
146200,333.9244028446936
146200,274.562915535921
146200,304.6453475577093
146400,220.46567493323295
146900,368.4173622912147
147000,326.41980470357595
147100,350.1626926241681
147100,371.2553635165312
147300,274.6522204864688
147300,424.7960932982499
147400,266.92867694534704
147400,395.5538896421417
147500,352.77050687379835
147600,347.9780196763094
147700,258.1827528274596
147800,306.4262468728726
148000,306.1514209721848
148000,271.1584149870212
148000,320.5754913831143
148100,232.0456488286978
148100,288.30258276395546
148100,325.36289190045505
148200,225.10807845414186
148300,336.0567380378828
148300,429.5749531889631
148400,308.1269759695481
148400,235.06652329267598
148400,319.6045425593865
148500,304.35946357184434
148700,256.491447790154
148700,349.8579248574506
148800,290.17007930376434
148800,350.76687412077996
148800,394.0419302544978
149000,359.25027386544497
149300,279.464533915125
149300,277.88288902458805
149400,337.6434813270921
149700,359.1128853387896
149700,335.05252217757004
149700,233.7683121429748
149700,425.84433533823915
149800,244.32675437354712
149800,327.69092153050633
149900,280.87612418988556
150000,412.3591108972611
150000,323.56345311101285
150200,269.2471175279525
150300,416.85170243365354
150300,225.9383195371055
150400,246.05274773829316
150500,239.29516455807112
150500,401.6702750927852
150600,224.824123209174
150600,336.36236303234546
150600,388.09187098005384
150700,290.88063754077956
150700,298.381904620343
150800,433.04233403769166
150800,225.93888355479982
150800,364.9745865053703
150800,390.24852891123805
150800,272.78733163997236
150900,249.2235930745943
151000,328.82277009422205
151100,365.92613980161144
151100,379.72403648958624
151100,277.8476338989718
151200,261.8285947424736
151200,304.15726626208607
151200,328.46905822299334
151200,272.63475693867935
151400,253.16974779064952
151400,367.740132014388
151600,321.06414389001924
151600,403.4879419694961
151800,368.99219000443776
151800,257.44374611613375
151900,460.2392616188779
151900,317.29272131147604
151900,384.4091803107029
152100,286.62125590897017
152100,364.84301210032925
152100,288.46997840248616
152200,236.2701860548143
152200,506.792404704198
152300,262.08709216929674
152300,195.63280490887402
152500,453.01918223193985
152600,309.30178719874647
152600,196.89853586415643
152600,406.1895517505659
152700,353.4335517406806
152800,363.28598306591397
153000,283.0285318625041
153100,228.15031347302138
153100,321.7233492489627
153100,414.59204801027283
153200,180.97056210125163
153500,169.22023245710156
153500,272.3089738012218
153500,254.0971713023077
153600,283.00846310826205
153700,342.00576000265124
153700,417.7794368573938
153900,274.1637680779365
153900,297.2932902895682
154100,296.6821240215983
154100,425.86774870848643
154100,251.32734677764617
154100,523.7536846876882
154200,277.4000378605225
154200,282.8086581401403
154200,289.9470830009764
154300,189.82043516849276
154400,528.5933091559199
154400,180.0180755387392
154400,169.7690480258688
154600,191.8024395336797
154600,158.72637208837767
154600,249.83756542511355
154600,359.3646956088609
154700,189.061901068424
154700,436.91610974664917
154800,294.4413802592649
154800,296.78028632853096
154800,147.75864097372198
154800,163.684119747452
154800,229.04321846295528
154800,272.20423556954194
154800,199.7221907095167
154900,182.75884584428638
155000,251.62561492882475
155000,260.51617270175365
155000,389.19091957997915
155100,409.6513728682787
155100,277.0334295464376
155100,194.07370637138095
155200,249.77633544706995
155200,245.82920598490188
155300,190.19605655102214
155300,374.82901309108627
155300,281.33654738270286
155300,203.37758235276357
155400,241.81856060997
155500,198.42742917532667
155600,323.1579943792272
155800,270.5819980260309
155900,244.02123048660906
156000,275.47934067351974
156000,189.69947786952122
156000,342.59710919715525
156200,366.0169379869135
156300,192.87476558251535
156400,358.8403565898492
156500,334.06778666770253
156500,236.6684528477348
156500,473.5121337989517
156800,192.41982104477063
157000,208.31453304098787
157100,377.8558624761978
157200,146.739193527777
157400,177.30806309244633
157400,131.93428038679943
157500,241.49637593192276
157500,163.5346059154004
157700,317.8515704796749
157800,375.56056655132124
157900,176.43252961217638
158000,256.5015638015484
158100,463.0259849106016
158100,433.5239637179907
158100,244.6587048134957
158200,308.83488433268843
158300,284.9746496823138
158300,295.6378804033408
158300,159.1960901898401
158400,156.8833247044709
158700,260.4927220733319
158800,387.98162713295847
158900,387.1241651581212
158900,320.5434195056519
159000,162.5950638410726
159000,304.8083264414129
159100,445.5336843297982
159100,293.514247639404
159300,334.5143258008171
159400,255.04574029303996
159500,127.23850215012595
159600,304.93509371530894
159700,291.5428649002856
160000,233.47871170467351
160100,271.8537851570691
160100,292.87157868492733
160100,442.1654038585571
160400,264.040847261003
160400,275.63066807932995
160500,325.0000793897704
160500,259.78875186722166
160600,289.7708280444478
160600,270.8397419584377
160600,197.42060249462372
160600,252.7176615939725
160700,452.0752774479171
160700,330.7689297583507
160700,265.2858051602361
160800,287.64521932308037
160800,308.2427415914253
160900,497.38771945511644
160900,257.7643953072417
160900,249.9396302496276
161000,414.9554031743504
161000,435.85359209778613
161000,238.46495260076125
161100,416.41770720455014
161100,350.5292707965661
161100,550.2573009330855
161100,433.06346244643635
161200,239.18955173524293
161300,287.3372725140791
161500,281.65610454233905
161500,303.17625089364776
161500,354.7261380595003
161500,286.3535665179718
161600,270.15340109088885
161700,293.8726866201012
161700,458.896597949286
161700,424.6236905711266
161900,367.0206663759803
161900,336.2441963240685
162200,199.5377051998282
162300,280.15638877623525
162300,527.9760109368594
162300,298.2490390062973
162600,406.5576235963683
162600,530.3893362641822
162600,376.519915190695
162700,301.8139141269177
162700,308.81567932069487
162800,566.7747339405072
162800,362.5826961489208
162800,235.94553951242798
162900,426.62925317092066
162900,237.91248884371728
163000,371.6749401667832
163100,203.94021054388148
163300,337.4403480940891
163400,150.3901955795863
163600,419.37316956313674
163700,253.3666125290229
163700,421.2400340530247
163800,298.0153730149898
163900,318.2597109153318
164100,281.2588501987253
164100,556.154444788058
164200,314.20009447691746
164200,229.951348567627
164400,408.3088391036826
164500,270.24954340653426
164500,316.8054216557406
164500,329.0657162157634
164700,251.78792772854464
164800,294.5288480156619
164800,260.20351231859377
164900,420.9316207504728
165100,518.5862588860331
165200,274.7702465885897
165200,257.93105224860983
165300,246.95379377992427
165400,275.4337784340476
165500,294.08421907274067
165600,475.6189379258809
165600,329.65059161667006
165700,315.2933491017034
165700,406.8839901718341
165800,450.72899886444657
165900,495.15442185160396
165900,529.7289719272219
166000,255.62745322832782
166200,345.809145798858
166200,369.0595596222357
166300,253.60591505678258
166400,287.3367650494276
166400,497.7534605377085
166500,268.10225451504533
166500,278.38551301800726
166500,310.1745466396281
166600,460.31380022129014
166600,235.72175420943807
166600,262.1934879020758
166700,464.69224797859744
166700,244.63853692622297
166800,308.22533316490114
166800,266.5293622657012
166900,246.8447003924422
166900,265.78463017696924
166900,288.493907699772
167000,296.1911360115288
167200,182.99210623074353
167300,287.47413619155293
167400,259.3761823143551
167500,267.79263393194543
167500,295.71837980837114
167600,261.4882656339349
167600,167.74649194395613
167600,303.73435042633855
167700,271.04491484653937
167700,353.9489910450841
167700,433.81172233911354
168000,259.3210245499046
168100,321.4035264039121
168300,382.00103364859046
168400,482.59106423234056
168400,365.61310792817915
168400,472.3998976715483
168400,402.29538404546696
168700,398.4505721300539
168700,288.28402334800745
168700,377.4331741837893
168800,282.54437017677697
168900,282.9871600756533
168900,254.6007787001409
169000,304.1659712533548
169100,324.22849180015334
169200,306.08891581479185
169200,540.8736168871591
169200,396.28629948096847
169200,278.09867789306094
169300,325.34524016117973
169300,386.98987103775437
169400,342.5141097616089
169400,299.4788711178266
169400,345.3929297843194
169500,347.30316433991624
169700,446.7362801357087
169800,347.286249537004
169800,380.7358592913707
169900,353.0254402227012
170000,295.32807027844757
170100,148.24924184505429
170400,334.98919967829926
170400,322.14970567865845
170500,268.8002316790642
170500,319.8899613539839
170600,318.01479179443595
170800,290.1875598943352
170800,368.0821140604417
170900,476.17008746164083
170900,196.75687775720098
170900,277.4651668452461
171000,472.2183246393793
171000,421.9840962927371
171000,400.42907690857095
171100,356.44871897311384
171100,282.6192809632791
171200,313.64707261985234
171300,272.7206794141624
171400,312.1205513714174
171500,300.4515847725742
171600,237.15416943860885
171700,319.9868086769548
171900,356.36171905720664
172000,295.34736264605385
172000,321.44148716112824
172100,364.8481045611248
172100,242.10348732958977
172200,266.93778629571153
172300,263.940317328315
172300,453.6803528883324
172400,269.21916328419223
172500,279.6360205725083
172500,241.23750983056564
172500,341.17812870303817
172500,316.8437295369719
172700,274.42564081053536
172700,492.27843409585813
172800,341.7465699106746
172800,391.19601417149346
172800,288.15698514634477
172800,334.22721924883865
173000,330.2006807346308
173100,259.9427288828521
173100,294.28731935263073
173200,300.6167499552691
173300,300.06857544259884
173400,245.45437897467912
173500,334.9673785878364
173600,300.0767497192034
173600,245.8799681460301
173800,340.8382166278949
173800,321.58511267281204
173800,244.71625760341848
173900,315.0968977390278
174000,275.06415714859827
174000,353.3397177279282
174200,292.4815613661146
174300,234.1942369328135
174400,338.2434725629176
174500,337.7956880302469
174500,290.0505568663907
174700,288.92387008371145
174800,307.93986375464
174900,214.78232882591354
174900,308.9547521069183
175000,262.58018284793013
175000,276.11986577133916
175000,258.6974493333532
175100,318.1754473956004
175200,237.71703107250065
175300,258.72094853909863
175300,241.7334129838155
175400,320.1103784849578
175400,375.01186724251386
175500,343.85254263811254
175600,288.9139905227674
175600,362.7527749058962
175700,264.1325961341679
175700,315.4313370520394
175700,282.7998327870775
176000,455.0600946206068
176100,265.7075609936923
176100,386.5060292971615
176100,299.5029899156581
176200,340.9551836774962
176200,346.2958122982277
176200,487.1172312655943
176200,279.71834699008093
176300,282.69651597951986
176300,283.94836484579946
176400,420.96430898783404
176500,258.88652496710284
176500,287.54689908889486
176600,266.2453576339784
176600,270.04778345648754
176700,326.10908942213695
176700,371.2953333099765
176700,349.5972794054079
177000,277.53959464902476
177200,290.6075098451449
177300,246.77034426061138
177400,332.2773845461184
177500,284.046230701611
177600,459.2497232132382
177700,560.1302308342813
177800,317.9868839219929
178100,253.84998778420464
178200,244.09014263853038
178200,362.3639888947162
178300,277.113533558296
178400,276.1051348690289
178400,329.0942196130026
178500,263.12845824642517
178500,325.79763898397255
178600,312.54451764285625
178700,349.6809532259582
178700,305.81565011256913
178800,303.4396866971392
178800,275.589064372046
178900,710.249063409231
178900,268.55058786341056
179000,278.7128951115921
179000,415.04364916769106
179000,370.1556290086614
179000,343.35923720447227
179200,491.9212711338264
179300,298.42731577628524
179400,268.5552614655685
179500,231.46148663299473
179600,282.274888060949
179600,319.1027253787436
179700,267.9512355440244
179800,359.5629474206025
179900,392.07981726464226
179900,308.76470532539093
180000,280.65711716579096
180000,252.96324174040336
180000,346.403983215527
180000,296.6365481780698
180100,314.0686350060881
180100,256.3294615440938
180200,255.8893998969511
180200,291.04078256182027
180200,338.9342464430364
180200,315.9378286126363
180200,229.77940165000942
180400,305.2171405889001
180400,285.3582027989563
180500,579.8404643932274
180500,226.21250776886924
180700,334.54774941907993
180700,256.79461706574324
180800,282.3954411808895
181100,346.66480541299376
181100,260.9481702870587
181200,355.12038201853227
181200,257.07299413767
181300,368.69391332822835
181400,304.44371190878127
181600,267.0568875695071
181900,311.9263125006058
181900,286.5677041826445
182200,416.5659940586661
182200,278.3154225776004
182200,306.4082633891646
182300,291.8436913066129
182400,599.6742047839405
182400,318.98724119729053
182600,280.11380387510803
182600,247.0939706153981
182600,288.73286487713506
182600,323.3151351318649
182700,304.4802878077332
182700,335.80413120227075
182700,273.4979258456559
182700,324.78093656069615
182800,474.60303321298335
182900,305.72328227099786
182900,262.0634744255658
183000,316.4807062566889
183000,295.4481441220411
183000,259.62930852276617
183100,541.5033280125948
183100,264.63013587641586
183200,469.4790294507242
183200,308.25316969883653
183300,235.82507015629363
183400,258.30761845593463
183400,344.76035425681425
183700,480.309530893264
183700,463.638556279387
183800,305.9025912569259
183800,376.50227391142954
183800,248.83713966405796
183900,265.15989607419556
183900,303.06267401816723
184000,423.8761001770685
184000,281.34094137892316
184100,277.0088808179707
184100,305.43444270541556
184100,322.98061209909906
184200,369.84235146314836
184200,262.08174626288525
184300,360.11092242852754
184300,288.1170093667799
184400,468.65530883859657
184400,317.67850999082503
184400,237.7345865469991
184500,237.34869779299524
184600,309.8495192998288
184700,360.8211223418224
184700,281.52091092792665
184900,264.9874933142876
185000,251.51224283561623
185000,418.42166947763536
185000,302.0591759897314
185100,385.12874103168036
185100,257.4606165821845
185200,267.30455028407755
185200,305.3099896322137
185200,330.6758139578386
185300,275.22920272450114
185300,269.39306481972415
185400,312.2948192759629
185400,289.7900981767123
185500,330.82276709738494
185500,265.35197258127147
185800,283.1542896821733
185900,295.4963515708173
185900,260.82955840417975
186000,290.42521136499926
186000,325.2655409185331
186100,276.9551481570247
186100,311.55634773552947
186100,291.54886091787404
186100,254.84307989118068
186100,296.15519535855645
186200,268.2967513756338
186200,346.1605741623615
186300,313.6412759688317
186300,329.124454974788
186400,421.79791809401405
186400,356.64570165772204
186500,320.74079313471736
186800,292.12872848558993
186800,330.92636599141423
186800,288.8905239141394
186800,314.944886136358
186900,316.6818663441815
186900,281.5671347538163
187000,458.5311241563573
187000,312.0766486787031
187000,291.0114342885047
187200,290.35166677439497
187300,298.3238718023763
187300,320.9194353540274
187400,310.5335841385823
187400,280.5479270411828
187500,258.7666965856087
187600,292.938149419939
188000,308.7624366521242
188000,278.11025126667965
188000,278.4162946717608
188000,263.06623508106304
188200,238.3209531651621
188300,291.1842066634154
188300,304.60521028062277
188400,282.1104067559168
188400,315.2599476670232
188500,274.3815676516711
188600,271.7693621639784
188600,268.4246647849183
188700,337.64281133850767
188900,322.22627362144624
188900,460.84220457488124
188900,307.39467366572006
188900,293.98957923174555
189000,277.1743357563457
189100,312.12430483355297
189200,289.5116090942252
189200,287.6607920853202
189200,271.07583818947023
189200,315.7432451410519
189300,274.1127174332169
189300,339.20119648890517
189400,300.86698769896645
189400,303.8212295462216
189500,279.2432612851689
189600,288.96384347849306
189600,286.1563288686335
189600,335.1251556682357
189700,286.0915657775797
189900,289.84689958022534
189900,282.8342522002991
190000,295.13448728599866
190000,281.274304292013
190100,279.82320188273127
190100,298.4092806513551
190100,299.6071164573863
190100,307.59668709159195
190100,313.21740411430164
190200,339.9383467384437
190200,323.12270312247813
190300,294.7341363694873
190300,323.342099301046
190400,286.2681203452201
190400,306.3139550252233
190800,283.5921102113838
190800,268.77911991005965
190800,283.07068546227237
190900,329.58305931206155
191000,323.4507474422864
191100,295.6452169791828
191100,361.8544240877139
191100,268.25597329343935
191300,297.37639427291504
191400,281.39578257303674
191500,271.0303242911873
191600,310.7300947039308
191600,292.0173716800532
191600,302.51114763474146
191600,335.3560763220989
191700,320.45153932431083
191800,351.6739564756451
191800,321.362817167667
191800,312.39381939188314
191900,318.0210001924778
191900,248.29565056894273
192000,301.26441208039
192100,342.1956244950959
192100,271.6177604903281
192200,314.98718373706674
192200,262.22436290534694
192300,316.3113529915428
192400,319.2664198128577
192400,305.0593199154041
192500,317.4906884337879
192600,289.151772523001
192600,222.27979446803434
192700,282.7310960649392
192700,331.958165492106
192700,291.1257494511657
192800,276.9749177573813
192800,290.2560849707781
192900,290.6187938766434
192900,302.84747197642474
193100,277.01352547315264
193100,306.82982812912013
193400,299.77224800933516
193400,301.76395016292827
193600,336.9371726697936
193600,318.8740960848571
193600,317.3269410991078
193700,318.04347313016723
193800,268.5762828684773
193900,345.62880882879625
194100,337.59732177986695
194100,272.9712525617439
194100,277.3149221182623
194200,297.92886637858965
194300,304.55030681716005
194300,343.84904760063444
194400,253.00228299852225
194400,343.21717877684307
194600,274.32139487084567
194600,298.9498030391919
194800,393.2964620545248
194800,267.63978098649153
194800,348.34338598398074
194900,354.82637396172254
195000,312.828359201754
195000,270.3402779707206
195000,302.1515972487353
195000,277.49044054874383
195100,297.08004350336677
195100,301.7738273331643
195100,300.5830431899056
195100,309.18505201784336
195300,296.97483353360946
195300,299.47641635806764
195400,291.008416585508
195400,295.05070680715846
195400,312.5647818351724
195500,320.33975183273355
195500,269.8783436407554
195500,273.6523235532981
195600,298.06403413284
195600,310.9008924486427
195700,293.4003221502046
195700,273.1674107623374
195800,288.8376000943235
195800,285.42114231125396
195800,300.3483086418995
195900,287.96479728047024
196000,327.38258968022217
196000,281.595792517515
196000,277.3921252681653
196100,265.1532832978117
196100,290.41459489886495
196200,294.45174704706153
196200,425.1816751077282
196200,303.1525741038045
196200,300.26700585412283
196400,256.9544972296894
196600,286.3073733120544
196600,243.2164316820287
196700,332.20686968815926
196700,275.5417294837632
196700,312.5115635813361
196900,285.84817864955795
196900,212.553254220604
197000,285.0063935360306
197000,341.5932005709785
197100,277.4099101234145
197100,287.29982341141266
197200,339.3739284428231
197200,280.2289089455865
197300,254.03163733270105
197300,261.1953601345145
197400,305.9524396880252
197600,322.92414889322566
197600,284.07803173559074
197600,288.1209656513916
197700,297.8668717722281
197700,251.8883292660563
197700,281.35449281924656
197800,260.71304241848134
197900,320.25136887849925
198000,304.07975777057754
198000,247.06011967176246
198100,291.8454316192203
198100,283.77639249302047
198200,229.21533556514885
198300,326.2593600281131
198600,284.03501604179297
198600,310.64506334086326
198700,255.8129243644798
198700,314.1590821704546
198700,281.31586601958617
198900,278.23093829518274
198900,266.1818711115085
199000,297.1082636792037
199200,257.5943541577735
199200,264.1768591098289
199300,274.713246917478
199400,315.57502048759517
199400,320.2607401437241
199400,242.14359710369237
199400,258.2831165657529
199500,388.7284202173958
199600,311.72874233930725
199600,305.8023257232911
199700,340.36521492307276
199700,410.69743484512514
199900,373.0948576165694
200000,253.01693801808463
200000,263.9220804803625
200000,254.7634210596905
200000,299.566543171102
200100,268.74260631985806
200100,270.50047165281694
200200,267.3526505509906
200200,305.32729092451797
200300,302.4935450019524
200300,270.9067947275636
200300,261.9116223758825
200300,261.29281428359013
200400,273.57976583172496
200400,253.38418259995905
200500,253.44395768258826
200500,321.257357378372
200500,267.4145400968638
200600,326.48758587111394
200600,285.2109300226225
200700,249.4452728215268
200700,263.96512364789515
200700,270.0544078624519
200800,266.08903149683823
200800,412.7639110937141
200900,320.8047066675907
200900,280.19227304776734
200900,275.2888357943909
200900,257.2859485027697
201000,264.0376633508959
201000,263.6180590301299
201000,299.644820306335
201100,281.1871772911802
201100,266.75442445394503
201200,257.89715853750533
201200,278.58563258969804
201200,283.33017466221725
201200,281.44512353502955
201400,342.3513030430174
201400,261.0736313526228
201500,281.5698740257176
201600,275.670804095792
201600,250.34652721683318
201700,385.40953573672977
201700,257.22449095640826
201900,288.78971228674794
201900,293.8517526378869
202000,275.8846238763655
202100,306.07622923157555
202100,272.0003306177656
202100,253.55514438962757
202100,276.0502306276883
202300,284.21730664182786
202300,273.6061054635656
202300,298.2869276894101
202400,272.37662473448967
202400,253.32199218015646
202400,399.5203548534288
202500,247.29495573435642
202700,265.94235760838865
202700,289.7646426987416
202700,321.14457658829593
202800,282.10154057755256
203000,265.7553273425644
203000,287.18092720051163
203000,299.34853573479563
203100,270.8814918463006
203100,273.68772094589616
203100,276.4782343691595
203200,264.0086169093136
203300,280.5988583931816
203400,264.36307137870233
203500,266.85608511090436
203600,253.21969503889514
203700,297.6757305120158
203700,310.1972805533557
203800,315.81425399247
203900,238.16060063939622
204100,297.9474920831819
204200,273.83513004575207
204300,315.7061830212295
204500,240.82326154610587
204500,301.59343571270364
204500,295.22325541603783
204500,286.12548089439815
204600,337.5910511197234
204800,295.6434350622506
204800,273.0628196077326
204800,313.062911073229
204900,269.38941487718193
205000,294.21874493012126
205000,253.16709482531317
205000,290.79921851022846
205100,281.69264494019535
205100,277.2929854817405
205200,294.534408879977
205200,261.68792899562186
205400,267.28505662017454
205400,264.8222947197413
205400,304.3633365965422
205400,338.7619420388123
205400,259.4827945055215
205600,275.59924266793104
205700,296.29918671205957
205800,279.8413164809458
205900,289.93916449399615
206100,282.6163713350908
206100,298.45633823067465
206100,280.3129754654943
206100,293.53013075438304
206200,296.4598399800118
206200,295.05623296348887
206200,252.30526703864473
206200,252.41805600205555
206200,283.54129550374944
206300,271.5150054182859
206300,298.2497949549801
206400,267.430070650745
206400,273.30266478142545
206400,256.03224314427223
206400,278.9149056109294
206400,298.0671386130039
206500,340.60566647403635
206500,279.0752241894394
206500,269.03750940007257
206500,311.12740927509907
206500,281.381539644421
206600,265.543619123113
206600,302.124736000394
206600,254.96331077870664
206600,295.4114361956047
206600,303.0146342519134
206700,276.8421645849357
206700,267.6961572212177
206800,298.20203289579865
206800,294.8451277761622
206800,276.6593723442384
207000,232.78563619951672
207000,274.5265099674966
207100,298.25538728820294
207100,264.3432752627372
207200,332.54524830522735
207200,271.7165069808664
207300,290.7786303005691
207300,243.2340388565818
207400,289.06910175758
207400,252.8856654190401
207400,265.0661941551036
207400,271.43666742044934
207500,265.69103312349347
207600,283.3986189911351
207700,265.2597210987848
207800,258.72996328748263
207800,270.37200710578344
207900,229.42728068913442
208000,274.8491074018929
208000,283.94079763734965
208100,246.16258309739683
208200,289.77976861679934
208200,291.56433977578456
208300,284.5034120311338
208300,271.1702379661037
208300,254.58078459218237
208400,280.8804698120628
208400,280.22416842867455
208600,266.8565889879674
208600,253.68455809795003
208700,282.0743833763188
208800,239.01774136910623
208800,245.74529844347754
208800,301.2555183082468
209000,269.7174615622248
209100,268.67438544309056
209100,266.1932915567875
209100,225.65854803730386
209100,249.82160830501564
209300,297.4653104990147
209300,251.47826501086132
209500,247.03904887953578
209500,271.519227247357
209600,327.7615507420363
209600,249.9565299028946
209700,209.59208399893257
209800,248.58194448974024
209900,269.2686022629931
209900,250.51588672954247
210000,242.80464429268093
210100,276.17209222746067
210100,264.1107190091352
210200,252.68135440461404
210400,271.1325838565417
210400,251.30377217205037
210400,263.0392399529085
210500,241.88702883448886
210500,237.8048932423767
210500,275.35872184324205
210500,248.07288561428345
210600,264.57492626560895
210600,271.1178469026578
210600,301.9899373751881
210700,238.73941081489332
210800,294.2832436992562
211000,282.0075082965322
211000,275.9383788242907
211100,239.17620702846943
211200,264.97544269078077
211300,264.3035370295104
211300,255.27157334589558
211400,251.04193916048968
211600,254.88641952204497
211600,251.5656371719808
211600,262.5848402345501
211600,245.85465142749084
211600,266.80678653810685
211700,262.8141087711606
211700,264.76523070947076
211700,249.12429645672327
211700,247.58153145777007
211700,258.5203280362815
211800,269.6039268260204
211800,257.58893478767817
211800,269.82129436226535
211900,255.0187233053436
211900,250.93818456875275
212000,289.87156151643404
212000,263.042259015166
212000,258.6683525078821
212000,227.2780665143922
212000,285.1178651035081
212100,299.49454634085583
212100,293.94227277722007
212100,275.4710286015758
212200,252.55127278655047
212200,268.3743169218512
212200,282.8408026695378
212400,259.7074581407005
212400,307.8767714262334
212500,293.6938690843997
212500,283.3256591478309
212500,298.30724277784884
212500,268.4813468247395
212700,285.52405190938697
212700,274.04164814915185
212800,264.4147585207067
213000,284.50282985965674
213100,252.15628282182246
213100,272.5627747675735
213200,306.22924438496074
213200,290.33511448198345
213300,271.3414687003316
213300,296.0823311820155
213400,303.2946282825686
213500,244.89112579400341
213600,263.25085627954735
213600,281.69905604387526
213600,261.2257680486651
213600,261.92275854442005
213800,305.2703694869164
213800,285.0589716401525
213800,279.8454065315233
213900,281.6948772154421
213900,307.91841574986904
214000,273.92137487076855
214100,270.86163758886863
214300,280.07325902105515
214300,304.23280802738486
214400,262.1156690078364
214400,243.9103188287328
214400,238.28782642758623
214500,223.90474583443776
214600,275.74587355153517
214600,299.38439346556333
214800,284.21937357967033
214900,272.59421165579505
214900,214.71621218887307
215000,280.47729893729246
215000,241.1450562855811
215000,310.2784223540389
215000,263.61924244133843
215100,262.53721310099604
215100,302.9492939977188
215100,253.97426836224946
215200,297.7132161370624
215200,248.84008709679617
215300,361.7144703319686
215300,232.8705395528607
215300,277.40027350987634
215500,332.70824287561635
215700,290.135339412426
215700,373.4602448625567
215700,233.28234604772098
215800,270.1834530731018
215900,272.74914421699935
216000,232.52222749319068
216200,301.40168133970474
216200,271.4160547324449
216400,243.65146103863543
216400,304.96371602812764
216600,222.60613069409376
216600,299.5071863870132
216700,257.73988415167014
216700,308.44354353648055
216700,280.78726256812064
216900,243.768892361017
216900,321.5523833579704
216900,295.51790335731187
216900,287.90456489037246
216900,312.632755679005
217000,246.28667808377648
217000,323.1513319400401
217000,390.00863177098324
217000,270.96282353710524
217100,260.2415518024461
217100,318.296204450401
217200,287.99811999214785
217400,289.78664584040087
217400,262.1842276990953
217400,283.90770494238694
217500,274.7330018409972
217500,283.54161637877763
217500,249.2601593421395
217600,279.0843030843482
217600,275.5093865747775
217700,325.45681664275946
217700,286.1375006432633
217700,299.85751941238215
217700,310.60634184049786
217800,308.7864728336066
217800,309.42674274089933
217900,269.2055459606292
217900,289.1161927018316
217900,265.91637813796893
217900,273.3816998435451
218000,280.5028947668911
218100,314.12596867449486
218300,264.91769861916714
218300,313.593903493477
218300,255.16024270224952
218300,304.5360461769949
218300,275.17638371430274
218400,285.22851986293387
218400,340.0908926938697
218400,269.6086807161861
218500,256.64977078925534
218500,311.465139692616
218600,274.6713253743282
218800,273.71306982688515
218800,322.2763624746435
219100,274.6872349871116
219100,225.4460529966503
219100,349.65922491794913
219200,302.0588188222495
219300,286.44947033294756
219400,306.2898471284359
219500,300.9473692199751
219500,288.2772383080394
219600,285.74803726932856
219700,306.4499798843058
219700,245.3819376527145
219700,301.11198043556055
219700,265.9251220098503
219800,262.73790628087954
219900,311.19442804138106
219900,248.88770437166107
220000,254.84439388389984
220100,248.06472697377075
220200,283.9809884680858
220300,337.7773708532125
220300,301.71373812777875
220300,248.58287189098513
220400,273.10312288940145
220600,293.34113433405156
220600,301.54253475040787
220600,283.15311938565566
220700,261.74270880381806
220700,279.6312158473599
220700,295.5408911677835
220700,272.47720117774804
220800,331.8497394961295
221000,294.1057660699735
221100,436.5067426253628
221100,360.29592842646156
221100,352.07656965196765
221200,300.5178514621036
221300,287.60589943674483
221300,312.7649266065557
221300,279.14726413517377
221300,260.5886753826805
221300,253.91027066125392
221400,249.98310286818042
221400,349.12001704267215
221600,285.8018529892477
221600,298.7593738443073
221700,297.3002114192012
221700,391.5380214881501
221700,253.064855025517
221700,305.5273457442211
221800,329.9750605958456
221900,246.71773452760422
221900,269.8237626419533
222000,254.8596477376113
222100,255.01136351496584
222200,279.2134551912621
222200,267.015937735454
222200,279.7658059429493
222200,244.13645504547708
222300,282.7873530451554
222400,275.2361505881851
222400,296.30745892366576
222500,240.19498396900562
222500,278.07148844235525
222500,277.42490988235005
222600,253.4399390764851
222700,283.64709654843256
222900,263.0337422909765
222900,301.0264761450973
223000,286.06194639538506
223100,261.54424429732967
223200,284.93415035579585
223300,276.0385627710601
223300,289.5434088528885
223400,315.7642266145535
223400,325.0057118095064
223400,319.95232746466354
223400,283.1666329355246
223500,286.1384923066212
223500,281.45452642442007
223600,292.02083365883277
223700,318.0160063628468
223800,277.95502246459836
223800,274.1761196021003
223800,272.4543675296548
223900,316.85181364519707
224000,303.5453344646724
224000,327.8792300222496
224100,317.9391579317198
224100,277.4316927704317
224100,293.14396320337937
224100,294.28082325012764
224300,301.87829354025484
224300,335.6525060966919
224400,282.6895696548584
224600,344.88761553710856
224600,295.39087015836265
224600,278.9439452267227
224600,305.2406461250623
224700,265.2586956167242
224800,330.16743081016415
224800,265.22441655903225
225100,338.46810878342046
225300,304.2402344764439
225300,343.72516586255387
225300,272.00602265661956
225500,290.31729757977826
225600,324.1527716342833
225700,275.43745041662345
225800,337.5632021145666
225800,268.9826859084122
225800,300.0828414558053
226000,315.9119659599409
226200,301.91347506924166
226300,258.917630469753
226300,304.67590121920676
226400,281.6392958296853
226500,282.4334208542505
226500,276.7509144030986
226500,281.0831915444484
226700,308.53794317471164
226800,335.3585049875258
226900,320.0364798324383
226900,294.97827264835763
226900,343.3221899096175
227000,357.35836836477216
227000,310.59200914828364
227100,321.0336600815448
227200,289.4459711054589
227300,293.66358043652247
227300,288.2804274463462
227300,318.20118727041944
227600,297.42140519236216
227700,300.43181380152663
227700,292.60396610831174
227800,304.9786269356526
227800,281.5865039617341
227800,294.7961638669812
227800,314.05493742635684
227900,359.40245866905883
227900,328.4025740330151
227900,320.0502391359416
228000,267.30881677658545
228000,284.0858236805853
228000,314.08479428831674
228000,273.25102319156684
228100,322.02337706846146
228100,330.25779098139003
228100,291.9803394499264
228300,398.55185100248497
228400,305.1375220867168
228500,343.8148456740484
228500,322.133648803599
228600,337.98280598533336
228600,328.8964613167082
228800,280.6274649783324
229000,393.21063289219165
229000,324.4211938523979
229100,273.61138505476515
229300,355.2796823929545
229400,343.68164761030476
229500,349.0321931722142
229500,353.92936458381325
229600,290.9598710728243
229600,315.1902605037036
229600,335.3807376787714
229700,344.34068521957613
229700,273.3997998176123
229700,311.322697658362
229700,398.9906598510629
229900,379.521044077728
229900,321.2234631626168
230000,384.54173323987635
230100,307.6933941905742
230200,333.10153838480795
230200,329.91224125752535
230200,280.1134281455258
230200,287.6306565441346
230200,273.8995578223871
230300,326.58213622398046
230300,326.88726834379577
230400,342.9435702456784
230700,258.9377813946842
230700,351.25082398884535
230700,315.05486936117353
230800,332.5036762808593
230900,305.411375152403
230900,333.550792488066
230900,383.44416133532377
231000,379.91921695129855
231000,349.8511099561568
231100,408.69642800927016
231200,279.11554339386106
231300,286.42249858449475
231300,358.1162195241796
231400,341.181966054586
231500,305.12218041285155
231600,294.7181326909167
231600,320.8120899806738
231600,266.28491390280396
231700,311.8406246542298
231700,339.43422052402775
231800,364.68415997230267
231800,255.44934990587723
231800,279.30908345081787
231800,471.98198684174776
231900,257.4815872893561
231900,282.0526244247818
232000,270.62975207368044
232100,391.6688650721968
232200,319.78327674186625
232300,408.24185590154923
232400,258.983359062573
232400,343.0506892925444
232500,248.19496026148678
232500,319.56756365737937
232600,291.52932791303454
232600,451.3267667988061
232600,344.73232038635564
232600,294.3702673945007
232700,309.6961716169993
232700,270.32308877474
232700,282.3947441178964
233100,272.05010696572714
233200,476.2604019190379
233200,284.0408385778639
233400,278.639062400621
233400,287.5205769523261
233400,337.8188692518823
233400,288.1257099594977
233400,276.9246542468702
233400,322.31520825940987
233500,288.0206802791685
233600,280.84549660355685
233700,288.34764923278846
233800,304.23152103427634
233800,363.6884943398416
233900,311.2867962599147
233900,308.44169897085237
234000,302.0872114081294
234000,261.5295399344596
234000,460.3483332756095
234100,325.16869531150763
234100,300.5636747020223
234200,288.14107364680757
234200,356.7564692406251
234200,290.87382658083516
234400,323.90389904254295
234400,310.4574539103527
234400,336.8442337446484
234400,295.99157177253005
234500,515.5038918971709
234500,375.4578648675367
234500,247.37234571443565
234500,379.88942223924886
234800,550.20654738864
234800,267.3563359283944
234900,264.03781530113486
235000,309.4354932978638
235300,310.1440185626701
235400,326.0032650511569
235400,282.27606555607593
235600,291.7445786309576
235600,315.751207869389
235700,313.8284498200381
235700,282.41086930590023
235800,312.2281277456854
235800,290.02007614104326
235800,286.9145772755016
235800,321.34579458094214
235800,288.5517789718119
235800,291.19214378887045
235900,320.61802933840164
236000,297.70636892458856
236000,362.70439473902053
236100,294.9050006557532
236100,295.3104451646781
236100,305.4904229769782
236100,276.88324749855855
236100,395.2558496838861
236200,281.78275761403864
236300,281.95979296351237
236400,291.65626847844135
236500,288.8142745206685
236500,363.60314540832314
236500,285.5735910342539
236700,295.06930185222683
236800,262.0286737549827
236900,272.3441095413308
237000,282.84677180971306
237000,305.80411923827955
237100,296.5308678219062
237200,306.8835450281782
237200,255.6443245763772
237200,299.6368365728284
237300,381.15580895737105
237400,289.0595309745437
237400,278.0549073233411
237500,339.2818275096899
237500,250.40686873202196
237600,297.29407157167753
237700,313.8159680468054
237700,305.474020075329
237700,307.1030822039683
237800,282.4704889861823
237800,302.6479918880754
237800,260.2922513778473
238000,251.98355527937562
238100,294.5314417634805
238100,278.0736174195164
238100,286.41697889508265
238100,308.53178046283784
238100,287.80585164222134
238200,332.42083725373936
238300,347.05530050807164
238300,441.29992736234107
238300,261.9209881851976
238300,251.32263781528883
238300,291.2934641724033
238500,264.83082998905337
238500,261.6527570162714
238600,373.11736171288464
238600,311.8187260640476
238700,316.7617011917668
238700,244.16341963062834
238800,269.6725184849543
238900,266.6334470419152
238900,315.5488666954364
239000,286.2655569561962
239000,363.5915415081219
239100,303.30496248919775
239200,293.95727655265813
239200,290.77482479525713
239200,340.1721579891843
239400,291.7451222953288
239500,277.362827544695
239500,309.2243927339146
239500,290.96591996788663
239600,271.8687246261788
239600,287.66345039179583
239600,273.60969472825224
239700,296.4081931366098
239900,302.6787857124174
239900,259.6520091564356
239900,273.02354664086096
240000,301.03425036032814
240200,294.868076592068
240200,317.9103553464868
240200,299.96136922683706
240300,302.89185359040016
240300,271.0396363762109
240400,307.28529260346596
240500,291.2742920031879
240500,287.8483628354801
240500,307.3167481309917
240800,254.18433175436923
240900,258.29369715227443
241000,336.82398720470934
241000,259.2490890523559
241000,276.3497611400652
241100,339.953702762624
241200,271.825279148538
241200,287.9776240904066
241200,263.10968878974836
241300,287.20337214496806
241300,309.2000815845367
241400,255.77639502109363
241400,272.0161512758901
241400,307.885917911545
241400,371.34933055258216
241500,281.5955624480841
241500,274.7514833679889
241500,315.3541391385015
241600,252.67485778279615
241800,244.82044572968212
241800,308.78452980118533
241800,296.7137811613686
241900,318.33875459379624
241900,302.29043677636537
241900,290.4728770488807
242000,315.24772330534427
242000,269.0217983989625
242100,285.35671390578614
242300,262.59999568425525
242400,265.6555998742855
242400,319.44320300749894
242400,331.3679922053309
242500,277.3052604461218
242500,245.76191215853524
242500,327.158699809989
242500,255.8874460151093
242600,315.725243537461
242600,257.02050607361105
242700,271.45139467095055
242700,298.12047391890627
242800,284.16828631172865
243000,303.8475135103809
243100,314.3466185992198
243100,280.3859385370812
243200,278.3589983217306
243200,293.67040614166785
243400,274.2832592348867
243500,278.41057997281126
243600,269.13830334523374
243600,275.02302473229804
243600,276.67031246890167
243600,269.65535029066587
243600,321.5649273604508
243700,295.98494938767175
243700,243.7378078966944
243800,291.2966289467919
243800,309.87309266821404
243800,378.26712170969813
243900,290.8083346758432
243900,276.49279183315184
244000,263.2640803728405
244000,259.63768027248256
244000,292.2114651576977
244000,276.70517020974876
244100,283.75749032814775
244100,276.9294612488979
244200,257.0472082413666
244200,327.9779713628917
244200,295.06173533405456
244300,246.94170335778733
244300,341.0887722443889
244300,282.2997656527777
244400,259.4538738813867
244400,274.84819589833
244500,270.6009337404215
244500,334.5168351891687
244500,294.61623547529
244600,336.2751865691654
244600,253.46845512110343
244600,260.1335382446362
244600,249.08821126499495
244800,251.05540082591702
244800,287.1012435926433
244900,270.0670297839949
244900,272.8947175566769
245000,257.4102375949297
245100,290.94124639714784
245400,270.15029703822955
245500,692.8913060538235
245600,287.36568645237685
245600,332.7840415486439
245600,259.40106665672715
245800,280.3648739406014
245800,271.0884943118516
245900,294.8519156247168
246000,296.68136563689785
246000,281.4839071425203
246400,281.9432533706792
246400,289.64151254347513
246500,270.70724171016695
246500,321.83132523121077
246500,330.2246866659059
246500,260.2208452288541
246600,286.3340254435661
246700,291.33454440955956
246700,287.30245607963167
246800,272.14403810488665
246800,288.18365975726834
246900,277.54572864608963
247000,312.7309238424189
247000,259.3141813227279
247100,296.6238586979419
247100,307.16236200890415
247300,277.72515589761946
247300,296.7531236925346
247300,306.6229739226724
247300,360.28884935075445
247400,288.09804500964594
247400,311.8803104399961
247400,297.81879694439175
247400,242.15094764359011
247500,322.91184359627744
247600,294.36459039665215
247700,273.47371177202433
247800,272.265454257306
247800,310.8958799863028
247800,297.83570724031995
248000,283.4185051046166
248000,296.6406120780709
248000,335.3573208679908
248000,302.7733967431085
248100,276.7986770740377
248200,318.36486586121976
248300,327.5444088896989
248500,306.04676811356904
248600,255.52515828670224
248700,259.7251936408928
248700,322.5291805990884
248800,321.11662701595947
248800,298.8089465715133
248800,322.2330830239877
248800,284.44930236464444
248900,253.7130755690521
248900,279.93445955579574
248900,313.45815323181677
249000,294.10087959809243
249000,273.12226731625043
249000,319.4844288065468
249100,268.9820202183398
249200,298.4795431754312
249300,311.3241739119806
249300,266.426290817166
249300,276.5502705299206
249400,275.74708608724256
249500,255.09035668074353
249500,305.46651305078524
249500,298.8928898768678
249500,291.73659420291716
249500,323.13514983059144
249600,295.35786138605334
249700,262.4002747049201
249700,289.91755822145706
249700,376.79354343346466
249800,265.6839845314162
249900,270.68044985248565
249900,313.5971066565691
249900,281.5933280408843
250000,291.8995753019698
250000,293.6595972036462
250000,265.88417130595855
250100,266.7721748102276
250100,290.9279886549478
250100,301.0412193821799
250200,279.0862372222099
250300,282.29595470777923
250300,269.6998531201383
250300,304.8392096930718
250400,313.4636596385216
250400,297.776828542276
250500,278.3724854117883
250600,312.24881226584176
250600,341.7920505312663
250600,355.84440995533373
250600,309.3154637289074
250700,331.4024511890512
250700,266.291483797455
250700,314.1577958228294
250800,265.83684959241174
250800,273.2271329229669
250900,273.4579280940604
251000,269.7071981369967
251000,271.61018164501854
251000,358.1583680754104
251100,271.91301894570057
251400,280.40919735489916
251600,259.2967930366561
251600,289.14769351813885
251700,260.81281464457584
251700,263.6464335254981
251700,266.9999674312325
251800,279.3162222749792
251800,299.210292113751
251900,261.1560890296073
251900,261.1528052946678
251900,273.9804915814018
252100,293.95845449068406
252200,267.0427440505255
252200,261.4173906559404
252200,268.6207198162167
252200,252.90216675678172
252300,288.1378734031356
252400,277.2283105300892
252500,279.3967300491449
252500,266.6174352773244
252500,293.39404654145005
252500,260.84510997659174
252500,266.08341440466234
252600,256.80357496258154
252600,266.37486856425147
252800,279.3539338350512
252900,272.81196135561544
253000,286.84752145220585
253000,287.92457991373345
253200,273.3441787829072
253200,273.79650497399876
253300,276.58373063091875
253300,290.889189611108
253400,268.6480192183415
253400,268.3791753408346
253500,283.7361205437192
253600,284.22848055318474
253600,287.4104833066026
253700,264.945659705802
253700,293.7473323584995
253700,237.7774666601614
253800,287.9611872918039
254000,262.1349633578884
254000,258.830741738524
254100,267.4394595473518
254100,277.3162626467006
254100,269.8149897756329
254200,263.5087275504913
254200,263.8429690860279
254200,275.66380475788804
254200,287.7904508110215
254400,250.96747089581115
254600,304.8021670446254
254700,300.0778993247043
254800,282.0297723099414
254800,256.7229044622058
254800,262.8139119555266
254800,309.6039507939882
254900,266.93748002817057
254900,282.6170147148118
254900,298.86793070496805
254900,289.1905818272666
254900,285.0182043616575
254900,285.53390914671314
255100,263.3697585586639
255200,279.4509445162927
255200,286.84928599889844
255300,282.9338860725656
255300,295.3894109862697
255300,285.2444359060273
255300,298.1885666178728
255400,267.52196625340355
255500,278.26239249971303
255500,268.1786556425759
255600,283.28495567589874
255700,291.2321997691572
255700,260.8594333218684
255800,299.57195429929254
255800,282.0663905046256
255900,241.00209897082235
255900,283.58472207231824
255900,306.5546921742903
255900,292.6733351034079
256000,280.65294307187094
256000,266.09342559224217
256100,279.68977334150895
256200,298.9020084364301
256300,301.4984703631802
256300,298.0407805699508
256400,295.8532316339656
256500,286.7407680841863
256500,284.9455775156713
256600,305.2785399849884
256600,301.81090036652796
256600,296.54267006043494
256600,289.3177345575392
256700,307.3238052339926
256800,342.3325980273056
256900,264.84759310581074
256900,294.6121456041646
256900,279.05668669307374
257000,308.423767662574
257100,281.09143188549416
257100,274.53374847840894
257100,279.7809820684896
257200,269.3452822709501
257300,278.714536349838
257300,272.64398958542193
257600,276.387855643173
257600,293.8321579192515
257700,250.14630725533118
257800,312.25626257636515
257800,275.06344304614055
257800,303.1633226945529
257900,292.3494884337644
258000,297.1935404026552
258200,265.95638095371083
258200,290.2052528116715
258200,267.60517107234074
258200,289.328798809584
258400,306.1027444989704
258400,314.4416400129903
258400,317.93433416002927
258600,306.7849567428841
258600,278.75477273488207
258700,269.0243308597674
258700,319.22482989925703
258700,260.3996763413536
258800,299.1355440601486
259000,277.590338631343
259000,289.5870901539356
259100,335.6524791846018
259100,280.2182573603051
259100,288.5702411091798
259100,298.08176852084415
259200,295.93765989179894
259300,283.1150901946394
259300,285.6235147012116
259300,281.178287055645
259400,349.3177545546035
259400,292.8764164968002
259500,277.6582308045977
259600,277.5037997847711
259900,299.32949178694633
260000,290.0941178679921
260100,295.56481298641626
260200,306.16727533123225
260200,382.2278100856216
260200,308.8761103851819
260300,282.7442075473236
260400,279.0555355688191
260400,282.21417085547733
260500,291.5023128293254
260500,324.1622168625874
260600,335.5317985681045
260600,305.45978478995613
260600,316.526380755819
260700,266.63680702245944
260700,304.37582687179093
260800,299.1128938843897
260800,298.28430211740834
260800,301.0850039418756
260900,278.65092510633684
260900,239.36179452785973
261000,287.52371206399744
261100,302.4713021258905
261300,319.48469224602144
261400,333.0529586730952
261500,309.5552906071987
261500,288.1566758490257
261500,220.89132388695393
261500,333.50537089980554
261700,299.22642057012473
261800,298.20862234117
261800,317.4301698089286
261800,330.9888317811628
261900,293.8327221073801
261900,307.85746749320504
261900,318.4384323609225
262100,292.0190681869216
262100,321.6404615061237
262200,367.21215522278146
262200,333.76213799961783
262200,301.31846173807065
262200,303.59144794564213
262300,338.93949085062394
262300,287.9018396693834
262400,287.28997775530286
262400,269.99790633671677
262600,347.05506167998374
262600,312.4727756701426
262700,309.4516926660932
262700,381.90088692337423
262900,335.9507069167547
262900,345.10035786244697
263000,296.32784201433515
263000,304.38790412583194
263100,332.19431868176406
263100,325.9129557352328
263100,267.3322875679177
263200,313.22872991104197
263300,326.4233451281362
263300,327.50676909588645
263300,299.19379650532125
263400,306.27472448826956
263500,320.55375463995705
263600,293.34158825245544
263700,313.6464890267547
263700,296.2546734791092
263700,301.13165959364403
263800,364.69799470342355
263800,272.0633093840961
263900,258.39047194374166
264000,321.7189650844255
264000,318.9113733950796
264000,277.5403709301203
264000,293.5039956965538
264200,273.64858198349776
264300,280.14885488973636
264300,303.9374607740353
264400,299.5111642020311
264500,372.8092850842709
264500,283.06200214825964
264700,282.1683992219216
264800,319.07862836455956
264800,311.7419278402187
264800,288.4760817307142
264800,347.39741131740533
265000,292.8737691707415
265100,302.1306989056756
265100,301.3577106253053
265200,281.1553615692391
265200,290.1125989668891
265300,314.38444405501997
265600,324.8910428729795
265600,244.76470721868097
265600,272.4929053092435
265800,279.94374904613
265800,324.76795593996013
266000,366.13645521960126
266100,399.66150329580165
266200,290.4173057660721
266400,280.35197320875756
266500,334.34000352226445
266600,304.9504051576895
266600,373.39915994969533
266700,295.178898241176
266700,297.7055014825444
266800,301.32488894163754
266800,280.85195549385156
266800,303.365992156692
266800,352.92651706739616
266900,303.22870039107033
266900,284.2297248795008
267000,262.38632399274707
267000,310.8723330877266
267100,313.1220718072399
267100,385.8090523026686
267200,360.693635908006
267200,294.53877945568354
267200,276.7608189833291
267300,238.1685176070733
267300,273.46410692553735
267300,283.0872278061234
267400,309.4917260185646
267500,401.31060396715736
267600,316.1447555417388
267600,283.888649457363
267700,302.0819628658549
267700,245.81146680442828
267800,351.3118132727477
267800,361.3707344373224
267900,361.17059943262
267900,344.8200308853668
267900,261.9075644262014
268000,213.05078617191805
268300,294.4233533652646
268400,280.42332652917617
268400,400.6289963325769
268400,230.26564279592233
268600,291.411536871536
268600,258.63572394895203
268600,247.66768078209452
268600,316.38829120866853
268700,261.6417641213306
268700,325.6420943763468
268700,252.3977480958312
268800,283.6769223161146
268800,277.8805201891449
268900,313.9150284397665
268900,341.0052667050025
269000,369.0028654011703
269100,303.4110837231509
269200,235.1572942028565
269200,254.23538523099
269300,338.3226910351698
269300,254.44449316693246
269400,251.65078524043585
269500,349.57643572611494
269500,273.0916509361565
269600,290.13356604970954
269700,295.72664412105235
269700,272.95590853290133
269700,375.0808094943737
269700,384.69769696091214
269700,324.65546140661013
269800,292.05450886640136
269900,268.96233692483906
269900,322.1898764971678
269900,250.80905456129963
270000,276.0192981208809
270000,383.7195217769574
270100,294.9262782747163
270100,333.8405404349828
270200,478.2004729726381
270200,308.4532180685924
270200,358.36956710343594
270300,353.66392963789855
270300,211.95688268711865
270300,268.41872340662763
270500,201.83599999180174
270500,226.26605016877647
270500,286.14818761456945
270600,299.5815840705074
270600,267.0720815073418
270700,269.84467995705296
271100,360.4791388639751
271200,292.69772260937236
271200,286.9545142658024
271300,220.77735867078164
271300,396.2416199970207
271400,314.22038120267405
271500,355.44558247567903
271600,216.30479302779997
271600,210.51912153307816
271600,433.6044744883097
271600,242.58836729504824
271800,336.7490035156311
271900,290.23748914648223
272100,275.8929699254792
272200,362.8798237987941
272300,344.9970332636211
272300,274.72649559596636
272300,231.00043652681802
272400,270.11121400928033
272400,238.47610937859758
272600,309.05068887190134
272600,276.77667363392493
272600,348.7063754195363
272700,288.2741937713524
272700,279.15243730582887
272900,253.71727060701338
272900,446.62831103313573
273000,277.86304044952925
273000,304.94358118015504
273200,409.3506238304949
273300,297.6663180533293
273300,286.6842247277237
273400,268.0914446918135
273400,335.8299941197371
273500,346.9435308544704
273700,263.1142347295238
273700,301.14090061664274
273900,270.924415289207
273900,240.16615009453358
274000,265.73325086384085
274000,355.0308642872115
274100,261.0102617161181
274100,225.55920350098657
274200,264.9493717029332
274200,255.15296823802004
274300,213.97221080941748
274300,217.70524567597806
274400,267.77833410789214
274400,255.27127722612082
274500,264.3284427234149
274500,331.4071232682676
274600,292.91367059413585
274600,263.4360153751245
274600,341.7214660104263
274600,387.1378052911317
274800,289.34419817565816
274800,292.4983814752487
274900,228.8125394691294
274900,349.23648290875525
274900,356.7299414184269
274900,220.05665276376763
274900,226.3694416358906
274900,493.8571225025194
274900,331.13840348774096
275100,254.07659268191517
275100,304.46988460150783
275100,275.86567571974564
275200,315.1388474617042
275300,243.82447386419346
275300,466.0866220146461
275300,255.2913785867376
275300,314.4773490744167
275300,242.69274050657853
275300,253.45927657798364
275300,300.8133198242496
275300,379.9394047401089
275300,227.74837670799172
275400,432.1124559025007
275400,407.3079250610997
275500,307.06327917309454
275500,285.52666105284385
275500,427.4168591494727
275600,390.5850869856798
275600,392.07820724004404
275700,272.82136861367246
275700,246.23125744268225
275800,288.9511015065295
276100,311.34816123864687
276100,261.24754381527345
276100,306.1158346693583
276200,299.1040503294393
276300,283.73652809696824
276400,263.6289016476655
276500,235.9377713367859
276600,304.76469241871655
276600,363.91639900007453
276600,322.00601135973335
276700,281.51287972915156
276800,340.13619230650374
276900,319.2412519470397
276900,260.78722357763615
277000,317.24483181463296
277300,284.3813571036548
277300,252.33286489412916
277300,313.4655926094568
277400,296.2286508497995
277400,244.2815991730298
277400,276.79890903184497
277500,278.85996866218244
277500,297.85954790778754
277500,272.27317509814975
277500,280.4101843433171
277600,226.14032809109614
277900,243.44213729153546
277900,256.89925530844533
278000,282.34218545958333
278100,260.16408570779464
278100,277.92949077644244
278100,258.5558890907533
278500,325.2326157405052
278600,251.7718438608736
278700,245.10500320549346
278700,261.2503737430924
278800,323.53498572662306
278800,244.8812608753181
278900,290.92214048237145
279000,323.9239522160997
279100,321.71475534616945
279100,267.24260157703344
279200,286.0892734628459
279200,303.168010683552
279200,317.693429805755
279300,312.1359411578189
279400,251.89951058353762
279400,301.66088938132947
279500,242.73580238275446
279500,290.4973328034944
279600,243.50286673953173
279700,229.7900779734079
279700,251.66108003504812
279700,264.30728343954786
279700,265.09066547849386
279800,214.74631693954257
279900,237.97890875810918
280000,431.75077751803025
280000,302.88155174860424
280000,258.0994688262034
280100,268.04644529983005
280100,267.41323939090563
280200,233.2042339167038
280200,233.92308777679924
280200,258.86431372072576
280300,235.27687614741976
280300,260.63892322362057
280300,317.2530632193754
280300,273.57667894200415
280300,229.57334970211133
280400,251.81001229539837
280400,300.40998464455095
280400,249.2534779678972
280400,244.2455549678707
280400,273.63670292990827
280500,307.116104540792
280500,311.35329562964455
280600,256.4723203316274
280700,293.67894283588254
280700,348.5537536296524
280700,273.00035348557526
280800,228.3344341964361
280800,252.63168021895248
280900,284.2348146415398
280900,251.54486776431384
281000,276.3581714105755
281000,221.16136218893976
281000,251.06243277343344
281100,239.0804245334079
281100,274.573996484314
281100,276.89963415964803
281100,294.0371803974656
281100,280.9500080232686
281200,349.0748581052567
281200,274.75276754449646
281200,345.0971228336285
281200,298.9809875489835
281200,274.35748969525855
281300,232.88065621431025
281300,328.41473012822934
281300,286.35929685022484
281300,357.01952266189096
281400,279.75414886143113
281500,250.216670238595
281600,233.0923691688806
281800,313.059184991725
281800,256.50115454989515
281900,255.40841763292482
282200,273.2789479137051
282300,258.45056850382923
282300,237.08388971790862
282300,244.98126554586437
282500,269.3589209676702
282500,274.8496164673174
282600,220.6213719483242
282600,246.48944451205014
282600,255.34012618254425
282700,255.98789903614457
282800,254.4875820247308
282800,326.9389317952893
283000,242.63002993504998
283100,282.5935802129428
283100,327.6233231411452
283200,265.57622170579026
283200,285.31910676001786
283300,248.17997799011576
283400,280.578253139
283400,298.78054064301034
283400,265.4641802096376
283500,240.68219267126338
283600,233.62204792869244
283700,227.6604709306248
283800,292.60811245392534
283900,229.85660910212667
284000,332.1858128539162
284100,263.06095839092796
284100,273.75512639374244
284200,282.39836577199065
284200,244.39045649761053
284300,260.1481230102467
284400,260.2088197533074
284400,243.50086508189864
284500,252.6859703424914
284500,238.54475120527314
284500,255.49992207550287
284500,289.0762953423823
284500,277.16486897063254
284600,246.7538287223968
284600,227.9766759741618
284600,239.62851530304758
284700,270.60309568750876
284700,248.87308433303355
284800,247.76059553837422
285000,234.68995639892395
285000,229.23292111212936
285100,228.41487807560267
285200,236.30263847512327
285200,229.22352555885837
285300,239.0542781766845
285400,238.38218935952654
285400,261.8334531758527
285400,254.89518196437498
285500,228.09045660683995
285500,281.6020823483922
285600,288.94978170043737
285600,237.62273294069948
285700,267.58752159228976
285700,255.54405386354986
285800,246.3642959397141
285800,248.87767322742872
285800,279.849558794963
285900,281.80318430497414
285900,235.01817418924605
285900,281.4794455504301
286000,276.93739405747317
286000,270.42662525523775
286100,238.4041270663081
286200,260.6606087155699
286200,255.7621621697797
286200,283.6248010487032
286300,236.84314093695102
286300,238.6941582954352
286300,298.13321277714493
286400,255.79686357722187
286400,262.4550551767472
286500,319.9323427945765
286500,259.5458237033813
286600,268.04193395361347
286600,336.4534429029783
286600,334.8980362749274
286700,268.1912261236802
286700,258.49106718326203
286800,316.09436189936383
286800,266.8946998480054
286800,236.39992963743362
286900,304.95190873352755
286900,287.2441503152185
286900,286.68264080916333
287000,286.93003231825344
287100,302.1131434777386
287100,315.5212568415581
287200,246.8334539561936
287200,223.3033550534471
287200,262.6418252803441
287300,309.20507040634027
287300,247.5905533850011
287300,226.77062691569654
287300,243.52539663981284
287400,284.7668424869162
287700,241.70880866129136
287900,318.49343024253216
287900,224.6221658570141
288100,268.022239216085
288200,362.8860498107513
288300,260.40077121103724
288300,281.1032757113212
288400,232.81711198838602
288500,241.98179416449028
288500,351.97570398470447
288600,246.2575354129796
288600,260.4443175006049
288600,321.2831015555485
288600,264.87542486881864
288700,224.81644587002566
288700,324.2013049994681
288800,309.6153758366955
288900,245.89722168155362
288900,300.06659947406126
289000,273.87753305451656
289000,254.30642824557185
289100,273.5329258577641
289100,239.90247522111056
289200,230.02904383464153
289400,233.62874460264203
289400,232.66497609078826
289400,279.6924265277573
289400,255.1687919396203
289500,252.8949567292679
289500,236.22562448765706
289600,258.09346085192135
289600,250.90694299597544
289600,220.00472541321196
289700,260.27226915022965
289700,251.84680864007325
289800,356.3956701059238
289900,254.54624544834346
289900,231.25605571333867
290000,282.22699198307055
290100,269.6082099933532
290100,264.6042366689602
290200,326.74668760467137
290200,226.25879347015587
290300,232.68527616148145
290400,276.2642742988702
290400,267.7974312694305
290600,238.90183272029364
290600,257.0397447212288
290600,274.5205584444159
290700,254.01378944224413
290800,227.73704087642312
290900,255.44571707512426
290900,227.36328867569867
290900,263.00591603123894
291000,247.84154572867394
291000,278.41000221687085
291100,240.88907455648135
291100,215.88916161507606
291100,246.8231306064138
291200,258.90888388117725
291200,268.5169894029392
291200,269.07757578012814
291300,272.1281184011661
291300,228.40036380888762
291400,281.23492369895723
291400,306.0999619274772
291400,241.0704946306491
291500,223.23832329838828
291500,266.97240807431416
291500,254.83010286051066
291500,245.01836936298093
291600,296.3638077166487
291600,242.03924505767077
291700,248.0733305621081
291800,287.95054973506404
291900,263.18729484524204
291900,257.30707717682947
291900,275.1743833090907
292000,259.8092474539966
292100,264.44477494863327
292100,254.21356563008084
292100,241.44440932811548
292100,334.6827300142423
292300,243.3710470433888
292300,276.770593200056
292400,251.93598047309214
292500,267.8137805172861
292500,248.5981480163468
292600,268.59821312126803
292700,317.54854595251743
292700,278.37719097287595
292800,285.6093139281507
292800,269.42890228906225
292900,248.87698526990604
293000,287.8412996901325
293100,270.5508892836227
293100,307.61561271195353
293100,246.16843521248234
293100,250.14762673674323
293100,283.72151548836354
293200,319.95122053285115
293200,251.579898073763
293200,230.30066647867105
293300,312.53797349969875
293400,243.89457258578688
293500,245.470987548008
293500,241.58403436110265
293600,235.06555795231245
293800,247.1653687229099
294000,258.4080957775106
294000,247.3847861097347
294000,266.44298206906876
294100,267.4850102236562
294200,263.26528401267785
294300,241.84117778510378
294400,283.9133828231333
294500,236.75809583910882
294500,234.98184806002394
294600,247.93640177620838
294600,276.90711169390306
294600,257.25394989215084
294600,270.9014940091756
294600,263.28060757607835
294700,251.13581277362536
294700,281.4750328886323
294800,319.0755150020692
294900,243.34048844286895
294900,327.69415815166917
295100,251.42183839538848
295100,295.5799821762083
295100,286.4640544923299
295200,331.17108962634273
295300,252.9818441882432
295300,299.50516424892055
295300,278.3811230346315
295400,255.162246196596
295400,245.21488320262827
295500,240.38427151168634
295600,300.0895381679167
295600,225.74755093706963
295600,259.73909161068804
295600,281.2928515382902
295700,259.2231835711862
295700,337.3014995329303
295700,274.2960543732709
295800,273.98572128975263
295800,241.4685095596587
295800,231.39373261630828
295900,267.72156714477796
296100,258.3845360697993
296200,318.1071096626745
296200,345.7246408460433
296400,255.5067353655363
296500,290.3524037000032
296500,272.4924302635013
296500,238.67137209350682
296600,261.97945248304677
296600,268.9694795541677
296700,258.92511640094614
296700,256.94452734552607
296800,276.97383506820466
296800,250.2070064634925
296900,304.17588627087315
296900,248.4938411297413
297000,226.63218681136254
297000,271.28735858935937
297000,261.8719106300653
297100,254.69258558760612
297100,325.8340764531483
297100,275.9885043022714
297100,245.51635981461624
297300,251.72923575679647
297400,262.69560656555035
297400,313.71199908183735
297400,289.34613911673085
297500,293.4417415157462
297500,303.22920699517243
297500,323.53392977415723
297600,276.11177423158523
297600,277.9339640536599
297600,252.26569429016484
297700,321.09041520693074
297700,246.69838453202703
297900,263.27190837996744
298000,260.015102914552
298000,278.7171765102632
298100,294.6856502849823
298100,272.77303498279144
298200,237.23814976370716
298300,252.47544569681483
298400,251.9928798670423
298400,252.7467720644017
298400,263.6822024971759
298400,276.0393429343638
298500,264.8069595267716
298500,256.6640929922868
298700,371.16893163484065
298700,262.03260309443306
298800,282.04578602040226
298800,276.22014292645514
298900,326.0535210811588
298900,250.51067421131063
299000,301.7103231113027
299100,305.08575830087483
299100,244.5843384079033
299200,257.6757551822939
299300,328.2134544849208
299300,294.39202217424383
299400,312.0805851272865
299400,261.62412465828294
299400,300.3654137324086
299500,251.98601002171725
299600,262.33525852226956
299800,325.2570407172045
299900,258.6317244786107
300100,284.6561414023796
300200,257.3974879406255
300200,292.1957515401879
300200,263.2389680622382
300400,306.84832312685637
300500,284.74826533781993
300500,270.7085300595217
300600,233.5271855675635
300700,253.2050992186436
300700,247.20162575359052
300800,289.7445495864729
300800,272.6004250595964
300800,261.33540895264133
300900,329.5064898799368
300900,309.93933378843514
301000,320.91326933049794
301000,303.3034288369639
301200,283.9433801935534
301200,283.18723009416533
301200,274.2381731309135
301200,298.4257515783204
301300,330.85285898928424
301300,345.82606152206995
301400,304.4582096246694
301400,344.08127762849006
301400,287.59988409577727
301500,296.5138187398913
301600,289.1980609632699
301700,223.4215085735368
301700,310.5054181782293
301700,261.6260617444606
301800,225.09135925109854
301800,256.86733735561995
301900,282.9042537932032
301900,305.02007192359787
302200,290.92848431753265
302300,272.4990629999209
302400,276.38984979750586
302500,339.04513581156533
302600,301.78595643205057
302700,286.6361041580643
302700,363.2001726144418
302700,298.76134003672314
302900,302.825404288647
302900,285.74383488609124
303000,274.03584832313845
303000,359.88111656528935
303100,318.67110075168006
303200,294.87961295761323
303300,290.11479374440205
303300,369.6735150110413
303500,321.25979857863894
303500,290.4369251941109
303600,267.7557084222434
303600,316.8866862631916
303600,310.88502464391365
303600,287.43604311120316
303600,384.74953695723144
303700,320.0037133185353
303700,308.09045186725024
303700,313.18665571681225
303700,282.7484381792354
303700,318.24474280018734
303700,289.9787062405597
303800,306.06813026526765
303800,260.50780047797144
303800,272.39945481622055
303800,311.79273399120973
303900,265.8433593466711
303900,237.579036086746
303900,380.0285347348679
304000,291.1761259983891
304000,238.27763752296212
304000,343.5158015853726
304000,255.9975265167282
304100,228.62355947394926
304100,302.31553626953774
304200,291.3618351246213
304200,287.54157539888234
304300,251.8857728682905
304300,234.9796054252736
304300,279.2561828336679
304400,227.70542239577887
304500,261.34627051434643
304600,268.87447888050343
304600,317.94846939051945
304700,335.4958389099187
304800,263.24527056241624
304900,309.0598041253476
304900,299.1005802513725
305000,294.0570612501854
305000,228.70290524593474
1500,73.48932824156978
1600,78.48473404147651
1600,78.52444859987085
1600,78.6648792450754
1600,78.19037963161192
1600,78.39450878654763
1600,77.66191860687147
1600,78.42556969911357
1700,84.19428263804593
1700,83.59366900673488
1700,82.15301537040183
1700,82.95637605566775
1700,82.83239944495296
1700,83.40704288252655
1700,82.45966399577311
1700,83.58156522475312
1700,84.19387181943416
1700,83.1290082970091
1700,83.42276878557844
1700,83.38143281932595
1700,82.85051882918773
1800,89.35123560536456
1800,87.39911345014717
1800,88.1266224628925
1800,88.8410703067961
1800,88.88169584937837
1800,88.1185906110774
1800,87.75392385951139
1800,89.05040875065492
1800,88.94132813583504
1800,89.74394474883218
1800,89.34674222530334
1800,87.56222413395867
1900,94.5057482372608
1900,93.62645520146366
1900,94.48862338611582
1900,94.28123849922159
1900,94.14625371482646
1900,95.40056144334325
1900,92.83154760725925
2000,99.46783774322739
2000,101.19333102279204
2000,98.88497438258914
2000,98.95525320236058
2000,100.18836641497202
2100,106.02656700617521
2100,103.23981509027793
2100,105.23273612622481
2100,103.022761807265
2100,99.07658685446808
2100,102.47674008105884
2100,103.64457438705324
2200,109.57270906545648
2300,112.76082599943042
2300,105.45530558606428
2300,116.6623770375642
2300,115.64710850821933
2300,114.0789288029918
2400,115.60720272514529
2400,121.08412898560465
2400,122.91261245463335
2400,120.80632440586416
2500,118.09502637751557
2500,122.22316934377486
2700,137.18186477425942
2700,120.96968629288011
2700,134.56141616660474
2700,131.58670716509027
2800,134.8105100374387
2800,136.56871690178912
2800,142.76342044548508
2800,138.2094493444199
2800,137.5878629540782
2800,136.95265443403503
2800,134.75467408058446
2800,138.0149120994781
2800,139.87158376845872
2900,145.77901960427693
2900,135.42322434038394
2900,145.23643730821553
2900,137.1264627346203
3100,150.6263104929377
3100,135.30814585911455
3100,153.8723271092556
3200,159.45340503192685
3200,158.9630678839637
3200,139.2080952968197
3200,149.2965204417186
3300,165.3494911208914
3300,163.3100827849866
3300,161.9652334160686
3300,168.07737052320456
3300,159.78330874019514
3400,165.70483756158538
3400,166.95544862796106
3500,167.8110518167614
3600,164.74543407445577
3600,172.02158957765718
3600,83.30212010534673
3600,83.96041106019055
3600,167.95609785732336
3700,88.9780495557524
3700,78.36384342909109
3700,83.15898500185587
3700,89.91441142213463
3700,82.74415473212373
3800,88.42094555089209
3800,94.03014553264167
3800,82.1176701354982
3900,83.67117597558179
3900,78.5144518336207
3900,94.57503475596373
3900,96.78780260904034
3900,88.72952731803625
3900,105.69860982333033
3900,89.7650709342636
3900,98.32960408666173
3900,91.9671063333282
3900,82.55924370420236
4000,181.37545931212037
4000,83.43035850592133
4000,96.71550686763035
4100,107.05525657606158
4100,101.21019928368663
4100,110.67180608398755
4200,114.62763378221663
4200,82.41607149812128
4200,92.3497357527433
4300,124.61005815907436
4300,87.42460239506657
4300,113.56527560358748
4300,107.76106813995634
4300,106.57762155997209
4400,94.77270152470282
4400,87.8738161281838
4400,111.4588376327086
4400,126.14769539667833
4400,122.90189653818113
4500,97.72436446680936
4500,126.12611850234119
4500,88.30973602289241
4500,127.02765244923776
4600,106.4951747760867
4600,110.87455157147491
4600,93.35737573541759
4700,88.44982914379293
4700,89.9278011586851
4700,89.34143526416658
4700,83.49639651478174
4700,83.98863787382507
4700,144.2910664551276
4700,88.05921963151326
4700,83.21538363414085
4800,128.03113814648842
4800,89.83716083632078
4900,94.04321645749398
4900,131.64726193988292
4900,146.1102731038086
4900,75.56452233387523
4900,93.89357093588492
5000,153.56335159258992
5000,123.38647914376939
5000,93.88829937394581
5100,107.17180340027105
5100,83.85971289673623
5200,89.7220062579313
5200,83.60919500717304
5200,111.10054389994423
5300,88.45638761758083
5300,148.80025473944642
5300,126.9858437188413
5300,167.365497247345
5300,83.61003645894007
5400,167.88242306027774
5400,163.91744195862745
5400,78.133681910609
5500,106.43221603038674
5500,98.47539331636443
5500,138.55109653324632
5500,119.7872778491331
5500,105.71118740451188
5600,135.74973114454522
5600,90.37363179717909
5600,160.18736940111816
5700,89.90869560002457
5700,89.65056930003811
5700,107.34796935016686
5700,95.90750710578038
5700,176.99567588143532
5700,179.74841880588363
5800,83.83803929991566
5900,90.27246618979598
5900,147.6919718667793
5900,95.31077986083947
6000,84.07529456075977
6000,121.4858611073717
6000,174.91362549588285
6100,99.37227881623824
6100,101.31619821432291
6100,89.8624317124363
6100,83.77391088836433
6200,205.93236437091377
6200,153.07079707130936
6200,97.15241519621065
6200,90.40601000865634
6200,188.80562732104107
6300,106.8214931363062
6300,103.76643062008704
6300,84.1861074553811
6300,89.74635259562231
6300,84.26349902313507
6400,142.5843372378199
6400,120.54097057678734
6400,93.70369447395146
6400,130.51198469111162
6500,83.41258906716625
6500,131.11763672455498
6500,129.24342949316468
6600,157.04395595519617
6700,90.8286695976821
6800,103.20539376465818
6800,167.03480905840402
6800,133.27910174278597
6800,114.86128568126881
6800,89.89620343829249
6900,134.5487350793296
7000,102.37430903688904
7100,100.51995899086113
7200,132.50604290653033
7200,103.89343129102845
7200,100.5862647731096
7300,141.33255622842054
7300,156.56628636508992
7400,210.0306066922451
7400,167.4128125395485
7400,133.20734272415706
7400,125.61387678732164
7500,121.79362716584936
7500,134.13290608088894
7600,164.88665293452573
7600,126.12505488334408
7700,110.83561005241813
7700,147.42994743910654
7700,201.72663945228405
7800,121.12763025009433
7800,144.97441233376247
7800,154.61425349427415
7800,124.61622883319178
7800,113.41664185278361
7900,159.4738031836123
7900,102.1454978836564
7900,152.14020844714395
26,124.43671907212932
45,83.28467520779712
64,83.46070996630552
87,103.53948547585675
106,84.02119120857189
144,184.41714891456672
178,156.14752592204417
202,107.315429585929
221,83.72825250855882
249,130.69948101362917
268,83.14948046506737
290,99.07102405744027
318,120.85064563349405
340,100.86991391173389
361,92.33665549992708
387,117.61135263178076
406,83.47987298258792
427,94.77324050296555
457,139.06433583803596
500,201.10504163347483
521,93.94842708179584
539,78.32718002752003
565,119.50403440965988
585,87.93373962174975
623,169.1047795609052
653,135.1425567439243
672,83.45544027030046
701,122.02788399425128
726,114.33266103597211
763,173.86170601243433
790,123.28738477557644
819,136.08257250188709
850,141.13600178840892
872,99.66400854916243
912,180.42366648049799
933,94.15376771160308
953,88.93937072287765
973,88.15545419704664
1008,163.79409144803665
1032,104.30292484064125
1059,117.04012973604227
1086,123.43169477509008
1108,97.8485481182803
1144,165.6980618210613
1166,98.43786442283688
1187,94.3120717875953
1209,101.19330909550074
1241,149.94783604417188
1274,154.0851242805419
1300,113.36744960129793
1334,154.1594608968159
1353,83.52751535939493
1374,94.07738515482258
1412,176.15189281569474
1432,89.29794887253979
1461,131.36735128334846
1481,88.59411906673202
1500,84.70317818637743
1518,78.78424651274284
1546,132.14126808378143
1567,93.35713036474688
1588,92.81280769359647
1630,196.0285716716569
1649,82.71741276572612
1670,94.40210550292969
1701,140.71847102992166
1727,120.06579499248298
1746,82.74777444628918
1770,111.76683599858211
1801,139.49240506408705
1824,105.68813029750667
1848,108.73097839811963
1866,78.20260212325942
1887,92.66501063255889
1905,78.38629289015292
1923,78.4492728607549
1942,83.48017389890175
1961,83.99386994049752
1985,107.38939597483977
2020,163.11682412037953
2055,164.35940626350674
2091,170.85866376969096
2111,87.83265694971934
2131,87.92801870279025
2155,109.4445048695154
2183,129.18870843877585
2221,178.0368960165297
2247,114.95386651110887
2282,159.6507245396515
2302,89.1025609261486
2321,82.80548008326588
2357,165.35513303696993
2381,99.25591253639715
2404,101.87184458087829
2435,145.75658438597284
2454,81.34587356543794
2475,94.974852955377
2493,77.10329623904893
2514,94.03476262537325
2539,116.7645428290227
2565,117.98039196171983
2590,117.36900972216536
2613,106.98560897397435
2632,82.92631810864586
2651,82.32487720272671
2694,199.74008483129518
2727,153.6883885657942
2750,103.38983094881897
2780,131.7175855170121
2806,118.6591013501612
2839,151.7454148534221
2868,126.87464458001628
2894,116.68444492534715
2923,121.36442050753128
2944,92.17925734610054
2962,78.65344444851709
2986,107.8115653383451
3007,90.34419091589523
3026,83.15530333925837
3055,134.69975861244532
3087,138.4819298027846
3106,82.6640733664105
3148,196.44875622218044
3171,104.17577088540513
3200,130.2487232953216
3218,78.20809104728905
3256,172.39715160386322
3287,137.9902182494463
3308,92.56687060501537
3329,91.87420691533774
3359,133.72841673532238
3380,92.86252230647897
3401,94.65609709317614
3421,88.65168767782689
3446,110.76725849384849
3497,248.29269143948005
3515,78.62419829871617
3536,91.88686552346024
3564,127.25425110397669
3592,120.1801040085057
3611,84.75876978054539
3637,105.59421866771797
3655,78.42918275954058
3673,78.57042819311583
3692,82.97504754881008
3715,102.0272237752054
3735,90.09520855297343
3753,77.75135905652975
3792,156.16679024288635
3823,135.5809169603157
3859,157.69949002166376
3881,97.37168372766422
3909,125.45278623294139
3933,109.3098039791915
3956,99.19762022867089
3983,122.35192537568805
1600,78.58184706110706
1600,78.37112399611965
1600,77.92859335778519
1600,78.56786231468237
1600,78.38296043541716
1600,78.37855070615912
1600,78.25963170851344
1600,78.57795538994428
1600,78.20801176757921
1700,83.43340168843342
1700,82.11356426091875
1700,83.1277729731816
1700,83.39131555958059
1700,83.78190102139655
1700,83.22394576183915
1700,83.92682062354932
1700,83.62725341679118
1700,82.97466700835633
1700,83.07677992825191
1700,82.5411352120584
1700,83.08093849422735
1700,83.227109891091
1700,82.43230355394996
1700,83.05136351239197
1700,83.81949280379989
1700,83.36243905856
1800,88.59539509399357
1800,89.4722786826358
1800,87.37693321978506
1800,89.67517215780819
1800,88.43784922702301
1800,89.02676681015241
1800,90.02664288826183
1800,88.67295614147686
1900,95.07497103457267
1900,95.30032269579904
1900,94.31771150085532
1900,94.21980427956618
1900,94.36111476555575
1900,95.26542145640727
1900,93.51666400695639
1900,92.75273457591554
1900,94.78323902406947
2000,98.50722307997992
2000,92.88106555494332
2000,97.92843779011577
2000,96.61337547450934
2000,99.69202923705825
2000,98.61956112931367
2100,104.34556801367773
2100,98.84909130250836
2100,94.89042461282223
2100,97.9739158588385
2100,102.97198752256188
2100,103.96694339196502
2200,104.8183908970656
2200,110.06101141760361
2200,104.68814931977676
2200,108.85009591881415
2200,109.4739792971416
2300,110.73132211250545
2300,112.88704438408534
2300,111.33229360041894
2300,111.0544176225222
2300,105.75898638579378
2300,116.44104436732354
2400,113.67064531289303
2400,116.51256779123828
2400,118.63355591538344
2400,114.1434825662262
2500,124.94838262831783
2600,122.06384497458086
2600,128.64983700184482
2600,127.47591064185124
2600,128.921970123329
2600,122.46640102256733
2600,128.49309807243043
2700,137.01930523421544
2700,130.8863475614281
2700,135.04155875339646
2700,116.45647368112837
2700,127.3031780424288
2700,133.6045130492125
2700,131.81972984088358
2700,134.6068280812023
2800,135.92882007434292
2800,138.5569423186714
2800,130.04359159125343
2900,132.80932984843002
2900,147.61242287886537
2900,138.57576875278573
2900,146.54587986844518
3000,145.1714112022843
3100,149.97164309402808
3200,159.37018131767852
3200,157.72981595148772
3300,166.470214419675
3500,78.73142164992586
3500,84.43095987332384
3500,83.41848834227203
3500,83.34063141395742
3600,78.20133015312484
3700,89.67966884199384
3700,94.26634400855666
3700,88.5152903748471
3700,93.1628599525746
3700,78.59143873968142
3700,85.00127918515508
3700,78.29370628355458
3800,82.63422673699502
3800,94.06776710210346
3800,87.86598416846758
3800,185.54174805963487
3800,94.64449254037721
3800,93.38837674696329
3800,92.02657208792922
3900,85.9454787648309
3900,101.57838042914017
3900,97.64388862804644
3900,83.37013527629097
3900,89.46875216146142
3900,94.55477100860965
3900,82.98322187475253
4000,83.54228545415093
4000,83.99329644756553
4000,98.54566345824766
4000,78.67798338709476
4000,98.14542407906937
4000,106.72892113811572
4100,93.96867356684828
4100,78.32557806618003
4100,86.87514540534644
4100,96.21749708879638
4100,78.1728355679894
4100,89.0551583825921
4100,90.2096661775935
4200,83.10634045948507
4200,88.02273591027691
4300,119.10614204513114
4300,124.0713662224984
4300,118.32267111078318
4400,216.16003963449748
4400,124.75136551782474
4400,123.92331691260297
4400,101.3007764181925
4400,122.00411215547697
4400,82.85608340210047
4500,100.13431589471236
4500,114.22653064713417
4500,77.52034719892825
4500,93.18362965360781
4500,129.640683907498
4600,109.09702945776395
4600,138.38321330236857
4600,126.24295314913375
4700,124.02636399536836
4700,82.69094893984828
4700,109.84641254785599
4700,136.48832312138907
4800,95.81383176097364
4800,93.47159935766201
4800,110.79681716379001
4800,89.80862181337831
4900,101.3118231360074
4900,146.48913932811368
5000,96.04414096305288
5000,98.71123729993279
5000,109.20357893272622
5000,116.07572855639415
5000,92.60949464453189
5100,136.97533482159685
5100,113.08984190366641
5100,88.36421696836351
5200,84.25550860423813
5200,97.51405219205405
5200,137.02686608644055
5200,111.27870215730815
5300,254.86683307026982
5300,108.9351396765325
5300,94.7530759249768
5300,137.26436905397003
5400,158.85337910295692
5500,140.97625900787963
5500,129.8330415881276
5500,128.74212224958373
5500,88.21039404101903
5500,127.882456788377
5500,98.10296975433194
5600,84.29876366636718
5600,121.5898670333179
5600,141.30453625532488
5700,83.52008940307537
5700,89.71088229863828
5800,183.58270393307006
5800,95.64798923899156
5800,101.62487308198428
5800,78.64468412898242
5900,103.3465294488561
5900,89.14958606227917
5900,152.9883288520253
5900,192.92348799292893
5900,88.56655023926812
6000,97.40732490119025
6000,83.58762484676143
6000,155.57610674784496
6000,106.54870865413966
6000,101.61378502929314
6000,101.3086382039218
6100,94.79841710697588
6200,107.89230792660227
6200,151.9851933388167
6200,96.29186961116079
6200,84.85519246574368
6300,96.92133123776901
6300,108.94876316271228
6300,128.5716042188295
6300,83.91882182245517
6300,106.22654577842525
6400,106.41000693261037
6400,118.17135145962521
6400,160.21513331316336
6400,99.36897271785048
6400,108.4520613086268
6400,88.82445577836822
6400,92.93263615068085
6400,115.18744792175505
6500,109.72958212675293
6500,95.31325252351401
6600,112.40510302034083
6700,88.4399965795158
6700,143.04859692297765
6800,141.21468382036988
6800,114.2907305753812
6900,135.38959501620147
6900,150.21665758229273
6900,110.17677193077017
7100,154.46979444775081
7100,154.0408208371337
7200,121.82580224810357
7200,145.75540719893007
7300,165.45673486093526
7300,95.72605982794177
7300,141.34692433019953
7400,139.14746559605769
7500,100.1278108705527
7500,118.00404739779272
7500,130.6436945255391
7600,235.1087674852745
7600,140.48167156936705
7600,111.88984186177422
7600,133.05907249151772
7600,116.29523474698645
7800,105.5547550185669
7900,154.4581311493217
7900,159.18907979082496
8000,180.6638856256438
8000,138.6902328606068
8000,160.56824558118976
8000,106.65621463241173
8100,157.07804925706142
8100,100.91260288881426
8200,101.35057041526117
8200,155.98989904683305
8200,140.84839355295608
8200,121.06771722401864
8200,158.89184978337101
8300,168.2905493203116
8300,147.07897075184965
8300,146.46291442294364
8300,311.0305762690713
8300,122.68439240849284
8500,139.43029679101423
8600,155.18735976228209
8600,170.6121160398405
8600,122.343741049205
8600,111.34676838128493
8600,144.2367416013792
8600,137.24236676625492
8600,158.84695534975307
8700,107.38675614881551
8700,132.76491679047368
8800,217.96960755457656
8800,138.09867102720148
8900,236.9182416643605
8900,146.07613365496053
8900,137.30466830697387
9000,144.5475944226903
9000,148.60245735330093
9000,102.61550138398712
9000,125.21938229792104
9000,170.01106128969226
9000,160.01570733331914
9000,173.08893798365673
9100,119.36121728752714
9100,176.41424513782405
9100,201.72242500745588
9200,133.00257504902555
9200,169.6295574871128
9300,224.65893406549375
9300,118.53200264810027
9300,140.89801321026874
9300,205.94528305840316
9400,131.70725555209577
9400,130.8528466264141
9400,158.54382326010526
9400,124.62033649149298
9400,95.27144166410798
9500,106.30222062685192
9500,149.370861571051
9600,95.15075196501267
9600,195.72835268103753
9700,211.23319637232817
9800,102.65572722055754
9800,178.29572458450534
9900,142.9728916000181
9900,131.17316769806442
10000,122.59790841529882
10000,90.69745832019052
10100,176.58980566125484
10100,122.34358492347901
10100,84.51491297711549
10200,120.89310071480247
10200,112.52340760668889
10200,143.23623900064567
10200,235.41202901569932
10200,169.23034326799134
10300,145.65771330570664
10300,202.36821204820262
10300,136.68865782363238
10300,189.8732650733203
10300,159.17846149439302
10300,182.18644896441478
10300,88.5363382423552
10400,180.9939441416419
10400,283.846578648944
10400,148.9412167483693
10400,128.05872587338501
10500,138.52163810979025
10500,263.64623388736646
10600,126.48632445899958
10600,118.03884294112915
10700,134.2245287723435
10700,217.52118346853698
10800,126.565548239396
10800,221.84381346373306
10900,305.54818713516477
11000,164.83677487394795
11000,295.2385797106486
11100,96.52251762422632
11100,210.51698864594
11200,145.48910738701122
11400,235.9812850788174
11400,270.48824628241596
11500,261.9757018089404
11500,184.95733559092312
11700,135.81436110215435
11700,128.4316195830544
11700,149.06063402151673
11800,280.0740145554509
11800,110.23038831062503
11800,131.37984399717504
11800,162.48505065770675
11800,118.08874091583115
11800,282.38459367448525
11900,126.85857770568143
11900,148.313007509274
11900,126.2519759751899
12000,135.99697345912585
12000,148.39458009224762
12000,149.40960981378961
12000,121.56739039630747
12000,117.01622287373925
12000,180.9960413589004
12000,120.76653318359486
12000,179.39662517135844
12000,112.99823594480547
12000,104.44091626213932
12000,165.13840063853985
12100,160.01724417190016
12100,99.47313157301252
12100,114.09673951699791
12100,94.42682174978926
12100,119.75755844433394
12100,88.44208678992985
12100,280.1707403646059
12100,135.26879145647405
12100,142.14942922628904
12100,165.19949881823948
12100,137.53453911216408
12100,123.98214808648719
12100,175.3144240863728
12200,116.22228497149207
12200,99.62679038570677
12200,91.68302579389118
12200,250.1035774337482
12200,87.9021869794878
12200,244.95805366007914
12200,123.68252995120395
12200,103.19160375655666
12200,118.94265837488852
12200,101.48382080120244
12200,86.7224202557318
12200,182.11198299804954
12200,121.932963188196
12300,123.99219227641915
12300,186.7519523424705
12300,146.72168573675413
12300,87.21732501973314
12300,88.684370725929
12300,124.08559839269914
12300,83.8156865759545
12300,90.13812271493839
12300,169.99964105764016
12300,119.90420009044888
12300,88.32832773522674
12300,90.0148658473521
12300,185.76304610380376
12400,86.71284645937186
12400,86.75463676044188
12400,89.80521495934288
12400,84.38574456495142
12400,171.82840632437558
12500,92.79725106313181
12500,134.01524513110775
12500,84.31302065404365
12500,87.37830895263356
12500,92.7068360336476
12600,89.11704142497312
12600,93.20671530073398
12600,87.88623021985968
12600,100.03486214215742
12600,93.54080668355071
12700,165.04663288504517
12700,90.5385022336914
12700,141.25591663332276
12800,90.35459627332546
12800,84.44997181066205
12800,89.01952987805393
12800,291.4532861000558
13000,93.48805139726213
13000,90.26636402548463
13000,86.66946445319239
13100,89.60084819820281
13100,89.94613127463622
13200,85.83266248732332
13200,87.20722716875676
13300,221.5513407468812
13300,86.20388071071933
13400,196.08153916508635
13500,88.96063780282604
13500,88.68797794083927
13600,88.53747674438296
13800,82.96252824633875
13800,88.22501019704033
13800,87.48494309161876
13900,88.51777448418736
13900,86.8355832887467
13900,257.80182212009146
14000,240.1919706948655
14000,97.95721071824696
14000,88.00418093559425
14000,91.00693975222772
14000,92.38457003969019
14100,89.00438695775141
14100,87.55814593010659
14100,114.35438860321635
14100,88.18938430825534
14100,94.14580085662594
14200,92.1966166641027
14200,90.12015971905524
14200,83.23003368489775
14200,81.17543179826099
14200,94.08714676830101
14200,105.587269202602
14200,88.77355411139895
14200,88.9295935397251
14200,86.81612531523344
14200,92.85169207554571
14200,88.11781608545768
14300,88.17438642077967
14300,91.82710795972187
14300,98.45689801013992
14300,89.88226190309948
14300,91.25938699294397
14300,85.95288619499404
14300,87.45854061350765
14300,90.72326202129022
14300,98.20218079184893
14300,89.54558823960535
14300,90.63593784215553
14300,87.49879161538007
14300,98.12120011088707
14300,96.76840796981637
14300,88.33850519710484
14300,94.67636055415963
14300,90.82520661686456
14300,98.8383584447424
14300,92.5533492283957
14300,88.3555348188864
14400,88.7313234348626
14400,99.46104879650201
14400,92.18656051235234
14400,88.40833180285635
14400,85.12315496741566
14400,92.39827939180638
14400,84.45194307069372
14400,85.43846809336122
14400,93.13749240953778
14400,84.05025105537904
14400,88.64371634332169
14400,90.23401788346148
14400,88.87293090467321
14500,89.74313611500394
14500,89.70323132992235
14500,86.40366330683385
14500,88.09610509408564
14500,93.48016001844388
14500,91.58111162132376
14500,94.96312740783603
14500,84.54421532136509
14600,90.13691168792059
14600,84.97437678324842
14600,87.59215015681504
14600,86.31319795655095
14600,94.05349410802694
14600,87.37872833241784
14700,86.63739879330603
14700,88.69049738856818
14700,89.15115512717175
14800,87.38195945704287
14800,93.59360574267482
14800,99.54024191574668
14900,86.29115039644758
14900,94.83737790630481
14900,88.95984783629468
14900,90.31543602815727
15000,94.19730542987982
15100,94.80158188552807
15200,92.71205057127462
15200,106.48719460477048
15300,96.84126740458063
15500,102.48091142677062
15500,105.50907751021919
15600,105.46779286764853
15700,115.89284435805035
15700,97.4161615744477
15800,106.30426167589121
15800,110.79925844328852
15800,112.74614002802706
15900,66.87911824052661
16000,81.11406300813046
16000,70.28818135757439
16000,89.48252539372668
16000,67.47472500768741
16000,66.2170433266254
16000,69.80442566760152
16000,107.58682514695059
16100,63.555075538221914
16100,58.02122351920693
16100,88.40174400790764
16100,64.38408376877085
16100,113.90378368938966
16100,77.31102670791942
16100,68.7974436478455
16100,89.24226865526043
16100,62.78109792768505
16100,65.07967804180416
16100,77.4917474036795
16100,68.17968675313533
16100,75.56145861666594
16100,75.4655232550446
16100,63.911262909334596
16100,70.3724717084125
16100,83.2473665712977
16100,98.93388348381362
16100,80.0786537923769
16100,72.21654954575322
16100,75.66777362050279
16100,58.97977620871947
16100,67.3949691546911
16100,75.0973598262873
16100,88.88444121913355
16100,69.16436989605818
16100,105.83445011066179
16100,70.77233273365034
16100,66.25541183986411
16100,98.68464892386702
16100,69.55313278814937
16100,89.74817470042719
16100,63.61482449400782
16100,75.70556643586335
16100,88.78062168431117
16100,67.8203941149152
16100,85.76753960862013
16100,72.09486932225371
16100,65.3013808547164
16100,64.62549531015623
16100,69.63840255851655
16100,59.26021067006574
16100,73.75768509412715
16100,75.92238452188676
16100,79.32234942370602
16100,69.00673211464675
16100,68.71116788146814
16100,75.64372668086887
16100,83.73603939409603
16100,61.042151860199624
16100,63.86113706838643
16100,65.42244045890229
16200,58.249898273301845
16200,86.68532685045314
16200,82.20630655640372
16200,87.58500398091213
16200,54.19527552369129
16200,65.06072182966639
16200,80.22414444295575
16200,82.00517195872774
16200,93.0202021619965
16200,85.96559377080769
16200,83.28452385537547
16200,75.32569449006859
16200,86.60528046294978
16200,100.02519787650543
16200,65.11862915254221
16200,62.90600949772805
16200,86.31826700619848
16200,58.30317254245886
16300,100.4574126328685
16300,59.07992030129306
16300,60.03378937830198
16300,58.68820400238672
16300,110.75990986103388
16400,58.54932888729927
16400,59.73317884007697
16400,58.31779504261257
16400,59.26371042285758
16500,59.59554736277379
16600,58.76741645086327
16700,59.49825485729896
16700,59.99821809970638
16800,60.0615201384901
17000,56.13445365751174
17000,54.86738943551309
17100,60.80790772461331
17200,55.097154546621105
17200,60.17007311986653
17300,54.41215976613715
17300,60.53718879920702
17300,58.30448373579365
17400,60.1078464905096
17500,56.7503534774244
17500,57.286925607976585
17500,55.647608235860424
17500,58.26686344434924
17500,58.27268059213038
17500,54.81518777656934
17500,55.4518097892742
17600,58.839522633201334
17600,58.325733298995495
17600,59.377357044442
17600,56.55928799979885
17600,59.671597289387186
17600,59.176410202200856
17600,58.50846600353892
17600,60.00189120519816
17600,57.82793594826419
17600,59.34725734074326
17600,53.501936661197966
17600,59.73986513672684
17600,57.21773594244136
17600,57.11743835342948
17600,58.95400419915289
17600,56.10478774303688
17600,59.89676224662602
17600,60.692411115063734
17600,60.154964107941915
17600,60.62726573414294
17600,60.376690701699914
17600,57.368129347604814
17600,60.12013816593216
17600,54.92322780807927
17600,59.53776823858369
17600,60.181037722490345
17600,60.58950947171535
17600,57.03726329455596
17600,59.38196406767854
17600,60.49068983033184
17600,60.44995287981466
17600,60.349255532978
17600,60.01389124719561
17600,57.29362966700105
17600,56.92677494476531
17600,58.59891542090064
17600,60.10506189283069
17600,58.75523219450556
17600,59.45150174355748
17600,56.72452396432722
17600,60.08613869044158
17600,59.973404245586906
17600,60.084597827382495
17600,57.28825543038464
17600,59.93299589282059
17600,56.794181813690415
17600,60.005102865937396
17600,56.010335633024326
17600,59.36936161958485
17600,53.683194197745095
17600,59.27944517532085
17700,59.21493356625854
17700,55.202565731096776
17700,59.09569053195361
17700,58.153224542369706
17700,56.46134733581012
17700,59.5892965195959
17700,57.82303416026058
17700,60.433650350868064
17700,60.20241864115535
17700,59.20120970786612
17700,57.39601416721932
17700,56.81268833437551
17700,57.31149540123206
17700,60.568587242005336
17700,59.88656542597183
17700,62.73307892109865
17800,63.57159253483288
17800,65.05817071310585
17800,60.29144727063832
17800,59.033253899344906
17800,57.51328412029793
17800,65.15364137060234
17800,59.79900837094633
17800,54.78399842942979
17900,59.95951794111358
17900,60.43007232196376
17900,60.30767140138465
17900,58.45127901867237
18000,58.25753696036458
18100,60.27764918992985
18200,59.41245261586938
18200,59.748696098717396
18300,60.755965054122704
18500,54.907422520805575
18500,60.873465262382375
18600,59.35777565934525
18700,58.7974468823022
18800,60.56787502338241
18800,64.39230360834209
18800,59.16608097576656
18800,60.34279703927911
18900,59.901886899915944
19000,60.59498600004841
19000,60.43432849494348
19000,58.61734110625912
19000,60.15811351055139
19000,59.20338449684248
19000,58.72309118790764
19000,61.133475411707266
19100,58.26652643588417
19100,60.70118179175892
19100,59.893082007708855
19100,57.59358444278142
19100,60.52757156488456
19100,58.474251563472144
19100,59.4012899150582
19100,60.08687557869688
19100,54.05139308791663
19100,60.424162487113364
19100,60.15456639040966
19100,54.264038523509775
19100,58.22212486668309
19100,58.44486775462238
19100,58.94284126674027
19100,53.60997638572732
19100,60.273233994151425
19100,57.367365800557195
19100,59.65597541387954
19100,60.223631403222825
19100,58.89102465588385
19100,56.173292276462625
19100,58.9582430593894
19100,57.843442260652324
19100,60.84960498668393
19100,58.484213225137594
19100,58.776968539085196
19100,57.62631530229362
19100,59.361345223419576
19100,57.8216605292089
19100,56.44722882254857
19100,54.751488056251176
19100,60.77384551669816
19100,60.8937734403602
19100,58.74869434573422
19100,58.50953677024362
19100,56.78857251797666
19100,58.5014455136547
19100,59.82313977108122
19100,57.57915001308387
19100,57.10955216382775
19100,56.71090730566123
19100,59.3126391484892
19100,59.02681286887452
19100,58.08947537972179
19100,60.33178868341095
19100,53.84481920124444
19200,55.36164385748204
19200,59.308764414327
19200,59.68116705204921
19200,59.15662917046187
19200,59.70619023745222
19200,58.29497255057848
19200,59.947746490458165
19200,57.07349639352455
19200,57.347809454814026
19200,64.98289844153341
19200,59.92270922839487
19200,57.389029809041254
19200,60.02393533247672
19200,60.78780201709966
19200,58.386168488500715
19200,59.21736944568118
19200,64.22085957400813
19200,65.20713941148838
19200,59.96260813356648
19300,56.90227728625339
19300,55.52077619676985
19300,64.86762704375558
19300,59.18261381436357
19300,59.651182221158045
19300,59.15266754206704
19300,59.66510688032855
19300,59.35426361110141
19300,56.699167512042955
19400,58.34144614695102
19400,60.06790791896654
19400,58.44418815933884
19400,58.444539834941594
19500,59.12515337552842
19600,60.72480315154488
19700,60.802707121154555
19700,58.35673705767736
19800,56.204345929916656
20000,59.21059057778109
20000,60.59620833759621
20100,59.93460350510607
20200,59.63238150504604
20300,58.72133434662694
20300,58.079963160467514
20300,58.853745718015276
20300,60.276812673688276
20400,59.578690387588345
20500,59.4012895562552
20500,58.68485373594322
20500,57.487974373806736
20500,58.29192654335516
20500,57.927928468128705
20500,55.006162626333506
20500,59.50059629754703
20600,55.28647528062245
20600,57.120033872920004
20600,60.07367215787586
20600,57.37009244610438
20600,59.706301627069024
20600,54.63589593915579
20600,55.75697655467592
20600,60.27321894108922
20600,57.55436531298157
20600,58.00694986581378
20600,59.05546955252155
20600,57.58588667254804
20600,57.60707435258423
20600,58.82811741179188
20600,58.81714014882703
20600,55.158284238258595
20600,58.97198805027149
20600,57.94202488505011
20600,59.53235888111878
20600,59.950986213968726
20600,58.831930006603216
20600,59.15193121512406
20600,58.13922535809771
20600,59.16664541627146
20600,59.69688992048505
20600,60.106562736196366
20600,56.577362050707706
20600,58.36835001788636
20600,56.52565363787215
20600,60.0008188029311
20600,59.374072348322805
20600,59.83840138702317
20600,58.07076275643086
20600,58.10523625070341
20600,56.12622194561876
20600,60.235053775163095
20600,58.175135460078586
20600,59.52038966713054
20600,59.77443763543126
20600,59.51904031210904
20600,59.39288652449535
20600,58.09142803754908
20600,59.232894093717604
20600,60.777415249415554
20600,59.95800155389497
20600,59.85344369056637
20700,60.67811137598759
20700,60.734181020325614
20700,64.94908195664974
20700,58.60478438955301
20700,59.033097927918824
20700,58.42336767022181
20700,59.81078701012154
20700,61.27452828582104
20700,61.10736401882071
20700,59.347998280334295
20700,57.36756286082951
20700,56.70332462091163
20700,55.868331926984546
20700,58.5058692721734
20700,57.98317654204166
20700,54.68502846637564
20700,56.587385972267136
20700,59.87248145242333
20700,58.77763776794244
20700,59.75841183873292
20800,54.655569415664175
20800,60.50460053878603
20800,59.815549476910135
20800,55.41624660463417
20800,57.98770771503973
20800,59.64730688705644
20800,60.432000963831435
20800,60.880463870553335
20800,57.517411557719036
20900,60.27035521994285
20900,60.43266006592232
20900,60.722401775573005
20900,58.80865943306817
21000,59.73680034732093
21100,60.33333616865731
21200,59.56219913325291
21200,58.940343816432204
21400,64.96930184289931
21500,59.62217503325452
21500,59.59354941148973
21600,59.009143282336055
21700,59.43505412804513
21800,60.63168327845631
21800,59.32237788442844
21800,57.75568459480423
21800,59.63952997234574
21900,59.463767929463266
22000,59.862013453318475
22000,59.80472207312706
22000,58.198385746390784
22000,60.00216414250783
22000,60.450814566953824
22000,59.6306064705419
22000,60.76068867808713
22100,60.330399684987256
22100,60.58033522916067
22100,59.96815820028019
22100,60.03869934352873
22100,59.89963295532021
22100,57.148065708481454
22100,60.8403046006154
22100,61.05054828423431
22100,56.440426834294826
22100,59.27607126540385
22100,59.01920193793787
22100,61.14361019482715
22100,59.20120004561547
22100,58.20151289601535
22100,58.99357639089197
22100,60.466906084153926
22100,56.44756845139
22100,58.41200237022477
22100,59.01795759433945
22100,59.5015675116602
22100,57.83186546571779
22100,60.4110536333563
22100,59.76561958242148
22100,59.37179949983561
22100,58.28272843032708
22100,57.12173795708735
22100,59.38782847998533
22100,60.773089901829096
22100,60.57926428691635
22100,61.05816173148199
22100,60.046061318619266
22100,59.641422605470765
22100,58.15388556987246
22100,60.77871688233987
22100,60.89423426685327
22100,59.38463007070989
22100,60.532438701230426
22100,59.472393976665664
22100,60.93073910301464
22100,58.71046356222955
22100,60.45723275647411
22100,61.310889190145566
22100,59.69043995288025
22100,59.66218164392137
22100,58.47743718332648
22100,60.18406116004635
22200,60.875630708611965
22200,60.11395544533215
22200,59.242365251143205
22200,60.455432513188015
22200,57.57693809616841
22200,60.814747109787255
22200,60.37721284389095
22200,57.56545907664189
22200,59.695168250852426
22200,60.131581845915505
22200,59.022304825671355
22200,59.049255725132355
22200,59.42591537691873
22200,55.6470782562861
22200,59.990146829046125
22200,56.28040777378012
22200,58.80823694198767
22200,60.240885799629424
22200,57.247662567419695
22200,59.777897680006504
22300,60.951077790783195
22300,58.52259104351162
22300,60.56929864719195
22300,60.45409892328095
22300,60.59114622909501
22300,56.95250588238243
22300,59.284340898243094
22300,56.55377566427837
22300,60.956186340962844
22400,58.29958581736226
22400,59.78475316161874
22400,60.870659988112344
22400,59.36258243342406
22500,60.05206019489579
22600,60.582045520341666
22700,60.83773544161555
22700,60.55918054255373
22900,59.790446071708665
23000,59.79239508389345
23000,60.03904013423198
23100,60.14508547886957
23200,60.41830234639721
23300,60.31981424274138
23300,60.15615459923872
23300,59.3067982983885
23300,59.46150048152284
23400,58.609725352091615
23500,59.81662715321245
23500,60.545690635619934
23500,59.798004488727
23500,60.288351835965855
23500,61.065293932197704
23500,60.10588757857776
23500,60.0181037613079
23600,59.81035099407983
23600,59.14150353032275
23600,57.36006654389853
23600,61.04591343736903
23600,60.44694255199779
23600,59.14507735754537
23600,57.4189752751501
23600,61.405797491777726
23600,60.08626717085413
23600,58.8931963690165
23600,60.99014542003414
23600,59.985353532486464
23600,60.17029767499977
23600,61.169735262979636
23600,60.744520846970346
23600,60.231215330802996
23600,61.043179933727494
23600,60.44439603865655
23600,60.37500865300694
23600,61.053838543522026
23600,58.63580137469958
23600,60.949985152054424
23600,60.53078179257349
23600,60.182419303825
23600,59.08958560301812
23600,58.60558327183873
23600,57.41578230010539
23600,60.783786378483654
23600,60.06011548627306
23600,58.64855398976704
23600,59.809029010848185
23600,60.31180975510117
23600,59.47216553231402
23600,59.60004960865854
23600,61.074164734869655
23600,60.31823181487512
23600,60.32559435810189
23600,60.210553204555495
23600,60.371894129749776
23600,58.82860445141291
23600,59.47479536632041
23600,60.44472925366046
23600,60.49341575975739
23600,60.006763467862044
23600,60.95384334799702
23600,60.22808627369505
23700,60.45674292678135
23700,59.20999965262069
23700,58.736519320368146
23700,60.77908971907931
23700,60.71429243347775
23700,60.43728436134967
23700,57.62723188801963
23700,60.08262898324983
23700,60.60373815259772
23700,61.153755187402055
23700,60.1094269704549
23700,61.01682643596944
23700,58.082609196572605
23700,60.29489789772153
23700,60.68650602280428
23700,55.810474436090416
23700,60.43078106384306
23700,55.73394090626229
23700,58.355600036687804
23700,59.92202733228067
23800,60.54130294704294
23800,60.3260705592544
23800,60.8930720533562
23800,58.95511606318976
23800,59.09012682769264
23800,59.72443326939398
23800,59.857178409753075
23800,60.570064653487435
23800,58.573965288055994
23900,61.69467727845168
23900,60.40261294948289
23900,60.67094996338998
23900,60.903269146926945
24000,59.092980578900466
24100,60.21920116324003
24200,60.69854925801519
24200,61.070195422912754
24400,59.96845393722915
24500,59.3522217318956
24500,58.73611243807898
24600,59.92420431812477
24700,59.07164199587551
24800,58.23119232046237
24800,59.704833924813016
24800,60.229024857558294
24800,56.17910710266218
24900,55.454670552940314
25000,60.34485547915146
25000,59.86349128221145
25000,59.652663164404345
25000,59.94997083704548
25000,60.404379584874654
25000,59.235126700239974
25000,60.109710986617976
25100,58.42286621173158
25100,59.542259899305876
25100,59.734670879278966
25100,61.38120948128763
25100,59.97288303596486
25100,59.857121183907346
25100,60.887983906903976
25100,61.06829742665686
25100,60.071653100941866
25100,61.359694091127565
25100,59.58126728154036
25100,60.81437054890534
25100,60.67621826094482
25100,56.94761141964748
25100,60.275107261516965
25100,61.10204883236235
25100,60.49070329867652
25100,58.067056524518385
25100,61.0848937403573
25100,59.987386635772395
25100,61.41210269226448
25100,60.473615172711895
25100,59.79313797787873
25100,60.784602303537184
25100,60.53656075954534
25100,60.466850275340356
25100,58.972913418712125
25100,58.35052756970352
25100,59.29405261910401
25100,60.45323033859583
25100,57.95445833327631
25100,59.37648287204429
25100,59.12186902015592
25100,57.774237941209336
25100,58.187624678719935
25100,61.065967279492206
25100,56.934088845118936
25100,60.582669808010465
25100,58.0725092939298
25100,56.42292198276355
25100,58.677455433786776
25100,60.113612100455335
25100,59.6232158152691
25100,60.85591646113675
25100,60.089926302275096
25100,60.30796534303715
25200,59.049088727441536
25200,60.941654114447466
25200,61.09705779506475
25200,60.64913631538876
25200,61.0906568822026
25200,59.733739501947205
25200,61.02215204589448
25200,61.15416081768923
25200,57.61831286831471
25200,61.087692609580024
25200,60.46388709351981
25200,60.398994839861345
25200,60.36917363983693
25200,58.28116289079511
25200,57.98382967845246
25200,60.79638888413059
25200,60.79814785673454
25200,60.631392473468914
25200,59.84027992543107
25200,58.87709381831063
25300,59.06090103953149
25300,59.472201317021344
25300,59.627606338578794
25300,60.59139882076378
25300,60.0431899223822
25300,61.54416966467678
25300,60.35066529797626
25300,60.80854357426513
25300,61.180900007355
25400,59.770461223176376
25400,60.756645596801306
25400,61.19842095961446
25400,59.34725070219246
25500,58.08987794046084
25600,57.41694456192896
25700,58.7760474621628
25700,60.249498480190404
25900,59.99866963401833
26000,60.22764891397132
26100,63.74310172544134
26200,64.06815155895892
26400,69.76567288004362
26500,69.08832441794986
26500,68.35918491383319
26500,70.52274176886506
26600,66.77481518927756
26700,68.7186802039318
26700,68.59527421790588
26800,70.37990384527012
26800,67.85846223149538
26800,70.30416539768584
26800,69.56424772352268
26800,69.96641985571085
26800,69.29176757569856
26800,67.74675563186341
26800,71.43412134268657
26800,67.50853982286394
26800,69.89126192587257
26800,69.84915119495292
26800,68.23891937877579
26800,67.28768504097461
26800,69.49225868603918
26800,69.98099227988179
26800,69.56384325380562
26800,69.50107223821149
26800,66.89781302696676
26800,69.79619703971441
26800,70.01154438614996
26800,69.52418938331678
26800,68.05620074391125
26800,65.11229720310156
26800,70.61214708643524
26800,68.11472456652257
26800,67.82985555927118
26800,68.12187722814966
26800,67.3135692327048
26800,70.22298210913526
26800,70.13103993002153
26800,69.50032094896098
26800,69.71928666025393
26800,70.52518745917718
26800,68.49538132169546
26800,64.50468819538574
26800,75.65551124368163
26800,60.85477341154055
26800,68.07771036761983
26900,68.31522892730561
26900,71.30864613032402
26900,73.54683751083141
26900,76.22790990393726
26900,66.88341889973027
26900,69.46316017634796
26900,70.14882821972928
26900,74.78882509415345
26900,65.15946173488182
26900,67.0458840157908
26900,70.23302775053565
26900,70.82345038688126
26900,72.80907419382943
26900,75.2528142776611
26900,68.24371560389226
26900,71.29840990001001
26900,68.70077969206035
26900,71.25250307352391
26900,73.90495325235753
26900,68.47509436732338
26900,67.79478492164755
26900,64.4510501992132
26900,68.45276472621387
26900,71.27040799910698
26900,67.0867316148904
27000,73.41269312418734
27000,74.42368479448217
27000,73.19167971701346
27000,72.71973516708354
27000,68.43559654154826
27000,65.63452402619623
27000,68.2712709135357
27000,65.93854886505503
27000,67.52697889183423
27000,71.33909124820082
27000,74.06107686565835
27000,73.61513029889689
27000,68.27850884768
27000,73.80793466274258
27100,70.18341677792901
27100,68.08030500749402
27100,73.28161765885604
27100,75.63721487982116
27200,74.01289765925598
27200,74.62745408289987
27300,74.29777645390435
27300,72.04768212723145
27400,81.14592685161895
27400,69.97468193275357
27600,63.93869942374041
27700,65.3695080882304
27800,68.21826644374198
27800,86.6106773955213
27900,93.42372638732675
28000,75.3796846291373
28100,66.64516859260601
28200,69.61654113195931
28200,69.06486129596688
28300,69.14642005530992
28300,71.60742561222675
28400,69.01758222944362
28400,69.86879454880581
28500,68.64042073542008
28500,69.88363642438871
28500,68.90400850252716
28500,67.8831182803395
28500,69.13963445224542
28500,69.81293235638644
28500,69.37576569424643
28500,68.68498521230688
28500,70.24921028391164
28500,70.53527482086444
28500,67.0950028604722
28500,70.08478873387708
28500,69.7227130354918
28500,69.35865420048485
28500,67.73635585645712
28500,70.77471691466123
28500,63.664972002928145
28500,69.12385717143103
28500,70.50261415464736
28500,68.91174920189805
28500,67.11473849762385
28600,75.16819463362653
28600,67.38279269817296
28600,74.06843779751871
28600,70.24968571789601
28600,66.32624914646313
28600,68.04467891272195
28600,72.6475411845431
28600,70.20129830483862
28600,71.02657837212622
28600,74.36044504229656
28600,74.41209590101457
28600,72.11441579361251
28600,68.33989049100151
28600,68.24889068055518
28600,69.64867935314696
28600,72.16189747891158
28600,70.96109738932674
28600,74.71058284787499
28600,68.84188107046842
28600,70.68758651417902
28600,73.62661450936932
28600,67.94518116531192
28600,70.6767435775907
28600,66.2414861606992
28600,69.9921560768467
28600,69.1909452236007
28600,69.43440294329254
28600,72.60930920200262
28600,72.90204132104999
28600,68.87507130275685
28600,75.01181443588486
28600,69.80536705655793
28700,73.52982393758407
28700,68.24622026944365
28700,69.17984621921599
28700,72.28992089861934
28700,71.99568557812202
28700,68.11918259799246
28700,64.71435921511323
28700,69.23855277153825
28700,64.25648930990124
28700,69.34066436534256
28700,63.7862757905672
28700,72.37806160707932
28700,72.11061568827843
28700,69.41850820889861
28700,67.18180078727296
28700,72.33751470589851
28700,71.73839682996193
28700,69.33442434231294
28800,69.34508023830216
28800,75.43843381990352
28800,72.4789744829734
28800,73.00155539015356
28800,70.67951877518085
28800,69.59089159850328
28800,75.19038648411126
28800,68.7225662176459
28800,72.66000315206364
28900,71.55039230636986
28900,68.50867155769205
28900,67.7847274847436
29000,66.95731059242998
29100,63.52555764534246
29100,72.12967128211112
29100,69.66070922020542
29300,70.60727903758136
29500,73.33242728585397
29600,69.49337983795273
29600,75.20563180754993
29600,65.82704483890181
29700,70.36201090117382
29900,69.44032487914713
29900,71.9021774372001
29900,68.23530260279888
30000,67.58208874924496
30100,70.7784554902929
30100,67.96398346973582
30100,68.64410315965964
30200,64.64033590586239
30200,70.26801947026073
30200,70.3720905580618
30200,70.76293551943604
30200,66.91833685447564
30200,69.6665674682367
30200,68.92187140553595
30200,70.34127910753853
30200,67.34331505183917
30200,66.27893554831998
30200,68.05072888091301
30200,70.90926591554918
30200,66.79726429129113
30200,70.20610463726729
30200,64.81508148340168
30200,64.0422760737384
30200,70.4495498402581
30300,68.71765837531855
30300,69.28941412447676
30300,67.50923183837891
30300,70.17532254595304
30300,64.58744451917407
30300,67.33643351999524
30300,68.29977214148012
30300,67.36020572542363
30300,71.64743700685138
30300,70.15185309125754
30300,68.01726280712622
30300,75.50853859289231
30300,69.74546727456529
30300,69.8894362033717
30300,71.14204346862523
30300,68.74405741473548
30300,68.56900146457455
30300,70.83059127786426
30300,75.31294290684521
30300,67.81188172919381
30300,70.6989882300649
30300,70.807561152325
30300,68.6181737050469
30300,68.42349203562647
30300,67.31902246914407
30300,68.69375177324007
30400,68.7202473148696
30400,75.11169622051948
30400,67.50897122805812
30400,72.50776550948737
30400,68.50035194619024
30400,68.21046019959212
30400,70.51075265482726
30400,70.59535752019278
30400,73.23271989145482
30400,66.98196443886201
30400,72.98644383429932
30400,70.66798171802527
30400,69.67338940039083
30400,68.63002789389793
30400,73.69706280570222
30400,71.6243525594053
30400,65.33408704031889
30400,64.28012356419592
30400,68.94879412796796
30500,69.52000707044255
30500,67.41054976455979
30500,69.41479557367666
30500,70.84555519247023
30500,67.63638504573892
30500,69.27648665293664
30500,75.41804103401076
30500,72.76125384295531
30500,66.99149840663361
30500,67.80766872474531
30500,73.62661990310288
30500,67.4849299793761
30600,79.5665271163819
30600,77.46434284555428
30600,73.2826459772709
30600,69.835400456394
30600,67.25639204313453
30700,78.8488452437632
30700,77.6898491565956
30700,69.31129855771131
30800,67.75381724680135
30800,78.94855571700788
30800,70.01926541274668
30800,66.19224902575873
30800,73.59048210040085
31300,64.48800408671491
31300,73.54971486788571
31300,81.35744866319305
31400,70.06918902120576
31500,72.57120371854896
31700,69.13324083603273
31800,82.92418739249565
32100,83.22073458758074
32100,76.80561000808011
32200,72.82909672074892
32200,78.36589981960019
32200,79.01170124750277
32200,75.27141107304568
32200,71.81356180178852
32200,78.77930999195917
32200,80.44093932305319
32200,76.35892526893481
32200,73.87742647282991
32300,78.68531771915094
32300,92.35783170529574
32300,82.63241032755558
32300,79.78777286006344
32300,75.83291194021494
32300,83.74701587841506
32400,87.39931251147728
32400,79.51429317568498
32400,85.92028854232932
32400,78.76802083502899
32400,88.01899091927895
32400,78.47838644468085
32400,81.9652810254465
32400,79.30452468087883
32400,88.33803805801536
32400,85.09692358441383
32400,83.16872855037818
32400,79.79767901831713
32400,82.55789639991985
32400,81.52201326344101
32400,86.75374272286155
32400,81.38847047063747
32500,79.63557447633762
32500,83.84776949525272
32500,76.6457935921142
32500,89.16104560915096
32500,84.71647545729432
32500,79.92475913884239
32500,80.14434077292265
32500,85.74286500115987
32500,94.1893981835532
32500,96.4494993006119
32500,76.90802572255399
32500,77.89157438684684
32500,84.95077135178778
32500,86.80828582223113
32500,79.88972493273144
32500,85.98303723013694
32600,90.99976599768631
32600,83.05213927577765
32600,78.52612870487312
32600,96.59349484124286
32600,76.58970929468643
32600,75.49440672757366
32600,89.27508497225476
32600,88.32993735960527
32600,83.59243876764432
32700,79.07699014816882
32700,90.55135299046161
32700,91.50210576618522
32700,76.79278249848282
32700,86.44421323241168
32700,98.23180395807734
32700,97.53076203633188
32700,91.68155204098629
32700,90.83973365527649
32700,82.30020845604257
32700,93.71201194146322
32800,100.7070845767741
32800,87.46352820629865
32800,89.37365536397662
32800,90.33798837145343
32800,78.49119114481438
32800,89.77334566814447
32800,84.37952299757322
32900,98.30832286012647
32900,83.90299868318344
33000,97.703579779098
33000,93.49759198659963
33000,104.53853724060299
33000,95.86958459922063
33100,103.07048668555129
33100,97.70123275577234
33100,88.9760318330665
33200,104.61969060446266
33300,92.60011493548465
33300,107.08363459896198
33300,112.36706702710927
33300,79.50138828211584
33300,119.80635519177729
33400,74.46398031607394
33500,85.72223084055562
33600,89.36260499267996
33600,127.07634802936033
33600,107.42446731224354
33700,86.56154587274092
33800,81.7051737204837
33800,133.3530094952598
33800,78.87247377494442
34200,70.90527862650036
34300,76.75027297625984
34300,84.87304351928535
34300,70.83911771492163
34300,86.12361496603843
34300,80.80452721135164
34300,78.82524425407138
34300,76.27672990985164
34400,89.9137795482783
34400,77.31957458885338
34400,78.35739936778381
34400,73.21580989303905
34400,80.2760778346605
34400,85.9577646140823
34400,68.22113422065607
34400,79.59090392989039
34400,71.19790747026136
34400,75.37200382611313
34500,73.72831624034698
34500,78.55548296830277
34500,78.248951323896
34500,85.39804955785084
34500,80.55332335361913
34500,80.17029101375788
34500,77.25719459317091
34500,78.8384266907034
34500,91.16194535934554
34500,88.57922526599235
34500,76.32220357791397
34600,95.59162732006807
34600,84.9104826882886
34600,75.3002164765545
34600,78.10808454592508
34600,78.84839462693219
34600,78.79816010560137
34600,89.01373853262616
34600,81.34319985693995
34600,84.26132606245567
34600,84.61299073727514
34600,78.58055678169559
34700,72.80102086679325
34700,78.94782781163782
34700,85.04434667158087
34700,84.24191732783245
34700,89.47769857034938
34700,89.6238484921337
34800,91.27847749653792
34800,86.41632175678875
34800,71.80366265333018
34800,91.42246937030406
34800,84.03918505550055
34900,85.15025639185565
34900,80.49466741614918
34900,86.95830869439668
34900,97.69698383735879
34900,95.11445902929752
34900,85.03486747513755
34900,85.11897892888895
34900,90.25616285717025
34900,78.38502290405177
34900,87.6365508630912
34900,79.73560971520543
35000,72.09174236185467
35000,95.09143402239873
35000,81.07400322457299
35000,98.18249779309416
35100,102.24958168338951
35100,89.9892179095358
35100,112.06535919452028
35200,103.82742762048335
35200,98.67628883454104
35200,84.39274739318422
35300,93.86053869880203
35300,90.17365423674995
35300,84.63709706970295
35300,72.41461427289491
35300,85.99010456077994
35300,113.03006347111027
35300,87.76209916245892
35400,84.46658984968471
35400,115.14457755379422
35400,77.92919717885837
35400,81.12072600715402
35400,102.6978930555286
35500,104.82597351932682
35500,123.721158899975
35600,89.4023881605266
35600,86.10757331940844
35700,137.55130427003766
35700,111.65184457474182
35700,83.21852425183513
35700,75.55016864656511
35800,79.50958508047418
35800,87.85742426363794
35800,82.62237142518926
35800,87.27928319668212
35900,117.1040878886755
35900,103.87545368566141
35900,84.31831507106595
36000,87.05448241342243
36300,75.74137179575817
36400,84.83099783488807
36500,77.40996560339988
36500,75.7413425529692
36500,73.00802476763695
36500,78.72209706770344
36500,77.97201992757924
36500,83.39564172941
36500,78.66120518546195
36500,83.47844387321453
36500,84.3119963220329
36500,86.04809507683754
36600,79.60970472372166
36600,84.39347142855016
36600,88.11286838467382
36600,86.35139634648782
36600,80.56824455964772
36700,82.26754438355091
36700,94.13509618412141
36700,83.78823159921846
36700,80.2214150333577
36700,70.65811764667518
36700,92.26066865566735
36800,88.10649239984087
36800,85.08177766861256
36800,76.01652791625895
36800,89.71031263322159
36800,85.31809719134235
36800,87.9292187447897
36900,82.68815123643589
36900,91.65982309827218
36900,94.5568680903062
36900,94.21302987805724
36900,96.3269786161016
37000,86.40536881198044
37000,93.8779943304684
37000,87.07360645055604
37000,87.9042876627748
37000,91.6900893610211
37100,91.00831781155854
37100,97.6736866543918
37200,94.58432862817162
37200,94.26342890743744
37200,90.16546158494715
37200,89.22982780792775
37200,100.14323964700421
37200,87.29975777100289
37200,101.60107216712795
37300,97.84496327157643
37300,102.36499411814674
37300,87.66547685613882
37300,82.42059164722139
37300,96.19609630943448
37300,107.31720971418308
37300,94.51857318029987
37400,103.7621910091887
37400,99.89200891615698
37400,95.89500026790371
37500,99.87802303373402
37500,100.50646681680576
37600,89.19128896371238
37600,89.68809818593206
37600,98.8088829290233
37600,101.61394755651389
37600,115.87772313362589
37600,93.26516618993747
37700,86.32539073364774
37700,87.25332462167266
37700,106.30753081173101
37700,108.32651522409019
37700,84.78331743215364
37800,105.23008814839154
37900,95.09396571552402
37900,93.75598266969324
38000,86.50954746476252
38000,89.64761554003199
38000,90.58295594094119
38000,85.49784355173394
38000,88.64734036812153
38000,106.37741277790919
38000,102.42385151856134
38000,109.25644849399806
38100,101.4957315700475
38100,109.26364274307002
38100,100.58237258881537
38100,94.36986326662051
38200,127.90741239774553
38200,86.87715603835925
38200,112.9407728664172
38200,113.68270416248704
38200,141.32310664001642
38200,88.504066930656
38200,83.96084871358819
38300,95.53636019476333
38300,84.23872728080434
38300,101.68496550819198
38500,97.56993429284809
38600,103.94085845074015
38800,87.84936986344502
38800,85.724681156978
38800,77.87311679246223
38900,92.77962048002294
38900,80.48833137812275
38900,87.34555865552295
39000,89.04850975331904
39000,96.25656140357198
39000,71.45660731792628
39000,126.71393441517095
39000,95.30553254525738
39100,98.05031999814967
39100,106.61111684406374
39100,103.24561068087944
39200,89.79401060211185
39200,96.97621057725877
39200,89.6712392927837
39200,73.21201322933743
39200,108.95629090112757
39200,139.40371895036785
39200,85.16269239520301
39300,76.44956642605257
39300,97.7329156995121
39300,100.8360206536398
39300,90.6649133727937
39300,103.53819214069478
39300,99.06419372870329
39300,106.22204548690183
39300,114.49718608116568
39300,80.98510662039655
39400,106.64593969644584
39400,106.9452791219877
39400,88.50819987505582
39400,84.11266321257396
39400,94.18974787077568
39400,91.99794098878856
39500,93.45128858261194
39500,98.15126795894845
39500,88.70527647716038
39600,105.80818437493286
39600,107.7160153583001
39600,87.41415019142539
39600,87.71121185111913
39700,93.77713675241456
39700,97.37863302252578
39700,95.48520337547782
39700,105.11178295471639
39700,91.39522317464852
39700,96.04169881403168
39800,97.08794411700242
39800,102.3554829119359
39800,83.99202417202652
39800,96.98347829103089
39800,120.14628552201835
39900,99.47289528655085
40000,95.72028579329557
40000,102.70744133020166
40000,87.21738471301697
40000,90.3746130176484
40000,90.14490053261798
40000,130.19674685618327
40100,99.2832836384072
40100,94.78936810350781
40100,91.59182366408108
40100,68.56528607255754
40200,82.7940709483308
40200,100.22882992842551
40200,86.81583989006798
40200,99.63621040087229
40300,83.74887849767336
40400,80.66508376436673
40400,114.35748805414705
40400,81.88092967466991
40400,146.45975663412176
40400,95.45586988341755
40400,95.3942436285645
40500,110.06982248203656
40500,103.74969900865914
40500,92.59172918842549
40500,109.85000201921815
40500,96.84812536280866
40600,92.98799831118872
40600,111.38496044894917
40700,96.21688202334387
40800,118.91041528364663
40800,105.3740268951539
40900,104.06413506764103
40900,75.65088823112188
41000,108.93905275221319
41000,108.19288157047295
41100,108.1975217222576
41200,122.86542013950977
41300,81.90215093437193
41300,80.05779370108753
41300,87.97393773262164
41300,74.67844228362605
41300,70.53687051669543
41300,65.87368575779924
41300,70.04844115396598
41400,75.78044525475588
41400,101.2573986829502
41500,83.21767932509873
41500,113.91124696358808
41500,95.40174764098633
41500,123.56536016459005
41500,66.83779492682935
41500,85.36683345142362
41600,76.09272804189627
41600,135.69969735191495
41600,67.32863427434151
41600,106.9142966782016
41600,73.1067569034695
41600,83.76586083222188
41700,76.43186384046695
41700,68.02389663864135
41800,137.44220991170207
41900,76.04531753666933
41900,71.37215419372653
41900,107.05525396587649
41900,60.71638567921135
41900,98.03088453691602
41900,99.79546837144156
41900,111.18307650370204
41900,116.02119864899608
41900,100.67422384030908
42000,107.30247280900763
42000,100.48341344121076
42000,76.26077686923934
42000,74.58690858113977
42000,100.33431780480201
42000,112.8007458051376
42000,103.62137718901435
42000,80.50968430637873
42000,116.00080242497317
42000,223.29090121524467
42100,95.81631205398338
42100,102.41384159609387
42100,73.35034409888117
42100,144.65657175479714
42100,70.39036481967598
42100,107.9762054846454
42200,107.2507574250784
42200,110.58358755462123
42200,76.32906054604898
42200,100.18925835770787
42200,90.1110798020378
42200,142.2910906661793
42200,75.49199607025926
42200,72.84730971242897
42200,75.76651683781967
42300,68.10822015147886
42300,110.39008152160876
42300,69.81330895893699
42300,83.16636675846988
42300,74.66813497819585
42300,116.92708949654522
42300,69.61953914948933
42300,69.69789935096628
42400,71.45490167228533
42500,104.33465601313625
42500,93.82834060089363
42500,108.77259948952522
42600,84.97567548616095
42600,99.83603203309946
42600,119.62009225958313
42600,72.01578185824806
42600,110.60646110013573
42700,105.9980501449255
42700,66.68240637385767
42700,83.1128876224376
42700,74.84581920825345
42800,119.4604268230209
42800,112.69163443981854
42800,76.28156420677826
42800,110.89931642741081
42900,85.84459114966668
42900,76.43878217564018
42900,130.2575429982276
42900,104.31117255056704
42900,124.89171615319333
42900,84.13081819320782
42900,66.40530428922945
43000,106.62858183121774
43000,72.2577582362928
43000,196.24429247734466
43000,161.07309215590004
43000,128.12346749085455
43000,122.8328733320131
43100,61.76185400764416
43100,75.79668564243707
43100,111.96703123441776
43200,71.2782617921751
43200,76.84233843988335
43200,76.08731950389124
43300,72.61166314538285
43300,76.30026080991922
43300,74.48120763910205
43300,87.71658149927313
43300,70.17501397114754
43400,68.1456182942996
43400,69.89962342694115
43500,75.38583171143061
43600,99.93941806681039
43700,103.6213193356693
43700,76.27743550898032
43700,80.60759143942255
43700,66.69498579556853
43700,70.57684012405308
43700,83.20035125386083
43700,74.85905792768206
43800,76.19809976126795
43800,75.15267069974857
43800,66.34533183325107
43800,75.48148732338403
43800,74.36496378128416
43800,65.97982389854782
43800,69.24148982648822
43800,60.24096499848468
43900,79.20932285256352
43900,71.61457035590858
43900,73.90611866989849
43900,76.62452682042627
43900,75.48772121963148
43900,69.22625339756708
43900,65.78692541483696
43900,76.43882372694281
44000,75.6099397518342
44000,75.8744710493849
44000,76.07166475031971
44000,95.68921841597052
44000,92.73615811637684
44000,68.38821146344416
44000,74.29478853474315
44000,76.26025581911757
44000,71.25791006953098
44000,94.3907147741838
44000,75.77975287287867
44100,76.11993934028405
44100,69.46000525780495
44100,88.40262846953831
44100,81.56817117274397
44100,112.6902773009714
44100,75.12022160765524
44100,79.92738197814275
44100,88.004153533693
44100,76.61852106353544
44300,70.4854046912618
44300,71.5127331681739
44400,87.81004343492069
44400,71.68826729603965
44400,71.71361213359643
44400,73.11640393363231
44400,91.93635311338046
44400,76.18331827101251
44400,70.10642503156558
44500,117.64193985239034
44500,76.30588629198783
44500,79.64136969327568
44600,72.98504329033152
44600,63.05723911147421
44600,89.25957544220662
44600,90.9931352078237
44600,75.98049346643072
44700,70.81799902623034
44700,93.59925256072218
44700,70.83466066041512
44700,70.58314306081941
44800,78.5621846056616
44800,72.19946383907102
44800,71.85519483150829
44800,76.14196386706689
44800,66.43385442273518
44800,76.14730893533512
44800,76.31116464150588
44800,71.68043331827857
44800,72.3675569145381
44900,68.71853267972487
44900,74.8934205469442
44900,109.37504707122304
44900,89.06732626390259
45000,74.3177357573821
45000,122.80926527709401
45000,76.90510435999934
45100,101.26796881114228
45100,106.84191288046377
45100,66.26579889572501
45100,76.01630333993155
45100,69.99809786465853
45100,68.04245392284761
45100,88.24451311315893
45100,70.56595181735833
45200,71.17188380179219
45200,96.46120657182102
45200,76.9977820796976
45300,88.76702075540017
45300,89.92412573474638
45400,71.67489032017201
45400,83.58904111708898
45500,73.24468436350482
45500,74.87713376190578
45500,76.0130156678639
45500,68.13530944281604
45600,76.55194162043158
45600,76.74033314260528
45600,73.00405651239748
45600,81.153772649945
45600,76.34882363747629
45600,71.63715677312375
45600,76.41244109420488
45600,76.20639388743346
45600,78.42657699459731
45700,76.70544130896376
45700,76.19509064473534
45700,121.90610468904379
45800,76.21086646888652
45800,76.4247401542818
45800,76.56390251559597
45800,76.56138533796033
45800,76.22045332405742
45800,76.3002743366998
45800,75.8409158779147
45800,81.21222623572353
45800,76.28986456562218
45900,82.36981951443053
45900,103.6992272325032
45900,76.23043549086968
45900,76.30844755683242
45900,76.85321260839491
46000,78.75648051618366
46000,77.79220157365206
46000,81.07257748638398
46000,79.35374850216895
46100,83.7666229803295
46200,94.60063370657024
46300,84.4467725779602
46300,98.64741880297095
46300,92.18948058000785
46400,162.23910730154964
46400,90.38283103462358
46500,106.2067351934952
46500,92.41706084177815
46600,94.2210600221178
46700,108.66502840814888
46700,97.25385578682041
46900,116.52988359138376
46900,106.45063074625901
46900,120.08145803114701
47000,115.16579835511072
47000,111.10447089935161
47000,101.35195930436542
47000,113.85378680827897
47000,97.27502725405503
47000,106.01254132498278
47000,119.58956241332757
47100,130.29706282498182
47100,117.91384405523479
47200,112.27000650273716
47200,110.02618017869287
47300,103.33580602790974
47300,112.40399204841532
47400,122.46625384960961
47400,118.14624970676081
47400,118.06237484792015
47400,116.43959210091617
47400,117.5684172878087
47400,125.99643640653306
47400,99.16019711688477
47400,130.0558787545696
47400,120.56809773619673
47400,101.00108019910951
47500,121.61989883563749
47600,118.28804916015612
47600,104.41259136414874
47600,104.71300563468131
47700,147.56535616740516
47700,123.70819835378646
47800,141.85193195186258
47800,90.69972372041242
47800,94.74483922993936
47900,94.62047800243303
47900,110.91833880174848
47900,94.00671530249525
48000,107.98478545275994
48000,120.04018044133434
48100,127.57042288461467
48200,163.86103185083024
48200,101.30825621690603
48200,110.12128314401139
48300,109.42337667250766
48300,106.49098761370152
48300,113.8474848314208
48300,109.10555883183024
48300,105.54882421617893
48400,110.38561284148207
48400,96.76206225939299
48400,128.73581435239268
48500,105.38031993571023
48500,113.17315810088627
48500,112.80641688879166
48600,144.23952433388942
48600,124.68353652329343
48700,124.77161870334703
48700,145.90655066951496
48700,97.24777542820888
48700,114.37883902868
48800,147.99937909348563
48800,162.28681759825798
48800,185.14554295120416
48900,153.89185547481617
48900,98.39186692659075
48900,131.5116702744151
48900,113.64693253116617
49000,113.09565238074472
49000,172.56349122536056
49000,193.75891966505438
49000,200.11240948347
49000,143.79437462374744
49000,136.1564196590522
49000,146.2576716390307
49100,115.1296668854162
49100,183.89904562456272
49200,90.77496899754645
49300,107.72045718202904
49300,155.93190070075764
49300,141.52892412717895
49400,86.82149229743364
49400,108.9899406811345
49500,74.87667142846732
49500,141.64919465374356
49500,104.17904545910056
49500,157.08867308231976
49600,111.59403001442696
49600,91.2594860290323
49600,116.55759818327472
49600,96.70701828635752
49600,202.82541791884992
49600,220.4756658767068
49700,100.69627682598544
49700,117.81928408614833
49700,151.89495882859558
49800,103.32387653470451
49800,167.33428005627698
49800,94.5289786607806
49800,187.65765140806369
49900,99.07749396806142
49900,141.18003357419164
49900,115.96265620711596
49900,103.764014905821
50000,111.50387303358373
50000,132.74363268377542
50000,100.59391218921706
50100,179.21780767874804
50100,169.41502624541238
50100,163.7470937742667
50200,103.90792996870313
50200,109.2408050087945
50400,101.03679459564528
50400,117.1316860190549
50400,101.74656408351461
50500,86.91190605192348
50500,98.52072036948469
50500,246.81866724539847
50600,232.86422156835442
50600,121.34453613866238
50700,75.91421759968722
50700,233.13672085316674
50700,219.6694409431268
50700,153.2686794302748
50700,98.1668494389685
50700,108.1494756634092
50700,97.679486589102
50800,99.50077293647686
50800,107.36891085110805
50900,152.9739018876777
50900,159.8481380578606
50900,149.0746747624851
50900,153.6138206006909
51000,98.74148100764725
51000,209.04704720685018
51000,97.47767982390567
51000,192.77640303543296
51000,100.14885367215751
51100,75.81878552429704
51100,92.19476208149955
51100,87.20762765052535
51100,113.20382679544826
51200,122.08117212881014
51200,107.80611554019988
51200,91.1235368811294
51200,71.67724951210545
51200,179.1849767889003
51200,76.21703329600408
51200,88.11944581826471
51300,137.37610746188417
51300,138.15150073621297
51300,83.58893334657034
51300,102.61906144931696
51300,72.99745302539853
51400,100.49618497732986
51400,80.4955182270496
51400,102.36605292580103
51400,75.49550125160283
51400,71.77088096888367
51400,76.35792253532964
51400,76.47481234936618
51400,147.9416694754629
51400,71.31150558277406
51500,90.66555272967845
51500,96.50443359893876
51500,109.01482326689012
51500,81.5829884404811
51500,79.80559618368802
51500,104.59087064182117
51600,76.50693626383413
51600,78.82896176098669
51600,72.21867676650186
51600,80.7825011950805
51600,128.28250752708917
51600,271.63931011373063
51600,159.09472127425036
51600,71.24079300484561
51600,71.26067176390242
51600,81.84453793751175
51600,118.91795992954258
51600,71.48806103036723
51700,156.27960986175106
51700,103.66904754321624
51800,71.71036142459491
51800,81.87546784058394
51800,149.15740163577016
51800,111.91232993426586
51800,86.74532721588685
51800,73.95170946086698
51800,226.05752151696458
51900,75.16204150620804
51900,267.92774416172375
51900,90.80685313435866
51900,71.37245625828372
51900,142.99270051392782
51900,235.8273223145302
52000,80.08014083512201
52100,212.89733514261525
52100,151.83590308645412
52100,71.57936250628849
52100,90.64803227931576
52100,168.79026334717585
52100,79.65200313949649
52100,84.06722809371094
52100,135.49869412633953
52200,71.00972695203626
52200,227.09104578746795
52200,222.7720616631179
52300,168.14961510183554
52300,145.28193309499508
52300,71.70860051703626
52400,71.54936125795031
52400,85.3216879539282
52400,78.93741490572442
52400,160.5113434669604
52400,71.61018448216763
52400,71.62549512636684
52500,71.40486936421429
52500,86.00204142070197
52500,75.87557491807542
52500,66.31159772570659
52500,88.2742179830176
52500,79.97960261762826
52600,79.28633458709511
52700,166.51902511440733
52700,71.89197581944799
52700,86.13127897069693
52700,76.48338271688581
52700,76.60047327574874
52700,69.81379342909187
52700,71.46121720324015
52800,80.60556212186752
52800,71.28138273562264
52800,232.35138815459885
52800,82.93392358540119
52900,72.6720069626884
52900,79.73781089737858
52900,85.22859892007655
52900,71.73005205265521
52900,71.23527279867449
53000,71.86100405288761
53000,75.81017164383601
53000,79.65494911568472
53000,86.46984922534706
53000,76.7842438517606
53100,71.452835534078
53100,80.75918902547983
53100,79.91994223837294
53100,86.918548274241
53100,71.23531004195188
53100,72.89143107238687
53100,71.67991050047537
53100,79.46988222201655
53100,70.109036196683
53200,76.53774347466174
53200,76.03363706074627
53200,71.31686699355572
53200,71.55320388123178
53200,74.9235886152002
53200,78.4195324960133
53300,61.49991360685678
53300,82.23549898661776
53300,202.51774555484306
53300,70.80112119232325
53300,80.47310536694644
53300,70.62769226089331
53300,71.7743030066594
53300,71.76959425662038
53300,70.95297669062458
53300,71.58887550024643
53400,71.68468110405865
53400,85.30863558928503
53400,76.37690996138042
53400,79.50255205433481
53400,81.47513411435177
53500,71.39230502069572
53500,70.62737610638757
53500,72.24108340660007
53500,71.51625716733629
53500,71.4486124916815
53500,78.40131626561359
53500,87.74694825117041
53500,87.98383047790391
53500,79.11826883080843
53500,71.5017332839542
53600,71.75583720573016
53600,71.45145095386684
53600,85.65034852533805
53600,87.72881907716719
53700,86.05442784883871
53700,70.3314811393798
53700,71.20804980005988
53700,73.02104814529173
53700,72.79665340814961
53700,76.34458766662047
53800,71.59618139600202
53800,85.94009065679032
53800,67.84650697205727
53800,71.60223183504249
53900,70.49847547550384
53900,71.32702832743688
54000,79.23516076713203
54000,79.16177593647635
54100,75.84714853735116
54100,85.19240922885089
54100,86.13436545726931
54100,74.22491289931553
54100,71.02622566834724
54100,71.46803433782672
54100,71.38271857669586
54100,70.96822198139256
54200,71.58251617771919
54200,91.35841330437984
54200,81.8945884162738
54300,75.28198149584622
54400,71.39458973330672
54400,74.01725184868214
54400,80.38850692191015
54400,71.45809042035762
54400,86.96447060699437
54400,78.76164687655582
54400,79.59716808279173
54500,71.60058833999138
54500,76.42577141415629
54500,75.88558747730475
54500,71.51967278588639
54500,76.73805259537245
54500,71.67244223890557
54600,79.54773453691269
54600,71.63890758864186
54600,71.39697687506303
54600,84.40208816174221
54600,86.73680773500537
54600,66.80142105483436
54700,71.40629928527245
54700,76.13488956884417
54700,76.65257970463584
54700,76.27058935222824
54700,86.0051457529102
54700,82.34314659985816
54800,117.07797464223093
54800,71.66113608170936
54800,71.55237441838194
54800,70.54332926531606
54900,75.1239399777192
54900,71.66778714690997
54900,75.39842258365508
54900,71.40971673298678
54900,80.54970691529884
54900,65.11029335223677
54900,71.47957926886495
54900,66.72167655504167
55000,71.49329885978491
55000,94.39088331160386
55000,70.99459508550157
55000,71.46207670920508
55000,75.3928292424002
55000,71.56095487272269
55000,71.4431761510396
55000,81.42729561426789
55100,87.96439830452447
55100,86.02609279318906
55100,86.38994435109045
55200,71.71057368920503
55200,71.63634111669498
55200,71.50557101521073
55200,74.14480230110604
55200,76.55663880454154
55200,64.15882138111864
55200,82.08366829335951
55200,75.76284004019227
55200,87.45056516227174
55200,86.12045272906205
55200,76.54441657533766
55300,72.75357743412432
55300,86.19522988266806
55300,71.30511645452826
55300,74.0111685966736
55300,71.35207871758611
55400,71.28044978943943
55400,71.59743721213563
55400,74.04725037151964
55400,81.20311230907754
55400,79.39605988490177
55400,71.37452327424303
55400,84.77762836715631
55400,90.67433676582671
55500,85.87874655800353
55500,71.7159780664397
55500,93.78577879602203
55500,76.97360903334469
55500,84.96631386190593
55600,71.5579884033657
55600,80.67085900880913
55600,81.4243688581634
55600,71.47732633402724
55700,71.43386237799704
55700,75.31289228089173
55700,81.0718854755778
55800,75.38473087474758
55900,92.66692007760435
55900,73.70967852749196
55900,75.51696076375815
56000,76.4206759027166
56100,85.47601754857664
56200,86.11450808428722
56200,75.3676723535142
56200,89.64197685054647
56300,80.39985574404568
56400,86.6845561673374
56400,83.62071825064542
56400,81.19181448527809
56400,92.50676017565692
56400,101.16062830491525
56400,93.39170244648247
56500,84.70368589845543
56500,108.05409823495829
56600,115.11528207901297
56600,86.43011305978935
56600,92.00321998167371
56600,101.66964630060248
56600,91.87708141912901
56600,86.10406141889939
56600,91.36949404808068
56700,89.6846544862831
56700,79.85180101289133
56800,89.42707835374017
56800,99.18608022940292
56800,89.9738770791834
56800,78.18076550980294
56800,80.28343113551495
56800,110.36669438287961
56800,88.33069806815416
56800,85.27106086688903
56800,81.14934481860813
56900,83.79816533081446
56900,85.77569533724025
56900,95.41248975098773
56900,91.39867122948542
57000,81.86670046685167
57000,98.47532597359289
57000,89.31439393174082
57000,86.32443755888082
57000,92.76247694594325
57000,103.3187282834455
57000,84.65154042154685
57000,78.71287320692547
57000,91.3516126593715
57000,85.40514516097788
57100,91.39484669216455
57100,81.21105607923101
57100,105.33915896740413
57100,90.75194376298013
57100,85.27375665706177
57100,78.54086740230134
57100,82.40884697314802
57200,79.78747543743587
57200,95.93225281256979
57200,114.9480678127131
57200,81.62930912722985
57200,85.33338823155442
57200,127.69405835353922
57200,91.24839016682988
57200,85.7314042182385
57200,85.91642009414208
57300,85.04507903432591
57300,83.46639957731857
57300,90.81392742367414
57300,89.36325505341676
57400,80.48037463041732
57400,116.08669409723649
57400,88.64617838529097
57400,95.13681842695021
57400,83.88640633682012
57400,82.8182840204628
57400,84.69880213966873
57400,83.50942763619094
57400,86.83763258318704
57400,81.62413642309706
57500,86.21668628020478
57500,90.08796526948333
57500,86.12579713937126
57500,86.45072799385392
57600,86.39437849953285
57600,96.54380184925807
57600,90.63006010347327
57600,83.96347256586547
57600,81.10520320363796
57700,93.41370043045104
57700,90.5824546125252
57800,91.13970160100406
57800,90.1885762423655
57800,90.20019342061634
57800,109.33421584345525
57900,84.95694173712495
58000,125.02855174144429
58000,147.90010195546756
58000,100.03270638666486
58100,86.6750063385641
58100,79.37604926736631
58100,96.37690133892072
58100,81.25198151267855
58200,110.32274226068508
58200,83.93899751329633
58300,139.62176389949136
58300,99.59113610943778
58300,104.3766781055503
58400,78.48452894217768
58400,80.2140112334322
58500,80.65899663145153
58500,78.85322320166082
58500,89.90715638514477
58500,90.34912416279349
58500,86.61616442119792
58500,87.77413122347797
58500,88.0909732458181
58500,78.6543789734634
58600,84.10771051070589
58600,84.97054648734655
58600,83.95868236054513
58600,86.15266622802028
58700,80.50225457699665
58700,80.027298006121
58800,82.29919481725506
58800,116.35610577390345
58800,87.4792354008865
58800,79.26910418225792
58900,81.41651320140464
58900,85.24956229946099
58900,90.37276366349195
58900,89.79716040073104
58900,90.2851383762131
58900,85.71270041696043
59000,90.18496971076416
59000,93.29777305061977
59000,88.95040105928203
59000,82.71120142909635
59100,81.19697517261953
59100,89.70069417870246
59100,98.21820033823039
59100,88.63719340071765
59100,92.49683130847092
59100,85.92742572917028
59100,91.99378690914783
59100,80.82564533791549
59100,85.32756498004865
59200,85.36966739350274
59200,80.43792340441104
59200,84.92887207833955
59200,91.33246648775439
59200,91.65594858576215
59200,84.41391250066782
59200,78.8886788702197
59200,88.15908472419062
59300,82.01066120711674
59300,85.12094724961283
59300,94.17406435659521
59300,89.2478398700711
59400,87.14671175606344
59400,84.19543000774134
59400,85.49505437201633
59400,99.43240036138654
59400,79.85468107262416
59400,97.05896927970807
59500,84.7135430105162
59500,80.26519561638217
59500,91.70150181709798
59500,88.72617578932777
59500,83.69328823211418
59600,85.01970112195787
59600,119.40492032585978
59600,79.52239496700744
59600,97.16839246407297
59600,90.85506955794402
59600,85.09945991957937
59600,82.39811274084866
59700,84.13964260782629
59700,96.07214723988567
59700,114.37004268314843
59700,107.24622105893641
59800,92.15616261796329
59800,84.82805237523986
59800,78.40384598026846
59800,106.19540636756096
59800,84.9382737986597
59900,80.65676161574186
59900,105.63389877385481
59900,111.2823078088373
59900,104.31698462452935
60000,79.51688661887736
60000,109.25068874721894
60000,83.095648121708
60000,75.33854513976165
60000,89.52088467364007
60100,78.63621204649492
60100,153.94659081455293
60100,85.68378421848477
60100,86.04159708241632
60200,85.99805367021061
60200,78.87440473658202
60200,79.70278302029398
60300,83.91993559449041
60400,78.90843994661908
60400,100.83965503170698
60400,85.1484504436541
60400,79.94496624551614
60500,84.15630013402523
60500,87.87493103549549
60500,86.23699156501219
60500,84.03675682270796
60600,86.05723615971928
60700,86.6024891136186
60700,76.59210436706668
60700,91.31823392636647
60700,78.88662699226228
60800,78.69229333188606
60800,83.17354392722586
60800,96.23585953251508
60800,91.99023177579653
60800,76.62160263670438
60800,88.64142118156562
60800,84.97051524535834
60800,114.55337606628545
60900,85.77081042319027
60900,83.68401611925563
60900,70.4130627449344
61000,79.02464952480105
61000,77.83720160323682
61000,84.5652293936433
61000,81.95653793074128
61000,77.8775769565236
61000,81.06770588016363
61000,83.8659856643728
61000,71.57637882410371
61000,73.34083070063095
61100,77.76632425627169
61100,85.69833550991756
61100,77.39563351626373
61100,89.6387424814458
61100,74.25876320721835
61100,79.1552372142158
61100,160.39194453440092
61100,79.68327312237903
61200,78.34341479686081
61200,158.6666900530861
61200,79.8650385429135
61200,85.50025779719118
61200,70.99428738909417
61200,79.54888870331527
61200,75.79210554103821
61300,71.41873374362756
61300,81.57292130102167
61300,80.8329163841816
61300,77.71195243213842
61300,72.0658240833764
61300,79.68537076642716
61400,74.73486625674548
61400,84.48268294631464
61400,75.47724902154606
61400,116.62244412738144
61400,72.42702966101456
61400,75.55823471602554
61500,79.06917443429307
61500,76.96462937569551
61500,81.00520466438547
61500,85.26393870037059
61500,75.22781425471672
61500,91.25299621595708
61500,71.56424085144641
61500,76.23704073155346
61500,72.10196296116861
61600,77.81553922698896
61600,103.34028336402328
61600,81.98818621546754
61700,78.51354357144105
61700,78.4594074977256
61700,77.40474022623755
61700,74.84800820850671
61700,78.85395320661466
61800,77.00296814035745
61800,71.46352149927232
61800,78.80362137550514
61800,73.73191463650599
61800,77.17162585095558
61900,72.90698763696986
61900,81.55201550498421
61900,75.50949350587096
61900,79.52894204106387
62000,77.70968126370529
62000,78.72038282585517
62000,70.31053268093797
62000,79.44664214944692
62100,77.28538628569606
62100,72.43423231141568
62200,78.01995151349801
62200,69.98993571883774
62200,151.92855085603153
62300,78.6995597619007
62300,74.59945444181912
62300,74.20639448254906
62300,75.28251921386071
62300,71.99027701538401
62400,140.05192806382846
62400,72.25067819533515
62400,83.89033190547771
62400,75.16566108018472
62500,72.90657392109502
62600,73.08493009374341
62600,70.13073930471067
62600,71.5835884241041
62600,78.08925627151466
62600,72.28233902583113
62700,75.10977996798717
62700,74.80756694839828
62700,76.28707412455832
62700,75.03138937240162
62800,80.82035240658607
62800,72.68826688582917
62800,234.29368490921638
62800,81.42202431181897
62800,67.69849655903218
62800,80.25529233003944
62800,73.9916420494488
62800,178.6511726368335
62900,66.40793010359036
62900,76.73366123657276
62900,77.54503009930724
62900,81.47914739446882
62900,79.18866731728734
63000,81.58630830373068
63000,70.15557707163069
63000,78.55203901707158
63000,76.4575701926496
63000,73.82126085628768
63000,85.27391517626592
63000,76.77618182866006
63000,75.03422944093728
63100,72.10368292559205
63100,70.90449073263848
63100,77.4933371929072
63100,68.18108306581333
63100,70.36614457262037
63100,81.81561843353317
63100,78.6766793322804
63100,77.73904345156186
63100,78.02887282308097
63200,172.37404744475919
63200,77.21446372259797
63200,82.81536335550703
63200,75.84202848096187
63200,76.333998140827
63300,80.47284118859662
63300,77.29097504127986
63300,75.5891565746792
63300,73.25359495367599
63300,78.81026520601374
63300,71.62434001944973
63300,76.76418988106444
63400,82.53604856166486
63400,71.89540029728448
63400,79.70885730904493
63400,94.7307790651561
63400,179.43900361877684
63400,75.62555699698578
63400,78.33073530838284
63400,79.43361861405752
63500,74.30133876778403
63500,72.47585554927305
63500,79.3193568764465
63600,77.46058736035572
63600,79.38203466273451
63600,86.76706201955746
63700,76.62963458663052
63700,77.44434392472219
63700,158.19185581481523
63700,73.80787992399001
63700,66.76764431975778
63700,77.47629930840148
63700,82.20815594019295
63800,78.96317903493316
63800,74.88284907594911
63900,74.02483999490934
63900,75.98642377837818
63900,76.24418120290004
63900,77.71439393617531
64000,70.85991312869577
64000,79.76437065023092
64000,83.0321573651285
64100,73.26282398669622
64100,79.83560747782849
64100,71.96894229863705
64200,72.44981104875576
64200,78.92483167795228
64200,84.83033088969803
64300,76.0084257744299
64300,76.62624738042877
64400,72.90046497547795
64400,82.048621477176
64400,77.61424376419657
64400,70.66011649400386
64500,77.53808374401167
64500,78.8064764151771
64600,80.27035588961273
64600,80.25149841938222
64600,80.31572181621102
64600,77.22746418847146
64600,75.1048667198346
64600,83.29564650013296
64700,73.71592698048889
64700,78.35629261941982
64700,75.44239996888666
64700,67.63341717793719
64700,77.37480398327153
64700,78.122651890324
64800,81.0089130589934
64800,83.1159184168683
64800,82.10885198458607
64800,77.5860923528367
64800,80.59436445715417
64800,73.11856281644391
64800,80.55176988990095
64900,70.18530591586516
64900,76.45311896114652
64900,79.5512125912561
64900,70.5510024709997
64900,72.1232827596956
64900,79.2225807590004
64900,80.04391727861092
64900,79.30053635982942
65000,75.09352015224542
65000,77.42980859978985
65000,77.10743615223382
65000,79.39259079529864
65000,76.14053853064492
65100,79.09417604524339
65100,78.00111297010334
65100,74.5808403826519
65100,74.11190002995588
65100,74.8262740268455
65100,78.7744321947912
65200,70.64178705326376
65200,79.32208036048418
65200,72.23506544578674
65200,72.05241721357699
65200,79.24465308957555
65200,178.37394476706953
65200,78.8764327468612
65200,71.10979624665217
65200,76.13772646212622
65200,76.65492172450655
65200,75.40469968251585
65300,70.61681482894494
65300,74.506544288385
65300,77.46875407840372
65300,77.52129205884236
65300,75.48705949504604
65400,154.95721197685873
65400,71.53155121882587
65400,78.61488277970597
65400,77.11225582740548
65500,75.42451800514158
65500,72.12775143982411
65600,84.68438436251861
65600,79.69916476324677
65600,71.77504107098335
65600,77.13495689786318
65600,78.5221840064599
65600,79.30632878208668
65600,78.78927217372052
65700,83.788655397763
65700,75.41705534223185
65800,232.43280805585687
65800,77.62749109954048
66000,81.44726747834295
66000,82.2976993251201
66000,219.95383170980818
66000,75.73941312553373
66000,81.7156966304181
66000,80.72324740623829
66100,185.04585868280228
66100,85.47833623908414
66100,76.5098577502828
66200,215.05075320209792
66200,90.9221006856511
66200,84.90007245105434
66300,77.08724013101481
66300,84.14987642634426
66400,84.29464488897004
66400,82.45773227372169
66500,90.1552828558859
66600,79.80156582085
66600,84.09383386036448
66600,84.2692793864523
66600,82.25127417028688
66600,76.10474754823608
66700,82.39671884812206
66700,79.50625739619815
66700,84.29608002160148
66700,79.11942249299581
66800,78.71491962529117
66800,89.24673196328072
66900,82.85099314351044
66900,84.8039093906825
66900,72.96752995156923
66900,83.23825738742963
66900,85.95787528435659
66900,87.29332587072653
67000,83.3309374236236
67000,83.42545596897111
67000,89.48867426046242
67100,80.49498537265161
67100,90.17325548979628
67100,214.0063446732485
67100,78.44932732353459
67100,79.18429291529208
67100,83.60285276400174
67100,85.64461239878227
67200,78.75059895867439
67200,79.55426222663473
67200,242.22061729360811
67200,79.74077919219134
67200,85.11287473554447
67200,83.66988804707417
67300,89.66784833514467
67300,90.65101994827258
67300,102.33553982493697
67300,85.38204987778235
67300,233.84200438666326
67400,78.28997603410616
67400,83.37698757404995
67400,102.46210250264309
67400,83.84368851221444
67400,88.42416525994008
67400,85.1854175778777
67400,199.5441111622966
67400,97.24275098084095
67500,83.26862408795768
67500,77.1094368319969
67600,84.87248488587731
67600,80.91249914255961
67600,84.93464642194803
67700,90.3772750918755
67700,87.55930436904482
67700,85.13579414156884
67700,87.48997717604482
67700,108.58613232415168
67800,84.89266710636271
67900,119.62305923954445
67900,79.42098656973283
67900,88.81289369551628
68000,84.24342089270532
68000,80.46442310400337
68000,81.1543821460474
68000,159.71176068878393
68100,79.42502407397365
68100,74.8067053429301
68100,133.8775152713984
68200,84.59385796704112
68300,89.30163332932496
68300,83.72005380057395
68400,98.33323057960732
68400,96.52006030216154
68400,88.2664054910404
68400,83.95587078797395
68400,77.2807260344398
68500,88.70233042135403
68600,84.36416203114969
68600,249.05922878246398
68600,77.7877390544285
68600,260.24498503906204
68600,80.58318868910386
68700,77.9495434479768
68700,82.9880569202555
68700,89.64996179251358
68800,85.41780201957314
68800,80.74094651296633
68900,91.29439045252458
68900,82.37157672550217
69000,87.20067017636461
69100,81.75624848012542
69100,82.75388656564438
69100,82.55544255722687
69100,84.98543278359436
69100,79.85478608978046
69200,89.57697857326164
69200,84.8304688947251
69200,192.09425880516093
69200,86.11612243779653
69200,89.58177750862534
69200,79.8252197911547
69200,101.15909539508763
69200,82.62986422093611
69300,198.8898505902619
69300,194.13860416107272
69300,81.6808694640988
69300,81.89950794148054
69300,78.7561908361549
69400,224.50869424299347
69400,211.40005211065736
69400,85.54501914098796
69400,85.96711053745777
69400,84.86089600640241
69500,86.99014491098718
69600,83.44363075349138
69600,83.4420993477868
69700,205.91206168750946
69700,171.49156358065017
69700,85.79440789306295
69700,83.0729820927249
69700,85.42054864796926
69700,85.53222390600328
69800,174.3984513968549
69800,212.8211780462643
69800,208.91936671001858
69800,105.91275700885575
69800,272.64605375144515
69800,192.99354841490097
69900,107.37466746939846
69900,90.68051568396471
69900,173.5233660039527
69900,123.72253529568766
70000,88.72381068885524
70000,82.65746522626249
70000,82.11245037394168
70100,84.71776508637528
70100,96.36043656769657
70100,93.72105500545166
70100,200.42898412759638
70200,208.9472555034169
70200,207.27966051278494
70200,77.53221459334472
70300,212.61469531078086
70300,208.8290741321484
70300,76.43266898454938
70300,84.16096237407027
70400,93.30037961762652
70500,86.03409254173211
70500,88.01016508763414
70700,83.41334286645787
70700,88.55543999806592
70800,83.96025232716315
70800,82.3918232818792
70800,84.47606892391727
70900,196.13208910759698
70900,199.54892898384927
70900,231.13281266582635
70900,92.14461466252737
71000,274.5433549323712
71100,90.22065701967787
71200,77.11557849562227
71200,87.76999898935733
71300,86.4787438447407
71300,154.2397577862235
71300,84.78329756453556
71400,86.43825365339869
71400,87.56278973201135
71400,80.9313851654789
71600,83.07424773962383
71700,176.27581294140148
71700,193.46772320788764
71800,82.25650230530947
71900,88.70113159725994
72000,90.61013940640795
72100,186.3853338264814
72100,212.58790762980468
72100,95.87025161313751
72100,92.56838620886259
72100,238.73518900103204
72700,221.02967260249147
72800,249.75097741691965
73200,261.1577362370053
73400,222.2445119655986
73700,316.03224825194
73800,228.19040084892626
73900,263.8200333676777
74000,309.09952174550983
74200,288.8482217704425
74500,271.64634400793955
74500,274.13024748262893
74500,350.7601637014281
74700,300.3943231566166
74800,272.5407339562418
74900,259.36391481713696
74900,288.42155007732094
75000,341.74940854606245
75100,266.3891061057358
75200,351.50754725655395
75200,314.2306319033531
75300,260.2678026983721
75500,259.8877016668664
75600,256.3329511446558
75600,246.22635049520866
75700,318.4662346206623
75700,296.8380349144767
75700,309.58075246435726
75700,263.9539825879306
75800,245.34007303256007
75800,315.7721352279935
75800,266.4879371595974
75800,334.60540113268877
75900,268.7994638219175
75900,264.3804109548812
76000,314.23133845859246
76000,322.9232182173012
76100,274.98583140718483
76100,267.00247561557705
76100,218.48733237842376
76100,257.3456895917388
76300,262.42106122847275
76300,269.2465782285273
76300,346.4640492702492
76400,327.49862804941284
76400,269.39433620029956
76400,272.83756661433534
76500,398.9416744845071
76500,297.7407773333402
76600,362.1993934407767
76600,222.20204081710145
76700,251.21164357336528
76700,319.67169117625616
76700,356.83337632488957
76700,280.80549294842456
76800,379.9559731756683
76800,298.0196998889818
76800,371.49252373970063
76900,241.1165411187016
76900,269.3355245445638
76900,256.82880345572465
77000,340.3036020252471
77000,252.7639565654728
77000,258.6635219215853
77000,243.7801340225782
77000,281.7859258569328
77000,341.08134550307705
77000,352.68460332713227
77000,270.04535854834256
77100,284.6399023328812
77200,330.341041888089
77200,230.8755795592533
77300,372.8223570582988
77400,226.01605464188822
77400,278.68156608777815
77400,338.7660603451185
77500,250.937191535667
77500,276.44242073203384
77500,257.41165383791935
77600,384.2465879924674
77600,401.23767134213455
77700,252.58095205728367
77800,329.91307619085455
77800,241.11565494107012
77900,249.15134960033197
77900,265.6310299975368
77900,263.3816532287914
78100,340.6052260161049
78100,286.0434090994009
78100,368.70886511196346
78100,240.64154319468943
78300,426.76411919275495
78300,318.41215831931527
78300,265.41819974301114
78500,325.40925314574923
78600,397.3716383528085
78700,401.7274967745534
78700,385.39626884765977
78700,233.46517738838173
78700,210.3378120838455
79100,429.6461223080986
79100,283.2428192271817
79200,228.49727922344218
79200,250.29244900108498
79400,434.44453757990846
79600,226.14155443999474
79700,409.6280491993031
80200,263.2237690667063
80300,260.7994843686714
80400,174.50236996398138
80700,204.48848801726353
80700,279.6229082888856
80700,248.39817343585278
80800,310.6009665155178
80900,271.3505153326106
81500,177.77503440446512
81800,267.0552116482852
82100,288.2942783485971
82200,321.6345911945355
82200,354.291667883746
82200,187.88894631039673
82300,224.04619259698148
82300,332.30498992257964
82300,549.0809283427291
82400,176.1933954042107
82400,354.4798211354657
82400,384.74839142142065
82600,303.35464407609993
82700,296.72659979523706
82700,281.5980342667261
82900,265.69107782018773
83000,367.5228940800955
83100,342.04544736734454
83100,261.5811160555089
83200,320.5551334621871
83400,368.93602015741186
83400,341.3576740109677
83500,307.60429333402254
83600,344.41673229036985
83800,341.1662018464501
83800,271.5186646733391
83900,216.8970408415952
83900,376.22200907603695
83900,382.438287315704
83900,319.7853715537239
84000,279.88251408207003
84000,322.89518429990886
84200,321.3743719406741
84200,338.69321080657414
84300,329.3394059953444
84300,338.4786462580087
84300,361.8197190351867
84400,339.7478776135953
84500,373.3838171287176
84500,397.1240576323365
84600,317.90671552996275
84700,339.685080692418
84800,274.2121498104685
84800,250.13747432649703
85000,358.4310895784503
85000,364.7895469168244
85000,337.456069933511
85100,269.01959580540046
85100,444.1808114639158
85100,380.74233412038717
85100,401.5016719832373
85200,365.68369088495
85200,314.849607468348
85200,345.32429713727043
85300,411.97319876364577
85300,393.5008404896984
85300,448.6445880359542
85400,342.57250550226286
85500,321.09042393406287
85600,380.8880890487114
85800,400.37908732915935
85900,229.61416853875184
86000,352.5689210702705
86000,489.1586533071857
86100,483.9296517110052
86100,405.93299304220756
86200,319.75249551993716
86200,329.15824297464883
86300,382.9865559582977
86400,350.20099776713374
86400,319.42826233265214
86400,484.6017944965986
86600,278.60116369638274
86700,471.21280006659237
86800,511.66232410738684
86900,439.10276096774345
86900,489.29819859438385
87000,452.3619227273832
87000,373.55844163774515
87200,306.32317184630716
87300,296.59420560573034
87300,313.2925054251523
87300,415.167203701084
87400,509.93464531754375
87400,410.32530013454704
87400,394.6079786792298
87400,310.13277353539576
87500,349.59504607996905
87600,349.597761223786
87600,464.353380574333
87600,455.23047295164827
87800,266.26476906945544
87900,270.3091629967201
87900,409.36594304901644
88000,460.17066778914307
88100,273.32153116367715
88100,315.6686777577628
88600,281.3680536344592
88700,302.5665611500568
88800,217.08277307790357
88900,583.3483869192681
88900,434.6908409919612
89000,299.8211486107301
89200,334.2932110596878
89200,568.901276903859
89300,560.8382786376178
89600,394.65830703268193
89800,355.06220991530444
89900,275.72563073230805
89900,388.01267792669216
90000,623.0182406759835
90000,306.99904212533755
90200,307.30250789652064
90200,366.0125453575444
90200,273.6760660820075
90300,286.9111366554684
90400,332.6814513181107
90500,348.6733508845628
90600,312.02697641072353
90700,317.7272574825755
90800,345.9782888087698
90900,395.09945933554155
91000,340.8377783683095
91100,379.5495903135053
91200,279.11733564691076
91200,393.66097691934857
91200,324.8978090130058
91200,331.98583590134837
91200,343.2761182111299
91600,375.0241054833356
91600,395.53485704630936
91600,439.8604659568401
91600,332.2307820869837
91700,514.663885014286
92100,327.77941774926694
92100,374.9621261398318
92200,378.15558999316187
92200,379.301658935648
92300,270.72876991345845
92400,340.9283393634077
92400,347.33265776733344
92500,430.065401312571
92600,367.9369653555395
92600,353.7258179066355
92700,341.55822613692834
92800,363.78613028161743
92800,404.1249054339294
93000,275.4306176117143
93000,526.3011262194462
93200,345.7047902326677
93200,321.10167332477187
93300,396.55596749015893
93300,352.2196216881473
93500,459.55421187610256
93600,370.76660070457024
93600,384.45241669087875
93700,367.3424253704937
93800,377.8508320219494
93800,417.88929117648723
93800,337.9117968699712
93900,329.732414596828
94000,363.6524633059562
94100,376.71567954869914
94100,359.75068406516107
94100,361.92695384933455
94500,376.97288946448634
94500,436.3679298595501
94600,384.75786902028216
94600,219.12622576000396
94800,269.9273858653925
94800,337.8137513261716
94900,469.15288441476343
95200,243.90552836086
95300,251.1060014290318
95300,332.3196173459603
95400,402.65974813738006
95400,370.26838863656076
95400,371.9956246625804
95400,356.05723920143197
95500,346.5177436500989
95500,334.99436669380833
95600,346.0158058082538
95600,312.3338947339987
95600,502.67643925869794
95600,385.4097147991851
95800,371.4353051215708
95900,271.663431229972
96000,398.0192443957313
96000,299.19199275642296
96000,360.928819649029
96000,526.2069195153219
96100,463.81323191504174
96300,398.65035925419886
96300,377.0377775416925
96400,486.8942529255453
96400,311.05188750923196
96400,361.6079871242354
96600,294.84412790806385
96700,455.9085006766895
96800,430.65136006740033
96900,331.1486347808809
97200,486.25799314345437
97200,401.4329631642329
97300,301.22199493321796
97600,289.1159560947097
97600,295.0593811987079
97600,346.4624085190736
97700,375.6489225155182
97900,358.0999704311596
97900,300.39207373211764
98000,368.8322378072009
98000,404.86248859610794
98100,397.7362426833389
98400,288.03541768039895
98400,494.3039705839651
98400,371.54533019644396
98400,358.5405161974969
98500,199.78319493410174
98600,307.83052471843877
98700,350.3495018040521
98700,314.7933646442509
98700,368.29838627623644
98700,431.87471589936786
98800,281.59356889716406
98800,481.3902381016403
98800,331.0490911390365
98900,375.2631069823699
98900,311.50350060621724
98900,371.3598152413758
99000,421.61087218980015
99000,308.5211891801357
99100,295.05896306504195
99100,412.9170258096194
99100,315.0599532616335
99200,292.55803166923755
99200,433.9350453021472
99300,235.1973361010132
99300,373.0679319014095
99400,329.95010409127383
99400,194.19997483624144
99400,236.2707893074098
99600,173.8433099167662
99600,312.81266752237457
99600,213.31738424977274
99700,298.13713265626075
99700,393.65090490634987
99800,303.85662786414974
99900,334.79242028126225
99900,173.62866782541585
99900,206.4626280959933
100000,392.49910210215353
100000,286.7851022752708
100100,334.3759743322621
100200,188.01214038482127
100200,220.8063311260421
100200,210.07501097963853
100300,202.24930224136608
100400,314.2942257448968
100600,239.7859061402954
100600,323.2337137430027
100700,215.29933915544854
100700,232.63987428219934
100700,280.1254661552774
100800,210.13984107004651
100800,266.1822229193836
100800,221.81909692543258
100800,199.25528593103422
100900,339.13535858040905
100900,221.24514358660988
100900,345.9106057154742
100900,201.26276543953549
100900,224.1748973186735
100900,373.2675075614225
101000,229.78302772540397
101000,316.17818032165127
101000,414.91974893364596
101100,197.42085375849163
101100,296.0297313405651
101200,281.88286224159816
101200,341.3954385994503
101400,224.30406706995538
101500,238.04145546893798
101600,548.6390139606283
101600,372.59599216261756
101600,452.36836644568035
101700,225.12586712507752
101700,236.11245646374704
101800,258.2309740476994
101800,254.0114854986019
102000,95.56274476097391
102100,311.92706034368007
102100,96.62187198688844
102100,239.03011087120447
102100,289.6893276508243
102200,415.875707873844
102200,228.62303758828253
102300,201.68820773191302
102300,401.2717170781736
102300,393.5191428160235
102500,199.18689757388412
102600,256.93159727041194
102700,158.06535504041452
102800,224.7236727978264
102800,235.30676608749013
102800,263.9902322320452
102900,302.2822449449107
103100,203.84538836823006
103100,186.62495409635054
103200,238.93323290325057
103300,200.99285883813948
103300,235.58692413680038
103300,154.88393458548614
103400,191.59680117441496
103500,192.67353753176056
103500,203.6335322055228
103600,242.6706807324482
103700,257.5637012139565
103700,136.61844227502428
103700,195.60287141450422
103700,96.77230193901032
103700,103.66604226785104
103700,238.1596457321899
103700,120.53017730713375
103800,155.61878303889483
103800,143.57294258035787
103800,538.2132472445229
103900,214.33623731902316
104000,257.6438499150064
104000,301.4587394056646
104000,203.94677128791503
104000,94.29059596332003
104000,134.64166272658778
104000,228.9126286481736
104100,187.4793529516366
104100,233.08911292861447
104100,129.3503831221033
104200,243.19784013666975
104200,190.76319000336315
104200,243.2946547640487
104200,149.61396531444072
104300,281.62880987177834
104300,179.202677041725
104300,168.78369210176893
104300,137.02833508970036
104300,143.47786829529156
104500,123.56928892650825
104500,160.39253763163566
104500,233.64355200654228
104600,181.95450991968025
104600,176.37818158822245
104600,206.34681787679423
104600,170.77950259208941
104600,198.63124869336687
104600,208.3477470607717
104700,111.68044019932171
104700,171.73635968730449
104700,199.2663138548649
104700,214.95678991609253
104800,219.52747494078042
104800,119.62599480926116
104800,182.06551104311362
104800,250.7441203948881
104800,223.57441675007303
104900,212.72680140632576
104900,199.58586599155203
104900,252.04836979909035
104900,189.20865872078338
104900,122.15049154901618
105000,228.59506964936898
105000,233.91911733813612
105000,195.99708268536773
105000,117.34558176795514
105000,206.90258333881806
105000,275.28302994775976
105000,213.9053982444437
105000,152.987552466243
105000,308.5628614327846
105100,148.70522660005312
105100,269.25639129652166
105100,165.89864404792218
105200,148.13729036640837
105200,295.91248130534115
105300,195.26757376460623
105400,319.95708372558516
105400,210.11102684204414
105500,156.86910717006467
105500,162.12516979652253
105500,147.99345682554386
105500,207.4373883928428
105700,165.25403945465533
105700,175.90730620917935
105700,133.8559059836228
105900,102.06978324742353
105900,147.04491437388597
105900,146.29940538879552
106000,139.14063969145977
106000,143.34636646650267
106000,119.99761442003776
106100,213.96837534406293
106100,102.6409152728443
106200,103.83736121885559
106200,193.7394725411763
106200,149.98218698793673
106300,98.78764274042348
106400,142.5857992711071
106400,95.15422983584261
106500,371.93458965289324
106500,124.26226056381618
106600,165.76851583376165
106600,177.8668856277186
106700,130.00316910229375
106700,266.4892513476411
106800,97.74941554653378
106900,346.23317687397275
106900,89.3558348801843
107000,119.94711714067466
107000,96.842334242813
107000,120.86420273790654
107100,163.33231535957245
107100,99.69725290863133
107100,171.28194255036348
107100,109.00907657477956
107200,136.77620665715082
107200,104.96005832768255
107200,135.24786056683286
107200,144.3748966066767
107300,134.77375531219627
107300,161.11283515548547
107300,187.7249368476414
107400,112.46645040143615
107400,152.3293019441931
107400,158.2903788564876
107400,109.16325771334307
107400,102.44400747641318
107500,96.72933960965338
107500,103.7761203760954
107500,321.4560371874368
107500,143.06081184432745
107500,100.27501774988328
107500,149.0204863994678
107600,107.05214975266264
107600,104.63314992948787
107600,172.91927910445912
107600,190.2032843741849
107700,183.76121594796172
107700,135.0422563094005
107700,164.31386510329546
107700,181.09610017763458
107700,103.39547382194387
107900,133.2626690909747
107900,145.86866916222021
107900,134.38485338169076
107900,133.58154207537433
107900,273.58039671216073
108000,197.89385174941182
108000,165.28387561915116
108000,144.9897219917481
108000,167.2892192711666
108000,149.3267611232494
108100,192.37155956735654
108100,184.91961639643097
108100,191.50259871600574
108100,110.69654279739852
108100,209.4426173989506
108200,98.5265359937538
108200,159.44611080584755
108200,94.30450476590718
108200,109.09339697409563
108300,90.19727265628626
108300,123.01098321305558
108300,168.8832813899199
108400,178.44798523747858
108400,107.374468962809
108400,158.08605698511198
108400,248.6893177010275
108400,96.53804613939502
108400,118.43356844366069
108600,140.90197887317504
108600,203.5001917490547
108700,189.38351554143884
108800,169.37368597733195
108900,172.75000148613833
109000,106.34501738221397
109000,197.09811376664123
109000,98.06470698835503
109000,156.5770416602667
109100,144.12376015330437
109100,187.14608539723787
109100,177.96057212177004
109200,189.27140359484355
109200,212.69622385650985
109300,99.36384073810909
109300,105.4665427598822
109300,132.39954753028044
109400,213.53941914248978
109400,211.04909761094498
109400,172.8682541883797
109500,204.4607693835016
109500,123.3724605274829
109500,104.2798483355857
109600,161.90476406474042
109600,103.96787081664928
109600,115.76905125312842
109600,112.44507823496652
109700,96.13939256650102
109700,97.06026325737899
109700,195.8168407366201
109800,106.03831213980335
109800,164.77131996122253
109900,228.09317740232913
109900,111.70408157419347
109900,114.34482970799255
109900,98.56716795693639
109900,155.1738053905162
110100,134.04582692798513
110100,141.63334314269613
110100,155.41608427355135
110200,224.72562961528118
110300,202.85442961124338
110300,104.25020700547202
110300,181.05666332775007
110400,88.60579645678965
110500,92.29321220749412
110600,140.9053656351733
110600,207.70469889815075
110800,166.6858198039407
110900,173.55782749558176
110900,146.09852995325923
110900,239.09869981454116
111100,226.03111856547983
111100,171.895872881704
111100,176.91578171993103
111300,168.42738667630192
111500,183.5314160343342
111600,143.4816130964189
111600,207.1399653354396
111700,190.84110022463483
111700,212.61731235746154
111700,272.19465760841615
111800,184.01861583582047
111900,249.62629425784087
112000,213.67939499528705
112000,213.2579170542399
112100,176.7100879390481
112100,220.81943028332765
112100,192.71300496044313
112100,142.9106449927274
112100,179.07303163162788
112200,224.5815521573545
112200,182.32785595447345
112200,209.2069815495491
112200,199.26268877563416
112300,210.80177658763208
112300,225.62924880425098
112400,214.14564938249762
112400,176.08196393283885
112400,197.75545600963943
112500,215.31106359240798
112600,184.4824767176131
112600,200.19121275204074
112700,208.5409376275061
112700,243.23497822176273
112800,241.85088427966397
112800,230.10291637287497
112900,227.86378360673442
112900,224.7309792642347
112900,205.28010718147866
112900,247.8727885104052
112900,203.92413545377556
113000,240.6216022880251
113000,185.5984048332228
113000,255.9152672086495
113200,237.72996742414887
113200,286.10139217785417
113300,277.0715263908448
113300,260.52053133287956
113300,213.342463926045
113500,211.9093925274293
113700,207.7346870748349
113800,242.12758886678932
113900,203.42322786180276
113900,292.66351114167446
114000,220.7201794751481
114100,258.0425121666674
114100,225.26491588280658
114200,217.8478321334888
114400,222.29441682055167
114400,238.95707134022794
114500,239.77852329305216
114700,211.8334396252159
115000,265.6074393008741
115000,229.8164069972852
115100,222.0650974356051
115300,257.65252528132885
115400,275.98762372752685
115600,251.78361191459203
115900,272.3602933011471
115900,294.06134717334055
116000,283.99768251518213
116000,270.8631494880951
116000,268.45648972304235
116000,246.04187955900377
116100,269.9716937226766
116200,290.5576644868886
116300,287.77614988890895
116300,275.72789858759086
116400,268.14790054813216
116500,260.723523305198
116500,276.2303656709304
116500,295.23807844475357
116600,278.0905159727435
116700,322.13149533187345
116700,282.00578882407797
116700,305.8440853349189
116700,280.98890240235824
116700,305.76423670376676
117100,313.17320203489
117300,339.053935601449
117300,323.659015639473
117300,233.55401233213544
117300,234.879506535478
117400,228.49685679059766
117500,271.5110630200681
117600,342.7304677165479
117700,320.5020463149385
117800,303.2213549542247
117900,255.71900458163802
117900,303.37310599447954
117900,352.1107376525169
118000,336.7226940257533
118000,293.2027281631945
118100,255.80279920271659
118200,251.32271339612686
118200,237.40216270977683
118400,318.70792946747895
118400,275.7358352329303
118400,349.3689701887028
118500,299.5626226003487
118500,358.07697204985226
118600,277.7196101133979
118600,283.97225487092237
118700,269.8131699667901
118700,313.514006489175
118700,349.9312800849693
118700,342.1375717697686
118700,356.8571882780199
118800,402.003094071815
118900,380.9814966736754
119000,265.3562640590032
119100,307.3008157818859
119200,375.5066644727974
119300,279.77093329959155
119400,339.9411223216972
119500,249.7006187499325
119500,288.9594353585269
119600,299.27209723986283
119700,291.85249506020074
119700,316.68686020810355
119700,343.5769364234691
119700,325.30781117401904
119700,329.56151366928134
119800,377.01537117260676
119900,404.75362596429744
119900,327.51676900511353
120200,275.5761696033052
120300,392.57844763429193
120400,226.5327750464675
120400,428.14997313790735
120500,313.37235335042294
120600,364.37028752119807
120700,335.2027985785486
120800,290.9219565444541
120800,299.062416053463
120800,286.58177073276016
120800,330.91068100789744
120900,416.5635582345943
120900,408.04460634541664
121200,369.7207872492255
121400,342.40369697911177
121400,325.705372232003
121500,273.2245634788966
121600,420.6966572506065
121600,376.6684077792999
121700,257.270339878097
121900,354.68761699675
121900,327.8822209020629
122000,329.9623987416662
122000,286.02326835178116
122100,377.4651156404087
122200,345.90400417091666
122200,281.84936482753676
122200,458.2048434461476
122300,456.17341881879815
122500,240.42478826261404
122600,305.4067594847211
122600,268.1265317236376
122700,448.59634693148155
122700,369.851068722903
122800,254.56717784760826
123000,305.0014164109963
123000,361.98209874893763
123000,300.41762444502854
123200,310.3117665979315
123200,310.7083315464096
123300,306.30245283812087
123300,254.22414925263695
123500,501.0858331510244
123600,231.9497313030395
123700,274.1457898991066
123700,279.94355958948694
123800,356.0722318216992
123800,252.16015866798674
123800,422.34814358462586
123800,237.09130982519054
123900,255.62223638880081
123900,324.23332784305785
124000,270.06059713486377
124100,275.5034757254268
124100,287.19396886461936
124200,381.72868628156715
124200,200.8671276801818
124200,502.4416413130287
124200,335.33970785517465
124300,251.82670334512898
124300,304.2259232789452
124300,397.6013603347919
124300,411.3719318377497
124500,352.436157739271
124500,188.65679641717912
124600,273.076585144873
124700,202.75832410354403
124700,322.1435976975552
124800,357.12596026775947
124800,204.43453577296705
124800,222.92976033894774
124800,207.99398232411775
125000,313.95945897885406
125000,345.87873192736447
125100,401.0883698289041
125100,300.1574199323771
125200,412.5957728297513
125600,393.423936920561
125600,232.41678284648808
125700,296.2602065217241
125700,339.8960242809407
125700,342.24610360426766
125700,272.8399998091552
125700,210.81748303171793
125800,335.2777829135773
125800,333.0032258029223
125800,196.5362153029706
125800,258.23951878976453
125900,300.45474956036566
125900,220.93902813481859
126200,191.4229904398328
126200,235.92392689280823
126200,173.91286439512098
126200,365.1936263983669
126200,326.0739511860732
126300,325.97065107319906
126400,375.6942770629283
126400,247.40553316961976
126400,259.3764593697357
126500,241.75633428957929
126500,320.4785863996939
126600,334.62150758698124
126600,312.8408420229452
126700,207.8490472908577
126900,188.7746715553883
127000,221.96247152556947
127000,237.73642930176317
127100,287.47516997129156
127100,254.84154882311552
127100,232.3843227733373
127200,209.82150525354587
127200,436.1866167916295
127200,345.65684715253605
127300,461.07759915264677
127300,223.83111050469103
127300,391.3577142576895
127500,316.45729160794644
127500,201.90675439994047
127700,231.15131431358782
127800,242.15614191164119
127800,177.42821407908053
127800,330.08819537996686
127900,252.77691170627605
127900,246.79149349328668
128100,260.46577602599115
128200,222.63064950797187
128400,213.78518519137464
128600,243.2567863741751
128700,262.9502777594898
128700,605.3639745635297
128700,411.220455959844
128700,246.36310089875806
128800,290.0323700534038
128800,227.82729231374864
128900,254.35422766594283
128900,185.5662239930095
129000,250.36126959258073
129100,366.8801070835945
129100,215.4783357649566
129300,246.81416144013366
129400,230.37074881712147
129400,254.1031204526027
129500,232.6636513453327
129600,300.9839349158431
129700,211.61266172619017
129900,289.3080312636428
129900,274.2596831958985
129900,521.3367193029549
130000,343.492278391261
130000,282.5217381328502
130100,358.4815729139176
130100,274.0763696086974
130100,280.32435309627215
130100,249.64235137372913
130100,283.4183058133095
130200,243.62619621646348
130200,258.4761421430878
130300,268.3197016781354
130300,422.99958139757683
130300,312.4594795632301
130500,302.91596105950106
130500,297.9381228886892
130500,292.7868492288381
130600,494.0413052982003
130600,266.1972256721923
130800,300.5432798462294
130800,306.1180752209231
130900,300.41355396765664
131100,277.7614920856256
131100,296.09494988458016
131100,307.0363728771741
131200,252.71837317290635
131200,220.2446010433087
131200,321.49560613910137
131400,281.27659000571856
131400,307.6300716990946
131500,272.84483757278326
131500,224.5167720795035
131600,323.9314450123404
131700,294.21451611927637
131700,250.49478901853044
131800,252.5911136305503
131900,298.9154345993372
131900,279.1040714788654
132300,315.78278575365863
132300,315.88554265416616
132300,286.87039652495184
132300,227.70095521770682
132400,298.47367481055056
132400,308.4614129170078
132500,281.5964233073399
132500,284.44496328437435
132600,289.53666357710506
132600,232.8597082451493
132600,245.9188544291439
132800,361.80367768070886
132800,268.66132318666087
132800,261.19382400987257
132900,302.03168951241724
132900,259.5457399250922
133000,315.00730689641784
133100,257.3945945713804
133100,268.55882094262165
133200,310.02890859956347
133300,358.79821203039666
133300,324.0001031089734
133400,261.92275299877224
133500,311.1963033177168
133800,298.43706944456403
133900,316.8714694842701
134000,334.3660287931282
134000,272.9958557999305
134000,325.8936309778202
134100,296.38071294608545
134100,285.9442874769849
134100,256.4663611604144
134200,422.8920990694885
134300,306.91429548655265
134400,386.5409975611396
134500,340.12561215367964
134500,259.88955680227804
134600,271.46219980560363
134600,242.02161382675567
134700,265.7920821070213
134700,352.38589934522076
134700,264.17501301537203
134700,363.1222107886521
134800,303.58137292269913
134800,248.77785712716258
135100,297.8131242795663
135100,250.51807231242174
135300,324.21659393997436
135400,299.6509467054423
135400,298.46373946680586
135500,244.97393054539558
135500,262.75421669635347
135600,416.9156935948496
135700,326.18583575547683
135700,479.371592715469
135700,329.54714995970636
135800,269.6586945807291
136100,382.03056226500945
136500,352.34304225239225
136500,294.7987592310573
136500,233.75531480089938
136600,319.2805672980913
136600,276.95112624330585
136700,307.6448947446653
136800,250.34728278654416
136900,268.6683929756268
137000,221.44835219255728
137000,282.1424121810411
137000,279.6532322386606
137300,244.50114606673216
137300,295.17127655580344
137400,374.0156827719278
137500,256.87278863554195
137600,260.8096572866919
137600,323.41994138031635
137600,265.34112675344494
137600,310.0474734266903
137700,334.77357195060586
137900,285.71255646065885
137900,329.3537034608539
138000,233.8465713234697
138100,327.8861445104201
138100,277.89217282609997
138200,287.51306886212274
138300,350.59793396119375
138300,361.74504978539863
138400,357.2653101835255
138500,326.0784660479483
138500,310.98064164918287
138800,320.51969289429854
138900,265.05990996800847
139000,291.4162741961094
139200,379.1979884513773
139300,317.49488423393433
139400,306.57321193027883
139500,271.7770762260369
139700,365.41669882376726
139700,345.3879667000063
139700,298.1925217683303
140000,372.9976225638101
140000,366.731226314283
140000,298.63710451557205
140100,303.267824675086
140100,328.7241325315579
140200,360.2493998670912
140200,310.7588858607697
140200,242.63593658673858
140300,321.09384373324986
140300,279.2362682250202
140500,240.22747269242134
140500,235.01565693083893
140600,295.05258913389684
140600,320.0311542937691
140600,314.3003152642752
140600,368.4889781793034
140700,374.92214909677926
140700,443.7597409047667
140800,238.6368289627452
140800,347.42002670997044
140800,252.35289047812586
140800,253.9696067637789
140900,209.59699432316904
141000,340.13354149140105
141000,387.270846171344
141100,258.8968699024052
141200,323.94051094855666
141200,288.54034291739794
141300,371.31793803267277
141400,370.3786146919501
141400,368.6531907865383
141400,394.64280926088406
141400,303.4654972380907
141500,360.6519550024629
141600,351.7270453153015
141600,368.03238258876894
141700,323.9160738150036
141700,511.4466980543297
141800,180.30407810036266
142000,200.25563827044314
142000,508.9934863607222
142000,377.3351839180998
142100,322.2702100553002
142300,296.25924216662435
142300,272.88961415634077
142300,536.2622897336954
142300,268.3320438010753
142500,380.9493968624385
142700,428.57272178388405
142800,327.9474880448499
143100,238.95826442584337
143100,373.6484091952568
143100,330.48982572150317
143200,369.66191515928995
143300,269.7539948978038
143300,377.33504621565186
143500,364.53692133674247
143600,273.14577450240097
143600,368.1402224610454
143800,271.93346561199365
143900,303.66376398118956
144000,413.4698040915986
144000,233.23087315999356
144100,195.8665064065645
144100,340.9987025144535
144300,395.48993924432045
144300,250.99403321338866
144300,373.53960207742995
144500,369.1201782118658
144500,240.18373509322632
144700,277.370152259843
144700,327.24083474653884
144800,233.16498085645463
144800,337.87723392910004
144900,439.7452722090372
145000,261.41379067921304
145000,354.9694730654067
145400,356.6560495479193
145500,215.3745198501008
145500,198.28871645673118
145500,235.48826997514288
145500,412.7290565256414
145700,158.35018656356382
145800,304.01542431569294
145900,262.354341573694
145900,303.0528378349352
146000,213.92828321388882
146100,222.37966714894293
146100,382.1103757608982
146300,408.77171886076025
146400,414.20350578671616
146400,346.05871171958836
146400,455.42649915883015
146500,315.2372937599916
146600,351.76207002502207
146600,287.04995508564747
146600,450.8187191736185
146600,281.3455191902925
146600,451.627612448083
146600,251.94087251965522
146800,548.8910546518086
146800,469.9516840141242
146900,237.98214086626683
147200,262.3691324115557
147200,344.95210981941665
147200,378.4224595708845
147300,286.7709732001484
147400,312.6660607260588
147500,346.58252098567334
147500,309.7973907108808
147600,245.86174287871296
147600,467.24895498190085
147700,281.2558433114644
147800,271.5748797575586
147800,326.8351617086339
147900,285.10524847021685
147900,327.01816246505365
148000,344.9546319921736
148000,374.03306758776995
148200,298.0114049862493
148200,393.8609172900251
148300,345.59762298608064
148400,262.81807926402206
148400,368.11159646210916
148500,375.35974357978074
148600,354.1143239040366
148700,466.2749222426459
148800,327.849754856667
148900,280.0274709653066
148900,230.5682216885354
149000,419.1239832913301
149100,374.494766401751
149100,330.4434295241945
149100,311.9557259412805
149200,394.57425102522075
149300,206.9769182046562
149400,351.4130976222334
149500,431.7427761748168
149500,343.9740711714007
149500,280.4158119710872
149500,272.5316391441892
149600,277.358398462617
149600,345.2950594870269
149700,229.02794886006947
149700,541.2977800282958
149800,327.23200926002227
149800,313.56717007503295
149800,390.1761765614603
149800,258.51126228847767
149800,410.25034417252067
150000,380.5695025180783
150000,231.0933482029816
150100,421.24592747090014
150100,303.9922253631086
150200,263.3341445024213
150200,356.95568941864866
150400,326.34821730920044
150500,417.6991349903011
150700,253.63966666006294
151000,386.1597781834085
151100,314.2184011253751
151100,304.42071536143027
151200,208.09554137220715
151400,301.3172500557516
151500,264.07999606745767
151500,403.2602739742542
151500,525.0056901169138
151600,273.9310532677349
151800,278.2471512034572
151800,404.7506581830306
152000,278.32079573770835
152000,356.38832904789695
152200,285.32528935600413
152300,196.9316734819249
152400,356.41768998674286
152500,437.4666962339024
152500,330.0996470426583
152600,209.7128518174617
152800,303.96408268400126
153000,327.8883760065233
153000,430.9473105677675
153000,332.8327694003042
153100,289.7511027422034
153200,309.9410966935902
153300,348.2894025971607
153500,360.4170912166934
153700,301.552601288601
153800,284.2546757761094
153800,350.6798712798441
153800,278.0071194661043
153800,363.1050346616732
153900,264.64862780334033
153900,346.5837894663156
153900,299.35790103900695
154000,343.2141179673123
154000,253.93819753770657
154000,331.76534441982034
154000,427.72968125655717
154000,255.14060302736988
154000,299.3387317645778
154100,459.87257783467123
154100,420.17086084186616
154100,438.2736508952795
154200,354.049726254648
154400,212.48392966450024
154500,349.59114035862507
154500,306.7441761403391
154600,357.51950382860906
154600,717.8356754640597
154800,307.38849981238604
154900,264.94064847936704
155000,331.670691509713
155400,296.8151944239696
155500,326.6482377273048
155500,439.39025321460116
155600,303.7358793764573
155600,312.84273018376166
155700,291.6927943226493
155700,385.634003542593
155800,285.02210789950743
155800,368.74756303480916
155900,245.1957020623628
155900,296.1425774036135
155900,304.0300954563824
155900,287.5450216888654
155900,277.30510652850194
155900,279.06924343262784
155900,298.0443428335783
155900,334.923578813671
156000,380.88961671543996
156000,265.6520745300887
156100,309.55959652858064
156200,359.1366447106652
156200,333.178000505964
156300,300.9917998561633
156300,317.397487598657
156400,321.13609839527555
156400,317.1389527790192
156500,342.63575980607567
156600,331.73606297597684
156600,356.073394259267
156700,299.38335689247845
156700,308.0192198625272
156900,308.32412269462736
157000,349.9521956870893
157000,287.6949877201841
157100,413.767745875691
157100,354.4390256034983
157200,507.2222792002802
157300,306.29179454418306
157300,362.3293671871913
157400,265.7413312810632
157400,304.5025754960328
157400,354.86417072220246
157500,218.04290769823223
158000,373.3499638802251
158000,275.1796814241607
158000,299.3596884605607
158100,365.2692310400265
158100,276.7320563462864
158100,420.1432476181549
158200,394.88804964171476
158400,274.43874359548505
158500,290.713894913
158500,500.1095981303004
158600,276.3235593823772
158700,349.9539714529679
158700,273.32488589858895
159000,367.07465082362967
159200,300.25702970241775
159200,365.3033274308359
159200,222.272429832305
159500,308.22938564295555
159600,324.4783841876537
159700,292.66583796424806
159800,587.2351529806722
159900,367.9728516727832
159900,275.2315864865453
160100,427.33604870540285
160100,402.3923853490776
160100,411.3303721634434
160200,346.3218969187397
160200,287.7424277634456
160300,653.0744379579295
160400,614.8208607926251
160500,323.95465643582514
160500,317.8244699704815
160500,190.232472657672
160500,320.7944410562237
160600,314.4127874213506
160600,192.8960376342744
160700,329.3548648039124
160700,283.44926011168457
160700,269.2401799530537
160700,316.9997044148386
160800,319.7545963091765
160800,360.30462886660854
160800,213.1022534320601
160900,254.26429077117194
160900,271.41816198222796
160900,231.26101480005482
161000,242.40491278961636
161000,290.464007117384
161300,331.05015818714924
161400,356.1061062640994
161600,358.70198067380124
161600,258.1475456322708
161700,250.57375261305162
161700,296.11042353026596
161800,281.2762267942995
161800,201.26914990529465
161800,344.3496674870948
161900,202.94273945197315
161900,236.66386517453176
161900,282.5298836090263
161900,275.9521890540176
162000,339.63515747473997
162000,370.3957217154544
162000,279.59037370366985
162100,258.14756068663996
162300,228.3661885329522
162300,282.2907824278818
162300,346.1399740290744
162300,263.0780270688569
162300,287.8013508257744
162400,249.15205618765947
162400,287.3771070215343
162600,275.2899878224857
162700,244.42211512741864
162700,242.38829196174513
162700,296.02707841761526
162700,303.1072575490219
162800,230.00676238740684
162800,368.3210714273773
162800,398.9183939442457
162800,286.9268927217423
163000,288.7067377062608
163000,273.80624973822245
163000,193.74239385911224
163100,539.5829211529057
163100,219.96793279768275
163100,311.9941909138564
163200,262.16387872036574
163200,340.238380141366
163500,242.91280196722448
163500,351.15848373369306
163600,274.50744580428204
163600,296.3250486802876
163700,259.42662810922707
163700,279.9975866257232
163800,469.76773166553767
163800,370.69558850330895
163900,300.4992746214896
164000,226.99746725932633
164000,327.8333623073917
164000,245.58594187567383
164100,265.6937072293736
164300,481.77040001512046
164500,464.7898862138601
164500,289.3897484586703
164600,261.8645222506416
164700,269.39028826851757
164900,284.6732653274949
165000,338.6782306985217
165100,309.2643993084156
165200,347.1869867933091
165200,248.3709023436866
165300,466.59449909803794
165500,303.8608186210434
165700,526.4094179739817
166100,278.1771456800326
166100,262.57604380912875
166500,309.573911901784
166600,297.0523788575677
166800,302.71712624414084
166800,309.2730236679446
167000,352.082345781533
167000,356.9315502627485
167100,341.58819265703323
167400,321.7145505396446
167700,386.4198663772294
167700,401.60878544580805
167700,302.2228397289399
167800,252.33413934774688
167800,350.74549226894504
167900,330.4785000162702
168100,349.656301015962
168200,268.84804781662166
168200,334.7346607987252
168200,263.1190104059813
168200,356.86917707620466
168300,344.97001437091546
168400,405.7546241687582
168600,299.57285469176503
168700,336.94559445347903
168700,382.56862652095043
168700,393.2890165129325
168700,319.94294303656227
168800,275.26807182695063
168800,277.7838736735302
168900,333.3208203064284
169000,321.2557947000758
169100,285.5495600481969
169100,385.37709930434124
169200,302.00734585155146
169300,370.3499401410409
169400,335.38621233039896
169400,354.19110527095546
169400,201.42452931705552
169900,331.0019451222697
169900,425.7211981601179
170100,177.5857754209929
170300,309.5036714544699
170400,322.99910663718526
170400,399.417830242212
170500,327.6680837129316
170600,457.3839149237266
170600,331.97483691010785
170700,415.1583737308774
170800,454.30940292311504
170900,437.2979695964048
170900,338.4124797354058
171100,502.2788676149416
171100,284.1846653868128
171200,499.7487776450775
171200,394.4776533155529
171200,295.55605017527466
171200,363.1668474814274
171400,301.2226760011113
171400,217.4778626516504
171400,383.9152113774098
171500,387.4326667044339
171500,262.3400861509651
171600,248.8842967120303
171600,428.59342433507754
171600,312.5358525222012
172000,344.5951072553258
172000,447.8248164836193
172000,413.00132551305876
172100,309.2997927529721
172100,575.4985039990786
172300,470.8355684766721
172400,367.9658227801258
172400,492.48434684136504
172400,409.9357222473166
172400,456.0294707103822
172400,627.2089749685545
172500,429.4693968948294
172600,382.03822786313026
172700,481.46811032283136
172700,334.39217757032685
172800,266.7735767542845
172800,400.5648335334968
172900,537.5365816770781
173000,597.0497972605345
173000,356.0401272307278
173100,285.4857771471028
173300,393.8465363564954
173300,546.7560575526497
173500,446.97077264851686
173500,266.83687889221596
173600,431.2966999574344
173700,316.6773071447274
173700,314.46861740739575
173800,229.83993680262364
173800,482.3761531913233
173800,406.0176518113119
174000,526.7582610577446
174000,451.75860839718985
174000,436.032939626162
174000,334.30210833355267
174100,505.09079597750014
174200,362.18146912778946
174200,624.1948219435244
174300,315.91614189059123
174400,251.59090472617606
174400,260.8770636906234
174500,491.87612507629444
174600,277.9164967769236
174600,296.03176550015337
174700,320.66790667728776
174700,380.3489716465308
174800,332.28078222920584
174800,297.56492586240154
174900,294.05568104438845
175000,618.5327981528812
175000,489.66121951078713
175100,557.9469901259864
175300,291.1633044339508
175400,291.4640212191752
175400,616.1623225798845
175600,344.97821917441007
175600,296.29222077400743
175800,339.90768438043256
175900,332.0428077950702
175900,367.91136119092283
176100,343.3521484604023
176200,382.7942342380637
176300,327.95741707221214
176900,422.2274253082295
177100,434.2184812518849
177200,344.9027037968938
177200,336.9450731425853
177300,366.1317918878923
177400,276.51184153736915
177500,356.3563958316695
177600,321.3179399240553
177600,369.897030753881
177700,305.6548615122973
178000,310.38514333125624
178000,745.3702421017388
178000,320.2868759273875
178200,329.8220168844119
178400,407.2910925783103
178500,265.9582273046712
178500,362.8344625463933
178500,272.5473132325853
178700,318.4590086605497
178700,221.67960978806522
179000,326.7802028396613
179000,170.52516300093203
179000,322.97168221541745
179000,348.8809462328743
179100,399.648409034908
179300,189.15817327926402
179400,327.63388573656016
179400,244.22947602750733
179400,231.08389347299263
179400,284.0855770328642
179500,362.94143402768515
179500,280.796112758583
179500,374.1831692431903
179500,341.8423375361607
179500,409.98869340617017
179600,394.25672668493854
180000,200.02125316474337
180000,323.877313899465
180000,270.5931233461851
180000,163.20406263113486
180000,234.07488919938112
180100,251.71708614070582
180100,443.70597594684034
180200,185.09719242632698
180200,431.1829785086733
180300,306.0094165822163
180400,339.13879814552485
180400,251.82986542871296
180500,181.41624854075
180500,221.64944991923767
180500,361.14108347889226
180700,439.5821156202815
180700,205.4199697234418
180700,435.93863516542154
180700,261.33608544264564
180800,293.96444187341115
180800,238.4375803105464
180800,641.5128218493323
180900,369.15648265516273
180900,299.0094249919496
180900,310.7755677045273
180900,342.74072621795574
181000,305.425637404722
181000,261.79411178656113
181100,365.26948808436634
181100,400.4693209769906
181300,256.3030463994298
181400,355.6528887536632
181400,449.32182029009783
181400,435.0160182563417
181500,531.8483990691739
181500,388.8736740203281
181500,315.7814696967116
181600,324.48182433509845
181600,369.860444985314
181600,284.5234478008088
181900,351.3425543055776
182100,377.12701131780796
182200,198.8426486196895
182300,388.92082032920166
182300,399.2539913049738
182400,404.88655463045376
182500,348.63430690066764
182600,221.648755472754
182600,210.18072922718093
182600,164.6989420049314
182600,361.2421548864028
182600,303.27300926250956
182600,314.2639640312824
182700,482.534524313934
182800,394.5719101476816
182800,292.69301364448415
183000,265.4920324168984
183000,492.44980008573566
183000,415.30595381552433
183200,318.03569222934425
183200,274.3728102503057
183300,175.62135790860816
183300,215.2073615321374
183500,253.24646170449552
183500,500.8861721756495
183500,378.8495268538128
183600,266.0069173768617
183800,506.2873865350539
184000,401.27023633961005
184000,247.66113904736622
184200,270.6795747849557
184400,187.21040521107156
184500,299.8895369695419
184600,244.2895403911202
184600,225.686318946548
184600,224.88781025098405
184800,178.94442697411165
184900,274.9610954703512
184900,651.1443636254022
185000,320.1108074434938
185200,537.8555958491208
185300,265.90797313016253
185300,361.89021818488203
185600,196.63029940408236
185900,259.9969384205864
186000,324.9174509599157
186200,234.04582630408186
186300,275.7491847858555
186400,568.1676559193896
186400,282.6038163017222
186400,418.91415558044883
186500,259.8942513327361
186600,230.53164646977405
186600,228.77133094154266
186700,235.74521571524295
186800,349.48549137031256
186800,222.24787686124384
186900,227.03936970491108
187000,357.9589583400286
187100,265.6061501508732
187200,318.50862545894836
187300,358.4741125136691
187300,231.1807592936085
187300,359.33226554079926
187300,309.0413393113261
187500,332.69907637424706
187500,250.3342196448317
187500,269.1733225332578
187600,251.23268924703157
187600,542.5998433818859
187600,361.8361656184982
187800,349.8292269121013
187800,364.88090851343424
187800,283.06282350291735
188000,250.1181686353547
188000,398.12604286484515
188100,311.77873683858434
188100,369.84188675974127
188200,264.982735876826
188200,275.992586963145
188300,307.4395973573163
188400,237.7217053263524
188400,293.32614810453146
188600,243.54576783780996
188600,303.32814586088716
188700,202.05782142846562
188800,246.20669195735456
188800,206.89343128240512
188800,363.1860256101318
188900,417.03732865335417
189000,445.1661109969157
189100,398.8334207035939
189100,361.67673448327037
189200,261.8152823323914
189200,347.82021509150303
189300,442.99030565255964
189300,385.923672496394
189400,265.90581436538906
189500,409.4154871724799
189500,287.00301024402626
189700,476.8606102019536
189800,284.6388217369596
189800,297.64531033852785
189900,197.95872722880213
189900,325.3668893765107
189900,221.61504436868853
189900,418.899319984846
190000,277.17022321190996
190000,333.5147429995922
190000,213.98999393333327
190100,277.53712672093377
190100,361.72958233671136
190100,418.16546809743693
190300,471.73613705886373
190300,334.4775735151812
190400,334.8751737489417
190500,351.7273483692986
190500,493.2422926049614
190500,299.02650747602354
190500,230.0512858378944
190700,326.6852486733639
190800,390.9720803148743
190900,267.7178481697012
191000,490.30596925702537
191100,252.20890040590533
191300,377.05858922889854
191300,339.76805067160115
191500,394.0398932837427
191700,481.71525011342356
191700,423.99477668086706
191900,419.425043614412
191900,299.4379459330598
192300,457.1174184967256
192400,336.14429427117335
192500,304.9108224216432
192600,219.38495145507022
192600,207.72460547187748
192600,248.761256223697
192800,429.4248302884064
193000,350.4619433768143
193100,323.8454972787178
193400,415.36019006425613
193600,300.16238315137855
193600,263.943098009721
193600,248.52217196980706
193800,413.49584527816074
193900,328.77643437299275
194000,461.5799798209246
194300,310.6920473494372
194400,179.0813550005025
194500,282.1001462857913
194500,341.99224510282824
194500,488.55380608749385
194600,274.1940612522588
194600,192.30302215597675
194600,189.87569785600778
194600,187.8223538202342
194700,331.1130347049703
194900,327.58698013297925
194900,402.3551329317679
194900,318.8733397528912
195000,373.61777962718315
195100,305.3690509620442
195200,319.87073676441094
195200,298.2117091051144
195200,338.9035171126651
195300,490.78302899807153
195400,279.06101127308193
195400,297.08105264014705
195400,271.26845213353556
195500,233.30067059832135
195600,219.48545665041755
195600,223.62548923393283
195700,364.96507562305914
195700,252.71788027887231
195700,252.258688645736
195900,168.44019590085813
195900,219.3202879781438
196000,226.66582142543115
196000,377.9543027539463
196100,408.2741765760568
196100,389.3914524209792
196200,216.98026146383907
196300,406.7868377340853
196400,313.359433820879
196400,374.9365096720149
196500,327.61811265854794
196500,482.25444867912637
196500,430.5609365956146
196600,352.8144192455772
196600,299.0427008540727
196800,384.782338859865
196800,302.66736204944016
196800,505.3627954149725
196800,322.86400115930184
196800,231.0362284906007
196800,238.6754928297468
196800,357.3438950701821
196800,406.118467018728
196900,398.64030122506455
197000,310.46399843069486
197100,417.71800876424953
197200,330.1410972131743
197400,195.13501896208626
197500,310.81407598645274
197500,420.16684620772776
197500,406.19970992086184
197700,334.50280741049784
197800,287.1161697078794
197800,334.1659534904382
198000,374.28797806817835
198100,410.5645364475867
198100,524.9735127841532
198100,428.5042391042537
198200,138.35585452460015
198200,322.60457800676414
198200,354.58082080706015
198300,186.87107301408568
198300,295.1575054149656
198600,267.4109663790443
198600,250.5289198161181
198700,385.50954045543364
198700,211.3829697265152
198800,294.325757594218
199000,382.3186464489607
199100,447.11646490129897
199100,447.7150560393667
199100,354.5972869651201
199200,286.7586786566485
199300,258.01636645509
199300,339.71396379390154
199400,176.09325816835258
199600,470.7757083534344
199600,155.2626625775125
199600,381.47791614556667
199600,508.07231476260097
199700,391.12814303217675
199800,207.0571756026856
199800,335.76735762649344
199900,465.10360447752515
200000,246.61450410780313
200100,159.02989534339184
200200,163.41674408895463
200300,223.70111033270373
200400,368.54997903135194
200600,380.3690466942945
200600,236.60570572942146
200700,350.9346121854595
200800,250.7371811469208
200800,252.33627966413763
200800,228.93874136644106
200800,279.66091441643584
201000,372.7602414646649
201000,307.6475333897852
201000,255.18157117538954
201300,176.1144140182415
201300,278.7459996444502
201600,279.64911710998683
201700,266.31261528376746
201800,284.38271361349297
201800,261.45202578730056
201900,298.6446105314397
201900,302.89321734954456
202000,302.46861092043065
202100,564.0873163250119
202100,317.1307114378961
202200,255.52457476828488
202200,251.16290252450804
202200,245.44351972288462
202300,403.92119062022743
202400,323.4341744982359
202400,306.20387138846627
202600,397.18095006144733
202800,250.83732927400925
202900,351.4742990787228
202900,265.88971640435324
203000,298.0231631423259
203100,275.26067004654305
203100,252.90716993228764
203100,236.84406569118747
203100,263.36526616370327
203100,230.1475724283815
203200,334.31064139822286
203300,323.9699204182057
203300,334.9732769326268
203400,388.0768396034472
203400,278.99967161834246
203400,287.8920706743588
203400,242.60653393438128
203500,259.0439423919012
203500,507.53936435005124
203600,249.13449084053275
203600,622.037776000357
203600,332.9580419818096
203700,226.93356830670547
203700,213.42925221188315
203700,316.08681160911846
203800,302.1159543659284
203900,303.3725487648287
203900,256.45142169620397
203900,336.2019426483581
203900,320.09809605205885
204000,344.90451497646444
204000,333.45977150312706
204100,381.24873548000613
204100,207.2286457475531
204100,254.45888082255536
204200,290.57687471848664
204200,271.8567047135106
204300,400.9946848337662
204300,324.18466372656735
204300,328.5762445967558
204400,386.1680368156908
204700,197.80607150990338
204700,414.15879086117815
204900,315.14618199657616
204900,233.80271697277644
204900,288.8668485549841
205100,240.84486589985227
205200,223.079778268715
205200,213.20894726515266
205300,412.2834209757084
205300,243.37428207034938
205400,184.5328135025389
205400,235.15360131588076
205500,259.74673456945783
205500,321.79572272789295
205700,396.2363466440169
205800,220.7525451666931
206000,410.77610203447676
206000,172.12932722472766
206100,214.91946869797331
206100,182.25283506863045
206100,312.077168668991
206200,260.76559012207963
206200,462.77704851958896
206200,383.32019565803597
206200,171.54542807229797
206300,361.3099832975165
206300,448.6600287674238
206300,263.3613833652105
206500,255.92414802312297
206500,346.4665700201773
206600,234.97754209291278
206600,274.0506614079927
206800,219.21483737633005
206900,325.7311207192774
207000,408.6527620544814
207000,254.68365227986754
207200,284.25196851226787
207200,426.2416908411771
207300,373.4938629089934
207300,193.73625953580074
207500,202.62252668945405
207600,235.9586808534884
207700,309.7959023040552
207700,170.83916576553924
207700,181.2542791440017
207700,316.217566676877
207800,262.64713250351895
207800,262.606510484315
207900,210.312261317314
207900,320.3209707023186
208000,244.5843203287077
208000,175.5221872526446
208100,184.0919306428422
208300,266.60292766561867
208300,360.6618694326722
208500,346.4698326288357
208500,206.29725282245096
208600,202.44247613148954
208700,282.7650325560201
208800,226.20390740188128
208800,245.7590543576335
208800,175.47514958840955
208900,254.59370946472498
208900,203.5961546526799
209000,288.67782342705664
209000,292.2802493563659
209000,196.51704723472656
209000,220.42874494828314
209200,191.0996832913019
209200,241.10718972447128
209200,221.3056286424524
209300,183.8684400053807
209400,223.20674853257592
209400,209.61118344205943
209400,176.5965190499637
209500,178.76992556493673
209500,230.82382172092298
209600,166.3138963307389
209600,208.63797905685422
209600,298.84286589302104
209800,172.59579781147667
209900,185.12465573147676
209900,244.83778889921933
210000,262.56195299903686
210000,340.1111446233952
210100,294.6857820690806
210100,228.07829328478604
210200,288.4020928101472
210200,163.811936921908
210200,207.99990510773904
210300,334.96957730975384
210300,259.2813425944201
210300,272.88513420200127
210300,259.4886288366827
210400,283.68682838234827
210400,307.2096335906342
210400,474.94960606593673
210500,277.8293779040505
210600,236.31657348037646
210600,215.4944349942192
210600,179.4253468180165
210700,205.1308057266977
210700,245.63918822151985
210800,162.1250444503578
210800,182.4238903083032
210800,369.327142272899
210800,322.4161775081053
210900,325.77490783465845
210900,356.5510913666692
211000,326.3713768723013
211100,202.82097114645399
211300,205.3682191972268
211400,374.6916940695104
211400,185.54055431393817
211500,171.87706859948585
211500,309.6398821783643
211500,199.79690805796557
211600,293.637326158857
211800,242.1162837119513
211900,223.6829201569381
211900,337.97348293142676
211900,191.59855104988773
212100,236.82488613701156
212200,165.6778104695773
212300,237.7860943864843
212400,264.0542649628674
212400,229.29044954119075
212500,248.20107536133298
212600,239.98219363027042
212700,285.37768888691073
212700,189.01141923645002
212700,184.26534195774124
212800,196.08501970898465
212900,367.23475205808234
212900,279.41781951499723
213000,311.33385359245665
213100,215.59829305093444
213200,347.10705416661955
213300,223.44242052934823
213300,223.05230163708703
213400,170.19178307472495
213600,252.95103950752318
213700,282.24398977077163
213800,184.98337651550537
213900,274.50542474929375
214000,169.44284147277992
214000,194.4002403201409
214100,252.24224217371344
214100,248.85839429049292
214100,199.25196905237183
214100,367.78923526300514
214200,192.35854349088063
214200,264.1206231060741
214200,212.27490191358427
214300,276.1081355865118
214300,290.35903792546515
214400,196.91388704546992
214500,204.59684844198034
214600,217.157285822266
214700,324.85283781747285
214700,387.26288293978814
214800,174.60217248314265
214800,220.53148076970407
214800,185.95325743972137
214900,217.03192279302763
214900,197.38498843713174
214900,238.18557848130754
214900,266.01263475918364
215000,283.0932345603985
215000,667.8377196122746
215000,177.209780233979
215000,241.49446648804883
215000,270.80682573552053
215100,313.3737640543953
215100,183.19971876137163
215100,190.55112235788135
215100,245.29063253481735
215300,274.00271414453925
215300,187.78401860175654
215400,214.76500789817132
215400,240.29495510087426
215500,283.89315525804204
215500,285.98182340774474
215600,220.87363546656184
215600,250.3130697257147
215600,176.9661368916817
215600,306.6993101122349
215700,228.86510027973623
215700,215.15138971235982
215700,222.4461974055011
215900,292.5822667838725
215900,294.4258551565037
216000,203.26521827667045
216100,223.46610373137355
216300,185.84608686651453
216300,219.09362763831385
216400,181.26668990487485
216400,290.3883585918559
216500,224.51873855269864
216500,236.06988677616508
216500,229.1121842375978
216600,252.74371180872217
216700,210.8901546051036
217000,261.04059907489665
217000,253.4765108801204
217000,266.11667227168414
217200,248.74417287390347
217300,227.34704912929996
217400,266.6021481137258
217400,273.52218146418124
217400,245.7421766736413
217400,177.05723172872197
217500,205.6373286834538
217500,219.73719284363096
217600,223.25355451108203
217600,245.45997637053628
217700,222.76835008822462
217800,197.04971699496403
217800,229.8141846553989
217900,220.20565000827057
217900,246.31970641041144
218000,198.0692651155082
218000,204.41499693482677
218000,193.91512973840267
218000,249.4371721690852
218100,286.6469525685977
218100,212.07046218741948
218200,314.14476325459367
218200,228.47178690620404
218300,278.7771244301407
218300,196.03878736446237
218500,169.60321282345512
218500,239.03578216401903
218500,349.3770721629897
218500,185.22659834322218
218600,176.06814299383157
218600,177.26616374912314
218600,182.28814498637817
218800,272.8787832316094
218900,154.61115776036908
218900,188.09024417143598
218900,262.54221826898294
219000,207.09066210081522
219000,168.7938558820771
219000,182.75639383788155
219100,195.49466428141247
219200,245.63829828331578
219300,185.80646603614508
219300,167.96628823533823
219300,171.4060216396386
219300,183.50232531244362
219300,208.84216741206015
219500,211.0977153741191
219600,226.94916652326032
219800,277.91175429720903
219800,185.30472730823325
219800,213.12829857422605
219800,259.95221983193693
219900,172.23717770248047
219900,215.76060325318602
219900,263.99867845313275
220000,200.40072125099965
220000,222.6623785659672
220000,192.89514607927117
220000,181.42481163793232
220100,231.95068384591448
220100,267.935697684
220200,194.86871273510144
220200,160.56869626616438
220200,178.41151845448826
220300,180.95950868019548
220600,225.7309151690456
220600,259.65353653554723
220800,194.23857288396417
220900,205.80804316484378
221100,217.69246165228074
221100,195.76352307566435
221200,251.25582982942032
221300,171.6180171551222
221300,152.09568329952515
221400,194.6781586022775
221600,211.50354264060562
221600,157.38638570852424
221700,187.81855946367375
221700,277.1149474300131
221800,336.8811380568207
221800,210.02716435781872
221800,257.0788343490069
221800,189.2723846183221
221800,166.30803764401367
222000,181.52816333453296
222100,242.72675816836968
222100,275.432157500733
222100,213.12879114819674
222200,263.46538831518666
222200,352.7178535728174
222300,175.3607442977588
222300,270.4534242374222
222300,324.5192406086055
222500,271.6503548290613
222500,328.0633901551278
222500,174.78732936681038
222500,330.890615371709
222500,199.41186198499537
222600,238.94580546607656
222700,149.22131417812244
222700,166.46734051566642
222700,194.415980517914
222700,141.88406776367785
222800,199.4953264882156
222900,212.51557948183495
223000,191.62043521722842
223000,154.0486709585153
223000,183.77065486417712
223100,273.7359055136961
223200,345.62452242519873
223400,201.92418770901463
223400,325.20913092913776
223500,183.0060146878141
223500,175.4479099323365
223500,181.93777570529406
223500,227.08522749106587
223600,184.16855352716783
223600,245.30869381388115
223600,167.05572379309405
223700,212.07313472902894
223700,167.1875353915432
223700,152.65326112498457
223700,245.87166098738402
223700,176.94724512588704
223900,147.54820787468572
224000,154.20950099591158
224000,271.9528973692585
224000,178.56600628080946
224000,250.2700314969001
224100,201.3593405687692
224100,181.89042027689416
224100,160.3836863751433
224100,252.92780850473443
224200,180.78639647103466
224200,426.5835712101686
224300,199.60518696050468
224300,209.98492363995445
224400,180.94186524308785
224400,358.21500498306807
224400,172.95945285266225
224500,163.29109116377347
224500,177.8476080658927
224600,156.84294777978548
224600,183.39625575356885
224600,188.18927631165855
224700,148.82986280741815
224800,190.864205362122
224900,180.5584913765321
224900,190.02843389679984
224900,238.53648267575474
225000,183.69354185121213
225000,184.22502528460785
225000,263.8968509250817
225000,275.60482735761144
225100,249.24487065413405
225200,206.53699143120227
225200,169.88367068688538
225200,240.62228931489923
225200,200.95926681444473
225300,155.81305396419572
225300,158.97012707184857
225500,191.93465088491268
225500,448.0899547724489
225700,155.0401494550749
225700,173.78324996004068
225800,151.88186854283717
225900,167.7055357518357
225900,179.01966981404902
226000,165.37408407663554
226000,176.2566709149259
226100,414.7682747241016
226100,309.17981366874716
226200,146.72290836649807
226200,157.62606974268795
226300,153.89826229688214
226400,151.40333045386612
226400,177.71936660359418
226400,162.065677716682
226400,167.91585025391967
226400,173.2703909026234
226600,175.86939663535125
226600,172.11279595423355
226700,154.98800601261877
226800,171.8490230980543
226900,230.27993032978452
227000,193.14575619181846
227000,179.75663459127733
227000,170.9766623695216
227000,150.03799063663087
227000,212.23929166868353
227000,138.38763974446974
227200,155.19064582355733
227200,174.78504855297226
227200,223.8553153746864
227200,189.45781912930136
227300,209.20596227234248
227300,178.37993297710096
227300,144.66023125544137
227300,148.79165755274857
227400,182.4327911347043
227400,184.12057819649743
227500,394.97440616185963
227600,149.00287748836325
227600,170.1025561828602
227600,380.6899689793829
227600,181.09813841339877
227800,156.3272875690439
227900,167.27453207470933
227900,203.9023559234819
227900,168.3533181740473
227900,165.79756719129057
228000,159.78589763499014
228000,175.34545649313182
228100,180.47918995640555
228100,211.034870353545
228200,168.6179121017495
228200,455.4522820936061
228300,442.51808267317335
228300,182.490282807204
228300,504.5147292005688
228400,410.30591123747746
228400,159.41260906214663
228400,179.020229469378
228500,150.75130766206198
228500,179.76753513435258
228500,180.35143560854476
228600,171.52965263763872
228600,192.02105628127873
228600,167.9818016396908
228600,222.69375102133262
228600,180.29770835610273
228600,170.20948321315367
228700,152.2651641395056
228700,180.25459073802432
228800,184.0496095028263
228800,169.66337663634056
228900,175.88763927583494
229000,184.81370760714083
229000,176.5904145213759
229000,169.78601759960523
229000,196.97540312039303
229000,138.68102194984624
229000,160.38450633048086
229300,162.2597873876119
229300,187.57684439150188
229300,208.72105369919487
229400,172.6735879994087
229400,231.22067830550856
229400,168.05440025758756
229500,162.31502485178146
229500,172.49561182315074
229600,175.18496642923685
229800,189.31914072481553
229900,168.4780727623001
230000,192.1787164615305
230000,217.1260327108894
230100,154.14872608664348
230100,216.07531652672284
230100,156.72788168239327
230200,154.214749914664
230200,207.07589342635094
230200,166.4270771708692
230200,197.4557750842846
230300,157.54845584792415
230300,178.4395921371948
230400,125.48736235847328
230400,198.09046420433873
230500,155.19684345208378
230500,154.44370837629836
230600,231.44922267475067
230700,181.44196302523915
230800,150.73810339559873
230800,191.64241229427932
230800,159.33501444788914
230800,172.11070048431992
230900,146.8096084552411
230900,181.46294065651915
231000,178.81995831339907
231000,133.38517960709277
231000,156.16769526090013
231100,158.6562803823618
231100,166.45871568220736
231100,198.8853272717291
231200,199.08583950295673
231200,206.40319057918748
231200,181.44024107006499
231300,169.2729517790155
231300,146.6923408304035
231400,155.17312070170627
231400,182.34131167869256
231400,242.4756563074356
231400,140.81671490657502
231500,171.22900235436404
231500,178.59894715949565
231600,160.33507121442116
231600,168.59657545220904
231600,225.07412522631583
231700,130.37330760332804
231700,197.73417101418266
231800,168.09263307348502
231900,151.259083009206
231900,171.8120872283532
232000,180.11558608856936
232000,138.8452917783629
232100,156.65622587145603
232100,197.8969733850931
232200,170.52757922920796
232300,166.36248889693593
232400,184.68234283668988
232400,192.01870081309386
232500,124.48424040078096
232500,166.83343548884983
232500,171.96871473289207
232500,199.22825023169472
232600,186.44868981803168
232700,153.11981880353102
232800,179.9668252425711
232900,466.42209680464214
232900,138.41597802596766
232900,215.8012602637786
232900,163.15082622401752
232900,178.0239177414113
232900,171.67547555222967
233000,168.59448517969446
233000,183.2228274184072
233100,169.79442294023724
233100,185.42177768237173
233100,183.5700560672502
233100,206.42845814631312
233100,232.98454425200427
233200,190.15050764708317
233200,345.67664505098384
233300,182.86357343947887
233300,169.7895410082643
233300,183.26747664299458
233300,185.45099793530795
233500,197.74302790705931
233500,135.11031344547453
233900,236.17024116212457
234000,196.25844687530588
234100,138.16914538687183
234100,206.75849980363128
234200,197.64724241607865
234400,206.79561565389724
234400,230.8804862697474
234400,167.35813225302905
234600,229.11400249516333
234600,216.60026037320569
234900,261.26728635322576
234900,227.23472150065382
234900,202.4425347951331
235000,243.4611394955176
235100,205.73837783821037
235100,213.40527908440077
235200,254.58469751157395
235200,188.98777420654375
235500,224.3985344279438
235500,164.65933876467574
235500,197.4478879608827
235700,166.82220583257663
235700,217.80208418649497
235700,221.6808836033097
235800,169.20810730578546
235800,206.88836875196102
235900,234.81556802937405
236100,146.34418995854665
236100,171.85356370970285
236100,296.81307777094713
236100,140.687068835163
236100,239.97612910535128
236100,230.35453578779763
236200,201.66710178055257
236300,192.175778584644
236300,199.31610712961248
236300,203.18586431179315
236300,224.82010710522735
236500,271.02636469456877
236500,289.1407551971759
236500,185.6033961551452
236600,265.04954403309466
236600,205.90030266583832
236600,229.09548941256605
236600,230.6491842299505
236600,268.1446270035404
236700,178.60823389761225
236700,190.59962471422745
236700,207.2628865865063
236800,233.1934292285697
237000,180.84605123964346
237000,249.87449602108757
237000,238.85593431789127
237000,250.3885108049512
237000,222.3296194533286
237100,234.56232859490854
237100,159.04175047049253
237400,265.7413978890462
237400,213.49987230401322
237400,206.01198471135527
237400,272.1427121289258
237600,262.0918379931968
237600,216.8369783771869
237600,259.53830672946253
237700,208.80726546860876
237700,226.29213222236248
237700,192.85390685218812
237800,251.0171028635647
237800,279.9999365501097
237900,244.7056257180383
238000,214.29688017818034
238000,274.91587763023875
238000,333.60487872000607
238100,204.26622929804623
238200,250.61671178518935
238200,224.73291214014893
238200,284.07303643252436
238200,221.00773286594054
238300,209.51061471408042
238300,376.601102468237
238300,218.74976500735667
238400,249.41437594347764
238500,207.37951802157124
238600,219.4613173321982
238600,208.35683110942256
238600,228.14660804024112
238600,287.49677928873524
238600,214.8587933218888
238600,218.02732669223462
238700,219.7958707563341
238800,230.17321376685408
238900,256.2190297332283
238900,253.9805230411825
238900,238.08509668210803
239000,236.66393105318843
239200,199.72469628888695
239300,264.61217685908093
239400,243.13987016784606
239400,189.3472324176553
239500,251.4723612954357
239600,226.05688132414926
239600,234.35818426567337
239700,295.03550602410763
240100,227.1355211854614
240200,213.0373524365271
240300,264.16631509626245
240300,227.40218496730458
240300,275.64440095200456
240500,227.16183430161578
240600,251.1390746976587
240600,312.1095271047325
240700,273.9682115136891
240900,255.11286855028206
241100,271.1296412308732
241100,208.5292895372173
241200,198.0315811551551
241300,186.33633342065386
241400,292.86247877222553
241700,276.7834080411452
241800,234.03650213288995
241900,267.98669635930804
241900,257.18193441859574
241900,272.7777649900607
242200,263.905315645099
242200,292.91807334275614
242200,238.35226020225886
242200,284.55422972889323
242300,243.93112738963893
242300,223.12566719811537
242300,248.2180691014979
242300,264.8002495543032
242400,215.30224622350363
242400,301.73618752121894
242500,271.7427355510455
242500,216.61594145016304
242600,278.9934558588399
242600,297.0922544621368
242600,243.17901571918324
242600,238.37136309016893
242800,245.89685820463643
242900,203.7354155796728
242900,261.5889690976215
242900,295.8662285718264
242900,278.4747589180175
243000,337.2142958185793
243000,280.508916868878
243000,265.1341498343488
243100,350.48744294194603
243100,252.22529984994242
243100,229.3759111661112
243200,219.91561878051098
243300,219.74376711437128
243300,240.92809453718584
243300,327.904374935991
243300,256.04554377050704
243400,256.56257249462357
243400,207.66653305924294
243500,229.6735613567048
243500,259.48005905069107
243600,215.14261770252452
243600,340.482890779664
243700,311.591284186222
243700,391.1132812979448
243700,185.494390374749
243800,218.64374634947626
243800,172.36537209555007
243800,216.99051332227933
243900,280.96401338619825
243900,306.88594128678943
243900,306.71634858634457
244000,243.37399702271918
244000,230.02332079366775
244100,262.16191493299027
244200,219.91890446646855
244300,296.35518796566714
244400,265.860242274738
244400,275.23788668571996
244400,237.89738700912375
244400,333.6951204043233
244400,260.05319410545417
244500,278.80625841634674
244500,229.68375406444997
244600,253.40335841596539
244700,256.09030347578096
244700,207.602624418412
244800,272.34798360890284
244800,271.9568330365003
244900,290.4298436965456
245000,280.98243008946434
245000,332.94333041207756
245100,242.36592940517048
245200,229.39350209330905
245200,226.33060751785476
245300,210.62148783184475
245400,229.31142855330913
245400,294.7409031506489
245600,278.2529408717517
245600,239.23328210389613
245700,222.6987245606006
245800,297.65458106456066
245900,166.25962091360168
245900,257.4882011281595
246000,207.34627507839264
246100,285.788660022651
246200,245.86240662042928
246200,259.70249546449315
246300,315.98873738870867
246300,214.38976775668593
246500,201.05290910143455
246600,237.84775534474804
246600,181.62121392538378
246700,209.5034822326169
246700,340.2995671400361
246800,351.9668565476924
246800,216.45467248180188
246900,245.46661580136168
246900,323.80113867208496
246900,295.2234765790963
247000,318.4134814854901
247000,193.6139775140916
247000,169.7483872027927
247000,209.56879027531483
247100,215.5873362767997
247200,204.31299827344858
247200,170.77773393923826
247200,256.9760197872798
247200,357.24102179864974
247300,235.5131936874285
247500,264.3348643952064
247600,200.4707686378056
247600,207.4148162106903
247700,229.73638785801973
247700,181.3821996490211
247800,218.0610451274407
247800,224.28819408551936
247900,222.94815511420552
247900,242.8835187768239
247900,181.38479125884336
247900,222.40940560242123
248000,202.17390272274756
248000,181.4558521930636
248100,221.69299487739642
248100,262.7228713831217
248100,339.70714310149225
248200,230.9841565206317
248200,214.1027909425135
248200,169.19045142798538
248300,269.7010856113454
248300,283.64455108139293
248400,231.20087700472303
248400,212.04666105018893
248600,202.92418711027756
248600,275.6847499182379
248700,177.00817321108508
248700,265.2945993142521
248800,292.8893430505238
248800,183.53941928967404
248900,262.9571651829951
249000,265.7634223289202
249000,205.36338869704323
249100,220.28179606392277
249100,251.8152763305458
249100,228.42715904206887
249100,243.6265985555043
249100,235.56658550860703
249200,233.7811528488773
249200,236.89823223106114
249300,196.21632520892916
249300,180.29839605075045
249300,201.62020441499942
249300,260.4351859525933
249300,215.67040761029688
249300,256.8705766865163
249300,225.19430737730232
249400,214.70626137581422
249500,271.18563591252865
249500,232.2789236360633
249500,230.9251230985658
249600,231.79433077638578
249600,259.7573042039323
249700,227.04818018558476
249800,210.80592289000776
249800,265.1856934600076
249800,205.23773988336535
249800,235.10216048435254
249900,277.0929022726955
249900,228.11904127380183
250100,209.72196716294866
250100,181.95371186925243
250200,267.1500514669327
250300,336.1808732085205
250400,248.19066343611877
250500,225.92723603518
250500,301.0327547727724
250700,188.94842209971853
250700,216.95602619123667
250800,269.84734426047834
250900,200.08576317125915
250900,238.95090068772498
251000,227.99833130839602
251100,255.70398947149974
251400,210.8351699041521
251400,258.94530349500764
251500,220.29079458931918
251500,266.5882070990583
251500,300.7269939517162
251700,225.94271642542748
251700,267.5821225585529
251700,223.08332766475337
251700,378.9967560934683
251700,223.9196312038691
251800,241.8888597748584
252000,234.92159417727015
252200,239.46603230920414
252200,190.6182326940814
252300,233.73544947257378
252300,306.0627484919948
252500,181.87299588531155
252600,222.61331574942204
252600,239.49195477331355
252600,209.67677607992817
252700,273.52920411340745
252700,232.42867375972864
252800,275.73627153656446
252800,267.9681800139158
252900,234.73503175045786
253000,300.04496801031587
253100,219.2409411790904
253200,280.7632786909573
253300,172.43502213587314
253400,304.11932864672275
253600,242.47003227116753
253600,248.33757531842662
253700,286.51827763638863
253700,243.05291496939589
253700,268.05483703705255
253700,266.0996773044626
253800,217.7143592100325
253900,250.75899497514789
254000,260.20617979725347
254000,257.5723047047694
254100,232.1788574161712
254200,230.25072870984937
254200,205.8232328269264
254200,325.2782418278572
254200,242.71654425129014
254300,257.571372867034
254300,296.79598349496786
254300,335.18561424130775
254400,231.7365768151206
254400,267.33791588608744
254400,259.67497818020706
254400,334.52656750762395
254400,318.9557654651176
254400,338.1431616796886
254500,226.2435953207384
254500,251.41508926031193
254600,272.1123839984791
254600,213.6249881391189
254600,249.45245451124234
254800,271.92842981641485
254800,254.73660928171606
254800,243.2818030734157
254800,288.58466160669997
254800,232.21054738893153
254900,341.1637092188398
255100,231.8561047684944
255100,183.17378719960416
255100,234.4251581647563
255100,254.18862807210405
255100,271.70683126397535
255100,217.38629275864676
255200,224.42655556578754
255300,269.61453934928744
255300,284.73127739995175
255400,345.45437590159105
255500,215.4652521181506
255500,304.02330249350683
255600,261.7939290805912
255600,249.07346038650888
255600,357.28136664622
255700,338.8152875723943
255700,196.41201435151686
255800,245.69436028574873
255900,317.39186026177725
256000,241.492645269261
256000,232.4515924932438
256100,261.4908181566037
256100,323.33332139722575
256200,322.7430012077236
256400,316.2393457354212
256400,196.04716848324102
256600,303.3241869595633
256700,319.9568896184865
256700,253.31112310694792
256700,221.3852966676307
256800,237.1531434295768
256900,239.0052707086304
256900,303.8070427135506
257100,202.73047390889542
257100,239.154403919554
257100,204.2829767838892
257200,199.9164855979971
257300,243.85937168519627
257300,233.55316001504423
257400,227.26638983935132
257400,240.84189545476897
257500,251.4383037689691
257600,261.93226699680963
257700,233.21099089341254
257700,223.06322314897395
257700,232.74869057649934
257700,283.42577507058917
257800,322.56011292921494
257800,350.143983400044
257900,284.4646721231337
258100,228.68281873071194
258200,334.6909787728391
258500,397.7538171766195
258600,282.26040774738027
258700,255.17421019937106
258700,237.78386304269998
258800,266.1842249373992
258900,235.25922201368397
258900,263.7114193361526
259000,248.76837048090152
259100,224.14978464877808
259100,429.8456682799901
259200,252.3560136099788
259200,199.8566757907553
259300,237.2225716806217
259300,420.21311446618853
259400,239.07255318211992
259400,224.3009187141307
259500,354.33766291034516
259700,236.50136020946135
259700,243.60753848249655
259900,270.0608875648617
259900,269.2060354164626
259900,238.30728891505075
259900,237.745402822214
260100,238.76863397784737
260100,249.93720134087394
260100,308.3112634979165
260200,257.27420654573456
260200,295.58041266899335
260200,313.0955049892332
260200,206.62919449211367
260200,291.08795431749706
260300,249.9241124893299
260300,215.35298637631578
260300,249.2483924359103
260400,295.5426774085997
260400,272.07830921913245
260400,225.5826453554332
260400,277.73545582000423
260500,257.0340339111491
260500,258.89748315277035
260600,266.07657708221154
260700,257.7655605814585
260700,200.99486587369634
260800,312.9033169653055
260900,300.52279882000215
260900,232.29424714141024
260900,265.69723065313065
261000,226.44177695165757
261000,264.32823272957353
261000,297.09892193087416
261000,379.51433891922477
261000,254.6649233901159
261000,277.2776802542019
261100,281.2687605755563
261200,251.57460622873523
261300,322.69778057454084
261300,306.14866546279615
261300,269.50484279449347
261400,266.60696767858474
261400,302.075410999053
261600,301.8850235015022
261600,226.67205212232244
261800,261.39648856003765
261800,303.86357735664643
261800,272.2069050763536
261900,263.4481030737563
261900,288.78732443765983
262000,345.84412206137847
262000,248.42899088301994
262100,271.4387775142618
262100,248.73746381183582
262200,253.85849840945897
262300,238.31829495344945
262300,312.16707106304443
262300,256.46592758361896
262400,218.27202654622948
262400,257.4506987480654
262500,302.26255121263074
262500,260.401517962777
262500,224.66890052654543
262500,342.6833929612056
262600,256.7882631667119
262700,244.43285887143836
263000,237.77929198625208
263000,256.4974537391087
263000,273.2597108666249
263100,282.0924019023676
263100,247.68442725452957
263200,244.20891565637314
263300,251.3287130951059
263300,253.28299616946725
263300,270.986954764149
263600,275.4057386779242
263700,256.85832592672733
263700,257.24470540316526
263800,257.4427484847058
263800,227.83687377614987
263800,231.108093532659
263900,231.62337173051955
264100,229.04790221045016
264100,240.00321593107003
264100,283.53402347119066
264100,232.6568684554931
264200,248.45417261751226
264500,237.76689257430107
264600,312.6261625203771
264600,327.1748930817138
264800,292.04492073626517
264800,328.9462839560835
264900,221.8648833815473
264900,250.20534416491938
265000,207.8974993810842
265000,266.15409242904934
265300,243.46483805413703
265300,253.29707436899704
265500,237.78214073983742
265500,282.5067229801807
265600,241.19346891043185
265600,282.97992368846866
265700,298.7300373072792
265900,273.6321777189296
266000,256.68896862045386
266100,237.02852224834436
266100,265.06059296664176
266300,326.0255649463448
266300,266.89693069309254
266400,273.4935589694881
266400,254.19320879075258
266500,287.7811483061012
266600,299.8872723053989
266600,272.04392067652543
266600,252.69812528058242
266600,232.65805517586827
266600,259.789487877498
266600,216.39034764497828
266700,243.6109908255169
266700,276.89710754134865
266700,225.41761243012047
266700,253.87847868445917
266800,255.5808914721206
266900,263.3005392871184
267000,248.4584478810894
267000,280.04701435346124
267100,303.07264019896337
267100,272.4238414105301
267200,321.2231472378229
267200,310.7166341988784
267200,275.1615659850101
267400,289.12066232514206
267500,216.07967656210567
267600,329.0304563210122
267700,231.78412498396216
267700,222.7210354415527
267800,267.5880836567045
267800,263.516338520091
267900,330.9044073750784
268000,194.59575692011666
268100,319.5432126457607
268100,283.78987007900344
268200,343.3060882746368
268200,274.01091467347925
268200,276.2443793713197
268300,319.66526792148954
268400,314.34559996932563
268500,321.12508611091243
268500,323.98568115251027
268600,264.6504258462474
268600,324.82573257782514
268600,315.21231746697526
268700,244.47648335678593
268800,323.35532586501915
268800,273.1742297697979
268900,259.6328469602958
269000,404.15537345802477
269200,230.37744650536163
269200,347.7152377167571
269200,287.1772460556272
269200,271.7003164008421
269200,318.0578576601583
269300,326.15334677198877
269300,374.0752413894443
269600,296.7332094386926
269700,281.16416814153496
269700,341.17100698726387
269700,319.99951905159185
269800,245.652606498355
269800,333.6148317495611
269800,271.802814005547
270200,237.23656319915295
270600,261.584525599799
270600,317.5343291381028
270800,261.0751258969398
270800,296.4359430691449
270800,309.2736483495244
270900,329.1965113251754
270900,221.22525505980553
270900,321.45294114543543
271000,345.9179147771404
271200,405.17411447775567
271200,360.1927132599087
271300,264.67942627273084
271400,334.38762594133556
271400,256.27974661589894
271400,315.7967685232617
271400,454.8259890997686
271500,271.91229381993514
271700,243.93178964111553
271700,267.52525044962744
271700,312.7887455583436
271800,170.48025911903216
271900,343.9828539869977
272000,402.35499452221234
272000,249.58400192762122
272000,262.196823385691
272100,307.1094544634542
272100,318.79674904466333
272500,198.4738628160127
272500,192.75623082995776
272600,302.82556577671926
272700,270.8061290577524
272700,272.20867330325524
272700,280.7342801109496
272700,391.50130059502357
272900,208.0591692276896
272900,285.1905884099053
273000,342.84411419584035
273100,355.75646846948524
273200,288.40045939555637
273200,327.8486578774565
273300,301.71570098911747
273400,250.2716071564862
273400,309.60591404475304
273400,293.9117453000754
273400,290.47425252166227
273400,293.1642647713792
273500,301.58803347680447
273500,288.94521834663027
273600,301.9150484941382
273700,224.19494104036733
273700,294.21541690367565
273700,424.33945274725704
273800,310.7556397657073
273800,242.2380296650231
274000,330.0631516646991
274000,271.8509863115402
274100,282.8312826244086
274200,290.3667758213592
274300,227.52330477510975
274500,260.11513383551517
274500,434.6648697285125
274500,305.75880133565573
274600,339.9631317886668
274700,244.09102757523164
274800,226.11575932981523
274800,256.13812739403346
275000,324.50176093838786
275000,345.68185859562783
275100,258.3360530487334
275100,265.9801842807644
275200,336.1579278117093
275200,291.8753520479902
275200,256.91758770801005
275200,271.4781237999377
275300,326.16704360470874
275300,304.6339481102092
275400,295.2581809107782
275500,381.7566583935589
275500,328.7045652535039
275600,311.3098505928168
275600,208.22794767672713
275900,531.5953311745106
275900,375.1096365290066
275900,204.24233065384908
275900,225.64574172182444
276100,357.5137977953286
276200,231.45137234716734
276200,271.00426898244325
276300,213.4598026976574
276300,330.1383506691768
276300,316.23083338928694
276400,313.4004255580014
276600,256.13121547496144
276600,264.18929414598165
276600,214.24785548282543
276600,336.0229333391714
276600,273.95299908029153
276600,325.1070580413286
276700,238.90573889390473
276800,308.4448417423556
276800,274.7738171236245
276800,255.14727789136782
276800,234.7286060100592
276900,277.038086870052
276900,396.0974737654314
277000,280.89166065969874
277000,242.16683521206866
277000,245.8845032164504
277100,350.4757334731657
277200,212.89282773197013
277200,229.94283185645332
277300,361.7950231173302
277300,245.69969820828533
277400,239.4873465013113
277400,273.44993285734
277500,481.4392516437056
277500,251.44687855795326
277600,294.6512058001686
277700,409.8047415997404
277700,383.8164677173787
277700,270.15118877713843
277800,272.66181516364395
277800,272.5757062761109
277900,453.7562578123481
278100,231.13579385746158
278200,299.3477277623534
278200,241.36111602924404
278400,260.22743587057096
278400,267.63089650841863
278500,237.51472300363272
278600,398.70568405985927
278700,240.2947565471526
278700,272.3469437942501
278800,274.60033394338296
278800,237.69865640512907
278800,258.01205866877893
278800,560.4420804476198
279000,283.3827725395439
279000,290.8009347134257
279000,279.0029669274626
279100,236.3828198092201
279200,265.5524743480397
279200,270.6003900237828
279200,283.25872725351087
279200,273.22673476551716
279400,257.8309538845184
279700,245.88763097093693
279700,272.80464229843824
279800,248.83377935137364
279900,272.4761859141278
279900,286.4471979559573
279900,280.5762924956963
280100,302.32616209848686
280200,232.33741613920822
280300,298.44472183571975
280300,248.73857982519843
280300,265.8335834563099
280400,270.09232139784774
280600,246.0562699325489
280600,275.24742297774674
280600,280.4128141196652
280700,270.04127596864987
280700,262.5841044765717
280700,266.48123573890433
280700,206.5787430450208
281100,265.13863538982855
281100,272.16499108691454
281200,322.3351416237862
281200,302.48001839115307
281300,285.82135235023253
281300,270.7949098882192
281400,253.28024285768723
281400,266.85251271641914
281500,365.6756043747976
281600,232.88616647277448
281600,271.47647717676386
281800,213.20021704161064
281800,369.6724077745849
281900,282.72064110044715
282000,251.10885725286462
282000,321.79695200471326
282100,283.5121735345642
282300,279.55206170574223
282300,262.7539018110556
282300,259.20192176161055
282300,259.41286563622197
282300,247.53929751579344
282300,323.28042993013327
282400,309.9804439125001
282400,311.72140914075425
282500,280.98895564670494
282500,328.51246627696224
282600,295.6412972754892
282600,299.63950430340134
282800,316.6216948789256
282900,275.37885662584324
282900,246.33279062294403
283000,287.53029753567677
283000,302.4608456173748
283200,291.0000555675346
283300,261.38024281653736
283300,330.7557071323919
283300,256.49398270922205
283300,253.28028697189893
283300,240.60248976118183
283400,307.4062783634576
283400,272.41107248658307
283500,289.5310991894224
283500,305.5063659684589
283500,283.6270074651421
283500,218.17275875838604
283600,310.41183020423364
283600,293.5708520194005
283700,291.3368187747388
283700,329.92249728314346
283800,386.9409895713921
283800,319.3415340986625
283800,283.28526767109565
284000,257.5387456385002
284100,353.59845311579767
284100,289.0767266225498
284200,254.1740698898042
284200,296.22221464200675
284200,235.29981519339884
284200,278.8848840307304
284200,282.4726327967899
284400,284.37892893665605
284400,330.07110423712663
284400,257.3852819540506
284500,280.2200436478032
284500,359.5159228037908
284600,271.8358962045418
284700,269.4130406930107
284900,283.06514646998573
285000,283.36962263592466
285300,356.3081768532666
285300,271.87069800136186
285300,288.00106224434774
285300,296.45200373041973
285500,335.2202629447419
285700,264.6599759871268
285700,300.86307671263364
285900,287.615176514354
286000,607.1222876123336
286100,324.9390976616729
286300,342.5175193469805
286700,305.12704003822
286800,300.1716799419435
286900,335.5567188553146
287000,268.6861903327907
287100,338.86091782106024
287300,258.6860459150195
287300,914.7849768858547
287500,314.5944556492144
287600,276.896886991051
287600,325.03656709405044
287700,363.48400561393686
287800,343.76033350354413
287900,366.65343247401086
288000,305.68146973906045
288200,305.28044252278676
288400,366.0647192448184
288400,309.38881417238264
288500,363.8192064630498
288600,392.55607894604725
288600,281.4338775950273
288800,298.5662402351976
289000,390.92330341846866
289100,295.674342248305
289100,388.40355990870705
289200,310.06275924569553
289300,328.6075795674794
289300,314.87560649244534
289400,358.6674982101135
289400,360.8227648902145
289700,390.38309119881836
289800,430.203520238984
289800,398.1047489888406
289900,294.9431457182751
289900,347.55069865900776
290100,315.2088471978322
290200,379.8983361247765
290200,467.79373585768764
290200,365.1245086054162
290300,307.97496727542375
290300,365.90666983650726
290300,363.210020591497
290500,330.693779739097
290500,355.4716968753858
290500,290.5156862861999
290600,387.55908786521616
290600,351.6788497773329
290700,358.29993949825047
290700,345.58934393772086
290700,345.87819077782507
290700,426.3957289267982
290800,364.35112070019306
290800,381.08924049377134
290900,372.9361830606233
290900,359.1533057626738
290900,372.61511237940095
291000,359.55752351031384
291000,445.6211037639389
291000,329.7218501225427
291100,373.9354406815392
291200,346.12075595680886
291200,365.81399081524
291200,375.52384948273556
291300,382.8820597938385
291400,367.96119369850175
291400,401.3399021720179
291500,402.006803289145
291500,445.5590427448528
291700,408.62019237581586
291700,453.3105585799778
291800,374.19580357037864
291900,309.5519934871473
291900,424.50924699899576
291900,482.18382565441607
292000,343.5786137319388
292000,379.0138273360658
292000,418.97708440718657
292100,379.4481504506831
292100,341.7280420656988
292200,380.6431364499488
292200,460.9896583389407
292300,409.0232510322259
292400,245.44260763305402
292500,285.0145283728218
292500,317.7707034371748
292700,417.8278221962219
292700,250.09225678884752
292700,466.4694402974947
292700,365.3898764336262
292800,420.76711810412206
292800,472.8668962065403
293000,351.87339066495656
293400,366.7530757171018
293500,375.8292866435959
293500,456.23756523103
293600,341.0092152964919
293600,419.87675118446913
293600,268.2041882341602
293600,624.7208034357716
293700,582.5113383681501
293700,551.9176959701233
293700,237.24948110382485
293900,382.72959800997324
293900,387.4793518989304
294000,337.37563655011866
294000,431.8051316888593
294300,367.3311233356427
294300,442.0397318234671
294400,340.486872386117
294400,366.77836386391937
294400,262.5574576032085
294500,253.67093646716415
294700,317.23463733687765
294900,312.34146243446673
294900,326.2896653034274
295100,279.4265186118703
295200,398.1887223506492
295200,300.0780778095363
295200,293.47225916488514
295200,340.67465197000877
295300,384.59347362656615
295300,312.6215773577324
295300,367.33020017203046
295300,326.30694202443306
295300,343.9182260445394
295300,276.0662118585052
295900,320.0117884388044
295900,256.9647399661696
296000,294.26040916274553
296000,307.8128930721632
296000,277.7220299105461
296100,354.50468563443394
296200,289.98781241411245
296300,294.7677190432275
296500,288.7586818506622
296500,284.86363354934855
296600,330.1582121507192
296600,333.3647465188803
296600,334.08823062622224
296700,301.63703067204335
296700,279.24477085819774
296800,300.91972141797714
297000,350.99641940058314
297000,321.5438144687056
297000,314.9602699323068
297100,347.9295680615336
297100,309.14958334281204
297100,335.3663129258857
297100,290.0189332092133
297300,304.4023327008518
297300,312.62658882696957
297300,298.22825492900097
297500,356.31512451025003
297600,339.85876554845595
297700,353.3969869776635
297800,295.72658044292837
297900,336.6626426510508
297900,347.503726146265
298000,339.9096862144122
298000,298.1053651061144
298100,353.2894559119164
298100,309.039876278262
298200,299.63272599783596
298200,362.210381745377
298200,345.50114376688333
298200,333.3499059184235
298300,528.7684026190643
298300,360.1380072641283
298400,343.4261404480601
298400,276.38195943298786
298500,294.75223887670364
298500,324.46941159263855
298600,322.146400827031
298600,326.27182204782036
298700,343.96672417750335
298700,306.78063674984907
298800,308.5442131068118
298800,338.5830251720385
299000,334.7642802957964
299100,436.60459828773133
299100,354.4463455526407
299100,343.64255707158924
299100,322.45769618488004
299200,278.5607131752915
299300,360.41816863379825
299300,412.6374223724913
299400,374.97025128248123
299500,337.581499946373
299700,312.88087121615564
299700,358.110126757825
299800,309.24811738746104
299800,277.5702820531375
299900,298.55494582173634
299900,286.3585398132704
300000,283.44024251941113
300000,276.29163132040446
300100,365.7272566062054
300100,282.74356640681304
300200,362.89876027440715
300200,326.5966066381216
300200,298.38764362237737
300200,269.38260375060185
300300,332.47090244152054
300300,295.88694524396334
300300,325.52070861090886
300400,278.9087632845602
300600,312.43445439130875
300600,332.74675734639607
300700,348.21250295301087
300700,283.8492685735777
300700,347.4968007571065
300900,362.65803485462305
301000,282.86994999973945
301100,290.15661006823615
301100,411.8971221780745
301200,328.27320125543434
301200,302.9899048802533
301200,631.4759126909257
301300,263.26169814634363
301400,301.76745897573375
301500,311.67888683490514
301600,316.1495439742024
301600,319.0536963872627
301600,326.18649519236914
302100,347.66499909387466
302100,298.3044132565581
302100,301.2880812495576
302300,348.5388696202975
302300,315.02848979600907
302300,312.5327994477518
302500,285.11579388284974
302600,277.6079364555723
302700,309.2323229907657
302700,362.64983623015877
302700,300.8962837028362
302700,297.6956292806985
302700,309.41949196223015
302700,310.5129834872913
302800,343.3316406554897
303000,343.54443796449846
303000,292.5438527586849
303000,293.5302353868965
303000,362.6263261598932
303200,282.7388655450225
303300,300.9377237532916
303300,285.9578643865859
303300,321.1152336557014
303400,304.6450243784557
303400,318.4091502416791
303400,314.8420553773414
303500,318.78839094915463
303600,303.71287532317893
303700,320.4415818888171
303800,296.259624574676
303900,284.40446740076675
304000,304.67698618956786
304000,368.88380299216726
304100,303.32549522365963
304100,266.5243786952655
304200,298.9451710631155
304200,297.0419506653426
304300,281.11259288050405
304400,308.7653702276178
304400,303.40442201218036
304500,327.300868941864
304500,289.2488957236774
304500,296.01785590740536
304600,347.82329326832433
304600,322.37382589488124
304600,317.12544717732993
304700,280.0566298756718
304800,343.4181537649686
304900,324.50558594730836
305000,299.75731950299524
305200,299.9173654886719
305300,313.1927147274283
305300,326.54058443308287
305400,343.41251042943173
305400,321.35024586093164
305400,310.74235289801015
305400,330.70460389775616
305500,354.2306386080072
305600,372.9561382769113
305600,284.00275013000777
305600,285.25930637068626
305600,289.81772547068726
305600,247.36206827818285
305700,323.29010687949244
305700,316.6251931530341
305800,302.0199379629355
305800,266.32604933568217
305800,327.104606426278
306100,326.67222391744554
306100,293.75966888591984
306200,309.84380598190546
306400,258.4519619981734
306400,328.81667624445066
306400,307.646803678918
306500,321.44649062773317
306500,298.237948941102
306600,328.86469656999066
306600,278.0871065334125
306600,252.99273892197334
306600,286.7501808250545
306700,313.79687362201014
306800,368.88934616255904
306800,330.0514923416946
306900,338.0513706830805
306900,310.7715748219905
307000,281.45243140880575
307100,226.82199388033845
307100,288.6893343483568
307100,306.7118439738777
307200,280.53018078574826
307300,363.5719834028198
307400,358.13141592097344
307500,328.19509907070466
307500,341.4595354854296
307600,301.3579682949281
307800,224.43226259675376
307900,299.5913478171911
307900,296.0256827955647
308000,365.0507672743932
308100,318.0970380833661
308200,277.94848476240253
308300,317.44351626779894
308300,325.0916319007061
308400,284.7778785188175
308400,293.2617087380531
308600,315.79056584631235
308600,314.23714030807014
308600,289.62331207206836
308600,286.827563319173
308700,294.3553063017099
308700,325.58070726205904
308800,291.8828916656836
308800,274.3969978030467
308900,265.8310842210553
308900,279.82916127482036
308900,252.6400847583153
309000,310.17679734948894
309100,324.99787249850857
309100,376.0779395858045
309100,214.9588843780521
309100,289.89338390553706
309100,242.35017474641052
309200,306.16038614050416
309300,291.55001055014463
309400,236.2336916985203
309400,251.78827328294275
309400,265.8730582449206
309500,338.11005564333726
309600,322.3090911094338
309600,287.283877105797
309600,340.98307729247273
309700,317.32112590086183
309700,326.47871782391127
309900,281.70780861803263
309900,250.6667668291701
309900,284.2787211689232
309900,299.0698866640698
310000,290.01765638443305
310000,264.1545778895768
310100,215.86448370562965
310100,252.4384528724944
310200,254.93847782008956
310300,321.401746281536
310400,326.1154785152365
310400,221.5808678635362
310400,253.41149010726397
310400,290.1628598711521
310400,251.63695125098937
310400,303.6789574094874
310500,300.8309898342063
310500,226.27986551218243
310600,178.21208745583445
310700,239.01553568969044
310700,257.65104356255705
310700,242.80729777848325
310700,243.89074074777807
310800,232.2901694512122
310800,185.78602556640527
310800,347.6957537010353
310800,237.13607769236395
310900,275.0539883566557
311000,318.9981715670964
311100,254.3164018507222
311100,290.1109164125259
311200,285.82427290014806
311300,211.78000582379542
311300,243.17657751949122
311400,254.0655374852197
311400,200.68100479357759
311400,275.28530219709376
311500,348.2456339958943
311500,306.0082005746101
311500,236.42760664426092
311500,283.7215713386891
311600,253.01520718834263
311600,288.5413777767276
311700,247.5337030698526
311700,250.94128315546084
311800,239.02908337478237
311900,228.20460387162007
312000,202.81203386798117
312000,249.1311077359146
312100,299.9908875038316
312100,242.96583039159057
312100,227.8386514318995
312200,260.4505957728088
312300,224.0726053330637
312400,289.4181017748853
312400,264.91146577895984
312400,273.9573684826897
312600,277.29652845271397
312600,213.13438951895677
312600,253.56057417244108
312700,255.40701035660246
312900,268.8656487566803
312900,163.3212519036944
313000,264.43989068636773
313100,229.16411786851805
313200,220.13616186928573
313400,267.24437730788406
313400,255.69642986663416
313500,255.7206570759716
313500,221.79917224100038
313500,228.1778319492522
313500,184.8546099652551
313600,235.0642347515658
313600,241.76699104804305
313700,257.7809542880481
313700,217.7385866215961
313800,270.43623900084754
313800,234.6095168818002
313800,238.56125811225914
313800,246.2580426567463
313900,222.06819211854932
313900,226.69182489284017
313900,250.79513889818972
313900,251.56324435879912
313900,159.7123693156694
313900,201.1944745102977
313900,238.7653358109795
314100,261.1077151811066
314100,246.83801482914706
314200,214.09466435240535
314200,243.77427005874532
314200,217.54557741333065
314200,251.77749283228374
314400,194.9857138475981
314400,214.99990870183828
314400,213.6000416692082
314400,243.7944600658868
314400,239.78173632868646
314500,234.4511618497948
314500,257.2127654123083
314500,327.592050368504
314600,252.62753634667143
314600,230.83469597288942
314700,217.03103368164045
314700,185.48540854516975
314700,188.66174418116236
314700,240.6496234828195
314800,223.81433803744764
315000,249.22352510848586
315100,229.72605491444241
315100,247.4728916986195
315200,225.80537557307844
315200,233.54593174546332
315300,235.44844621278395
315400,230.73836136811883
315400,246.15150164600726
315400,235.2856373934271
315400,225.4929676592336
315400,206.23759328151044
315500,222.52143389457592
315500,227.05551213030253
315600,225.95191344227499
315600,226.71733912665277
315700,249.62140794041036
315700,175.36732409389512
315700,239.29527074892746
315800,244.55229872930397
315800,197.98643139821428
315900,238.69984799980557
315900,224.68598944827482
316000,229.90493694559538
316100,235.97516846982865
316100,221.0669054388634
316200,227.47015622395338
316300,240.44311593807655
316300,230.26809018342811
316300,248.85282096290968
316400,286.25944961479513
316400,271.73792315786733
316400,217.11822106035956
316800,266.25862418100326
316800,245.94840867652468
316800,234.06626772418028
316800,257.54919738323804
316900,209.584944891263
317100,242.114427453913
317100,236.40419676787153
317200,238.07980413328647
317300,275.1699240294498
317300,235.69879006525605
317300,252.26220832602212
317300,259.34187159484424
317500,223.74083134230116
317600,205.21133949771453
317600,220.55407967469276
317700,283.8981512599398
317700,238.54285409017587
317800,259.50693328405487
317900,239.49539167278672
318000,282.86209983869287
318100,276.07651223393947
318100,237.73509914994906
318200,314.26072323752607
318600,227.69778970885108
318700,255.69113732159522
318700,255.27600218073073
318900,295.9944564538406
319000,211.24147855440856
319200,260.06337601326976
319400,304.71315551257544
319400,262.6941317035844
319500,261.30961118945885
319700,268.1341583368833
319800,290.1981055654692
319800,298.11699231510266
319800,288.8650445699222
319900,256.57632980420476
320000,316.1708624118546
320200,253.0113690789937
320200,268.294095205383
320200,311.9012261791736
320300,257.3714457508727
320400,292.1776900006043
320400,315.8188882010175
320400,338.45253736862145
320400,302.18982588289794
320400,332.6789040986948
320500,253.37093036878085
320500,248.71253718141548
320500,294.67645095246553
320600,259.6210556679311
320600,242.84074708914866
320700,258.49169812994614
320700,267.5946143894636
320800,306.7260784985902
320800,309.81182451826027
320800,368.5019702083711
321000,333.068931592029
321100,332.0818210842774
321100,322.64127131621126
321200,359.945444117052
321400,279.301399352827
321400,317.3650521970219
321500,280.2760402267622
321700,374.6207818693215
321900,302.43056755587384
322000,345.45347666404405
322100,279.78192486740767
322100,359.3048577327955
322200,280.80274005458136
322200,363.0915264524504
322300,333.62895246867646
322300,300.1653857404027
322400,280.2128756938133
322500,401.923796654147
322500,306.25096147228464
322600,343.5139293796428
322700,269.58371337035476
322700,397.10791198380906
322900,293.27426085567544
322900,276.3777441545163
323000,334.951625734697
323000,333.37484576008166
323000,319.13700155673337
323300,329.6676020493726
323400,296.9357998971754
323400,377.279860101174
323500,254.44639578383476
323600,286.2173276092602
323700,430.2654518619005
323700,285.3856233371466
323800,396.37556280831393
323800,417.6051410680583
323800,391.24909602240314
323800,346.48008517484203
323900,302.4257632549967
324000,403.9277661959855
324100,413.09581220167325
324200,376.5939508063349
324200,426.69260253589533
324200,326.74358415758206
324300,310.39537875974565
324400,356.0566551112323
324400,425.22511575184285
324400,408.7551452676805
324400,325.1822622891065
324500,307.95116313648094
324500,329.2191794099992
324600,259.98658899788376
324600,379.5882817188352
324700,421.1708921942165
324700,285.67023899988385
324800,327.99631024017793
324900,517.9220679077621
325000,253.01628092199712
325000,310.9814595642471
325000,283.9718798361856
325200,381.98520846419166
325200,269.40167426569724
325600,281.2051777138262
325600,254.76843978154682
325600,488.16792796142596
325600,241.5881959044418
325600,437.6132839408844
325700,442.62077415224167
325700,344.3631125600222
325700,254.58970949156677
325900,283.6478502173833
325900,254.7246515859429
325900,227.2827693913341
326400,301.63055028695845
326400,443.89774962661176
326400,268.1099424638477
326400,360.8259781633935
326700,309.76653325350907
326800,531.7506510228509
326900,448.60044068515003
326900,466.86696946003815
327000,283.10408685409374
327000,325.85107323130154
327200,342.6858860091528
327400,307.6661015270735
328000,362.3814355994859
328100,301.4653951432925
328100,295.13350814543435
328200,328.60759864138396
328200,528.3022427275898
328200,352.3405250034304
328200,281.38513183536526
328300,382.9617708686987
328300,314.74241790000457
328300,350.11465554990156
328300,395.58245560390907
328400,290.9652482871801
328600,412.8676736925024
328600,348.7031868999827
328800,238.01406947622056
328800,374.2250991798568
328900,403.81029558978673
329000,457.82958952531555
329000,323.51587112982156
329200,285.2252994432406
329200,216.80668391030332
329300,355.30958048757554
329300,292.0841766270555
329400,359.5383909729553
329400,244.3021933644222
329500,329.59595774665337
329500,294.8808967846522
329500,292.3373059854373
329600,260.6348046711422
329800,264.22077307621925
329800,317.4299951187137
329800,425.5915306045809
329800,436.54571426328187
329900,294.33258678973385
330000,309.8981062691694
330400,333.16004613501536
330400,331.30728354092975
330400,391.436222040497
330500,349.41869188814593
330500,313.26710372951453
330500,300.22308333661977
330600,226.6615030409199
330600,287.0654881634979
330600,324.0847312983683
330600,266.185005665941
330800,319.25148081685774
330800,427.50387142367384
330800,369.7840049243585
330800,394.61499670702835
330800,323.2138827665107
330900,266.3325340049087
331000,367.2219978164287
331100,270.3662668271686
331100,350.3762427558243
331100,427.6605131957653
331400,492.7263639472755
331400,336.68133053207697
331500,368.36429024561073
331500,397.5022842564158
331500,322.10848909830327
331500,352.29128843241693
331600,426.1302842004222
331700,284.8652918130474
331900,334.5195788390926
332000,234.76057862175475
332000,370.7064766284261
332000,360.88396449465256
332100,667.0359023703242
332100,317.4518507136804
332200,272.85636537966946
332200,588.9004822909365
332300,265.5073201093309
332400,371.0254028902713
332500,391.7583168603155
332600,317.36183160119435
332600,424.80290254699224
332600,365.47676014646
332800,369.20399595294106
333000,534.8377468932116
333000,335.8180943277976
333100,328.7676610241493
333100,344.8989234913766
333200,402.89759618417753
333200,239.61499426229295
333300,527.3136600235829
333300,245.78447250911643
333300,379.4523058435546
333300,473.95140390017457
333400,249.95046359360651
333400,332.6489134874466
333500,257.5420042508863
333600,254.58742528387168
333600,272.03228949935914
333600,272.33285455575924
333700,271.36724588139555
333800,539.538872403067
333900,250.14129827543908
334000,351.08203483831306
334000,481.0733349962882
334000,235.85929682979136
334100,292.43314114945395
334300,365.76284883830886
334400,272.94975396101466
334400,311.35110686878716
334700,645.3023023247927
334700,320.29988199011336
334900,295.2840677184448
334900,264.22533510674765
335000,315.22998279840385
335100,406.92678394107037
335100,335.58256568738165
335100,323.97925350953307
335200,283.02318288580096
335300,302.4531991041444
335800,417.28011201651907
335900,503.3357972568791
336100,270.9394580136847
336100,629.6622671065402
336400,373.026178345091
336400,338.98960913611427
336500,350.57407375651655
336600,270.72703583237893
336700,318.5445371386305
336800,375.62175400309195
336900,291.8735278743052
336900,331.22021912777814
337000,384.2346897160495
337100,556.3381755009299
337100,313.93770578617927
337200,300.12791358820834
337200,356.0707461276574
337200,542.8619613629944
337300,337.5219460798297
337400,385.3047517318775
337600,348.8189164613842
337600,405.4503921969617
337600,371.50525532771593
337700,338.91130102057883
337700,654.7166944538413
337800,403.5529930490001
337900,357.6776944089494
338100,342.287163947231
338100,380.20757105563985
338200,391.5574029156864
338200,377.48615277219136
338200,307.81002066488446
338200,329.6147422987436
338300,326.8177958923357
338300,387.7069527761182
338300,282.98066244414366
338400,356.128874912683
338500,402.5170860151795
338500,322.49566061977856
338500,286.426627411115
338600,361.4361644283123
338600,333.42521141677366
338600,349.8209793596825
338700,448.086035944218
338700,471.9998428715052
338900,328.66935478387404
339100,476.42280132902346
339200,335.01391191824257
339400,421.14407047083625
339500,321.7801284496815
339500,315.02379631013673
339600,382.5593090131492
339700,412.432798555293
339700,341.80261969084273
339700,323.1483327947587
339700,350.8401916846201
339900,407.4570545065971
340000,376.92166737235186
340200,355.80348673759727
340200,285.5325171359898
340200,1196.0602183559815
340300,413.7494551294083
340400,521.3620184611643
340500,324.70165006508
340600,330.8007571884469
340600,363.4748880873402
340700,345.72753259165836
340900,498.36522662560395
341000,383.71572636231826
341100,350.00046344332856
341200,385.40710395907087
341200,482.4459098403674
341400,357.8317241941385
341700,357.64337585007706
341700,340.60801872653
341700,422.92555063286886
341900,449.450824817413
342000,353.2356157293575
342000,367.94230862440526
342100,425.32014494204867
342300,360.7409119597943
342600,336.8464756345002
342700,379.87617428139333
342900,248.1231949911672
342900,289.549916672013
343200,494.4266585190739
343300,269.8466086725053
343400,485.230830060638
343400,547.6634771571568
343500,407.8899602062983
343700,312.97073676140974
343900,417.98236526649856
344100,483.11034254397714
344100,297.1800835209168
344300,310.2000421890352
344300,411.67380956410744
344300,356.8747101076914
344300,552.876407107608
344400,343.39120109348653
344400,429.0844574870333
344500,313.1047121659601
344600,304.89418077071645
344600,432.0725328512197
344600,399.1564845880044
344600,324.69307102938717
344600,480.76602097400456
344800,552.5856151596772
344800,362.87618652997526
344900,319.17357050178015
345000,326.57458021085574
345000,414.62495882114314
345100,577.0997856372433
345100,356.10994050133553
345100,385.13777181692507
345200,381.94648698527266
345200,514.6800500081872
345300,379.4811434537936
345300,260.70947952069105
345600,581.3442119262611
345600,357.53101976822234
345600,367.30534250070076
345700,401.66545068874717
345800,372.46446811225485
345800,559.9545524319922
345900,297.47601263028645
345900,318.6637589747233
346100,381.035306518961
346100,400.82182915022776
346200,653.9300469074471
346200,450.10719322631513
346300,464.2685135807523
346300,371.5382462874818
346300,379.50209498792304
346400,494.72068474697625
346400,282.9798869562501
346500,419.5046093059171
346500,589.7874899375955
346600,402.3844800133603
346800,415.0117333590511
347000,322.8957244772708
347000,404.462328894636
347000,432.07603869585864
347100,493.1948418767294
347100,382.8988849876244
347200,493.1116224899231
347300,310.955400537285
347300,484.1764056418005
347500,352.7177854681715
347600,360.37604310004224
347700,378.1591140999453
348000,674.5566885444673
348000,508.0458648086104
348100,554.0707698119743
348100,296.20359797662434
348300,561.2582488313558
348500,464.90135007500515
348600,434.22877467360297
348800,330.1212631613335
348900,317.48791529418696
349000,423.76208663440184
349000,399.9597490805936
349200,419.06128332297294
349400,477.6613538014575
349400,568.4098597245654
349400,310.9035729739328
349500,432.5359758753332
349600,396.7535260978463
349800,485.4085911431788
349800,388.31949610541756
350100,510.25889220201105
350200,406.40826079833437
350200,370.73318084791396
350300,663.7617979452391
350400,491.19273052444277
350400,525.9273492885466
350500,299.85808569949035
350600,306.0731732714979
350600,426.7325902030258
350600,293.1487457446684
350700,548.2016343548014
350800,501.9952661019843
350800,363.83740514914984
350800,319.79537220620574
351100,331.79155798191414
351200,361.8782398695006
351400,340.74678551060276
351400,346.96414869096947
351400,353.3616118146047
351800,373.06811428463885
351800,491.4415087428375
351800,346.5003939297588
351900,515.6103288405644
352000,346.1128559582978
352000,478.95268652697933
352200,347.56608661179627
352200,319.1788958816992
352200,538.338253797059
352300,329.84515468244365
352400,834.6007792782278
352400,375.3793281206304
352400,314.66797888403545
352500,342.0500245774062
352600,381.10393494774166
352700,382.7924433485942
352800,597.5943039186102
352800,448.2289425128873
352800,460.9448835856532
353000,358.8503130506305
353100,401.7507328398852
353100,409.7759545410138
353200,484.50084255794053
353200,362.06204046375956
353300,409.32934710103507
353400,525.5125904915689
353400,377.0293549582251
353500,452.50135020252145
353600,460.15696711839854
353600,367.81442096923064
353700,288.8638462889242
353700,357.7246970568393
353800,362.67847579433567
353800,374.8055621876043
353900,479.8483346919742
354000,418.442173687596
354000,372.1429367664398
354000,362.7127397889357
354000,393.39957439151556
354000,517.2099314394604
354100,482.2614772977532
354100,486.29697464009104
354100,460.2858811069979
354200,333.84694373005453
354200,556.5093657535442
354300,364.3137923953846
354300,361.06622557111865
354400,404.2461493089359
354600,442.9076694190204
354600,356.28537139982626
354600,405.4074133340587
354700,487.84016142250704
354900,346.5037151363889
355300,369.3850460959539
355400,456.5384975989195
355500,344.3709331296787
355500,511.6955981933181
355500,302.1438454057279
355500,367.687793417636
355700,344.2751394340668
355900,429.61320575015276
356000,254.5607704080004
356000,446.3501164862629
356300,392.53360955092785
356300,479.9731811901588
356300,467.95558828699944
356500,362.12382989275636
356800,313.57520417426196
356900,401.48793135872165
356900,500.53231600266525
357100,381.3726073624004
357400,353.0127203463645
357400,431.62197384260077
357400,383.63791014336175
357500,370.04039175807185
357600,339.18744052479053
357600,447.3709385387509
357700,405.52896050936897
357900,431.8679408971654
357900,347.91185636140347
358000,534.3510609775577
358300,460.2751135450255
358300,398.0172935299874
358400,336.55394065562643
358500,300.859621087942
358500,296.87121135791176
358600,219.00588217392175
358600,398.268193241425
358600,369.4182594156967
358800,438.1798142502247
358800,347.0373645088936
358800,299.5584150637331
358800,357.8468961932049
358900,359.25590728993035
359000,333.58829470497136
359000,302.48022646882475
359100,308.91473055112215
359100,310.17658507021906
359100,347.90815149790325
359200,630.0021867533864
359200,425.934220265599
359300,553.6422173686927
359300,317.36085621275953
359300,351.1492583419966
359300,452.1613873902984
359400,445.47216266547883
359500,325.92278463985576
359600,275.83910020217223
359600,242.78966456077933
360000,320.3808246082017
360100,417.86666976790804
360100,346.7661071066194
360300,359.08434048005444
360400,383.3472718996623
360700,320.6775105569507
360700,517.330285901762
360800,487.284342581822
360800,327.0085172815932
361100,426.626592908507
361100,366.96856261804186
361300,332.6840097672976
361300,542.0731629156909
361400,397.37716102842194
361400,330.6567164446148
361500,586.503886158268
361500,315.70367130991974
361600,387.6911355739617
361600,356.4974072199065
361700,476.9379926795322
361700,268.151484497826
362100,703.731022224714
362200,411.0064154851674
362300,365.15722393625174
362400,513.2750058806182
362500,439.29214414627404
362600,542.5990551107514
362700,470.41365203613833
362900,342.89951020008886
363000,389.51148908357595
363100,357.6286663670543
363100,397.37501619872876
363200,468.0823045205846
363200,482.28242136139477
363200,525.7573807005697
363200,522.2779412147256
363300,481.44078848824375
363300,344.5028025773226
363300,435.16185054611094
363400,389.3046064691743
363400,359.7432864624658
363400,334.2356996326098
363600,475.9874657487755
363700,348.0341618527592
363800,518.5031137518612
364100,442.0920757845339
364100,526.8977392789346
364100,324.35416984238935
364200,374.2088070310498
364200,630.170534506781
364200,340.2161826725816
364200,481.08274558534686
364300,380.81697336757105
364500,524.3319510009028
364600,318.0929505141589
364700,362.1006512755755
364700,306.69087403976306
364700,480.729651884055
364800,555.4973769785004
364900,394.8136576568917
364900,333.6994496830937
365100,361.98771642145624
365100,491.5640022852084
365200,337.198666479944
365200,342.82514752822016
365200,471.9407085045425
365400,313.21448869792954
365400,321.30365392092574
365600,399.225491139733
365600,360.02243350129885
365700,348.2873760979244
365700,326.60061953545323
365700,370.7140673532946
366100,416.31538413211626
366100,245.5918402613322
366100,377.29620412570296
366100,524.820457883662
366300,365.2626823986259
366500,461.3452258149712
366600,355.134466648525
366600,407.712500855963
366600,394.3583973794995
366700,365.52512825915187
366800,369.4933120583585
366800,349.74174787485646
367100,338.9274750345764
367200,396.8219914472626
367200,278.91245315253616
367200,428.5562948140246
367300,261.70079796488324
367300,422.30836428163474
367400,557.0584204112831
367500,395.2504026444812
367600,474.92139517753566
367600,368.0609103486549
367700,314.11269380054017
367800,528.6728615337825
367800,444.6101485112476
367800,384.955234863463
368000,424.397052528874
368100,314.4896227695119
368100,443.83745134993455
368200,439.06906777474506
368200,339.7267401841897
368300,281.6655032729982
368400,310.8952619303068
368500,646.3438734281546
369000,418.6410503989005
369100,372.1652804973677
369200,357.89274110442176
369700,462.19645503620853
369700,490.8773985753665
369700,310.7613052161393
369800,295.3689429110771
369800,454.2922331387023
370000,354.35681464820715
370000,402.4890244769037
370100,270.1597943384796
370100,538.7602012265675
370200,586.8711197150064
370200,315.53159570613707
370500,354.4034133879187
370600,428.49656917950875
370600,479.5515760010444
370600,294.49884978203306
370700,295.38790374075097
371000,483.67943321820206
371000,352.18204632079943
371100,288.7476737927841
371100,355.05314277006187
371200,354.73148458316706
371300,496.36947841570446
371300,485.6741894465279
371400,450.16447004878927
371500,383.70845781984787
371500,407.9234485990215
371600,400.65337749870395
371600,347.6353882897269
371700,435.50749901501445
371700,449.677946570131
371700,397.66141465785387
371700,344.97527915260713
371800,433.1221680553204
371800,321.01374265554495
371900,353.01632712106755
372100,422.63184338687876
372200,338.67629485897174
372400,500.5576281956853
372400,285.2939655571312
372500,311.92618098347066
372500,425.5666703153238
372500,390.17931597615495
372500,382.855208451583
372600,333.3687298222773
372800,347.5083667055635
373000,390.84919853791405
373100,253.8397945341586
373100,315.93179637648905
373400,509.4259180015124
373500,513.1389488954329
373600,293.4978633138104
373600,425.47697569785083
373600,301.8929685627983
373600,379.586271799608
373700,331.2406641067093
373700,307.3879745558372
373700,392.4796142983367
373700,484.5020325245911
373700,590.2188193729041
373800,301.6992751124693
373800,349.5465382605479
373800,299.1210686685341
374000,407.6448644637055
374100,364.26790970911225
374100,526.2863585454372
374200,470.16031718462943
374200,397.3607024092924
374300,311.96261708592283
374300,343.8341284128446
374400,357.37463931449514
374500,468.7050591371429
374500,516.8029746380779
374600,327.2380666626845
374600,395.3722745934096
374700,401.1396075029791
374800,336.4199313958996
375000,394.5745087888287
375000,510.08932933717904
375000,463.24281791257107
375100,364.0559833117762
375200,260.1677233554508
375200,482.27243173792607
375300,408.38597274622396
375300,473.03794264217527
375300,252.15918860218943
375500,565.4123007887795
375900,536.765449376224
376100,595.9161217605221
376100,550.5578545528974
376200,598.3135945028883
376200,325.6492848916756
376200,299.3589772774606
376400,500.83047682683525
376500,337.62284826146373
376500,319.4833853405462
376600,233.94173329174362
376800,316.280067599538
376800,313.03380106113525
377000,443.7547433638387
377000,346.04383023907184
377200,463.6543025527876
377200,456.66634675987507
377200,360.22522919965263
377300,502.4078306775119
377300,958.3665651855052
377300,355.3145592101345
377300,304.0757396933897
377400,361.4182413322212
377500,350.6174112189884
377600,425.11072296961504
377700,474.1786697896929
377800,440.2619940369948
377800,418.2603856295243
377900,328.9765309411901
377900,358.6126674966963
378000,320.1571682823339
378000,339.8218411027089
378100,322.1931741990829
378300,359.94824819669185
378300,315.86979010144694
378400,356.63941435831936
378400,355.4252192139469
378700,337.60976022155404
378900,338.83242973031196
378900,414.8083515522771
378900,318.3245645994289
379200,277.5397706980277
379200,259.9048718272502
379300,294.09111214543714
379400,364.9671467113365
379500,340.20597431153743
379600,381.15793691855055
379600,299.3694325139737
379600,386.25326980084384
379600,493.4422476226707
379600,354.4226741690943
379600,401.5549725156773
379900,397.1523330268781
379900,359.60706172435476
380100,319.28005494296076
380300,301.78748580103644
380300,336.4393185961298
380500,382.85049907710123
380600,334.1789314483499
380600,338.49204769863456
380700,412.52879945173265
380800,421.84987378331624
381000,334.90266336308053
381000,221.69395691220666
381100,319.43248812282496
381100,388.9992365708955
381100,371.9008454261461
381200,396.7307739425934
381200,408.0327239655144
381400,333.10918956090046
381500,376.0170230251913
381600,371.6888335566923
381700,391.095084815411
381700,308.3055591468116
382200,351.945865705841
382200,380.93258957205325
382300,468.66832066803465
382500,500.51863285273595
382500,461.89479950593665
382600,514.1920060613294
382600,447.6127641530647
382700,483.20267608916606
382900,558.7133100899804
383100,405.1993291752176
383100,344.35394926352143
383100,387.3420916319765
383200,384.80998612353534
383200,338.5636288387494
383200,340.17591117139045
383200,451.73975007701165
383200,470.6688167344166
383300,363.8796860845301
383300,285.71741764556134
383600,494.5046152056617
383600,306.13445628872194
383600,366.2617244325938
383700,338.14162045651716
383700,476.16629406343026
383700,444.0969668162007
383800,487.4599191058083
383900,687.1298335861333
383900,438.6339714887779
383900,373.95907834064576
384000,449.8201661988867
384000,367.1160349224201
384300,338.8151443885852
384400,381.7809351773321
384400,288.7441623016335
384500,337.7644402278353
384500,465.5121024846258
384600,461.255083338173
384900,378.95363155688614
384900,329.6852787894602
385000,379.46810537399773
385100,471.38347268457875
385100,297.4984988239242
385200,306.9850947167885
385400,315.0875860017948
385400,533.918632268681
385400,369.43645114910424
385600,405.57073340344556
385700,313.58569649107875
385800,580.3980327022772
385800,425.9048234781334
385900,324.70034237353383
386000,253.95695778999328
386100,343.2373714047748
386300,442.11523608581047
386400,331.76239866408946
386400,482.0316618917573
386700,492.0575223052791
386900,386.9435060969287
386900,585.794900084843
386900,285.7875574693163
386900,482.2380063148127
386900,366.31587083989075
386900,375.3791529152456
387100,282.4226764712786
387200,350.96077577914707
387300,320.85388828071075
387300,296.4333396610008
387300,343.4614857671459
387400,287.29936370317944
387500,369.66682332697854
387600,512.9260610331025
387600,325.4611139940882
387600,286.60042913249595
387700,347.5830200251096
387800,448.1723963312984
387800,400.0130064994698
387900,376.4507793136582
388000,328.7555278401504
388000,382.9496379285337
388000,382.6215551944632
388100,290.3515481736894
388200,527.4515918152929
388200,310.6067509961496
388300,558.8541939432059
388300,573.9629380090443
388600,393.9504398421221
388700,412.9836686948275
388700,360.8921055228526
388800,477.44320786120625
388800,337.5743459600079
388800,304.7260696568891
388800,429.212529465761
388900,336.6782368771823
389100,319.72804324969815
389200,344.82615667859517
389200,245.62357412533646
389200,296.2777237934497
389300,480.43023488692256
389300,544.1405892429789
389400,532.8120030116124
389400,334.2742984326347
389500,326.63962991003274
389500,301.8321697425482
389600,272.6043103578034
389600,556.0731231947047
389600,388.89676480548684
389700,356.5498218567713
390000,288.0165824548662
390000,334.14354366452903
390000,303.94482639957357
390100,624.063215702933
390300,328.3995331517482
390500,329.0476810458939
390600,552.8664472531576
390600,278.6480919638175
390700,270.5925076660853
390700,287.78341480916663
390800,359.97164226154337
390800,359.1470573666756
390900,299.9095270414237
391000,327.99137652697607
391100,269.62375736995216
391500,380.16549520420904
391500,402.0488832391176
391700,347.64386755925227
391700,379.035643434185
392200,512.2240079681819
392200,453.2359409810318
392300,327.1640407232995
392300,354.13300858731657
392400,555.6944885375897
392400,309.8096653482223
392500,372.10889372083835
392700,467.06407244721004
392700,306.69700540511775
392800,430.5227013956427
392800,250.00778458128696
392900,267.73198572266506
392900,322.1331718298952
392900,354.98300465711446
393200,410.7193676090924
393300,450.7042957598176
393500,337.18468652858655
393600,367.51989639150594
393600,293.1768585532203
393600,324.7715297599912
393600,529.8577716030301
393700,282.28793831578065
393700,543.0366461029744
393700,499.5360895015155
393800,349.4095409139863
393900,360.6848879162224
394000,331.2892087884137
394000,345.96341270022634
394100,350.9253054821758
394200,470.3327737970216
394400,310.06502071375957
394400,481.13322864533666
394500,339.95887291641975
394500,292.9019784458087
394700,330.67025956946
394800,441.34836970080124
394900,348.12551840813745
394900,342.5076138849351
395000,358.0514460787891
395000,394.0775864333948
395100,433.56055798593223
395100,348.96862363309805
395200,478.58459522129965
395200,445.5236144771748
395300,374.0248891441904
395300,380.1420183444219
395500,243.5419810655079
395500,337.9374043205837
395500,397.7728259177477
395700,419.77171467019247
395800,309.8221010679742
395900,386.05854129270375
396100,342.04477702017624
396100,262.8170646340843
396200,315.7716807252808
396200,339.5960330112312
396200,358.34944372351754
396300,349.5181195972166
396400,396.1247111051933
396500,422.99725540491664
396600,334.24969244035645
396600,379.6697701413537
396800,361.4793808635721
396900,280.0374049325508
397000,357.61341356584006
397100,243.79560232341464
397200,359.8310369343262
397200,354.6902580044754
397300,307.01228243429625
397300,225.83163268296747
397400,510.63109569607633
397400,337.72803559776236
397400,428.47448304492474
397600,388.91449685738155
397600,413.2411820940571
397800,407.6546909844162
397900,454.05483624702435
398000,308.82922109680806
398200,263.4220920713497
398300,463.61000012679386
398300,402.5647881698297
398600,440.460070258377
398600,407.9830996269214
398700,389.2801154360256
398800,475.4335172690604
398800,350.80828031820914
399000,469.858925380582
399100,336.27179893178425
399100,269.6454980365271
399100,353.92727721449137
399200,332.5015984448239
399200,408.4372578079931
399300,367.9310698547666
399400,446.6885255807519
399500,472.08223950452395
399500,441.42455770439443
399700,319.7294318184278
399800,454.5324121952971
400000,305.7972459716249
400100,264.0588609105841
400200,350.55551368513835
400200,353.8377461779764
400300,425.60104163525233
400400,602.048003859184
400500,242.49929466145258
400600,368.0034287274459
400600,352.0183408847654
400700,518.1844732186098
401100,365.7033731778239
401100,244.20512310516952
401200,373.1453968022798
401200,431.17554219051004
401400,360.7664197979908
401400,259.1145728418925
401500,290.0874386946989
401600,285.75857484505894
401700,295.0280138827744
401700,397.49532236683933
401800,412.9809022713226
401900,354.1171759900884
401900,315.14527416831385
402000,328.7152750201299
402100,523.8398833863567
402300,503.1656201527821
402400,391.33934557636144
402500,374.30315668975487
402600,395.6896575343559
402600,271.03666212856757
402600,297.54432059613424
402700,346.7500866802145
402700,375.5455293298727
402700,355.42595357609963
402800,324.31570460094076
402900,294.000576780012
403600,334.6751077074465
403700,565.3558811973313
403800,297.7712108827567
403800,301.7398424387773
403900,495.2073885875987
403900,295.17072719695256
404000,396.38083269975976
404100,200.307042951688
404200,519.1779588974288
404300,313.86474133335116
404300,496.8931782503873
404500,512.9526251261711
404700,506.5531583595272
404700,259.48549605312013
404700,490.94109158304883
404800,320.9708596857698
404900,535.6116075658582
404900,391.33821729080563
405000,277.36665795127567
405000,223.19575890001923
405000,502.56510263921234
405000,525.3563567091836
405100,435.9685359836284
405200,642.0377989655625
405200,493.4313605030451
405200,362.097744841659
405200,389.6306317862631
405400,427.6100438724429
405500,481.71110132136533
405500,480.0721536681119
405600,597.2599794072626
405600,355.2549450226533
405800,453.572727649745
405900,205.17387567385097
406000,243.72937037730335
406100,422.3512308589744
406200,392.625738046713
406200,409.94661702843615
406300,358.3723478341904
406400,496.824727037853
406400,322.7248037759539
406500,438.16679665764593
406700,395.1783111093228
406700,224.978562294588
406800,524.2787755798304
406800,302.8862606327204
406900,439.85741813342963
406900,338.1049121796585
407000,373.6116625445483
407100,552.6345228795816
407100,491.99181985759856
407200,408.1248781016196
407300,351.15245586858106
407300,432.4413553887686
407500,223.72182244465236
407600,498.04738271255206
407600,292.92592670472504
407700,391.69968429706705
408200,409.3298398984776
408500,804.2260305235865
408700,613.3183681955843
408800,420.76800372309987
408800,327.7001759358199
409000,423.79669519075895
409000,522.9186161230081
409100,316.5638604055656
409100,438.45385609491734
409100,460.6422227020148
409400,392.52330390201746
409800,514.1801545462748
409800,513.6643103899108
409900,559.2345129962139
409900,314.9058182064682
410000,314.309465516509
410100,400.5655373780672
410400,442.42189035866835
410400,341.92515761309966
410500,489.5131258607603
410800,422.2029260963921
410900,331.43758260007365
411100,437.3391035948929
411100,542.7317671874854
411100,316.84981549673256
411200,563.6428135035527
411300,334.084672576307
411300,413.33637836701064
411600,503.6673760842918
411700,350.8832289841434
411800,304.697079370799
411800,438.24437761719184
412000,276.0358695715237
412400,498.551101104878
412400,499.9195121874247
412500,398.26451945797436
412500,329.5888044186672
412600,252.0730361459966
412600,555.5688797368203
412600,358.20636989644197
412600,580.2979992339194
412700,605.8901390709028
412800,472.77741289532173
412800,364.0981855130881
412900,406.7232026265673
412900,461.8414335638798
412900,476.6781098230671
412900,517.1642556363959
412900,432.9807025843934
413000,423.00763240229264
413400,466.90784346127884
413500,439.87671673507197
413500,344.07169345968765
413700,450.77394239125556
413900,447.5115421625977
414000,446.678084461926
414000,427.7993405785508
414100,404.501813112584
414200,363.9148986748787
414200,531.8655588415769
414300,604.5388256187163
414300,332.6525338486401
414400,425.61672857320656
414400,343.0058928109414
414500,491.27596819605156
414500,619.437116497699
414500,362.57634788365147
414700,385.99824946301254
414800,547.6447671783774
414800,502.84755879312996
414900,375.67901190108773
414900,433.72756339977474
415000,907.3052080713928
415000,509.9058732247817
415200,311.32875033313877
415200,409.2090934176711
415300,639.1746908566232
415500,489.35919130002407
415500,498.0841209260852
415500,367.2516296102371
415600,522.2386316542619
415700,432.1486924299437
415800,502.7782743309326
415900,449.6079399462071
415900,456.0775150530388
416000,318.3094720908495
416100,394.1214154071744
416100,412.89646339135714
416200,549.3807054910512
416400,491.8913781543522
416600,350.26847532996305
416600,370.1228170578989
416600,517.8330800441786
416700,388.59668706124063
416900,478.8274990253602
416900,646.646980371353
417000,481.5276759617598
417100,466.7426489306656
417200,434.58403697063324
417200,539.026907850902
417300,492.6659800350829
417600,319.4606917322046
417700,481.0970779289677
418000,488.2501574786033
418300,474.60246853426645
418400,541.618627975785
418500,522.134675810036
418600,482.733718225832
418600,646.3382838950108
418700,390.75452082807186
418800,450.02887926572623
418900,676.537864866715
419000,297.52896460196274
419000,436.01131173051004
419100,434.68277773476404
419100,490.31702562416973
419100,402.59466777760787
419200,384.27461075588303
419200,459.4934761395019
419600,495.15412238493013
419600,490.70636829049465
419800,328.05099700176754
419800,334.16971138639576
419900,436.36354729823694
420100,460.3178996458777
420100,509.9393670403136
420200,494.4772736350926
420200,453.7842329887364
420600,408.69587855475464
420600,377.9885746576417
420600,479.286178766566
420600,293.23812281831357
420700,437.7039234239675
420800,437.58565394387267
420800,430.8401265301483
421300,421.6819846819958
421400,431.44889064102614
421400,373.55504701554673
421500,375.7916972386124
421600,440.20342031135397
421600,413.8772148055892
421800,458.8822347497045
421800,330.2606646422623
421800,508.66473347013215
422000,433.50665880366654
422100,513.0808304336962
422100,388.7667513506866
422200,464.8214520276235
422300,403.4993699864425
422300,443.8803415850449
422300,471.0184571853873
422300,327.41194573571664
422400,358.8153278549243
422500,435.7759659953985
422500,538.0758816791574
422500,346.7552704367757
422500,308.18816119841796
422600,569.3280423568012
422700,490.0571572156012
422700,511.2654996101744
422800,348.10696300112454
422800,448.33859448024543
422900,406.3806817073093
422900,357.85689359460906
423000,417.93475725292285
423000,456.84071635210796
423100,304.5468610873331
423100,283.9754363765352
423100,414.46688197798346
423100,452.11864133351264
423100,509.77936249146825
423200,347.00884805915405
423400,402.5756643673528
423500,417.5807259463665
423500,554.7196939293566
423600,377.51191003903966
423700,463.96158487027157
423800,472.77832179627313
423800,411.92442357140936
424100,381.6297426521846
424100,403.3756089076877
424100,342.3470060848636
424400,556.9049361706578
424500,238.98294929528876
424800,385.7912388941744
424900,344.37965803885436
424900,423.14721880612007
425000,468.53433724826004
425000,517.8811018499922
425000,948.59410847569
425100,398.65918511619833
425500,298.3218894472124
425800,477.21701345306303
425900,464.6060377899324
426000,574.4175443545765
426200,452.75060277429174
426300,556.6096002789288
426400,377.7739523353981
426400,300.5560786270028
426500,399.625426714301
426700,485.48357582569656
426800,447.56653953689386
427100,571.2690752907147
427200,420.86079462116817
427300,409.903801905969
427300,555.6837039820244
427300,365.1361809174291
427400,341.4637844123186
427400,615.8563692089069
427500,424.0801991138561
427500,490.2227437986639
427500,325.3404826888008
427600,384.88948058233404
427600,411.75749886990343
427700,349.8902124615477
427800,538.427692790704
427900,421.38656368330595
428000,479.6013992581147
428200,469.7202320440888
428300,323.17433758147416
428500,406.06727013012323
428600,338.1318920793366
428800,577.9432293419678
428900,303.05184281387955
428900,435.07838320484797
429000,405.96325639728553
429000,287.8870083975156
429200,345.11163836840905
429200,445.61442387731194
429300,344.4104040473838
429300,382.27489128033994
429300,508.5055524760786
429300,358.803142811333
429400,529.8625870769158
429500,440.0771939473285
429500,462.56722448648
429600,450.5435773474461
429600,380.812800084887
429700,467.45786281796074
429800,296.64468670845184
429900,431.39195438426
430000,333.52267253481176
430200,445.12322696783485
430400,365.9531462587673
430400,392.8879186981477
430500,396.1674458795222
430600,642.4962183294481
430700,521.4375801901012
430800,435.352295992057
430800,425.69691241584223
430800,363.3175570802178
430800,350.41347686149663
430900,347.5581048074987
430900,435.57222497932213
431100,405.4402312731556
431200,407.1608555628222
431200,389.52903483525046
431200,411.70975453884637
431300,393.26823666792575
431400,556.0797456464509
431500,442.3684642501187
431700,486.6059880472969
431900,408.43007408345244
432300,551.566383437286
432300,368.8683839367947
432300,625.0253158597973
432400,449.90623176695215
432600,497.7072620266854
432600,473.11606699412204
432800,372.32913595990334
432900,525.4476787317578
433000,454.3573776650836
433100,550.343101094774
433200,540.7495265059209
433400,547.6952732038068
433500,381.8196072178534
433600,412.86903090992547
433600,289.72765157383475
433700,521.4465472042141
433800,308.5494337013954
433800,293.8292131101871
433800,487.08374959963
433800,286.9449454994754
433800,565.4374374516973
433800,375.3525716099633
433900,285.2262298217295
434000,480.5673374418374
434000,347.5241028815595
434300,494.1485992923883
434300,268.5474262974437
434300,541.7833417945318
434500,375.7476862436288
434600,346.05823704490257
434700,463.3648389901211
434800,352.79392431425936
434800,359.2077052519373
434800,494.0871442840463
434900,310.24978472960737
434900,518.5383937170985
434900,292.2957495480274
435000,327.66776041641646
435000,493.8208472983937
435100,584.6741758205267
435200,507.71339775779023
435400,527.5173301565425
435700,377.35957580377186
435800,626.6678320277898
435800,398.46217655822494
436100,333.9449334362056
436300,480.78361214917317
436400,352.97587858972
436500,344.7354404438573
436500,293.4080263880719
436800,335.0587261313779
436800,422.589504273587
436800,348.3430517844087
436800,282.42587761867793
436900,585.625909717249
436900,484.344978178016
437000,306.8660653897825
437100,550.547597769294
437100,634.9667039006321
437200,395.9937985007644
437200,289.1639910746933
437300,575.0039264296616
437300,376.6875816007105
437600,315.61137239728305
437600,377.1032895969568
437600,522.9810102992318
437600,467.52625173779836
437700,401.5227013844709
437800,551.3845783949068
437800,294.44879704277685
437900,376.156071250823
437900,488.3423647189092
437900,430.91918326314004
437900,406.2121853419032
437900,320.26858637424874
438000,429.4449042348325
438200,523.1386314922082
438200,516.9655787645705
438200,408.3578503351822
438300,448.55068173080343
438400,469.07060654367126
438400,332.1835712900655
438700,409.50144156503075
438700,399.3421853683675
438800,279.107162447456
438900,377.22124275275314
439000,336.46437424630653
439400,421.37228239936303
439600,334.4989840664859
439600,551.8771441537463
439600,322.58318466448657
439700,423.0263082240697
439900,364.37128641642136
440000,315.92724574495253
440100,478.82878298882247
440100,397.2287803280551
440200,302.36119487900623
440200,313.09861581392806
440300,257.1371574012867
440400,543.3731823451477
440500,295.3230319110539
440600,478.56700163570997
440600,494.8321856368845
440600,506.7965754700958
440700,467.8823015202143
440700,405.68785931886754
440800,320.3489356862935
440800,342.5651044423835
441100,351.29429978358144
441100,389.098710470777
441100,466.52801741608175
441200,425.23210609864856
441200,404.2664438157749
441400,355.9816572988965
441500,375.999661213045
441600,390.2348329548715
441700,445.13689705781655
441700,544.3578047546387
441800,323.15341127834796
442100,400.7649121373089
442200,478.3782493630386
442400,382.3788608810581
442400,418.01404540663066
442500,325.63322638629285
442600,371.9739895088127
442600,267.8553720095029
442700,399.2390697395276
442900,733.4871316803888
442900,410.75084598142496
442900,416.96389731153107
443100,458.3313837561184
443200,297.929736575939
443200,350.09229996274183
443300,283.9849068549275
443600,314.73639692727215
443700,300.2857273634923
443700,346.89967067406843
443700,297.18174859361073
443800,438.8767380840221
443900,403.9347433026677
443900,449.74763032727924
444100,458.04736370802186
444100,531.0897118894285
444200,287.79961211042746
444200,543.7191575301839
444300,302.32954147642033
444400,350.66448249987553
444500,455.10638754819433
444600,626.303638496363
444600,360.3305987440903
444700,414.89512500409705
444700,305.1993777512576
444800,329.0640076999757
445000,334.4236411245689
445100,337.5429403532953
445300,500.9887181955237
445300,352.47808468448954
445400,349.28910024899346
445400,362.7636312179087
445400,351.63978585511734
445500,430.84640813839746
445600,341.2094803674746
445600,437.9235836454416
445800,527.4861896409514
445900,422.75391185953407
446000,555.2114028403059
446100,316.8910966666001
446300,287.5377621065825
446300,558.9429455905188
446400,260.8605516520907
446400,566.2746371409661
446500,419.2851234649545
446500,450.4319830670735
446500,508.61106093740267
446700,466.37810824258486
446700,489.1437712850364
446700,520.3493171300667
446800,328.9717062187304
446900,317.4644148716055
447000,483.99667943567465
447000,451.84967131450685
447100,360.52591932689484
447100,497.72580333249573
447200,385.19482625106724
447200,328.6812177020748
447300,432.2107049940237
447400,291.445203588206
447600,320.2670607533371
447600,367.44173234523083
447700,347.0324267865619
447700,487.95347066858625
447900,397.7276563605851
448000,424.29040269405084
448200,568.6874081596169
448200,536.5720762409628
448200,383.75483308410156
448300,461.0301131849834
448400,317.56417933585385
448400,347.4982595931019
448500,363.6473490483554
448500,325.48067193412237
448700,339.04120977017055
448900,513.0359423726366
448900,458.5369053195153
449000,371.9297277050359
449000,491.87240770905487
449300,485.9908752867922
449400,452.6020759034477
449500,441.0462348667067
449500,348.7482305010029
449600,362.45168388420893
449800,325.43752294370427
450000,388.600163756441
450100,373.52989180544887
450200,410.8522435834639
450200,483.1428194911389
450200,401.9258924041116
450200,450.75544137484303
450300,340.59605169443535
450300,304.8743561657405
450400,503.7281911706624
450500,366.72236614207054
450700,356.3797641866117
450900,530.4518227988963
450900,400.8021007667482
451100,309.2625778649545
451100,515.6841617343142
451300,627.8195519288694
451300,454.32675054039214
451300,366.61189834179703
451400,430.33949227689504
451500,527.5355906062614
451500,293.91858590973965
451500,293.301325806899
451600,427.9008123395484
451700,449.8396381912345
451900,451.70664206305497
451900,304.6577952737704
452000,388.5301474197901
452100,404.0007063552694
452100,348.48523010186983
452100,356.62688524241275
452200,427.87996923899277
452500,355.7080996216712
452500,380.94622474325996
452700,360.9692151019726
452800,404.7392955084196
452800,358.1336571118062
452900,407.71831720665944
452900,309.53494749188815
453000,450.8124300864805
453000,413.7189991699294
453100,340.1318472689178
453500,452.14818750932005
453700,506.0271762360019
453700,350.58500916910947
453700,429.62928157561646
453700,325.35436895726093
453800,510.0997106148457
454000,437.5894100167907
454000,435.76677807273546
454100,354.66656167281445
454200,416.30552786556234
454200,343.81813862682935
454200,313.2364516941245
454200,367.19221948867386
454200,359.0779461204679
454200,506.17821478515515
454300,321.0504109949707
454300,348.81548004567554
454300,321.9470863956302
454400,350.52385227826227
454600,401.15529772207174
454600,384.70953614862583
454800,483.58851636129947
454800,588.6530871571275
455000,390.42236101119965
455000,316.665469147321
455000,416.07754913447917
455200,457.8361323142427
455200,338.35268499315185
455300,472.23333603759664
455300,454.5532544491082
455500,298.5076575627968
455500,431.31375682810653
455600,333.03796606762336
455600,575.0384992502369
455600,360.3754460472725
455700,507.31121562407475
455700,505.83014624081534
456000,624.6866224739537
456200,384.23336542219323
456300,359.114625654747
456500,385.2983038050504
456600,492.15692219961556
456600,342.9023810691298
456600,396.61950352323504
456600,386.5366990576358
457000,439.4115130792286
457100,447.0327215214171
457200,463.8033973155881
457400,443.147151287608
457500,546.9924359036285
457900,438.45437015347574
458000,443.96626745737825
458200,321.5269227205789
458200,526.0125739994215
458200,380.23243121058704
458400,413.76724303395025
458600,462.76221420930426
458700,420.73741137723295
458900,415.1608557505496
459000,482.7392454584269
459100,452.46990818958614
459100,456.70883812567405
459400,377.7913157045539
459400,381.1450893701804
459400,387.9218918666398
459500,575.2708136044829
459500,361.383581862756
459500,375.4509253824484
459800,430.9209114903721
459800,472.9067564644716
459900,398.0402489663299
459900,462.13830807140124
460000,419.2094061679142
460000,463.13094932928783
460000,490.1580635919569
460100,484.3773604628032
460100,430.2765448440842
460200,519.7232631847487
460200,457.27117130366156
460300,489.2071392741814
460400,399.82429982813534
460500,462.7357483948097
460500,419.12720784010247
460600,386.2684277396746
460700,518.7045197817563
460700,448.0181778392973
460900,626.6265657257995
461000,483.7531802265196
461100,437.8446584357759
461300,526.1231404438557
461600,491.2453359868978
461600,402.60243082751236
461600,373.2385530038441
461700,376.1892999633648
461900,455.21864391227274
462000,467.431997185364
462000,469.79820359840556
462200,467.9736064307702
462300,446.8701908113185
462500,436.9061229067439
462600,487.6595793089306
462600,383.768346578527
462700,456.4215255918474
462700,512.2189210997091
462800,440.50351817164005
462800,451.296148520007
462900,414.2711208708904
463000,511.1614988755371
463000,424.9417152369752
463000,451.6561651128662
463200,403.85278041463437
463200,455.37868977452223
463300,449.115468133255
463300,415.2585951695839
463400,449.512506998017
463400,426.9483948895596
463400,436.733061667601
463500,496.6904027006466
463500,421.65653573547365
463500,465.0118457521139
463600,513.9844904072911
463800,427.15621340889265
463900,488.2686422735133
464000,421.17928169429985
464000,449.3890143058795
464100,468.38050373224405
464100,467.3953224377626
464200,467.4544992369066
464200,384.05051019695446
464300,427.62609344721636
464400,364.51926589176
464600,525.5137587361323
464600,359.9028322613877
464700,460.5375295924993
464800,414.28009170219775
464900,515.2119375816987
465100,430.95744300177097
465200,491.6339757382394
465400,407.5928005918448
465600,492.54143187341674
465600,510.54747502792736
465600,486.5078924069845
465800,410.13151441371065
465800,441.6186796502967
466000,492.21818910914715
466000,482.68083708223764
466000,451.01322635140866
466000,435.3807915926093
466200,494.7807392392443
466200,408.5348857984137
466200,429.0693897683442
466700,344.57909981006947
467000,361.36459420181683
467200,431.4319479408882
467200,401.0574568970307
467200,445.1068593532871
467200,398.4476797354074
467400,460.7757747646589
467400,409.19964009118934
467400,441.30548660866714
467500,416.1015806430781
467500,431.0913931515629
467600,394.9282185364173
467600,380.20674058409355
467700,464.065787664784
467800,441.02960132544837
467900,369.38096192651557
467900,421.0210746076508
467900,393.55447893031635
468000,510.06813684097574
468000,391.9827642411952
468000,411.39153947604854
468100,387.3210712061265
468300,412.9320481122028
468300,430.9997268935385
468400,442.5606952004477
468400,331.85569273500585
468500,464.87648139301206
468600,361.27725415545575
468700,360.8341960012347
468700,432.45769815240925
468800,334.8190793993281
468800,401.58884170080944
468900,397.301141325958
468900,411.7240242856783
469000,427.779141002235
469100,485.27115883641636
469100,439.4989472938596
469100,456.32876067870023
469700,386.293558066447
469800,540.7262262923849
469800,539.0313560147126
470100,384.9911046346499
470200,439.5238595438126
470400,356.44357787056475
470400,291.853654115278
470500,371.5468349573038
470500,478.1326937944524
470900,389.94563769198965
470900,432.26327361669024
471100,428.01989385269036
471100,415.1680342676848
471100,402.73405775946964
471200,427.95754842099404
471300,406.5146802204146
471400,452.9864949193532
471500,370.5495214684243
471600,421.20031510667843
471600,554.5831173686462
471600,388.2129019020369
471700,430.8286614924064
471700,402.28510619913027
471800,463.95636342127654
471900,448.17490988583256
472100,517.4933083426668
472100,378.8617200118009
472200,398.41166095833506
472300,473.41816004618795
472300,463.89878140635096
472400,456.98771865313466
472400,495.04175041921116
472400,418.1951155687888
472500,409.9035159889221
472600,423.0458415554302
472700,465.74221185983606
472800,434.9041480479414
472800,502.5474827545834
473000,486.2527612536428
473000,567.9290145845547
473200,376.84333831351086
473200,472.90692189612076
473400,446.53109986695085
473500,403.06661331328115
473600,412.2107457006513
473600,470.77930978526325
473700,436.5897354541807
474300,410.74166022198057
474300,447.79160491225116
474400,376.7508101804827
474400,395.3024731691389
474500,452.48750394628985
474500,445.2985181293265
474600,433.7373277391629
474600,364.0620935737954
474700,441.71216422660916
474900,382.0235085531344
474900,449.36677483273115
475100,539.3466767380016
475100,467.25032840553826
475200,470.0209820910667
475200,402.3830497429798
475500,359.3749552536709
475500,379.0425737301089
475500,382.5177653277988
475600,543.790253127359
475700,345.499615961385
475700,484.5806942967116
475800,381.68676440136295
475800,433.9493081860069
475800,335.0727493307191
475800,431.5843776984192
476000,369.5767874549806
476000,410.3270004576871
476000,432.7972504586607
476000,355.625876941092
476000,436.2502815263781
476200,435.7251642792144
476200,403.26819856502595
476300,445.4667231122699
476400,440.5828341155715
476400,449.1673171944126
476500,509.2905824279673
476600,443.0763006749472
476600,380.5223213399677
476700,468.2697987639926
476700,407.3222014646957
476800,428.11507102580305
476800,553.7903948199925
477000,464.16258205770316
477200,470.634950326889
477200,437.7738039952377
477200,414.5779898427045
477300,409.46213445811264
477700,391.62578331511696
477700,440.34836894673947
477900,388.4167671200752
478300,330.46325213648265
478300,374.13006797987293
478300,546.9045169257624
478400,361.9424568901315
478500,406.6361330809651
478500,470.3448227580102
478600,350.2079424058059
478800,469.7241818602668
478900,427.7693413406134
478900,320.5997136445822
479000,456.2369598529782
479000,379.51145752081356
479000,438.4741651519019
479100,432.40342750060665
479200,402.01362220498186
479200,477.8620439684912
479300,520.8412844558217
479300,394.12476959055056
479300,526.8955214295895
479400,282.6592978366811
479400,426.13837251101427
479500,382.2097355148352
479600,353.7301355713431
479700,386.25682549850274
479700,375.73403967100865
479700,413.27961603903793
479800,425.8478256729696
479800,472.8534005125233
480100,399.967936447183
480100,382.06591536869274
480200,467.3208141507285
480400,411.80760984532844
480400,400.3595059272583
480400,407.32692919397385
480500,392.8782760097046
480600,381.64472356227446
480700,411.82893066800534
480700,303.2839192002978
480800,387.68359382026733
481000,393.8735445752531
481400,490.2774848271141
481600,451.3201121271635
481600,371.7756434555487
481800,402.21816892869396
481800,522.9876827261619
482000,336.81936437302477
482000,348.353188093266
482200,332.60494459453724
482400,321.33799281229454
482600,340.1551779264749
482800,449.1767343207441
482800,300.10840936490183
482900,268.0223797862241
482900,406.97858431705635
483000,297.7022798048798
483100,387.14111698462557
483100,481.02882127351074
483300,398.4567739713654
483500,368.9949017204987
483600,330.12558041776134
483600,344.52861727684007
483800,372.15624227112716
483900,392.48794371855473
483900,389.86770909374275
484100,444.674902237463
484100,387.01634324552185
484200,386.7274939024369
484200,274.4130598329221
484300,447.0650143671055
484300,413.2155206341588
484300,547.8828434928539
484500,508.79622636761
484800,500.4517111006745
484800,359.8555291677749
484800,401.89006071717193
484900,434.94279614957696
485000,410.07005092746334
485100,333.36357278938135
485200,416.19139287181537
485300,488.93114334009465
485400,275.5501154216205
485600,439.9522826892243
485600,450.67608852882074
485700,332.1425186285361
485700,374.56018038217815
486100,332.585688025953
486200,357.77012331067607
486200,316.6781791879304
486300,330.97937174620694
486600,340.32910477380733
486600,468.378200093764
486700,381.6433393526417
486800,471.16650904542166
486800,595.9908821566735
486800,475.128809015078
486900,434.6378648175143
486900,475.5328214777948
486900,365.5753355943153
486900,427.7628380774664
487000,344.65981793299795
487000,329.3659130278479
487000,420.8518641759362
487200,472.50252456089754
487200,421.5645517740485
487200,390.77829195330173
487200,359.9306327300468
487300,480.03685164567094
487300,330.23493397763315
487300,525.9947142451175
487400,515.3875535724504
487500,562.406126842229
487500,364.3051954073422
487500,472.84833911444224
487700,613.3365149694669
487800,389.1411098702111
488000,403.8232853551845
488100,419.1475651503197
488100,419.6870167994827
488200,679.839194657624
488200,423.7530249631454
488300,447.0644733135719
488300,422.6002473581215
488300,542.891058134802
488600,486.0709031654198
488600,576.5090637733128
488700,368.74677361723207
488900,472.1740533109155
489000,416.1465217317479
489000,334.13207829024776
489200,506.36484530882126
489300,391.26175792378115
489300,448.16915287824065
489300,340.03819172997225
489500,384.985356563597
489600,478.8189378998627
489600,315.38775643506324
489800,524.8100939770613
490000,347.7541792244507
490200,440.0149152838618
490300,445.0602058913271
490300,611.8352704455367
490300,371.0130413732466
490500,403.14294004931793
490700,451.56454651195736
490700,511.25915891188964
490800,291.85637564768456
491000,390.43458552606126
491000,359.62570310998206
491200,331.3785580420763
491300,473.7103686575707
491400,469.281882521143
491400,383.5759575290903
491600,366.35497876597617
491800,363.8347321956555
491800,389.6114426633921
491900,469.280785774096
492100,439.2091157318978
492100,351.9766405382588
492200,579.270731305617
492400,468.7082248975575
492400,413.8943526260806
492600,638.947989712136
492700,795.6560226137128
493100,408.86556331263824
493200,384.6112631754503
493200,313.3554929002561
493200,462.7780760297889
493300,564.8237177787823
493400,404.4512400950454
493400,371.75578271482317
493600,506.56664857438767
493700,467.5445578397939
493700,606.5420857070571
493700,497.45795192733283
493800,443.1489595045724
493900,329.505697242051
494000,363.78698338138474
494000,388.40871804018434
494100,484.95113182728613
494100,504.40922675399463
494200,407.48046690958273
494200,368.7292118305148
494200,298.5204688465219
494300,434.33697952034294
494400,348.9106313341865
494500,340.67711801263664
494500,420.7814205012058
494500,408.29258150715674
494500,507.2325218185504
494600,405.8324566053486
494600,407.6398645338258
494900,427.1751202153151
495300,454.44542780374445
495300,371.1418773896114
495600,512.2902461643472
495700,506.0862986428014
495700,336.22708939021453
495700,564.8987732984265
495800,559.2823703564776
495800,445.8820646526906
496000,450.1136226402806
496000,368.17684855245477
496000,354.556492459404
496300,438.2945784935728
496300,392.9610370439977
496300,416.34117079040595
496400,495.1475290006919
496700,422.44431672349174
496800,469.553753206694
496800,394.0809299591884
496900,363.48286840230304
497000,541.0411240530495
497000,377.9163717935011
497100,378.6636795301758
497100,479.76434296377954
497100,414.8495261403748
497200,424.09167485682747
497300,351.2924285314009
497300,364.7274402949706
497400,639.1286558218359
497500,479.36017807194014
497500,349.57008625714
497500,523.2446469759054
497600,498.9013822746587
497700,482.5134233588392
497700,392.0869087992507
497800,452.84457673626986
497900,545.8165767363372
497900,670.7499642833651
498200,422.10836752861576
498200,398.5209669931238
498200,361.69175206534436
498300,522.7129227824976
498400,564.187456178094
498400,362.44164741488623
498800,413.74431305623386
498900,607.8456288263931
498900,594.9855494405045
499100,593.0256458118995
499200,345.83937161750515
499200,361.58944679295763
499200,338.15298505240156
499300,777.3542380311683
499300,394.9106154606604
499400,375.2843239051121
499600,348.3965346265962
499700,463.348983813932
499900,618.5489364342119
499900,444.85040066654113
500100,475.3563415475502
500100,440.3607896565215
500200,358.7725090111786
500300,431.89383625051875
500300,359.1357023385376
500300,363.17993643623583
500400,440.7429207835404
500500,430.2210603150738
500600,313.3640910118026
500600,661.2145197203115
500700,352.9556376225793
500700,651.6450757345933
500800,458.2160559711827
500800,309.4941079121799
500800,357.1350842631592
500800,263.47536807083475
500800,369.3530016851155
500900,367.52101802321806
501000,760.0855295497942
501000,526.3048424970722
501100,402.9213190301998
501100,372.1869165357487
501100,394.9880930456643
501200,482.9988301017253
501200,307.47046129118655
501200,317.2610904737706
501300,287.0467155123244
501500,332.1445610442943
501700,349.41570351670583
501700,339.78711757830627
501800,307.11105012654167
501800,367.32139005767795
501900,423.26317857517864
502000,385.7774793347073
502100,299.6943132401097
502200,317.2335063818553
502300,370.50481366870514
502300,298.89285787405174
502400,695.632479831607
502500,422.44906822358246
502500,447.6015375777771
502500,313.5624097328254
502500,390.92257724624676
502900,427.6888343956086
503000,446.7637837102457
503100,325.2262265583031
503100,369.2124248130827
503100,360.58596069509383
503200,537.1992164454056
503400,318.51951704705584
503400,402.2473266759389
503400,472.06418389408424
503500,331.4971119785219
503500,405.6240217845191
503700,323.4944515295295
503700,339.9867565644385
503700,480.9350572150403
503800,325.34501477125406
503900,362.3382705390005
503900,343.1079269143388
504000,519.3461961291008
504100,366.8799584939338
504100,396.62805129326057
504200,347.35168202896244
504300,360.34621759423345
504400,352.56383597367585
504400,423.3213417038939
504500,351.046515400565
504600,350.9878292315515
504800,371.9275518402316
505000,382.7932994882607
505000,352.8881333006902
505200,385.73132002782324
505200,407.0764246191153
505200,396.8631393855536
505300,362.6659259102828
505400,319.07439289356756
505500,417.7862898630833
505600,367.1785049385893
505800,329.65336372641747
505800,505.3709547398328
506000,373.0907372639814
506000,489.60640690977755
506100,307.4077066054357
506100,373.30275457111645
506300,425.7306470524969
506300,328.3690042389649
506300,439.29468074206943
506400,329.7206348859512
506400,384.79449180587324
506600,423.9641109896659
506600,309.39421825302753
506900,317.9819563492259
507100,377.87116749803545
507200,356.00839231954194
507300,339.86332333414543
507300,334.36521374485267
507500,341.75830126488034
507500,428.3051518666828
507500,329.66874116266496
507600,376.34618609393726
507600,454.8025524371327
507600,336.4889029246281
507700,501.03744830731597
507900,340.142657079733
508100,361.5005099942046
508200,404.9524394032971
508200,361.0457236874721
508300,447.58752368151136
508300,466.9386022372512
508400,452.5727581103876
508400,438.21867300408377
508500,463.81730260861707
508500,386.6475143555939
508500,378.55024050229883
508600,411.98696412253224
508700,357.5658293589671
508800,412.44405467510836
508800,367.575682109597
508800,332.29769002705325
508900,331.7821441965619
508900,341.4306126134894
509000,446.8428321901036
509100,337.0431971221166
509100,453.64260426305606
509200,381.53447932157735
509300,406.77684676262317
509400,427.1052915207612
509600,493.8913874732292
509600,389.160654647362
509700,310.13819315436865
509800,342.8599086666455
509800,478.2591614127958
509900,457.52953946063013
510000,352.181896076563
510000,343.4142795303053
510200,301.98663983767125
510300,321.4157955131449
510300,463.15622654835823
510300,400.96257337328757
510400,500.3492719322813
510400,359.2367280033848
510600,445.24051514407506
510700,418.71832887992514
510700,346.44139134951865
510700,469.90901086171436
510900,367.0946302421374
511200,377.71106711178084
511200,520.0016153796414
511300,308.54318250377156
511400,352.6446476501186
511400,394.6153275034991
511500,319.84441712279346
511500,332.87307221450834
511600,397.7965347597083
511600,325.9844780063901
511700,325.3173399843857
511800,461.98260692956717
511800,397.3786749419186
512000,452.52071351501905
512100,377.1785309957804
512100,318.593574166835
512100,509.7318372656168
512100,414.6433911866511
512200,460.0704820708103
512300,528.9570337512238
512300,496.4914159210573
512400,407.4720055027257
512500,357.44631436214235
512600,499.93491920966267
512600,454.5797044179738
512600,394.7876290080403
512800,331.37433229046803
512800,435.89819809799496
512900,336.1615671030247
512900,477.6418275495847
513100,382.71901002372397
513200,365.54961002915974
513300,352.3650001795503
513400,349.04510839851184
513700,463.3648229369091
513700,454.5512088528747
513800,319.29558357753166
513900,272.3387573283746
514000,285.1727378338755
514100,304.92083736048403
514500,464.43255352945874
514600,392.93842376154083
514600,356.61280408062765
514600,571.2033548885217
514600,365.1514095169638
514700,372.47028067453317
514900,350.14044816366504
515000,441.91501581688794
515000,338.38660778319525
515000,364.40393010220976
515100,453.4547639333247
515200,341.4513601029559
515400,366.81206291806274
515400,323.6890828852483
515500,524.8452166897381
515700,492.108367447074
515800,345.8344623580113
515900,369.53525015591407
516000,419.6557940758031
516200,320.00719841867624
516200,418.3175741840589
516300,359.2862650536862
516300,385.7010131229149
516400,437.64337514727976
516500,517.2457788681908
516700,445.922212637076
516800,404.6649247548559
516800,397.2114327129589
516800,465.6326793777636
516800,341.1571453657819
516900,419.1212525740698
517000,494.0091837008877
517000,524.633524671304
517200,338.55949685388896
517400,511.37723253207736
517500,566.4438733226798
517600,312.11192591822385
517900,367.5661586399275
518000,589.75580062795
518000,333.8329036863967
518000,485.35624084475336
518100,471.7328094749893
518100,542.2938945559741
518100,412.071242562748
518100,450.1589682107767
518200,500.6365275002149
518300,292.59440028763794
518400,304.95570570112784
518600,489.4930797204624
518700,387.079388810381
518800,450.56318025608743
518800,337.9158639342947
518800,484.36104232997576
518900,315.12871592820676
518900,346.80253090028714
519000,439.6860362027156
519100,415.2645626990976
519100,407.5724534078477
519300,478.4770930735225
519500,316.8631105250203
519600,362.9095719110127
519600,381.4812547463571
519700,351.31252713752986
519800,517.1198479497795
520100,519.073772323339
520100,438.78117310742635
520500,528.2044689890103
520500,486.19364797266707
520600,395.4317427047821
520700,391.298789755858
520800,407.16005770536145
520900,515.2886256764833
521000,514.906215046206
521000,453.7449049037596
521000,486.38233145831947
521000,479.9540571512182
521200,348.88393394532864
521300,551.4248718641652
521400,515.322426480401
521500,477.57276501050586
521600,412.72472230695564
521800,581.9448956154007
521900,351.4177903909324
521900,514.2162800181867
522000,441.93212293678357
522000,525.0374313039023
522100,539.1382937513118
522100,373.0898427427325
522100,354.39050148039496
522100,498.55603576779805
522200,389.30814968113174
522200,389.7035911337105
522300,426.9726927750991
522400,409.6417440986626
522500,464.3713613945734
522600,491.49805557345155
522600,446.5826271787478
522800,526.9348656162771
522800,530.6977038894465
522800,377.9524192977722
523100,416.24288208816
523200,428.6092775179549
523300,338.2330215224791
523600,389.36310407580555
523600,452.08537234663265
523700,384.8575710012509
523700,415.67969041511856
523800,468.31654194459827
523900,454.4062848210779
524100,556.7135714495639
524100,545.2992622739912
524100,428.1100566718083
524300,385.1738499683289
524300,453.32740594388486
524500,451.71326840037534
524600,429.3132106454858
524800,485.27626713868506
524800,377.42638839579126
525000,455.7640014811241
525100,361.2606575608188
525300,376.28831353638276
525400,329.5787448565473
525500,440.084843339638
525500,442.9163265567324
525600,480.91038901300453
525600,467.31573029893235
525600,444.05679620377623
525600,573.3523086286027
525600,384.23188313762614
525600,385.827850364783
525700,542.9704833686136
525800,348.88351443393066
525800,453.0881350640016
525900,470.0369741288768
526000,465.327283647452
526200,571.7002589353062
526200,345.0292349054963
526200,458.35642733059234
526300,375.3976642185582
526300,385.414454661403
526500,448.3297477289929
526600,393.43783189631205
526700,356.1199238098347
526800,363.62187263422055
527000,443.024213940209
527000,332.8879328103874
527000,480.9322010877943
527000,432.1196752873646
527100,643.3917697394289
527100,397.02139896475217
527100,422.2594127180076
527200,433.5378235559365
527200,547.3803497445524
527300,435.97039529355135
527500,395.04706051251685
527600,349.2189945270484
527800,469.6165483612079
527800,478.413146701679
527900,398.44907712325363
528000,474.66343892039146
528200,515.7955983550897
528400,472.89370549184076
528400,384.57290601888036
528500,562.0565186400853
528600,487.93241587624254
528600,403.044548383714
528900,378.11753614108596
529000,407.0446867365993
529300,370.6757007834003
529400,451.5222630054097
529500,458.8157151934067
529600,401.75014229849126
529700,389.2203039230526
529800,367.90454298119937
530200,382.2071385264654
530200,425.6709522360075
530200,461.76350043795793
530300,312.88786078986664
530300,473.348981334698
530300,348.40089983720725
530400,536.1757144997922
530500,439.0856327490751
530500,473.1739177193307
530600,475.1367340411978
530600,428.1975165183901
530600,756.7290955007696
530600,395.23173567272346
530600,423.0437075721543
530700,366.5647788280554
530900,403.9840109793353
530900,460.9024680060991
530900,370.70233217262063
531000,479.5857781820151
531000,429.6419048678519
531200,413.87514791432574
531400,450.65627996994573
531500,464.71950957414003
531500,335.9402523378649
531600,361.3482976018857
531600,371.9866250461785
531700,668.3682918483299
531700,448.14659531601393
531800,353.56607397821676
531900,409.01140037951495
531900,547.4078798195202
532000,483.42449874606257
532000,493.6244924090487
532300,408.3531549076001
532400,391.0818598559081
532500,538.7432530156153
532600,413.0632224027618
532700,381.92137970573526
532900,384.2362092891807
532900,537.2536173223841
533000,389.72957343857126
533200,395.35141493646967
533200,368.8356552145792
533300,452.6600679603514
533300,400.38870363043156
533300,467.89478982408406
533400,487.1991245722847
533400,368.06758859419375
533500,481.89150369199905
533800,417.3365633178742
533800,384.68315404749745
533800,523.7441026514289
533800,445.3369019477712
533900,354.45360966506104
534000,403.77271500849724
534100,441.4305190679353
534200,375.2537200409643
534200,439.89328181510916
534200,474.0182682444525
534300,419.417806900003
534500,557.4814784395037
534700,380.38009164777804
534700,455.7423719556561
534700,438.06739682548033
534800,393.04720220669026
534800,453.72402548177337
534900,465.38026134827214
534900,381.5368366727404
535000,445.43777586611776
535200,407.5904921775587
535500,452.83095436019244
535500,487.4280999950827
535500,402.311961153883
535500,447.69980730998446
535500,453.16720831966416
535600,436.2597381548226
535700,430.49982147576293
535700,444.2093687854689
535700,379.7507561291982
535800,438.57491084586064
535800,501.08969103237706
536000,478.7904158354672
536100,424.7447013982414
536100,302.5572210637952
536200,416.04267183405113
536300,430.42612924193725
536400,472.49602324815623
536500,423.55404289696753
536600,311.9359188181553
536700,419.8276601185746
536700,331.1000341655588
536800,341.23092783864195
536800,426.06156742432114
536900,412.7210290954899
536900,328.3765163990191
536900,408.64778948598814
537000,454.853554318866
537200,359.93652452592437
537400,413.95317689145264
537400,406.44516081268074
537500,336.6587155480665
537700,335.12454298999467
537800,410.3179741551993
537800,388.64938505677253
537800,371.68654581188565
537900,458.002385363521
537900,357.29995392315647
538000,329.360565605724
538000,432.5051025135668
538100,391.2421736074073
538200,443.4927191751588
538200,382.65927209359666
538300,383.0156027376361
538300,474.13535015042453
538500,338.4451389388644
538500,368.9968427677922
538500,357.4329412179588
538700,358.1820774744321
538700,385.8288678345051
538800,373.53725648648356
538800,368.99006574035576
538900,379.043389034749
539000,336.60771438427474
539200,357.3691859747463
539200,417.39713975841016
539300,451.79532752244546
539400,445.47967611935724
539500,438.5512607448925
539700,329.44300004162665
539800,334.80456700888925
539800,341.11448342870955
539900,400.36608017043966
539900,309.89980176560266
540100,429.5647464914786
540200,320.1779744671119
540300,363.28611652613864
540300,492.60499000202225
540300,318.5420509161986
540400,383.76477767618275
540400,508.44903285349653
540600,330.6494174749471
540700,427.62918025389257
540800,375.48079083087134
540900,392.7132865816811
541000,475.76779382567656
541000,404.98551695970355
541000,414.01362569968313
541100,423.26035879007776
541100,323.69303059466216
541100,469.0212221871448
541300,389.76932535448105
541500,338.8841065640782
541500,329.4511333638165
541500,376.48818274833576
541600,393.7724098420399
541600,318.0030442099818
541900,364.855726821063
542000,425.904225868192
542100,417.3649189317395
542100,423.2127960107865
542300,441.42853140158746
542500,395.98469041462334
542500,500.91079217835323
542500,532.8701192422715
542500,368.43822834502805
542600,398.95870639052356
542700,349.1151493081908
543100,376.1711366661282
543300,360.88924080632876
543300,366.6703871741658
543400,443.2677993974526
543400,385.95238125795413
543400,312.6875819433757
543500,342.2978978526003
543500,448.43324938405135
543500,400.0570644812341
543600,362.6496195245685
543700,409.24725197123905
543700,323.32082408813693
543900,358.38908186482746
544000,421.1406008940179
544000,464.2734446794971
544000,421.6063044840821
544100,557.4555006947811
544100,392.7401028353654
544200,443.0435795566217
544300,334.50043828633403
544400,405.0751298751429
544500,333.80559100234814
544500,353.9238940001851
544500,376.89261051524767
544600,374.1708499963644
544700,401.4502348462818
544700,389.53797498533027
544700,462.57281287436786
544800,342.41839116295745
544800,508.8746799407169
544800,345.71553152655014
544800,340.3655944027782
544900,481.6439043128717
545000,409.1201088786927
545100,423.63894962664483
545100,337.716798262481
545300,466.1917837288023
545400,320.68148226010516
545500,390.43511503276164
545800,409.02939663477343
545800,488.1958032991228
545900,389.80342516204354
546000,327.3150284438571
546000,324.23785677007436
546100,477.6914681019667
546300,320.48189796999725
546400,420.98779859028474
546500,325.65507684969583
546500,424.66987475097966
546600,403.097273718422
546600,387.56348763245603
546600,346.38714811265424
546700,403.00349647678706
546700,399.07756096161165
546700,477.7272208122551
546700,331.00027309878135
546800,338.0502906417492
546800,410.9095107051195
546800,363.4187196097905
546800,498.3916398094168
546900,311.34896558182743
547100,423.3915792849483
547300,461.68147073257796
547300,348.48256165820493
547400,460.5001927854174
547500,363.42588467870524
547600,316.05831750350086
547700,322.0549845649174
547800,346.1413516557808
547800,430.7865467741773
548000,441.98079980721604
548300,444.69607290073276
548300,390.47649934220146
548400,409.338944847899
548400,394.99637031791883
548500,503.72407320024445
548500,457.7466772091865
548600,386.84191806183554
548700,322.2871747167851
548700,450.605741050051
548800,347.38443217221715
548800,390.86113216820365
548900,375.1542455315679
549000,356.689641951384
549100,388.1270932324623
549300,518.2549744524349
549600,443.14789651378646
549800,439.8944674530611
549800,330.6949710416493
549900,376.08936135965547
549900,321.3605057552602
550000,458.7181762163087
550100,316.01711177972743
550100,342.94172815134806
550200,506.55003041941507
550300,365.910023840307
550300,399.62389102533876
550400,459.62700796307655
550500,415.1439493588208
550500,439.49078269507
550600,337.1592425442858
550600,303.09321579897124
550700,368.66827750090016
550800,349.6870217315666
550800,353.3524338658001
550800,375.1888984049694
550900,319.9471835226372
551000,320.0457553002611
551100,312.6158293131347
551100,310.1517311772199
551200,440.774579092898
551200,332.4110321919268
551300,423.42348836673744
551300,347.3985444048033
551300,392.8524393956367
551400,479.25257380749537
551400,354.3713713960697
551500,344.3322021780565
551500,370.803640429211
551600,349.5440307193556
551700,478.77016706551535
551900,437.1783598110634
551900,339.3568538340616
551900,384.9266545352133
551900,467.95393314094395
551900,326.08971449756604
552000,343.4551033458372
552100,497.35347205742835
552100,327.8916204443355
552300,328.98876957380037
552300,332.7893956585633
552300,291.37609445522435
552400,288.27442984826365
552400,379.13215222498576
552500,327.8122425046378
552500,310.1107319609552
552600,342.0065076104487
552600,306.5870537998222
552600,397.4650091638095
552800,467.4708473549238
552900,311.80582810706534
553000,304.2579403858009
553000,330.16360113272657
553100,454.9628798809045
553100,499.4948134610394
553100,428.2664404787259
553100,436.93585619636787
553100,341.0832463642551
553100,470.910467455037
553200,370.53003626899107
553200,330.9056586088616
553300,340.590071447544
553300,356.8246555933893
553400,351.65451227645997
553400,473.6493350793181
553500,319.4284097369406
553700,384.501471629756
553700,359.0822065683943
553800,359.7485043263208
553900,324.0555579416328
553900,318.61231761082234
554000,365.71514138372095
554100,346.0086916575371
554200,308.52684662732935
554200,509.5961775740504
554500,320.3393823793252
554500,495.6993595114709
554600,377.21935657163414
554600,319.3409488499009
554700,344.5863859753191
554800,320.6839410675502
554800,362.38958264916965
554900,318.0175561707355
555000,334.38834629815153
555100,377.55901742290973
555300,351.44203979884844
555300,352.34188698894195
555400,347.34204921542596
555500,338.896850753317
555500,421.13801103750995
555600,355.36760886089206
555700,313.22828274383676
556000,366.0824596422448
556100,366.62030570895075
556100,440.06073350343263
556200,361.7359306306623
556400,336.1713701762802
556500,341.74152492873395
556500,331.29075654497433
556900,346.0815934156025
557000,366.8155808102777
557400,389.6222787153538
557400,343.49961828811604
557500,384.9426277972489
557500,340.0872787658806
557700,343.5607849842988
557800,341.40776555099404
557800,340.47305261856377
557800,331.91242422462153
557900,363.1160877248188
558300,406.787213753352
558400,371.5974347216406
558400,375.57719580267457
558500,378.1131032004769
558600,367.19462331395425
558600,394.87247438152804
558600,325.29105695253367
558700,331.0156929795366
558700,351.72953903117167
558800,373.1687640231963
558800,433.54776075397155
558900,338.3185594780715
559000,395.59984521658185
559000,488.6915050241254
559100,404.9352530656218
559200,349.92713144673775
559200,365.10019094423654
559300,336.81728295872904
559300,351.4517965900164
559300,379.28214294505835
559400,327.64404559298765
559500,414.6902430302284
559600,411.67081648155295
559800,352.43703653188527
559800,477.42943953243366
559900,383.0416482872599
560000,484.7264875754419
560000,384.50810333578954
560000,359.7728546422724
560000,323.10648213579833
560000,488.726800302877
560100,357.8236060010271
560100,343.6572454176914
560100,388.57125479011177
560200,430.21969289276797
560200,404.01173013294334
560300,337.26818130967155
560300,349.1969752351918
560400,495.55913465468785
560400,368.9351194726752
560400,358.51256348016904
560400,322.88214273713464
560400,377.50695437139507
560500,351.9116125807511
560500,307.4060114791013
560500,378.7375079516148
560500,505.74645514957604
560600,297.23439091371085
560600,367.2848703911031
560700,356.53483797690683
560700,411.10890639259577
560700,448.3829669697695
560700,340.947782788142
560700,308.38998148484137
560800,352.7845767326564
560900,308.1187364342763
560900,353.7529932504441
561000,390.9072931758226
561100,332.40044750476153
561100,495.31666103098644
561100,405.15860751944297
561200,302.5459009160394
561200,346.8143400782618
561200,394.3234787570431
561200,340.94819579946824
561300,467.86801236331513
561300,380.6262166392968
561300,335.05233975762667
561600,316.48720395293776
561800,316.5271484744362
561800,332.5382641275777
562000,347.6495934420143
562000,305.80900861744726
562200,484.29429108553063
562200,317.09387120168554
562200,346.86634196317584
562300,301.15819385922083
562500,325.0423023955979
562600,341.6233480053362
562600,383.3889621997835
562800,299.2481080766885
562800,435.1768557754759
562800,304.8980563180492
562900,332.00648699908237
563000,375.9527546613734
563000,504.7133846240942
563000,536.8697351448329
563000,405.3708827143732
563100,458.26425589019874
563300,291.40837976448
563300,530.56015641504
563500,316.97431157189476
563600,300.50157997204326
563700,319.51089026697724
563800,324.5303445380018
563900,336.07327442808355
564100,284.1530351795362
564200,301.3533886456366
564200,325.07650563773575
564600,323.4409072697778
564600,348.3416864592048
564600,294.1072531756404
564600,319.7285495238488
564700,309.35332637838906
564700,316.18907682820566
564800,326.3348160202255
564800,321.37019436683374
565000,373.416489322401
565000,321.73064976850833
565000,300.34208974560715
565400,303.69799971603885
565400,341.9415028218568
565400,442.83319134601555
565500,345.05370843443217
565500,327.9350319720213
565500,321.918821610348
565600,328.3018471814523
565600,342.0895178050071
565800,340.69243852150214
565900,351.26535083188406
565900,306.72556926119216
565900,340.3747103754084
565900,313.8582956471073
566000,321.1398426134785
566000,318.52415358330836
566100,313.3839275584727
566200,318.0660263383803
566200,318.7615560329605
566200,301.84594222421094
566200,293.0361788930155
566200,340.4279665192173
566200,304.60541184439995
566200,293.0402949488335
566200,352.43977184337155
566300,306.2662375192446
566300,322.5603160805971
566400,319.2223489064225
566400,327.8832263543854
566500,289.11041904296246
566500,328.23236916110244
566500,301.58794841342325
566600,298.9042498678845
566600,307.8448982296206
566600,306.0051909133604
566700,334.8314470833246
566800,344.9297211895808
566800,331.9298736863797
566800,326.2660444390969
566900,326.1618064946612
566900,329.5542963378511
566900,296.9703109198449
566900,328.04940842791785
567000,337.4470562053496
567000,342.8196613650569
567000,311.08083583890226
567000,323.1990993494753
567200,310.3464178656092
567200,357.3562286097286
567200,304.27892959029236
567400,301.47454958110353
567500,327.72080484752956
567500,329.0555504533978
567500,319.4111541504071
567500,337.7410192150228
567600,330.6429984445842
567600,288.3910902685518
568100,306.65377624277573
568100,362.4826935177769
568400,376.48698546941927
568400,320.7783028022611
568500,337.48331241250503
568500,312.3972061798707
568500,319.96529719962876
568500,325.0149205291041
568800,312.23979091219513
568900,323.9264631940318
569000,315.2855912825401
569000,311.91462041712145
569100,291.23315620652244
569100,334.817627964925
569200,320.90517407563345
569200,315.4487576879574
569300,334.9643118781558
569300,413.57633427882445
569300,335.5978369424858
569400,316.30602337126766
569400,328.24804135558617
569500,389.46966679797157
569900,319.725429198478
569900,341.6405668022722
569900,357.56207031249227
569900,296.7935868003846
570200,328.18891248089506
570200,326.9941238371249
570200,289.63308490035206
570300,313.856390852267
570300,343.9403223200936
570400,318.51263720080675
570600,305.88621167146266
570700,508.1651697063542
570800,316.76236572485806
570800,322.07885177091384
571000,331.7954151406242
571200,331.4619155118245
571200,342.76507383408085
571500,334.55838101503673
571500,289.8809122568258
571600,322.8308828528835
571600,341.5783946727862
571700,343.61469335198643
571700,353.967319461943
571700,307.1535798193285
571700,298.2728289500576
571800,323.2990325666936
571900,297.3256352924303
572000,337.6974065489159
572100,319.7133006429827
572100,344.4927803166764
572100,336.7957135330775
572200,295.98872744941804
572200,325.82938520564284
572300,324.0979912950696
572300,315.8878586535055
572400,318.33535072690825
572400,356.92579586575454
572400,307.3854190031978
572500,336.2492642099284
572500,329.19122044210195
572500,325.43856878384514
572600,333.5837149713015
572600,326.6386273763125
572700,332.9222897468671
572800,306.1732175431111
572800,311.1991467077324
572900,342.87267344759607
572900,327.90512808182075
572900,348.1825259434494
572900,312.54134674344846
573000,307.5676545973897
573000,328.9013459625072
573000,337.96734761050016
573000,352.5026372658598
573000,393.70665025910273
573100,326.23789966858885
573100,321.0166044871593
573100,316.0173990029482
573300,305.41423533906107
573300,580.6465850250999
573400,362.5761566951821
573400,337.76984901133227
573500,326.41398455668116
573500,310.0652133376299
573500,321.77633299868876
573500,356.4800913658346
573600,354.6366050931765
573600,369.3999269527471
573700,321.99401722591585
573800,327.23922709022054
573800,356.3589337984393
573800,294.34913548996025
573900,326.7772206066781
573900,402.56500900298215
573900,332.13360859350263
574000,359.9618071598701
574200,361.96218883148407
574300,345.6807843584215
574300,298.6905331034224
574400,307.0709516564592
574400,309.88735462585026
574500,330.6449554163381
574700,326.85824979698475
574900,332.61238896635524
575100,326.0376802355142
575200,302.2055648571997
575300,311.24291506803075
575300,310.35364918135565
575500,331.58365292511934
575500,360.20941479732784
575700,337.8179896653999
575900,456.045653303615
575900,309.27742471712514
575900,354.8253757146493
576000,362.7967196920527
576000,300.1101283802073
576200,362.7245256764219
576200,348.0067407340451
576300,372.6207429934205
576300,379.8841517240441
576400,366.8994918553187
576500,340.70136819633956
576600,345.7708218244197
576900,362.95671111988213
577000,352.1581096285333
577000,385.2875977166814
577300,365.0162476249958
577400,367.22678484402115
577500,355.1679942867214
577600,374.90961791022926
577700,362.7379002097337
577700,337.4413094736854
577800,342.2320925868641
577800,326.2570054671555
578000,364.0932435843845
578000,311.8327939649555
578000,389.76362893208363
578100,328.9194117123123
578100,331.35521754312646
578200,338.10991810522637
578400,389.1276448017225
578400,351.74958093085235
578400,323.59284007799585
578600,360.343134270176
578600,338.3919404073677
578600,356.14340123756597
578700,333.847421684693
578700,350.12568466874916
578800,338.9523042618448
578800,328.54429007798075
578800,345.32920058159664
578800,331.26480747412865
579000,384.09695055683807
579300,362.47039470846056
579300,325.9019458259986
579400,358.57797322615966
579400,391.78245912817766
579500,352.34987848506506
579600,372.8632826976983
579600,345.61942536037105
579600,369.8449694451618
579600,364.7106267218259
579700,331.445693165809
579700,348.1866834919989
579800,359.40579555968066
579900,386.1958369323171
579900,362.18304061296266
579900,381.11957351377055
580000,336.46082864148246
580000,360.36465264966733
580000,349.1510970937832
580000,367.1564859081559
580000,359.8663634271135
580100,371.814317279504
580200,348.56723897687533
580200,458.87458550595164
580200,379.1272542292071
580200,389.31733098066513
580300,336.1609146138005
580400,343.8226420898268
580400,373.7667858438854
580500,388.4651542203142
580500,345.4893958774709
580700,394.4091422978025
580700,352.7378932155856
580800,353.7351537081239
580800,378.88742777684337
580800,374.94781599160586
580900,373.040853250774
580900,381.67564417409767
581000,351.342384425232
581000,362.02437037958606
581000,349.4483535550214
581100,371.1640511207654
581200,412.8321562032057
581300,330.84177518678644
581300,355.59039993321346
581400,400.758156186964
581500,353.508435998416
581600,412.39999394958863
581600,369.5896680190794
581700,338.2422149308029
581800,377.70096609232
581800,419.57253952464276
582100,350.06601494865606
582200,346.4882684838083
582300,409.1926835391681
582600,358.97919901749145
582700,384.5301026517976
582800,354.8466745539397
583000,396.0772695768704
583100,339.7747830605984
583100,334.7502955237154
583200,375.96949279581247
583400,371.2010501490036
583500,369.3056832310672
583700,396.663749481715
583700,421.2804456722351
583900,362.02084062683906
583900,394.35369323519325
584000,393.2497735599399
584100,354.62982984868506
584200,353.37812858350065
584300,341.71307902409137
584500,388.5194670485838
584500,435.0143628775159
584700,397.24410754862623
584800,317.0126307148687
584900,337.29566084250297
584900,346.76795671980193
584900,357.16998201324594
585000,342.97179908193533
585000,330.8918886218351
585200,322.4854742346912
585300,402.3313764545977
585400,297.4250597312108
585400,375.34520963994686
585400,385.2993168381709
585600,363.5528039630831
585600,401.6149871734627
585600,350.96517089149324
585700,356.90297027352847
585800,322.2522244825949
585800,371.45143097316003
586000,409.9040679869715
586000,411.24556637197395
586100,331.0775490739977
586200,380.1368939543581
586200,341.2723803218546
586300,415.7067421222505
586400,439.7280203533359
586500,521.0032235397936
586500,370.29412932779894
586500,312.61674152479554
586600,378.80765305891754
586600,509.44478479317587
586600,449.86331574477657
586800,382.168597098463
587000,394.30170499927
587400,338.5847321547229
587700,344.70188076262923
587800,413.0425594736281
587800,410.1393869178097
587800,396.8836077136916
587900,336.83451056492964
587900,362.3590491408082
587900,375.3247268094206
588000,413.00378447850005
588200,444.8715585164838
588300,495.138248180773
588300,367.90756836843025
588400,338.62266448267013
588500,401.88527584328455
588500,385.0579912161077
588600,431.03720375351224
588600,389.1428812042313
588700,468.8242561854745
588800,447.41075065858047
588900,458.877593203995
588900,433.9816791486533
588900,349.6421667530852
589000,458.81167019622785
589000,466.13158005717145
589100,381.45648136347006
589100,469.9326191259227
589200,426.0009783570081
589300,364.52360493298715
589300,483.19271204967623
589300,532.3083054099098
589400,475.833148673281
589500,473.7151630392179
589500,469.5881364505666
589700,419.6954900905625
589900,448.33572819411154
589900,342.3249337027902
589900,435.3367841884919
589900,536.9134999789607
590000,471.89378212255093
590100,578.0650575024819
590200,307.62329733342136
590300,457.7672741599854
590300,336.0323318698761
590500,434.5647370565021
590500,526.8064334995101
590500,394.89171575459847
590700,341.5371599613526
590700,493.32479993333413
590800,497.1090407567472
590800,360.5647931458291
591000,348.4043186341401
591100,524.304101603096
591300,403.3471496413299
591300,444.5306052455354
591300,347.0888608415495
591400,592.9668605302456
591400,376.37086325803256
591500,510.358030586099
591500,496.65643357545133
591500,431.25017655796086
591800,443.0120178994688
592100,319.0041427109364
592200,359.0141165802105
592300,306.3361466190003
592300,344.578929276692
592500,343.94126160446433
592500,380.0244593046056
592700,387.2753355386405
592800,341.1775138051689
592800,359.9708700634511
592900,534.9419446811727
592900,461.917315791773
592900,449.67021141416694
593100,511.6272862729266
593200,450.65226079035983
593300,437.96962197384744
593400,351.99089499954175
593500,358.4256081045875
593600,418.41988051586844
593700,419.8221767243279
593700,396.2363920730366
594100,440.54002193457484
594300,379.00367604539184
594400,406.36985284825266
594800,463.5991338939541
594900,341.7898170716818
594900,360.2636771592534
595000,349.222749248649
595000,489.0907187454277
595000,429.3342266453684
595000,518.4545458553679
595200,272.5731073265438
595300,495.538438884533
595500,435.42948468616805
595600,596.5652756858024
595600,418.04172856929165
595700,436.4421538797542
595800,512.414482778405
595900,494.4598813175187
596000,369.20427366037694
596000,326.33582593877014
596100,352.7579054253177
596100,462.8642909925891
596200,410.97336335537966
596500,391.857945957402
596500,316.8937041336668
596600,415.33331066394106
596600,307.4092222920398
596800,372.5984286723612
596800,524.9404693820574
596800,428.6248295009281
596800,421.8719576566977
596900,464.1122799019393
596900,400.95652122443573
597200,304.0397810732725
597200,472.4599296849682
597200,320.1423261751867
597200,447.4334302862577
597200,425.9158772015055
597300,308.68879065905594
597600,326.2833364298429
597700,359.68763172126324
597700,313.231178051105
597800,373.46311118467867
597800,570.4182131237433
597800,435.40573507681586
597900,309.9038522155749
597900,462.57301222773197
598000,525.174924988632
598100,403.1793253228765
598200,463.9594860159851
598200,333.2405201909493
598200,467.77017294841966
598400,421.57679651906267
598400,357.57765974252567
598500,360.68986792564925
598500,491.11702128494665
598500,306.5026313729161
598600,430.70451421803955
598600,485.2162542254128
598700,623.4605736212897
598700,460.1061958663168
598700,441.88409765953367
598700,502.86315769054136
598800,456.48400031538955
598800,296.6830054648191
598900,669.8510520769961
598900,520.4012866318538
598900,377.06685712228784
599100,313.09956513341126
599100,414.39509367934755
599100,486.74652724026777
599200,333.6445299728386
599200,310.79096944165957
599300,325.6082222487944
599500,422.4964416383663
599700,389.58398862758673
599700,424.8056202308119
599700,478.0354469487624
599800,592.2179804996874
599800,336.146331897127
600000,483.21731217688114
600100,524.215786589565
600200,338.5997041240901
600200,560.7813797857393
600200,397.84111760805195
600400,547.4355625440721
600400,575.9800051997404
600500,430.3019226160499
600600,344.48554761204934
600600,541.365856609303
600600,394.08886090105625
600600,472.0933088161355
600800,531.7327621366227
600900,300.78589717940804
601000,393.19543997911524
601100,378.1265619538207
601200,425.7513738251455
601300,425.69989664734
601600,427.55195631908236
601700,343.0777754976737
601700,417.3367323714723
601800,378.7347627055837
601900,343.2481071766549
601900,328.79671597043756
601900,391.1675055473158
602000,325.80551802943285
602100,308.60390976178843
602200,276.3149582269813
602300,297.6251972963969
602900,458.6806995339958
602900,333.66191057528573
603000,416.80168454057133
603100,457.5822737583802
603300,337.9557557035961
603400,420.56907046696074
603400,376.9321224889873
603500,343.29819981729213
603500,357.66484699179904
603500,294.30252768434485
603600,335.38272002680276
603600,422.12256281637565
603700,407.18867923299314
603900,390.77717740891916
604100,349.66845079815926
604100,366.14760872767187
604100,364.3223767787025
604200,473.9639921666813
604300,412.9827186333046
604300,403.80765847056006
604300,327.84119341455164
604400,355.7954168249798
604500,325.5504197796924
604500,370.0987424640224
604700,381.389459551963
604800,394.2049829895263
604900,359.6072885237499
604900,491.8912699440107
604900,342.99565637837037
605000,365.2858794270604
605000,355.1792694672729
605300,430.4191247162407
605300,484.1772513779961
605300,371.28244660004503
605400,380.91096522637565
605500,338.23843603417447
605600,403.2513182717523
605700,367.674447628512
605800,357.7389510469589
605900,460.7450634791578
606000,391.5178715419013
606300,455.8438448764426
606400,363.94800797628847
606400,332.66973921897386
606500,431.2477992456861
606600,406.6822889234071
606800,395.37195958870325
606900,400.9702177690785
606900,437.6237179861005
606900,388.305386402776
607000,417.48120824489445
607000,417.97976530393805
607000,436.0519917008057
607100,407.6395593885075
607200,364.4407621804073
607200,363.02939569005036
607200,410.94583734465783
607300,357.93489620655004
607300,353.13667083211556
607400,352.08121159162215
607400,436.6205321549299
607400,423.6356914779706
607600,389.36742247396427
607600,432.580919142483
607600,459.0232653205808
607800,422.58381786359104
607800,551.4449735823298
607800,413.8896393444058
607900,360.3919404427761
607900,457.5742501788602
608000,425.94675347258226
608000,349.8358208130937
608100,353.1398118142416
608100,562.9163929778857
608200,387.5398877760098
608300,392.64968680222955
608300,323.45230053874883
608300,400.45859477109127
608400,404.636897275615
608400,444.48905481684716
608500,457.70120601356996
608700,360.0985156321849
608700,455.76333286549215
608700,385.0776246448751
608900,435.4227513813985
608900,362.03046069520525
608900,375.4198488102248
609100,369.7642619118206
609100,408.2813502130469
609200,327.10023011840275
609200,388.32382313259836
609500,320.13040417124125
609600,343.81233695129185
609600,534.5821948861179
609600,392.7226887325393
609600,497.89438093367283
609700,388.84724957979296
609700,466.7189211305011
609800,323.1908375002094
610100,345.63302603714703
610200,361.87117505035803
610300,307.4304157482943
610400,439.6727212076882
610600,579.9798088284996
610600,288.3715214713151
610600,431.1408488206321
610700,365.69932713338926
610700,460.24108955260135
610800,376.76720563775433
610800,348.23186643661205
610800,398.64328211102156
610900,390.18479835109815
611000,298.9778411417736
611000,365.4100629308154
611100,361.0073948766294
611100,612.667815272805
611200,366.2576647591216
611200,345.09493475953474
611300,399.7496589934401
611400,410.2018419401262
611400,363.99235965844923
611400,344.4471244419116
611600,343.2836056816737
611700,380.77901789349556
611700,352.16630043638116
611800,384.36015546469366
611900,330.6383916203534
612000,338.7712373110303
612000,359.2564643633412
612300,380.0480075615697
612700,365.74408850785676
612700,278.16681808748956
612900,360.1335942212564
612900,473.41191000097405
613100,389.41070774130947
613200,394.1918941726642
613200,309.972655136295
613200,312.94739324161134
613200,318.4475390374306
613300,273.68910695560703
613300,347.4865833496765
613300,329.6227092817634
613400,476.919634101424
613500,371.300183933704
613600,392.61259129237294
613700,311.8504197666208
613800,350.34281258777753
613800,370.9324472601622
613800,392.85909167435665
614200,321.6806921390222
614300,351.6271296397217
614300,378.45586102421896
614400,283.38199971041206
614500,297.9882726472053
614500,441.7039299848445
614600,350.47957750354647
614600,314.4023423384197
614700,331.74502323338896
614900,403.8163897759597
614900,427.25772810612204
615000,415.6908178634165
615000,379.7469524266157
615100,523.8454503858709
615200,380.12252283644875
615200,395.26481518468927
615300,533.0557044979446
615300,290.47216649306205
615400,435.8830439336869
615400,360.28753333889665
615500,338.07985605536845
615500,424.2888186404823
615600,369.4617581429077
615700,337.027490087267
615700,315.97709616028925
615800,396.387339843615
615800,383.80867638799157
615800,292.02512897387857
615800,428.2429567094015
615900,442.16542107831066
616000,289.07207840117326
616000,319.7504360905675
616100,280.4953134545626
616100,375.420201008689
616100,428.3702687807225
616200,412.42942358122565
616200,342.9346166530861
616300,371.6130834531517
616400,408.35045546485475
616400,442.2956560827893
616500,306.37076458235265
616500,292.9399018382271
616500,285.1107369814433
616500,323.5483912154255
616600,367.4462772935568
616600,313.6389626413296
616600,305.89959873127754
616700,285.2396600218486
616700,305.2751019000099
616800,298.08655424116034
616900,454.6394146980888
617000,297.1558946264733
617100,294.8927902198628
617300,410.8496694596634
617300,317.44492465540867
617300,438.2619077203237
617300,320.3885392441976
617400,463.9106800859517
617400,477.81542385471255
617500,304.0892163949998
617600,325.4454545470688
617600,312.080938141195
617700,303.2181167871173
617700,392.79400987441215
617700,529.4723803337484
617800,404.6229856631964
617900,318.17706859212
618000,295.21240749694994
618100,280.99706384690415
618100,363.1803586100132
618100,364.3559802495029
618200,401.25738309404005
618700,308.45501353645795
618800,306.44151668893585
618800,285.0910113295345
618800,355.7891050901832
618900,498.3802476241194
618900,295.56135881387877
619000,301.61127901853536
619100,301.1591570604993
619200,278.8992594513016
619200,316.3997578377343
619200,551.0478825680202
619200,437.14089976072
619300,287.62927632043903
619300,393.16146560390746
619700,318.26671859493405
619800,404.08482581442627
619800,286.2564988475178
619900,510.80936581561855
619900,280.80969149416563
620000,493.74487966652805
620100,306.57388413785077
620100,285.27422764647
620400,277.58818290006604
620400,261.801463136353
620400,267.3267935335143
620400,263.9509360881945
620500,286.3528056089881
620500,257.5440284927421
620500,306.61307130525654
620500,266.1115522413851
620500,291.0425468985148
620600,501.85575123123334
620600,293.0353002081322
620700,284.67594493128735
620700,276.16272067194893
620800,393.0379219971909
620900,270.81389733906514
620900,300.4401461246713
620900,365.0564717489418
620900,277.9345263362879
621000,269.0060026349567
621000,381.813921000285
621100,280.8806846930026
621100,394.5472811558394
621100,456.7329647753523
621200,258.5657776649242
621200,279.53312511600086
621200,349.5993549328361
621200,275.89668854655383
621200,295.95589023604276
621400,245.25916646201745
621400,291.5524840397523
621400,278.6721475692652
621400,242.93870519739573
621600,284.89472663082165
621600,287.86818281943243
621600,303.1911660845643
621700,422.28109742997015
621800,302.0256674957556
621800,280.5734014774201
621800,276.97628512863565
621800,276.4829555138714
621900,364.3283620921119
621900,271.39414068885355
621900,285.9494433754238
621900,268.2133757986194
621900,300.5252947422236
622000,287.2752521178883
622000,301.932142391104
622000,271.8392611596998
622000,282.300643604213
622100,301.53435501702324
622100,394.60721748894804
622200,250.9740999697901
622200,418.0982185817535
622300,301.43057251894487
622400,282.83147897154333
622400,286.5304649086322
622500,254.53805493476398
622500,446.0864587353699
622600,267.8898483249784
622700,281.31759445856926
622700,292.77480256462536
622800,272.1056888855827
622800,425.0418648525378
623000,482.14432189923986
623100,298.7891395979483
623100,278.75407135429367
623100,264.4476087759395
623100,296.348003173978
623100,298.2747674250772
623200,274.42768609860116
623200,258.94822647654524
623300,301.7804879426619
623300,270.33373823905873
623400,296.17200568524765
623500,282.5099074792084
623500,283.50678723358715
623800,313.7058520933637
623900,266.7629869171596
623900,262.08043090593804
624100,270.36957414716863
624100,332.1408493470036
624200,276.5393865621912
624400,281.0343441541076
624500,277.3450734115822
624500,296.66759568404314
624700,284.6630424757804
624700,291.7275970169815
624700,286.85210841468904
624800,286.5944377882172
624800,294.19445293552985
625000,270.73770524708226
625000,259.74826392338053
625000,298.37796877610083
625200,265.18553037369963
625200,261.49899791859303
625200,278.4168576269087
625200,285.0468058543592
625300,266.51367978808406
625600,299.63355892004836
626000,264.1124210850706
626000,287.0629366027936
626100,290.5127480906837
626100,289.2145760908446
626200,269.96851104940276
626200,295.8939944766827
626300,277.6503817046114
626400,276.55426644091375
626400,292.2768467072309
626500,311.9737107335353
626500,304.02343257284156
626600,234.25071998789392
626600,266.37188952192344
626700,294.11596902695516
626700,306.8023777813972
626800,294.9599005999962
626800,303.87629948719723
626900,306.03917462458844
626900,239.06193177377065
626900,319.1116002751658
627000,288.0358741319515
627100,282.92139544501504
627100,260.23879371325717
627100,308.2727632100557
627100,301.44938519170114
627100,325.7577542587692
627200,310.3712093054133
627200,274.5173513628801
627200,245.11660857161493
627200,280.909327359995
627200,300.8989558789277
627300,321.1604571490228
627300,300.0409476030075
627400,320.2500845522357
627500,347.24782791442146
627500,321.2590701635373
627500,287.63246791768006
627500,306.72734256610204
627600,310.56894368298856
627600,260.35891144324717
627600,281.80293681093724
627700,297.08335121240407
627800,302.06525688344954
627800,273.8558858471604
627800,345.9306056417161
627800,329.87095580704676
627800,317.4597404963169
627900,292.71544339715075
627900,261.8026709808512
627900,381.77727869362195
627900,268.076514346227
627900,308.6918760028404
627900,310.1389129634083
628000,278.65925967017205
628000,303.4158170155032
628000,306.30968985349875
628100,277.058940236977
628100,259.1403834535918
628200,314.7093992382135
628200,321.2861502862548
628200,273.05839091873776
628300,256.3856619337415
628400,269.1674950133872
628400,468.65391498009745
628500,274.1052047651142
628500,261.5302190498013
628500,274.5993120152549
628600,279.0580473360772
628800,285.521574087992
628900,277.23607006287955
629000,299.8651206640931
629000,263.64148417022955
629200,274.4092111689391
629400,240.9233734853498
629400,324.4817378834529
629400,201.4607599397916
629600,281.9900485455712
629600,280.06851360450327
629600,320.5240665962164
629900,311.4422029380576
630100,276.69067690771493
630200,363.81111118846576
630200,313.8588655390358
630200,284.4762182235876
630300,258.44130908171087
630400,290.1919835764929
631200,395.6678823603527
631300,268.1520382768907
631300,310.6927413829299
631500,273.44659002995877
631700,226.85879377453907
631700,239.21410636280245
631800,369.3613006322525
631900,220.05697996672603
631900,455.34166184714
631900,367.7758791625938
632000,241.0384591123399
632100,249.30231377892335
632200,291.5688768056752
632300,265.3710981986082
632400,315.8958955012468
632400,244.27362413670022
632500,268.87868678999604
632500,286.30863969514695
632600,285.40892920992223
632600,310.0185854690023
632600,341.1267742214924
632600,372.6945514527648
632700,309.27159439857434
632700,286.2764494224883
632700,266.92629862812174
632800,373.1670577252928
632800,272.6517864079399
632800,247.76889855676103
632900,410.1134777638449
632900,272.20943968563955
632900,279.5153555085077
633000,342.6874719466182
633000,298.5386066831665
633000,305.54324252950033
633100,286.83392366091095
633100,283.3550811274465
633200,408.47729581056683
633300,243.76403888327133
633300,247.7574976781334
633400,225.3670183462892
633400,282.0403822982231
633500,354.4280806286685
633500,287.3400109231776
633500,348.9250629149304
633500,295.6346284799482
633600,286.2855085728536
633600,285.550269769556
633700,447.744357932878
633700,313.3458182837645
633700,302.6518980787478
633800,310.085627822237
633800,272.223039981893
633800,406.50574821796175
633800,357.927668038519
633900,420.0219705415474
633900,372.25324529976837
633900,306.22786931154013
634000,287.918085037108
634000,299.38592554496057
634000,299.09348981069064
634100,445.41425068562984
634100,271.80624070259154
634100,324.0547448428188
634100,305.9961668508452
634300,470.3304309393841
634400,328.36015343790564
634400,274.89668279897717
634500,305.6608593894445
634500,309.6010407271096
634700,399.053983431754
634700,278.0066674383361
634800,413.55025781195576
634800,396.84170944153675
635000,374.0314740374646
635100,286.37248585732914
635200,325.45506116766524
635400,429.61428437348746
635600,372.51829380548475
635900,295.9192327880731
636100,377.19813254050644
636100,337.671497537218
636100,399.3383650065655
636200,308.30111318199437
636400,430.90337073951616
636600,316.06063043036755
636700,448.22118124025224
636800,481.19572169446644
636900,294.6685454259863
637100,431.65779641651113
637100,383.6967498122786
637400,371.27387354135254
637400,466.49193359372305
637500,304.3324763843954
637500,397.1740924648245
637600,289.62484946505225
637600,253.22646852610404
637700,338.7707150988081
637700,268.5213492697341
637900,255.68888000386454
637900,481.65013850385486
638300,342.97044593097087
638400,269.4248125741937
638700,356.7996362468908
638700,298.9842285031813
638700,312.843941410134
638700,280.29888879976613
638800,275.05588647805274
638900,300.6181686839371
639000,265.8050114793933
639100,331.7395335128659
639100,292.1965267074288
639200,335.7483671626275
639300,276.8136171762867
639300,372.3181681671353
639300,577.6550290422847
639400,472.18635226557484
639600,405.9976959505099
639700,342.1344977969293
639700,431.2145298802326
639800,282.80722670874843
639800,381.4434190945185
639800,319.1823544634718
639800,298.11028754250003
639800,326.284106623695
639900,380.89529046048403
640000,282.8144784282432
640000,389.7858140169311
640000,345.7841950417639
640100,418.2379608448302
640100,367.6090767985694
640100,311.1999371310957
640100,302.0849062329059
640200,316.8722002904061
640300,339.697943621283
640300,499.06348860805446
640300,419.85134882832324
640400,530.4477068982228
640500,359.6038149763417
640500,372.9373659501643
640500,539.2664262688714
640600,278.52828733111096
640700,307.9945207341815
640800,402.6920375319346
640900,313.9804802352432
641000,324.1001975794721
641100,370.69887595070725
641100,331.2566067669735
641200,416.08097235400834
641200,399.00511581911
641300,472.1739796983852
641400,406.21594854119724
641500,382.9058307478914
641500,605.3539574543557
641700,383.9995830663089
641800,467.7984899638172
642000,388.25469455502474
642000,424.2913348366172
642000,464.0007161910738
642300,463.880612792064
642300,494.07222058734874
642400,431.0570423395532
642400,442.8452368990059
642500,522.4977086391523
642600,446.5455842574532
642600,333.23616891790846
642700,419.27902740577827
642900,373.72173782148207
642900,529.1290081914194
642900,405.6747400394461
643100,291.44753648184883
643400,335.97449366401264
643500,325.4215012503041
643500,380.2837804675941
643500,390.1504262863859
643600,451.150767847374
643800,402.69604060743586
644100,575.114619964741
644400,557.2680325122427
644600,270.4165684205743
645000,573.2114771641955
645100,254.77245611242853
645200,359.80824846314636
645300,458.0208276217097
645400,372.4264092378354
645500,570.1556114712632
645500,391.54757400826713
645500,383.93400223937437
645500,471.78858803925357
645600,289.0969182328545
645800,587.413620850911
645900,318.13969776019445
646000,326.30988070367016
646000,355.0423221698939
646100,351.0858889488486
646100,295.9354302095146
646200,314.48395542105675
646300,388.96951519021354
646300,380.3866587410662
646300,403.1645280303136
646300,464.1220000465203
646400,294.71829146394293
646500,450.8801873633932
646500,466.96940594366725
646600,322.59572122097495
646600,404.89931335650436
646700,390.60225722960865
646800,248.61741568628048
646800,313.68243982559125
646800,306.6687525039079
646900,326.1881155628381
647000,368.37325098631766
647200,346.83211734819156
647200,443.2616813020827
647300,405.3607194249845
647300,390.95579298740233
647300,375.5270398330302
647400,444.69066243926346
647400,429.96693591646255
647500,539.1957108971058
647500,514.219175232417
647500,336.5200543824169
647600,674.4644702344685
647700,380.97409773387244
647700,422.55953927015497
647700,253.20920945106104
647800,392.9745936211712
647900,436.8762851947674
647900,580.4887317093999
647900,315.06522272328544
648000,602.1100890505102
648000,478.4123091755377
648000,409.58879364208315
648000,422.58401310688794
648100,394.76991590913764
648200,371.7152730520672
648300,327.1142644599074
648400,269.589153256773
648400,402.018982190913
648400,388.7592711192075
648500,391.86274376935916
648500,308.94759184750956
648500,339.7399562738807
648600,445.76460156081254
648800,378.19715535378083
648800,414.5637144022503
649300,296.3422891465494
649300,352.731180082515
649400,481.2900484874868
649400,376.55872772837455
649500,461.85980119542285
649600,454.18015944396564
649600,595.78384184419
649700,371.76009248033847
649900,467.9418827732278
650000,621.7741178069193
650500,363.1834993698983
650500,445.8893202060069
650500,375.88632443204835
650500,582.3505262236629
650900,510.1455005424048
651000,391.9624247421437
651000,301.0523496002714
651100,396.08153121599986
651100,391.04166788888375
651200,475.6671913008792
651400,315.09135854510396
651400,481.2625975867566
651500,370.33669051302695
651600,485.8368867512191
651900,331.95734548683225
652000,516.0611570138594
652000,486.07146064124646
652200,322.53243741472255
652200,313.18840553519294
652300,421.39953058819816
652500,317.9000323757287
652500,457.0327565410416
652600,358.8752724963459
652700,372.00448622085776
652700,360.70418569822687
652800,342.8539979184773
652800,315.5162378414074
652800,459.8387465581489
652800,395.76970200143484
652800,521.1954696744843
652900,326.7473085034184
652900,387.35777590614623
653000,525.1709665721097
653100,286.0016710247481
653100,430.7337280182282
653100,364.72541200763766
653100,380.25589112916066
653400,426.78259579415044
653400,363.6876780240259
653500,597.1557353046796
653600,364.9632118548122
653800,382.22503215997034
654000,309.1580214924136
654000,435.08490331371104
654300,366.92956478939163
654300,341.231058203427
654400,379.9217184406923
654500,539.5275016050786
654500,309.56933201171597
654600,369.5588756645672
654700,594.0853574971181
654800,358.34308216638556
654800,408.2551592513719
654900,359.20878108737105
654900,343.0198322102649
655000,338.04168695263724
655000,295.11774774720385
655100,403.067067410116
655100,424.3310317301168
655100,361.33069658459345
655100,427.57516080007514
655100,344.21560617285945
655200,409.3083848585915
655200,514.5561555072302
655300,448.2995022174805
655300,384.6893371671523
655600,370.73876337282496
655700,473.9888384665805
655700,435.4451319515774
655700,422.7260079524219
655800,409.84814066834696
655900,506.2426046024985
655900,407.8696100464292
656000,439.6790787470357
656000,463.1722331349744
656200,516.3335462686406
656200,384.12592980079086
656300,403.25331691821856
656300,397.9450042198547
656500,452.9911155751418
656600,367.4775597285763
656600,407.1141396834002
656600,465.7224516213213
656800,472.40110328780816
656800,517.2983350755188
657300,437.19436074132835
657400,413.73298077370055
657500,305.9088452549755
657600,418.49532308701095
657600,410.238617783747
657600,481.91135286172175
657700,477.1777073984905
657700,520.4391471278198
657900,389.45016131479474
658100,433.72428087972196
658300,430.6759610754203
658400,293.4228667201126
658500,354.4531599765818
658500,456.6345747578249
658600,300.90413657293425
659100,425.97441305464787
659200,567.6922003574397
659400,294.85653063151045
659400,448.1331569653461
659500,588.098744251321
659500,408.1770139457814
659700,267.416617816222
659800,365.8962315294502
659900,431.7416515794951
659900,379.8385804116761
660000,350.5924406712967
660000,254.33771978134325
660100,340.014758603343
660200,377.3261920439557
660200,450.2949198578651
660200,262.6045903209452
660200,391.7139617803655
660200,585.5144998619854
660300,391.1637788665783
660300,267.75356869147475
660300,470.3331892814978
660400,287.6338425077733
660400,277.5061750622318
660400,371.46864974712076
660400,370.9167119490095
660500,286.3366858493596
660500,366.8808068904349
660800,400.5357391853283
660800,294.44043744768146
660900,264.229319180688
661000,374.168470586005
661000,301.6497014769475
661100,268.7417686429158
661200,265.24418189531144
661200,357.8622408408633
661200,350.8608752050748
661300,550.418100794779
661500,384.8435966979069
661600,485.0913921590181
661600,469.0400517583049
661800,265.7153616385097
661900,268.48476116627694
661900,459.3435119168778
661900,290.99883664803065
661900,320.2447368376509
662000,388.30610868744367
662100,544.9016856064097
662200,286.55585699568604
662300,307.6529319082616
662400,289.63405382526054
662500,369.9760617654328
662500,564.6025003359719
662500,365.736443201585
662500,427.95104044219744
662600,467.93521202097014
662600,405.63767831329784
662700,444.8848850757023
662700,409.9718606404326
662700,493.9849684896308
662700,262.2333454319286
662800,491.1324360495165
662800,541.4679647761478
662900,623.7055851910166
663000,275.441674118297
663200,283.6430081323982
663300,299.1761154613462
663500,390.96262434356294
663500,526.6607629445786
663600,399.6372966950556
663600,305.25382678923364
663700,546.8672023816539
663700,394.6423500453664
663800,545.1300976348645
663800,263.87835775749477
663800,271.502041778543
663800,409.37756115261726
663800,415.0050089516796
663900,459.87326270261826
664000,279.7588541541886
664000,330.9314112673206
664000,465.0858810510995
664300,403.557292832465
664400,265.18729697188326
664500,352.402312379218
664500,473.1231395923272
664500,306.1646747010418
664600,339.1664882853449
664600,540.2036398134346
664600,266.94834740358067
664700,263.3123361497838
664800,292.03105244219205
664800,277.4559114475334
664800,432.79352413998674
664900,273.5063391691694
664900,358.31281399208086
665000,470.63634698931827
665100,472.6269738263324
665200,416.84508397515225
665300,363.87958535842336
665400,278.2114123078765
665600,291.60746084524044
665600,277.20843999062043
665700,427.04879491022666
665700,279.5970539790819
665800,313.92877289444846
665800,508.48750617817626
665900,280.63996954478
666000,299.2870901279611
666100,292.8646987887412
666100,295.6641416166828
666100,300.0931417891147
666200,307.80829201031213
666200,541.4909059001741
666200,288.4608441661312
666300,344.5696753954077
666400,320.8708234268062
666400,306.39921591939276
666400,529.218534010977
666500,290.31907553369473
666700,606.1662888979099
666700,300.9263710232439
666800,631.0515842075623
666800,287.0223542538243
666900,302.3857921163775
666900,341.0253472979579
667000,310.4333079002723
667100,312.6592909871246
667100,280.2973472853489
667300,313.56745514587453
667300,310.3503132913391
667300,309.6745631731641
667500,514.5864008833996
667600,287.4682991910551
667600,286.54677576899087
667700,280.0625592676239
667800,339.16153989236665
667800,300.29650678278034
667800,318.5393354434607
667900,306.44391822243125
668200,300.57934027405963
668500,296.3934574664372
668500,344.43500801747075
668500,314.2168911697939
668600,280.551860397898
668600,304.1742038203406
668600,336.8048711078791
668700,277.9882146279574
668800,315.9420206113611
668800,425.6782445186177
668800,328.269375013311
668900,439.3834417571621
669000,317.42038758623477
669100,324.7819164977473
669200,365.78178662985863
669200,474.3706879130571
669400,301.604510853894
669400,287.4638076815933
669500,296.3894724621162
669700,315.833368743496
669700,314.14579648225254
669800,357.580188759357
669900,309.1357744433476
670000,317.9722087657181
670100,311.1489314825448
670100,323.65241694495205
670100,391.7835095474402
670200,318.10591439013484
670400,297.5808076365637
670400,335.38501965038483
670400,305.39984778289664
670500,400.37525936691543
670500,289.6485892263953
670500,301.91790821438383
670500,299.49491209608567
670600,505.8832559883417
670600,305.33402172920256
670700,388.676671186881
670700,271.20375011386227
670700,309.15845078846297
670900,329.71544215854095
671000,479.484115623559
671200,382.0893126123826
671200,286.13720296041157
671200,297.5117647642841
671200,255.31902554091383
671300,450.54844562998915
671400,282.82316961511884
671400,341.689475575863
671500,298.218340389166
671600,283.15681722229226
671600,336.5375704686553
671700,573.357920840954
671900,308.5874322207597
671900,429.25391470572663
672000,307.93241095256644
672000,369.6090547390116
672100,295.25741225083846
672200,401.97771984762034
672200,307.99766670122017
672300,386.4039624736693
672300,483.6208709262572
672400,371.95552364455375
672500,409.23592885695444
672500,360.42796717360153
672600,496.68538276729646
672600,317.7960336166682
672700,292.0350269879241
672700,290.4838119980355
672700,447.4334331798165
672700,299.8610703678049
672800,290.5187213357005
672900,301.1098254774005
672900,325.76743656325954
672900,403.7424832605547
672900,341.79004164834424
673000,526.6318614115111
673100,320.4678913546869
673100,288.68795419130146
673200,463.2889631690157
673300,314.1677809789691
673500,362.1330458649378
673500,283.05970947551623
673500,367.5054121466278
673600,316.44378986670415
673700,411.2171230663273
673700,322.98437467172045
673800,372.1231140971718
673900,367.0912407216363
674100,460.18663505055196
674100,280.97676270826884
674200,284.2763631232436
674300,253.17199923690984
674400,297.1322596727715
674400,426.0730456908625
674500,293.2497028037484
674700,251.18232974987126
674800,322.61108429228045
674900,372.5783725025805
675000,248.50771921958466
675100,462.325998242111
675100,315.45797125767496
675100,405.972228046312
675100,288.0218978047875
675200,395.7946819116209
675300,302.75832328726966
675300,296.30749971427264
675400,266.8767142366391
675400,360.27830252154826
675500,294.85527132599464
675600,335.9358048102953
675600,326.9321748278811
675600,338.00744026838123
675700,481.6846094049279
675700,296.99400387491795
675700,354.39839006235303
675800,273.15115766550724
675800,274.6318658600664
675800,264.63082461729675
675900,291.9238953766974
676000,313.3807618933701
676000,283.6502086517314
676100,270.29156072396546
676200,433.581649342017
676200,382.68057585338363
676200,415.62690334046727
676300,252.89363140183124
676400,298.3744258579349
676400,247.11588480159958
676500,335.8582021275724
676600,303.2953199374883
676600,272.270035678898
676700,289.26851154291444
676700,251.90594307162738
676800,456.1895122061554
676800,296.71606620451837
676900,249.79775176123127
676900,354.241657163394
676900,278.10560803676873
676900,268.0256602238292
677000,327.33319985854405
677100,347.65322202957555
677200,257.1972646085612
677300,274.6491545009018
677300,485.7666198584976
677300,449.2879506501093
677400,251.53073160491846
677500,275.27244104084326
677600,503.3168340446996
677600,270.46601924173376
677700,258.8571288840837
678000,376.35359628127304
678000,244.3534022107756
678000,267.1954173104541
678000,466.1125559372063
678100,273.90423325532396
678100,299.4301315642016
678200,352.21608763023573
678200,289.33016050524856
678200,343.2659121859943
678200,397.24644201776687
678600,421.1809856308028
678600,288.6700821171217
678600,286.4589906351557
678600,338.7759566359854
678700,394.8668521783003
678700,389.80698023980705
678700,299.3899824708402
678800,284.1781821924671
678800,268.34722114962085
678900,271.3465851630309
679000,349.0113112008078
679000,271.64408745472457
679100,358.00467859869906
679300,293.12969732219494
679400,298.96943110570805
679400,266.9476428730282
679500,329.56721452346824
679500,358.99140834107817
679600,355.87004963193544
679700,363.78351894095954
679700,279.80221156496935
679900,313.1888108608996
680000,363.85302965790737
680200,359.78395210387185
680300,300.3036211573836
680400,293.93266510343193
680400,345.6526015441775
680500,306.77765320799676
680700,399.9242025643777
681000,502.11362340713424
681000,350.52500495382736
681100,365.02655604379913
681200,421.59630163899425
681400,390.33417874658284
681600,312.0146753431861
682100,343.43831705671846
682100,355.8809742446992
682200,327.2987907533768
682500,353.1824269221601
682600,415.54621412216596
682700,408.46742609446903
682900,409.6026671972547
683000,525.7972052571914
683100,410.5437540964606
683200,332.99658470658335
683600,379.60042760629057
683700,414.31307483731104
683800,357.1286165076201
683900,396.45153932113215
683900,421.4844531719501
684000,403.160745602236
684000,376.4265553592185
684000,430.255142808732
684000,387.13389168870015
684100,419.1151426151756
684300,443.16813341765896
684300,390.84725617945156
684300,405.1425407177131
684300,386.2462320843913
684400,447.17722508898936
684400,369.0904729869251
684500,456.17791218202996
684600,482.1536787237552
684600,398.6268612277637
684600,345.00168890862074
684600,378.36726362614957
684700,307.7942571603911
684700,417.27376803494803
684900,344.2699979672621
685000,408.94074991220316
685000,376.49270451235947
685000,476.091801804224
685200,372.53075866256734
685200,500.79977605693983
685200,519.5577307336026
685300,457.7406328118581
685300,434.131852546509
685400,435.7603923453388
685400,519.2135652418791
685400,345.49209516783174
685400,349.327282243298
685400,500.613532594688
685400,486.6637900517208
685500,385.10642088124933
685600,411.4677584036971
685600,437.73476550069756
685700,384.5695190594204
685700,349.09062000070605
685700,366.2431255307204
685800,368.33939446954287
685800,468.6818249790632
685800,361.58446800735027
685800,530.3375372900623
685900,400.32894363865404
685900,491.37843825669336
685900,316.4981133120117
686000,426.44901104054134
686000,331.1783102161745
686000,439.4438602901459
686100,416.11252433928865
686200,369.0762257982062
686300,393.59333594527317
686400,422.20946772501117
686500,354.32560948979557
686500,425.6616167204098
686600,373.4764735516285
686600,439.9491249805532
686700,312.5046122812263
686700,382.77734686358355
686800,413.3735223891817
686900,360.21959705864407
687000,411.6695090820022
687000,370.99216288289006
687000,558.2425210448272
687100,392.7762973633252
687300,378.55821239533606
687400,566.7226706320624
687500,415.96190122431466
687500,330.42044662587904
687800,347.90153998161634
687800,326.84192604966483
687800,323.65097169219865
688000,471.09962703084483
688100,474.21809951810576
688200,464.1273597890218
688400,417.851743645897
688800,312.0330399386786
688900,549.6896459675664
688900,436.05299550353175
688900,363.8195359724701
689200,341.04706638022776
689300,558.713788291693
689400,367.22393077271033
689400,319.9020540932798
689900,340.10185753958586
690000,449.9264008230259
690100,321.19849246409495
690200,318.4734637598473
690200,347.3718461148047
690300,394.4332874832209
690500,349.0464468572626
690600,319.30224630663093
690600,318.68462036399626
690600,412.436897673026
690600,356.88491428453943
690700,310.72014086535313
690900,298.64991589368753
690900,502.8009719573878
691000,359.57226593911525
691000,344.4278827818994
691100,526.592179423198
691100,307.8505313607271
691200,305.9838664611189
691200,336.06126369336977
691200,410.0906640388568
691300,337.84494572914645
691300,341.8519788933494
691300,374.84394011505185
691500,334.59176146500386
691500,370.781569460923
691500,351.2585654261847
691500,319.9807130684781
691600,342.20934559063755
691600,303.7991872022986
691700,458.10258494637515
691700,377.3836292556467
691800,367.7241183915065
692000,345.5276007729787
692000,306.8181617972887
692000,317.46339756160427
692000,346.71773847933343
692100,420.07049463365456
692100,341.7742348901732
692100,331.84409900166946
692200,348.63799496687557
692200,345.2093341499751
692300,320.25244864930636
692300,322.4486422837856
692300,334.08908897613577
692300,352.07465295489743
692400,309.06420393306604
692400,348.37894284658813
692500,307.73817485341743
692700,349.9267632648939
692700,370.2019712409142
692800,702.4039760305104
692900,436.0105542949668
692900,296.9917808843587
692900,445.4354389185097
693000,348.60586334564044
693300,385.7117900907697
693300,400.973869413883
693300,350.31887039233817
693400,314.88446201881516
693400,348.4499729590973
693500,335.1724607555138
693500,347.0066457305809
693500,367.6763927774515
693500,350.9079545709936
693600,376.8367753896616
693700,358.2362379323404
693700,339.32317373229756
693700,342.3643861646267
693800,408.86028785293774
693900,471.862273148854
693900,384.62968507283745
694000,331.8668079804713
694000,318.22486802199757
694100,421.70281575038024
694100,526.4079960790019
694100,303.07150196279025
694300,377.55595857386334
694300,314.0232735218351
694400,460.2841761039138
694500,367.9217106778247
694500,654.2969914780089
694700,458.32680535214104
694900,371.98302018978956
695100,317.40983758290855
695100,367.8249638136793
695200,321.8211627590238
695200,529.1877858995282
695300,333.80407213606674
695300,328.38682691251506
695300,407.6071507500323
695400,356.19729088050127
695600,321.0524948671986
695600,325.1298942501593
695800,508.34752016419884
695900,332.43594233036885
696000,304.97591237851213
696000,289.70760032361926
696000,295.101585995913
696100,342.01112033670836
696300,296.4519739314587
696400,294.5441634486253
696400,331.46280154938813
696500,298.5586257498878
696500,323.2173120365686
696600,283.24247630233333
696600,307.81520396440305
696600,301.9564254500548
696700,288.44488835412574
696700,321.0054739911208
696800,296.83459708156533
696900,321.0179056797223
697000,300.37238593999393
697100,266.024556037665
697200,301.4672324827429
697200,288.07565145135527
697300,289.04025422386667
697400,274.790056996192
697400,312.1444850461873
697400,312.2031182717817
697400,311.79377703277925
697500,323.36597126967723
697600,281.2930808094387
697600,294.5651195699045
697600,282.9965234048027
697600,309.42599054093
697600,281.7413263560361
697700,491.919445037344
697700,312.02732407913226
697700,284.3043715690539
697800,320.1865549693116
697800,332.7870863615507
697800,328.7923591458569
697900,281.6005495391063
698000,290.4288818325057
698000,303.16915219978887
698000,280.6856503364219
698100,288.0977106973939
698300,308.54230497612696
698300,525.2088922461903
698400,308.27744771654636
698500,320.29603725927655
698500,381.68711696502294
698500,342.43907075461465
698500,326.2254613272087
698500,306.62241235872045
698500,354.79330795765117
698600,320.4075852852067
698600,292.8224010064699
698700,302.0884274190056
698800,297.06313624327777
698800,309.73064266478804
698800,305.18885225946707
698900,298.6867182897691
699000,629.0536899526454
699100,294.42527678523925
699100,315.5314645513068
699100,292.02167644527185
699400,301.36998285036157
699400,299.0375033686227
699600,310.0797507806456
699700,300.949838317678
699700,303.0932597762109
699700,282.6889116529277
699900,304.0377064367808
699900,333.8290727127752
700000,338.08963695909705
700100,290.9050282808978
700100,306.07696997946056
700100,323.83386118385255
700100,303.92557321339166
700100,306.66857201367446
700200,334.27666521996883
700200,339.28527512664505
700300,306.29860173521837
700400,335.62525666317475
700400,347.46130614710967
700600,305.3029097534363
700800,339.4631793559309
700800,346.6016819247868
700900,283.3506222451402
701100,301.6149695890041
701100,295.5873650773299
701200,342.7861082787982
701200,294.97528606671966
701400,314.031948810816
701500,277.5596783589454
701500,289.339738655103
701600,363.9223398271114
701600,323.1032464822892
702200,313.17419937298826
702200,288.52769044399906
702200,355.0909752810953
702200,310.41970392845724
702300,345.3686296004547
702300,291.64678677152654
702400,332.21112977755365
702400,304.2233523690817
702500,301.72281004935616
702500,303.3066693865582
702500,311.6421518116903
702700,326.134620289097
702700,320.8147201454509
702700,306.7442107811073
702700,382.5386846434894
702800,303.1177840792137
703000,301.4567933683876
703100,287.6344456101679
703300,311.6100610583214
703400,311.0243249805644
703500,301.0885460894475
703500,344.27158632902564
703600,285.1513891950944
703600,419.1032191302982
703700,289.07238498562157
703800,324.68706876613254
703800,309.33848347514186
703800,318.6194366618009
703800,324.25397783463166
703900,407.687835752058
703900,313.75871413962557
703900,253.8293512971735
704000,293.42226569035705
704000,311.3830302035394
704100,331.5804122816956
704100,304.9567727079148
704100,334.2486443490376
704100,339.6603537697149
704100,286.62810585775236
704200,345.57298213708066
704200,344.1157410287983
704400,308.0356804045174
704600,487.3000536924689
704600,383.7736015031886
704600,294.72264285370073
704600,314.29812085887505
704600,311.2391417893523
704600,304.9944079802564
704600,304.86710449297215
704800,302.1091531792027
704800,355.8883959681444
704800,366.59263937609575
704900,312.82678211337543
704900,303.4710318072331
705000,303.54026930128526
705000,299.39583350600054
705300,348.4602604456921
705400,322.5714535671997
705400,339.5550817683637
705500,372.3678959543562
705500,303.67629618087994
705600,293.48358890209244
705600,436.4809631208844
705700,305.0179360527161
706100,342.0773439488415
706200,306.7390841774662
706200,331.45802271569596
706200,315.54470499487235
706200,310.1180178940655
706300,308.6882838667496
706300,307.56130319573947
706400,320.8181295903221
706400,329.0610271034083
706400,320.40979037720604
706400,323.74871108673
706500,345.5616430498155
706500,323.6448546249067
706700,416.43331831385103
706700,428.8100922374143
706800,304.8717347490441
706800,325.6777458446684
706800,329.39432098984474
706900,443.4245214721974
707000,316.00395967341706
707100,327.27489049364357
707100,285.4043023758929
707200,427.44465088272125
707500,323.6300219410905
707500,320.9877550242273
707500,335.41851741140727
707500,308.5529376501713
707600,487.9739606486958
707800,323.9405537136527
707800,288.9620054819467
708200,292.99944075131197
708300,310.9529142940555
708300,311.6075004896774
708400,371.3624712877067
708400,347.2540912060812
708500,298.7488989185045
708500,370.1919417330883
708700,323.79810477069276
708800,359.7297096010894
708800,330.49235462113586
708900,325.7117130804292
708900,317.6064514419671
708900,322.3925541498995
709000,489.3520269843907
709000,331.7313622340554
709000,320.57052204021863
709100,324.3921613414268
709100,287.5798282271007
709200,339.57849969718615
709300,365.75494981315404
709300,623.5175922572042
709400,299.4689942781412
709500,335.7997854107469
709700,297.5350872454826
709700,305.8100361627649
709800,320.54755086198884
709800,310.3733777244845
709900,575.480020568061
710100,330.9123297168758
710100,309.28577169948267
710200,328.2667010939693
710200,316.255816192081
710200,321.8384127832979
710200,335.8859193732896
710300,336.0498637961074
710300,367.24309245016485
710400,325.197919309821
710500,334.21733394120594
710700,347.13714506495313
710700,352.3017719937245
710800,347.1562426397797
710900,324.2336453459799
710900,401.44849165633093
710900,345.5469752731773
711600,352.1129693558086
711600,358.312425880263
711600,371.0349868666117
711600,358.50147801072075
711600,393.6973012013931
712000,380.4454450536464
712100,397.68993062339064
712200,382.71068910285317
712200,386.05240123445674
712200,391.6259872471682
712300,390.33920709542457
712300,380.43890623763497
712500,388.7804901062433
712500,467.84809736131734
712500,364.76192254222155
712500,406.15258089916114
712700,366.2258942140228
712700,400.5539791870038
712900,406.5313240668181
713000,372.0690023172269
713200,409.92080484306695
713300,357.0716092382049
713300,335.93687139149534
713300,359.3835110495894
713400,357.12862036171197
713500,407.67304898455967
713600,404.1411099260937
713900,391.04433252851214
714100,374.13308781298866
714300,396.7870858034164
714400,428.9879100002672
714400,389.4552515207164
714500,396.6925676900411
714500,408.59312617690665
714600,410.1326419051086
714800,416.26240554264706
714900,476.2112421025475
715000,397.53626302586275
715100,385.832926347132
715100,380.8158054420302
715100,435.7780233312475
715300,435.19054995972516
715300,424.7475138510613
715300,417.3276984272987
715400,386.7429697859956
715400,397.7593753456229
715500,465.1030575146977
715500,401.74554012486993
715500,429.4841998146439
715500,437.59936777556965
715500,423.3598223380287
715900,425.1267926295092
715900,469.79681338134156
716000,360.06894637569775
716200,387.89951173900334
716200,419.55167777332366
716200,452.9173932157273
716200,405.79695635802426
716400,439.22278119832845
716500,413.5349315859488
716700,385.61831889733213
716700,396.79312652941786
716700,401.11867983884565
716900,397.8036916218948
716900,410.9403653806813
717500,457.84281565534525
717600,446.18094295962385
717800,447.8776070065566
717900,423.04509197744045
718000,452.1519110557087
718200,457.46662784008015
718400,454.4755654156264
718600,459.2447551306148
718600,401.26351778125996
718700,459.2570452965002
718900,391.1568438638445
719000,461.97098193762076
719100,513.8969605632251
719200,503.4625462841196
719200,466.0719590523875
719300,504.25619952228806
719500,483.8415956088423
719500,460.9876376247748
719600,446.86723640389727
719600,496.09108350861345
719700,434.11225720682376
719700,461.6552364233513
719700,474.35920636245055
719700,466.0882987237806
719700,415.21922534167317
719900,394.34407334063707
719900,491.63201283530015
720100,449.2183956722338
720200,471.68170836389805
720300,499.66909873806947
720400,445.4995700098499
720400,532.6872081020241
720400,476.47169626341
720500,437.6949922597353
720500,486.25539867688565
720600,367.19401445818727
720600,491.565869406043
720800,497.46436414328775
720900,431.85528008101943
721000,421.24382618735245
721100,405.63403116158037
721100,386.8849897968205
721200,445.3381834211583
721300,461.62589563844995
721300,405.43443795321446
721400,445.6510183718585
721500,315.59441048641105
721600,478.46920826486433
721600,425.13700764044665
721700,471.3747343848766
721800,352.9369788364307
721800,367.2180150912549
721900,471.51355106277634
721900,384.75961234887376
722000,457.5358186728306
722000,489.9513919273902
722000,346.73981803941444
722100,469.1321065168197
722100,388.5627468159621
722200,371.2939532741768
722200,496.1122211201917
722200,431.90995045990775
722200,343.5939970428817
722300,435.59754373048156
722400,391.22887278076604
722500,417.0958319230681
722600,427.1025654447967
722700,392.9443508523493
722700,467.75623278486125
722700,398.3982848263588
722800,373.02236340537513
722800,379.38317099366526
722800,425.96875652689135
722900,359.5396215047378
722900,420.33830453325874
722900,346.0831176748462
723000,365.92428965674196
723000,389.17819127581623
723100,461.41926658812804
723100,406.3198212304049
723200,362.259553540092
723200,405.19211842667664
723300,504.8667316420343
723400,406.7014625456728
723500,439.8646589771028
723500,420.05893581184796
723600,346.46139414283186
723600,483.2614053914489
723600,414.2132497765901
723700,388.3365338693168
723700,358.9012469440673
723800,437.8176921444818
723800,365.3872237139152
723800,460.1200337284888
723800,366.442682260399
723900,379.9682582037329
724000,387.8781759186965
724100,372.2013724942927
724200,420.8042492003363
724400,414.7530319111038
724500,351.62761474724647
724500,346.2212409666188
724700,335.42829357484965
724700,343.277926323229
724900,361.86658416521163
725100,389.6731307762467
725300,342.1261949978772
725500,331.5325344726079
725600,359.45292560690564
725600,325.9758500149314
726000,371.88202871826394
726000,391.1705243827001
726000,350.0665453665442
726100,328.697631721664
726300,353.9476908661121
726300,324.0056380930598
726300,347.02286457403625
726500,373.7561154544419
726500,345.7938389682127
726500,347.65710401623517
726600,355.1694621956984
726700,360.7281394026266
726700,359.8190473975916
726700,390.7526947850804
727100,337.1156955728429
727200,340.97447398963175
727200,388.99408063597326
727300,349.05977154867674
727300,378.321485916911
727500,350.9814903250043
727700,383.86618205212534
727700,349.5028243197511
727800,347.728923230153
727900,352.51980944225414
728100,439.0681755523535
728300,341.102795404597
728400,337.4067547721658
728400,347.07742786880624
728400,415.00117196096613
728500,379.02111569686605
728800,422.81228160849395
728800,341.57550171394934
728800,382.22688821624394
728800,411.2336298340322
728900,370.57318600209265
729100,377.7855111683281
729100,407.8466228646857
729100,358.14774048311625
729200,358.81583451173896
729200,450.9983741811676
729200,328.9306565504434
729200,401.35140588829074
729300,337.85362726373626
729300,361.0678129533842
729300,314.659780061531
729300,363.60048881922654
729500,339.07231500992367
729500,341.10674780956236
729600,357.9758001675776
729700,353.19395751261
729800,386.31012523937585
729800,348.08630437528234
729900,390.124837095518
729900,462.2156950326184
730000,356.6497347370237
730000,409.70187466763934
730100,357.2965096974191
730100,355.9511447036264
730200,358.17675110434806
730300,416.8439498706352
730400,388.9320578668069
730400,355.0252030311577
730400,353.7136611242281
730500,435.7816691103883
730600,476.23316733527946
730600,381.202608279032
730600,355.58332614422756
730800,401.241934821329
730800,474.041056976964
730800,341.0222950070553
730800,373.30337942633327
730900,365.7888938177123
731000,442.00978021909015
731000,442.75263019909215
731100,365.0357247000806
731100,455.82974331716275
731100,370.18195839795123
731100,424.6583707349686
731200,378.5194282166424
731200,375.12308542886285
731300,374.1244975807395
731300,391.9086318265367
731500,396.48665297974753
731600,393.3288946963461
731800,417.6022403590456
731800,412.88403160912543
731900,447.9517777557945
732000,404.1869727521507
732500,404.60668174699197
732500,403.46340490986466
732800,414.0354915523764
732800,405.39510297666584
733100,417.6589710884302
733100,356.59583631685143
733300,415.7916484270651
733500,418.06151883289556
733600,365.3113236951568
733700,378.9401392781348
734000,383.28494452051075
734000,427.4011749010401
734200,391.3061852597899
734200,432.64484453931874
734300,399.4264150226013
734300,363.87198776911794
734300,378.443630874907
734400,402.0060456614519
734500,413.2983841581196
734500,384.9957018008387
734600,434.49309565044115
734600,373.6798595823281
734700,402.1612636351549
734700,358.9638255077859
735100,387.02968326042173
735100,383.94475073702927
735300,400.66151588853324
735300,440.85927615287335
735400,377.2889900983422
735500,412.27153887781685
735500,411.81590107342544
735900,362.11753965238904
736000,379.02728975614474
736000,436.7781055830596
736100,380.4764343662768
736200,372.02538367646287
736200,417.97475119718064
736200,271.2878860980578
736200,373.108214353403
736500,388.4496073039147
736600,435.9383720201902
736900,304.14165900372706
737000,367.52656936272314
737100,433.47616208648975
737200,289.4956882596979
737300,301.26265879033906
737300,358.39820952452163
737400,401.4933474279795
737400,403.43501553495486
737400,322.0689860506215
737500,415.74862755868446
737500,301.8910396218665
737500,401.7559960317358
737500,416.38289488093454
737600,367.46145712771937
737600,332.93143383707763
737700,424.24081512634206
737800,325.3354721790144
737900,450.5041126921631
737900,425.64809641992395
737900,432.7627751972822
737900,440.0736104977842
737900,442.1778450810803
738000,466.30192742276995
738000,325.49019452279424
738000,351.0378501741781
738100,426.0996033568848
738100,317.6368655636765
738200,322.5060244169486
738200,403.7463407683315
738300,367.1665748341665
738300,344.5094028132603
738300,385.92077185804214
738400,313.41415597003447
738400,389.35108141063955
738500,327.3452861086576
738500,373.33951774033517
738500,330.71991734757154
738600,341.3484983424001
738600,457.0047499949911
738600,331.24105398531617
738600,321.06387601875474
738700,337.1220270399263
738700,372.4626184055623
738800,363.1394573013114
738900,314.40932257331406
739000,393.6102930086327
739100,489.2960263958424
739200,361.5992039783689
739200,357.9175930487105
739500,500.1042915335165
739600,390.8669026922744
739700,526.1485711646569
739900,369.0175867830875
740100,426.2197415619672
740200,425.84491233193825
740300,285.30833905992
740400,350.56172164053214
740500,301.3664668664594
740900,356.6635489174537
740900,447.1347561545718
741000,342.28347091827385
741100,371.6632675333808
741100,295.34868861996273
741200,322.7552057910258
741200,417.36938360094194
741300,426.28282130103975
741300,449.05631102815795
741500,284.7922043553045
741500,310.73555211615394
741500,348.126978849593
741800,459.60234760035104
741900,323.5865586928273
742000,315.1318755369697
742100,314.03414008342713
742400,346.5348038150964
742400,325.71239847701344
742400,330.4011599282633
742400,340.70346251573335
742500,333.9721033634337
742500,355.17983527978305
742600,331.2613935342198
742600,452.0267726025959
742900,320.8149882822021
743000,278.69089996550434
743200,342.69535880316414
743400,255.61396574652508
743900,339.05520617690615
744000,261.880627572323
744100,268.4322608678733
744100,279.53345390506905
744600,432.1757669038992
744700,314.5011843682209
744700,478.8651670162791
744800,393.35055604344166
744900,473.873775500594
744900,324.2990161903701
745000,388.53704251218346
745000,351.94066957127006
745000,391.24193512324877
745000,490.80545128997164
745000,483.5564622394417
745200,438.83889224567747
745200,440.7007734045666
745400,305.19670887569345
745400,335.9508991499927
745500,481.1249872577215
745500,308.8581419523771
745600,330.5035461630112
745600,321.01726131513334
745700,316.4338855475496
745800,302.3823149592927
745900,299.05779279159816
746000,384.9704952491724
746100,397.411858361927
746100,462.3842610877792
746100,330.9637851504374
746200,323.4722568449018
746300,517.4973462541224
746300,321.4825372483353
746300,433.83794205228173
746300,374.43687524945005
746400,433.2516953555697
746400,378.37161362979674
746400,371.0129512166172
746400,328.5874198796194
746400,424.19529450023487
746500,283.09708223620896
746500,264.912718250216
746600,371.8998388196768
746600,372.67774165731754
746700,358.70469499228045
746700,350.71755713566006
746800,279.90856345194936
746800,366.1189663978775
746800,453.98093335942747
746800,357.1523610184206
746900,367.2797350777546
746900,437.611396581441
746900,381.5677333360667
747000,383.6363689424441
747100,367.65019634890655
747100,222.0816883814671
747100,364.0192755786449
747100,473.5496858789232
747100,430.8347079982379
747100,353.6884982414794
747200,393.5537152184928
747200,373.1309244748672
747200,266.18073746696643
747300,298.54344434046016
747300,434.1477940837457
747400,327.1116637951415
747400,404.9115119582174
747500,434.53117138906475
747600,441.01974615421153
747600,479.0066755000536
747700,384.8195373060229
747800,268.69339205083986
747800,245.94478491629687
748000,346.49652776572657
748000,503.54401115192144
748000,365.01177196325153
748300,297.9384851983513
748300,339.13767172273816
748400,338.5607228040189
748600,366.45800065923095
748600,374.60220935242023
748900,339.56127920684213
749600,335.5763702228624
749600,399.7714312097226
749700,342.19992313614125
749700,322.85846248262226
749800,384.9178602399854
749900,433.66404299291304
749900,225.33712817287923
750100,313.4316461147897
750200,258.7068175578409
750200,247.29569587069645
750300,289.46896234358144
750300,365.2189798752982
750400,396.827290373234
750500,329.2604601706694
750700,317.7156732642729
750800,319.20246566832583
750900,257.80290627684485
750900,262.47859780690374
750900,328.8221716193317
751100,297.3851764080496
751200,442.2188349629233
751300,268.3092659366814
751300,432.1145884806372
751400,403.404722604869
751500,290.2358484732569
751600,520.3148416616463
751600,327.119292201982
751700,250.3745742539087
751700,284.84936983675203
751900,290.9406244125101
751900,334.2164602394853
752000,276.34259437824136
752100,245.72961073996947
752100,243.46899624670488
752300,485.27541151256196
752500,301.6635694007458
752500,301.8519531681297
752500,284.2070202615265
752500,296.3722339135996
752600,285.90198332449825
752600,275.79653492244836
752700,274.6255462246566
752800,280.5626498564656
752800,290.7656827311475
752800,268.10751140378386
752800,295.28133280490255
752900,270.88877853491897
752900,298.24673959921734
753000,444.5319079612208
753000,324.8714313134991
753100,281.8886578885938
753100,274.6460379833905
753200,474.0711783105927
753200,281.52253316804604
753300,313.06684038041215
753300,286.45031713718856
753400,331.3426549561382
753500,293.0996272705105
753500,421.64141464064255
753500,341.21199171026535
753700,336.02889589549994
753700,297.0736473671665
753800,306.40277677234076
753800,297.96566981521505
753800,286.8065292624574
753900,307.8627792939227
754000,285.0688898395209
754100,325.64059279622364
754200,303.10825288576183
754400,327.91772999102034
754500,776.0229451257472
754500,313.389990467006
754600,413.1659714121096
754700,294.76201071194635
755000,475.7489493370593
755600,385.9393135682148
755700,512.9258660952287
756000,412.6622132289361
756100,434.9561341775438
756200,503.53648697971204
756200,435.3953344582981
756400,521.2568723326888
756400,435.3060732627998
756500,409.0305742005002
756600,409.5686565063803
756600,500.13679454998294
756700,337.7480676730477
756800,435.0910402346472
757000,371.9651279351815
757300,429.3067936774559
757400,362.4630254887701
757500,476.0879918453728
757600,402.94419130413394
757800,484.3819023791797
757800,387.4708376104181
757800,368.9085128084729
757900,366.625313136838
757900,555.7449356277682
757900,531.7215407542988
757900,386.25239390560864
757900,347.0060113800424
758200,523.3248815814978
758300,370.48607433027763
758300,405.7721025778233
758500,423.66655860966387
758600,392.84069728642737
758700,374.63865893558886
758800,450.84814529581405
758800,563.6748391442504
758900,368.2772155614683
759000,498.60135634120445
759000,383.96822652831355
759100,418.7657625871859
759200,399.8825472836904
759300,447.5850599044372
759300,408.23732849778594
759500,459.8445517059181
759700,490.6875071792435
759700,392.02788406084755
759700,415.43263500826055
759800,398.3827274252392
759800,391.2239606729119
759900,394.64675355054504
760000,509.46969940178855
760000,490.868236670247
760000,414.581537428005
760100,429.37264487934016
760200,351.9546666245434
760300,406.93024132896926
760400,399.60839899497324
760400,426.0975002862421
760500,406.07505348323275
760500,484.2758731547564
760700,367.60537196236
760700,387.39328680657803
760800,367.19448653687095
761000,321.17148423890137
761000,426.39147523171505
761100,432.357222926513
761200,401.3482762581106
761300,358.8442435495149
761300,432.10535818526006
761300,663.4269581632566
761400,402.4828716711773
761400,350.95159495657873
761400,347.8866977341871
761500,644.1589088084376
761600,394.6203199680847
761700,736.9450087694689
761700,436.54598448233156
761700,394.8751237924235
761700,362.9888975849697
761700,412.4343222830103
761700,432.50332443157805
761800,426.6350703056995
761900,402.78415656962943
761900,384.8776121387949
762000,490.4887129392184
762000,455.0307147113533
762000,354.58760843754834
762100,440.9096997911838
762100,464.87304573416316
762200,380.93486472341453
762200,417.44905670230065
762300,501.7327012147572
762400,431.20417556552735
762400,483.74641254455304
762400,419.897965039886
762400,485.52158802678497
762900,509.868746150464
763000,336.6575723482429
763200,508.6384716078389
763400,483.32341483622434
763600,399.46726498289286
763600,388.25383124727756
763600,515.3271863991712
763700,488.2242093184432
763800,375.2468944250582
763900,350.41176074777724
764200,321.99755638687174
764200,390.81536815832106
764300,325.7246427138816
764300,331.72544461107697
764800,376.8982883776922
764900,415.8641105835364
765000,382.93755502604193
765100,418.4232622028036
765100,436.3461111922547
765300,406.4668701794941
765500,472.1342489805735
765800,400.3596520034179
765800,377.7457403249333
765800,463.9797746892242
765900,408.2026575953947
765900,409.9396346224297
766200,410.9114961730297
766200,377.8222132129568
766200,412.50727873673134
766400,481.83783851233954
766600,495.2737264798766
766800,448.5780596453044
766800,364.46228964488057
766900,399.8707184314534
767000,407.62283112602455
767000,490.1473740859325
767100,392.00810519994104
767100,474.6049183509215
767100,437.3108817086045
767200,375.23543396676257
767300,679.9062640645114
767300,358.5815991330595
767300,388.69710173418144
767400,381.3487461306168
767400,426.21196702461106
767400,379.6311049915114
767500,380.6453625787567
767500,424.00945435303856
767600,365.34623139832405
767600,397.6649057722141
767700,396.34798086123
767700,444.2237240373726
767800,398.845139262307
767900,381.8063270911113
768000,356.2654650447631
768000,382.2540154802415
768100,375.1930017891913
768100,420.4808598821373
768200,396.99097249085514
768200,368.2891584013933
768200,333.7821065579472
768200,452.13832514444545
768300,485.3964227431159
768400,428.8293836709609
768500,460.42801681790894
768500,404.2008022270946
768500,366.6199187679271
768500,480.49570235057394
768600,354.4120354249242
768600,351.1331001558972
768600,375.4845890067145
768600,328.9636044114821
768800,382.05546492182424
768800,371.6141213908886
768800,360.5575860537909
768900,521.1015722822967
769000,358.00317472226067
769000,374.1597799311098
769200,383.2988392255214
769200,345.8851721573849
769200,385.74080782116516
769400,376.6713920812455
769400,441.55813619095403
769400,384.8071381545745
769400,377.83265439787266
769500,371.9433022461358
769500,396.4821679295367
769500,406.54617628278794
769600,433.4892102118508
769700,392.57933783228606
769700,369.12254037603896
769800,426.7674385992038
770000,384.66567740831925
770000,415.3255564941992
770000,420.8129626888853
770200,431.5088076116094
770300,409.55727985478063
770300,361.8469961604733
770400,350.3036521366814
770700,389.05483482946795
770900,409.997150120914
770900,374.02840141636887
771000,350.2762394286744
771100,437.2750451994999
771300,382.37503875475676
771300,356.2241770807032
771400,414.20186765666546
771500,400.3203700246899
771500,404.30487402413064
771600,461.62794058913227
771600,389.1929909190623
771800,385.99451961983306
772600,435.2718459999633
772900,393.7766298416449
773100,360.79099429977657
773100,438.29661544182835
773300,403.820140545285
773400,369.4927449965889
773600,427.4199023251588
773600,445.6250762332249
773700,383.85016473570033
773900,412.58461681406595
774000,414.04082717826947
774300,392.5747600745055
774300,471.26163963024067
774600,430.630491986749
774600,384.6746381619154
774700,475.10158856805026
774800,455.6324728626607
774800,377.57014869664215
774900,421.46205155409865
774900,415.92504058684256
774900,384.53983885060575
775000,397.3888824036309
775100,379.7327566056018
775300,414.12042615876237
775300,405.2063071156104
775400,394.0103984683078
775500,430.809629706179
775500,367.41931792727166
775600,416.30724626829544
775600,427.566490608969
775700,352.87482057759786
775800,377.5832696984172
775800,433.1665371494716
775800,426.26339893666227
775900,419.47398088919675
775900,434.0271815379203
775900,359.4856804350206
775900,439.47081738583677
776100,384.52581766533143
776100,464.5067393803664
776100,438.53323335910613
776200,425.8220162915758
776300,413.67100485505813
776400,364.9297400260569
776500,401.82370416607563
776500,405.8736533416857
776600,452.0657363113241
776600,424.801559661773
776600,415.7640314762128
776800,454.9545353252863
776800,406.6014149751674
776900,386.83014605473113
776900,450.77109419519365
777000,383.00576585888825
777000,433.15081370471233
777000,475.0896598255931
777300,458.6702864650186
777300,428.66273383291866
777400,399.0979062492733
777500,449.4581854242339
777500,397.3228918186864
777500,521.4049915595808
777500,437.3295097759717
777600,421.79203791249
777600,429.8220616711787
777700,486.96329056664706
777700,487.0390238421786
777700,416.92054717856985
777900,477.4241781265729
778000,494.697661395925
778000,467.96347806749543
778100,458.6689653959463
778100,443.62528795503897
778100,400.7772034473447
778300,507.39245650824967
778500,382.91213599055163
778600,511.6227998901925
778600,449.0276317848408
778600,440.86493925486036
778600,360.34811113799475
778700,437.1489143619017
778800,447.9233067950673
778800,485.13682237020777
778900,390.3372444052843
779100,446.72956266731484
779200,400.1373444502772
779400,429.4337542671278
779400,433.5552159868894
779500,468.6635239637062
779600,432.6632793487943
779700,424.77362795407055
779800,456.88956706348944
780000,500.21191831607143
780100,453.6065430546432
780400,459.8262192232338
780500,431.77108547073385
780600,446.02912511130376
780900,446.21194882820816
781000,316.87429166050526
781100,395.3377482613
781100,454.8646005943111
781300,512.0303133041364
781300,418.6474816201167
781400,349.98433788033344
781600,432.8320335985821
781900,419.19332075452166
782000,375.0536762216174
782100,454.1191523162176
782100,429.33519797994063
782100,377.4265627291267
782300,333.5323502138306
782400,338.78247303115205
782500,356.3443666453537
782500,338.26577599263175
782700,389.3131016827462
782700,488.6046321977737
782700,378.5673263701342
782700,388.11521085221284
782700,379.3137726896172
782900,471.84887366926756
782900,438.0920500500785
782900,420.61696445927004
782900,427.1265030022213
783000,378.0091318726213
783100,360.34818569080795
783100,371.2443464727881
783200,390.91588776141197
783400,351.7781029647782
783400,457.97976349658495
783500,435.9781008013621
783600,385.0675480371747
783600,370.7379700881754
783600,352.03573151399434
783600,380.68542296128305
783700,407.52868389362
783800,368.07646165563034
783800,378.8567441956222
783900,424.6173388180422
783900,451.66373756967846
784000,382.8368104652979
784000,409.60964930947506
784100,372.0309812491232
784200,375.2745137306517
784200,437.2792623678224
784300,395.7696469983665
784300,455.3809049636767
784400,366.0790067920778
784500,484.9481758366257
784500,492.2903514496344
785000,380.4877046321372
785000,391.3807921886535
785100,404.8562007621187
785200,400.0135919050884
785200,453.4208092505181
785200,391.85534299409585
785400,404.70723801970775
785500,371.8101809113387
785600,434.6103865778732
785600,471.72984607558624
785700,395.4387893936153
785700,439.804790424981
785800,386.7361941634943
785900,362.6615122483148
785900,396.6385939155872
786100,360.9609350318994
786100,383.92673225935306
786100,437.79956183747737
786200,447.69333963574087
786300,438.25528005023364
786300,376.8757569919553
786300,455.87476603921544
786400,447.5610156201631
786400,418.0727946964592
786500,444.694620073854
786500,427.46985676445354
786700,362.44037650433216
786900,454.6602777753461
786900,412.45709298331514
787000,453.888376719932
787000,395.42855709697847
787100,444.7616156080806
787300,393.92189885427774
787500,406.7976421838534
787600,347.67370362720584
787600,444.37868485157406
787700,456.1476496138889
787700,419.640510736141
787700,553.714857380514
787700,395.1831487857075
787700,403.3648003574622
787800,470.1402509156171
787900,382.8057952316259
788200,367.1381380518278
788200,415.9642602787748
788500,399.51706243285713
788700,389.04458534942654
788700,419.38991950590395
788700,382.72760992580356
788800,516.4896382112003
788800,411.9692744841052
788900,499.7644694968752
789000,363.82939859922703
789100,406.13384143533585
789200,409.85713947407874
789300,375.31091154345097
789400,393.65060555823874
789900,359.729572971036
790000,376.4383886124524
790000,390.8164922684126
790100,387.23142909444164
790100,386.3218647157093
790300,412.6852327114531
790400,396.3278704528522
790600,389.51089023210807
790600,357.2176743592804
790700,388.35791885472423
790700,388.9299062962225
790800,362.9791109824995
790800,399.00682616506685
790900,404.2793147753248
790900,364.75005179761035
791000,456.0512963773404
791000,374.09499180038557
791000,413.70004514425193
791000,450.3255781658835
791000,410.34053941143145
791000,377.46239729188767
791100,401.46914872197505
791100,363.40824824312034
791600,390.8248683809707
791700,432.91574682699894
791700,398.6035144660298
791700,415.89103934507625
791700,436.3025250877859
791800,395.5164122756803
791800,375.9004764558309
791800,349.7990196519657
792000,382.02127322332365
792000,353.46224115850276
792100,408.3981663526067
792200,415.16438758421094
792200,357.4748218442344
792200,428.07098013324634
792200,441.54645548110426
792300,339.35585960436083
792300,374.4225296839435
792300,408.5318697151751
792400,413.66524438842987
792400,371.8416114165811
792400,445.59660773836464
792500,327.0983046994911
792600,363.3583052434249
792600,424.4731749147003
792700,423.0095123134712
792800,372.3243355012847
792800,358.5383784215071
792900,402.400964663267
793000,369.3853584346518
793100,346.76664289366664
793100,342.67705465628796
793100,357.64565325854556
793200,437.90988952460236
793300,379.013759936115
793300,396.88145338716606
793400,374.16995523561206
793400,508.9463616512943
793800,387.83574919220143
793900,378.99885338246287
793900,388.44396865028057
793900,409.4026217004885
794000,503.51139910162664
794000,435.11750402453936
794200,393.6679864443936
794300,367.93088350926735
794400,396.2573293901464
794400,383.2653375004337
794500,350.98491678984607
794500,360.6067351760966
794700,379.9773643971496
794700,336.39903410158394
794700,424.2220234348386
794800,370.15550832964533
794800,342.82389192457083
794800,368.28637218412405
794900,374.2313836316985
795000,373.220718297511
795100,409.06981347791645
795100,410.54224539823116
795100,446.3674156730201
795200,375.6171172299001
795300,383.6948225713518
795300,330.38919186986305
795400,387.62371503855286
795400,344.0887205177277
795400,431.98151960965924
795600,388.95780637129303
795900,356.8592086434591
796000,372.3641186174098
796100,378.67792704711013
796300,389.09637028810954
796300,395.18769548390765
796600,401.6627377442
796600,381.243194287072
796700,376.7531109595307
797000,399.13607343899406
797100,395.2353755402052
797200,368.147069995253
797800,387.1025526241387
798400,384.0789832000921
798400,404.64124464909827
798600,423.42284354404063
798700,453.3411406390833
798800,441.5630826786669
798800,342.5147871363831
799100,395.75545488974825
799100,459.44660865608046
799200,414.84899514075397
799400,429.06955189407233
799400,416.31545078773684
799500,394.4473587641506
799500,437.53286520228914
799500,425.5583254800123
799900,377.68789356222834
799900,386.4237904153458
799900,443.30283990656955
799900,422.84084933243895
799900,442.8920683811912
800000,390.5728478684003
800100,364.43116408620034
800100,465.94633341127303
800400,497.4284604893937
800600,449.7334331904394
800600,457.4505435852246
800600,465.86439139921805
800600,406.5978346924681
800700,477.72583432998795
800700,446.6527012226087
800700,438.9269602991238
800700,488.9314437399313
800800,371.938323463518
800800,407.7025895374382
801000,452.31494885016554
801000,430.47877803968026
801000,445.74082625090705
801100,384.7482789694338
801100,449.64587434094005
801200,451.8677923770657
801300,483.3150318089753
801300,340.77490979582734
801300,430.6299896252651
801500,473.1078334973778
801500,394.12295862115263
801500,419.67450448481054
801600,347.52077527933426
801700,488.77361355542797
801700,481.43706126982414
801700,445.2879323265398
801800,363.12334378797925
801800,351.60774724438363
801800,440.3950777207542
801900,436.3600618784389
801900,459.6189347249983
801900,332.00945739310544
802000,465.7146801484244
802000,460.5264343677181
802000,448.40169364139746
802100,426.8760339858323
802100,355.0730352739707
802100,424.31272805276143
802200,390.94333030601285
802300,510.2445042757605
802300,427.97122837766483
802300,381.7807327835985
802300,374.07020735742003
802400,370.1678592741705
802400,436.8301055652168
802700,391.3398807476481
802700,523.1254893633378
802700,458.0649018120191
802800,441.7781948357392
802900,442.99611589363906
803100,434.63083494574147
803100,506.92837174523646
803200,383.16436219372184
803200,456.9122598471126
803300,415.0492126868478
803300,397.4469108715411
803500,453.81103003060366
803500,448.4377076291954
803700,437.0163351278409
803800,456.2580813312147
803800,395.8130990479223
803900,353.0496683506829
804000,456.0716352504931
804000,423.38769809824123
804100,468.7724374589988
804100,446.2558415676603
804400,374.1945464207148
804400,403.72125525611705
804900,460.9075658516681
805000,430.4047959614602
805000,367.4174196747955
805100,461.6419562709163
805500,512.4436135623205
805600,348.4786502818102
805800,386.4670449843948
805900,461.6178870724244
806000,489.9384747554584
806100,452.75498420146533
806400,488.9166866028804
806500,381.17031583864326
806600,379.17634379733715
806700,372.33469797153117
806700,426.63836747021924
807200,367.12340799191685
807300,377.6377075115763
807300,439.95156414941346
807500,386.234424541523
807600,432.07011910168666
807700,417.10952577099647
807700,448.34008842475777
807900,406.5268085665286
808200,483.52949172015695
808200,380.57056760755097
808300,400.0767607745922
808400,396.9320361760912
808400,394.2705621784438
808500,370.66966520300844
808500,456.9464206383474
808600,462.0037466151083
808700,368.77498876955235
808700,367.7773021316623
808700,415.9886443857823
808700,401.8703433143659
808800,415.41075221663385
808900,461.5532612476536
808900,348.81331121284387
808900,416.9317542456556
809000,411.57927101867614
809000,422.8786042567824
809100,469.31600467857453
809100,455.2208198037369
809100,382.63495909627113
809100,455.81021627111517
809100,475.7354286129197
809100,433.6632917326829
809100,380.02971653839563
809200,416.22334817191694
809300,400.9600289045798
809400,386.7726222235191
809400,364.7944998523722
809500,429.806245831144
809500,392.8529887651598
809500,392.603879611221
809600,388.7881101461548
809700,395.6273398831526
809700,403.80736872187543
809800,347.30058634585674
809800,455.70302418152045
809800,388.9125199518712
809900,447.12170758426413
810000,461.39373691155026
810100,428.6402627980574
810100,406.3168183975004
810200,452.2490373192254
810200,415.84716093870355
810200,404.9171239298031
810400,460.82146856081056
810400,388.9483895123345
810500,433.3146839936716
810500,448.07816319294324
810500,438.6295437622429
810500,393.11810687967875
810600,417.2187188326591
810800,344.97803664970394
810900,405.1051837970805
811100,422.30180193839294
811200,348.74005603534937
811300,452.97725972082054
811300,328.86735174601245
811400,325.35929342676565
811400,496.606462106477
811400,384.32524661111256
811700,426.3571465473206
811700,390.42322850818357
811700,440.4429221068604
811700,490.8104211426384
811800,483.1949389773234
811900,423.1638229611679
812000,419.2843284527051
812000,414.0650095576265
812000,439.65633582608274
812100,414.6803931878111
812100,434.02582397470906
812200,368.1403255962397
812200,488.9545666857655
812200,444.9629025036861
812400,414.79364800563184
812400,457.53837999734793
812500,353.4529864326263
812600,336.57169555563627
812800,319.7533534005561
812800,352.71423826374183
812900,376.09692041609026
812900,364.35650923640713
812900,337.60384911750657
813000,327.30647194624737
813100,411.99130670286934
813200,472.9007510511801
813300,352.766939566364
813400,378.3086680213559
813800,534.2377992238646
813800,493.73961341777147
814200,336.6245863530159
814200,339.1327830796184
814300,364.00444716375114
814300,360.5488467073243
814800,317.24786749823994
814800,370.3965569609902
814900,387.9802274561233
814900,346.1570672363937
815000,418.8274447460537
815100,354.6510074347464
815200,328.74538865020173
815300,334.13198421820357
815400,359.35969392574356
815400,336.54918759792724
815400,366.73342301353745
815400,382.8880907615192
815500,352.4225899396609
815600,335.8457121208944
815600,356.7811936395226
815600,336.0414943056161
815600,347.0130258697275
815600,339.17919482832
815700,409.2790773388032
815700,367.8649377616531
815700,336.00371313063425
815800,307.1366574323305
815800,365.9779219672477
815800,293.57130073024507
815900,303.9228397737431
815900,299.05860376852445
815900,356.69179697934123
816000,353.9882050238209
816100,312.5668292125919
816100,396.94025778267724
816200,348.6230871756631
816200,343.70365050227446
816200,347.6319505628911
816200,300.90069279319897
816300,316.67225825374
816300,393.1859095086497
816400,307.35404939475586
816400,303.77991638899823
816400,374.725657184098
816500,358.57544620521367
816500,312.28460932619134
816600,386.1209634119387
816600,360.18201753051864
816600,308.4650566454635
816600,296.046240521759
816600,318.0638826769002
816700,386.78136342235393
816700,356.4983276741937
816800,342.8973087051052
816800,394.4886124069518
816800,293.1789700306236
816800,327.70904041213004
816900,365.4603766159739
816900,413.2876349359134
817100,393.82451150632585
817200,307.42140503604384
817200,379.63721757757276
817300,404.88748044962773
817300,310.51358637823216
817300,303.2749320356563
817400,306.9109840658581
817500,323.3744891215969
817600,352.18936086170146
817600,323.4886113519499
817800,311.9160095196457
817900,322.5973630070806
817900,309.3830495939719
817900,310.2669775488588
817900,293.3732706386042
818000,326.71096221803407
818100,333.6708894492671
818100,314.26674581208965
818100,299.01837943916235
818200,322.62948109271963
818400,306.69828602518766
818500,447.31658053743
818500,348.3375271943668
818500,330.81963640052066
818500,327.7406871385084
818700,339.09777260570723
818700,300.80548398994904
818800,307.44375408402726
818800,330.3252367939249
818800,319.5230312882843
818900,345.93118195080496
818900,465.62236872871665
818900,295.0959445854765
819100,316.85753760371387
819100,302.11866177758526
819300,306.7661389952006
819300,328.0719683012052
819300,331.1518924165101
819400,328.3375637309554
819500,347.771509346448
820000,298.33314879567274
820200,307.7401393077359
820300,334.10542078372276
820400,343.79098812781035
820500,318.67579267412134
820600,298.98710144561517
820800,304.5169661485291
821000,351.13570048669226
821100,297.11940225490974
821100,326.51000669442794
821200,325.26200945414354
821300,326.78698287477295
821400,309.6677485251689
821500,308.84654375462986
821500,327.2761485758488
821600,312.1691182061448
821600,299.91436819288185
821600,327.27141021735736
821600,323.24240154122134
821700,318.57159724587984
821900,312.94828504127514
821900,318.5252176776806
822000,328.9848479142642
822000,325.0064590040503
822000,305.73068094089996
822000,323.31762693103593
822000,334.3811285355717
822100,333.4363067057542
822100,316.025955833442
822100,307.5696464065705
822100,301.24731265008967
822100,332.99424427014765
822300,372.4914495778987
822300,332.56591640017524
822300,316.4725532684325
822400,332.27606544747346
822400,356.17026535922423
822500,326.12195308582994
822500,311.52689084422633
822600,297.07165446040085
822600,333.43480194568264
822700,309.09230948883663
822700,317.0053900540701
822700,307.9106754733414
822800,328.74281868643027
822800,317.46611725410634
822800,320.07134743806836
822800,311.0221870252557
822900,346.3530285374269
822900,337.28830066885206
823000,336.0790494656123
823000,315.87364222335145
823000,343.7525104233176
823100,301.1222767722327
823200,335.9789965214313
823200,329.6445521011086
823300,388.3465502522643
823300,343.47809130119253
823300,305.23725618224796
823400,316.8694589564726
823400,318.12399098222636
823400,349.6485794900266
823500,361.350856818452
823600,336.17784823707444
823600,363.41713840822837
823700,329.55377269836606
823700,315.65511466036077
823800,312.32367416102574
824100,332.69108465565165
824100,314.68631991815755
824200,353.9877874341202
824300,332.91670010128365
824400,305.32325679901584
824500,310.2337204538534
824500,342.1878484804404
824500,340.1380087783606
824600,341.96233760816204
824600,329.590365955178
824800,304.59345149944465
824800,356.3975364323909
824800,344.44715917292126
824800,369.28795851695264
824900,314.23231280144967
824900,352.80201657112764
824900,331.9256149661137
824900,319.0564508070331
824900,316.11339411000773
825000,344.42914166509996
825100,311.4173074899274
825100,325.85536094816644
825200,318.8105669101588
825200,338.24150227449854
825300,348.48955638384666
825300,332.7242413997811
825600,325.62637088559956
825700,352.2486366030563
825700,326.8314718448421
825800,335.51002827704053
825900,294.16168055547234
826300,323.0133832889635
826300,363.5279168312103
826400,312.063036741584
826400,316.1037566754958
826500,309.6315574255023
826500,358.75228985774163
826900,301.48683699139053
827000,328.0278786174242
827200,332.9059783322667
827300,313.02661205444286
827300,300.56597248762495
827300,323.9617783395019
827500,324.89086213402055
827500,307.2387864504631
827600,315.53342462553536
827700,317.6445377658805
827700,324.38418152268514
827800,279.0719575984883
827800,299.5618536089926
827800,293.3645604963224
827800,343.9654274525456
827900,318.5832243861852
827900,323.6947977959868
828000,314.08070903919025
828000,332.33080169436965
828100,311.66641565399306
828100,312.5658949204739
828100,312.73226693805486
828100,285.3605906950268
828200,307.59536161080246
828200,320.54951027003125
828200,321.63469420891175
828200,322.35522549185134
828300,288.5151421761758
828400,330.09362449973406
828400,319.90626148029014
828400,304.4625981735866
828400,324.1204310292562
828500,318.277634193931
828500,333.4450401438398
828600,305.37082115665675
828700,295.79848705676255
828700,320.12096470140983
828700,316.47723943874826
828800,310.5292558056632
828800,306.52092238124413
828800,313.0911326737547
828800,288.81750614691583
828800,295.5274071966552
829000,323.29798793084757
829200,328.5091991099927
829200,318.7776046482843
829200,326.52203259406537
829200,330.264669913901
829200,311.40372888663137
829200,299.97912282751304
829300,355.3540789020189
829300,307.4115246286209
829300,296.4176141259588
829300,323.28318906158563
829300,296.89381642699084
829400,311.9652334996108
829700,332.5105550734142
829700,324.26418949672654
829800,336.13490834398215
829900,322.4099190457519
829900,315.85014343277055
829900,301.0256542792307
829900,322.20172802928107
830300,318.011262103369
830300,313.3495647473775
830400,356.9161572427777
830600,308.5338425056125
830600,315.68641712526403
830700,305.3500066145695
830800,324.0048798760339
830900,313.68703638010953
831100,329.09075927142317
831100,337.08379004876446
831200,345.72923943194627
831400,353.9719875849599
831700,378.1620116791329
831800,354.6752453583917
831900,360.98468200382297
832000,345.89203326159225
832200,379.37757991471545
832200,365.61798716911204
832300,377.41877661864964
832300,371.77733790330313
832600,361.0643027222077
832700,354.3792196134531
832900,407.94088955767666
832900,406.58793095976694
833000,398.05616656775555
833000,402.3585679221121
833000,349.4661864085446
833200,425.1710397436213
833200,322.2247836977307
833200,404.5377079245141
833600,364.66049758849664
833700,409.0431918949131
833700,402.5591899509243
833800,386.38337867486683
833800,412.57016004953505
834100,348.92755084768095
834200,395.73636776357694
834200,336.5829739299902
834200,330.77414023978105
834400,341.8515718625199
834600,392.5617731731758
834600,377.02539212277696
834700,389.45552697174253
834900,366.5077705886717
834900,357.10196630702217
835000,390.9227190991547
835000,365.8845785125767
835200,407.2509828167692
835200,373.4884096577108
835200,368.0382067446431
835300,371.5156823037854
835300,308.162999522422
835400,344.03163319023804
835500,363.4613996313867
835500,375.355504357773
835500,366.80361820280183
835500,360.63625546748744
835500,371.34942212344487
835500,316.9485129999109
835600,355.12814880640576
835600,368.55641023435913
835600,378.1983908540833
835600,391.0707404733175
835600,408.45946899910274
835700,448.45835765657864
835700,422.8952381269979
835800,376.7173237680196
835800,311.6933662246079
835800,360.6983906498148
835900,347.9332548855558
835900,386.2581279626917
835900,368.7300129337936
836000,349.711179886686
836000,401.32085038401243
836000,446.8862087371434
836000,350.5390513754751
836000,362.22028094104456
836000,428.59461631670945
836100,349.9155272299481
836200,325.6483914601423
836200,384.3338674480765
836300,331.863633227531
836300,368.1057349435304
836300,335.94911783517693
836300,362.89829893277175
836400,393.76073127583425
836400,389.019855656026
836400,347.1121179081095
836500,305.43674676608924
836500,436.8911267365286
836500,317.69338310021175
836600,400.60065438856935
836600,436.32857276063385
836600,434.43418066642647
836700,382.3724009973664
836800,335.67521773848944
836900,339.72443170055743
836900,391.2500352564133
837000,318.2670596227078
837000,444.6026374877246
837000,400.174491202771
837100,369.52399663303044
837200,385.77898937037025
837200,401.7354483149169
837300,320.52974554190547
837300,320.93254188604135
837500,354.77711191198574
837700,357.372886001377
837800,333.3980934800079
837900,347.29304374277444
838000,370.6415520515066
838100,331.2583784416853
838200,318.0223632316815
838400,348.21974202746907
838400,491.0833049899727
838500,338.37734110332065
838700,315.4491327063257
838700,329.56434431470626
838800,337.0459275889645
838800,303.2391934669336
838900,343.3266231250008
839000,351.70466668391117
839100,333.0235939073654
839500,341.8306622352175
839600,306.07804596643365
839600,311.8616565226428
839700,345.48658995026517
839800,310.01108194347376
839800,342.1674284689665
839800,353.0677316232918
839800,351.241836962421
840000,326.52903245115743
840200,357.6694185350499
840300,364.38898217664354
840400,320.43418463887537
840700,312.0974123987316
840700,341.1672349090125
840700,337.93038870404524
840800,342.4557815363007
840900,366.00649324719876
841000,332.0454488252568
841100,294.1235590265705
841200,341.67415753154216
841200,321.7542558416508
841300,311.302394718126
841300,310.19078002467165
841400,331.5766293653205
841400,294.03886695820336
841500,367.28530052164706
841500,310.97335035990386
841600,308.1246593671807
841700,317.119080061484
841800,321.45000765736785
841900,326.6966733955577
842000,296.6564585518583
842000,311.71132316232035
842000,329.2523509454746
842100,308.2715319964844
842100,322.4523854052816
842100,340.9304447624026
842100,336.1659687519765
842200,364.9878731793264
842200,304.27292789819836
842200,312.42761500945954
842300,306.7578995314953
842300,326.9476704446774
842300,347.14071065426964
842300,328.6916907107672
842400,336.6567456335946
842400,311.4275731175789
842400,322.3497397684814
842400,370.53932577301117
842400,316.2581436207215
842500,334.0641361033017
842600,386.9475392712138
842800,388.91719745152477
842800,370.39519614457737
842900,315.62334750053026
842900,324.1777997115549
842900,332.7256009678219
843000,401.2919387300886
843000,295.7337136587478
843000,329.1204701664916
843100,314.34002011080287
843100,327.6237660612906
843100,353.0656573786762
843200,372.2297001764976
843200,326.0284469304132
843300,354.34831785491616
843500,388.6737799810447
843500,343.21897016198136
843500,320.4137653030824
843500,336.5617515968317
843500,325.77286179978285
843600,305.9931717035103
843700,396.6679587986753
843700,391.9324341923078
843800,340.625253055008
843900,332.4941987417635
843900,422.04965840546265
843900,422.34043451808685
844100,389.78281084545233
844100,323.1199723394662
844200,387.89124661578757
844300,294.9408697907483
844300,401.097074756453
844600,341.8452568470406
844700,354.1487501838106
844700,325.38883132862253
844900,454.95644270829797
844900,334.4952349121527
844900,321.8099954453717
844900,346.5349523735805
845300,318.87552343252725
845400,343.6111778179752
845400,472.9754420997085
845400,340.19329882047373
845500,341.28635287374675
845600,425.7551981220749
845600,291.3587092812079
845700,306.84896924270186
845700,435.49730229662526
845800,309.16954023110986
846000,319.6941665965877
846000,328.33770869951127
846100,305.47842265024184
846200,285.6688255727856
846300,334.6264141239239
846300,373.5217257012745
846500,317.2577483402176
846700,329.5090761532691
846700,291.96093932892273
846800,409.41780313057427
846900,320.30338198824154
847000,322.5279315035247
847200,334.0309890961151
847300,396.1042571417999
847300,329.4375458809338
847300,323.3186047516764
847300,303.3590912830552
847400,315.3090501337202
847500,399.9188990731497
847500,319.1346891830535
847500,310.1211912906101
847500,283.96314683709
847500,313.7573111259603
847600,416.94255641041644
847700,304.91082108244797
847700,337.4585544655185
847800,340.6204551499323
847900,295.9497950380869
847900,305.6666495786204
847900,320.1445498661577
847900,297.89623830127243
848000,309.3836922739762
848000,303.457817962474
848000,303.90830328331526
848100,297.1370805297286
848100,292.25020128253306
848100,321.6312657152644
848100,300.00775611511347
848100,334.0718378968566
848200,311.8482777339679
848200,289.61159820645173
848200,310.08166958997725
848200,350.1567249046659
848300,318.4900300162363
848300,311.6563715672029
848600,316.4903893582334
848600,291.63866715286747
848600,315.86594113445096
848700,295.2231897318017
848700,297.2333110531733
848700,327.210690068155
848700,301.96006826376544
848800,335.6836442639847
848800,541.1190570263417
848800,313.4199021523364
848800,296.90856037772676
848800,333.6007622463783
849000,302.4834624500101
849000,349.20387925759354
849000,314.6892909084817
849100,309.95918980880754
849300,331.021091331303
849300,311.0032001752191
849400,299.68595336686946
849400,342.4009220672613
849400,320.5622202265473
849500,308.40047587131147
849600,315.5354879758648
849600,296.57669439609566
849600,333.6641163509796
849700,309.07311908013276
849700,310.0704396311979
849700,320.84329985150856
849700,303.14804676976036
849800,291.7253539340278
849800,327.56386801338766
849800,323.42269646085566
849800,298.3020778819327
849900,291.6427775182055
849900,311.7456261841876
850200,306.65221240320943
850200,331.309259514884
850500,299.80377710524016
850500,301.77119395123293
850700,315.66291460694015
851000,354.45094185872625
851500,339.85070317535883
852100,368.43312862233154
852700,400.38885534639684
852700,362.67719985190246
852700,381.75889783630026
852700,356.9660541429316
852900,368.5237255919187
853100,392.7435014418177
853100,351.84450285380376
853300,358.5986942920062
853300,367.02665233013573
853600,350.00294713638516
853700,430.48784090076987
853700,364.4560012646571
853700,415.1905001590285
853700,453.3615036983089
853900,337.7341412595414
853900,436.12305061716205
854000,325.22557634459235
854000,398.08042458309524
854100,417.44904235236373
854200,342.29537225140797
854300,371.3628789315087
854400,323.7836083176374
854400,391.95116507351673
854500,386.75356755958916
854500,365.4588464170919
854500,327.5792528506925
854600,324.7093763795712
854700,378.82726757376474
855000,434.0575178908779
855100,348.56939352204057
855100,390.24657495935924
855100,442.7786615987253
855200,334.43143634723685
855200,338.23184785942533
855200,404.7285657548772
855200,363.25009344690005
855300,410.21179949748074
855300,473.39354361989655
855400,383.7462725946637
855400,401.9667029092254
855400,448.96681208036136
855500,386.7901822154673
855600,384.40955726035816
855600,355.4465529537315
855700,387.74271549831127
855700,344.3269310696233
855800,402.38983219055024
855800,420.8058784350036
855800,394.7114089180097
855900,399.8094273163732
855900,428.92568783013826
855900,415.99521045039694
856000,377.0449222730877
856000,431.4881071221766
856000,352.68769097185424
856100,324.6266075497231
856200,417.71220748973803
856200,346.9252108469705
856300,379.34853085611945
856400,346.50235101765804
856400,390.2182002344838
856400,351.6560999622473
856500,397.32107074713673
856500,343.23282795854425
856500,408.10509869265246
856500,341.3534203727918
856500,439.53042189489884
856600,357.11292864033356
856600,469.3450568155852
856600,443.8136724128277
856600,435.0152344132032
856600,350.9264859963117
856700,378.6729246695396
856700,406.39056134941734
856800,372.175470877925
856900,374.52468412882973
856900,438.2044952505419
857000,326.2946021882107
857000,393.20167641722276
857200,398.37070361139837
857300,500.3344912036802
857400,390.47087613799926
857500,416.25233835313657
857600,420.1488629622439
857600,443.33749367359235
857600,364.02584583640186
857700,405.89353483312703
857700,359.18264292465705
857800,491.5120667434073
857900,417.65109102944575
857900,378.94841818235494
857900,468.1245895837389
858100,477.15868149275343
858200,442.16298518210743
858200,494.04413817289736
858200,462.5611486042309
858700,310.25320070450226
858900,324.29802262709035
858900,408.8036176985409
859000,324.60882095311234
859300,465.43074504016784
859600,345.36721766514296
859700,341.25655929088805
859800,398.536124143092
860200,309.2818108415784
860200,379.9646835919313
860500,351.98606316474803
860600,353.99060748390366
860600,376.1723119006073
860700,351.5666084933939
860700,320.21106754579966
860700,394.596597987073
860800,390.20283051234986
860900,320.7599064257508
861000,473.7348007383328
861100,348.40526320304934
861200,345.2389952984287
861300,395.7297425034238
861300,396.6698872427248
861400,359.98522204386586
861400,352.1992195560457
861800,341.87356996553183
861900,340.6761964196237
862200,437.10284705737433
862400,363.73462304545643
862500,355.52666743413823
862600,386.29952158926227
862700,461.39356657299714
862700,378.6872382154375
862800,403.1002728598372
862800,418.3061702181487
862800,368.62702458084397
862800,393.22611252941755
862800,393.90775265715223
862900,354.5123063488119
862900,364.23259258110755
863000,389.3310042672848
863100,330.5335477992105
863200,399.3134975913377
863300,348.2345045260464
863500,362.4346281870311
863600,413.69551248799337
863600,470.4675948429651
863700,371.9685593560914
863800,514.5267731863637
863800,404.6779135584999
863800,413.2813579987472
863900,452.6359057890454
864000,407.2483237927383
864000,508.53224963999946
864000,422.53925964596186
864100,390.6304267251775
864200,407.16150126548234
864200,384.2678605354129
864300,437.1050905372861
864300,512.7418607269694
864400,408.29777059865603
864400,361.58485761378336
864500,415.08064762177776
864600,379.2132031448222
864600,408.3150192385778
864600,493.36681581015046
864700,474.035666473449
864800,369.1351757883219
865000,412.2621725276736
865000,473.73776518960454
865000,409.07636075053716
865100,473.57343036721824
865100,388.28689801648164
865200,390.0742623570097
865200,358.5795399581799
865200,399.14149704290577
865200,455.6620062355119
865400,323.6023362392833
865400,385.4064108609297
865400,396.6575527973495
865500,487.4641795054678
865600,446.07252835545387
865600,474.34228354023645
865600,465.3067340201623
865600,498.50793369379477
865700,471.82341559156356
865700,483.8191760601786
865800,412.51117995455724
865800,418.4043299082911
865800,419.1974385955317
865900,396.9490054853466
865900,429.408967708029
866000,494.2115136163972
866000,420.58825867588195
866200,422.3790948001309
866300,355.5562903139753
866300,511.3704986091816
866300,379.73578554311
866400,482.4923712578913
866400,347.0235233278643
866600,517.9244857213606
866600,359.9880081279088
866700,438.6003701259344
866900,327.74286811135266
866900,540.1945022701301
867000,328.9830171748064
867100,321.5819589544721
867200,303.0035003162355
867300,344.87189691718754
867400,386.81179239588846
867400,317.2195480765359
867500,442.896428312942
867700,349.2557334158468
867900,343.54929856888134
867900,352.19962943926873
868000,378.8583850375864
868000,495.4018107700566
868000,379.9424096284773
868100,408.1079890722736
868100,376.12194405803683
868400,373.2749443943982
868500,343.97998695704473
868600,308.4941320676659
868600,343.49908587886205
868700,324.72315597900297
868700,432.4849224495325
869000,310.52969992294936
869200,343.9515995785684
869300,358.20780916994187
869300,338.0659011261166
869300,335.9365951569238
869300,399.2353974236911
869400,501.89414466257097
869400,340.6972116192175
869600,334.34742410039814
869900,318.79714269735194
870000,374.8226289504593
870100,353.9301941456663
870100,336.76423638413047
870100,358.13895514019583
870200,310.239045835859
870200,376.9832724914594
870300,338.5332639915874
870300,386.6546500903121
870400,326.4416597590049
870500,307.774179873369
870500,347.5604912411128
870600,343.63101280129166
870700,354.90984088932964
870800,402.72458089994745
870900,376.2246868960019
870900,491.7503221807101
871000,346.9839133525964
871200,389.68109507227126
871300,318.22182658319855
871300,290.87857119008623
871300,443.3810190498825
871300,435.6081102012284
871400,311.56386919385153
871400,310.3132510399581
871400,375.75813712443613
871400,328.23425877289384
871500,329.0428221829502
871500,353.5131191160362
871600,367.9231173483579
871600,312.56678825193126
871800,353.92413551858345
871800,397.130969205997
871800,315.9154574812255
871800,340.8155348859998
871900,312.6550842876597
872000,392.85264293349337
872000,371.07380761794116
872000,380.4858732437966
872000,315.12686763777776
872000,358.35446604039356
872100,419.0553012804307
872100,388.5980281123016
872100,325.33902334613487
872200,298.9668314916085
872200,391.33739937156366
872400,383.2964504310823
872500,335.96028853404715
872500,319.3258349377655
872600,387.01022365480554
872700,331.1064129800434
872700,354.4891106877317
872900,321.20765708162907
872900,394.5267290117478
873000,391.85182729541623
873000,366.6856026783447
873000,297.64834958885945
873100,454.00307961048526
873200,305.56272515220616
873200,347.32228214857616
873200,327.377096356733
873400,454.45244736739886
873400,313.39424659142094
873400,346.11961426094945
873800,424.9866521500092
874100,318.5065191519664
874100,328.0815238165745
874100,345.6931490547079
874200,353.35983929405234
874300,398.006052376278
874300,409.54789202902833
874300,321.749367562215
874300,335.1330040453725
874500,299.7235003193621
874500,331.6837294446651
874500,333.9144854469691
874500,305.46490902764697
874600,312.05787876957305
874600,457.86023690696845
874700,398.0675404886951
874700,314.3387931185183
874800,447.50575847572975
874800,475.39790538441457
874900,329.0982563521846
875000,299.96931105695234
875000,471.32985474485287
875100,393.71171021328087
875100,302.53849592990593
875100,331.9195221796627
875200,307.4256894754747
875300,308.2065405777093
875300,293.1192556074133
875300,431.1274527966645
875400,386.7950309904928
875900,309.2654672377489
876000,292.8081317634631
876000,349.8478681580805
876000,303.45624424773075
876200,527.0241039206817
876300,298.99916107861856
876400,327.77263738610066
876600,311.03375614279946
876900,348.9235551629059
876900,312.4526362003624
877000,395.16307577153964
877000,294.63643586349554
877000,399.77875187672555
877000,339.61362615155144
877000,310.3725340289158
877100,335.832564864953
877200,441.4674408177703
877500,316.3767367383907
877600,326.9064955032219
877600,344.8711072148355
877600,327.1510410339739
877700,297.79942580517707
877900,314.2856452770362
877900,400.6457230355052
877900,335.57077245828816
878000,321.93999700572886
878000,305.14637725432067
878200,412.61887765083156
878200,360.805301682688
878300,346.78382533781974
878300,392.75094944004934
878300,362.0093533625536
878300,355.42503928534506
878300,308.8038835414717
878400,481.2176804323388
878400,318.2894980145825
878500,337.91440295458955
878600,304.6116711758825
878700,405.66295958275913
878800,376.1608808265838
878900,342.28497407819583
879000,370.2884804172274
879100,365.60638208582077
879200,319.1201373097967
879200,339.91307602356153
879200,306.1468780855295
879300,308.78722025976117
879300,392.92533483343874
879300,327.58735897586297
879300,467.98250017724496
879500,390.63754950271573
879600,342.6146955754611
879600,326.4600014183742
879600,472.716797827931
879700,393.2693956086402
879800,404.48699344948216
879900,298.62600058196716
879900,383.7659396377126
879900,436.48787934848457
880000,438.0154961811213
880000,426.98111375493005
880100,372.51870115326403
880300,352.75935822285055
880300,426.005545232144
880500,307.65271704304627
880700,424.3874197785987
880900,341.8067081068261
880900,321.0522100406779
881000,451.4813190937419
881100,312.5410638326365
881100,353.4415853620813
881100,375.16058824690947
881200,351.7815105330609
881200,303.11887789524314
881200,345.06180035443487
881300,426.67880919820016
881500,373.89993416996634
881500,429.675147485677
881500,382.56238697602777
881500,428.39818537799323
881500,354.06577594557143
881600,363.72211336862006
881600,442.1036247768894
881700,413.92988399718547
881800,364.6801846974238
881800,335.89009274645565
881900,359.94292179092423
882000,400.9053886682177
882000,309.7429198850385
882000,380.2779969319203
882100,379.6932467900898
882200,397.85832714311545
882200,374.8166035808626
882200,370.2234269415081
882200,368.24589488529523
882300,315.1029868051423
882300,411.33706936893725
882300,366.5836661794674
882400,323.6946652429551
882400,302.88597391214614
882600,379.303498807043
882800,300.98906994228366
882800,301.2077511452079
882900,312.0868143988211
883100,429.9525054770978
883200,406.7218336517987
883300,333.0197770346893
883400,383.11999241178466
883500,393.3041274688724
883600,372.0026115226633
883700,316.4308375962534
883800,399.2479445039266
884000,313.2051934140853
884000,335.63457788810723
884100,317.9164633814527
884100,368.56492197437086
884200,326.4084418715771
884200,329.08504612928147
884200,335.63944718726634
884300,312.69147937450606
884300,312.1435040173368
884400,377.02425239754155
884400,331.4773218902189
884400,462.1803316268022
884500,328.99350502311813
884500,379.69010978180955
884500,391.73285256318985
884500,317.3819429157101
884600,324.0461657683374
884800,322.40433337795946
884900,374.4295645170857
884900,308.1718624796113
885000,346.29337855219444
885100,416.1599437922816
885200,332.5726478221494
885200,349.9074656347197
885300,369.6781534310676
885400,403.34671909946405
885700,334.65776047239285
885700,316.2770558524835
885700,335.7513702894219
885700,331.9006396178779
885800,302.87215765683726
885800,339.9997324861108
886000,328.8796483602485
886000,393.7473639531144
886200,310.11915406225154
886200,332.63600170241864
886300,385.1608390910733
886300,352.98539230956146
886400,397.65248791764657
886500,351.38708502974976
886700,385.9317980363904
886800,389.2322636595984
886800,356.4023570519577
887000,380.55691799410556
887100,444.10869311587436
887200,377.5147593717783
887200,366.0454064537757
887300,378.1622761776704
887300,419.6262409465846
887400,386.56922044409254
887400,344.8884992648888
887500,308.5736179889625
887500,358.11839376948683
887700,344.7791258648858
887900,351.0929994557145
888100,345.4888412559472
888100,361.6886218348949
888100,357.41126366930825
888200,457.29911819686504
888200,348.6103166423717
888300,355.5269261280592
888300,417.0057016999817
888400,367.4408635239383
888400,358.9638300956601
888500,390.4366758850357
888700,394.6501492604093
888700,332.6215898012019
888900,352.55639632676696
889000,382.54138732215273
889000,340.12632956607916
889200,364.69881473356685
889300,375.61099678347836
889300,375.2911877403991
889400,440.18168079148796
889400,368.2273238714823
889500,398.9653939035115
889500,398.2725047541123
889500,404.4851471477291
889600,379.8217075479243
889600,384.39636602953254
889700,385.7033077765736
890000,312.6648346209102
890200,384.4319097274384
890200,378.8129587813342
890300,340.21921365381723
890300,359.98855228784544
890500,441.60433225366415
890500,419.14618764438126
890600,481.37861106251404
890600,428.23818010094993
890800,344.18384780370917
890800,399.9338361889623
890800,471.8970901389759
890900,490.6651231996333
891100,439.71292540119305
891200,409.88826546831086
891200,398.6885987904764
891200,392.91425868420083
891200,414.53303800400334
891300,354.49456934766937
891300,375.12132865749544
891400,356.97156532695595
891400,378.56179826719676
891400,375.94500335631375
891400,370.7753856450941
891600,371.68339337644323
891600,381.7256678883808
891600,365.5736277913079
891600,489.0163368260858
891800,382.1024988720164
891900,421.08038450770437
891900,381.9829760016538
892100,475.14316124248734
892200,358.8799275928563
892200,403.433959917926
892200,395.1272805681392
892300,375.0379257978571
892400,389.98601910227774
892700,384.188516515757
892800,399.7531702695211
892800,437.81760679706815
893100,417.3834774600397
893300,389.31446224848514
893300,401.90754772764143
893400,371.95160071613293
893400,383.7829900624446
893500,395.81977609272036
893500,403.573661764443
893500,397.0645128069283
893500,371.26521945312203
893900,405.6100279547579
893900,388.5933610436118
894000,391.0956211448047
894200,363.2125040289459
894200,365.6252087726982
894300,477.98467788754476
894400,364.17861935385827
894400,415.2445194333757
894400,365.29375106800836
894500,475.35057978636723
894500,420.6026357323519
894500,448.71521944222496
894600,366.7384301703389
894600,493.1902935555126
895000,420.73402304124085
895100,473.1687974304659
895300,418.6209236011607
895400,375.2230342774913
895400,450.92005624348366
895500,403.7340815451271
895600,417.0701850474602
895700,379.34775752867085
895800,408.72252342707225
895900,401.9158803163836
896000,330.25473650608365
896100,343.48730302390254
896100,403.4809897433958
896200,406.4202335320574
896200,478.2707305025896
896300,382.5673372837755
896300,417.73011725561156
896400,426.59392792955686
896400,364.34901583222575
896500,358.34944242497403
896500,363.04304049134754
896500,353.85295459751023
896600,382.020644764463
896600,374.8775033257027
896700,366.1039077986654
896800,415.8536529695164
897000,435.48504682651856
897000,482.71781825452956
897000,399.0562293351473
897100,350.396693006605
897400,359.17757474510074
897500,363.69549573775885
897500,504.66419632383975
897500,374.2814072317917
897500,439.50113442661444
897600,468.8018679780714
897600,333.64851429830003
897600,382.6773907481128
897700,368.3159485479971
897800,370.0311595201777
897800,465.6141356769952
898000,352.51624024874167
898100,466.0395940322305
898100,401.1876174456126
898200,362.4696498754864
898300,501.79811941978403
898400,351.5960126393923
898500,349.9547768625669
898500,357.73482606443037
898600,496.78166180434886
898700,374.77708024528704
898700,475.37457736855043
898800,379.05831600963177
898800,394.70179536608083
898800,406.96440542670024
898900,411.73962227902257
899000,400.0070350188788
899000,421.6933207240189
899100,368.6702217403192
899100,402.8175025580442
899100,370.11024643088643
899200,424.4124516778861
899500,347.9115744181555
899600,382.3548425463734
899600,386.4424230762946
899700,380.21759471085846
899800,435.41103909133346
899800,426.4165899463372
900000,357.1073630170257
900200,345.19371787852015
900200,408.7769939232763
900300,516.6699846348007
900300,350.33168341811654
900400,395.938269588672
900400,446.291241813804
900400,438.5842406575182
900400,355.8475689106404
900700,349.2201998533564
900900,338.107412594014
901000,397.92691785059674
901000,367.8390750425353
901100,441.11252993717665
901100,397.54600273144206
901300,342.27345425778583
901300,348.38378836695085
901300,452.61232150394096
901300,364.52429728619103
901400,355.4411256190278
901400,508.6395836885828
901400,353.9819996498431
901500,444.0817522650776
901500,423.98846860069244
901500,386.74440114220226
901600,418.6850208309393
901600,371.1793890176867
901700,343.51392046810776
901700,362.8470071135904
901700,325.2564333210934
901700,376.1164217529806
901900,321.5267480439836
901900,389.46013641842063
901900,316.4228786733113
902100,355.69444877169224
902200,316.9379389112339
902500,332.71650887596985
902500,316.2946210727383
902500,376.8250887292678
902500,326.00816537128844
902600,367.70961530455105
902600,343.2747060458045
902600,333.8060152259448
902700,321.7852650297447
902700,343.6940938393542
902700,464.44072507333004
902800,303.9929967039795
902800,333.59961801093596
902900,376.4286674335808
902900,325.340812493945
903000,347.5548890727836
903100,342.9266588723104
903100,344.1356221363849
903100,336.6342041565178
903200,414.656099148667
903200,348.5107301271771
903500,345.42520425077066
903500,313.28633664698845
903600,335.8282446045266
903600,352.2419657753946
903700,319.04040367301843
903700,314.78247378477295
903700,397.39865190468873
903800,327.7519360074419
903800,330.2893041236981
903900,334.1014351993083
904000,334.98605937415016
904100,315.5841616024852
904100,367.33878281416384
904100,361.454710184521
904200,333.0525130531995
904200,316.52902363269055
904500,302.1879994816369
904500,358.80799739145766
904500,351.42774509530915
904600,318.5941690167431
904800,358.2484914660023
904800,334.86725757866196
904900,336.0381452766325
904900,301.12781255371834
904900,330.3943089688742
905000,330.86161816725087
905000,318.59214453216237
905100,333.90533566433373
905100,314.9679470279971
905100,366.967262562827
905100,324.70355719608744
905100,315.29099667901403
905200,361.5022366254332
905200,315.1252500258515
905300,334.60578415623615
905500,310.72949053889533
905500,322.09385266101987
905500,306.59665528845466
905600,338.5062453136751
905700,353.02488688725714
905900,315.121926838964
906000,333.31198067325045
906400,344.18196355211717
906500,318.13951812823444
906700,333.5588133113405
906700,325.72198162909075
906700,357.8007004932453
906900,344.02827467473367
906900,355.73415324799277
907100,329.9170746983355
907300,356.82154229455426
907400,291.9095384515793
907500,375.30945824874044
907600,334.1381785058718
907700,328.57662789829965
907700,340.2546315841426
907700,348.3608273565281
907700,347.86873576749525
907800,338.2266888426511
907800,327.04966810275323
907800,305.891224602399
907800,333.43583111073883
907900,386.0875756229314
907900,334.6403762227437
908000,328.61350728417165
908000,362.58482696884926
908100,345.50111343411317
908100,329.1255588830595
908200,358.5083122293229
908200,353.11740902026656
908200,345.80665242022496
908300,329.6575546000719
908300,332.4614762315989
908400,352.1122663754499
908400,345.5530026062438
908600,362.4213811079553
908700,323.40609202315846
908700,377.68857702957035
908700,335.26531882979623
908800,321.38454200752506
908900,319.6521945398685
909000,328.84282201110824
909000,309.8132139811141
909000,354.15531515347607
909200,342.2086361520838
909300,433.0720265072651
909400,324.43279038090645
909500,328.11883672547606
909600,351.6143314683783
909600,364.5661277392424
909600,362.72082979052885
909700,347.84024350355133
909700,341.02694529654804
909700,357.8391529734918
909800,314.41439042800647
909800,359.35057749767066
909900,376.3289469722311
909900,330.14763051135816
910000,311.02411724205064
910000,357.47016748550834
910100,385.7990804731206
910100,329.59764559106895
910100,310.32614132264763
910200,343.7204887336824
910200,340.8649098053107
910200,360.8951545446117
910200,373.2188987460576
910300,345.3856117965085
910400,345.4025515921094
910500,292.51589155839963
910500,279.5066518988443
910500,352.33843600776476
910600,298.18961034270893
910600,344.7884371078172
910700,342.0242345568333
910800,366.7950943006168
910800,322.98138348443354
910800,285.02765320518597
910900,298.1681205125019
910900,301.5826768898361
910900,301.38755640815685
911000,284.3422175021644
911000,283.5276912366979
911000,311.12661961738456
911100,310.0135910576925
911200,341.7786593002699
911200,296.84070357415334
911300,323.87529383228525
911300,323.6972185211608
911300,351.31296597868135
911300,292.5323469844142
911400,284.121015158366
911400,370.2550633099824
911500,341.91324543977214
911500,381.0126993661677
911600,333.97798875067417
911600,366.62871385503286
911800,314.81447167142784
912000,372.61418675658706
912000,313.2471282830659
912500,305.28196595431865
912500,319.81609871625704
912600,305.53514651364
912700,322.7042744300874
912800,308.63872569850395
912800,317.50896344525347
912900,415.7285323678796
913000,318.6005480488059
913300,309.21832122627666
913400,278.62660563644573
913400,293.5825829894562
913400,464.5011749965185
913500,290.6826113741429
913500,308.43157919029744
913500,299.5168587884208
913600,325.7949612407801
913600,281.2613024068916
913600,303.114524197237
913700,309.684887888668
913700,309.8613613355088
913800,290.29090665398525
913800,286.4156777142845
913800,310.8176024909132
913900,296.73502427264145
913900,352.0686280346485
914000,319.5859754882595
914000,324.45150168543194
914100,331.87830226815026
914100,312.81662954890083
914200,305.5311216589923
914200,300.26973902566823
914200,324.0394104737452
914300,321.8303279819128
914400,352.8742087571904
914500,307.45375388327585
914700,324.8409532060177
914700,310.54109708343674
914800,318.4708748042226
914900,318.63237789606853
914900,313.8399543213072
914900,323.2361932000277
915000,311.834209648388
915100,317.6631409571398
915100,300.63567499095683
915100,318.9272770880811
915200,302.8904226165074
915400,320.66259227348553
915900,323.55401429592763
916000,327.37484539989987
916200,348.7629386682021
916300,349.68558245009336
916400,323.81479805909595
916400,330.45447489387135
916500,356.78186058322825
916700,353.2016469473044
916700,356.8297269900995
916800,366.6094445949937
916800,371.72588873268353
916800,344.0743988338471
917200,350.92752349210116
917200,365.039796372933
917300,365.5977425830256
917300,368.07746733078767
917300,368.6348203123836
917400,354.15992175019124
917400,346.95272594041256
917500,319.5242726351199
917500,349.02239321991397
917500,346.9845210853213
917600,400.03565717658296
917700,359.1792564530162
917800,387.8574721346216
917900,381.0495269378205
917900,342.1477349300648
918200,379.97398224580826
918300,362.77134290601117
918400,391.5310729895124
918500,386.6803239854694
918500,370.84080028162697
918500,375.56795837290747
918600,386.24954765843506
918800,381.9556624729298
918800,428.6994352624133
918900,394.62622806216837
919000,469.9717001289166
919000,326.3604977007078
919000,381.8817129798036
919000,397.3348846813019
919100,396.44452090848
919100,344.6144213393013
919200,390.5018733026366
919300,431.83632526325755
919400,428.0308698159882
919400,377.4098113180487
919500,444.8841618082864
919500,414.6992051734583
919500,470.94791087004717
919600,344.7175025453007
919800,373.5348199265455
919800,337.69468683213665
919900,455.6207616445408
919900,369.2798610726443
920000,339.22579752426805
920200,424.613956584748
920200,334.2971430650708
920200,389.6372571058856
920300,354.4498862611918
920400,360.30874975730245
920400,417.77472871464954
920700,347.8567416208267
920800,385.1469344008659
921000,461.37816846736905
921000,490.2789054355062
921100,376.7134111320713
921200,357.64601195827004
921200,379.164607118276
921300,388.60920866808465
921300,359.93696978668163
921400,397.34653892935387
921600,404.25794704373186
921600,413.9038301963017
921600,375.02084677980594
921700,403.00413816852097
921800,398.75614834311665
921800,425.8417499079245
921800,395.4191268605721
921900,358.6626809068967
922100,412.6174595842007
922200,448.54211019160107
922200,386.1821664278402
922200,379.24905808559254
922300,346.6684456087616
922300,377.3770455119674
922300,410.43339308279735
922400,388.22766393687226
922400,423.60323256356605
922400,366.4344690957684
922500,403.4002319557451
922500,401.17296693021206
922500,485.8052787337642
922500,382.1906878646903
922600,388.93494702020195
922700,401.68690837067817
922900,390.904051967162
923100,375.2810823068796
923200,507.5983204581428
923200,464.4736873785527
923500,348.87773458319407
923500,373.40859036800464
923600,351.8328693336179
923700,366.39934843649354
923900,384.7169793657652
923900,359.3994717562643
924100,417.2670441221866
924100,343.6151823868047
924100,348.4439854648831
924200,405.65543377556065
924200,522.3534799125583
924300,350.454126318249
924300,410.9649142487231
924400,367.82889575153996
924400,396.680959226885
924500,374.84635664814743
924600,360.2997298443467
924700,406.56207217793343
924900,386.46944314543833
925000,374.93287828615274
925000,372.5831252252608
925200,350.5323612160385
925300,410.4724009222519
925400,415.4199312014698
925400,394.9068316417236
925400,392.90245550986054
925400,384.21276691720504
925500,370.14048186443773
925500,390.09440571897375
925600,329.5684968170512
925700,363.8612138500412
925700,365.5290625127701
926000,340.0021376110572
926000,370.1697641694957
926100,339.06685794891473
926100,391.6357950676771
926100,353.8995939725904
926200,303.4821353819801
926300,330.0469039204263
926300,354.2620792973339
926300,371.58706493598413
926400,421.00904482354144
926400,327.8327064353851
926500,385.87487393485156
926500,357.7916056379536
926500,363.0819066758536
926600,396.4492847548771
926600,328.18543750255105
926700,391.64895748437584
926700,394.84536770690715
926700,396.1285494664079
926900,359.798819454115
926900,312.7024296993256
926900,409.1429419453092
926900,429.53675235756504
926900,335.12278743655816
927000,405.3486163119413
927000,356.17460512295037
927100,388.21064058163336
927100,350.0626064808427
927100,322.8679226197635
927200,311.52813439252105
927200,358.5656580607693
927400,328.76635703567854
927500,318.5652045824464
927700,343.41897802613306
927700,334.3647428869336
927800,326.9715458354932
927900,299.59698900526183
927900,334.2262078315924
927900,320.64111520121037
928200,384.5088434565468
928200,352.2530302121975
928300,348.2568015171249
928400,337.70451151078936
928400,398.0923983965514
928500,340.02845432709626
928500,302.36983828647135
928500,314.768365641697
928500,311.0192629860774
928600,346.6403963873605
928600,325.359977413646
928700,342.0313717548662
928700,349.28675435836607
928700,323.26951595820475
928700,317.19327977703523
928700,353.80915219942284
928800,328.6429826284423
928800,337.1429162684698
929000,326.6865057415847
929200,362.17626426395543
929200,320.5532218637977
929300,361.5535352926973
929500,356.7657191716625
929500,326.30888659855754
929600,331.9124406760724
929900,343.0713715188073
930100,308.7597331672162
930100,335.64458659561586
930100,315.4792769382073
930200,304.7013405523449
930200,297.1030123032856
930300,317.8946283700162
930300,347.0947981353663
930400,352.2365525510999
930500,324.8684542398893
930500,323.93590479449875
930600,336.08609935995776
930700,325.46772101714345
930800,326.94781452890095
930900,335.8258842739382
931000,283.9112484228428
931100,438.91225750327
931100,375.59596998309644
931500,331.19479605422435
931600,352.5763614874414
931600,344.13991915825466
931900,366.37653131772373
931900,352.38155405079044
932000,339.0472959502473
932100,488.19746334236066
932200,352.072434151294
932300,358.2169070270134
932300,323.43589470953015
932600,368.3423922865257
932700,366.6201236166446
932700,339.9101722259411
932700,321.3626981359496
932800,525.1915666267355
932800,362.7998126440492
932800,375.53401924674904
932900,345.23177573299074
933000,371.5200961263653
933100,333.82017479772105
933100,349.7455700687436
933200,368.21840825399715
933200,349.3185021298135
933300,350.0335200923257
933300,411.6376008238353
933300,329.49317247232193
933300,356.09225154959864
933400,332.1682243349106
933400,377.05761274233373
933400,340.3609240634366
933500,327.7707065251925
933500,331.0110293405325
933500,382.24673422961666
933700,383.04885847655737
933700,422.2679345827429
933800,362.71583678149864
934000,367.96165578261963
934000,374.16690562174426
934000,336.733061306878
934000,362.14525517569393
934100,353.35300700521503
934100,342.9780256310513
934200,401.0179133739166
934200,517.4269132138438
934200,370.6565774430414
934300,371.030821918399
934500,341.6840881976366
934500,413.37945914274445
934600,399.14938797870116
934600,351.6074029016508
934600,302.17379953390224
934600,411.4412843607421
934700,353.8774385227105
934800,389.1288528875129
934900,325.6733112961037
934900,317.2910274249032
935100,339.9216015209886
935100,378.2259547667969
935200,339.57005638820647
935300,428.53797136700246
935300,345.8632490809246
935300,363.4888440165962
935400,390.4285631784302
935400,336.08597762584407
935400,346.3955869492112
935400,340.0820020394157
935500,363.5229839446889
935500,332.2463710107012
935500,391.3295575194692
935800,377.8261737126742
935800,368.279328401428
935900,392.68779829284813
935900,369.7528246865102
936000,351.11449707723295
936000,373.7241872016448
936000,382.76542487739613
936000,342.23323752885943
936100,336.25382106788254
936200,361.62583333698075
936200,343.9053499660678
936400,356.8762869421836
936600,418.9598905557699
936800,332.1904520724314
936900,313.1921605859763
937000,366.844361478144
937000,348.4312734866724
937100,346.0697682072714
937300,337.4450867873466
937400,358.44313221756573
937400,371.3934555189815
937500,360.2154264836828
937500,368.4043434710884
937500,324.1083025553081
937800,383.65772344477574
937800,358.99270692305385
937800,341.3085788569595
938100,397.11709851138266
938100,365.2955337125547
938200,405.3536424795327
938500,338.3590604379112
938600,386.103819845754
938800,338.8825500494642
938900,366.60547289059076
938900,376.94236555787563
939200,316.64048835735787
939200,323.15550435938974
939300,327.68662145777165
939500,364.5345382528644
939500,381.7544802795973
939600,406.97728917479435
939600,349.7330931514293
939700,320.5907010844452
939700,348.6715658585895
939800,365.88822085033127
939900,334.3771887810643
940100,332.68562233631945
940200,409.53716921298764
940200,383.7246541078204
940300,365.3881005799189
940300,347.1317845569159
940300,378.1107417356761
940400,341.74126749749166
940400,337.83016056320577
940400,359.067261825611
940400,360.1107163436363
940400,366.45778554565
940500,328.5446263392107
940600,368.90490611945376
940600,376.55197736319275
940700,318.1918176848003
940700,366.9778851623738
940800,371.6913471870808
940800,318.2509451878461
940900,343.8694115775195
940900,384.94343629408905
940900,346.200503542259
941000,354.52211745953576
941000,301.0601583580247
941000,349.90855857460093
941000,328.6016000396761
941300,432.47718825923886
941300,337.562033948899
941400,365.53228713354235
941400,325.543475766712
941400,374.4467277899518
941400,298.7652296474669
941500,324.23854536235336
941600,405.4701786018965
941600,359.4564365161582
941600,324.33153506506
941600,357.13615260091416
941700,325.21426940592835
941700,462.4430716188275
941700,382.16219264560567
941700,368.12866223117317
941700,377.05609600875715
941700,353.1061970959184
941700,328.7743787799284
941700,327.03361157825094
941800,293.6441771424373
941800,337.47705262593865
941900,362.2970129744518
942000,390.42302449071974
942100,323.9966221700491
942200,350.82915673691525
942200,315.07150877367104
942200,346.2027989228722
942300,326.8652742846814
942300,309.70258766621856
942400,437.5491836110179
942500,524.821105670114
942600,340.33482352255226
942700,346.2565878977459
942700,313.5063367488659
942700,332.47737597424316
942800,294.40622932641656
942800,278.72253892491585
942800,406.98150932191317
942900,331.2914737222099
943100,365.43957203921946
943100,318.24956486199505
943100,320.05125475938223
943200,386.4421362820934
943300,329.084853758826
943500,392.24018873051364
943700,316.78366371847295
943700,326.03673863455737
943800,320.01830776578805
943900,340.55189441922
943900,314.8013273177959
944100,343.07149939904156
944200,433.0570377071261
944300,318.88650668467056
944600,332.6047774077343
944700,313.8790212005965
945000,351.5292927709178
945000,296.20194819164226
945200,504.2561890116952
945200,325.15006153572557
945200,322.42690232822827
945300,307.86208050313707
945500,347.1141054862529
945700,411.0177620325997
945800,301.35114444940723
945900,333.04627618668644
946000,329.2085019767306
946200,335.0925427183578
946300,328.4594017568753
946400,352.09365241916
946400,320.81913845177223
946400,301.6395375411859
946500,367.79028970966834
946600,317.2389396063199
946800,332.94634966774777
946800,302.0959446255649
946800,329.74726796797705
946900,317.4757642993144
947000,397.15098457178243
947100,331.4548695765049
947400,322.36554956035894
947400,330.0498779355746
947500,371.99513481923685
947500,353.2529978647682
947500,308.9291273839564
947500,366.8081566659464
947500,288.32913357859667
947600,463.639865122188
947700,304.3050829793092
947800,352.34147287540037
947800,337.41113393687283
947800,346.9024914457758
947900,507.1806205250222
947900,307.32552314200217
948000,325.82374313193645
948000,341.9022086118013
948000,342.1726067985193
948100,343.69276678857096
948100,393.858097178192
948100,305.88555774495836
948100,327.9903673301007
948100,315.6513420171505
948200,402.82745785358696
948200,391.16107654707395
948200,350.1379134354919
948200,552.6826952358401
948300,326.2446356576777
948300,342.846098665296
948400,344.70751027637044
948400,345.58468299442313
948500,353.5493129480968
948500,416.1949572695139
948600,400.0423374182042
948600,386.1671781289537
948700,399.3353492845225
948800,372.36812210365105
948800,329.64584451178894
948900,315.78131589956735
948900,482.65774249473327
949100,383.5149650401827
949100,378.8260942592467
949100,355.989322401279
949100,344.2750809006638
949100,354.2549086471468
949200,330.70907733892636
949300,363.0531541671591
949400,440.34100821663674
949400,331.1337696369686
949400,366.1692790677057
949400,338.9180246977968
949500,465.9979383291914
949600,360.0877255373416
949700,334.65744857153686
949700,411.33219603736063
949800,368.7862465622918
950200,307.7660399206867
950200,382.30477779998665
950200,426.3221196041759
950300,334.47832415582377
950300,391.09497517304663
950400,512.8669534257376
950500,378.4369901276813
950500,329.3603023058993
950500,333.87080939349636
950600,299.81938651362833
950700,367.1309768902689
950900,406.33155079280704
951200,338.20285798603044
951400,362.0443451925125
951600,463.9093583142954
951600,415.9938743077855
951600,384.5750158047416
951700,516.9449126659182
951900,333.3427888722312
952000,465.39933364857967
952000,314.0474306270154
952400,438.9798423421981
952700,388.09339644523544
953100,339.0814653059193
953300,395.96774146529447
953500,330.6118629236375
953500,374.62732175694873
953600,330.4886709471899
953700,393.07954953333007
953900,355.83004760591456
954000,322.00738747502515
954000,372.6598972427929
954100,418.643177528903
954300,410.38293881938307
954300,475.88200013029643
954400,529.9691077667412
954500,310.4663805161061
954600,334.016501876379
954600,360.37495347667897
954700,358.7446153944174
954700,486.7831677533272
955000,514.2813772916062
955100,436.54192472581633
955100,509.24672626781546
955100,367.26481411202116
955200,376.36354186894044
955200,455.03373063912943
955200,364.74424585395695
955300,358.39684478559377
955400,357.39859080621466
955400,360.1898354533351
955600,471.15048097949824
955600,379.44304674432783
955600,345.52490116444426
955700,415.6405751394452
955900,330.1424109561058
955900,364.97025709702837
955900,343.49056883352176
956000,407.19193172244405
956000,472.3825602842804
956000,409.86631946256307
956100,430.6641211247419
956200,488.7614298211475
956300,455.2320480591317
956400,337.8036520595713
956400,435.2254412949423
956500,372.3064357470378
956600,438.86474371854604
956600,455.92849751116444
956600,383.80092772312076
956800,453.8650547690437
956800,394.89860702097144
956900,363.2329684563749
957000,413.1506146048722
957000,407.81872732961443
957000,492.628065908003
957000,382.3315546020999
957000,399.6984218624035
957200,462.58607925751147
957200,525.2455394347472
957200,460.9574910674578
957300,408.5422837454645
957300,548.3665145844886
957400,404.99254397776525
957500,417.1855256998291
957500,355.64855958716265
957600,371.20456438169305
957700,435.8834604458034
957800,387.8106921836411
957800,463.5929443583244
957900,323.40462170784906
958000,524.4560394440485
958000,407.2257604487972
958100,438.50314538050725
958200,486.46451892563533
958400,411.20400628198644
958400,359.0502467995834
958500,408.9770773789291
958600,421.48880315436355
958700,534.0665242194531
958800,431.54814414829224
959000,427.84732328042446
959000,380.23595498208243
959100,496.9278479094802
959200,383.37384023112895
959200,509.0658060718402
959300,472.3063391109759
959500,507.75655974533476
959600,556.1937631988167
959600,391.466764635535
959800,588.0998685937649
959800,596.1846441276032
959800,473.8922536033811
959800,553.1810004752374
959900,414.8452747829589
960000,413.64816172081066
960100,441.32523034748516
960100,598.0427395278368
960200,445.4738402622825
960400,357.57291984024573
960700,346.6871639285542
960800,507.49219982012727
960800,395.8546791662645
961000,436.8650410285001
961500,416.09239882989084
961500,360.3285455221867
961600,379.64934224782894
961600,409.30625770086317
961800,385.5623005000807
961900,431.8517952777464
962000,380.1982128465627
962000,410.72691977891463
962100,358.262346551233
962100,380.36421244525746
962300,354.86537045061266
962400,401.93831416080536
962400,327.6694259620235
962600,496.97047572027793
962700,387.52750486684846
962700,314.3231748625439
962800,351.94067860142553
962800,388.84347179022825
962800,370.57909332014447
962900,403.9628847888487
963400,398.238107918815
963500,451.95131710834875
963500,475.82829971505765
963600,471.12908028071416
963600,358.37763414010635
963600,386.30742891641387
963700,413.9528352926302
963700,394.6885482678303
963800,328.6478303885822
963800,330.1658123218468
963800,442.9126710298296
963900,365.87666740565726
963900,409.02720981747603
964100,830.6960546171541
964200,449.66669873604667
964200,517.5851314486051
964200,360.196780855631
964300,350.5666531857284
964300,475.8865213307493
964400,403.08223375395056
964500,388.183184025878
964500,399.88713294244815
964700,375.07649721804034
964800,426.04178472348985
964800,376.6595053991024
964900,501.75059469998905
964900,403.0725388104077
965000,453.13708908406875
965000,410.61337223731647
965100,381.95015355507394
965300,520.8450797879635
965300,423.57970108879704
965400,494.8521653194917
965500,382.80266414201884
965600,483.44976921926946
965800,455.56433761907255
965800,469.8165568792901
965900,434.4169100429454
965900,408.9760651163384
965900,410.8531573841561
966000,385.77157685077907
966100,421.08938788505526
966400,347.2428198319532
966500,525.6537609414684
966800,359.4284605689818
966900,437.0361039329785
967000,439.0643764568562
967000,466.71177076070165
967000,533.542259010521
967100,397.60085296926974
967300,442.4865088479451
967400,517.8650628516618
967500,397.46933073179264
967700,451.5033899966709
967700,448.22904266548755
967800,482.0619413752659
968000,414.9260541810786
968000,553.7619321451318
968100,409.5237391066906
968100,475.19120532851696
968200,441.61881587065227
968200,486.17494703067325
968300,537.8472932828596
968300,470.4438643220518
968400,441.4166371436763
968700,403.9879768255007
968800,370.4437939322307
968800,468.0869866002594
968900,356.7170975236885
968900,440.69514248733
968900,442.9953060058122
969000,474.34018017043184
969000,465.8755071897365
969100,374.6386123237372
969200,506.4962050922444
969600,505.17613690093685
969700,463.75262812441025
969700,403.9947035758128
969900,385.5762555919254
970000,494.48151129020187
970400,474.78682149924697
970600,411.17099711020415
970600,544.313692204135
970700,356.2029364232977
970800,413.8171428839922
971000,459.78703212002017
971000,531.839743552724
971100,458.69781284699604
971200,438.6261544733124
971200,399.6250317820307
971200,481.6059589255335
971300,468.64675313807913
971300,498.088804824316
971300,444.2552388113395
971400,465.5314606034549
971600,414.88113783562426
971800,419.1327833516638
971800,413.1803659444487
972000,500.4956451448841
972100,517.5127586334553
972100,539.2848831432524
972200,411.6268711042908
972300,324.7786640514594
972400,457.2861714291525
972400,448.4709034861534
972400,350.7340032047935
972500,410.1394300728073
972700,433.80301371532875
972700,393.70322972884804
972700,502.76340267557623
972700,420.6961505491028
972700,440.5546371237015
972800,440.8657684189372
972800,378.1385641746966
972900,437.3122721963717
972900,378.38097398823794
972900,428.62239830379684
972900,524.9908736288751
972900,411.10938473266094
973000,411.6722276410256
973000,441.5095575501017
973100,469.91229699978965
973100,511.5377231603303
973400,502.8309062457665
973400,420.67894695011177
973400,441.5264030796901
973500,438.88959354351806
973600,392.1980774165019
973600,498.19592140997094
973600,461.1606874692426
973900,465.7068535341907
973900,466.69947623279256
974000,493.57882268524764
974300,469.24509854176955
974300,435.7124290270372
974500,371.86682248246086
974500,513.1046311970342
974800,511.9156168560602
974800,432.7596732108127
974800,458.7777678303625
974900,468.06663015789456
974900,417.2584188762279
975000,410.55082644775194
975100,394.4401901198151
975100,477.67935587880265
975200,505.8084914890786
975200,404.0797298645259
975300,391.81257951188576
975300,319.37274177049005
975400,432.6713689870539
975500,368.8496944709931
975500,338.07755143616896
975600,442.7035526030319
975600,394.61023003267053
975900,365.5436911178858
976200,423.43248874617257
976300,478.8026320268571
976400,519.2341019600508
976500,434.61441618143186
976500,421.35881471832874
976600,450.1261492512184
976700,391.7566300877139
976700,417.7055817706952
976800,432.7659333370615
976800,370.6812978403418
976800,496.3755739061021
977000,407.5174502186559
977100,420.13706846052065
977300,339.22308816733675
977300,430.7614639199959
977400,463.7350824591714
977700,334.68268976919387
978100,522.8712551278014
978100,413.20868036730184
978300,386.454784515902
978300,362.4846837217938
978400,436.9804508043948
978400,519.197850013462
978500,452.460817058077
978500,384.68484038750944
978600,458.1893099655622
978600,322.34477814459325
978700,519.6549381447031
978700,391.264697726158
979000,495.5858922343934
979000,541.4520406415062
979200,404.28398652501716
979300,406.1219604078201
979600,402.1864950998075
979600,385.1113713810557
979800,558.5818088523848
979800,381.3947139656491
979900,438.5850791350611
979900,379.6774663816832
980000,483.04527000095044
980000,329.77670905979403
980000,421.00655512030744
980100,397.6145078214178
980200,375.7942989199009
980300,459.4901061491407
980400,386.019393264447
980500,383.0581686545468
980600,473.78112034683653
980600,385.2806802432206
980700,352.9919487698248
980700,496.07202085618167
980900,415.73476178114447
981000,313.2422492049777
981100,297.08244543668656
981100,382.7192252799435
981100,422.6726902452978
981200,293.2949773686225
981200,322.1522780418083
981300,316.3851874397613
981300,393.907011790837
981300,511.2773408413331
981300,450.6921369299321
981600,461.179934974296
981600,483.118665146163
981600,305.88470813196835
981800,384.83010972671497
981800,495.59532455812854
981800,426.5817838338338
981900,343.60562928820013
981900,393.04512697403896
981900,450.218335878226
982000,474.6484905670972
982100,470.81727506951637
982100,490.09555015521795
982200,360.8305851635105
982400,435.88482721331565
982400,370.1805695804895
982400,394.56664142610043
982400,396.1317711229171
982400,315.8583274596806
982500,500.1407342030607
982500,463.31064139611254
982700,447.82922282757494
982700,343.12372868388474
982700,524.8263994758388
982800,374.1246409037857
982900,495.8580417064929
982900,492.6434493892098
982900,315.0526182415378
982900,421.0481931087236
982900,402.4687047498055
983000,508.0084827281778
983100,342.8005744380559
983200,301.8953708043105
983300,328.08295796806846
983300,530.4788499618163
983300,391.8298744671959
983400,349.52563765256946
983400,490.4684569591047
983500,502.2980469454582
983600,528.1228279900357
983600,325.1251185070942
983900,294.6056005358664
983900,315.51384916219854
984000,358.1640973906461
984000,341.485219795612
984000,559.5273641696465
984500,296.1029418016096
984500,473.8506019487488
984500,330.67723541807777
984500,459.8166877710375
984600,467.0687051450563
984700,318.71058110746264
984800,329.69546984767567
984800,317.692542084444
984900,413.0382775679927
984900,401.8312857686805
985000,334.20125054258745
985200,497.1984771746663
985200,335.36761346098467
985200,350.6571906894193
985200,349.85584133407195
985300,292.9774564911954
985400,451.6499223003083
985500,313.83771413206597
985500,461.45464131459613
985500,446.63259314843765
985600,483.1682328635041
985700,368.7718917858453
985800,468.2259265335695
985900,392.4753901849076
986100,314.89812740704036
986200,367.6958382373045
986300,338.0830161733485
986600,323.8056605396118
986700,333.0122015960965
986700,349.2614860966575
986800,404.520468469018
986800,353.37239055877035
986900,369.5560673749615
987400,297.072743711064
987900,304.47810531877053
988000,333.33357250417396
988300,356.9214657375118
988300,402.7473344556091
988700,297.1570621040786
988700,346.76522117205855
988700,390.1112256974641
988900,333.6575019435746
988900,408.0752887044651
989000,428.3731460379251
989000,448.433021381581
989300,343.5834282717504
989400,353.8861311568903
989400,388.3317555683514
989500,392.8964646676584
989500,456.1102262123906
989800,380.3143223812121
989800,546.062794391503
989900,508.44409305715186
990000,456.6575240002689
990000,487.05590070652966
990000,376.25665122184733
990000,357.28323974106166
990100,533.1613642021731
990100,329.6100620204631
990300,422.8794476649487
990300,511.15644455457254
990500,496.9376303902007
990600,339.1581929242406
990600,516.7900978617687
990700,490.7661510525137
990800,448.13996353900956
990900,501.00636130838814
990900,500.61190145426286
991000,403.3477122772244
991000,411.6212704131426
991100,418.20982832232573
991100,491.509830840072
991100,301.04614318449495
991200,399.52315856555384
991200,453.3906428990349
991200,508.9421669834348
991300,332.34920466822473
991300,431.9366895021179
991300,426.84683765938223
991400,387.2177876476784
991500,549.8408633843376
991500,316.5399947058268
991500,409.09224429759416
991500,306.467246329274
991700,352.8917419676845
991800,441.30621746121943
991800,331.00715545303524
991900,460.8745709479115
991900,443.3835161885789
991900,445.1162273447203
992000,382.84670348890546
992000,328.97588522212317
992100,375.94953082613
992100,513.8092108776764
992200,310.55562853531524
992200,391.99915460453263
992200,512.7921490449811
992200,341.60153088676924
992300,488.00634406746553
992300,497.8919558802829
992300,383.1656865212079
992300,404.89162871088087
992400,353.23090345856457
992400,505.8295735800837
992400,481.75335469444036
992400,350.74387789117964
992400,397.1520965788142
992400,434.6114736430375
992400,512.2096301579317
992500,344.0248253084034
992600,577.6366217538157
992800,315.5656216231274
992900,475.86107584453225
992900,409.7746639460535
993000,403.4581707808444
993000,342.6893919298207
993200,365.75441159297094
993200,335.07429674783
993400,377.71550873810656
993400,453.5360283996324
993500,537.6254349180391
993500,477.01529068157146
993600,477.15068921788793
993800,345.1516363799512
993800,354.0874965733547
994000,460.2088364289203
994000,528.4976288811541
994100,371.29255867426536
994100,420.33296927487635
994300,326.740177101138
994400,596.3303527476136
994400,500.13698271272807
994500,369.83446440542014
994600,338.19279148466205
994700,303.7681401703471
994900,340.821629281993
995000,321.56388710174406
995300,323.7344318000484
995600,364.6397072995114
995900,361.8789573536104
996000,364.57663044952614
996300,555.573897783513
996400,329.65811955275944
996400,325.09358430624553
996500,454.66988985731047
996500,362.8943505509793
996600,300.87197791021146
996800,282.281182919284
997000,303.8244308004032
997000,348.87558974452884
997000,314.7693105626501
997100,302.582651438677
997100,300.5304158562426
997200,329.45905961387064
997200,303.3802187847537
997200,384.67722062134294
997300,369.51436258618173
997300,302.2619811767117
997400,359.05715183441157
997500,303.0428530836516
997500,383.350385847092
997700,370.97201607747064
997700,370.0525664775709
997700,421.1980451418471
997800,449.7845259007519
997900,274.8028534849877
997900,409.16176115009347
998000,300.0558053477622
998000,333.8493149728825
998000,338.9071794235305
998100,290.720931703787
998100,417.7961712202346
998100,320.3278929692066
998200,313.05847042541603
998200,367.9777076845349
998200,352.87027377526783
998300,375.502967373529
998300,471.101513447457
998400,336.11566924837956
998400,350.91312940679325
998500,306.744478420625
998500,307.14680114929627
998600,457.0271989537301
998600,323.2549044276302
998700,313.79361714142067
998800,295.7922532321557
998800,332.9480276043519
999000,408.77779525922597
999000,354.14429472850503
999100,478.33373802297496
999200,313.155334286295
999200,356.5906494649129
999200,432.9650538123498
999200,308.6747339356063
999300,352.9821223015915
999300,351.0048686492
999500,408.868388464792
999500,432.7831031644584
999600,358.6398984731522
999600,416.0074174432349
999700,314.68405147423596
999700,460.9861386713804
999800,405.61351125221415
999800,317.6113987047344
999900,444.0034750672652
999900,404.77104069356426
999900,328.47572851100574
